session_id_raw,time_start,time_end,n_samples,soc_start,soc_end,delta_soc,charge_throughput_ah,capacity_ah_raw,duration_min,bms_available_capacity_at_max_soc,bms_available_energy_at_max_soc,bms_full_capacity_proxy_diag,mean_current,max_current,mean_temperature,max_temperature,capacity_ah_clean,capacity_ah_smooth,capacity_outlier_flag,bms_jump_flag_diag,soh_raw_percent,soh_clean_percent,soh_smooth_percent
0,2019-07-25T18:35:34,2019-07-25T19:38:27,473,42.4,83.2,40.800000000000004,54.401295797222225,133.3365093069172,62.88333511352539,113.1,37.62,135.93749999999997,-51.90696744186046,-51.89999,38.92811839323467,41.0,133.3365093069172,133.3365093069172,0,0,99.9423833690202,99.9423833690202,99.9423833690202
1,2019-07-26T17:03:02,2019-07-26T20:25:52,1522,14.8,72.4,57.60000000000001,76.0625,132.05295138888889,202.8333282470703,98.31,32.7,135.78729281767954,-22.5,-22.5,39.5338370565046,41.0,132.05295138888889,132.69473034790303,0,0,98.98029250443453,98.98029250443453,99.46133793672738
2,2019-07-27T01:47:40,2019-07-27T02:47:38,451,22.8,57.2,34.400000000000006,45.02616111527777,130.89000324208652,59.96666717529297,77.65,25.83,135.75174825174824,-45.01907707317073,-16.10001,38.286031042128606,41.0,130.89000324208652,132.05295138888889,0,0,98.10860469642031,98.10860469642031,98.98029250443453
3,2019-07-27T08:55:40,2019-07-27T10:32:56,730,28.4,99.6,71.19999999999999,96.56842695,135.6298131320225,97.26667022705078,135.34,45.02,135.8835341365462,-59.553431,-15.0,38.68219178082192,41.0,135.6298131320225,132.69473034790303,0,0,101.66132929959603,101.66132929959603,99.46133793672738
23,2019-07-28T01:13:46,2019-07-28T02:25:09,536,30.4,91.6,61.199999999999996,81.1522632375,132.60173731617647,71.38333129882812,124.49,41.41,135.9061135371179,-68.19757408582089,-47.70001,41.50373134328358,44.0,132.60173731617647,132.60173731617647,0,0,99.39163500783134,99.39163500783134,99.39163500783134
24,2019-07-28T06:25:08,2019-07-28T07:50:39,642,41.2,99.6,58.39999999999999,79.11275391388888,135.4670443730974,85.51667022705078,135.34,45.02,135.8835341365462,-55.489410841121504,-13.70001,41.58411214953271,44.0,135.4670443730974,132.96912331154684,0,0,101.53932597290367,101.53932597290367,99.66700918842577
25,2019-07-29T05:36:02,2019-07-29T07:25:16,820,17.2,99.6,82.39999999999999,110.47998131666665,134.0776472289644,109.23332977294922,135.34,45.02,135.8835341365462,-60.66988304878048,-14.5,38.452439024390245,42.0,134.0776472289644,133.3365093069172,0,0,100.49790331415439,100.49790331415439,99.9423833690202
26,2019-07-30T03:31:03,2019-07-30T06:05:24,1158,14.4,98.4,84.0,111.86516321111114,133.17281334656087,154.35000610351562,133.7,44.47,135.87398373983737,-43.47436178756478,-14.5,37.07426597582038,40.0,133.17281334656087,133.25466132673904,0,0,99.81968505847546,99.81968505847546,99.88103421374782
28,2019-07-30T15:00:29,2019-07-30T15:56:08,418,50.8,97.2,46.400000000000006,62.04217266111111,133.7115790110153,55.650001525878906,132.17,43.96,135.97736625514403,-66.83995861244018,-15.20001,38.87918660287081,40.0,133.7115790110153,133.3365093069172,0,0,100.22351687365389,100.22351687365389,99.9423833690202
29,2019-07-30T23:59:09,2019-07-31T01:26:41,657,30.8,99.2,68.4,91.1515538527778,133.26250563271606,87.53333282470703,134.81,44.85,135.89717741935485,-62.460272800608834,-14.80002,39.483257229832574,42.0,133.26250563271606,133.29950746981663,0,0,99.8869139134587,99.8869139134587,99.91464864123945
30,2019-07-31T14:44:34,2019-07-31T15:30:20,344,44.0,84.0,40.0,53.37677601111111,133.44194002777778,45.766666412353516,114.1,37.95,135.83333333333334,-69.97703258720931,-69.89999,35.276162790697676,37.0,133.44194002777778,133.3365093069172,0,0,100.02140896806948,100.02140896806948,99.9423833690202
41,2019-07-31T23:59:53,2019-08-01T00:58:42,444,40.0,73.6,33.599999999999994,44.209648602777776,131.57633512731482,58.81666564941406,100.04,33.27,135.92391304347828,-45.099109009009005,-45.0,33.390765765765764,35.0,131.57633512731482,133.29950746981663,0,0,98.62304477549858,98.62304477549858,99.91464864123945
42,2019-08-01T09:54:00,2019-08-01T11:51:03,879,46.0,99.6,53.599999999999994,71.97560284166666,134.28284112251245,117.05000305175781,135.34,45.02,135.8835341365462,-36.86644913538111,-14.70001,30.47269624573379,32.0,134.28284112251245,133.3365093069172,0,0,100.65170640140002,100.65170640140002,99.9423833690202
43,2019-08-01T22:09:27,2019-08-01T23:33:54,634,32.8,98.4,65.60000000000001,86.27081341666667,131.5103863058943,84.44999694824219,133.75,44.49,135.92479674796746,-61.263412523659305,-15.0,31.5307570977918,34.0,131.5103863058943,133.29950746981663,0,0,98.573612835009,98.573612835009,99.91464864123945
44,2019-08-02T21:51:20,2019-08-02T23:37:59,801,18.0,99.6,81.6,108.70123768194445,133.21230108081429,106.6500015258789,135.32,45.02,135.86345381526104,-61.09251026217229,-14.60001,35.322721598002495,38.0,133.21230108081429,133.26250563271606,0,0,99.84928309051966,99.84928309051966,99.8869139134587
45,2019-08-04T13:33:59,2019-08-04T15:39:00,938,26.0,97.2,71.2,93.74346578055558,131.66217104010613,125.01667022705078,132.07,43.93,135.8744855967078,-44.97474372068231,-14.60001,35.13805970149254,37.0,131.66217104010613,133.23740335676518,0,0,98.68738308574542,98.68738308574542,99.86809850198918
47,2019-08-05T00:30:36,2019-08-05T01:51:06,605,20.8,66.8,46.0,60.59201340555556,131.72176827294686,80.5,90.73,30.18,135.8233532934132,-45.123646347107446,0.0,37.86280991735537,40.0,131.72176827294686,133.21230108081429,0,0,98.73205419288075,98.73205419288075,99.84928309051966
48,2019-08-05T09:33:09,2019-08-05T12:42:00,1417,12.0,80.4,68.4,90.76863076944444,132.70267656351527,188.85000610351562,109.23,36.34,135.8582089552239,-28.83811492589979,-26.5,36.66549047282992,39.0,132.70267656351527,133.19255721368756,0,0,99.46729402280745,99.46729402280745,99.83448407449757
49,2019-08-05T18:41:43,2019-08-05T20:18:59,730,27.2,99.6,72.39999999999999,97.18003912777779,134.22657338090858,97.26667022705078,135.34,45.02,135.8835341365462,-59.93069193150686,-15.0,43.093835616438355,45.0,134.22657338090858,133.21230108081429,0,0,100.60953091449163,100.60953091449163,99.84928309051966
50,2019-08-06T07:03:55,2019-08-06T10:09:57,1394,10.8,100.0,89.2,119.17192489194444,133.60081265913053,186.03334045410156,136.16,45.29,136.16,-38.425392721664274,-3.899994,37.083572453371595,40.0,133.60081265913053,133.23740335676518,0,0,100.14049195225768,100.14049195225768,99.86809850198918
51,2019-08-06T17:07:33,2019-08-06T18:42:55,715,56.8,99.6,42.8,57.86415481944446,135.19662340991695,95.36666870117188,135.34,45.02,135.8835341365462,-36.390359664335676,-14.5,37.73776223776224,39.0,135.19662340991695,133.26250563271606,0,0,101.33663193423652,101.33663193423652,99.8869139134587
52,2019-08-07T07:40:35,2019-08-07T10:03:53,1075,54.4,99.6,45.199999999999996,60.402000199999996,133.63274380530973,143.3000030517578,135.34,45.02,135.8835341365462,-25.275721013953486,-5.5,32.67953488372093,34.0,133.63274380530973,133.29950746981663,0,0,100.16442594355112,100.16442594355112,99.91464864123945
53,2019-08-07T21:44:43,2019-08-07T23:35:04,828,16.4,99.2,82.80000000000001,110.79191656527779,133.80666251845142,110.3499984741211,134.88,44.87,135.96774193548387,-60.21945194444445,-14.20001,41.48913043478261,44.0,133.80666251845142,133.3365093069172,0,0,100.29478671866221,100.29478671866221,99.9423833690202
54,2019-08-08T04:16:29,2019-08-08T05:44:43,663,56.8,99.6,42.8,57.99798692777778,135.50931525181724,88.23332977294922,135.34,45.02,135.8835341365462,-39.398501704374056,-14.60001,37.5,39.0,135.50931525181724,133.3892246673475,0,0,101.57101011094151,101.57101011094151,99.98189616854484
55,2019-08-08T16:30:23,2019-08-08T18:11:09,759,26.8,99.6,72.8,98.23204043472221,134.93412147626677,100.76667022705078,135.34,45.02,135.8835341365462,-58.516336534914366,-15.30002,42.82411067193676,45.0,134.93412147626677,133.44194002777778,0,0,101.13987360432115,101.13987360432115,100.02140896806948
56,2019-08-09T04:03:27,2019-08-09T05:33:39,677,35.6,99.6,63.99999999999999,86.0123557736111,134.39430589626738,90.19999694824219,135.34,45.02,135.8835341365462,-57.19380186115213,-14.20001,38.813884785819795,41.0,134.39430589626738,133.52137634345416,0,0,100.7352548249238,100.7352548249238,100.08095046016358
57,2019-08-09T18:44:13,2019-08-09T20:21:26,734,29.6,99.6,70.0,94.30338537638889,134.71912196626985,97.21666717529297,135.34,45.02,135.8835341365462,-58.08951588555859,-14.89999,44.28065395095368,46.0,134.71912196626985,133.60081265913053,0,0,100.97872071705902,100.97872071705902,100.14049195225768
58,2019-08-10T03:45:05,2019-08-10T05:12:36,657,40.4,99.6,59.199999999999996,80.25109767222224,135.55928660848352,87.51667022705078,135.34,45.02,135.8835341365462,-55.00153188736682,-14.39999,42.16742770167428,44.0,135.55928660848352,133.61677823222013,0,0,101.60846614238686,101.60846614238686,100.15245894790439
59,2019-08-10T17:17:46,2019-08-10T19:09:11,836,17.6,99.6,82.0,110.68684048472224,134.98395181063688,111.41666412353516,135.34,45.02,135.8835341365462,-59.59115965311005,-14.60001,46.05681818181818,48.0,134.98395181063688,133.63274380530973,0,0,101.17722393250142,101.17722393250142,100.16442594355112
60,2019-08-11T04:27:39,2019-08-11T05:51:02,626,42.8,99.6,56.8,76.62103273611112,134.89618439456183,83.38333129882812,135.34,45.02,135.8835341365462,-55.11597798722045,-14.80002,41.15814696485623,44.0,134.89618439456183,133.6721614081625,0,0,101.11143786392742,101.11143786392742,100.19397140860251
71,2019-08-11T23:59:55,2019-08-12T04:12:04,1892,19.2,99.6,80.39999999999999,108.03695869166665,134.3743267309287,252.14999389648438,135.34,45.02,135.8835341365462,-25.704925433403808,-14.60001,38.40274841437632,40.0,134.3743267309287,133.7115790110153,0,0,100.72027944112192,100.72027944112192,100.22351687365389
72,2019-08-12T16:35:36,2019-08-12T18:22:36,803,22.0,99.6,77.6,104.46591249583334,134.6210212575172,107.0,135.34,45.02,135.8835341365462,-58.56526073474471,-14.20001,43.69053549190536,46.0,134.6210212575172,133.75912076473335,0,0,100.90518932874015,100.90518932874015,100.25915179615805
73,2019-08-13T02:13:34,2019-08-13T04:14:20,906,41.2,99.2,58.0,77.35159280555558,133.36481518199238,120.76667022705078,134.84,44.85,135.92741935483872,-38.420106799117,-14.39999,36.58498896247241,39.0,133.36481518199238,133.7115790110153,0,0,99.96360003828104,99.96360003828104,100.22351687365389
74,2019-08-13T12:33:27,2019-08-13T14:07:55,709,32.4,99.6,67.19999999999999,90.22469911388889,134.2629451099537,94.46666717529297,135.34,45.02,135.8835341365462,-57.28561651622003,-15.0,39.81029619181946,42.0,134.2629451099537,133.75912076473335,0,0,100.63679334476612,100.63679334476612,100.25915179615805
75,2019-08-13T22:44:27,2019-08-13T23:54:05,523,32.4,91.6,59.199999999999996,78.83224132222223,133.16256980105106,69.63333129882812,124.49,41.41,135.9061135371179,-67.90766462715105,-47.60001,39.93116634799235,42.0,133.16256980105106,133.7115790110153,0,0,99.81200700872209,99.81200700872209,100.22351687365389
83,2019-08-14T08:17:11,2019-08-14T10:11:57,862,38.0,99.2,61.2,81.26981810833334,132.79382043845317,114.76667022705078,134.81,44.85,135.89717741935485,-42.44733834106728,-14.5,36.932714617169374,39.0,132.79382043845317,133.6721614081625,0,0,99.53561091619345,99.53561091619345,100.19397140860251
84,2019-08-15T03:28:18,2019-08-15T06:03:24,1164,14.8,99.2,84.4,111.63935708194447,132.27411976533705,155.10000610351562,134.83,44.85,135.91733870967744,-43.17561593642613,-14.70001,35.85395189003437,39.0,132.27411976533705,133.63274380530973,0,0,99.14606926567558,99.14606926567558,100.16442594355112
85,2019-08-15T17:47:51,2019-08-15T19:38:19,829,16.4,79.2,62.800000000000004,83.21857400000002,132.51365286624207,110.46666717529297,107.64,35.8,135.9090909090909,-45.20025127864898,-45.20001,38.40289505428227,41.0,132.51365286624207,133.61677823222013,0,0,99.32561130652138,99.32561130652138,100.15245894790439
86,2019-08-16T04:18:54,2019-08-16T06:04:26,792,21.6,99.6,78.0,104.31839879583335,133.74153691773506,105.53333282470703,135.34,45.02,135.8835341365462,-59.285106654040405,-14.0,36.448232323232325,39.0,133.74153691773506,133.63274380530973,0,0,100.24597182326885,100.24597182326885,100.16442594355112
87,2019-08-16T15:43:38,2019-08-16T17:10:13,650,36.0,99.6,63.599999999999994,84.83274245,133.384815172956,86.58333587646484,135.34,45.02,135.8835341365462,-58.76677363076924,-13.89999,42.167692307692306,44.0,133.384815172956,133.61677823222013,0,0,99.9785910319305,99.9785910319305,100.15245894790439
88,2019-08-17T03:13:42,2019-08-17T04:32:09,589,30.0,95.6,65.6,86.90484337500001,132.47689538871956,78.44999694824219,129.99,43.24,135.97280334728035,-66.4512810016978,-47.89999,35.68166383701188,38.0,132.47689538871956,133.60081265913053,0,0,99.29805973846751,99.29805973846751,100.14049195225768
89,2019-08-17T10:31:28,2019-08-17T11:56:27,638,59.6,98.8,39.199999999999996,52.673887861111126,134.3721629109978,84.98332977294922,134.28,44.67,135.91093117408906,-37.171648949843274,-14.60001,35.0039184952978,36.0,134.3721629109978,133.61677823222013,0,0,100.718657549847,100.718657549847,100.15245894790439
90,2019-08-17T23:14:27,2019-08-18T01:26:00,987,21.2,96.4,75.2,98.61283347777778,131.13408707151302,131.5500030517578,131.0,43.58,135.8921161825726,-44.95410341438703,0.0,34.2016210739615,36.0,131.13408707151302,133.60081265913053,0,0,98.29155773592558,98.29155773592558,100.14049195225768
91,2019-08-18T19:19:22,2019-08-18T21:18:55,897,6.8,99.6,92.8,123.494999075,133.07650762392242,119.55000305175781,135.34,45.02,135.8835341365462,-61.95986576365664,-14.5,38.53344481605351,42.0,133.07650762392242,133.52137634345416,0,0,99.74749910203643,99.74749910203643,100.08095046016358
92,2019-08-19T06:57:09,2019-08-19T09:31:47,1160,24.0,98.8,74.8,98.86187132444445,132.1682771717172,154.63333129882812,134.23,44.65,135.86032388663966,-38.334044920689664,-4.899994,35.11810344827586,37.0,132.1682771717172,133.44194002777778,0,0,99.06673494739087,99.06673494739087,100.02140896806948
93,2019-08-19T22:32:22,2019-08-19T23:46:16,555,36.8,72.8,36.0,47.78467700972224,132.73521391589512,73.9000015258789,98.89,32.89,135.8379120879121,-38.796776432432445,-38.70001,34.72432432432432,36.0,132.73521391589512,133.41337760036689,0,0,99.49168239597144,99.49168239597144,100.0
94,2019-08-20T13:28:32,2019-08-20T15:19:57,836,16.4,99.6,83.19999999999999,110.29134022777777,132.5617070045406,111.41666412353516,135.34,45.02,135.8835341365462,-59.37727642344497,-14.89999,40.694377990430624,44.0,132.5617070045406,133.384815172956,0,0,99.36163028689865,99.36163028689865,99.9785910319305
95,2019-08-21T02:07:55,2019-08-21T03:55:43,809,18.4,99.6,81.19999999999999,108.98049293194445,134.21242971914344,107.80000305175781,135.34,45.02,135.8835341365462,-60.637704672435106,-14.5,40.715080346106305,44.0,134.21242971914344,133.41337760036689,0,0,100.59892953251665,100.59892953251665,100.0
96,2019-08-21T22:16:34,2019-08-21T23:23:01,499,26.4,88.0,61.6,81.97159260694445,133.0707672190657,66.44999694824219,119.54,39.76,135.8409090909091,-73.94089014028057,0.0,38.892785571142284,42.0,133.0707672190657,133.384815172956,0,0,99.74319638145474,99.74319638145474,99.9785910319305
97,2019-08-22T04:20:36,2019-08-22T05:50:00,671,56.8,100.0,43.2,57.9233382013889,134.08180139210393,89.4000015258789,136.16,45.29,136.16,-38.83011690014904,0.0,36.14903129657228,38.0,134.08180139210393,133.41337760036689,0,0,100.50101706722342,100.50101706722342,100.0
98,2019-08-22T21:03:15,2019-08-23T00:03:14,1350,12.8,99.6,86.8,115.32066525277779,132.85790927739376,179.98333740234375,135.34,45.02,135.8835341365462,-38.42141618518518,-5.0,39.81111111111111,42.0,132.85790927739376,133.41337760036689,0,0,99.58364870677586,99.58364870677586,100.0
99,2019-08-23T08:21:16,2019-08-23T10:21:53,905,30.0,100.0,70.0,91.68863885277779,130.98376978968255,120.61666870117188,136.16,45.29,136.16,-45.58872927071823,0.0,36.78011049723757,39.0,130.98376978968255,133.41337760036689,0,0,98.17888741415265,98.17888741415265,100.0
100,2019-08-23T23:10:27,2019-08-24T01:06:32,871,34.4,99.6,65.19999999999999,86.98637890277779,133.4146915686776,116.08333587646484,135.34,45.02,135.8835341365462,-44.942833524684275,-14.89999,36.269804822043625,38.0,133.4146915686776,133.4283157982277,0,0,100.00098488497507,100.00098488497507,100.01119692652227
101,2019-08-25T00:00:42,2019-08-25T01:39:35,742,21.2,98.8,77.6,101.74777030000001,131.11826069587633,98.88333129882812,134.29,44.67,135.92105263157893,-61.71401164420485,-13.89999,40.671159029649594,43.0,131.11826069587633,133.3997533708168,0,0,98.2796950757326,98.2796950757326,99.98978795845278
102,2019-08-25T20:54:41,2019-08-25T22:21:40,653,40.8,99.6,58.8,79.0290822625,134.40320112670068,86.98332977294922,135.34,45.02,135.8835341365462,-54.435996584992346,0.0,33.68376722817764,36.0,134.40320112670068,133.4283157982277,0,0,100.74192224508307,100.74192224508307,100.01119692652227
103,2019-08-26T03:34:34,2019-08-26T05:01:43,654,61.2,99.6,38.39999999999999,51.83436962083334,134.98533755425353,87.1500015258789,135.34,45.02,135.8835341365462,-35.67417443425078,-14.39999,31.62308868501529,33.0,134.98533755425353,133.4283157982277,0,0,101.17826261665857,101.17826261665857,100.01119692652227
104,2019-08-26T17:58:24,2019-08-26T20:19:50,1061,32.0,99.6,67.6,88.22781527666666,130.51451964003945,141.43333435058594,135.34,45.02,135.8835341365462,-37.40065211687087,-4.800018,33.219604147031106,35.0,130.51451964003945,133.3997533708168,0,0,97.82716095457022,97.82716095457022,99.98978795845278
105,2019-08-27T05:12:44,2019-08-27T06:31:12,589,49.2,99.6,50.39999999999999,67.8090566236111,134.5417790151014,78.46666717529297,135.34,45.02,135.8835341365462,-51.835155738539896,-14.20001,33.04753820033956,34.0,134.5417790151014,133.4283157982277,0,0,100.84579330426264,100.84579330426264,100.01119692652227
106,2019-08-28T01:59:51,2019-08-28T03:55:00,864,17.2,100.0,82.8,110.28542174722223,133.19495380099303,115.1500015258789,136.16,45.29,136.16,-57.441437824074065,0.0,37.96296296296296,41.0,133.19495380099303,133.3997533708168,0,0,99.83628043656302,99.83628043656302,99.98978795845278
107,2019-08-28T17:45:32,2019-08-28T18:45:54,454,37.6,68.4,30.800000000000004,40.546297900000006,131.64382435064934,60.36666488647461,92.87,30.89,135.7748538011696,-40.30002,-40.30002,41.00110132158591,42.0,131.64382435064934,133.3997533708168,0,0,98.67363132427532,98.67363132427532,99.98978795845278
108,2019-08-29T00:04:08,2019-08-29T03:58:58,1761,27.6,94.0,66.4,87.66240538333334,132.02169485441766,234.8333282470703,127.75,42.49,135.90425531914894,-22.395390363429865,-14.0,38.54173764906303,40.0,132.02169485441766,133.3748151774742,0,0,98.95686416836104,98.95686416836104,99.97109553510577
109,2019-08-29T13:54:36,2019-08-29T15:17:19,621,42.8,99.6,56.8,76.75532341805555,135.13261165150627,82.71666717529297,135.34,45.02,135.8835341365462,-55.663287922705315,-14.20001,40.690821256038646,42.0,135.13261165150627,133.3997533708168,0,0,101.28865191936694,101.28865191936694,99.98978795845278
110,2019-08-30T02:46:02,2019-08-30T04:14:45,666,36.8,99.6,62.8,84.6501613486111,134.79325055511322,88.71666717529297,135.34,45.02,135.8835341365462,-57.22598178678679,-14.5,37.93018018018018,40.0,134.79325055511322,133.3997533708168,0,0,101.03428380239325,101.03428380239325,99.98978795845278
111,2019-08-30T14:48:55,2019-08-30T16:05:46,577,46.4,99.6,53.199999999999996,71.35775578055555,134.13111988826233,76.8499984741211,135.34,45.02,135.8835341365462,-55.693418717504336,-15.0,37.14124783362218,39.0,134.13111988826233,133.50775211390408,0,0,100.53798374706126,100.53798374706126,100.07073841861637
114,2019-09-01T05:14:29,2019-09-01T07:13:06,890,7.6,99.6,92.0,121.95828898333333,132.5633575905797,118.61666870117188,135.34,45.02,135.8835341365462,-61.674050617977535,-14.60001,36.38202247191011,40.0,132.5633575905797,133.50775211390408,0,0,99.36286748369913,99.36286748369913,100.07073841861637
115,2019-09-01T14:13:18,2019-09-01T14:37:43,184,79.6,91.6,12.0,16.398521893055563,136.65434910879637,24.41666603088379,124.49,41.41,135.9061135371179,-40.29675880434784,-40.20001,37.5,38.0,136.65434910879637,133.61677823222013,0,0,102.42927026264013,102.42927026264013,100.15245894790439
116,2019-09-02T00:55:24,2019-09-02T03:33:37,1187,18.8,98.0,79.2,103.73793602805556,130.9822424596661,158.21665954589844,133.17,44.3,135.8877551020408,-39.31473460657119,-4.700012,32.38542544229149,35.0,130.9822424596661,133.61677823222013,0,0,98.17774260390655,98.17774260390655,100.15245894790439
117,2019-09-02T07:27:30,2019-09-02T08:15:40,362,75.2,99.6,24.39999999999999,33.38049154861111,136.80529323201281,48.16666793823242,135.34,45.02,135.8835341365462,-41.59006201657459,-14.10001,32.925414364640886,34.0,136.80529323201281,133.68714036152238,0,0,102.54241043338716,102.54241043338716,100.20519888340999
118,2019-09-03T01:57:51,2019-09-03T03:30:59,699,37.2,99.6,62.39999999999999,83.57410120138888,133.9328544894053,93.13333129882812,135.34,45.02,135.8835341365462,-53.822615236051504,-13.70001,32.821173104434905,35.0,133.9328544894053,133.68714036152238,0,0,100.3893739131577,100.3893739131577,100.20519888340999
119,2019-09-03T16:59:07,2019-09-03T18:20:30,611,48.0,99.6,51.599999999999994,69.7435501875,135.1619189680233,81.38333129882812,135.34,45.02,135.8835341365462,-51.40278859247137,-13.60001,35.852700490998366,37.0,135.1619189680233,133.77409971809323,0,0,101.31061921908167,101.31061921908167,100.27037927096552
120,2019-09-04T15:37:42,2019-09-04T17:23:12,792,21.2,99.6,78.39999999999999,104.47928386805556,133.26439268884639,105.5,135.34,45.02,135.8835341365462,-59.38119823232324,-15.60001,37.48674242424242,40.0,133.26439268884639,133.68714036152238,0,0,99.88832835642107,99.88832835642107,100.20519888340999
121,2019-09-05T05:07:24,2019-09-05T06:45:36,737,52.0,100.0,48.0,64.47070721666667,134.31397336805557,98.19999694824219,136.16,45.29,136.16,-39.370021370420616,0.0,33.00542740841248,34.0,134.31397336805557,133.77409971809323,0,0,100.67504157670484,100.67504157670484,100.27037927096552
122,2019-09-06T12:53:25,2019-09-06T14:55:38,917,4.8,100.0,95.2,126.13297767083331,132.4926236038165,122.21666717529297,136.16,45.29,136.16,-61.89531346782988,0.0,40.18538713195202,44.0,132.4926236038165,133.57811424320633,0,0,99.30984882242583,99.30984882242583,100.12347835412196
123,2019-09-07T04:12:42,2019-09-07T06:01:35,817,20.0,99.6,79.6,105.36341840138891,132.36610351933282,108.88333129882812,135.34,45.02,135.8835341365462,-58.04407223990209,-14.80002,38.29498164014688,41.0,132.36610351933282,133.3997533708168,0,0,99.21501569042715,99.21501569042715,99.98978795845278
124,2019-09-07T23:53:10,2019-09-08T01:36:34,776,25.6,99.6,74.0,99.28451535555557,134.168263993994,103.4000015258789,135.34,45.02,135.8835341365462,-57.587380038659795,-14.5,40.05283505154639,42.0,134.168263993994,133.3997533708168,0,0,100.56582511229746,100.56582511229746,99.98978795845278
125,2019-09-08T15:24:55,2019-09-08T18:03:01,1186,36.0,88.0,52.0,68.77363746111111,132.25699511752134,158.10000610351562,119.58,39.78,135.88636363636363,-26.100094317032042,-26.10001,41.26306913996628,43.0,132.25699511752134,133.3748151774742,0,0,99.13323348554339,99.13323348554339,99.97109553510577
126,2019-09-09T14:22:03,2019-09-09T16:37:38,1018,30.0,99.6,69.6,93.45545319722225,134.2750764327906,135.5833282470703,135.34,45.02,135.8835341365462,-41.333507062868385,-14.60001,38.66994106090373,41.0,134.2750764327906,133.3748151774742,0,0,100.6458863780549,100.6458863780549,99.97109553510577
127,2019-09-10T05:28:31,2019-09-10T07:19:31,833,20.0,99.6,79.6,106.08576268472223,133.2735712119626,111.0,135.34,45.02,135.8835341365462,-57.32592973589436,-14.10001,37.873349339735896,41.0,133.2735712119626,133.3191931969775,0,0,99.89520811861681,99.89520811861681,99.92940407844893
128,2019-09-10T23:41:17,2019-09-11T01:12:49,687,37.6,99.6,61.99999999999999,83.55304287777778,134.7629723835126,91.53333282470703,135.34,45.02,135.8835341365462,-54.74920931586608,-14.0,38.580786026200876,41.0,134.7629723835126,133.3191931969775,0,0,101.01158879823006,101.01158879823006,99.92940407844893
129,2019-09-11T18:40:05,2019-09-11T20:36:50,876,14.0,99.6,85.6,114.04074918472223,133.22517428121756,116.75,135.32,45.02,135.86345381526104,-58.588477054794524,-14.30002,40.73002283105023,43.0,133.22517428121756,133.2689819504045,0,0,99.85893219815402,99.85893219815402,99.89176823751893
130,2019-09-12T03:16:06,2019-09-12T04:39:22,625,43.6,99.6,55.99999999999999,75.2410738597222,134.35906046378966,83.26667022705078,135.34,45.02,135.8835341365462,-54.200963184,-14.80002,37.9192,40.0,134.35906046378966,133.2689819504045,0,0,100.70883661026522,100.70883661026522,99.89176823751893
131,2019-09-12T20:14:54,2019-09-12T22:47:08,1142,20.0,99.6,79.6,106.15991427222225,133.36672647264103,152.23333740234375,135.34,45.02,135.8835341365462,-41.828381287215414,-14.60001,40.66243432574431,43.0,133.36672647264103,133.2689819504045,0,0,99.96503264622714,99.96503264622714,99.89176823751893
132,2019-09-13T05:19:20,2019-09-13T06:46:04,651,38.8,99.6,60.8,81.9713819625,134.82135191200658,86.73332977294922,135.34,45.02,135.8835341365462,-56.689559354838714,-14.20001,41.05913978494624,44.0,134.82135191200658,133.2689819504045,0,0,101.05534717504658,101.05534717504658,99.89176823751893
133,2019-09-13T18:25:13,2019-09-13T20:25:50,905,38.4,99.6,61.199999999999996,82.17861384722224,134.27878079611477,120.61666870117188,135.34,45.02,135.8835341365462,-40.868399160221,-14.60001,40.8585635359116,42.0,134.27878079611477,133.2689819504045,0,0,100.64866298366282,100.64866298366282,99.89176823751893
134,2019-09-14T05:58:26,2019-09-14T07:24:30,646,40.4,100.0,59.6,79.38829786250001,133.2018420511745,86.06666564941406,136.16,45.29,136.16,-55.312078622291025,0.0,36.7546439628483,39.0,133.2018420511745,133.2689819504045,0,0,99.84144352463213,99.84144352463213,99.89176823751893
135,2019-09-14T17:22:56,2019-09-14T18:50:04,654,32.4,82.4,50.00000000000001,65.66012760000001,131.3202552,87.13333129882812,111.97,37.25,135.8859223300971,-45.21361992354741,-45.20001,36.02064220183486,38.0,131.3202552,133.2689819504045,0,0,98.43110006056759,98.43110006056759,99.89176823751893
136,2019-09-15T00:08:47,2019-09-15T01:48:59,752,47.2,99.2,52.0,69.2524168111111,133.17772463675212,100.19999694824219,134.83,44.85,135.91733870967744,-41.43909583776596,-14.5,35.567154255319146,37.0,133.17772463675212,133.2689819504045,0,0,99.8233663161421,99.8233663161421,99.89176823751893
137,2019-09-15T07:10:08,2019-09-15T08:39:40,672,56.4,99.6,43.199999999999996,58.21286137638889,134.75199392682615,89.53333282470703,135.34,45.02,135.8835341365462,-38.98125947916666,-14.5,33.79389880952381,36.0,134.75199392682615,133.32014884230182,0,0,101.00335989578872,101.00335989578872,99.93012038242198
138,2019-09-15T14:16:43,2019-09-15T15:32:06,566,64.0,98.8,34.8,46.63969950416667,134.0221250119732,75.38333129882812,134.29,44.67,135.92105263157893,-37.07137110600707,-4.700012,36.563604240282686,38.0,134.0221250119732,133.32014884230182,0,0,100.45628663523519,100.45628663523519,99.93012038242198
140,2019-09-16T04:38:54,2019-09-16T07:07:56,1118,26.4,98.8,72.4,94.84316365394444,130.9988448258901,149.03334045410156,134.26,44.66,135.8906882591093,-38.15455493765653,-0.3000183,35.42710196779964,37.0,130.9988448258901,133.2689819504045,0,0,98.19018690786062,98.19018690786062,99.89176823751893
141,2019-09-16T20:29:09,2019-09-16T22:16:57,809,30.8,85.6,54.8,71.53710987333332,130.54217130170315,107.80000305175781,116.32,38.69,135.88785046728972,-39.79493133745365,-4.800018,36.409147095179236,38.0,130.54217130170315,133.2689819504045,0,0,97.84788725815466,97.84788725815466,99.89176823751893
142,2019-09-17T04:16:51,2019-09-17T05:39:32,621,33.6,81.2,47.6,62.213347136111125,130.70030910947713,82.68333435058594,110.34,36.7,135.88669950738915,-45.09260260869566,0.0,34.98067632850242,37.0,130.70030910947713,133.24478348503197,0,0,97.96641945531384,97.96641945531384,99.87363027728755
146,2019-09-17T13:34:55,2019-09-17T16:12:45,1184,13.2,98.8,85.6,112.09155576666669,130.9480791666667,157.8333282470703,134.33,44.68,135.96153846153848,-42.5939242652027,0.0,36.789695945945944,39.0,130.9480791666667,133.24478348503197,0,0,98.1521355069168,98.1521355069168,99.87363027728755
147,2019-09-18T00:06:40,2019-09-18T02:45:58,1196,7.2,99.6,92.39999999999999,122.75764518055557,132.85459435125063,159.3000030517578,135.34,45.02,135.8835341365462,-46.22433349498328,-14.80002,37.694397993311036,40.0,132.85459435125063,133.24478348503197,0,0,99.58116400381522,99.58116400381522,99.87363027728755
148,2019-09-18T17:21:45,2019-09-18T18:53:40,690,35.2,100.0,64.8,84.9412899388889,131.08223756001374,91.91666412353516,136.16,45.29,136.16,-55.41334127536233,0.0,38.321014492753626,40.0,131.08223756001374,133.24478348503197,0,0,98.25269393348547,98.25269393348547,99.87363027728755
149,2019-09-19T16:37:49,2019-09-19T18:34:41,877,13.2,100.0,86.8,114.84189649722224,132.30633237007171,116.86666870117188,136.16,45.29,136.16,-58.934667537058154,0.0,38.90649942987457,41.0,132.30633237007171,133.24478348503197,0,0,99.17021422423524,99.17021422423524,99.87363027728755
150,2019-09-20T05:54:34,2019-09-20T07:07:09,545,52.0,99.6,47.599999999999994,63.925309444444444,134.29686858076565,72.58333587646484,135.34,45.02,135.8835341365462,-52.83249176146789,-14.60001,34.57889908256881,36.0,134.29686858076565,133.2689819504045,0,0,100.66222068303017,100.66222068303017,99.89176823751893
151,2019-09-21T09:22:19,2019-09-21T12:05:38,1225,19.2,98.8,79.6,103.83631442277779,130.44763118439423,163.31666564941406,134.36,44.69,135.9919028340081,-38.12587060897959,-4.800018,31.57265306122449,34.0,130.44763118439423,133.24478348503197,0,0,97.77702471122768,97.77702471122768,99.87363027728755
154,2019-09-22T01:02:34,2019-09-22T02:38:54,725,33.2,82.0,48.8,63.74496291944445,130.624924015255,96.33333587646484,111.37,37.05,135.81707317073173,-39.65185627862069,0.0,34.54965517241379,36.0,130.624924015255,133.24478348503197,0,0,97.9099145563464,97.9099145563464,99.87363027728755
155,2019-09-22T14:31:57,2019-09-22T16:50:26,1039,12.0,81.2,69.2,90.70674057222226,131.07910487315354,138.48333740234375,110.29,36.69,135.82512315270935,-39.30011621751686,-39.30002,35.987969201154954,38.0,131.07910487315354,133.21350816619605,0,0,98.2503458279832,98.2503458279832,99.85018786139307
156,2019-09-23T06:57:03,2019-09-23T09:20:45,1078,12.8,85.6,72.8,95.39852597722222,131.04193128739317,143.6999969482422,116.32,38.69,135.88785046728972,-39.7975873729128,0.0,31.72773654916512,34.0,131.04193128739317,133.21350816619605,0,0,98.22248236599086,98.22248236599086,99.85018786139307
157,2019-09-23T09:51:42,2019-09-23T10:23:19,238,85.6,98.8,13.200000000000003,17.656445853333338,133.76095343434343,31.616666793823242,134.26,44.66,135.8906882591093,-33.39412035294118,-0.5,33.0,34.0,133.76095343434343,133.24478348503197,0,0,100.26052547370301,100.26052547370301,99.87363027728755
158,2019-09-23T22:18:04,2019-09-23T23:59:36,762,24.0,99.6,75.6,100.66379318888889,133.1531655937684,101.53333282470703,135.34,45.02,135.8835341365462,-59.46654454068242,-14.70001,38.64107611548557,41.0,133.1531655937684,133.21350816619605,0,0,99.8049580849546,99.8049580849546,99.85018786139307
159,2019-09-24T14:23:51,2019-09-24T15:56:18,694,35.6,99.6,63.99999999999999,85.79872807222223,134.06051261284725,92.44999694824219,135.34,45.02,135.8835341365462,-55.66643033141211,-14.70001,37.92507204610951,39.0,134.06051261284725,133.24478348503197,0,0,100.48506006228162,100.48506006228162,99.87363027728755
160,2019-09-25T05:28:39,2019-09-25T08:14:05,1241,22.0,99.6,77.6,102.79228855972222,132.46428938108536,165.43333435058594,135.34,45.02,135.8835341365462,-37.25978935697018,-4.899994,33.08783239323127,35.0,132.46428938108536,133.21350816619605,0,0,99.28861090517888,99.28861090517888,99.85018786139307
161,2019-09-25T19:50:39,2019-09-25T21:58:25,961,34.4,98.0,63.6,83.63617631583332,131.50342188024106,127.76667022705078,133.18,44.3,135.8979591836735,-39.239123927159206,0.0,36.22060353798127,38.0,131.50342188024106,133.19839792608377,0,0,98.56839264961344,98.56839264961344,99.83886198059757
162,2019-09-26T20:18:16,2019-09-26T21:57:00,741,24.0,74.0,50.0,64.67047732222224,129.34095464444448,98.73332977294922,100.48,33.42,135.7837837837838,-39.30015491228072,-39.30002,34.314439946018894,36.0,129.34095464444448,133.19839792608377,0,0,96.94751528731913,96.94751528731913,99.83886198059757
163,2019-09-27T02:38:38,2019-09-27T04:30:06,838,44.4,99.6,55.199999999999996,74.70596301111111,135.33688951288246,111.46666717529297,135.34,45.02,135.8835341365462,-40.151680632458245,-14.60001,34.15453460620525,36.0,135.33688951288246,133.19839792608377,0,0,101.4417683946788,101.4417683946788,99.83886198059757
164,2019-09-27T12:01:52,2019-09-27T12:53:54,391,38.4,68.0,29.6,38.993777877777774,131.73573607357355,52.03333282470703,92.39,30.73,135.8676470588235,-44.927110102301796,-16.10001,34.230179028132994,36.0,131.73573607357355,133.1897833439633,0,0,98.74252375813569,98.74252375813569,99.83240492038712
165,2019-09-27T12:56:15,2019-09-27T14:05:35,521,68.4,99.6,31.19999999999999,42.828972235555554,137.27234690883196,69.33333587646484,135.34,45.02,135.8835341365462,-37.01669867946257,-3.200012,35.4337811900192,37.0,137.27234690883196,133.21350816619605,0,0,102.89249052671796,102.89249052671796,99.85018786139307
166,2019-09-28T01:55:40,2019-09-28T03:18:45,624,20.0,68.0,48.0,62.590680636111124,130.3972513252315,83.08333587646484,92.32999,30.71,135.77939705882352,-45.20097163461539,-45.20001,34.11778846153846,37.0,130.3972513252315,133.21350816619605,0,0,97.73926248672751,97.73926248672751,99.85018786139307
168,2019-09-28T06:07:02,2019-09-28T07:35:21,663,43.2,93.2,50.0,66.20316684444445,132.4063336888889,88.31666564941406,126.72,42.15,135.9656652360515,-44.95218714932127,-12.5,35.21945701357466,37.0,132.4063336888889,133.1897833439633,0,0,99.24517021486817,99.24517021486817,99.83240492038712
169,2019-09-28T17:14:48,2019-09-28T18:15:55,459,30.8,62.0,31.2,40.90092685277777,131.09271427172362,61.11666488647461,84.21,28.01,135.82258064516128,-40.15360477124183,-40.10001,37.55555555555556,39.0,131.09271427172362,133.16544511526024,0,0,98.26054675296903,98.26054675296903,99.81416220054835
170,2019-09-29T01:16:01,2019-09-29T03:26:06,976,12.4,78.4,66.0,86.31199898255555,130.77575603417506,130.0833282470703,106.49,35.42,135.82908163265304,-39.790470846618845,-0.3000183,37.184938524590166,39.0,130.77575603417506,133.0038799725095,0,0,98.02297069931572,98.02297069931572,99.6930610443849
171,2019-09-29T10:28:22,2019-09-29T11:46:01,583,48.4,99.6,51.199999999999996,69.14883639444444,135.0563210828993,77.6500015258789,135.34,45.02,135.8835341365462,-53.407549536878214,-14.30002,36.06432246998285,38.0,135.0563210828993,133.16544511526024,0,0,101.2314683220552,101.2314683220552,99.81416220054835
172,2019-09-30T00:04:06,2019-09-30T02:26:19,1069,8.400001,90.0,81.599999,106.78390447222223,130.8626296333928,142.21665954589844,122.26,40.67,135.84444444444443,-45.03676990645463,-14.10001,37.4289055191768,40.0,130.8626296333928,133.0038799725095,0,0,98.0880868074454,98.0880868074454,99.6930610443849
173,2019-09-30T10:42:07,2019-09-30T12:31:45,829,11.6,94.0,82.4,107.5848526236111,130.5641415335086,109.63333129882812,127.8,42.51,135.95744680851064,-58.880702605548855,-47.5,36.26296743063932,39.0,130.5641415335086,133.0038799725095,0,0,97.86435504586876,97.86435504586876,99.6930610443849
175,2019-09-30T23:53:01,2019-10-01T02:17:55,1087,24.8,99.6,74.8,98.2840182875,131.39574637366312,144.89999389648438,135.34,45.02,135.8835341365462,-40.689703974241034,-14.70001,37.45860165593376,39.0,131.39574637366312,132.67360897753355,0,0,98.48768447138227,98.48768447138227,99.44550641312053
176,2019-10-01T19:18:00,2019-10-01T21:08:15,828,20.0,99.6,79.6,106.34299498055557,133.596727362507,110.25,135.34,45.02,135.8835341365462,-57.86015730676329,-14.5,40.31280193236715,42.0,133.596727362507,132.67360897753355,0,0,100.13742981808716,100.13742981808716,99.44550641312053
177,2019-10-02T04:25:19,2019-10-02T06:12:24,804,25.6,80.0,54.4,70.86982143688888,130.27540705310454,107.08333587646484,108.68,36.15,135.85,-39.68469483855721,-0.2000122,36.767412935323385,39.0,130.27540705310454,132.47845649245093,0,0,97.6479341099796,97.6479341099796,99.29922986380237
178,2019-10-02T17:41:18,2019-10-02T20:39:07,1336,5.6,99.6,94.0,125.08357947500002,133.06763773936174,177.81666564941406,135.34,45.02,135.8835341365462,-42.20315178143713,-14.39999,41.0561377245509,43.0,133.06763773936174,132.47845649245093,0,0,99.7408506798765,99.7408506798765,99.29922986380237
179,2019-10-03T09:38:10,2019-10-03T12:05:50,1108,22.0,99.6,77.6,101.98675911111114,131.42623596792674,147.6666717529297,135.34,45.02,135.8835341365462,-41.42717540613718,-14.5,35.624548736462096,38.0,131.42623596792674,132.43531153498714,0,0,98.51053794740695,98.51053794740695,99.26689056002353
180,2019-10-04T07:22:25,2019-10-04T10:21:28,1343,5.2,99.6,94.39999999999999,124.84525188611111,132.25132615054144,179.0500030517578,135.34,45.02,135.8835341365462,-41.825103015636635,-14.5,35.27177959791511,38.0,132.25132615054144,132.38621860411087,0,0,99.12898431122379,99.12898431122379,99.23009295264765
181,2019-10-04T18:37:13,2019-10-04T19:51:10,556,34.8,77.2,42.400000000000006,55.682123525000016,131.3257630306604,73.94999694824219,104.88,34.88,135.85492227979273,-45.155765467625905,-20.20001,38.54046762589928,40.0,131.3257630306604,132.3563330294803,0,0,98.4352284551555,98.4352284551555,99.2076922195517
182,2019-10-05T01:59:49,2019-10-05T03:44:57,789,17.6,98.8,81.19999999999999,106.47560130138889,131.12758780959226,105.13333129882812,134.24,44.66,135.87044534412956,-60.74512272496832,-13.89999,38.67490494296578,42.0,131.12758780959226,132.2816637437965,0,0,98.2866862140155,98.2866862140155,99.15172385488931
183,2019-10-05T13:56:19,2019-10-05T15:14:36,588,36.8,76.8,40.0,52.438624169444445,131.0965604236111,78.28333282470703,104.33,34.7,135.84635416666666,-40.18640457482993,-34.30002,38.755102040816325,41.0,131.0965604236111,132.27882926030657,0,0,98.26342963619757,98.26342963619757,99.14959926772951
184,2019-10-06T01:22:10,2019-10-06T02:53:34,687,28.4,98.8,70.4,92.02160875416668,130.71251243489584,91.4000015258789,134.23,44.65,135.86032388663966,-60.36725644832606,-14.80002,37.73071324599709,40.0,130.71251243489584,131.9935311120575,0,0,97.97556645813934,97.97556645813934,98.93575403467975
185,2019-10-06T07:32:41,2019-10-06T08:52:44,601,50.8,99.6,48.8,66.41648289444444,136.0993501935337,80.05000305175781,135.34,45.02,135.8835341365462,-49.75974178036606,-13.60001,37.8153078202995,40.0,136.0993501935337,131.9935311120575,0,0,102.01327081397527,102.01327081397527,98.93575403467975
186,2019-10-06T18:30:25,2019-10-06T19:55:56,642,42.0,90.0,48.0,63.868291402777785,133.05894042245373,85.51667022705078,122.28,40.68,135.86666666666667,-44.75699943925234,0.0,35.84501557632399,37.0,133.05894042245373,131.9935311120575,0,0,99.7343316058043,99.7343316058043,98.93575403467975
187,2019-10-07T12:31:34,2019-10-07T13:45:29,555,52.4,99.6,47.199999999999996,63.90804867083334,135.39840820091808,73.91666412353516,135.34,45.02,135.8835341365462,-51.860366054054055,-14.60001,34.23783783783784,36.0,135.39840820091808,131.9935311120575,0,0,101.48787972859607,101.48787972859607,98.93575403467975
188,2019-10-08T00:34:57,2019-10-08T02:45:50,984,19.2,86.0,66.8,86.70083965722222,129.7916761335662,130.88333129882812,116.83,38.86,135.84883720930233,-39.728242211382124,-4.800018,33.8150406504065,36.0,129.7916761335662,131.6195789769073,0,0,97.28535358901615,97.28535358901615,98.65545820387456
189,2019-10-08T12:16:25,2019-10-08T14:17:34,909,31.6,99.6,68.0,91.33290861388889,134.31310090277776,121.1500015258789,135.34,45.02,135.8835341365462,-45.22047179317933,-15.39999,36.605060506050606,38.0,134.31310090277776,131.6195789769073,0,0,100.6743876203374,100.6743876203374,98.65545820387456
190,2019-10-08T20:30:52,2019-10-08T22:11:25,756,50.8,99.6,48.8,66.27118350277779,135.80160553847907,100.55000305175781,135.34,45.02,135.8835341365462,-39.544189947089954,-14.60001,38.17724867724868,40.0,135.80160553847907,131.6195789769073,0,0,101.79009630148634,101.79009630148634,98.65545820387456
191,2019-10-09T02:42:13,2019-10-09T03:11:19,219,75.6,92.4,16.80000000000001,21.863727083333337,130.14123263888882,29.100000381469727,125.55,41.76,135.87662337662337,-45.05526118721461,-34.30002,33.0,35.0,130.14123263888882,131.46482892408392,0,0,97.54736367496848,97.54736367496848,98.5394652985102
192,2019-10-09T12:27:44,2019-10-09T13:27:47,451,49.6,96.8,47.199999999999996,62.33946770694445,132.0751434469162,60.04999923706055,131.55,43.76,135.89876033057854,-62.24125106430156,-13.30002,31.65077605321508,34.0,132.0751434469162,131.46482892408392,0,0,98.99692656199794,98.99692656199794,98.5394652985102
193,2019-10-09T23:02:15,2019-10-09T23:56:33,408,46.8,93.6,46.8,61.99201895694444,132.46157896783,54.29999923706055,127.21,42.32,135.90811965811966,-68.48578990196079,-47.5,33.763480392156865,36.0,132.46157896783,131.6195789769073,0,0,99.28657931486605,99.28657931486605,98.65545820387456
194,2019-10-10T12:47:21,2019-10-10T13:41:39,408,40.8,68.4,27.60000000000001,36.19977775555556,131.15861505636067,54.29999923706055,92.86,30.89,135.76023391812865,-39.99975487745098,-39.89999,33.950980392156865,35.0,131.15861505636067,131.46482892408392,0,0,98.30994268748653,98.30994268748653,98.5394652985102
195,2019-10-10T22:36:51,2019-10-11T01:15:53,1193,16.4,99.6,83.19999999999999,110.33566042222225,132.61497646901714,159.03334045410156,135.34,45.02,135.8835341365462,-41.60488028499582,-14.60001,35.49371332774518,37.0,132.61497646901714,131.46482892408392,0,0,99.40155841512286,99.40155841512286,98.5394652985102
196,2019-10-11T06:33:37,2019-10-11T08:52:30,1042,56.4,100.0,43.6,58.49927203611111,134.1726422846585,138.88333129882812,136.16,45.29,136.16,-25.267475930902112,-14.5,33.32245681381958,35.0,134.1726422846585,131.46482892408392,0,0,100.56910686015759,100.56910686015759,98.5394652985102
197,2019-10-11T14:07:09,2019-10-11T14:43:11,271,72.8,98.0,25.200000000000003,33.66570194166667,133.59405532407408,36.03333282470703,133.18,44.3,135.8979591836735,-56.01034453874539,-14.70001,37.428044280442805,39.0,133.59405532407408,131.6195789769073,0,0,100.13542699162328,100.13542699162328,98.65545820387456
198,2019-10-12T01:11:17,2019-10-12T03:25:21,1007,12.0,89.2,77.2,100.75313345555556,130.50924022740358,134.06666564941406,121.18,40.31,135.85201793721973,-45.081539294935446,-26.20001,37.72045680238332,40.0,130.50924022740358,131.6195789769073,0,0,97.82320377071743,97.82320377071743,98.65545820387456
199,2019-10-12T06:45:53,2019-10-12T08:15:57,676,37.6,100.0,62.4,83.58435623194445,133.9492888332443,90.06666564941406,136.16,45.29,136.16,-55.651485281065085,0.0,39.61760355029586,43.0,133.9492888332443,131.90543976024486,0,0,100.40169227592956,100.40169227592956,98.86972516006682
200,2019-10-13T04:13:16,2019-10-13T04:39:41,199,18.4,41.6,23.200000000000003,30.76208293055556,132.59518504549808,26.41666603088379,56.49,18.79,135.79326923076923,-69.86984829145729,-69.80002,32.76381909547739,35.0,132.59518504549808,132.1632347987288,0,0,99.38672375320587,99.38672375320587,99.06295543661086
201,2019-10-13T04:45:17,2019-10-13T05:34:15,368,41.6,84.4,42.800000000000004,57.0237076263889,133.23296174389927,48.96666717529297,114.77,38.18,135.98341232227486,-69.87255345108697,-69.80002,36.08967391304348,38.0,133.23296174389927,132.1632347987288,0,0,99.86476929097167,99.86476929097167,99.06295543661086
202,2019-10-13T11:30:45,2019-10-13T13:02:16,687,36.8,87.2,50.400000000000006,66.44641225972222,131.8381195629409,91.51667022705078,118.52,39.43,135.91743119266056,-43.56361609898108,-41.0,33.566957787481805,36.0,131.8381195629409,132.1632347987288,0,0,98.81926530475484,98.81926530475484,99.06295543661086
203,2019-10-13T18:17:30,2019-10-13T20:10:22,847,20.0,99.6,79.6,107.38012915694445,134.8996597449051,112.86666870117188,135.34,45.02,135.8835341365462,-57.066472101534835,-14.60001,38.14935064935065,41.0,134.8996597449051,132.1632347987288,0,0,101.11404281285068,101.11404281285068,99.06295543661086
204,2019-10-14T01:53:33,2019-10-14T02:18:54,191,55.2,78.8,23.599999999999994,31.28914089166667,132.5811054731639,25.350000381469727,107.15,35.65,135.97715736040612,-74.05759638743454,-73.80002,34.87958115183246,37.0,132.5811054731639,132.1632347987288,0,0,99.37617040946522,99.37617040946522,99.06295543661086
205,2019-10-14T05:58:58,2019-10-14T07:19:28,605,54.8,99.6,44.8,61.10359202638889,136.39194648747522,80.5,135.34,45.02,135.8835341365462,-45.53769242975206,-14.0,33.58842975206612,36.0,136.39194648747522,132.3288299197152,0,0,102.23258637228308,102.23258637228308,99.18707726304598
206,2019-10-15T13:08:48,2019-10-15T14:11:46,473,54.8,94.0,39.2,52.038492627777785,132.75125670351474,62.96666717529297,127.73,42.49,135.88297872340428,-49.58498243128965,-47.70001,31.03488372093023,33.0,132.75125670351474,132.43395632835944,0,0,99.50370726777078,99.50370726777078,99.2658747648671
207,2019-10-15T23:24:09,2019-10-16T01:58:55,1161,5.6,100.0,94.4,125.38852943055558,132.82683202389362,154.76666259765625,136.16,45.29,136.16,-48.59277626184325,0.0,35.656761412575364,39.0,132.82683202389362,132.4629341744577,0,0,99.56035475075802,99.56035475075802,99.28759511002247
208,2019-10-16T21:02:21,2019-10-16T22:34:33,692,18.0,65.6,47.599999999999994,61.31309575555556,128.80902469654532,92.19999694824219,89.07999,29.63,135.79266768292683,-39.90013452312139,-39.89999,33.808526011560694,36.0,128.80902469654532,132.4629341744577,0,0,96.54880718362917,96.54880718362917,99.28759511002247
209,2019-10-17T13:42:09,2019-10-17T15:15:54,704,20.0,74.4,54.400000000000006,70.472015625,129.54414636948528,93.75,101.05,33.61,135.81989247311824,-45.10214068181818,-45.10001,32.90482954545455,36.0,129.54414636948528,132.43395632835944,0,0,97.09981764911785,97.09981764911785,99.2658747648671
210,2019-10-17T15:19:11,2019-10-17T15:53:44,260,74.0,93.6,19.599999999999994,25.976422425,132.53276747448982,34.54999923706055,127.16,42.3,135.85470085470087,-45.109240769230766,-44.20001,35.46923076923077,36.0,132.53276747448982,132.43395632835944,0,0,99.33993866153745,99.33993866153745,99.2658747648671
211,2019-10-17T23:40:20,2019-10-18T01:43:04,921,25.2,96.0,70.8,92.42589546666669,130.545050094162,122.73332977294922,130.52,43.41,135.95833333333334,-45.183831943539644,-45.10001,35.32247557003257,37.0,130.545050094162,132.3288299197152,0,0,97.85004505710305,97.85004505710305,99.18707726304598
212,2019-10-18T12:30:25,2019-10-18T14:04:38,710,24.8,94.8,70.0,91.81660297222221,131.16657567460317,94.21666717529297,128.82,42.85,135.8860759493671,-58.47211633802817,-47.5,33.23028169014084,36.0,131.16657567460317,132.1632347987288,0,0,98.31590956905843,98.31590956905843,99.06295543661086
213,2019-10-18T19:21:12,2019-10-18T20:04:17,324,59.2,95.2,36.0,47.667951336111116,132.410975933642,43.08333206176758,129.41,43.05,135.9348739495798,-66.36544169753087,-48.0,35.90277777777778,37.0,132.410975933642,132.3288299197152,0,0,99.24864980952096,99.24864980952096,99.18707726304598
214,2019-10-19T13:33:17,2019-10-19T15:01:53,665,7.2,88.8,81.6,106.68695371666666,130.74381582924838,88.5999984741211,120.64,40.13,135.85585585585585,-72.23474311278196,-47.39999,36.44285714285714,40.0,130.74381582924838,132.3288299197152,0,0,97.99902991803788,97.99902991803788,99.18707726304598
215,2019-10-20T00:43:30,2019-10-20T02:55:36,991,14.4,82.4,68.0,88.28618861666668,129.83263031862745,132.10000610351562,111.95,37.24,135.86165048543688,-40.099707245206865,-40.0,34.5438950554995,37.0,129.83263031862745,132.1632347987288,0,0,97.31605079929436,97.31605079929436,99.06295543661086
216,2019-10-20T07:20:13,2019-10-20T08:09:22,370,43.6,71.6,27.999999999999993,37.01200820277778,132.18574358134924,49.150001525878906,97.29,32.36,135.87988826815644,-45.16514516216217,-32.30002,33.193243243243245,35.0,132.18574358134924,132.21853486594534,0,0,99.07982689509971,99.07982689509971,99.10440560316175
217,2019-10-20T16:25:46,2019-10-20T18:21:43,870,18.8,86.0,67.2,87.34979718055557,129.9848172329696,115.94999694824219,116.89,38.88,135.91860465116278,-45.20046981609196,-45.20001,34.12528735632184,36.0,129.9848172329696,132.1304435141327,0,0,97.43012250415593,97.43012250415593,99.03837672854883
218,2019-10-20T18:54:56,2019-10-20T19:33:37,291,86.0,99.6,13.599999999999994,19.08700400277778,140.3456176674837,38.68333435058594,135.34,45.02,135.8835341365462,-29.59931893470791,-14.5,34.28865979381443,36.0,140.3456176674837,132.21853486594534,0,0,105.19606068881788,105.19606068881788,99.10440560316175
219,2019-10-21T03:31:40,2019-10-21T05:01:59,678,50.4,98.4,48.00000000000001,63.292374019444445,131.85911254050924,90.31666564941406,133.71,44.48,135.8841463414634,-42.02729470501475,-14.5,31.912241887905605,34.0,131.85911254050924,132.1304435141327,0,0,98.83500059153486,98.83500059153486,99.03837672854883
220,2019-10-21T16:12:29,2019-10-21T17:47:15,717,32.0,86.8,54.8,71.36079372777779,130.22042651054343,94.76667022705078,117.94,39.23,135.87557603686636,-45.161237433751744,-16.70001,34.824965132496516,37.0,130.22042651054343,132.1304435141327,0,0,97.60672344314094,97.60672344314094,99.03837672854883
221,2019-10-22T01:38:48,2019-10-22T02:55:25,577,30.0,74.8,44.8,57.79594195000002,129.00879899553578,76.61666870117188,101.63,33.81,135.86898395721926,-45.26137159445408,-22.60001,33.48613518197573,36.0,129.00879899553578,132.1304435141327,0,0,96.69854801365962,96.69854801365962,99.03837672854883
222,2019-10-22T04:46:32,2019-10-22T05:26:10,298,62.4,95.2,32.800000000000004,43.29068340277778,131.98379086212736,39.63333511352539,129.36,43.03,135.88235294117646,-65.44497073825504,0.0,34.08892617449664,36.0,131.98379086212736,132.0294671545218,0,0,98.92845323013874,98.92845323013874,98.96268989606834
223,2019-10-22T16:02:44,2019-10-22T17:16:31,554,13.6,82.8,69.2,90.89190461250001,131.34668296604048,73.78333282470703,112.54,37.43,135.9178743961353,-73.91245637184116,-73.70001,36.79061371841155,40.0,131.34668296604048,132.0294671545218,0,0,98.45090899316176,98.45090899316176,98.96268989606834
224,2019-10-23T00:22:28,2019-10-23T02:10:48,813,22.0,84.0,62.0,81.36584569444443,131.23523499103942,108.33333587646484,114.18,37.98,135.92857142857144,-45.05990845018451,-38.10001,35.53259532595326,38.0,131.23523499103942,132.0294671545218,0,0,98.36737316114431,98.36737316114431,98.96268989606834
225,2019-10-23T05:49:39,2019-10-23T07:11:18,613,58.4,85.2,26.800000000000004,35.51776360833333,132.52896868781093,81.6500015258789,115.78,38.51,135.89201877934272,-26.100010000000005,-26.10001,32.8858075040783,35.0,132.52896868781093,132.1304435141327,0,0,99.33709128090202,99.33709128090202,99.03837672854883
226,2019-10-24T02:14:51,2019-10-24T04:49:40,1162,14.8,99.2,84.4,110.45788608055555,130.8742726072933,154.81666564941406,134.81,44.85,135.89717741935485,-42.78099074010326,0.0,33.27753872633391,36.0,130.8742726072933,132.0294671545218,0,0,98.0968137987786,98.0968137987786,98.96268989606834
227,2019-10-24T16:33:03,2019-10-24T18:19:37,800,13.6,75.6,61.99999999999999,80.21130942777779,129.37307972222226,106.56666564941406,102.71,34.16,135.85978835978838,-45.16126,-45.10001,33.865625,36.0,129.37307972222226,132.0294671545218,0,0,96.9715946400464,96.9715946400464,98.96268989606834
228,2019-10-25T02:44:16,2019-10-25T06:59:54,1917,18.8,93.2,74.4,95.8625,128.8474462365591,255.63333129882812,126.65,42.13,135.89055793991417,-22.5,-22.5,31.230829420970267,33.0,128.8474462365591,131.9214517013183,0,0,96.57760604975853,96.57760604975853,98.8817269108368
229,2019-10-25T17:52:28,2019-10-25T20:03:23,983,10.4,85.2,74.8,97.51081347500002,130.3620501002674,130.9166717529297,115.78,38.51,135.89201877934272,-44.68088486266532,-27.0,36.125635808748726,39.0,130.3620501002674,131.9214517013183,0,0,97.71287740781169,97.71287740781169,98.8817269108368
230,2019-10-26T05:08:17,2019-10-26T06:33:00,636,22.8,95.2,72.4,93.81787525416665,129.582700627302,84.71666717529297,129.34,43.03,135.8613445378151,-66.43647817610062,-47.80002,34.42216981132076,38.0,129.582700627302,131.84861605172506,0,0,97.12871599387918,97.12871599387918,98.82713294814485
231,2019-10-26T15:34:06,2019-10-26T17:18:03,780,30.0,90.0,60.0,78.13032288055555,130.21720480092594,103.94999694824219,122.28,40.68,135.86666666666667,-45.09372794871795,-40.20001,34.16282051282051,36.0,130.21720480092594,131.84861605172506,0,0,97.60430861062905,97.60430861062905,98.82713294814485
232,2019-10-27T02:13:24,2019-10-27T03:22:31,519,19.6,81.6,61.99999999999999,81.51954700277777,131.48314032706094,69.11666870117188,110.91,36.89,135.91911764705884,-70.76687603082853,-70.70001,32.02023121387283,36.0,131.48314032706094,131.84861605172506,0,0,98.55319061099864,98.55319061099864,98.82713294814485
233,2019-10-27T10:50:48,2019-10-27T12:51:57,909,55.2,94.8,39.599999999999994,52.68938130277778,133.0539931888328,121.1500015258789,128.85,42.86,135.91772151898735,-26.08911891089109,-16.10001,28.56930693069307,30.0,133.0539931888328,131.9214517013183,0,0,99.73062340673917,99.73062340673917,98.8817269108368
234,2019-10-27T17:43:14,2019-10-27T18:35:08,390,63.2,92.4,29.200000000000003,38.945839305555545,133.3761620053272,51.900001525878906,125.53,41.75,135.85497835497836,-44.97923766666668,-10.10001,32.43974358974359,33.0,133.3761620053272,132.0294671545218,0,0,99.97210504995145,99.97210504995145,98.96268989606834
235,2019-10-28T18:15:17,2019-10-28T20:00:09,787,9.6,97.6,88.0,114.39560091527778,129.9950010400884,104.86666870117188,132.61,44.11,135.87090163934428,-65.42427149936468,-15.10001,29.833545108005083,33.0,129.9950010400884,131.9214517013183,0,0,97.43775577699707,97.43775577699707,98.8817269108368
236,2019-10-29T13:04:42,2019-10-29T14:52:28,809,10.8,97.6,86.8,113.35008625000002,130.5876569700461,107.76667022705078,132.63,44.12,135.89139344262296,-63.081344326328804,-14.10001,31.88813349814586,35.0,130.5876569700461,131.84861605172506,0,0,97.88198104182246,97.88198104182246,98.82713294814485
237,2019-10-30T01:47:08,2019-10-30T03:20:24,700,23.6,97.6,74.0,96.29185740972223,130.12413163475978,93.26667022705078,132.63,44.12,135.89139344262296,-61.91600654285715,-14.0,32.08642857142857,35.0,130.12413163475978,131.66062994500092,0,0,97.53454561696213,97.53454561696213,98.68622795787674
238,2019-10-30T12:40:21,2019-10-30T13:30:15,375,40.8,84.8,44.0,57.977300151388896,131.76659125315658,49.900001525878906,115.28,38.35,135.9433962264151,-69.71254352000001,-69.60001,30.88,33.0,131.76659125315658,131.80235540804875,0,0,98.76565125864425,98.76565125864425,98.79245828169954
239,2019-10-30T22:05:14,2019-10-30T23:21:42,574,30.0,96.4,66.4,87.07370041666667,131.13509098895582,76.46666717529297,131.07,43.6,135.9647302904564,-68.31045763066203,-47.39999,32.5705574912892,35.0,131.13509098895582,131.62486579010874,0,0,98.29231022226604,98.29231022226604,98.65942093482144
240,2019-10-31T14:35:24,2019-10-31T16:01:09,644,9.2,88.8,79.6,103.66921284305556,130.23770457670298,85.75,120.67,40.14,135.88963963963965,-72.51987894409939,-47.5,33.107142857142854,37.0,130.23770457670298,131.4149116465507,0,0,97.61967421799599,97.61967421799599,98.5020498020802
241,2019-11-01T00:43:05,2019-11-01T01:53:23,529,31.2,91.6,60.39999999999999,79.07957257916668,130.92644466749454,70.30000305175781,124.52,41.42,135.93886462882097,-67.44045633270322,0.0,33.57372400756144,36.0,130.92644466749454,131.4149116465507,0,0,98.13591936760507,98.13591936760507,98.5020498020802
242,2019-11-01T12:21:13,2019-11-01T14:24:22,924,13.2,92.4,79.2,102.62249095694445,129.57385221836418,123.1500015258789,125.53,41.75,135.85497835497836,-49.99773639610389,-47.89999,34.05790043290043,38.0,129.57385221836418,131.29095897853995,0,0,97.12208366877285,97.12208366877285,98.40914107715304
243,2019-11-01T23:15:44,2019-11-02T00:58:12,769,4.8,82.4,77.60000000000001,102.368249875,131.91784777706184,102.46666717529297,111.95,37.24,135.86165048543688,-59.94252269180754,-59.70001,37.853055916775034,42.0,131.91784777706184,131.29095897853995,0,0,98.8790255893342,98.8790255893342,98.40914107715304
244,2019-11-02T03:45:41,2019-11-02T04:26:23,306,54.4,77.2,22.800000000000004,30.660673450000008,134.4766379385965,40.70000076293945,104.86,34.88,135.82901554404145,-45.20001000000001,-45.20001,36.0,38.0,134.4766379385965,131.4149116465507,0,0,100.79696680899164,100.79696680899164,98.5020498020802
245,2019-11-02T09:24:02,2019-11-02T10:20:05,421,54.8,98.0,43.2,56.365175658333335,130.47494365354936,56.04999923706055,133.17,44.3,135.8877551020408,-60.3047602375297,-14.60001,33.38598574821853,35.0,130.47494365354936,131.29095897853995,0,0,97.79749677306016,97.79749677306016,98.40914107715304
246,2019-11-02T21:12:52,2019-11-02T23:17:05,932,21.6,97.6,76.0,99.76715847916668,131.27257694627195,124.21666717529297,132.63,44.12,135.89139344262296,-48.171797285407735,-14.10001,34.75536480686695,38.0,131.27257694627195,131.2539059686557,0,0,98.39536282447807,98.39536282447807,98.38136799281119
247,2019-11-03T11:47:36,2019-11-03T13:17:55,678,34.8,97.6,62.8,82.12374257083334,130.7702907178875,90.31666564941406,132.63,44.12,135.89139344262296,-54.53068275811209,-14.0,33.90929203539823,36.0,130.7702907178875,131.2009053328213,0,0,98.01887417137685,98.01887417137685,98.34164136510137
248,2019-11-03T20:22:55,2019-11-03T21:18:01,414,56.0,97.6,41.599999999999994,55.14539495,132.56104555288462,55.099998474121094,132.65,44.13,135.91188524590166,-60.002905144927546,-14.5,35.817632850241544,38.0,132.56104555288462,131.2539059686557,0,0,99.36113449579594,99.36113449579594,98.38136799281119
249,2019-11-04T04:54:33,2019-11-04T06:32:53,738,50.4,97.6,47.199999999999996,62.675764303388895,132.78763623599343,98.33333587646484,132.65,44.13,135.91188524590166,-38.19972927682927,-0.3000183,30.997967479674795,33.0,132.78763623599343,131.2539059686557,0,0,99.53097554710905,99.53097554710905,98.38136799281119
251,2019-11-04T15:50:26,2019-11-04T17:08:29,586,37.2,97.6,60.39999999999999,79.54679405555557,131.6999901582046,78.05000305175781,132.61,44.11,135.87090163934428,-61.11724802047783,-14.20001,34.92576791808874,37.0,131.6999901582046,131.2539059686557,0,0,98.7157304065154,98.7157304065154,98.38136799281119
252,2019-11-05T02:33:11,2019-11-05T04:01:47,665,23.6,97.6,74.0,96.21662006249998,130.0224595439189,88.5999984741211,132.63,44.12,135.89139344262296,-65.08135006015037,-15.0,32.614285714285714,36.0,130.0224595439189,131.2009053328213,0,0,97.45833729912354,97.45833729912354,98.34164136510137
253,2019-11-05T13:46:52,2019-11-05T15:15:43,667,28.8,75.2,46.400000000000006,59.66316750555557,128.58441272749045,88.8499984741211,102.13,33.97,135.81117021276594,-40.27843007496253,-24.39999,31.312593703148426,33.0,128.58441272749045,131.1508333317795,0,0,96.38044927747698,96.38044927747698,98.30410989566224
254,2019-11-06T13:17:56,2019-11-06T14:38:04,604,33.2,97.6,64.39999999999999,84.0819153513889,130.56198035929955,80.13333129882812,132.63,44.12,135.89139344262296,-62.8652411589404,-14.60001,29.905629139072847,32.0,130.56198035929955,131.03076782822518,0,0,97.8627351376947,97.8627351376947,98.21411479493555
255,2019-11-06T23:18:54,2019-11-06T23:55:35,276,46.4,80.8,34.4,45.16261423888889,131.28666929909562,36.68333435058594,109.78,36.51,135.86633663366337,-73.8692079710145,-73.5,31.58695652173913,34.0,131.28666929909562,131.03076782822518,0,0,98.40592574783489,98.40592574783489,98.21411479493555
256,2019-11-07T15:07:26,2019-11-07T16:01:52,409,15.6,46.8,31.199999999999996,40.91117527222222,131.12556176994306,54.43333435058594,63.44,21.1,135.55555555555557,-45.09511951100244,-45.0,30.001222493887532,32.0,131.12556176994306,131.0260032187188,0,0,98.28516759595364,98.28516759595364,98.21054348177935
257,2019-11-07T16:03:00,2019-11-07T17:04:46,464,46.8,82.0,35.2,46.39237018055556,131.7965061947601,61.766666412353516,111.42,37.06,135.8780487804878,-45.042896745689646,-24.10001,32.80818965517241,34.0,131.7965061947601,131.0260032187188,0,0,98.78807400375543,98.78807400375543,98.21054348177935
258,2019-11-08T00:20:14,2019-11-08T01:22:33,468,29.6,85.6,55.99999999999999,73.03064591805557,130.41186771081354,62.31666564941406,116.27,38.68,135.82943925233644,-70.24059168803419,0.0,32.10790598290598,35.0,130.41186771081354,130.90035863739394,0,0,97.75021819884942,97.75021819884942,98.11636658319183
259,2019-11-09T01:46:40,2019-11-09T03:13:48,654,28.0,97.6,69.6,90.9749257763889,130.71110025343233,87.13333129882812,132.61,44.11,135.87090163934428,-62.613299464831805,-15.20001,29.90749235474006,33.0,130.71110025343233,130.90035863739394,0,0,97.97450795749351,97.97450795749351,98.11636658319183
260,2019-11-09T15:48:21,2019-11-09T16:15:50,207,16.8,25.6,8.8,11.865301141666665,134.83296751893937,27.483333587646484,34.57,11.5,135.0390625,-25.903855120772945,-25.89999,28.72463768115942,30.0,134.83296751893937,131.0260032187188,0,0,101.06405365346853,101.06405365346853,98.21054348177935
261,2019-11-09T16:18:38,2019-11-09T18:49:24,1132,24.8,76.4,51.60000000000001,65.19244569027778,126.34194901216621,150.76666259765625,103.78,34.52,135.83769633507853,-25.939040901060068,-13.89999,31.00971731448763,33.0,126.34194901216621,130.90035863739394,0,0,94.69961055226202,94.69961055226202,98.11636658319183
262,2019-11-10T01:10:13,2019-11-10T02:05:11,413,36.8,88.0,51.2,66.89252206805556,130.649457164171,54.96666717529297,119.55,39.76,135.85227272727272,-72.98838665859564,-47.60001,31.190072639225182,34.0,130.649457164171,130.90035863739394,0,0,97.92830337863488,97.92830337863488,98.11636658319183
263,2019-11-10T07:58:16,2019-11-10T09:51:27,850,44.0,99.6,55.599999999999994,74.17835219722222,133.41430251298962,113.18333435058594,135.34,45.02,135.8835341365462,-39.310715882352945,-14.60001,29.80235294117647,32.0,133.41430251298962,130.90035863739394,0,0,100.00069326827592,100.00069326827592,98.11636658319183
264,2019-11-11T03:51:05,2019-11-11T05:45:50,861,31.2,97.2,66.0,86.04217678333335,130.36693452020202,114.75,132.07,43.93,135.8744855967078,-44.96308599303136,-14.70001,29.142857142857142,31.0,130.36693452020202,130.8222816625904,0,0,97.71653852487691,97.71653852487691,98.05784398507772
265,2019-11-11T23:09:04,2019-11-12T00:08:27,446,54.4,97.6,43.199999999999996,57.06193597222222,132.0878147505144,59.38333511352539,132.63,44.12,135.89139344262296,-57.6248933632287,-14.60001,30.257847533632287,32.0,132.0878147505144,130.90035863739394,0,0,99.00642433787777,99.00642433787777,98.11636658319183
266,2019-11-12T21:55:14,2019-11-12T23:13:25,587,35.6,97.6,61.99999999999999,80.96144989444446,130.58298370071688,78.18333435058594,132.61,44.11,135.87090163934428,-62.09915238500852,-14.0,31.70954003407155,34.0,130.58298370071688,130.90035863739394,0,0,97.87847819269795,97.87847819269795,98.11636658319183
267,2019-11-13T05:12:10,2019-11-13T07:21:43,972,18.0,97.6,79.6,103.89282561666667,130.5186251465662,129.5500030517578,132.63,44.12,135.89139344262296,-48.099790679012344,-14.30002,33.64866255144033,37.0,130.5186251465662,130.8222816625904,0,0,97.83023823707411,97.83023823707411,98.05784398507772
268,2019-11-13T20:23:46,2019-11-13T22:56:41,1147,12.8,92.0,79.2,102.41719214833331,129.31463655092588,152.9166717529297,125.02,41.59,135.89130434782606,-40.17106492240628,-7.100006,33.04489973844812,36.0,129.31463655092588,130.8222816625904,0,0,96.92778855976604,96.92778855976604,98.05784398507772
269,2019-11-14T03:48:52,2019-11-14T05:17:27,665,50.0,98.0,48.0,63.095570375000015,131.4491049479167,88.58333587646484,133.17,44.3,135.8877551020408,-42.715799518797,-14.60001,30.802255639097744,33.0,131.4491049479167,130.8222816625904,0,0,98.52767939184176,98.52767939184176,98.05784398507772
270,2019-11-14T17:26:28,2019-11-14T19:50:02,1077,16.8,97.6,80.8,105.44746847222223,130.50429266364137,143.56666564941406,132.61,44.11,135.87090163934428,-44.04634245125349,-14.60001,32.40854224698236,35.0,130.50429266364137,130.7406954856599,0,0,97.81949532419489,97.81949532419489,97.99669106443518
271,2019-11-15T13:21:40,2019-11-15T15:24:02,919,11.2,82.4,71.2,91.97707563888889,129.1812860096754,122.36666870117188,111.94,37.23,135.8495145631068,-45.099139336235034,-45.0,31.29651795429815,34.0,129.1812860096754,130.7406954856599,0,0,96.82783565875343,96.82783565875343,97.99669106443518
272,2019-11-16T01:07:52,2019-11-16T02:28:20,604,12.4,84.4,72.0,93.60558135555556,130.00775188271606,80.46666717529297,114.71,38.16,135.9123222748815,-69.79703910596027,-69.70001,33.08526490066225,37.0,130.00775188271606,130.7406954856599,0,0,97.44731317135812,97.44731317135812,97.99669106443518
273,2019-11-16T07:24:25,2019-11-16T09:25:33,909,30.0,97.6,67.6,88.03800007777777,130.23372792570677,121.13333129882812,132.63,44.12,135.89139344262296,-43.59119916391639,-14.5,32.90594059405941,35.0,130.23372792570677,130.68027870880167,0,0,97.61669351915772,97.61669351915772,97.9514056680642
274,2019-11-17T00:56:16,2019-11-17T03:09:09,997,15.2,97.6,82.39999999999999,107.48632487916667,130.4445690281149,132.88333129882812,132.61,44.11,135.87090163934428,-48.51544879638918,-14.70001,30.987462387161486,34.0,130.4445690281149,130.61855706710855,0,0,97.77472947192379,97.77472947192379,97.90514221022866
275,2019-11-17T21:01:49,2019-11-17T22:45:05,775,35.2,97.6,62.39999999999999,81.39882391666667,130.44683319978637,103.26667022705078,132.63,44.12,135.89139344262296,-47.273413896774194,-14.20001,32.23161290322581,34.0,130.44683319978637,130.58532033538148,0,0,97.776426581848,97.776426581848,97.8802296172602
276,2019-11-18T06:12:59,2019-11-18T07:58:31,792,14.0,75.6,61.599999999999994,79.15077785555555,128.49152249278498,105.53333282470703,102.7,34.16,135.84656084656086,-45.0005051010101,-45.0,32.467171717171716,36.0,128.49152249278498,130.57248203000822,0,0,96.3108234000903,96.3108234000903,97.87060666519633
277,2019-11-18T13:07:15,2019-11-18T13:56:06,368,47.6,79.6,31.999999999999993,42.39831370833333,132.4947303385417,48.849998474121094,108.12,35.96,135.82914572864323,-52.04348828804347,-28.30002,31.467391304347824,33.0,132.4947303385417,130.57248203000822,0,0,99.31142792548364,99.31142792548364,97.87060666519633
278,2019-11-18T19:52:22,2019-11-18T21:04:09,539,38.4,79.6,41.199999999999996,54.07578975277779,131.25191687567425,71.78333282470703,108.17,35.98,135.89195979899498,-45.19834025974026,-44.30002,30.489795918367346,33.0,131.25191687567425,130.58532033538148,0,0,98.37987706812493,98.37987706812493,97.8802296172602
279,2019-11-19T05:06:46,2019-11-19T06:20:22,553,20.4,69.6,49.199999999999996,63.831837638888885,129.73950739611564,73.5999984741211,94.52,31.44,135.80459770114942,-52.03707405063291,-52.0,24.852622061482823,28.0,129.73950739611564,130.58532033538148,0,0,97.24625051075752,97.24625051075752,97.8802296172602
280,2019-11-19T16:22:21,2019-11-19T18:40:58,1040,7.2,96.4,89.2,115.09022302222225,129.02491370204288,138.61666870117188,131.02,43.58,135.91286307053943,-49.80010850961539,-15.0,29.690865384615385,33.0,129.02491370204288,130.58532033538148,0,0,96.7106267922626,96.7106267922626,97.8802296172602
281,2019-11-20T03:36:49,2019-11-20T04:55:17,589,23.2,91.6,68.39999999999999,88.24340711527779,129.01082911590322,78.46666717529297,124.47,41.4,135.88427947598254,-67.4640101188455,-47.5,33.264855687606115,37.0,129.01082911590322,130.58532033538148,0,0,96.70006969042394,96.70006969042394,97.8802296172602
282,2019-11-20T06:59:26,2019-11-20T07:31:44,243,78.0,97.6,19.599999999999994,25.916325018055552,132.22614805130388,32.29999923706055,132.65,44.13,135.91188524590166,-48.128405390946504,-14.20001,30.699588477366255,34.0,132.22614805130388,130.61855706710855,0,0,99.11011206640813,99.11011206640813,97.90514221022866
283,2019-11-21T06:38:26,2019-11-21T07:36:45,438,55.2,97.6,42.39999999999999,55.849169326388896,131.71973897733233,58.31666564941406,132.65,44.13,135.91188524590166,-57.432651141552526,-15.30002,28.769406392694062,30.0,131.71973897733233,130.61855706710855,0,0,98.73053313430998,98.73053313430998,97.90514221022866
284,2019-11-21T22:36:10,2019-11-21T23:38:12,466,25.2,84.4,59.2,76.72459493055557,129.60235630161412,62.03333282470703,114.63,38.13,135.81753554502367,-74.2096678755365,-74.10001,30.207081545064376,34.0,129.60235630161412,130.58532033538148,0,0,97.14344890497527,97.14344890497527,97.8802296172602
285,2019-11-22T13:58:09,2019-11-22T15:35:49,733,16.4,98.0,81.6,104.36287110555557,127.89567537445537,97.66666412353516,133.17,44.3,135.8877551020408,-64.08991062755798,-14.39999,32.613233287858115,36.0,127.89567537445537,130.57248203000822,0,0,95.86420617995331,95.86420617995331,97.87060666519633
286,2019-11-23T13:31:27,2019-11-23T15:27:16,869,12.8,73.6,60.8,77.79078843888891,127.94537572185676,115.81666564941406,100.0,33.27,135.8695652173913,-40.300365120828545,-40.30002,30.067318757192176,33.0,127.94537572185676,130.57248203000822,0,0,95.90145907639844,95.90145907639844,97.87060666519633
288,2019-11-23T19:49:01,2019-11-23T21:20:00,683,48.8,98.0,49.2,64.88513922777778,131.88036428410118,90.98332977294922,133.17,44.3,135.8877551020408,-42.769125402635446,-14.60001,31.749633967789165,33.0,131.88036428410118,130.57248203000822,0,0,98.85092983639335,98.85092983639335,97.87060666519633
289,2019-11-24T04:28:21,2019-11-24T06:13:33,790,40.8,97.6,56.8,74.5910333888889,131.32224188184668,105.19999694824219,132.61,44.11,135.87090163934428,-42.50710762025317,-14.60001,29.366455696202532,32.0,131.32224188184668,130.61622043244392,0,0,98.43258917798777,98.43258917798777,97.90339078566642
290,2019-11-24T18:26:19,2019-11-24T20:59:45,1151,11.6,98.0,86.4,111.48945329583334,129.03871909239967,153.43333435058594,133.17,44.3,135.8877551020408,-43.58375129452651,-14.60001,32.66290182450044,35.0,129.03871909239967,130.57248203000822,0,0,96.7209746228963,96.7209746228963,97.87060666519633
291,2019-11-25T02:48:04,2019-11-25T03:17:26,221,52.8,80.4,27.60000000000001,36.932332116666664,133.81279752415455,29.366666793823242,109.21,36.33,135.83333333333331,-75.45701108597287,-75.20001,32.470588235294116,35.0,133.81279752415455,130.57248203000822,0,0,100.29938521231665,100.29938521231665,97.87060666519633
292,2019-11-25T07:50:31,2019-11-25T08:54:25,480,49.2,97.6,48.39999999999999,63.321838883333335,130.8302456267218,63.900001525878906,132.65,44.13,135.91188524590166,-59.39104687500001,-14.30002,30.946875,33.0,130.8302456267218,130.61622043244392,0,0,98.06381337456072,98.06381337456072,97.90339078566642
293,2019-11-25T21:36:39,2019-11-26T00:01:24,1086,16.4,98.0,81.6,104.93969083611113,128.6025622991558,144.75,133.17,44.3,135.8877551020408,-43.48490872007367,-14.60001,31.174953959484345,34.0,128.6025622991558,130.57248203000822,0,0,96.39405328930233,96.39405328930233,97.87060666519633
294,2019-11-26T05:03:01,2019-11-26T06:19:44,576,57.2,98.0,40.8,53.47982235972222,131.07799597971135,76.71666717529297,133.17,44.3,135.8877551020408,-41.765800885416674,0.0,28.921006944444443,31.0,131.07799597971135,130.61622043244392,0,0,98.24951465688017,98.24951465688017,97.90339078566642
295,2019-11-26T18:08:53,2019-11-26T20:12:27,927,30.4,94.4,64.0,82.60203447222221,129.06567886284722,123.56666564941406,128.26,42.67,135.8686440677966,-40.087280755124056,0.0,30.032362459546924,32.0,129.06567886284722,130.57248203000822,0,0,96.74118231940506,96.74118231940506,97.87060666519633
296,2019-11-27T16:30:09,2019-11-27T18:08:05,735,18.4,82.8,64.4,81.62682121388889,126.74972238181505,97.93333435058594,112.47,37.41,135.83333333333334,-50.00952488435374,-49.80002,30.018367346938774,33.0,126.74972238181505,130.54030275293286,0,0,95.00525709010044,95.00525709010044,97.84648668738441
297,2019-11-28T02:56:54,2019-11-28T03:57:53,458,17.2,56.0,38.8,50.906450076388886,131.20219091852806,60.983333587646484,76.0,25.28,135.7142857142857,-50.08559506550218,-49.80002,26.138646288209607,30.0,131.20219091852806,130.57248203000822,0,0,98.34260497589506,98.34260497589506,97.87060666519633
298,2019-11-28T03:58:44,2019-11-28T05:02:14,477,56.0,96.4,40.400000000000006,52.53229794861112,130.03044046685918,63.5,130.99,43.57,135.8817427385892,-49.63522607966457,-47.60001,29.5,31.0,130.03044046685918,130.54030275293286,0,0,97.4643194000821,97.4643194000821,97.84648668738441
299,2019-11-28T14:53:30,2019-11-28T16:04:37,534,45.6,97.6,51.99999999999999,67.57945021666667,129.96048118589746,71.11666870117188,132.63,44.12,135.89139344262296,-56.9840872659176,-14.60001,27.18258426966292,29.0,129.96048118589746,130.51145890510378,0,0,97.41188141955868,97.41188141955868,97.8248667806345
300,2019-11-29T10:20:22,2019-11-29T11:38:25,586,42.0,98.0,56.0,72.24685971527778,129.01224949156745,78.05000305175781,131.87,43.83,134.56122448979593,-55.49932701365188,0.0,21.284129692832764,23.0,129.01224949156745,130.47556293171385,0,0,96.70113433303308,96.70113433303308,97.79796095302144
301,2019-11-29T23:41:54,2019-11-30T00:48:45,643,40.0,74.0,34.0,44.20040448472222,130.0011896609477,66.8499984741211,99.93999,33.23,135.05404054054054,-39.68833741835148,0.0,23.489891135303267,25.0,130.0011896609477,130.44570111395063,0,0,97.44239445789295,97.44239445789295,97.7755780268859
302,2019-11-30T04:51:07,2019-11-30T05:50:53,449,37.6,68.0,30.4,39.364157023333334,129.48735862938597,59.766666412353516,91.84,30.53,135.05882352941177,-39.4349569532294,0.0,23.262806236080177,25.0,129.48735862938597,130.42821836946422,0,0,97.05725239732622,97.05725239732622,97.7624738353866
303,2019-11-30T12:52:17,2019-11-30T15:12:31,1052,5.2,93.2,88.0,114.71892818472223,130.36241839172982,140.23333740234375,126.7,42.14,135.94420600858368,-49.08252038022815,-47.0,29.45342205323194,33.0,130.36241839172982,130.42821836946422,0,0,97.71315346068513,97.71315346068513,97.7624738353866
304,2019-12-01T01:53:27,2019-12-01T04:13:54,1054,8.8,90.0,81.2,105.64909285277778,130.1097202620416,140.4499969482422,122.26,40.67,135.84444444444443,-45.1331219544592,-45.10001,29.597248576850095,33.0,130.1097202620416,130.42821836946422,0,0,97.52374357223664,97.52374357223664,97.7624738353866
305,2019-12-01T18:16:54,2019-12-01T19:35:48,594,16.8,62.8,46.0,59.20000706,128.69566752173913,78.9000015258789,85.3,28.37,135.828025477707,-44.984517144781144,-3.899994,28.34259259259259,31.0,128.69566752173913,130.38940111550778,0,0,96.4638403108574,96.4638403108574,97.73337836186317
306,2019-12-02T02:09:36,2019-12-02T03:35:31,645,14.4,92.4,78.0,101.10207678194446,129.61804715633906,85.91666412353516,125.63,41.79,135.96320346320346,-70.58775706976745,-47.60001,27.07829457364341,31.0,129.61804715633906,130.36467645596593,0,0,97.15520998546596,97.15520998546596,97.71484599278102
307,2019-12-02T11:17:13,2019-12-02T12:23:56,501,51.2,97.6,46.39999999999999,60.86471079166667,131.17394567169544,66.71666717529297,131.84,43.83,135.08196721311475,-54.71977516966068,-20.80002,23.11676646706587,25.0,131.17394567169544,130.36467645596593,0,0,98.32143375053471,98.32143375053471,97.71484599278102
308,2019-12-02T23:44:01,2019-12-03T01:21:53,735,20.8,97.6,76.8,98.04205281388889,127.65892293475115,97.86666870117188,132.65,44.13,135.91188524590166,-60.04925853061225,-14.5,25.334013605442177,29.0,127.65892293475115,130.2980731587183,0,0,95.68674838376934,95.68674838376934,97.66492348992142
309,2019-12-03T15:27:30,2019-12-03T16:37:57,529,33.6,93.6,59.99999999999999,77.45432014305555,129.09053357175927,70.44999694824219,127.23,42.32,135.92948717948718,-65.94858283553874,-47.5,26.006616257088847,29.0,129.09053357175927,130.1717240938742,0,0,96.75981216699536,96.75981216699536,97.57021854569717
310,2019-12-04T01:24:32,2019-12-04T02:53:32,668,25.2,97.6,72.39999999999999,93.99211927500001,129.82336916436466,89.0,132.65,44.13,135.91188524590166,-63.33997555389221,-14.5,25.57859281437126,29.0,129.82336916436466,130.0700803644504,0,0,97.30910910092096,97.30910910092096,97.49403148615937
311,2019-12-04T06:39:17,2019-12-04T07:42:47,477,52.4,97.6,45.199999999999996,59.30552029305556,131.2069033032203,63.5,132.37,44.02,135.625,-56.015729350104834,-19.89999,25.39517819706499,28.0,131.2069033032203,130.0700803644504,0,0,98.34613714394071,98.34613714394071,97.49403148615937
312,2019-12-05T09:24:54,2019-12-05T11:37:00,991,17.2,97.6,80.39999999999999,103.56483398750001,128.81198257151743,132.10000610351562,132.61,44.11,135.87090163934428,-47.02230731584259,-14.10001,22.91574167507568,26.0,128.81198257151743,130.0700803644504,0,0,96.55102425887702,96.55102425887702,97.49403148615937
313,2019-12-05T17:03:22,2019-12-05T17:56:20,398,61.2,97.6,36.39999999999999,47.58656155972223,130.7323119772589,52.96666717529297,132.63,44.12,135.89139344262296,-53.87312241206031,-14.20001,26.439698492462313,28.0,130.7323119772589,130.0700803644504,0,0,97.99040720553603,97.99040720553603,97.49403148615937
314,2019-12-06T03:43:08,2019-12-06T04:41:35,439,57.6,97.6,39.99999999999999,52.72871397638889,131.82178494097226,58.45000076293945,132.39,44.03,135.64549180327867,-54.10182810933942,-14.20001,24.829157175398635,27.0,131.82178494097226,130.0700803644504,0,0,98.807021688513,98.807021688513,97.49403148615937
315,2019-12-06T18:08:09,2019-12-06T20:46:40,1189,17.6,97.6,80.0,102.52745858083334,128.15932322604166,158.51666259765625,132.63,44.12,135.89139344262296,-38.78486131539108,-4.899994,25.728763666947014,28.0,128.15932322604166,130.01909617478762,0,0,96.06182343268193,96.06182343268193,97.45581628572012
316,2019-12-07T04:32:13,2019-12-07T05:31:59,449,43.2,73.2,30.0,39.427825696666666,131.42608565555557,59.766666412353516,98.09,32.6,134.00273224043715,-39.543199487750556,-4.800018,22.116926503340757,24.0,131.42608565555557,130.01909617478762,0,0,98.51042528076596,98.51042528076596,97.45581628572012
317,2019-12-07T10:01:17,2019-12-07T11:48:01,801,40.8,98.0,57.2,73.51357482499999,128.52023570804192,106.73332977294922,131.35,43.67,134.03061224489795,-41.31636539325843,-20.30002,22.07178526841448,24.0,128.52023570804192,130.00447077183188,0,0,96.33234539119299,96.33234539119299,97.44485381462553
318,2019-12-07T19:02:14,2019-12-07T19:37:27,265,58.0,77.6,19.599999999999994,26.47308920277778,135.06678164682543,35.21666717529297,105.2,34.98,135.56701030927837,-45.103406226415096,-45.10001,24.418867924528303,26.0,135.06678164682543,130.00447077183188,0,0,101.23930903796712,101.23930903796712,97.44485381462553
319,2019-12-08T01:46:29,2019-12-08T02:51:52,491,13.6,72.8,59.199999999999996,77.05638749861112,130.1628167206269,65.38333129882812,98.92,32.91,135.87912087912088,-70.71182409368636,-70.60001,24.962321792260692,29.0,130.1628167206269,130.01909617478762,0,0,97.56354202389143,97.56354202389143,97.45581628572012
320,2019-12-08T07:00:32,2019-12-08T07:46:12,346,29.6,60.4,30.799999999999997,39.587007577777776,128.52924538239537,45.66666793823242,81.54,27.11,135.00000000000003,-51.92631052023121,0.0,23.161849710982658,27.0,128.52924538239537,130.00447077183188,0,0,96.33909859279503,96.33909859279503,97.44485381462553
321,2019-12-08T12:28:55,2019-12-08T13:41:46,547,20.4,88.4,68.0,87.73759635277779,129.0258769893791,72.8499984741211,120.16,39.97,135.92760180995475,-72.24553171846435,-48.0,25.590493601462523,29.0,129.0258769893791,129.98083542342258,0,0,96.71134882430582,96.71134882430582,97.42713793872582
322,2019-12-08T18:15:36,2019-12-08T19:27:39,541,45.6,90.8,45.199999999999996,59.94895108194444,132.6304227476647,72.05000305175781,123.4,41.05,135.90308370044056,-49.921077615526805,-47.60001,28.164510166358596,30.0,132.6304227476647,130.00447077183188,0,0,99.4131361736096,99.4131361736096,97.44485381462553
323,2019-12-09T03:03:45,2019-12-09T05:13:55,977,18.4,97.6,79.19999999999999,102.02014560277777,128.81331515502245,130.1666717529297,132.63,44.12,135.89139344262296,-47.01034085977483,-14.20001,25.327533265097237,29.0,128.81331515502245,129.98083542342258,0,0,96.55202309687138,96.55202309687138,97.42713793872582
324,2019-12-09T17:39:36,2019-12-09T19:57:25,1034,13.6,97.6,84.0,108.75286214444444,129.46769302910053,137.81666564941406,132.61,44.11,135.87090163934428,-47.334726034816256,-14.20001,27.629110251450676,31.0,129.46769302910053,129.89192517513106,0,0,97.04251204621664,97.04251204621664,97.36049526023982
325,2019-12-10T17:35:41,2019-12-10T19:43:54,962,18.4,98.0,79.6,101.28855581805554,127.24692941966778,128.21665954589844,133.17,44.3,135.8877551020408,-47.38181535343035,-15.0,27.46985446985447,30.0,127.24692941966778,129.78143828024014,0,0,95.37793863583126,95.37793863583126,97.27767980583924
326,2019-12-11T12:39:18,2019-12-11T13:50:25,534,30.0,93.6,63.599999999999994,81.72061476111111,128.49153264325648,71.11666870117188,127.26,42.33,135.96153846153848,-68.93352370786518,-47.70001,26.2125468164794,29.0,128.49153264325648,129.67877727622735,0,0,96.31083100837643,96.31083100837643,97.20073024811174
327,2019-12-11T23:54:25,2019-12-12T01:32:45,738,18.4,97.6,79.19999999999999,102.165211225,128.99647881944443,98.33333587646484,132.65,44.13,135.91188524590166,-62.31532188346884,-14.89999,28.607723577235774,32.0,128.99647881944443,129.67877727622735,0,0,96.68931342540998,96.68931342540998,97.20073024811174
328,2019-12-12T15:30:49,2019-12-12T16:49:32,591,34.0,97.6,63.599999999999994,82.4797757138889,129.68518194007692,78.71666717529297,132.63,44.12,135.89139344262296,-62.835700609137064,-14.89999,29.67089678510998,32.0,129.68518194007692,129.651614548208,0,0,97.20553086403554,97.20553086403554,97.18037042475075
329,2019-12-13T02:06:36,2019-12-13T03:03:50,430,28.0,64.8,36.8,47.854218083333336,130.0386360960145,57.233333587646484,88.00999,29.27,135.81788580246914,-50.167684651162794,-50.0,27.88372093023256,31.0,130.0386360960145,129.651614548208,0,0,97.47046243408869,97.47046243408869,97.18037042475075
330,2019-12-13T06:44:06,2019-12-13T08:20:01,720,40.0,98.0,58.0,75.25918414305556,129.75721403975098,95.91666412353516,133.17,44.3,135.8877551020408,-47.05583559722221,-14.70001,28.047916666666666,31.0,129.75721403975098,129.651614548208,0,0,97.25952252586862,97.25952252586862,97.18037042475075
331,2019-12-13T14:52:25,2019-12-13T16:06:28,556,42.4,97.6,55.199999999999996,72.19936760833333,130.7959558121981,74.05000305175781,132.61,44.11,135.87090163934428,-58.46835055755396,-14.20001,30.97661870503597,33.0,130.7959558121981,129.72119798991395,0,0,98.03811144335978,98.03811144335978,97.23252669495207
332,2019-12-14T04:18:13,2019-12-14T05:46:40,664,29.6,98.0,68.4,87.88998170277777,128.49412529645872,88.44999694824219,133.18,44.3,135.8979591836735,-59.592175090361444,-14.10001,26.770331325301203,30.0,128.49412529645872,129.72119798991395,0,0,96.31277433163896,96.31277433163896,97.23252669495207
333,2019-12-14T13:32:40,2019-12-14T15:39:09,949,49.6,85.6,35.99999999999999,47.61707585388889,132.2696551496914,126.48332977294922,116.31,38.69,135.87616822429908,-22.57998855216017,-7.100006,28.311380400421495,29.0,132.2696551496914,129.72119798991395,0,0,99.14272281292402,99.14272281292402,97.23252669495207
334,2019-12-14T22:53:11,2019-12-15T00:29:55,726,40.4,97.6,57.199999999999996,75.22187130555555,131.50676801670554,96.73332977294922,132.63,44.12,135.89139344262296,-46.63540578512397,-14.10001,29.010330578512395,31.0,131.50676801670554,129.72119798991395,0,0,98.5709007462711,98.5709007462711,97.23252669495207
335,2019-12-15T15:50:18,2019-12-15T17:51:04,907,16.8,87.6,70.8,90.57555561111111,127.93157572190836,120.76667022705078,119.02,39.59,135.86757990867582,-45.000330793825796,-45.0,28.949834619625136,32.0,127.93157572190836,129.72119798991395,0,0,95.89111528614545,95.89111528614545,97.23252669495207
336,2019-12-16T03:33:19,2019-12-16T04:23:03,375,12.8,40.8,27.999999999999996,37.3342305,133.3365375,49.733333587646484,55.31,18.4,135.5637254901961,-44.98160997333333,0.0,27.414666666666665,30.0,133.3365375,129.79029160205783,0,0,99.94240450114602,99.94240450114602,97.28431581339478
337,2019-12-16T04:33:04,2019-12-16T04:52:57,150,40.8,52.0,11.200000000000003,14.882753325,132.88172611607138,19.883333206176758,70.57,23.47,135.71153846153845,-44.86867673333334,-22.60001,29.373333333333335,31.0,132.88172611607138,129.89192517513106,0,0,99.60150061871003,99.60150061871003,97.36049526023982
338,2019-12-16T05:00:41,2019-12-16T05:28:51,212,52.0,68.0,16.0,21.169726894444445,132.31079309027777,28.16666603088379,92.36,30.72,135.8235294117647,-45.087745754716984,-41.89999,30.285377358490567,32.0,132.31079309027777,129.89192517513106,0,0,99.17355775715997,99.17355775715997,97.36049526023982
340,2019-12-16T07:56:02,2019-12-16T08:44:20,363,60.0,87.6,27.599999999999994,36.281158393055556,131.4534724386071,48.29999923706055,119.08,39.61,135.93607305936075,-45.06970393939394,-45.0,29.542699724517906,31.0,131.4534724386071,129.89192517513106,0,0,98.53095304458104,98.53095304458104,97.36049526023982
341,2019-12-16T11:58:04,2019-12-16T12:43:58,345,73.2,97.6,24.39999999999999,32.54566941111111,133.38389102914397,45.900001525878906,132.65,44.13,135.91188524590166,-42.50696011594203,-13.39999,29.4768115942029,31.0,133.38389102914397,129.98083542342258,0,0,99.97789833991668,99.97789833991668,97.42713793872582
342,2019-12-17T00:54:34,2019-12-17T02:41:08,801,11.2,97.6,86.39999999999999,112.72956550972222,130.47403415477112,106.56666564941406,132.65,44.13,135.91188524590166,-63.458799300873906,-14.60001,33.8083645443196,37.0,130.47403415477112,129.98083542342258,0,0,97.7968150582317,97.7968150582317,97.42713793872582
343,2019-12-17T12:11:15,2019-12-17T12:29:56,141,49.2,61.2,12.0,15.578058869444448,129.8171572453704,18.683332443237305,83.05,27.62,135.70261437908496,-49.851074468085116,0.0,30.113475177304963,32.0,129.8171572453704,129.89192517513106,0,0,97.30445295690753,97.30445295690753,97.36049526023982
344,2019-12-17T20:33:19,2019-12-17T21:39:53,500,60.4,97.6,37.199999999999996,48.49585839305556,130.36521073402037,66.56666564941406,132.63,44.12,135.89139344262296,-43.68661008000001,-14.60001,29.787,31.0,130.36521073402037,129.98083542342258,0,0,97.71524646090802,97.71524646090802,97.42713793872582
345,2019-12-18T06:20:51,2019-12-18T07:18:53,436,59.6,88.4,28.800000000000004,38.20993524333333,132.67338626157402,58.03333282470703,120.18,39.98,135.9502262443439,-39.46535746330276,-4.800018,27.629587155963304,29.0,132.67338626157402,129.98083542342258,0,0,99.44533947636836,99.44533947636836,97.42713793872582
346,2019-12-18T18:35:06,2019-12-18T19:49:52,562,23.6,67.2,43.6,56.312123583333346,129.15624675076455,74.76667022705078,91.28,30.36,135.83333333333331,-45.18061500000001,-34.30002,31.393238434163703,34.0,129.15624675076455,129.98083542342258,0,0,96.8090674817076,96.8090674817076,97.42713793872582
347,2019-12-18T23:16:33,2019-12-19T00:25:55,522,46.4,91.6,45.199999999999996,60.23670603888888,133.26704875860375,69.36666870117188,124.45,41.4,135.86244541484717,-52.053075153256714,0.0,31.916666666666668,34.0,133.26704875860375,130.01581506390343,0,0,99.89031921356383,99.89031921356383,97.45335692898752
348,2019-12-19T12:43:46,2019-12-19T14:13:34,674,35.6,95.2,59.6,78.06377888888889,130.97949478001493,89.80000305175781,129.34,43.03,135.8613445378151,-52.14125630563799,-28.89999,25.44584569732938,28.0,130.97949478001493,130.01581506390343,0,0,98.17568308056593,98.17568308056593,97.45335692898752
364,2019-12-19T23:58:39,2019-12-20T03:41:52,1674,22.0,97.6,75.6,96.29844512222222,127.37889566431512,223.21665954589844,131.87,43.85,135.1127049180328,-25.873417150537634,0.0,24.083034647550775,26.0,127.37889566431512,129.98083542342258,0,0,95.47685393729573,95.47685393729573,97.42713793872582
365,2019-12-20T06:58:42,2019-12-20T07:45:24,351,72.8,95.2,22.400000000000006,29.576083463888892,132.03608689236108,46.70000076293945,127.62,42.42,134.0546218487395,-37.925356301994306,-4.899994,22.504273504273506,24.0,132.03608689236108,130.01991287848108,0,0,98.9676517207057,98.9676517207057,97.45642844599081
366,2019-12-20T13:27:54,2019-12-20T14:33:24,492,47.2,96.8,49.599999999999994,64.7169496611111,130.4777210909498,65.5,131.53,43.75,135.87809917355372,-59.24797225609757,-14.10001,25.559959349593495,28.0,130.4777210909498,130.07417817902805,0,0,97.79957860132235,97.79957860132235,97.49710300316266
367,2019-12-20T23:33:57,2019-12-21T01:00:45,652,32.0,82.4,50.400000000000006,65.10277805555555,129.17217868165784,86.80000305175781,111.33,37.02,135.10922330097085,-45.00199406441718,-45.0,23.66180981595092,26.0,129.17217868165784,130.07417817902805,0,0,96.82100926084539,96.82100926084539,97.49710300316266
368,2019-12-21T07:35:53,2019-12-21T09:35:58,901,24.8,97.6,72.8,94.14144142500002,129.31516679258246,120.08333587646484,132.39,44.03,135.64549180327867,-47.0195323418424,-13.89999,23.81465038845727,27.0,129.31516679258246,130.07417817902805,0,0,96.92818600241094,96.92818600241094,97.49710300316266
369,2019-12-21T17:41:54,2019-12-21T18:39:37,436,54.4,87.2,32.800000000000004,43.39509293055556,132.30211259315718,57.71666717529297,118.5,39.42,135.89449541284404,-45.072257660550456,-10.39999,26.868119266055047,28.0,132.30211259315718,130.07417817902805,0,0,99.16705129035977,99.16705129035977,97.49710300316266
370,2019-12-22T03:47:36,2019-12-22T05:53:13,943,11.2,84.4,73.2,94.41888204722223,128.98754378035824,125.61666870117188,114.65,38.14,135.84123222748815,-45.09704075291622,-42.20001,26.736479321314953,30.0,128.98754378035824,129.9310026301896,0,0,96.68261616667408,96.68261616667408,97.38978576750483
371,2019-12-22T18:29:28,2019-12-22T19:11:11,315,4.0,31.6,27.6,36.16253464166667,131.0236762379227,41.71666717529297,42.78,14.23,135.37974683544303,-52.006041619047615,-26.10001,27.1984126984127,29.0,131.0236762379227,130.1007264083207,0,0,98.20879929327447,98.20879929327447,97.51700222899007
372,2019-12-22T19:14:03,2019-12-22T19:28:09,108,31.2,40.4,9.2,12.193502352222222,132.5380690458937,14.100000381469727,54.81,18.23,135.66831683168317,-51.676861870370374,-5.700012,28.712962962962962,30.0,132.5380690458937,130.26401372732363,0,0,99.34391245449528,99.34391245449528,97.63939424239973
374,2019-12-22T19:42:52,2019-12-22T20:41:26,440,43.2,82.0,38.8,50.813954205555554,130.96379949885454,58.56666564941406,111.42,37.06,135.8780487804878,-52.01001,-10.20001,31.313636363636363,33.0,130.96379949885454,130.26401372732363,0,0,98.16391868224045,98.16391868224045,97.63939424239973
375,2019-12-23T10:58:44,2019-12-23T12:31:12,694,44.8,97.6,52.8,69.03668025555557,130.75128836279464,92.46666717529297,132.63,44.12,135.89139344262296,-44.78098864553314,-14.0,24.25792507204611,26.0,130.75128836279464,130.41962244439574,0,0,98.0046309557154,98.0046309557154,97.75603075956985
376,2019-12-23T22:12:59,2019-12-24T00:16:32,927,26.0,96.8,70.8,92.39610378055555,130.50297144146265,123.55000305175781,131.52,43.75,135.86776859504133,-44.8386291262136,-14.5,30.52588996763754,33.0,130.50297144146265,130.47587762286048,0,0,97.81850500208292,97.81850500208292,97.79819682977703
377,2019-12-24T19:42:42,2019-12-24T20:23:03,304,45.6,68.4,22.800000000000004,29.84238839444444,130.88766839668614,40.349998474121094,92.89,30.9,135.80409356725144,-44.37664398026316,-43.89999,25.773026315789473,27.0,130.88766839668614,130.49034626620625,0,0,98.10685461300112,98.10685461300112,97.80904180170263
378,2019-12-25T00:07:50,2019-12-25T01:10:01,467,40.8,76.0,35.2,46.41113136111112,131.84980500315658,62.18333435058594,103.27,34.35,135.8815789473684,-44.76168976445397,-26.20001,25.422912205567453,28.0,131.84980500315658,130.49034626620625,0,0,98.82802412671545,98.82802412671545,97.80904180170263
379,2019-12-25T13:19:37,2019-12-25T15:03:25,779,14.8,97.6,82.8,107.33613395833335,129.63301202697264,103.80000305175781,132.65,44.13,135.91188524590166,-62.01732708600771,-14.5,29.310012836970476,33.0,129.63301202697264,130.49034626620625,0,0,97.16642690456564,97.16642690456564,97.80904180170263
380,2019-12-26T01:38:54,2019-12-26T03:20:42,764,16.0,97.6,81.6,105.63729148750002,129.45746505821083,101.80000305175781,132.63,44.12,135.89139344262296,-62.230243664921474,-14.5,30.671465968586386,34.0,129.45746505821083,130.47587762286048,0,0,97.0348456704201,97.0348456704201,97.79819682977703
381,2019-12-26T04:55:21,2019-12-26T05:15:38,153,87.6,97.6,10.0,13.177669961111112,131.77669961111113,20.28333282470703,132.65,44.13,135.91188524590166,-39.022885555555554,-14.80002,30.88562091503268,33.0,131.77669961111113,130.47587762286048,0,0,98.77322797856273,98.77322797856273,97.79819682977703
382,2019-12-26T18:49:12,2019-12-26T20:04:17,566,26.0,70.0,44.0,56.217166731111114,127.76628802525254,75.08333587646484,95.1,31.63,135.85714285714286,-44.84805660424028,0.0,26.03356890459364,29.0,127.76628802525254,130.47587762286048,0,0,95.76722388962378,95.76722388962378,97.79819682977703
384,2019-12-27T01:24:28,2019-12-27T02:38:36,559,40.0,97.6,57.599999999999994,75.21960819444445,130.5895975597994,74.13333129882812,132.63,44.12,135.89139344262296,-60.827200286225406,-14.60001,25.145796064400717,28.0,130.5895975597994,130.47587762286048,0,0,97.88343561091303,97.88343561091303,97.79819682977703
385,2019-12-27T11:50:54,2019-12-27T13:16:01,639,41.2,94.0,52.8,68.89304535833334,130.479252572601,85.11666870117188,126.96,42.21,135.06382978723406,-48.54115087636933,-19.5,23.072769953051644,25.0,130.479252572601,130.4784868317754,0,0,97.80072652342639,97.80072652342639,97.80015256237436
386,2019-12-28T00:49:54,2019-12-28T03:14:28,1087,14.4,96.8,82.39999999999999,106.21181968333332,128.897839421521,144.56666564941406,131.53,43.75,135.87809917355372,-44.07029105795768,-14.5,25.23965041398344,28.0,128.897839421521,130.47587762286048,0,0,96.61537826261176,96.61537826261176,97.79819682977703
387,2019-12-28T13:33:32,2019-12-28T15:22:24,817,31.2,94.8,63.599999999999994,82.0132404,128.95163584905663,108.86666870117188,128.86,42.86,135.9282700421941,-45.20025482252143,-45.20001,25.236842105263158,28.0,128.95163584905663,130.47587762286048,0,0,96.65570137600805,96.65570137600805,97.79819682977703
388,2019-12-29T10:06:58,2019-12-29T11:56:55,825,32.4,97.6,65.19999999999999,83.35132756111112,127.83945944955695,109.94999694824219,132.61,44.11,135.87090163934428,-45.47091352727273,-14.0,24.06909090909091,26.0,127.83945944955695,130.47587762286048,0,0,95.82206953225761,95.82206953225761,97.79819682977703
389,2019-12-29T22:26:43,2019-12-29T23:57:24,681,25.6,97.6,72.0,93.04519283888891,129.2294344984568,90.68333435058594,132.65,44.13,135.91188524590166,-61.53715020558003,-14.80002,29.569016152716593,33.0,129.2294344984568,130.47587762286048,0,0,96.86392535953713,96.86392535953713,97.79819682977703
390,2019-12-30T13:12:51,2019-12-30T14:36:31,630,32.8,97.6,64.8,83.43784199722222,128.76210184756516,83.66666412353516,132.61,44.11,135.87090163934428,-59.79508550793651,-14.89999,29.64920634920635,32.0,128.76210184756516,130.41962244439574,0,0,96.51363616118438,96.51363616118438,97.75603075956985
391,2019-12-31T00:59:13,2019-12-31T02:17:56,591,18.4,88.4,70.0,90.81595933194446,129.73708475992066,78.71666717529297,120.16,39.97,135.92760180995475,-69.20456930626058,-48.10001,31.307952622673437,35.0,129.73708475992066,130.41962244439574,0,0,97.24443462374637,97.24443462374637,97.75603075956985
392,2019-12-31T06:08:18,2019-12-31T06:56:20,6227,59.6,90.0,30.4,40.00139602777778,131.5835395650585,48.03333282470703,122.36,40.7,135.95555555555555,-49.96593177774209,-36.10001,30.58679942187249,33.0,131.5835395650585,130.47587762286048,0,0,98.62844486196161,98.62844486196161,97.79819682977703
393,2019-12-31T14:20:34,2019-12-31T16:40:16,1048,13.2,97.6,84.39999999999999,109.87635822916668,130.1852585653634,139.6999969482422,132.63,44.12,135.89139344262296,-47.17482582061069,-13.70001,30.471374045801525,33.0,130.1852585653634,130.47587762286048,0,0,97.58036330908797,97.58036330908797,97.79819682977703
394,2020-01-01T02:18:39,2020-01-01T03:35:30,577,15.6,60.0,44.4,57.78016558611111,130.13550807682682,76.8499984741211,81.47,27.1,135.78333333333333,-45.111448474870016,-45.10001,28.199306759098786,32.0,130.13550807682682,130.47587762286048,0,0,97.54307282935393,97.54307282935393,97.79819682977703
395,2020-01-01T11:53:11,2020-01-01T13:53:56,906,28.0,96.8,68.8,87.58413018055555,127.30251479731912,120.75,131.53,43.75,135.87809917355372,-43.50387260485651,-14.5,25.660596026490065,28.0,127.30251479731912,130.47587762286048,0,0,95.4196026568246,95.4196026568246,97.79819682977703
396,2020-01-01T22:53:26,2020-01-02T01:34:45,1210,16.4,98.0,81.6,105.6322090945,129.45123663541668,161.31666564941406,133.17,44.3,135.8877551020408,-39.261818481239665,-0.3000183,27.604545454545455,30.0,129.45123663541668,130.47587762286048,0,0,97.03017715598311,97.03017715598311,97.79819682977703
397,2020-01-02T16:21:12,2020-01-02T17:47:15,646,17.2,92.0,74.8,96.51324849166666,129.02840707442067,86.05000305175781,125.09,41.61,135.9673913043478,-67.28111351393188,-47.60001,28.015479876160992,31.0,129.02840707442067,130.47587762286048,0,0,96.7132452496022,96.7132452496022,97.79819682977703
398,2020-01-03T01:53:48,2020-01-03T03:25:36,689,24.0,97.6,73.6,95.80585431805557,130.1709977147494,91.80000305175781,132.63,44.12,135.89139344262296,-62.58723249637156,-14.30002,28.330914368650216,32.0,130.1709977147494,130.47587762286048,0,0,97.56967408820886,97.56967408820886,97.79819682977703
399,2020-01-03T15:12:53,2020-01-03T16:37:37,636,24.8,96.0,71.2,90.9349218402778,127.71758685432273,84.73332977294922,130.46,43.39,135.89583333333334,-64.35629297169812,-14.10001,29.4937106918239,32.0,127.71758685432273,130.41962244439574,0,0,95.73071992592406,95.73071992592406,97.75603075956985
400,2020-01-04T01:36:26,2020-01-04T02:43:17,502,24.0,84.0,60.0,77.76198741527779,129.60331235879633,66.8499984741211,114.23,38.0,135.98809523809524,-69.7241047609562,0.0,28.81573705179283,33.0,129.60331235879633,130.41962244439574,0,0,97.1441655176564,97.1441655176564,97.75603075956985
401,2020-01-04T07:06:15,2020-01-04T08:48:27,767,48.0,97.6,49.599999999999994,64.83334754444445,130.71239424283158,102.19999694824219,132.73,44.16,135.99385245901638,-38.047205202086054,-14.39999,27.39504563233377,29.0,130.71239424283158,130.41962244439574,0,0,97.97547786727507,97.97547786727507,97.75603075956985
402,2020-01-04T12:07:00,2020-01-04T12:34:37,208,82.4,98.0,15.599999999999994,20.237501969444445,129.72757672720803,27.616666793823242,133.17,44.3,135.8877551020408,-43.94231192307692,0.0,27.9375,29.0,129.72757672720803,130.27523464969187,0,0,97.23730787762567,97.23730787762567,97.647804884998
403,2020-01-04T15:33:03,2020-01-04T16:05:21,243,78.0,97.6,19.599999999999994,26.07970001666667,133.0596939625851,32.29999923706055,132.63,44.12,135.89139344262296,-48.42717082304527,-14.80002,30.123456790123456,31.0,133.0596939625851,130.41962244439574,0,0,99.73489642182568,99.73489642182568,97.75603075956985
404,2020-01-05T05:57:56,2020-01-05T06:38:30,305,62.0,85.2,23.200000000000003,30.56022898333334,131.7251249281609,40.56666564941406,114.64,38.1,134.55399061032864,-45.20001000000001,-45.20001,23.1,24.0,131.7251249281609,130.41962244439574,0,0,98.73457017386738,98.73457017386738,97.75603075956985
406,2020-01-05T14:31:14,2020-01-05T17:24:09,1297,18.4,77.6,59.199999999999996,74.93000005555555,126.57094603978979,172.9166717529297,105.41,35.06,135.83762886597938,-25.99946031611411,-25.10001,28.37895142636854,30.0,126.57094603978979,130.27523464969187,0,0,94.87125527915704,94.87125527915704,97.647804884998
407,2020-01-05T23:18:03,2020-01-06T00:55:59,735,18.8,98.0,79.2,102.15444612361112,128.982886519711,97.93333435058594,133.17,44.3,135.8877551020408,-62.55688028571429,-14.5,32.816326530612244,36.0,128.982886519711,130.1781281400564,0,0,96.67912531685751,96.67912531685751,97.57501869864842
408,2020-01-06T03:50:05,2020-01-06T06:58:06,1411,37.6,97.6,59.99999999999999,78.49515647777777,130.82526079629628,188.01666259765625,132.65,44.13,135.91188524590166,-25.050324542877387,-23.30002,34.571226080793764,37.0,130.82526079629628,130.1781281400564,0,0,98.06007699480993,98.06007699480993,97.57501869864842
409,2020-01-06T20:02:11,2020-01-06T22:13:45,987,22.0,90.0,68.0,87.71111111111111,128.98692810457516,131.56666564941406,122.28,40.68,135.86666666666667,-40.0,-40.0,31.235562310030396,34.0,128.98692810457516,130.1532528957881,0,0,96.68215468687785,96.68215468687785,97.5563734587814
411,2020-01-07T20:00:49,2020-01-07T21:48:45,810,10.8,98.0,87.2,111.92262890138889,128.35163864838177,107.93333435058594,133.17,44.3,135.8877551020408,-62.18271822222222,0.0,32.8783950617284,36.0,128.35163864838177,129.9763326610986,0,0,96.20597346156148,96.20597346156148,97.42376289313073
412,2020-01-08T05:26:30,2020-01-08T07:23:53,882,39.6,97.6,57.99999999999999,75.88463948777778,130.8355853237548,117.38333129882812,132.61,44.11,135.87090163934428,-38.7595241201814,-4.899994,29.586734693877553,32.0,130.8355853237548,130.1532528957881,0,0,98.06781574458468,98.06781574458468,97.5563734587814
413,2020-01-08T19:52:47,2020-01-08T22:56:06,1375,5.6,98.0,92.4,119.26561423888889,129.07534008537758,183.31666564941406,133.18,44.3,135.8979591836735,-39.013964654545454,-5.0,32.42509090909091,35.0,129.07534008537758,129.93629641837373,0,0,96.74842388895686,96.74842388895686,97.39375372655016
414,2020-01-09T20:00:48,2020-01-09T21:17:55,579,36.4,97.6,61.199999999999996,79.32970150416666,129.6236952682462,77.11666870117188,132.65,44.13,135.91188524590166,-61.69655127806564,-14.20001,29.16321243523316,31.0,129.6236952682462,129.73233074356435,0,0,97.15944352786533,97.15944352786533,97.24087125068601
415,2020-01-10T07:32:07,2020-01-10T09:19:16,804,32.8,98.0,65.2,84.02234633194445,128.8686293434731,107.1500015258789,133.18,44.3,135.8979591836735,-47.02897961442786,-14.80002,26.996268656716417,30.0,128.8686293434731,129.73233074356435,0,0,96.59348384799358,96.59348384799358,97.24087125068601
417,2020-01-11T00:42:53,2020-01-11T01:42:15,446,36.4,76.0,39.6,51.64112155,130.4068726010101,59.36666488647461,103.27,34.35,135.8815789473684,-52.17871011210763,-40.30002,31.282511210762333,34.0,130.4068726010101,129.73233074356435,0,0,97.74647411419069,97.74647411419069,97.24087125068601
418,2020-01-11T07:42:54,2020-01-11T07:59:11,123,6.8,16.4,9.599999999999998,12.241780491666667,127.51854678819448,16.28333282470703,22.07,7.34,134.57317073170734,-45.10814008130081,-45.10001,27.926829268292682,30.0,127.51854678819448,129.68029437709032,0,0,95.58152944015099,95.58152944015099,97.20186739109565
419,2020-01-11T08:00:48,2020-01-11T10:13:25,995,16.0,93.6,77.6,99.68123043611111,128.45519386096794,132.61666870117188,127.18,42.31,135.8760683760684,-45.09749743718592,-42.20001,31.0964824120603,34.0,128.45519386096794,129.68029437709032,0,0,96.28359327334404,96.28359327334404,97.20186739109565
420,2020-01-11T19:51:42,2020-01-11T21:24:35,698,24.4,98.0,73.6,94.74530299166668,128.73003123867755,92.88333129882812,133.17,44.3,135.8877551020408,-61.18052306590259,0.0,29.060888252149,32.0,128.73003123867755,129.6283536476094,0,0,96.48959763561487,96.48959763561487,97.16293521621549
421,2020-01-12T03:53:30,2020-01-12T05:13:41,602,38.8,97.6,58.8,75.97945255000002,129.216756037415,80.18333435058594,131.86,43.84,135.10245901639345,-56.837381461794024,-20.20001,23.921926910299003,27.0,129.216756037415,129.61350381352128,0,0,96.85442221879529,96.85442221879529,97.15180452276087
422,2020-01-12T14:44:24,2020-01-12T16:39:04,861,28.8,98.0,69.2,88.25539010555558,127.53669090398203,114.66666412353516,133.17,44.3,135.8877551020408,-46.16283456445994,-14.20001,24.206155632984903,27.0,127.53669090398203,129.61350381352128,0,0,95.59512936252302,95.59512936252302,97.15180452276087
423,2020-01-13T00:04:55,2020-01-13T01:44:02,745,30.8,82.0,51.2,65.9322938625,128.7740114501953,99.11666870117188,111.17,36.97,135.57317073170734,-39.893432550335575,-5.0,24.923489932885907,27.0,128.7740114501953,129.61350381352128,0,0,96.52256300408752,96.52256300408752,97.15180452276087
424,2020-01-13T06:22:30,2020-01-13T08:02:18,749,18.4,97.6,79.19999999999999,103.40036765972224,130.55601977237657,99.80000305175781,132.61,44.11,135.87090163934428,-62.13619385847798,-14.20001,26.871161548731642,30.0,130.55601977237657,129.61350381352128,0,0,97.85826737964061,97.85826737964061,97.15180452276087
425,2020-01-13T22:13:10,2020-01-14T03:18:50,2292,8.400001,97.6,89.19999899999999,115.11838427333332,129.05648605818183,305.6666564941406,132.63,44.12,135.89139344262296,-22.59302919546248,-5.100006,25.466186736474693,28.0,129.05648605818183,129.61350381352128,0,0,96.73429185247382,96.73429185247382,97.15180452276087
426,2020-01-14T14:12:28,2020-01-14T15:32:47,603,30.0,82.4,52.400000000000006,67.15229158833336,128.15322822201023,80.31666564941406,111.95,37.24,135.86165048543688,-50.12753933996684,-4.200012,27.516583747927033,30.0,128.15322822201023,129.53038870850358,0,0,96.05725492228136,96.05725492228136,97.08950559403826
427,2020-01-14T22:59:36,2020-01-15T00:11:19,539,34.0,94.8,60.8,78.61452236944444,129.30020126553362,71.71666717529297,128.89,42.88,135.95991561181432,-65.73878257884972,-47.80002,27.666048237476808,31.0,129.30020126553362,129.45435084681375,0,0,96.91696859129519,96.91696859129519,97.0325114132016
429,2020-01-15T10:17:14,2020-01-15T12:05:58,816,10.8,97.6,86.8,110.54899983805558,127.3605988917691,108.73332977294922,132.65,44.13,135.91188524590166,-60.93934581862745,-8.800018,26.740808823529413,31.0,127.3605988917691,129.37571895047515,0,0,95.46313959104718,95.46313959104718,96.97357287363914
430,2020-01-15T19:14:09,2020-01-15T20:08:03,405,59.6,97.6,37.99999999999999,49.76940799583334,130.9721263048246,53.900001525878906,132.63,44.12,135.89139344262296,-55.366672493827174,-14.10001,29.62962962962963,31.0,130.9721263048246,129.37571895047515,0,0,98.17016003983129,98.17016003983129,96.97357287363914
431,2020-01-16T13:02:57,2020-01-16T14:25:48,622,16.4,90.0,73.6,93.97628053333334,127.68516376811596,82.8499984741211,122.28,40.68,135.86666666666667,-68.03456792604501,-47.60001,28.319935691318328,32.0,127.68516376811596,129.2648178819952,0,0,95.70641720097252,95.70641720097252,96.89044697541615
432,2020-01-17T01:12:21,2020-01-17T02:02:55,380,40.0,84.8,44.8,58.82386976111112,131.3032807167659,50.56666564941406,115.1,38.28,135.7311320754717,-69.76895760526315,-47.80002,23.71315789473684,27.0,131.3032807167659,129.2648178819952,0,0,98.41837683630072,98.41837683630072,96.89044697541615
433,2020-01-18T01:25:46,2020-01-18T02:47:57,617,18.0,92.8,74.8,95.32214450277777,127.43602206253713,82.18333435058594,125.92,41.88,135.6896551724138,-69.55835095623988,-20.20001,22.03160453808752,26.0,127.43602206253713,129.2230952679359,0,0,95.51967303029039,95.51967303029039,96.85917378916622
434,2020-01-18T13:58:55,2020-01-18T16:12:21,1001,15.2,92.0,76.8,99.61959928888892,129.71301990740744,133.43333435058594,125.0,41.58,135.8695652173913,-44.78893074925076,-32.20001,25.038961038961038,28.0,129.71301990740744,129.2230952679359,0,0,97.22639681303649,97.22639681303649,96.85917378916622
436,2020-01-19T04:50:34,2020-01-19T05:57:09,500,24.0,84.4,60.400000000000006,77.49393969305557,128.30122465737674,66.58333587646484,114.49,38.07,135.6516587677725,-69.82760822000002,-65.20001,22.66,26.0,128.30122465737674,129.1460480613963,0,0,96.16818565353817,96.16818565353817,96.80142305387608
437,2020-01-19T13:04:23,2020-01-19T14:22:25,586,41.2,97.6,56.39999999999999,73.29465362361111,129.95505961633177,78.03333282470703,131.86,43.84,135.10245901639345,-56.33208257679182,-19.89999,22.83703071672355,25.0,129.95505961633177,129.1460480613963,0,0,97.40781768197614,97.40781768197614,96.80142305387608
438,2020-01-20T02:33:23,2020-01-20T04:25:20,840,9.6,98.0,88.4,113.84934776388891,128.78885493652592,111.94999694824219,133.17,44.3,135.8877551020408,-60.99715058333334,-14.10001,23.494642857142857,28.0,128.78885493652592,129.1460480613963,0,0,96.53368893958034,96.53368893958034,96.80142305387608
439,2020-01-20T11:47:54,2020-01-20T13:50:39,921,22.8,98.0,75.2,96.42169428749999,128.22033814827125,122.75,133.17,44.3,135.8877551020408,-47.10967011943539,0.0,25.251900108577633,28.0,128.22033814827125,129.0659130717797,0,0,96.10755716892865,96.10755716892865,96.74135787071535
440,2020-01-20T21:42:54,2020-01-20T22:48:33,493,50.0,97.6,47.599999999999994,61.98585303888889,130.2223803338002,65.6500015258789,132.63,44.12,135.89139344262296,-56.62698298174443,-15.39999,26.134888438133874,28.0,130.2223803338002,129.0659130717797,0,0,97.60818793140433,97.60818793140433,96.74135787071535
441,2020-01-21T03:11:49,2020-01-21T04:52:58,759,43.2,97.6,54.39999999999999,71.60383486666666,131.62469644607845,101.1500015258789,132.63,44.12,135.89139344262296,-42.439666587615285,-14.20001,27.108036890645586,29.0,131.62469644607845,129.1460480613963,0,0,98.65929400299996,98.65929400299996,96.80142305387608
442,2020-02-08T19:45:19,2020-02-08T22:13:33,1112,6.8,98.0,91.2,118.24058161666669,129.64976054459066,148.23333740234375,133.17,44.3,135.8877551020408,-47.84471041366907,-14.70001,30.670413669064747,34.0,129.64976054459066,129.2230952679359,0,0,97.1789807563002,97.1789807563002,96.85917378916622
443,2020-02-09T15:43:23,2020-02-09T17:36:15,847,30.8,97.6,66.8,84.13658795277779,125.95297597721228,112.86666870117188,131.36,43.66,134.59016393442624,-44.70533008264464,-20.20001,20.763872491145218,23.0,125.95297597721228,129.2230952679359,0,0,94.40805580569148,94.40805580569148,96.85917378916622
444,2020-02-11T16:49:16,2020-02-11T18:28:48,747,40.4,98.0,57.6,73.21179319027779,127.10380762201004,99.53333282470703,131.87,43.83,134.56122448979593,-44.10871074966533,0.0,20.927710843373493,23.0,127.10380762201004,129.1460480613963,0,0,95.27066168937208,95.27066168937208,96.80142305387608
445,2020-02-12T07:57:16,2020-02-12T09:09:14,541,47.2,97.6,50.39999999999999,64.81788388611112,128.60691247244273,71.96666717529297,131.33,43.65,134.5594262295082,-53.98521998151571,-20.10001,21.720887245841034,23.0,128.60691247244273,129.1460480613963,0,0,96.39731396178149,96.39731396178149,96.80142305387608
446,2020-02-12T17:12:36,2020-02-12T18:32:07,597,38.0,97.6,59.599999999999994,76.46895603333334,128.30361750559285,79.51667022705078,132.63,44.12,135.89139344262296,-57.67840072026801,-14.20001,26.40954773869347,29.0,128.30361750559285,129.0659130717797,0,0,96.16997921296914,96.16997921296914,96.74135787071535
447,2020-02-13T14:48:47,2020-02-13T16:18:51,676,28.0,96.8,68.8,88.24155061805556,128.2580677588017,90.06666564941406,131.6,43.77,135.9504132231405,-58.761692366863905,-14.20001,25.185650887573964,28.0,128.2580677588017,129.04244656630124,0,0,96.13583739929915,96.13583739929915,96.723768551038
448,2020-02-14T19:17:27,2020-02-14T20:58:27,758,17.2,97.6,80.39999999999999,103.74898688333334,129.0410284618574,101.0,132.65,44.13,135.91188524590166,-61.60159183377309,-14.20001,29.33575197889182,32.0,129.0410284618574,129.03471776813905,0,0,96.72270561082215,96.72270561082215,96.71797543021216
449,2020-02-15T18:59:24,2020-02-15T20:27:36,662,30.4,97.6,67.19999999999999,86.0191929638889,128.0047514343585,88.19999694824219,132.63,44.12,135.89139344262296,-58.49759152567976,-14.20001,25.691842900302113,28.0,128.0047514343585,129.0076675894979,0,0,95.945964142959,95.945964142959,96.69769996824002
450,2020-02-16T18:45:13,2020-02-16T20:17:32,693,28.0,97.6,69.6,87.71171981805557,126.02258594548215,92.31666564941406,130.31,43.31,133.51434426229508,-56.992070952380956,-20.5,18.582251082251084,21.0,126.02258594548215,129.0076675894979,0,0,94.46023195887935,94.46023195887935,96.69769996824002
451,2020-02-17T20:57:46,2020-02-17T22:30:30,696,30.4,98.0,67.6,84.45948742361112,124.94007015327091,92.73332977294922,131.87,43.83,134.56122448979593,-54.620403160919544,0.0,21.145114942528735,24.0,124.94007015327091,128.9849073121431,0,0,93.64883222394883,93.64883222394883,96.68064000186769
452,2020-02-18T14:08:13,2020-02-18T15:26:29,589,18.8,88.4,69.60000000000001,88.76008220000001,127.5288537356322,78.26667022705078,120.18,39.98,135.9502262443439,-68.03107938879457,-47.5,23.56621392190153,27.0,127.5288537356322,128.92575793159205,0,0,95.58925501282076,95.58925501282076,96.63630458242554
453,2020-02-19T13:58:40,2020-02-19T15:06:35,510,36.8,94.0,57.2,73.98610504166668,129.34633748543123,67.91666412353516,127.76,42.5,135.91489361702128,-65.34588923529412,-47.89999,23.55686274509804,27.0,129.34633748543123,128.92575793159205,0,0,96.95154999589451,96.95154999589451,96.63630458242554
454,2020-02-19T19:34:15,2020-02-19T20:29:54,418,58.4,97.6,39.199999999999996,51.30072383611111,130.86919345946714,55.650001525878906,132.63,44.12,135.89139344262296,-55.282776842105264,-14.39999,27.033492822966508,29.0,130.86919345946714,128.9849073121431,0,0,98.09300672341816,98.09300672341816,96.68064000186769
455,2020-02-20T21:33:55,2020-02-20T23:01:11,655,30.4,97.6,67.19999999999999,85.68542482222222,127.50807265211641,87.26667022705078,132.65,44.13,135.91188524590166,-58.88977659541986,-14.70001,26.803053435114503,29.0,127.50807265211641,128.92575793159205,0,0,95.5736785512323,95.5736785512323,96.63630458242554
456,2020-02-21T06:13:11,2020-02-21T08:34:13,1058,19.6,97.6,78.0,101.25111548472223,129.80912241631054,141.03334045410156,132.63,44.12,135.89139344262296,-43.066642930056716,-15.0,25.351606805293006,28.0,129.80912241631054,128.92575793159205,0,0,97.2984304506159,97.2984304506159,96.63630458242554
457,2020-02-24T08:59:35,2020-02-24T10:43:55,783,14.8,98.0,83.2,104.4435244652778,125.53308228999735,104.33333587646484,133.14,44.29,135.85714285714283,-60.04355653895275,-15.20001,26.414431673052363,30.0,125.53308228999735,128.82874213999952,0,0,94.09332448356523,94.09332448356523,96.56358639378696
458,2020-02-24T20:17:28,2020-02-24T21:27:06,523,44.0,97.6,53.599999999999994,69.54010019305557,129.73899289749176,69.63333129882812,132.63,44.12,135.89139344262296,-59.8860446080306,-13.80002,31.49043977055449,34.0,129.73899289749176,128.82874213999952,0,0,97.24586486830312,97.24586486830312,96.56358639378696
459,2020-02-26T02:03:44,2020-02-26T03:11:15,507,46.8,97.6,50.8,65.90739955,129.73897549212597,67.51667022705078,129.98,43.24,133.1762295081967,-58.54241577909271,-14.0,29.14792899408284,31.0,129.73897549212597,128.82874213999952,0,0,97.24585182211082,97.24585182211082,96.56358639378696
460,2020-02-26T20:08:59,2020-02-26T21:15:26,499,46.4,97.6,51.199999999999996,65.90672248611112,128.72406735568578,66.44999694824219,129.96,43.23,133.15573770491804,-59.473346933867745,-14.80002,30.750501002004007,33.0,128.72406735568578,128.82874213999952,0,0,96.48512740699235,96.48512740699235,96.56358639378696
461,2020-02-27T00:12:57,2020-02-27T00:33:54,158,70.8,88.8,18.0,23.34739055277778,129.7077252932099,20.950000762939453,118.28,39.35,133.19819819819818,-66.75633392405065,-46.10001,30.917721518987342,32.0,129.7077252932099,128.82874213999952,0,0,97.22242823485281,97.22242823485281,96.56358639378696
462,2020-02-27T03:08:13,2020-02-27T04:07:28,446,53.2,97.6,44.39999999999999,57.313089005555554,129.08353379629634,59.25,129.98,43.24,133.1762295081967,-58.024893632287004,-13.89999,31.995515695067265,34.0,129.08353379629634,128.82874213999952,0,0,96.75456548514919,96.75456548514919,96.56358639378696
463,2020-02-27T12:35:53,2020-02-27T13:41:32,493,30.4,89.2,58.800000000000004,74.7064343638889,127.05175912226002,65.6500015258789,118.82,39.53,133.2062780269058,-68.2553914198783,-46.70001,32.316430020283974,35.0,127.05175912226002,128.7814331933606,0,0,95.23164873528442,95.23164873528442,96.52812597183393
464,2020-02-27T20:16:12,2020-02-27T21:39:06,623,22.0,94.0,72.0,92.15257711111111,127.98969043209877,82.9000015258789,125.22,41.65,133.2127659574468,-66.6841247351525,-46.5,34.18378812199037,37.0,127.98969043209877,128.7814331933606,0,0,95.93467516839691,95.93467516839691,96.52812597183393
465,2020-02-28T08:17:23,2020-02-28T09:40:06,621,32.8,97.6,64.8,82.09429015277779,126.68871937157066,82.71666717529297,129.98,43.24,133.1762295081967,-59.51917161030596,-14.70001,27.537842190016104,30.0,126.68871937157066,128.75202134443643,0,0,94.9595322824825,94.9595322824825,96.5060803198512
466,2020-03-01T19:40:55,2020-03-01T20:42:57,466,51.6,98.0,46.4,59.12556899027778,127.42579523766763,62.03333282470703,130.5,43.41,133.16326530612244,-57.139484527897,0.0,28.238197424892704,30.0,127.42579523766763,128.72704929718168,0,0,95.51200751349332,95.51200751349332,96.48736252130361
467,2020-03-02T10:48:34,2020-03-02T12:09:41,609,35.2,78.0,42.8,54.333069075,126.94642307242991,81.11666870117188,103.83,34.54,133.1153846153846,-40.18884415435139,-40.10001,27.458128078817733,29.0,126.94642307242991,128.66548991406427,0,0,95.15269409690802,95.15269409690802,96.44122068438692
468,2020-03-03T09:41:04,2020-03-03T11:33:32,844,6.4,97.6,91.19999999999999,116.39464769305556,127.62571018975392,112.46666717529297,129.96,43.23,133.15573770491804,-62.07039124407584,-13.89999,28.67239336492891,32.0,127.62571018975392,128.53105316670533,0,0,95.66185377005473,95.66185377005473,96.34045361756276
469,2020-03-04T14:15:09,2020-03-04T15:18:08,473,53.6,98.0,44.4,56.24917996944444,126.68734227352351,62.983333587646484,130.24,43.31,132.8979591836735,-53.55984353065539,-20.10001,23.80549682875264,25.0,126.68734227352351,128.3794056832804,0,0,94.95850007861215,94.95850007861215,96.2267862431566
470,2020-03-04T23:03:49,2020-03-05T00:01:52,436,58.8,97.6,38.8,50.012630112500005,128.89853121778353,58.04999923706055,128.23,42.62,131.38319672131146,-51.68257408256882,-20.0,21.360091743119266,23.0,128.89853121778353,128.53105316670533,0,0,96.61589679851494,96.61589679851494,96.34045361756276
471,2020-03-05T17:06:27,2020-03-05T18:36:07,673,26.0,97.6,71.6,89.51602263055554,125.02237797563623,89.66666412353516,129.98,43.24,133.1762295081967,-59.81767857355127,0.0,25.923476968796432,29.0,125.02237797563623,128.4552649890178,0,0,93.7105260539423,93.7105260539423,96.28364658737532
472,2020-03-06T19:23:02,2020-03-06T20:28:33,492,49.6,97.6,47.99999999999999,61.69549685277779,128.53228510995373,65.51667022705078,129.98,43.24,133.1762295081967,-56.47500981707318,-14.20001,26.29471544715447,28.0,128.53228510995373,128.4179513077733,0,0,96.34137702065064,96.34137702065064,96.25567811680989
473,2020-03-07T18:11:39,2020-03-07T19:13:57,468,51.2,98.0,46.8,60.01377602777778,128.23456416191834,62.29999923706055,130.5,43.41,133.16326530612244,-57.749143653846154,-15.30002,26.992521367521366,29.0,128.23456416191834,128.3024210814848,0,0,96.11822027775848,96.11822027775848,96.16908243325366
474,2020-03-08T00:47:29,2020-03-08T01:42:44,415,58.0,97.6,39.599999999999994,51.47564764444446,129.9890092031426,55.25,129.96,43.23,133.15573770491804,-55.871093831325304,-13.70001,28.57710843373494,30.0,129.9890092031426,128.4179513077733,0,0,97.4332645954877,97.4332645954877,96.25567811680989
475,2020-03-08T12:50:13,2020-03-08T13:43:04,397,58.8,97.6,38.8,50.62902914722222,130.48718852376862,52.849998474121094,129.98,43.24,133.1762295081967,-57.43501415617129,-14.30002,28.416876574307306,30.0,130.48718852376862,128.4179513077733,0,0,97.80667491579179,97.80667491579179,96.25567811680989
476,2020-03-09T16:13:19,2020-03-09T16:46:31,250,39.2,71.6,32.39999999999999,40.91080705277777,126.26792300240056,33.20000076293945,95.28,31.69,133.07262569832403,-73.93480272000001,-73.60001,27.484,29.0,126.26792300240056,128.3024210814848,0,0,94.64412435507766,94.64412435507766,96.16908243325366
477,2020-03-09T22:05:15,2020-03-09T23:56:15,833,35.2,98.0,62.8,79.78546096666668,127.04691236730362,111.0,130.5,43.41,133.16326530612244,-43.110092953181265,-14.30002,29.758103241296517,32.0,127.04691236730362,128.27964620808922,0,0,95.22801585000443,95.22801585000443,96.15201152641866
478,2020-03-10T22:15:57,2020-03-11T00:26:35,980,16.0,97.6,81.6,104.10820790694444,127.58358812125546,130.63333129882812,130.0,43.24,133.19672131147541,-47.80378169387755,-14.10001,28.26530612244898,31.0,127.58358812125546,128.27964620808922,0,0,95.63028117272148,95.63028117272148,96.15201152641866
479,2020-03-11T02:54:36,2020-03-11T03:39:18,336,66.4,98.0,31.599999999999994,40.61318617361111,128.5227410557314,44.70000076293945,130.5,43.41,133.16326530612244,-54.48810276785715,-14.89999,29.120535714285715,31.0,128.5227410557314,128.27964620808922,0,0,96.33422327460657,96.33422327460657,96.15201152641866
480,2020-03-11T16:11:54,2020-03-11T18:11:27,897,22.8,98.0,75.2,94.47614201111111,125.6331675679669,119.55000305175781,130.5,43.41,133.16326530612244,-47.397555908584174,-14.0,26.615942028985508,29.0,125.6331675679669,128.27964620808922,0,0,94.16834340578258,94.16834340578258,96.15201152641866
481,2020-03-12T09:00:08,2020-03-12T10:04:35,484,50.0,97.6,47.599999999999994,61.81495125555556,129.86334297385625,64.44999694824219,129.98,43.24,133.1762295081967,-57.51157661157026,-14.60001,25.727272727272727,27.0,129.86334297385625,128.27964620808922,0,0,97.33907147067022,97.33907147067022,96.15201152641866
482,2020-03-13T00:16:30,2020-03-13T00:57:36,309,70.0,97.6,27.599999999999994,35.59718521527778,128.97530875100648,41.099998474121094,129.96,43.23,133.15573770491804,-51.944019741100334,-14.60001,26.18284789644013,27.0,128.97530875100648,128.3024210814848,0,0,96.67344540016488,96.67344540016488,96.16908243325366
483,2020-03-13T16:47:38,2020-03-13T18:16:30,667,26.8,97.6,70.8,89.88832596250002,126.96091237641247,88.86666870117188,129.98,43.24,133.1762295081967,-60.66537170914543,-14.0,30.187406296851574,33.0,126.96091237641247,128.27964620808922,0,0,95.16355455501437,95.16355455501437,96.15201152641866
484,2020-03-14T18:48:14,2020-03-14T20:02:34,558,41.2,97.6,56.39999999999999,71.73052595555555,127.18178360914106,74.33333587646484,129.98,43.24,133.1762295081967,-57.87777630824372,-14.5,27.594982078853047,29.0,127.18178360914106,128.27964620808922,0,0,95.32910859217412,95.32910859217412,96.15201152641866
485,2020-03-15T14:26:15,2020-03-15T15:41:22,564,40.0,98.0,58.0,73.29486637222222,126.3704592624521,75.11666870117188,130.5,43.41,133.16326530612244,-58.51347936170214,-14.5,27.104609929078013,29.0,126.3704592624521,128.24631596036002,0,0,94.72098041096636,94.72098041096636,96.12702883852882
486,2020-03-16T00:30:00,2020-03-16T01:45:15,565,39.2,97.6,58.39999999999999,74.9646534875,128.36413268407534,75.25,130.0,43.24,133.19672131147541,-59.7396465840708,-14.39999,29.365486725663718,32.0,128.36413268407534,128.24631596036002,0,0,96.21533836627965,96.21533836627965,96.12702883852882
487,2020-03-16T18:19:14,2020-03-16T19:49:50,680,16.0,94.8,78.8,100.25354692777779,127.22531336012412,90.5999984741211,126.29,42.01,133.21729957805908,-66.34853288235296,0.0,32.16323529411765,36.0,127.22531336012412,128.2274511550948,0,0,95.36173631794347,95.36173631794347,96.11288872334356
488,2020-03-18T08:33:06,2020-03-18T09:51:01,585,40.4,98.0,57.6,73.78536724583333,128.09959591290507,77.91666412353516,130.5,43.41,133.16326530612244,-56.78991924786325,-14.0,26.335042735042734,28.0,128.09959591290507,128.15996703058818,0,0,96.01705482385809,96.01705482385809,96.06230599639338
489,2020-03-19T10:17:54,2020-03-19T12:01:02,774,12.8,97.6,84.8,107.4526672527778,126.7130510056342,103.13333129882812,129.96,43.23,133.15573770491804,-62.485667338501294,-14.80002,28.997416020671835,33.0,126.7130510056342,128.05217367363178,0,0,94.97777005930907,94.97777005930907,95.98150948340854
490,2020-03-20T07:05:45,2020-03-20T09:26:50,1059,16.8,97.6,80.8,102.51144018055554,126.87059428286578,141.0833282470703,129.98,43.24,133.1762295081967,-43.58282397544854,-14.20001,25.451369216241737,29.0,126.87059428286578,127.99722093322863,0,0,95.09585662608761,95.09585662608761,95.94031965567795
491,2020-03-20T17:47:59,2020-03-20T18:32:01,331,68.0,97.6,29.599999999999994,38.68439027777777,130.6905076951952,44.03333282470703,129.98,43.24,133.1762295081967,-52.67492637462236,-14.0,26.91842900302115,28.0,130.6905076951952,127.99722093322863,0,0,97.95907280503167,97.95907280503167,95.94031965567795
492,2020-03-21T22:17:00,2020-03-21T23:47:59,683,50.0,97.6,47.599999999999994,61.60566177916668,129.42365919993003,90.98332977294922,129.96,43.23,133.15573770491804,-40.60981559297218,-14.10001,28.76134699853587,30.0,129.42365919993003,127.99722093322863,0,0,97.00950648863126,97.00950648863126,95.94031965567795
493,2020-03-22T03:31:29,2020-03-22T04:02:42,235,78.8,98.0,19.200000000000003,24.464976325000002,127.42175169270833,31.21666717529297,130.5,43.41,133.16326530612244,-47.00298659574469,-14.5,28.036170212765956,29.0,127.42175169270833,127.99722093322863,0,0,95.5089766742836,95.5089766742836,95.94031965567795
494,2020-03-22T16:07:56,2020-03-22T16:36:06,212,33.6,59.2,25.6,32.790918518055555,128.08952546115452,28.16666603088379,78.77,26.2,133.05743243243242,-69.68585297169811,0.0,31.985849056603772,34.0,128.08952546115452,128.0471384477565,0,0,96.00950651653562,96.00950651653562,95.9777353297473
495,2020-03-22T16:46:38,2020-03-22T17:11:11,185,59.2,83.6,24.39999999999999,28.656668322222224,117.44536197632063,24.549999237060547,111.38,37.05,133.22966507177034,-70.03622021621622,-69.70001,33.79189189189189,35.0,117.44536197632063,127.99722093322863,0,0,88.03117355151771,88.03117355151771,95.94031965567795
496,2020-03-23T16:13:51,2020-03-23T16:54:48,308,47.6,85.2,37.6,48.21297861388889,128.22600695183218,40.95000076293945,113.43,37.73,133.1338028169014,-70.64156779220778,-70.39999,31.224025974025974,33.0,128.22600695183218,127.99722093322863,0,0,96.11180622075754,96.11180622075754,95.94031965567795
497,2020-03-23T22:03:00,2020-03-23T23:29:03,646,50.8,97.6,46.8,60.740181202777784,129.78671197174742,86.05000305175781,129.98,43.24,133.1762295081967,-42.30432515479877,-10.30002,32.70743034055727,34.0,129.78671197174742,127.99722093322863,0,0,97.28163270141998,97.28163270141998,95.94031965567795
498,2020-03-24T20:39:46,2020-03-24T22:12:38,697,20.4,97.6,77.19999999999999,98.78409103194444,127.95866713982443,92.86666870117188,129.98,43.24,133.1762295081967,-63.7879443615495,-14.5,34.51793400286944,37.0,127.95866713982443,127.9741787859616,0,0,95.91142165901701,95.91142165901701,95.92304841370697
499,2020-03-25T14:29:56,2020-03-25T15:23:02,399,44.8,91.2,46.400000000000006,59.61573393333334,128.4821852011494,53.099998474121094,121.43,40.39,133.1469298245614,-67.34011343358397,-47.80002,30.383458646616543,32.0,128.4821852011494,127.9741787859616,0,0,96.30382463294751,96.30382463294751,95.92304841370697
500,2020-03-26T10:09:51,2020-03-26T11:29:55,601,25.2,95.2,70.0,87.96137244444445,125.65910349206351,80.06666564941406,126.78,42.17,133.17226890756302,-65.90516655574045,-46.80002,29.707986688851914,33.0,125.65910349206351,127.9741787859616,0,0,94.18778367823734,94.18778367823734,95.92304841370697
501,2020-03-26T22:35:42,2020-03-26T23:45:29,524,44.4,97.6,53.199999999999996,68.1078808486111,128.02233242220134,69.78333282470703,130.0,43.24,133.19672131147541,-58.53302028625954,-14.0,31.161259541984734,33.0,128.02233242220134,128.00601142715004,0,0,95.95914197276817,95.95914197276817,95.94690857058254
502,2020-03-27T16:28:53,2020-03-27T18:00:32,688,22.4,97.6,75.19999999999999,95.49988602916667,126.99452929410464,91.6500015258789,130.0,43.24,133.19672131147541,-62.49143161337211,-14.80002,34.22892441860465,37.0,126.99452929410464,128.00601142715004,0,0,95.18875211638102,95.18875211638102,95.94690857058254
503,2020-03-28T20:25:48,2020-03-28T21:52:48,653,26.8,97.6,70.8,88.46533364444444,124.95103622096673,87.0,129.98,43.24,133.1762295081967,-60.98545199081164,-14.0,27.6531393568147,30.0,124.95103622096673,127.9741787859616,0,0,93.657051840222,93.657051840222,95.92304841370697
504,2020-03-29T12:05:58,2020-03-29T13:11:21,491,48.8,97.6,48.8,62.04601885694444,127.14348126423042,65.38333129882812,129.98,43.24,133.1762295081967,-56.91751983706721,-13.89999,24.54887983706721,26.0,127.14348126423042,127.79218866478917,0,0,95.30039906873685,95.30039906873685,95.78663771453587
505,2020-03-30T01:46:55,2020-03-30T02:31:29,335,44.4,84.8,40.4,51.657382473611115,127.86480810299781,44.56666564941406,112.29,37.33,132.4174528301887,-69.53911453731344,-62.70001,23.288059701492536,26.0,127.86480810299781,127.91173762141112,0,0,95.84106961597993,95.84106961597993,95.87624563749847
506,2020-03-30T13:53:00,2020-03-30T15:05:51,547,33.2,96.4,63.2,79.09217518333332,125.14584680907171,72.8499984741211,128.13,42.61,132.91493775933608,-65.09854449725776,-15.20001,23.610603290676416,27.0,125.14584680907171,127.74525914637587,0,0,93.80307212065334,93.80307212065334,95.75146169301733
512,2020-03-30T21:01:08,2020-03-30T21:25:41,185,78.0,93.2,15.200000000000003,18.206240713888896,119.77789943347956,24.549999237060547,122.9,40.85,131.86695278969958,-44.494605837837845,-19.10001,23.478378378378377,25.0,119.77789943347956,127.74525914637587,0,0,89.77952705182855,89.77952705182855,95.75146169301733
513,2020-04-01T00:23:49,2020-04-01T01:13:27,373,60.4,95.6,35.199999999999996,44.89367209861111,127.53884118923612,49.63333511352539,125.08,41.57,130.836820083682,-54.239416729222526,-19.5,19.3686327077748,21.0,127.53884118923612,127.60464915550469,0,0,95.59674110888066,95.59674110888066,95.64606747138811
514,2020-04-01T12:09:17,2020-04-01T13:54:41,791,41.6,98.0,56.4,70.66395375833334,125.29069815307331,105.4000015258789,130.24,43.31,132.8979591836735,-40.21871580278129,-19.60001,23.79772439949431,26.0,125.29069815307331,127.56121465524579,0,0,93.91164544861111,93.91164544861111,95.61351114080108
515,2020-04-02T02:53:06,2020-04-02T04:06:21,550,46.8,97.6,50.8,64.21436923472223,126.406238651028,73.25,128.71,42.78,131.875,-52.57582485454546,-19.10001,22.49909090909091,24.0,126.406238651028,127.48231821345188,0,0,94.74779885242961,94.74779885242961,95.55437431118699
516,2020-04-02T17:16:41,2020-04-02T18:43:44,654,26.0,97.6,71.6,89.77686796944447,125.38668710816268,87.05000305175781,129.96,43.23,133.15573770491804,-61.831961926605516,-13.70001,25.46177370030581,28.0,125.38668710816268,127.42377346518798,0,0,93.98359397192704,93.98359397192704,95.51049209388846
517,2020-04-03T14:24:58,2020-04-03T15:51:41,651,20.8,96.8,76.0,94.58642365,124.45582059210527,86.71666717529297,128.92,42.88,133.1818181818182,-65.43103400921659,-45.70001,26.874039938556066,30.0,124.45582059210527,127.32353252641622,0,0,93.28586295514268,93.28586295514268,95.43535649611354
518,2020-04-04T05:02:06,2020-04-04T06:24:58,622,30.8,97.6,66.8,84.26491401111112,126.14508085495677,82.86666870117188,129.98,43.24,133.1762295081967,-60.98586020900322,-13.60001,24.576366559485532,28.0,126.14508085495677,127.32353252641622,0,0,94.55204802086494,94.55204802086494,95.43535649611354
519,2020-04-04T16:14:26,2020-04-04T17:33:09,591,35.6,97.6,61.99999999999999,77.52570477222221,125.04145931003585,78.71666717529297,129.98,43.24,133.1762295081967,-59.06768976311337,-13.5,27.199661590524535,30.0,125.04145931003585,127.20354848463259,0,0,93.72482846854481,93.72482846854481,95.3454224550588
520,2020-04-04T23:09:54,2020-04-05T00:19:09,520,61.2,97.6,36.39999999999999,46.66803454861111,128.20888612255803,69.25,129.74,43.14,132.93032786885246,-40.411352038461544,-14.10001,25.50096153846154,27.0,128.20888612255803,127.32353252641622,0,0,96.09897330281326,96.09897330281326,95.43535649611354
521,2020-04-05T17:06:38,2020-04-05T19:00:42,856,36.4,97.6,61.199999999999996,76.05195381111112,124.2678983841685,114.06666564941406,128.2,42.61,131.35245901639342,-39.967294637850465,0.0,21.23306074766355,23.0,124.2678983841685,127.20354848463259,0,0,93.14500586021201,93.14500586021201,95.3454224550588
522,2020-04-06T20:44:32,2020-04-06T22:29:08,785,12.4,97.6,85.19999999999999,106.73087908888891,125.27098484611376,104.5999984741211,129.98,43.24,133.1762295081967,-61.19542431847135,-13.20001,24.551592356687898,28.0,125.27098484611376,127.20354848463259,0,0,93.89686933896296,93.89686933896296,95.3454224550588
523,2020-04-07T14:18:34,2020-04-07T15:27:07,515,29.2,91.2,62.0,76.52270368055557,123.4237156137993,68.55000305175781,121.44,40.4,133.1578947368421,-66.9602022524272,-45.80002,25.05242718446602,28.0,123.4237156137993,127.16263243668574,0,0,92.51224864684026,92.51224864684026,95.31475383045549
524,2020-04-07T23:12:34,2020-04-07T23:59:48,355,31.6,75.6,43.99999999999999,55.23498022777778,125.53404597222224,47.233333587646484,100.63,33.47,133.10846560846562,-70.16479887323945,-70.0,26.84225352112676,30.0,125.53404597222224,127.16263243668574,0,0,94.09404681159728,94.09404681159728,95.31475383045549
525,2020-04-08T00:00:04,2020-04-08T00:33:17,250,76.0,97.6,21.599999999999994,27.80271308055556,128.71626426183133,33.21666717529297,129.96,43.23,133.15573770491804,-50.1776086,-13.80002,29.088,31.0,128.71626426183133,127.16263243668574,0,0,96.47927859782884,96.47927859782884,95.31475383045549
526,2020-04-08T04:04:50,2020-04-08T04:45:25,306,69.2,97.6,28.39999999999999,36.265004661111114,127.6936783841941,40.58333206176758,129.98,43.24,133.1762295081967,-53.622229150326795,-14.10001,27.312091503267975,29.0,127.6936783841941,127.20354848463259,0,0,95.71279933163385,95.71279933163385,95.3454224550588
527,2020-04-08T20:45:31,2020-04-08T21:21:17,269,3.2,21.6,18.400000000000002,23.506666777777777,127.75362379227052,35.766666412353516,28.58,9.5,132.31481481481478,-39.36988866171004,-5.0,28.5,29.0,127.75362379227052,127.20354848463259,0,0,95.75773141352445,95.75773141352445,95.3454224550588
528,2020-04-08T21:28:21,2020-04-08T23:00:41,693,21.2,70.4,49.2,61.19855819333333,124.38731340108399,92.33333587646484,93.75,31.18,133.16761363636363,-39.74285885137085,-4.899994,30.67821067821068,33.0,124.38731340108399,127.16263243668574,0,0,93.2345133886648,93.2345133886648,95.31475383045549
529,2020-04-08T23:05:41,2020-04-08T23:55:45,377,70.0,97.6,27.599999999999994,33.024725249999996,119.65480163043478,50.06666564941406,130.05,43.26,133.24795081967216,-39.532099098143235,-5.0,32.45225464190982,33.0,119.65480163043478,127.09519681576703,0,0,89.68725909095471,89.68725909095471,95.26420745937064
530,2020-04-09T05:34:55,2020-04-09T06:25:53,383,72.8,97.6,24.799999999999997,32.20988969588889,129.87858748342296,50.96666717529297,129.98,43.24,133.1762295081967,-37.83681561958225,-0.3000183,27.383812010443865,29.0,129.87858748342296,127.09519681576703,0,0,97.35049799313813,97.35049799313813,95.26420745937064
531,2020-04-09T17:49:50,2020-04-09T19:11:21,612,26.0,96.4,70.4,88.21134071944445,125.30019988557449,81.51667022705078,128.43,42.72,133.22614107883817,-64.91732571895426,-45.30002,33.93627450980392,36.0,125.30019988557449,127.09519681576703,0,0,93.91876747240818,93.91876747240818,95.26420745937064
532,2020-04-11T04:03:39,2020-04-11T05:42:23,741,13.2,97.6,84.39999999999999,104.02351737916666,123.25061300849133,98.73332977294922,127.32,42.35,130.45081967213113,-63.18556217273953,-13.30002,30.79622132253711,34.0,123.25061300849133,127.06900527916753,0,0,92.3824995853732,92.3824995853732,95.24457559255893
533,2020-04-11T18:16:13,2020-04-11T19:15:51,448,49.6,97.6,47.99999999999999,60.522979516666666,126.08954065972225,59.63333511352539,124.66,41.47,127.72540983606557,-60.84732875000001,-13.20001,29.417410714285715,31.0,126.08954065972225,126.97772083525855,0,0,94.51041786635308,94.51041786635308,95.1761533356977
534,2020-04-12T01:45:39,2020-04-12T02:47:02,461,49.6,97.6,47.99999999999999,60.2134794513889,125.44474885706022,61.38333511352539,124.66,41.47,127.72540983606557,-58.825806963123654,-13.5,26.56832971800434,29.0,125.44474885706022,126.91575332963913,0,0,94.02711415704032,94.02711415704032,95.129705590551
535,2020-04-12T14:36:03,2020-04-12T15:55:34,597,30.8,97.6,66.8,83.057201125,124.33712743263476,79.51667022705078,124.65,41.46,127.71516393442624,-62.6371909882747,-13.20001,28.576214405360133,31.0,124.33712743263476,126.91575332963913,0,0,93.19689649495302,93.19689649495302,95.129705590551
536,2020-04-13T04:19:40,2020-04-13T05:25:11,492,46.0,97.6,51.599999999999994,64.56289553611111,125.12189057385878,65.51667022705078,124.42,41.37,127.47950819672131,-59.08903048780488,-13.20001,25.0010162601626,27.0,125.12189057385878,126.79182264424999,0,0,93.78511572404318,93.78511572404318,95.03681334269834
537,2020-04-13T18:26:34,2020-04-13T19:57:17,681,18.8,97.6,78.8,97.55561938333334,123.80154744077836,90.71666717529297,124.71,41.48,127.77663934426229,-64.48664277533041,-13.30002,31.42511013215859,34.0,123.80154744077836,126.5596448283311,0,0,92.79545250073777,92.79545250073777,94.86278445586933
538,2020-04-14T05:17:19,2020-04-14T06:42:27,639,29.6,98.0,68.4,84.68912032916668,123.81450340521444,85.13333129882812,125.17,41.63,127.72448979591837,-59.654779577464794,-13.5,28.413145539906104,32.0,123.81450340521444,126.38834895674006,0,0,92.80516364415465,92.80516364415465,94.73438963169798
539,2020-04-14T18:01:21,2020-04-14T20:14:06,996,17.6,97.6,80.0,98.61535326944444,123.26919158680555,132.75,124.66,41.47,127.72540983606557,-44.5564347188755,-13.70001,29.2324297188755,32.0,123.26919158680555,126.25777005870444,0,0,92.39642515914129,92.39642515914129,94.63651421591565
540,2020-04-15T02:53:51,2020-04-15T04:49:55,871,28.4,97.6,69.19999999999999,85.83565428888889,124.03996284521519,116.06666564941406,124.65,41.46,127.71516393442624,-44.354643444316885,-13.5,28.513203214695753,31.0,124.03996284521519,126.11731075733951,0,0,92.9741567721722,92.9741567721722,94.53123294360901
541,2020-04-15T16:41:42,2020-04-15T17:22:40,308,52.8,89.6,36.8,46.25658376388889,125.6972384888285,40.96666717529297,114.41,38.06,127.68973214285715,-67.72272795454545,-44.80002,32.631493506493506,34.0,125.6972384888285,125.89338957427537,0,0,94.21636776586851,94.21636776586851,94.3633928161108
542,2020-04-15T17:25:04,2020-04-15T17:39:50,112,89.6,97.6,8.0,10.050874534722219,125.63593168402774,14.766666412353516,124.68,41.47,127.74590163934427,-40.890176785714296,-13.30002,33.5,34.0,125.63593168402774,125.678170990446,0,0,94.1704152490344,94.1704152490344,94.20207572205292
543,2020-04-16T00:29:56,2020-04-16T01:33:19,476,47.2,97.6,50.39999999999999,63.301016694444456,125.59725534611998,63.38333511352539,124.65,41.46,127.71516393442624,-59.8823687184874,-13.39999,31.732142857142858,34.0,125.59725534611998,125.64751758804562,0,0,94.14142539913823,94.14142539913823,94.17909946363588
544,2020-04-16T17:02:45,2020-04-16T18:32:09,671,20.8,97.6,76.8,94.96506836527779,123.65243276728879,89.4000015258789,124.65,41.46,127.71516393442624,-63.70208570789866,-13.39999,33.19672131147541,36.0,123.65243276728879,125.61659351507386,0,0,92.68368359407216,92.68368359407216,94.15592032408631
545,2020-04-17T10:49:31,2020-04-17T11:31:58,320,66.8,97.6,30.799999999999997,38.7509046125,125.81462536525974,42.45000076293945,124.68,41.47,127.74590163934427,-54.702190093750005,-13.39999,28.0671875,29.0,125.81462536525974,125.61659351507386,0,0,94.30435510157848,94.30435510157848,94.15592032408631
548,2020-04-18T00:20:56,2020-04-18T01:38:35,583,28.4,96.8,68.4,83.93633730555557,122.7139434291748,77.6500015258789,123.68,41.14,127.76859504132233,-64.84682981132076,-44.70001,32.451114922813034,35.0,122.7139434291748,125.56565065917111,0,0,91.98023889085418,91.98023889085418,94.11773610536775
549,2020-04-18T11:01:37,2020-04-18T11:45:07,327,65.6,97.6,32.0,40.38187832083333,126.19336975260416,43.5,124.68,41.47,127.74590163934427,-55.65474464831806,-13.20001,29.79663608562691,31.0,126.19336975260416,125.56565065917111,0,0,94.5882429651171,94.5882429651171,94.11773610536775
550,2020-04-19T00:05:45,2020-04-19T01:24:37,592,30.8,98.0,67.2,83.03288480277777,123.56084048032406,78.86666870117188,125.17,41.63,127.72448979591837,-63.13952391891893,-13.5,32.09121621621622,35.0,123.56084048032406,125.48939741464123,0,0,92.61503059344199,92.61503059344199,94.06058048431879
551,2020-04-19T05:06:09,2020-04-19T05:40:18,257,74.4,97.6,23.19999999999999,29.559382868055557,127.41113305196367,34.150001525878906,124.66,41.47,127.72540983606557,-51.88406042801557,-12.89999,31.8852140077821,33.0,127.41113305196367,125.48939741464123,0,0,95.50101747188904,95.50101747188904,94.06058048431879
552,2020-04-21T02:07:23,2020-04-21T04:24:49,1031,17.6,98.0,80.4,98.85680875833334,122.95622979892207,137.43333435058594,125.17,41.63,127.72448979591837,-43.138804742968,0.0,31.087778855480117,34.0,122.95622979892207,125.48939741464123,0,0,92.16184464441888,92.16184464441888,94.06058048431879
553,2020-04-21T13:47:45,2020-04-21T15:29:49,766,8.400001,97.6,89.19999899999999,111.21332708194444,124.67861920261282,102.06666564941406,124.63,41.46,127.69467213114754,-65.3673674151436,-44.39999,38.932114882506525,42.0,124.67861920261282,125.41571798261145,0,0,93.45286165835738,93.45286165835738,94.00535406448367
554,2020-04-22T00:35:34,2020-04-22T01:39:37,481,44.4,98.0,53.6,67.05832643194447,125.10881797004564,64.05000305175781,125.17,41.63,127.72448979591837,-62.761129189189205,0.0,34.24012474012474,36.0,125.10881797004564,125.34344349686859,0,0,93.77531715357875,93.77531715357875,93.9511807221676
555,2020-04-22T12:46:34,2020-04-22T14:15:42,669,47.2,97.6,50.39999999999999,63.16855339722223,125.33443134369493,89.13333129882812,124.65,41.46,127.71516393442624,-42.49089914798207,-13.70001,26.91778774289985,29.0,125.33443134369493,125.31731561463471,0,0,93.94442566256583,93.94442566256583,93.931596567487
556,2020-04-23T05:57:49,2020-04-23T06:17:39,120,57.6,69.6,11.999999999999993,14.812777805555557,123.43981504629639,19.83333396911621,87.37,29.03,125.53160919540231,-44.625833416666666,0.0,20.3125,21.0,123.43981504629639,125.2954490193239,0,0,92.52431597680871,92.52431597680871,93.91520646050964
557,2020-04-23T06:17:50,2020-04-23T06:49:30,191,69.6,88.8,19.200000000000003,23.75,123.69791666666664,31.66666603088379,111.95,37.21,126.06981981981983,-45.0,-45.0,21.198952879581153,22.0,123.69791666666664,125.28084149959354,0,0,92.71777605181212,92.71777605181212,93.90425739378703
558,2020-04-23T06:49:41,2020-04-23T07:11:41,133,88.8,98.0,9.200000000000003,11.529166944444443,125.31703200483086,22.0,123.47,41.04,125.98979591836735,-31.37594060150376,0.0,22.289473684210527,23.0,125.31703200483086,125.28084149959354,0,0,93.93138398775255,93.93138398775255,93.90425739378703
559,2020-04-23T14:49:38,2020-04-23T15:09:58,123,53.6,72.4,18.800000000000004,23.72930626388889,126.21971416962172,20.33333396911621,92.3,30.69,127.48618784530385,-70.02032723577237,-69.89999,24.178861788617887,26.0,126.21971416962172,125.28084149959354,0,0,94.60798942344941,94.60798942344941,93.90425739378703
561,2020-04-23T15:24:29,2020-04-23T15:47:39,140,86.0,98.0,12.0,14.913887152777779,124.28239293981483,23.16666603088379,125.17,41.63,127.72448979591837,-38.648567,-13.5,26.478571428571428,27.0,124.28239293981483,125.28084149959354,0,0,93.15587025470305,93.15587025470305,93.90425739378703
563,2020-04-24T00:27:25,2020-04-24T00:59:25,193,55.2,74.4,19.200000000000003,23.893344000000006,124.4445,32.0,94.84,31.54,127.47311827956987,-44.80002000000001,-44.80002,24.860103626943005,26.0,124.4445,125.20841582759275,0,0,93.27737760509092,93.27737760509092,93.84997072980815
564,2020-04-24T00:59:36,2020-04-24T01:18:26,114,74.4,85.6,11.199999999999989,14.062228500000005,125.55561160714302,18.83333396911621,109.08,36.27,127.42990654205607,-44.80002,-44.80002,25.333333333333332,27.0,125.55561160714302,125.20841582759275,0,0,94.11021133370792,94.11021133370792,93.84997072980815
566,2020-04-24T17:43:48,2020-04-24T18:43:18,447,54.0,97.6,43.599999999999994,54.23153974166667,124.38426546253825,59.5,124.68,41.47,127.74590163934427,-54.657282729306495,-13.89999,27.004474272930647,29.0,124.38426546253825,125.19643770998627,0,0,93.23222880626344,93.23222880626344,93.84099253150308
568,2020-04-25T14:28:20,2020-04-25T14:57:20,175,38.4,56.8,18.4,21.772363347222228,118.32806166968602,29.0,72.43999,24.09,127.53519366197183,-45.04629034285714,-45.0,25.742857142857144,28.0,118.32806166968602,125.19643770998627,0,0,88.69280112533528,88.69280112533528,93.84099253150308
569,2020-04-25T14:57:31,2020-04-25T15:26:51,177,56.8,74.8,18.0,22.039865097222226,122.44369498456793,29.33333396911621,95.47,31.76,127.63368983957218,-45.081364067796606,-45.0,27.423728813559322,28.0,122.44369498456793,125.11535427195221,0,0,91.77767416348749,91.77767416348749,93.78021643881097
570,2020-04-25T15:27:02,2020-04-25T15:58:12,188,74.8,93.6,18.799999999999997,23.414865097222226,124.54715477245867,31.16666603088379,119.52,39.76,127.6923076923077,-45.076603404255316,-45.0,28.27659574468085,29.0,124.54715477245867,125.07513864004073,0,0,93.35432249195689,93.35432249195689,93.75007281106178
572,2020-04-25T19:23:05,2020-04-25T19:44:55,132,74.8,88.0,13.200000000000003,16.381531416666668,124.10251073232321,21.83333396911621,112.48,37.41,127.81818181818183,-44.93182818181818,-22.20001,29.325757575757574,30.0,124.10251073232321,124.86003925632434,0,0,93.02103954227596,93.02103954227596,93.58884506345109
573,2020-04-25T19:45:06,2020-04-25T20:04:06,115,88.0,97.6,9.599999999999994,12.204028805555556,127.12530005787045,19.0,124.65,41.46,127.71516393442624,-38.459133739130436,-13.60001,29.5,30.0,127.12530005787045,124.86003925632434,0,0,95.28677134512547,95.28677134512547,93.58884506345109
574,2020-04-26T15:30:43,2020-04-26T15:55:53,152,54.4,78.0,23.6,29.380696416666673,124.49447634180792,25.16666603088379,99.68999,33.16,127.80767948717947,-70.04671519736843,-69.80002,29.80263157894737,31.0,124.49447634180792,124.86003925632434,0,0,93.31483737314927,93.31483737314927,93.58884506345109
575,2020-04-26T15:56:04,2020-04-26T16:24:24,171,78.0,97.6,19.599999999999994,24.981946375000003,127.45891007653066,28.33333396911621,124.66,41.47,127.72540983606557,-52.83743093567252,-13.39999,31.067251461988302,32.0,127.45891007653066,124.86003925632434,0,0,95.53682874166297,95.53682874166297,93.58884506345109
577,2020-04-27T04:47:50,2020-04-27T05:20:00,194,36.8,67.6,30.799999999999997,37.454586125000006,121.60579910714287,32.16666793823242,86.37,28.73,127.76627218934914,-69.86340726804124,-69.60001,29.38917525773196,32.0,121.60579910714287,124.61288698753575,0,0,91.1496292908549,91.1496292908549,93.40359207515714
578,2020-04-27T05:20:11,2020-04-27T05:52:21,194,68.0,93.6,25.599999999999994,32.294586,126.15072656250004,32.16666793823242,119.55,39.77,127.72435897435898,-60.225262628865984,-45.0,31.353092783505154,33.0,126.15072656250004,124.61288698753575,0,0,94.55627976107333,94.55627976107333,93.40359207515714
581,2020-04-27T17:44:30,2020-04-27T18:16:10,191,17.6,47.2,29.6,36.9868083888889,124.95543374624627,31.66666603088379,60.26,20.04,127.66949152542372,-70.08063356020944,-69.89999,34.897905759162306,37.0,124.95543374624627,124.81702647442955,0,0,93.66034800538822,93.66034800538822,93.55660483187279
582,2020-04-27T18:16:21,2020-04-27T18:45:51,178,47.6,75.6,27.999999999999993,34.444308694444445,123.01538819444448,29.5,96.64,32.14,127.83068783068785,-70.0567479775281,-69.70001,37.57865168539326,39.0,123.01538819444448,124.61288698753575,0,0,92.206186821033,92.206186821033,93.40359207515714
583,2020-04-27T18:46:02,2020-04-27T19:15:52,180,75.6,97.6,22.0,27.69500265277778,125.88637569444445,29.83333396911621,124.71,41.48,127.77663934426229,-55.62222755555556,-13.60001,38.00555555555555,39.0,125.88637569444445,124.81702647442955,0,0,94.35813556233529,94.35813556233529,93.55660483187279
585,2020-04-28T01:07:50,2020-04-28T01:31:50,145,57.6,80.0,22.4,28.317920388888897,126.41928745039688,24.0,102.27,34.02,127.83749999999999,-70.794492,-70.60001,34.16551724137931,36.0,126.41928745039688,124.81702647442955,0,0,94.75757958027233,94.75757958027233,93.55660483187279
586,2020-04-28T01:32:01,2020-04-28T01:58:11,158,80.0,97.6,17.599999999999994,22.541250625,128.0752876420455,26.16666603088379,124.68,41.47,127.74590163934427,-51.628482405063295,-14.0,35.20886075949367,37.0,128.0752876420455,124.81702647442955,0,0,95.99883455892156,95.99883455892156,93.55660483187279
588,2020-04-28T13:32:45,2020-04-28T14:01:35,174,50.0,76.8,26.799999999999997,33.73917219444445,125.89243356135991,28.83333396911621,98.21,32.67,127.87760416666666,-70.20863218390805,-70.10001,35.11494252873563,37.0,125.89243356135991,124.81702647442955,0,0,94.3626762366098,94.3626762366098,93.55660483187279
589,2020-04-28T14:01:46,2020-04-28T14:32:26,185,77.2,97.6,20.39999999999999,26.22694929166667,128.56347691993471,30.66666603088379,124.66,41.47,127.72540983606557,-51.263252756756756,-13.80002,36.0,37.0,128.56347691993471,124.81702647442955,0,0,96.36475684248111,96.36475684248111,93.55660483187279
591,2020-04-29T03:38:23,2020-04-29T04:09:23,187,20.8,49.6,28.8,36.164166416666674,125.5700222800926,31.0,63.39,21.08,127.8024193548387,-69.99518668449198,-69.89999,32.80748663101604,36.0,125.5700222800926,125.03212585814595,0,0,94.12101285392185,94.12101285392185,93.71783257948348
592,2020-04-29T04:09:34,2020-04-29T04:37:04,166,50.0,76.0,26.0,32.079999666666666,123.3846141025641,27.5,97.17,32.32,127.85526315789474,-69.99277036144578,-69.89999,36.00301204819277,38.0,123.3846141025641,125.03212585814595,0,0,92.48294010826751,92.48294010826751,93.71783257948348
593,2020-04-29T04:37:15,2020-04-29T05:08:05,186,76.0,97.6,21.599999999999994,27.589442527777777,127.72890059156381,30.83333396911621,124.73,41.49,127.797131147541,-53.624189784946225,-13.80002,37.0,38.0,127.72890059156381,125.03212585814595,0,0,95.73920013791223,95.73920013791223,93.71783257948348
597,2020-04-29T21:31:26,2020-04-29T21:59:56,172,51.2,77.6,26.39999999999999,33.28611466666666,126.0837676767677,28.5,99.2,33.0,127.83505154639177,-70.07617029069766,-70.0,35.74418604651163,37.0,126.0837676767677,125.03212585814595,0,0,94.5060907268575,94.5060907268575,93.71783257948348
598,2020-04-29T22:00:07,2020-04-29T22:26:37,160,77.6,96.8,19.200000000000003,24.077777847222222,125.40509295428238,26.5,123.69,41.14,127.77892561983471,-54.5362501875,-45.39999,36.534375,38.0,125.40509295428238,125.11535427195221,0,0,93.99739007427506,93.99739007427506,93.78021643881097
600,2020-04-30T13:27:35,2020-04-30T13:55:25,168,14.4,40.4,26.0,32.47680761111111,124.9107985042735,27.83333396911621,51.47,17.12,127.4009900990099,-70.01012357142858,-69.70001,34.586309523809526,37.0,124.9107985042735,125.03212585814595,0,0,93.62689165882418,93.62689165882418,93.71783257948348
601,2020-04-30T13:55:36,2020-04-30T14:26:06,184,40.4,69.6,29.199999999999996,35.52875108333333,121.67380507990867,30.5,88.98,29.6,127.84482758620692,-69.8934803804348,-69.60001,37.77989130434783,40.0,121.67380507990867,124.93311612525989,0,0,91.20060316917879,91.20060316917879,93.6436198321062
602,2020-04-30T14:26:17,2020-04-30T14:47:44,132,69.6,88.8,19.200000000000003,24.132681459722225,125.69104926938657,21.450000762939453,113.45,37.74,127.759009009009,-67.47197219696969,-45.10001,39.28409090909091,40.0,125.69104926938657,125.03212585814595,0,0,94.211728636305,94.211728636305,93.71783257948348
604,2020-05-01T02:34:21,2020-05-01T02:51:51,106,6.0,22.4,16.4,20.43430672222222,124.59943123306233,17.5,28.54,9.49,127.41071428571429,-70.06038132075471,-69.89999,32.65094339622642,34.0,124.59943123306233,124.93311612525989,0,0,93.3935063141072,93.3935063141072,93.6436198321062
605,2020-05-01T02:52:02,2020-05-01T03:23:12,188,22.4,51.6,29.200000000000003,36.39055798611111,124.62519858257228,31.16666603088379,65.77,21.87,127.46124031007751,-70.05691957446808,-69.80002,34.555851063829785,38.0,124.62519858257228,124.93311612525989,0,0,93.41282023147697,93.41282023147697,93.6436198321062
606,2020-05-01T03:23:23,2020-05-01T03:54:33,188,52.0,80.8,28.799999999999997,36.38389136111112,126.33295611496916,31.16666603088379,103.23,34.34,127.75990099009903,-70.04362175531915,-69.80002,37.45744680851064,39.0,126.33295611496916,125.03212585814595,0,0,94.6928699259779,94.6928699259779,93.71783257948348
607,2020-05-01T03:54:44,2020-05-01T04:20:54,158,81.2,97.6,16.39999999999999,21.363195875000002,130.2633894817074,26.16666603088379,124.65,41.46,127.71516393442624,-48.94050962025317,-13.39999,38.449367088607595,40.0,130.2633894817074,125.21292498743824,0,0,97.6389263390849,97.6389263390849,93.85335057066565
609,2020-05-02T01:58:16,2020-05-02T02:26:06,168,24.8,50.8,25.999999999999996,32.49916872222222,124.9968027777778,27.83333396911621,64.93999,21.6,127.83462598425196,-70.0577425,-69.80002,33.42559523809524,36.0,124.9968027777778,125.21292498743824,0,0,93.69135616384699,93.69135616384699,93.85335057066565
610,2020-05-02T02:26:17,2020-05-02T02:45:37,117,50.8,69.2,18.400000000000006,22.566945861111115,122.64644489734299,19.33333396911621,88.36,29.39,127.68786127167628,-70.0350470940171,-69.80002,35.901709401709404,37.0,122.64644489734299,125.05281037391171,0,0,91.92964536489309,91.92964536489309,93.73333665871287
612,2020-05-02T02:58:18,2020-05-02T03:26:38,171,79.6,98.0,18.400000000000006,23.022919097222225,125.12456031099032,28.33333396911621,125.17,41.63,127.72448979591837,-48.67368929824562,0.0,37.0,38.0,125.12456031099032,125.05281037391171,0,0,93.78711682556654,93.78711682556654,93.73333665871287
613,2020-05-02T06:03:12,2020-05-02T06:29:52,161,69.6,92.0,22.400000000000006,28.24041788888889,126.07329414682536,26.66666603088379,117.54,39.1,127.76086956521739,-63.50683515527951,-45.70001,36.36335403726708,38.0,126.07329414682536,125.05281037391171,0,0,94.49824029226785,94.49824029226785,93.73333665871287
615,2020-05-02T15:05:38,2020-05-02T15:26:58,129,41.2,61.2,20.0,25.10180873611111,125.50904368055555,21.33333396911621,78.09,25.98,127.59803921568628,-70.59845852713177,-70.5,35.798449612403104,37.0,125.50904368055555,125.11668914051798,0,0,94.07530634335008,94.07530634335008,93.78121698957264
616,2020-05-02T15:27:09,2020-05-02T15:57:59,186,61.6,89.2,27.6,35.08917120833334,127.13467829106281,30.83333396911621,113.95,37.9,127.74663677130044,-68.2279658064516,-46.0,37.65860215053763,39.0,127.13467829106281,125.11668914051798,0,0,95.29380080001302,95.29380080001302,93.78121698957264
618,2020-05-03T06:06:05,2020-05-03T06:29:25,141,22.0,44.0,22.0,27.559720958333337,125.27145890151516,23.33333396911621,56.19,18.69,127.70454545454545,-70.86666340425532,-70.5,31.76950354609929,34.0,125.27145890151516,125.19800960625274,0,0,93.89722466719908,93.89722466719908,93.8421707463828
619,2020-05-03T06:29:36,2020-05-03T07:01:46,194,44.0,74.8,30.799999999999997,38.050554222222225,123.54076046176047,32.16666793823242,95.6,31.8,127.80748663101603,-70.97525525773197,-70.89999,34.80670103092783,37.0,123.54076046176047,125.11668914051798,0,0,92.59997961510325,92.59997961510325,93.78121698957264
620,2020-05-03T07:01:57,2020-05-03T07:29:57,169,75.2,96.4,21.200000000000003,27.163474513888893,128.12959676362684,28.0,123.2,40.98,127.80082987551866,-58.209472366863906,-46.0,36.19822485207101,38.0,128.12959676362684,125.19800960625274,0,0,96.03954196215064,96.03954196215064,93.8421707463828
623,2020-05-03T13:16:03,2020-05-03T13:44:03,169,57.6,83.6,25.999999999999993,32.647499555555555,125.567305982906,28.0,106.76,35.52,127.70334928229666,-69.95857899408284,-69.70001,37.239644970414204,38.0,125.567305982906,125.19800960625274,0,0,94.11897685330823,94.11897685330823,93.8421707463828
626,2020-05-04T12:39:10,2020-05-04T13:06:10,163,28.0,53.6,25.6,31.48638752777778,122.99370128038194,27.0,68.5,22.79,127.79850746268656,-69.96993564417178,-69.89999,35.73006134969325,38.0,122.99370128038194,125.19800960625274,0,0,92.18993139413908,92.18993139413908,93.8421707463828
627,2020-05-04T13:06:21,2020-05-04T13:31:41,153,54.0,78.0,24.0,29.53485904166667,123.06191267361113,25.33333396911621,99.66,33.15,127.76923076923076,-69.95097549019609,-69.89999,38.529411764705884,40.0,123.06191267361113,125.19800960625274,0,0,92.24105924537565,92.24105924537565,93.8421707463828
629,2020-05-04T14:36:44,2020-05-04T15:04:44,169,80.8,97.6,16.799999999999997,21.031944791666664,125.19014756944443,28.0,124.68,41.47,127.74590163934427,-45.04852142011835,-13.39999,39.5,40.0,125.19014756944443,125.2308032354798,0,0,93.83627775652698,93.83627775652698,93.86675121186303
630,2020-05-05T03:00:12,2020-05-05T03:20:52,125,17.6,36.8,19.199999999999996,24.226388263888882,126.17910554108796,20.66666603088379,47.04,15.64,127.82608695652173,-70.33359816000001,-70.0,34.452,37.0,126.17910554108796,125.2308032354798,0,0,94.57755122507368,94.57755122507368,93.86675121186303
631,2020-05-05T03:21:03,2020-05-05T03:50:03,175,36.8,64.4,27.60000000000001,34.03555161111111,123.3172159822866,29.0,82.22,27.35,127.67080745341615,-70.41827754285714,-70.39999,37.222857142857144,39.0,123.3172159822866,125.2308032354798,0,0,92.43242184578908,92.43242184578908,93.86675121186303
632,2020-05-05T03:50:14,2020-05-05T04:20:44,184,64.8,91.2,26.400000000000006,33.38638854166667,126.46359296085856,30.5,116.55,38.77,127.79605263157895,-65.63695586956521,-45.70001,38.953804347826086,40.0,126.46359296085856,125.294245453173,0,0,94.79078877657527,94.79078877657527,93.91430432747582
634,2020-05-05T15:34:18,2020-05-05T15:54:18,121,26.8,45.2,18.400000000000002,23.29611094444445,126.60929861111113,20.0,57.65,19.17,127.54424778761062,-69.88842917355372,-69.80002,38.72727272727273,41.0,126.60929861111113,125.33827592789876,0,0,94.90000244980152,94.90000244980152,93.94730737073706
635,2020-05-05T15:54:29,2020-05-05T16:24:29,181,45.6,73.6,27.999999999999993,34.912365291666674,124.68701889880958,30.0,94.06,31.29,127.79891304347827,-69.82487022099448,-69.70001,41.48066298342541,43.0,124.68701889880958,125.2308032354798,0,0,93.4591576508192,93.4591576508192,93.86675121186303
636,2020-05-05T16:24:40,2020-05-05T16:48:10,142,74.0,92.8,18.799999999999997,24.03222626388889,127.83099076536647,23.5,118.55,39.43,127.7478448275862,-61.33170049295776,-45.10001,42.598591549295776,44.0,127.83099076536647,125.33827592789876,0,0,95.81572182984365,95.81572182984365,93.94730737073706
638,2020-05-06T05:15:24,2020-05-06T05:48:04,197,54.0,84.0,30.0,37.839444500000006,126.13148166666669,32.66666793823242,107.26,35.68,127.6904761904762,-69.50101532994924,-69.5,34.2994923857868,36.0,126.13148166666669,125.45706831741896,0,0,94.5418547489947,94.5418547489947,94.03634820881257
639,2020-05-06T05:48:15,2020-05-06T06:11:05,138,84.4,97.6,13.199999999999989,17.21916977777778,130.44825589225601,22.83333396911621,124.68,41.47,127.74590163934427,-45.22102268115943,-13.5,34.97463768115942,36.0,130.44825589225601,125.45706831741896,0,0,97.77749296101868,97.77749296101868,94.03634820881257
640,2020-05-07T00:10:05,2020-05-07T00:27:45,107,24.0,41.2,17.200000000000003,21.73319681944445,126.35579546188632,17.66666603088379,52.5,17.46,127.42718446601941,-73.8112229906542,-73.60001,34.046728971962615,36.0,126.35579546188632,125.53817483173077,0,0,94.70998915894236,94.70998915894236,94.09714159832916
641,2020-05-07T00:27:56,2020-05-07T00:59:36,191,41.2,72.8,31.599999999999994,38.94542068055556,123.24500215365684,31.66666603088379,92.92,30.91,127.63736263736264,-73.79215413612566,-73.5,36.79842931937173,39.0,123.24500215365684,125.53817483173077,0,0,92.37829396901344,92.37829396901344,94.09714159832916
644,2020-05-07T13:44:49,2020-05-07T14:09:59,152,48.4,72.0,23.6,29.378612805555555,124.4856474811676,25.16666603088379,91.89,30.56,127.625,-70.04145138157894,-69.89999,37.036184210526315,39.0,124.4856474811676,125.53817483173077,0,0,93.30821970046973,93.30821970046973,94.09714159832916
645,2020-05-07T14:10:10,2020-05-07T14:38:50,173,72.0,94.4,22.400000000000006,28.633890513888893,127.82986836557538,28.66666603088379,120.6,40.12,127.75423728813558,-59.91850046242773,-45.30002,38.00867052023121,39.0,127.82986836557538,125.5686641314993,0,0,95.81488053505652,95.81488053505652,94.11999485361504
647,2020-05-08T11:42:56,2020-05-08T12:13:06,182,41.6,70.0,28.4,35.241393583333334,124.08941402582161,30.16666603088379,89.48,29.77,127.82857142857144,-70.09341593406594,-70.0,35.06318681318681,37.0,124.08941402582161,125.5686641314993,0,0,93.01122290564089,93.01122290564089,94.11999485361504
648,2020-05-08T12:13:17,2020-05-08T12:43:57,185,70.0,94.4,24.400000000000006,30.808614180555555,126.26481221539159,30.66666603088379,120.59,40.11,127.74364406779661,-60.26433032432433,-45.5,37.07837837837838,38.0,126.26481221539159,125.5686641314993,0,0,94.64179266460934,94.64179266460934,94.11999485361504
650,2020-05-08T21:32:11,2020-05-08T21:56:41,148,29.6,42.4,12.799999999999997,15.992916658333334,124.9446613932292,24.5,54.05,17.98,127.47641509433961,-39.053378337837835,-4.899994,36.814189189189186,38.0,124.9446613932292,125.5686641314993,0,0,93.65227358795659,93.65227358795659,94.11999485361504
651,2020-05-08T21:56:52,2020-05-08T22:26:42,180,42.4,58.8,16.4,19.887499861111113,121.26524305555559,29.83333396911621,75.08,24.97,127.68707482993197,-39.99722194444444,-39.89999,37.858333333333334,39.0,121.26524305555559,125.53817483173077,0,0,90.89436549519012,90.89436549519012,94.09714159832916
652,2020-05-08T22:26:53,2020-05-08T22:55:13,171,59.2,74.4,15.200000000000003,18.886110833333333,124.25072916666664,28.33333396911621,95.06,31.62,127.76881720430106,-39.9941514619883,-39.89999,38.409356725146196,39.0,124.25072916666664,125.53817483173077,0,0,93.13213667287063,93.13213667287063,94.09714159832916
653,2020-05-08T22:55:24,2020-05-08T23:27:04,191,74.4,90.8,16.39999999999999,21.104165972222223,128.68393885501362,31.66666603088379,116.01,38.59,127.76431718061676,-39.98690968586387,-39.89999,38.13350785340314,40.0,128.68393885501362,125.53817483173077,0,0,96.45504908846543,96.45504908846543,94.09714159832916
656,2020-05-09T05:28:01,2020-05-09T05:51:41,143,82.4,98.0,15.599999999999994,19.70555672222222,126.31767129629633,23.66666603088379,125.17,41.63,127.72448979591837,-49.85314979020979,0.0,36.01048951048951,38.0,126.31767129629633,125.5686641314993,0,0,94.68141318981864,94.68141318981864,94.11999485361504
658,2020-05-10T00:45:35,2020-05-10T01:16:35,187,41.6,58.4,16.799999999999997,20.66583325,123.01091220238095,31.0,74.57,24.8,127.68835616438356,-39.998395561497325,-39.89999,35.67379679144385,37.0,123.01091220238095,125.5686641314993,0,0,92.20283184108719,92.20283184108719,94.11999485361504
659,2020-05-10T01:16:46,2020-05-10T02:05:49,296,58.4,84.4,26.000000000000007,32.6949995,125.74999807692305,49.04999923706055,107.85,35.88,127.78436018957343,-39.99391831081082,-39.89999,36.6402027027027,38.0,125.74999807692305,125.5686641314993,0,0,94.25591371623983,94.25591371623983,94.11999485361504
660,2020-05-10T02:06:00,2020-05-10T02:31:30,154,84.4,97.6,13.199999999999989,16.99638852777778,128.76051914983177,25.5,124.7,41.48,127.76639344262296,-39.9915575974026,-39.89999,37.0,38.0,128.76051914983177,125.5686641314993,0,0,96.51244985006487,96.51244985006487,94.11999485361504
662,2020-05-10T09:53:57,2020-05-10T10:24:27,184,23.2,52.0,28.8,35.585417569444445,123.56047767168208,30.5,66.39,22.08,127.67307692307692,-70.00434961956522,-69.80002,36.067934782608695,39.0,123.56047767168208,125.53817483173077,0,0,92.61475865021671,92.61475865021671,94.09714159832916
663,2020-05-10T10:24:38,2020-05-10T10:55:48,188,52.4,81.6,29.199999999999996,36.359583847222225,124.51912276445968,31.16666603088379,104.29,34.69,127.80637254901963,-69.9973414361702,-69.80002,38.75265957446808,41.0,124.51912276445968,125.45706831741896,0,0,93.33331109976879,93.33331109976879,94.03634820881257
664,2020-05-10T10:55:59,2020-05-10T11:20:59,151,82.0,97.6,15.599999999999994,20.28125230555556,130.00802759971518,25.0,124.66,41.47,127.72540983606557,-48.629806887417224,-13.60001,39.5,41.0,130.00802759971518,125.45706831741896,0,0,97.44751983504062,97.44751983504062,94.03634820881257
666,2020-05-11T23:12:52,2020-05-11T23:44:12,189,16.4,45.6,29.200000000000003,36.17792590277779,123.89700651636227,31.33333396911621,58.17,19.35,127.5657894736842,-69.27673724867725,-69.20001,31.391534391534393,34.0,123.89700651636227,125.33827592789876,0,0,92.86700385285917,92.86700385285917,93.94730737073706
668,2020-05-12T00:48:55,2020-05-12T01:19:45,186,47.2,76.0,28.799999999999997,35.92971797222222,124.75596518132717,30.83333396911621,97.03,32.27,127.67105263157895,-69.91719602150538,-69.89999,34.026881720430104,36.0,124.75596518132717,125.33827592789876,0,0,93.5108363383374,93.5108363383374,93.94730737073706
673,2020-05-12T14:27:02,2020-05-12T14:56:02,175,55.2,82.8,27.599999999999994,33.91583825000001,122.88347192028989,29.0,104.62,34.8,126.35265700483093,-70.17086731428572,-70.10001,35.417142857142856,37.0,122.88347192028989,125.2308032354798,0,0,92.10730897495242,92.10730897495242,93.86675121186303
674,2020-05-12T14:56:13,2020-05-12T15:18:33,135,82.8,97.6,14.799999999999997,18.840003583333335,127.29732150900905,22.33333396911621,123.43,41.06,126.46516393442624,-50.665194814814825,-44.5,36.0,37.0,127.29732150900905,125.2308032354798,0,0,95.41571002746203,95.41571002746203,93.86675121186303
676,2020-05-13T01:12:25,2020-05-13T01:39:15,162,48.0,74.0,26.0,31.583893250000006,121.47651250000003,26.83333396911621,93.5,31.1,126.35135135135135,-70.62223197530865,-70.5,35.24074074074074,37.0,121.47651250000003,125.15735394021738,0,0,91.05272251173857,91.05272251173857,93.81169729104676
677,2020-05-13T01:39:26,2020-05-13T02:02:26,139,74.0,92.8,18.799999999999997,23.627501833333337,125.67820124113479,23.0,117.37,39.04,126.47629310344828,-61.609357266187054,-44.89999,36.51798561151079,38.0,125.67820124113479,125.2308032354798,0,0,94.20209839645733,94.20209839645733,93.86675121186303
679,2020-05-13T06:28:14,2020-05-13T06:57:34,177,34.4,62.4,28.0,34.204583819444444,122.15922792658729,29.33333396911621,78.89,26.24,126.42628205128206,-69.96384276836159,-69.70001,36.51412429378531,39.0,122.15922792658729,125.2308032354798,0,0,91.564451874166,91.564451874166,93.86675121186303
680,2020-05-13T06:57:45,2020-05-13T07:25:35,168,62.8,88.8,26.0,32.40333468055555,124.62821030982904,27.83333396911621,112.22,37.33,126.37387387387388,-69.77559815476191,-44.20001,38.36309523809524,40.0,124.62821030982904,125.15735394021738,0,0,93.41507767170593,93.41507767170593,93.81169729104676
682,2020-05-13T17:22:56,2020-05-13T17:54:26,190,23.6,54.0,30.4,37.213747375,122.41364268092104,31.5,68.12,22.66,126.14814814814815,-70.88315294736842,-70.80002,35.35,38.0,122.41364268092104,125.15735394021738,0,0,91.75514845865382,91.75514845865382,93.81169729104676
683,2020-05-13T17:54:37,2020-05-13T18:21:27,162,54.4,80.4,26.000000000000007,31.699997944444444,121.92306901709398,26.83333396911621,101.59,33.79,126.35572139303483,-70.88209413580248,-70.80002,37.839506172839506,39.0,121.92306901709398,125.15735394021738,0,0,91.38743895856415,91.38743895856415,93.81169729104676
684,2020-05-13T18:21:38,2020-05-13T18:46:08,148,80.4,97.6,17.19999999999999,22.020280986111114,128.02488945413447,24.5,123.38,41.04,126.4139344262295,-53.95541324324326,-45.30002,38.49324324324324,40.0,128.02488945413447,125.15735394021738,0,0,95.96105859610769,95.96105859610769,93.81169729104676
686,2020-05-14T04:22:10,2020-05-14T04:58:20,218,41.2,75.6,34.39999999999999,42.21486315277778,122.71762544412148,36.16666793823242,95.53,31.78,126.36243386243387,-70.03394834862385,-70.0,33.04587155963303,35.0,122.71762544412148,125.06068154438407,0,0,91.98299874523528,91.98299874523528,93.73923649470677
687,2020-05-14T04:58:31,2020-05-14T05:24:41,158,76.0,95.6,19.599999999999994,24.744443569444442,126.24716106859412,26.16666603088379,120.82,40.19,126.3807531380753,-56.74177025316456,-44.30002,34.835443037974684,36.0,126.24716106859412,125.15735394021738,0,0,94.62856224715425,94.62856224715425,93.81169729104676
690,2020-05-14T23:52:12,2020-05-15T00:26:12,205,14.4,46.8,32.4,39.83528897222223,122.9484227537723,34.0,59.05,19.64,126.17521367521368,-70.29758073170731,-70.20001,32.96341463414634,36.0,122.9484227537723,125.15735394021738,0,0,92.15599287356187,92.15599287356187,93.81169729104676
691,2020-05-15T00:26:23,2020-05-15T00:57:53,190,46.8,77.2,30.400000000000006,36.9069548888889,121.40445687134503,31.5,97.54,32.45,126.34715025906736,-70.29896726315789,-70.20001,36.39736842105263,38.0,121.40445687134503,125.06740448133681,0,0,90.99871321375734,90.99871321375734,93.74427567224178
692,2020-05-15T00:58:04,2020-05-15T01:26:14,170,77.2,97.6,20.39999999999999,25.99014470833334,127.40267013888898,28.16666603088379,123.43,41.06,126.46516393442624,-55.37589476470589,-44.60001,37.82941176470588,39.0,127.40267013888898,125.06740448133681,0,0,95.49467409521503,95.49467409521503,93.74427567224178
693,2020-05-15T17:52:42,2020-05-15T18:16:42,145,33.6,53.6,20.0,24.02750222222222,120.1375111111111,24.0,67.61,22.49,126.13805970149252,-60.06828137931034,-59.89999,36.59310344827586,38.0,120.1375111111111,124.85031328727818,0,0,90.04907399239754,90.04907399239754,93.581554963147
694,2020-05-15T18:16:53,2020-05-15T18:39:23,136,53.6,72.0,18.4,22.51555679166667,122.36715647644928,22.5,91.06,30.29,126.47222222222223,-60.04191507352942,-59.89999,38.24264705882353,39.0,122.36715647644928,124.72149204006837,0,0,91.72030472310955,91.72030472310955,93.4849969945783
696,2020-05-16T07:49:07,2020-05-16T08:17:27,171,65.6,88.4,22.80000000000001,28.286112305555555,124.06189607699798,28.33333396911621,111.75,37.17,126.41402714932127,-59.90000245614036,-59.60001,31.55263157894737,33.0,124.06189607699798,124.65761460431932,0,0,92.99059682651855,92.99059682651855,93.43711766126256
698,2020-05-16T22:46:19,2020-05-16T23:06:39,123,27.6,47.2,19.6,23.587225611111112,120.34298781179139,20.33333396911621,59.51,19.8,126.08050847457626,-69.60163601626016,-69.60001,31.66260162601626,34.0,120.34298781179139,124.65761460431932,0,0,90.20308905773513,90.20308905773513,93.43711766126256
699,2020-05-16T23:06:50,2020-05-16T23:42:00,212,47.2,80.8,33.599999999999994,40.81208919444445,121.46455117394181,35.16666793823242,102.12,33.96,126.3861386138614,-69.6320854716981,-69.60001,34.382075471698116,36.0,121.46455117394181,124.57366653714436,0,0,91.04375689953883,91.04375689953883,93.37419438573735
701,2020-05-17T01:48:54,2020-05-17T02:11:14,135,74.8,92.8,18.0,22.304307472222224,123.91281929012347,22.33333396911621,117.3,39.02,126.40086206896552,-59.90148666666667,-44.10001,33.5,35.0,123.91281929012347,124.50238512281365,0,0,92.87885631776606,92.87885631776606,93.32076540011926
703,2020-05-17T11:46:26,2020-05-17T12:09:16,138,32.4,54.0,21.6,26.612082708333336,123.20408661265432,22.83333396911621,68.17,22.67,126.24074074074073,-69.92898391304347,-69.70001,33.594202898550726,35.0,123.20408661265432,124.50238512281365,0,0,92.34762572439026,92.34762572439026,93.32076540011926
704,2020-05-17T12:09:27,2020-05-17T12:39:57,184,54.4,83.2,28.800000000000004,35.57861063888889,123.53684249614196,30.5,105.27,35.01,126.52644230769229,-69.99075994565217,-69.89999,35.59510869565217,37.0,123.53684249614196,124.50238512281365,0,0,92.5970429038911,92.5970429038911,93.32076540011926
705,2020-05-17T12:40:08,2020-05-17T13:01:58,132,83.6,97.6,14.0,18.296948958333335,130.6924925595238,21.83333396911621,123.34,41.03,126.37295081967214,-50.333345681818194,-44.20001,36.16287878787879,37.0,130.6924925595238,124.50238512281365,0,0,97.96056056013111,97.96056056013111,93.32076540011926
706,2020-05-17T20:08:00,2020-05-17T20:28:10,122,50.0,68.8,18.799999999999997,23.533334583333335,125.17731161347521,20.16666603088379,86.99,28.94,126.43895348837209,-70.01639713114756,-69.70001,36.5655737704918,38.0,125.17731161347521,124.50238512281365,0,0,93.82665656545898,93.82665656545898,93.32076540011926
711,2020-05-18T03:20:25,2020-05-18T03:51:45,189,50.4,80.0,29.6,36.572502375000006,123.55575126689189,31.33333396911621,101.2,33.66,126.5,-70.03280878306879,-69.80002,33.86772486772487,36.0,123.55575126689189,124.50238512281365,0,0,92.61121597340633,92.61121597340633,93.32076540011926
712,2020-05-18T03:51:56,2020-05-18T04:17:36,155,80.0,97.6,17.599999999999994,22.383751666666665,127.18040719696974,25.66666603088379,123.34,41.03,126.37295081967214,-52.25677812903226,-13.20001,34.5,36.0,127.18040719696974,124.50238512281365,0,0,95.32807690240203,95.32807690240203,93.32076540011926
713,2020-05-18T16:15:18,2020-05-18T16:34:48,118,25.6,44.4,18.799999999999997,22.955975472222228,122.10625251182039,19.5,55.99,18.62,126.1036036036036,-70.63390830508473,-70.60001,34.05084745762712,36.0,122.10625251182039,124.36818832391712,0,0,91.52474415090785,91.52474415090785,93.22017818667018
714,2020-05-18T16:34:59,2020-05-18T17:06:29,190,44.4,75.2,30.800000000000004,37.088060805555564,120.41578183621934,31.5,95.00999,31.6,126.34307180851064,-70.64422052631578,-70.60001,36.863157894736844,39.0,120.41578183621934,124.17007159624413,0,0,90.25765182028357,90.25765182028357,93.07167978925577
715,2020-05-18T17:06:40,2020-05-18T17:36:00,177,75.6,97.6,22.0,27.50111163888889,125.00505290404041,29.33333396911621,123.37,41.04,126.40368852459017,-56.261018022598876,-44.80002,38.0,39.0,125.00505290404041,124.17007159624413,0,0,93.69754004616149,93.69754004616149,93.07167978925577
717,2020-05-19T15:24:38,2020-05-19T15:49:18,149,11.2,34.8,23.599999999999998,28.862365013888887,122.29815683851224,24.66666603088379,43.99,14.63,126.40804597701151,-70.20604979865773,-70.0,35.006711409395976,37.0,122.29815683851224,124.0756550514098,0,0,91.66858604303555,91.66858604303555,93.00090986607972
718,2020-05-19T15:49:29,2020-05-19T16:20:29,187,34.8,64.8,30.0,36.23194894444445,120.77316314814816,31.0,81.91,27.24,126.40432098765432,-70.12621192513369,-70.0,37.788770053475936,40.0,120.77316314814816,123.98735768356073,0,0,90.52552699019294,90.52552699019294,92.93472657214231
719,2020-05-19T16:20:40,2020-05-19T16:47:30,162,65.2,89.6,24.39999999999999,30.39736416666667,124.57936133879787,26.83333396911621,113.28,37.68,126.42857142857144,-67.90247598765433,-44.30002,39.864197530864196,41.0,124.57936133879787,123.98735768356073,0,0,93.3784629244371,93.3784629244371,92.93472657214231
722,2020-05-20T04:05:29,2020-05-20T04:32:29,163,20.0,45.6,25.6,31.419450444444454,122.73222829861115,27.0,57.56,19.14,126.2280701754386,-69.82087214723926,-69.70001,34.5398773006135,37.0,122.73222829861115,123.98735768356073,0,0,91.99394431512664,91.99394431512664,92.93472657214231
723,2020-05-20T04:32:40,2020-05-20T05:04:20,191,45.6,76.4,30.800000000000004,36.86097615277778,119.67849400252524,31.66666603088379,96.66,32.15,126.51832460732983,-69.8418922513089,-69.80002,37.204188481675395,39.0,119.67849400252524,123.90491290324286,0,0,89.70501770895584,89.70501770895584,92.87293008531262
724,2020-05-20T05:04:31,2020-05-20T05:32:31,169,76.4,97.2,20.799999999999997,25.950278972222222,124.76095659722225,28.0,122.86,40.87,126.39917695473251,-55.61597887573965,-44.10001,38.0,39.0,124.76095659722225,123.90491290324286,0,0,93.51457765422705,93.51457765422705,92.87293008531262
727,2020-05-20T14:05:43,2020-05-20T14:32:13,160,40.0,65.6,25.599999999999994,30.995420791666668,121.07586246744795,26.5,82.95,27.59,126.44817073170734,-70.178759375,-69.89999,37.95,40.0,121.07586246744795,123.72874209402218,0,0,90.75241527137155,90.75241527137155,92.74088125153794
728,2020-05-20T14:32:24,2020-05-20T15:03:44,189,66.0,92.8,26.799999999999997,33.38569827777778,124.57350103648426,31.33333396911621,117.36,39.04,126.46551724137932,-63.89524544973546,-44.30002,39.65873015873016,41.0,124.57350103648426,123.72874209402218,0,0,93.37407033471409,93.37407033471409,92.74088125153794
730,2020-05-20T23:31:25,2020-05-20T23:49:45,111,9.6,26.8,17.200000000000003,21.433891916666674,124.61565067829459,18.33333396911621,33.68,11.2,125.67164179104476,-70.14685675675678,-70.0,34.12162162162162,37.0,124.61565067829459,123.72874209402218,0,0,93.40566359962384,93.40566359962384,92.74088125153794
731,2020-05-20T23:49:56,2020-05-21T00:20:06,182,27.2,56.4,29.2,35.25306041666667,120.72965896118724,30.16666603088379,71.18,23.68,126.20567375886527,-70.11649318681319,-70.0,36.30769230769231,40.0,120.72965896118724,123.72874209402218,0,0,90.49291842593694,90.49291842593694,92.74088125153794
732,2020-05-21T00:20:17,2020-05-21T00:53:37,201,56.4,88.0,31.6,38.914449069444444,123.14699072609001,33.33333206176758,111.24,37.0,126.4090909090909,-69.98259537313433,-44.5,38.756218905472636,41.0,123.14699072609001,123.55811446928698,0,0,92.30482950140927,92.30482950140927,92.61298731181152
733,2020-05-21T00:53:48,2020-05-21T01:10:38,102,88.0,98.0,10.0,12.418193972222221,124.18193972222221,16.83333396911621,123.85,41.19,126.37755102040816,-44.04705715686274,0.0,39.0,41.0,124.18193972222221,123.55811446928698,0,0,93.08057554333345,93.08057554333345,92.61298731181152
735,2020-05-21T18:49:37,2020-05-21T19:21:27,192,29.2,60.0,30.8,37.21069947222224,120.81395932539688,31.83333396911621,75.88,25.24,126.46666666666667,-70.13542614583334,-70.0,34.065104166666664,37.0,120.81395932539688,123.54629688151692,0,0,90.55610576571193,90.55610576571193,92.60412943864871
736,2020-05-21T19:21:38,2020-05-21T19:57:28,216,60.0,91.6,31.599999999999994,39.05694793055555,123.59793648909987,35.83333206176758,115.83,38.53,126.4519650655022,-65.36019101851852,-44.39999,36.65046296296296,38.0,123.59793648909987,123.55811446928698,0,0,92.6428359076039,92.6428359076039,92.61298731181152
738,2020-05-22T03:13:07,2020-05-22T03:37:17,146,22.0,36.8,14.799999999999997,18.16236480555556,122.71868111861866,24.16666603088379,46.46,15.46,126.25,-45.093159863013696,-45.0,32.582191780821915,35.0,122.71868111861866,123.54629688151692,0,0,91.98379002607695,91.98379002607695,92.60412943864871
739,2020-05-22T03:37:28,2020-05-22T04:06:58,178,37.2,55.6,18.4,22.16944888888889,120.4861352657005,29.5,70.21,23.35,126.27697841726616,-45.090458483146065,-45.0,33.890449438202246,36.0,120.4861352657005,123.37046455439814,0,0,90.31038523483808,90.31038523483808,92.47233431414068
740,2020-05-22T04:07:09,2020-05-22T04:36:49,179,55.6,74.0,18.4,22.299449388888892,121.19265972222225,29.66666603088379,93.53,31.11,126.3918918918919,-45.10001,-45.10001,34.95810055865922,37.0,121.19265972222225,123.17553866937217,0,0,90.8399606561561,90.8399606561561,92.32622761289977
741,2020-05-22T04:37:00,2020-05-22T05:05:50,174,74.0,91.6,17.599999999999994,21.653893375000003,123.03348508522734,28.83333396911621,115.75,38.5,126.3646288209607,-45.05863,-44.5,35.43103448275862,37.0,123.03348508522734,123.09023790565868,0,0,92.21975134590176,92.21975134590176,92.26229042365551
744,2020-05-22T17:20:08,2020-05-22T17:50:28,183,16.0,34.8,18.799999999999997,22.851116166666667,121.54849024822697,30.33333396911621,43.8,14.57,125.86206896551724,-45.20001,-45.20001,33.08196721311475,35.0,121.54849024822697,122.99095391949982,0,0,91.10667343444328,91.10667343444328,92.18787210973181
745,2020-05-22T17:50:39,2020-05-22T18:20:59,183,34.8,53.2,18.400000000000006,22.851116166666667,124.19084873188403,30.33333396911621,67.21,22.36,126.33458646616539,-45.20001,-45.20001,34.54371584699454,36.0,124.19084873188403,122.99095391949982,0,0,93.08725329171375,93.08725329171375,92.18787210973181
746,2020-05-22T18:21:10,2020-05-22T18:53:30,195,53.6,73.2,19.6,24.35778316666667,124.27440391156465,32.33333206176758,92.53,30.78,126.40710382513662,-45.200010000000006,-45.20001,35.99230769230769,37.0,124.27440391156465,122.99095391949982,0,0,93.14988207840928,93.14988207840928,92.18787210973181
747,2020-05-22T18:53:41,2020-05-22T19:12:01,111,73.2,84.4,11.200000000000003,13.811114166666666,123.31351934523806,18.33333396911621,106.67,35.49,126.38625592417061,-45.200009999999985,-45.20001,36.0,37.0,123.31351934523806,123.09023790565868,0,0,92.42965103141123,92.42965103141123,92.26229042365551
748,2020-05-23T02:59:00,2020-05-23T03:31:40,197,33.6,65.2,31.6,38.221533805555566,120.95422090365686,32.66666793823242,82.31,27.38,126.24233128834356,-70.20254913705584,-70.0,33.46192893401015,36.0,120.95422090365686,122.99095391949982,0,0,90.66123883466108,90.66123883466108,92.18787210973181
749,2020-05-23T03:31:51,2020-05-23T04:00:31,173,65.2,90.8,25.599999999999994,31.503338027777783,123.059914171007,28.66666603088379,114.79,38.18,126.420704845815,-65.88787109826592,-44.5,35.615606936416185,37.0,123.059914171007,123.04669962811717,0,0,92.23956126770648,92.23956126770648,92.22965630680412
752,2020-05-23T17:23:50,2020-05-23T17:53:50,181,36.4,64.8,28.4,34.86445118055556,122.76215204420974,30.0,81.99,27.27,126.52777777777777,-69.72874276243094,-69.60001,34.52209944751381,37.0,122.76215204420974,122.99095391949982,0,0,92.01637365927249,92.01637365927249,92.18787210973181
753,2020-05-23T17:54:01,2020-05-23T18:20:01,157,65.2,89.2,24.0,29.62347880555556,123.43116168981484,26.0,112.72,37.49,126.3677130044843,-68.28918713375796,-44.10001,36.86624203821656,38.0,123.43116168981484,123.04669962811717,0,0,92.51782985327507,92.51782985327507,92.22965630680412
755,2020-05-23T23:21:12,2020-05-23T23:49:32,171,56.4,75.6,19.199999999999996,23.745980986111114,123.67698430266209,28.33333396911621,95.59,31.8,126.44179894179896,-50.28539865497077,-50.20001,34.8421052631579,36.0,123.67698430266209,123.04669962811717,0,0,92.70208619793011,92.70208619793011,92.22965630680412
756,2020-05-23T23:49:43,2020-05-24T00:22:13,196,75.6,96.4,20.80000000000001,26.13111979166667,125.630383613782,32.5,121.93,40.56,126.48340248962656,-48.23828132653062,-44.60001,35.191326530612244,37.0,125.630383613782,123.1034524485485,0,0,94.16625669286445,94.16625669286445,92.27219538455788
759,2020-05-24T12:38:38,2020-05-24T13:14:08,214,51.6,70.4,18.800000000000004,23.32249961111111,124.05584899527182,35.5,88.99,29.6,126.40624999999999,-39.339251682242995,-5.0,33.5,34.0,124.05584899527182,123.17553866937217,0,0,92.9860642362829,92.9860642362829,92.32622761289977
760,2020-05-24T13:14:19,2020-05-24T13:40:49,160,70.4,84.4,14.0,17.65902701388889,126.13590724206348,26.5,106.64,35.47,126.35071090047393,-39.98249825,-39.89999,33.528125,35.0,126.13590724206348,123.17553866937217,0,0,94.54517193912689,94.54517193912689,92.32622761289977
761,2020-05-24T13:41:00,2020-05-24T14:06:40,155,84.8,97.6,12.799999999999997,16.492082861111108,128.84439735243055,25.66666603088379,123.42,41.05,126.45491803278689,-38.476128,-13.30002,34.0,35.0,128.84439735243055,123.25880297894619,0,0,96.57532075859552,96.57532075859552,92.38863837790075
763,2020-05-24T19:20:18,2020-05-24T19:50:08,180,56.8,85.2,28.400000000000006,35.05527788888889,123.43407707355242,29.83333396911621,107.65,35.81,126.34976525821597,-70.50222244444444,-70.39999,36.57222222222222,38.0,123.43407707355242,123.25880297894619,0,0,92.52001507921719,92.52001507921719,92.38863837790075
766,2020-05-25T02:45:24,2020-05-25T03:15:24,181,58.8,87.6,28.799999999999997,35.51291795833333,123.30874291087963,30.0,110.74,36.84,126.41552511415526,-71.02596944751382,-71.0,34.71546961325967,37.0,123.30874291087963,123.31113112805885,0,0,92.42607085493691,92.42607085493691,92.42786094317407
769,2020-05-25T11:07:47,2020-05-25T11:31:47,145,42.4,58.8,16.4,19.924173305555556,121.4888616192412,24.0,74.29,24.71,126.34353741496601,-49.81036144827588,-49.70001,33.710344827586205,36.0,121.4888616192412,123.31113112805885,0,0,91.06197879432678,91.06197879432678,92.42786094317407
770,2020-05-25T11:31:58,2020-05-25T11:59:58,169,58.8,77.6,18.799999999999997,23.245840805555563,123.64808939125301,28.0,98.14,32.65,126.46907216494847,-49.81244207100592,-49.70001,34.82248520710059,36.0,123.64808939125301,123.31113112805885,0,0,92.68042801647275,92.68042801647275,92.42786094317407
771,2020-05-25T12:00:09,2020-05-25T12:28:49,173,78.0,96.0,18.0,22.72278223611111,126.23767908950617,28.66666603088379,121.36,40.37,126.41666666666667,-47.5560787283237,-44.20001,35.286127167630056,37.0,126.23767908950617,123.37234051752645,0,0,94.62145502952848,94.62145502952848,92.47374044234314
773,2020-05-25T21:45:56,2020-05-25T22:04:56,115,48.0,59.6,11.600000000000001,13.986112847222225,120.56993833812261,19.0,75.25,25.03,126.25838926174497,-44.1678315652174,-43.5,33.495652173913044,35.0,120.56993833812261,123.37234051752645,0,0,90.37319982954321,90.37319982954321,92.47374044234314
774,2020-05-25T22:05:07,2020-05-25T22:42:07,223,59.6,80.8,21.199999999999996,26.156530958333335,123.37986301100632,37.0,102.18,33.98,126.46039603960398,-42.416148609865466,-41.39999,34.0,35.0,123.37986301100632,123.3466911781222,0,0,92.47937892748998,92.47937892748998,92.45451497945061
775,2020-05-25T22:42:18,2020-05-25T23:12:48,184,80.8,97.2,16.400000000000006,20.631531111111116,125.80201897018968,30.5,122.89,40.88,126.43004115226339,-40.586963097826086,-39.70001,34.72282608695652,36.0,125.80201897018968,123.40551235041059,0,0,94.29490597788728,94.29490597788728,92.49860439038252
780,2020-05-26T13:44:44,2020-05-26T14:08:54,146,56.4,66.0,9.600000000000001,12.105835375,126.10245182291665,24.16666603088379,83.33,27.72,126.25757575757575,-30.056169452054796,-29.80002,36.136986301369866,37.0,126.10245182291665,123.43261938168362,0,0,94.52009542899832,94.52009542899832,92.51892246624612
781,2020-05-26T14:09:05,2020-05-26T14:38:55,180,66.4,78.0,11.599999999999994,14.72486375,126.93848060344835,29.83333396911621,98.57,32.79,126.37179487179486,-29.614449666666662,-29.39999,36.5,37.0,126.93848060344835,123.43261938168362,0,0,95.14674081911504,95.14674081911504,92.51892246624612
782,2020-05-26T14:39:06,2020-05-26T15:10:56,192,78.0,90.4,12.400000000000006,15.480560708333334,124.84323151881715,31.83333396911621,114.25,38.0,126.38274336283186,-29.17813463541667,-29.0,36.5,37.0,124.84323151881715,123.4854597848472,0,0,93.57624682344736,93.57624682344736,92.55852899155414
783,2020-05-26T15:11:07,2020-05-26T15:30:17,116,90.8,97.6,6.799999999999997,9.238887888888888,135.86599836601312,19.16666603088379,123.34,41.03,126.37295081967214,-28.92154870689656,-28.80002,36.5,37.0,135.86599836601312,123.49491417022216,0,0,101.83836194672541,101.83836194672541,92.56561552631176
785,2020-05-27T00:12:34,2020-05-27T00:37:24,150,40.4,64.4,24.000000000000007,28.985834611111116,120.77431087962961,24.83333396911621,81.43,27.08,126.444099378882,-70.03266973333334,-69.80002,35.71333333333333,38.0,120.77431087962961,123.43261938168362,0,0,90.52638727234913,90.52638727234913,92.51892246624612
786,2020-05-27T00:37:35,2020-05-27T00:57:25,120,64.4,83.2,18.799999999999997,23.144861902777784,123.11096756796695,19.83333396911621,105.27,35.01,126.52644230769229,-70.01750233333334,-69.80002,37.3,39.0,123.11096756796695,123.40551235041059,0,0,92.2778283424768,92.2778283424768,92.49860439038252
788,2020-05-27T14:32:23,2020-05-27T15:00:03,167,38.4,65.2,26.800000000000004,32.28875229166667,120.48041899875622,27.66666603088379,82.36,27.39,126.31901840490796,-70.02275946107784,-69.70001,32.81736526946108,35.0,120.48041899875622,123.3466911781222,0,0,90.30610060682918,90.30610060682918,92.45451497945061
789,2020-05-27T15:00:14,2020-05-27T15:29:34,177,65.6,91.2,25.60000000000001,31.62319775,123.52811621093747,29.33333396911621,115.32,38.35,126.44736842105262,-64.64124971751414,-44.10001,34.93502824858757,36.0,123.52811621093747,123.3466911781222,0,0,92.59050211663164,92.59050211663164,92.45451497945061
790,2020-05-27T22:32:25,2020-05-27T22:54:05,131,9.6,23.2,13.6,16.287086944444447,119.7579922385621,21.66666603088379,29.2,9.71,125.86206896551725,-45.1030634351145,-45.10001,34.5,36.0,119.7579922385621,123.3466911781222,0,0,89.76460561345743,89.76460561345743,92.45451497945061
791,2020-05-27T22:54:16,2020-05-27T23:25:16,187,23.2,42.0,18.8,23.301671833333337,123.94506294326243,31.0,53.02,17.63,126.23809523809526,-45.100010000000005,-45.10001,35.168449197860966,37.0,123.94506294326243,123.40551235041059,0,0,92.90302454865784,92.90302454865784,92.49860439038252
792,2020-05-27T23:25:27,2020-05-27T23:57:17,192,42.4,62.0,19.6,23.928060861111113,122.08194316893425,31.83333396911621,78.37,26.06,126.40322580645162,-45.10001,-45.10001,36.921875,39.0,122.08194316893425,123.3466911781222,0,0,91.50652308243377,91.50652308243377,92.45451497945061
793,2020-05-27T23:57:28,2020-05-28T00:26:18,174,62.4,79.6,17.199999999999996,21.673060361111112,126.00616489018091,28.83333396911621,100.66,33.48,126.45728643216081,-45.100010000000005,-45.10001,37.93103448275862,39.0,126.00616489018091,123.40551235041059,0,0,94.44792355653125,94.44792355653125,92.49860439038252
794,2020-05-28T00:26:29,2020-05-28T00:52:09,155,80.0,95.2,15.200000000000003,19.211947375,126.39439062499999,25.66666603088379,120.36,40.04,126.42857142857142,-44.91032941935484,-44.5,38.0,39.0,126.39439062499999,123.43261938168362,0,0,94.73891816426992,94.73891816426992,92.51892246624612
798,2020-05-28T06:42:58,2020-05-28T07:12:18,177,56.0,84.0,28.0,34.395973986111116,122.84276423611112,29.33333396911621,106.2,35.32,126.42857142857143,-70.35537084745764,-70.30002,36.36440677966102,39.0,122.84276423611112,123.40551235041059,0,0,92.07679652941589,92.07679652941589,92.49860439038252
799,2020-05-28T07:12:29,2020-05-28T07:33:39,128,84.0,97.6,13.599999999999994,17.458475499999995,128.37114338235295,21.16666603088379,123.34,41.03,126.37295081967214,-49.55157171875002,-44.70001,37.21875,39.0,128.37114338235295,123.43261938168362,0,0,96.2205932353218,96.2205932353218,92.51892246624612
800,2020-05-28T15:16:55,2020-05-28T15:44:45,168,59.6,78.8,19.199999999999996,23.37999547222222,121.77080975115743,27.83333396911621,99.63,33.14,126.43401015228427,-50.39999023809523,-50.30002,34.205357142857146,35.0,121.77080975115743,123.43261938168362,0,0,91.27331302256346,91.27331302256346,92.51892246624612
801,2020-05-28T15:44:56,2020-05-28T16:14:36,179,78.8,97.6,18.799999999999997,23.659167569444442,125.84663600768322,29.66666603088379,123.37,41.04,126.40368852459017,-47.84860519553073,-44.70001,34.832402234636874,36.0,125.84663600768322,123.43261938168362,0,0,94.32834867928352,94.32834867928352,92.51892246624612
803,2020-05-29T00:13:16,2020-05-29T00:42:46,178,49.6,68.4,18.800000000000004,23.059161749999994,122.6551156914893,29.5,86.45,28.76,126.38888888888889,-46.89999,-46.89999,33.92977528089887,35.0,122.6551156914893,123.43261938168362,0,0,91.93614455882872,91.93614455882872,92.51892246624612
804,2020-05-29T00:42:57,2020-05-29T01:13:57,187,68.4,88.0,19.599999999999994,24.231661499999998,123.63092602040818,31.0,111.25,37.0,126.42045454545455,-46.899989999999995,-46.89999,34.88235294117647,36.0,123.63092602040818,123.43261938168362,0,0,92.66756321149326,92.66756321149326,92.51892246624612
807,2020-05-29T13:08:58,2020-05-29T13:37:38,173,56.8,74.0,17.200000000000003,21.547782555555557,125.27780555555553,28.66666603088379,93.5,31.1,126.35135135135135,-45.10001,-45.10001,34.43063583815029,35.0,125.27780555555553,123.43261938168362,0,0,93.90198180186918,93.90198180186918,92.51892246624612
808,2020-05-29T13:37:49,2020-05-29T14:09:39,192,74.4,93.6,19.19999999999999,23.868893208333336,124.31715212673619,31.83333396911621,118.3,39.35,126.3888888888889,-44.987508125,-44.5,34.903645833333336,36.0,124.31715212673619,123.48109664224495,0,0,93.18192400399458,93.18192400399458,92.55525859792442
810,2020-05-30T11:12:20,2020-05-30T11:38:20,157,18.0,37.2,19.200000000000003,23.811249291666666,124.0169233940972,26.0,46.94,15.61,126.1827956989247,-54.94840605095542,-54.70001,29.94904458598726,31.0,124.0169233940972,123.56302635001867,0,0,92.95688755109978,92.95688755109978,92.61666901211777
811,2020-05-30T11:38:31,2020-05-30T12:09:01,184,37.2,60.8,23.599999999999994,27.956388694444442,118.45927412900191,30.5,76.75,25.53,126.23355263157895,-54.996195271739126,-54.89999,32.52445652173913,34.0,118.45927412900191,123.48109664224495,0,0,88.79115142698865,88.79115142698865,92.55525859792442
812,2020-05-30T12:09:12,2020-05-30T12:37:12,169,60.8,81.6,20.799999999999997,25.666666666666668,123.39743589743593,28.0,103.19,34.33,126.45833333333334,-55.0,-55.0,34.349112426035504,35.0,123.39743589743593,123.48109664224495,0,0,92.49255068488468,92.49255068488468,92.55525859792442
813,2020-05-30T12:37:23,2020-05-30T13:02:33,152,81.6,97.6,16.0,20.404997625,127.53123515624999,25.16666603088379,123.35,41.04,126.38319672131148,-48.65459960526316,-44.30002,35.286184210526315,36.0,127.53123515624999,123.48109664224495,0,0,95.59104000669517,95.59104000669517,92.55525859792442
814,2020-05-31T00:06:52,2020-05-31T00:25:02,110,6.8,20.0,13.2,16.46860883333333,124.76218813131311,18.16666603088379,25.21,8.38,126.05,-54.39181063636363,-54.30002,32.404545454545456,33.0,124.76218813131311,123.57952111567283,0,0,93.51550075063089,93.51550075063089,92.62903266406245
815,2020-05-31T00:25:13,2020-05-31T00:53:03,168,20.4,40.8,20.4,25.23083011111111,123.6805397603486,27.83333396911621,51.43,17.1,126.05392156862746,-54.38987398809524,-54.30002,33.00892857142857,35.0,123.6805397603486,123.6395077058306,0,0,92.70475119131417,92.70475119131417,92.67399561398301
816,2020-05-31T00:53:14,2020-05-31T01:24:54,191,41.2,64.4,23.200000000000003,28.70041459722222,123.70868360871644,31.66666603088379,81.42,27.08,126.42857142857143,-54.379577277486916,-54.30002,35.29319371727749,37.0,123.70868360871644,123.66253684695755,0,0,92.72584641345311,92.72584641345311,92.69125710720144
817,2020-05-31T01:25:05,2020-05-31T01:55:45,185,64.8,86.8,22.0,27.80027391666666,126.36488143939391,30.66666603088379,109.75,36.51,126.44009216589862,-54.39188432432433,-54.30002,36.44054054054054,37.0,126.36488143939391,123.67876203150534,0,0,94.71679955357521,94.71679955357521,92.70341869462214
818,2020-05-31T01:55:56,2020-05-31T02:14:06,110,87.2,97.6,10.399999999999991,13.894726486111118,133.6031392895301,18.16666603088379,123.35,41.04,126.38319672131148,-45.920014,-43.80002,36.64090909090909,38.0,133.6031392895301,123.69461168453252,0,0,100.14223587812283,100.14223587812283,92.71529880238364
821,2020-05-31T15:04:55,2020-05-31T15:28:25,142,46.4,68.8,22.4,27.402083847222226,122.33073146081352,23.5,86.98,28.93,126.42441860465118,-69.9633816197183,-69.70001,35.806338028169016,37.0,122.33073146081352,123.67876203150534,0,0,91.69300235186994,91.69300235186994,92.70341869462214
822,2020-05-31T15:28:36,2020-05-31T15:58:56,183,68.8,93.6,24.799999999999997,30.69166843055556,123.75672754256276,30.33333396911621,118.3,39.35,126.3888888888889,-60.68852814207649,-44.20001,36.98907103825137,38.0,123.75672754256276,123.67876203150534,0,0,92.76185774508299,92.76185774508299,92.70341869462214
825,2020-05-31T23:49:27,2020-06-01T00:10:44,129,45.6,61.6,16.0,19.52482084305555,122.03013026909719,21.28333282470703,77.84,25.89,126.36363636363637,-55.0426396124031,-54.89999,32.07364341085271,34.0,122.03013026909719,123.67876203150534,0,0,91.46768672226585,91.46768672226585,92.70341869462214
826,2020-06-01T00:10:55,2020-06-01T00:43:25,196,61.6,86.0,24.4,29.787221777777777,122.07877777777777,32.5,108.7,36.16,126.39534883720931,-54.99183591836735,-54.89999,33.18112244897959,35.0,122.07877777777777,123.67876203150534,0,0,91.50415046342553,91.50415046342553,92.70341869462214
827,2020-06-01T00:43:36,2020-06-01T01:04:16,125,86.0,97.6,11.599999999999994,14.939164902777781,128.7859043342913,20.66666603088379,123.34,41.03,126.37295081967214,-43.29839487999999,-13.30002,33.844,35.0,128.7859043342913,123.69461168453252,0,0,96.53147731561302,96.53147731561302,92.71529880238364
828,2020-06-01T06:32:38,2020-06-01T06:55:08,136,55.2,71.6,16.39999999999999,20.61791618055555,125.71900110094853,22.5,90.54,30.12,126.45251396648047,-54.98161639705883,-54.80002,32.720588235294116,34.0,125.71900110094853,123.7327055756396,0,0,94.23267993224303,94.23267993224303,92.74385207926805
829,2020-06-01T06:55:19,2020-06-01T07:25:39,183,72.0,93.2,21.200000000000003,26.521944430555553,125.10351146488468,30.33333396911621,117.85,39.2,126.44849785407725,-52.44535519125683,-44.20001,33.30327868852459,35.0,125.10351146488468,123.8508952429126,0,0,93.7713396625232,93.7713396625232,92.83244114687042
833,2020-06-02T01:08:45,2020-06-02T01:40:35,192,66.8,93.2,26.400000000000006,32.752642166666675,124.06303851010101,31.83333396911621,117.83,39.2,126.42703862660943,-61.70833958333335,-44.0,31.791666666666668,33.0,124.06303851010101,123.98099316867982,0,0,92.99145313727507,92.99145313727507,92.92995604987881
835,2020-06-02T08:51:51,2020-06-02T09:09:41,108,48.0,58.8,10.799999999999997,13.464033541666671,124.6669772376544,17.83333396911621,74.24,24.69,126.25850340136054,-45.30001925925926,-45.20001,30.50925925925926,32.0,124.6669772376544,123.98099316867982,0,0,93.44413542327675,93.44413542327675,92.92995604987881
836,2020-06-02T09:09:52,2020-06-02T09:38:02,170,59.2,76.0,16.799999999999997,21.265842722222224,126.58239715608468,28.16666603088379,96.1,31.97,126.44736842105262,-45.30002000000001,-45.30002,31.370588235294118,32.0,126.58239715608468,123.98099316867982,0,0,94.87983846361789,94.87983846361789,92.92995604987881
837,2020-06-02T09:38:13,2020-06-02T10:07:13,175,76.4,93.6,17.19999999999999,21.815841680555558,126.83628884043938,29.0,118.37,39.38,126.46367521367523,-45.135445828571434,-44.70001,31.885714285714286,33.0,126.83628884043938,123.98099316867982,0,0,95.07014298099186,95.07014298099186,92.92995604987881
839,2020-06-03T04:26:56,2020-06-03T04:45:06,110,20.0,29.2,9.2,11.636247175277779,126.48094755736716,18.16666603088379,36.75,12.22,125.85616438356165,-38.26453622,-0.2000122,29.509090909090908,31.0,126.48094755736716,123.98099316867982,0,0,94.80379691475508,94.80379691475508,92.92995604987881
840,2020-06-03T04:45:17,2020-06-03T05:11:57,161,29.6,44.0,14.399999999999999,17.733328888888888,123.14811728395063,26.66666603088379,55.57,18.48,126.29545454545455,-39.89999,-39.89999,30.642857142857142,32.0,123.14811728395063,123.98099316867982,0,0,92.30567391287751,92.30567391287751,92.92995604987881
841,2020-06-03T05:12:08,2020-06-03T05:42:08,181,44.0,60.8,16.799999999999997,19.949717305555556,118.74831729497356,30.0,76.75999,25.53,126.24998355263159,-39.89943767955801,-39.80002,32.20718232044199,34.0,118.74831729497356,123.98099316867982,0,0,89.00780373815152,89.00780373815152,92.92995604987881
842,2020-06-03T05:42:19,2020-06-03T06:14:49,196,61.2,78.8,17.599999999999994,21.612216888888888,122.7966868686869,32.5,99.55,33.12,126.33248730964468,-39.89947994897959,-39.80002,33.0,34.0,122.7966868686869,123.98099316867982,0,0,92.04225923768922,92.04225923768922,92.92995604987881
843,2020-06-03T06:15:00,2020-06-03T06:43:30,172,78.8,94.0,15.200000000000003,18.950829194444445,124.67650785818712,28.5,118.84,39.53,126.42553191489363,-39.89650290697674,-39.80002,33.48837209302326,34.0,124.67650785818712,124.03998095209911,0,0,93.45127910009847,93.45127910009847,92.97417034418743
845,2020-06-03T16:40:06,2020-06-03T17:01:56,132,29.6,38.0,8.399999999999999,10.16917025,121.06155059523812,21.83333396911621,47.91,15.94,126.07894736842104,-27.90531287878788,-22.60001,31.59090909090909,33.0,121.06155059523812,123.98099316867982,0,0,90.7416878072542,90.7416878072542,92.92995604987881
846,2020-06-03T17:02:07,2020-06-03T17:28:27,159,38.4,47.6,9.200000000000003,11.100559333333335,120.65825362318839,26.33333396911621,60.04,19.97,126.13445378151259,-25.27548031446541,0.0,32.295597484276726,34.0,120.65825362318839,123.98099316867982,0,0,90.43939655333078,90.43939655333078,92.92995604987881
847,2020-06-03T17:28:38,2020-06-03T17:58:08,178,47.6,59.6,12.0,13.705699361111114,114.21416134259262,29.5,75.23,25.02,126.22483221476512,-27.909560561797754,-22.60001,33.08988764044944,35.0,114.21416134259262,123.98099316867982,0,0,85.60922704821658,85.60922704821658,92.92995604987881
848,2020-06-03T17:58:19,2020-06-03T18:26:19,169,59.6,70.4,10.800000000000004,12.98278227777778,120.21094701646088,28.0,88.91,29.57,126.29261363636363,-27.789358757396453,-22.5,33.337278106508876,35.0,120.21094701646088,123.8508952429126,0,0,90.10411787680451,90.10411787680451,92.83244114687042
849,2020-06-03T18:26:30,2020-06-03T18:55:30,175,70.4,81.6,11.199999999999989,13.424726944444448,119.86363343253983,29.0,103.12,34.3,126.37254901960786,-27.74572405714286,-22.5,33.0,34.0,119.86363343253983,123.7327055756396,0,0,89.84378897263613,89.84378897263613,92.74385207926805
850,2020-06-03T18:55:41,2020-06-03T19:24:31,174,81.6,92.4,10.800000000000011,13.439310541666664,124.4380605709875,28.83333396911621,116.81,38.86,126.41774891774891,-27.998286206896555,-22.30002,33.0,34.0,124.4380605709875,123.7327055756396,0,0,93.27255093093851,93.27255093093851,92.74385207926805
853,2020-06-04T16:04:15,2020-06-04T16:26:25,134,17.6,31.2,13.599999999999998,16.67500370833334,122.61032138480398,22.16666603088379,39.35,13.09,126.12179487179488,-45.13583097014926,-45.10001,34.406716417910445,36.0,122.61032138480398,123.69461168453252,0,0,91.90256898530602,91.90256898530602,92.71529880238364
854,2020-06-04T16:26:36,2020-06-04T16:57:46,188,31.2,50.8,19.599999999999998,23.448338527777782,119.63438024376421,31.16666603088379,64.15,21.33,126.27952755905513,-45.14096744680851,-45.10001,36.4813829787234,39.0,119.63438024376421,123.65573289037839,0,0,89.67195224014418,89.67195224014418,92.68615720140372
855,2020-06-04T16:57:57,2020-06-04T17:37:12,237,50.8,75.6,24.799999999999997,29.524603763888894,119.05082162858426,39.25,95.53,31.78,126.36243386243387,-45.13334333333333,-45.10001,38.67299578059072,40.0,119.05082162858426,123.65573289037839,0,0,89.23454586780274,89.23454586780274,92.68615720140372
856,2020-06-04T17:37:23,2020-06-04T18:04:13,162,75.6,91.6,16.0,20.18264309722223,126.14151935763893,26.83333396911621,115.86,38.54,126.48471615720526,-45.12716987654321,-44.5,39.48148148148148,41.0,126.14151935763893,123.69461168453252,0,0,94.54937850047507,94.54937850047507,92.71529880238364
859,2020-06-05T02:12:58,2020-06-05T02:43:18,183,38.4,61.2,22.800000000000004,27.842225805555557,122.11502546296295,30.33333396911621,77.37,25.73,126.421568627451,-55.072684699453546,-55.0,35.88251366120219,38.0,122.11502546296295,123.69461168453252,0,0,91.53131991662217,91.53131991662217,92.71529880238364
860,2020-06-05T02:43:29,2020-06-05T03:14:49,189,61.2,84.8,23.599999999999994,28.746530152777776,121.80733115583807,31.33333396911621,107.22,35.67,126.43867924528303,-55.04656539682539,-55.0,37.14021164021164,39.0,121.80733115583807,123.69461168453252,0,0,91.3006876422137,91.3006876422137,92.71529880238364
861,2020-06-05T03:15:00,2020-06-05T03:31:59,103,84.8,95.6,10.799999999999997,13.686805374999997,126.72967939814815,16.983333587646484,120.91,40.22,126.47489539748955,-48.36407708737864,-44.30002,37.5,39.0,126.72967939814815,123.7327055756396,0,0,94.99023387126933,94.99023387126933,92.74385207926805
862,2020-06-05T16:32:13,2020-06-05T16:53:43,130,34.4,41.2,6.800000000000004,8.411246994444445,123.69480874182999,21.5,51.97,17.28,126.14077669902912,-23.386914738461538,-2.100006,35.0,36.0,123.69480874182999,123.70174617527321,0,0,92.71544650668511,92.71544650668511,92.7206464600691
863,2020-06-05T16:53:54,2020-06-05T17:23:14,177,41.6,51.2,9.600000000000001,11.536662277777776,120.17356539351847,29.33333396911621,64.58,21.48,126.1328125,-23.653663389830513,-22.39999,35.05367231638418,37.0,120.17356539351847,123.70174617527321,0,0,90.07609848053798,90.07609848053798,92.7206464600691
866,2020-06-05T17:31:41,2020-06-05T18:03:21,191,54.0,64.4,10.400000000000006,12.30360630555555,118.30390678418792,31.66666603088379,81.31,27.04,126.25776397515529,-23.307320732984287,-22.39999,35.646596858638745,37.0,118.30390678418792,123.68767425108929,0,0,88.67469583039968,88.67469583039968,92.71009884899965
867,2020-06-05T18:03:32,2020-06-05T18:26:34,140,64.4,71.6,7.199999999999989,8.969107605555555,124.57093896604958,23.03333282470703,90.41,30.07,126.27094972067039,-23.351419428571425,-22.39999,35.5,37.0,124.57093896604958,123.68767425108929,0,0,93.37214993476563,93.37214993476563,92.71009884899965
868,2020-06-05T18:26:45,2020-06-05T18:58:25,191,72.0,81.6,9.599999999999994,12.287217583333327,127.99184982638889,31.66666603088379,103.11,34.29,126.36029411764707,-23.33454623036649,-22.39999,35.01570680628272,37.0,127.99184982638889,123.70174617527321,0,0,95.9362937424327,95.9362937424327,92.7206464600691
869,2020-06-05T18:58:36,2020-06-05T19:30:06,190,81.6,91.2,9.600000000000009,12.171662027777774,126.78814612268503,31.5,115.28,38.35,126.40350877192982,-23.179991157894733,-22.39999,34.95,36.0,126.78814612268503,123.70174617527321,0,0,95.03405760588163,95.03405760588163,92.7206464600691
870,2020-06-05T19:30:17,2020-06-05T19:52:47,136,91.2,97.6,6.3999999999999915,8.434307805555555,131.7860594618057,22.5,123.35,41.04,126.38319672131148,-22.489711838235294,-22.10001,34.5,36.0,131.7860594618057,123.7327055756396,0,0,98.78024365484866,98.78024365484866,92.74385207926805
872,2020-06-06T04:23:53,2020-06-06T04:53:03,176,28.4,46.8,18.4,21.972227083333333,119.4142776268116,29.16666603088379,59.06,19.65,126.1965811965812,-45.20001000000001,-45.20001,32.51988636363637,34.0,119.4142776268116,123.70174617527321,0,0,89.50697431895556,89.50697431895556,92.7206464600691
873,2020-06-06T04:53:14,2020-06-06T05:25:34,195,46.8,67.2,20.400000000000006,24.35778316666667,119.40089787581698,32.33333206176758,84.85,28.22,126.26488095238093,-45.200010000000006,-45.20001,34.51025641025641,36.0,119.40089787581698,123.70174617527321,0,0,89.49694552631476,89.49694552631476,92.7206464600691
874,2020-06-06T05:25:45,2020-06-06T05:52:55,164,67.2,84.0,16.799999999999997,20.465560083333337,121.81881001984131,27.16666603088379,106.12,35.3,126.33333333333334,-45.200010000000006,-45.20001,35.0,36.0,121.81881001984131,123.70174617527321,0,0,91.30929162496993,91.30929162496993,92.7206464600691
878,2020-06-06T13:36:40,2020-06-06T14:03:40,163,33.6,43.2,9.600000000000001,11.654995499999997,121.40620312499995,27.0,54.45,18.11,126.04166666666666,-25.899989999999995,-25.89999,31.87730061349693,33.0,121.40620312499995,123.68767425108929,0,0,91.00002211822128,91.00002211822128,92.71009884899965
879,2020-06-06T14:03:51,2020-06-06T14:35:41,192,43.2,54.8,11.599999999999994,13.741383583333327,118.46020330459771,31.83333396911621,69.15,23.0,126.18613138686133,-25.89999,-25.89999,32.799479166666664,34.0,118.46020330459771,123.53898782889226,0,0,88.79184789057611,88.79184789057611,92.59865093809942
880,2020-06-06T14:35:52,2020-06-06T15:05:32,179,54.8,65.6,10.799999999999997,12.806106166666662,118.57505709876543,29.66666603088379,82.82,27.55,126.25,-25.899989999999995,-25.89999,33.5,34.0,118.57505709876543,123.27277659069327,0,0,88.87793655442192,88.87793655442192,92.3991122988811
881,2020-06-06T15:05:43,2020-06-06T15:36:13,184,65.6,76.4,10.800000000000011,13.165828249999993,121.90581712962944,30.5,96.55,32.12,126.37434554973821,-25.89999,-25.89999,33.5,34.0,121.90581712962944,123.27277659069327,0,0,91.37450780595049,91.37450780595049,92.3991122988811
882,2020-06-06T15:36:24,2020-06-06T16:04:24,169,76.4,86.4,10.0,12.086661999999997,120.86661999999997,28.0,109.18,36.31,126.36574074074073,-25.899989999999995,-25.89999,33.5,34.0,120.86661999999997,122.97240207631876,0,0,90.59557757547365,90.59557757547365,92.17396657528337
883,2020-06-06T16:04:35,2020-06-06T16:36:45,194,86.4,97.2,10.799999999999997,13.885272416666663,128.56733719135804,32.16666793823242,122.84,40.86,126.37860082304528,-25.899989999999995,-25.89999,33.5,34.0,128.56733719135804,122.97240207631876,0,0,96.36765030900804,96.36765030900804,92.17396657528337
885,2020-06-07T00:58:31,2020-06-07T01:16:01,106,47.6,64.4,16.800000000000004,20.430695847222225,121.61128480489417,17.5,81.39,27.07,126.38198757763975,-70.04811801886792,-70.0,31.235849056603772,33.0,121.61128480489417,122.70350412674544,0,0,91.15374109572033,91.15374109572033,91.97241411149761
886,2020-06-07T01:16:12,2020-06-07T01:45:42,178,64.4,90.4,26.0,32.15667051388889,123.67950197649573,29.5,114.26,38.01,126.39380530973452,-65.35787297752809,-44.5,32.60674157303371,34.0,123.67950197649573,122.70350412674544,0,0,92.70397332040532,92.70397332040532,91.97241411149761
889,2020-06-07T18:43:17,2020-06-07T19:14:27,188,38.8,68.8,30.0,36.605137319444445,122.01712439814816,31.16666603088379,86.98,28.93,126.42441860465118,-70.46967781914894,-70.39999,32.18882978723404,34.0,122.01712439814816,122.47052642280875,0,0,91.45793817142113,91.45793817142113,91.79778566858798
890,2020-06-07T19:14:38,2020-06-07T19:42:08,166,69.2,92.4,23.200000000000003,29.070694833333334,125.30471910919539,27.5,116.86,38.87,126.47186147186146,-63.39216957831324,-44.80002,34.376506024096386,36.0,125.30471910919539,122.47052642280875,0,0,93.92215485656875,93.92215485656875,91.79778566858798
893,2020-06-08T07:58:14,2020-06-08T08:27:04,174,14.4,41.6,27.200000000000003,33.60944172222223,123.56412397875819,28.83333396911621,52.51,17.46,126.22596153846152,-69.93850005747127,-69.80002,32.63793103448276,35.0,123.56412397875819,122.47052642280875,0,0,92.61749173976268,92.61749173976268,91.79778566858798
894,2020-06-08T08:27:15,2020-06-08T08:59:15,193,41.6,72.0,30.4,37.315692680555564,122.74898908077489,32.0,91.07999,30.3,126.49998611111111,-69.96683606217617,-69.89999,36.023316062176164,38.0,122.74898908077489,122.67965523278943,0,0,92.0065073597517,92.0065073597517,91.95453817252886
895,2020-06-08T08:59:26,2020-06-08T09:28:46,177,72.0,95.2,23.200000000000003,29.39972426388889,126.72294941331415,29.33333396911621,120.31,40.02,126.37605042016806,-60.11864824858757,-44.20001,37.87005649717514,39.0,126.72294941331415,122.67965523278943,0,0,94.98518941099476,94.98518941099476,91.95453817252886
898,2020-06-08T21:05:37,2020-06-08T21:35:27,180,29.6,48.0,18.4,22.530977291666673,122.45096354166671,29.83333396911621,60.51,20.13,126.0625,-45.31389905555556,-44.80002,32.46944444444444,34.0,122.45096354166671,122.67965523278943,0,0,91.7831223106145,91.7831223106145,91.95453817252886
899,2020-06-08T21:35:38,2020-06-08T22:02:48,164,48.0,64.8,16.799999999999997,19.865837361111108,118.24903191137565,27.16666603088379,81.86,27.23,126.32716049382715,-43.87561865853659,-43.0,34.23780487804878,36.0,118.24903191137565,122.67965523278943,0,0,88.63356436832349,88.63356436832349,91.95453817252886
900,2020-06-08T22:02:59,2020-06-08T22:35:29,196,64.8,83.2,18.400000000000006,22.81791925000001,124.01043070652176,32.5,105.16,34.98,126.39423076923076,-42.125515,-41.30002,35.0,36.0,124.01043070652176,122.67965523278943,0,0,92.9520209569904,92.9520209569904,91.95453817252886
901,2020-06-08T22:35:40,2020-06-08T23:03:00,165,83.2,97.6,14.399999999999991,18.47347461111111,128.28801813271613,27.33333396911621,123.42,41.05,126.45491803278689,-40.55152048484849,-39.80002,35.0,36.0,128.28801813271613,122.67965523278943,0,0,96.1582867026997,96.1582867026997,91.95453817252886
902,2020-06-09T06:46:43,2020-06-09T07:15:03,171,63.6,89.2,25.6,32.167504569444446,125.65431472439236,28.33333396911621,112.81,37.53,126.46860986547085,-68.05615,-44.60001,33.64912280701754,35.0,125.65431472439236,122.67965523278943,0,0,94.18419425732823,94.18419425732823,91.95453817252886
906,2020-06-09T14:58:03,2020-06-09T15:22:53,150,58.0,81.6,23.599999999999994,28.82264302777778,122.12984333804147,24.83333396911621,103.12,34.3,126.37254901960786,-69.63867666666667,-69.60001,35.83,38.0,122.12984333804147,122.53064246323535,0,0,91.54242665520044,91.54242665520044,91.84284564796026
907,2020-06-09T15:23:04,2020-06-09T15:48:04,151,81.6,97.6,16.0,20.52416859722222,128.27605373263887,25.0,123.45,41.06,126.48565573770492,-49.20530264900662,-13.0,36.5,38.0,128.27605373263887,122.53064246323535,0,0,96.14931878636894,96.14931878636894,91.84284564796026
908,2020-06-10T03:21:24,2020-06-10T03:46:14,150,18.8,37.6,18.8,22.802920083333333,121.29212810283688,24.83333396911621,47.4,15.76,126.06382978723404,-55.09467493333334,-55.0,28.61,31.0,121.29212810283688,122.29040343985409,0,0,90.91451718294803,90.91451718294803,91.66277448290748
909,2020-06-10T03:46:25,2020-06-10T04:17:15,186,37.6,61.2,23.6,28.28291856944444,119.84287529425609,30.83333396911621,77.29,25.7,126.29084967320263,-55.03710048387097,-55.0,31.217741935483872,33.0,119.84287529425609,122.12243440050221,0,0,89.82822970964685,89.82822970964685,91.5368732859113
911,2020-06-10T04:27:24,2020-06-10T04:46:54,118,68.4,83.2,14.799999999999997,17.885001,120.84460135135137,19.5,105.19,34.99,126.43028846153845,-55.030511525423734,-54.89999,33.05084745762712,34.0,120.84460135135137,122.06607493055554,0,0,90.57907349691374,90.57907349691374,91.49462904402165
914,2020-06-10T07:42:17,2020-06-10T08:12:07,180,60.0,88.0,28.0,34.66750093055556,123.81250332341271,29.83333396911621,111.28,37.02,126.45454545454545,-69.65500188888889,-44.80002,34.69722222222222,37.0,123.81250332341271,122.06607493055554,0,0,92.80366448279788,92.80366448279788,91.49462904402165
915,2020-06-10T08:12:18,2020-06-10T08:28:48,100,88.4,97.6,9.199999999999989,12.08680926388889,131.37836156400982,16.5,123.4,41.05,126.4344262295082,-43.805013499999994,-13.70001,35.5,37.0,131.37836156400982,122.12243440050221,0,0,98.4746536869392,98.4746536869392,91.5368732859113
917,2020-06-10T18:22:48,2020-06-10T18:54:18,190,42.4,72.8,30.4,36.96388780555555,121.59173620248536,31.5,91.99,30.6,126.3598901098901,-70.40736631578947,-70.30002,36.46578947368421,39.0,121.59173620248536,122.06607493055554,0,0,91.13908844037165,91.13908844037165,91.49462904402165
918,2020-06-10T18:54:29,2020-06-10T19:27:28,199,72.8,97.6,24.799999999999997,31.218558580555555,125.88128459901435,32.983333587646484,123.45,41.06,126.48565573770492,-56.709553216080394,-13.70001,38.0678391959799,40.0,125.88128459901435,122.06607493055554,0,0,94.35431953164806,94.35431953164806,91.49462904402165
919,2020-06-11T04:15:23,2020-06-11T04:41:43,159,33.2,42.4,9.199999999999996,11.383750036111111,123.7364134359904,26.33333396911621,53.45,17.78,126.06132075471699,-25.875471798742137,-6.100006,32.15408805031446,34.0,123.7364134359904,122.12243440050221,0,0,92.74663130607236,92.74663130607236,91.5368732859113
920,2020-06-11T04:41:54,2020-06-11T05:14:14,195,42.4,54.4,12.0,14.011111111111111,116.75925925925927,32.33333206176758,68.65,22.83,126.19485294117648,-26.0,-26.0,33.13076923076923,34.0,116.75925925925927,122.12243440050221,0,0,87.51690524544384,87.51690524544384,91.5368732859113
921,2020-06-11T05:14:25,2020-06-11T05:45:05,185,54.4,65.2,10.800000000000004,13.28888888888889,123.04526748971189,30.66666603088379,82.31,27.38,126.24233128834356,-26.0,-26.0,33.99189189189189,35.0,123.04526748971189,122.29040343985409,0,0,92.22858284743218,92.22858284743218,91.66277448290748
922,2020-06-11T05:45:16,2020-06-11T06:12:26,164,65.2,74.8,9.599999999999994,11.772222222222222,122.62731481481488,27.16666603088379,94.47,31.43,126.29679144385027,-26.0,-26.0,34.0,35.0,122.62731481481488,122.53064246323535,0,0,91.91530641112983,91.91530641112983,91.84284564796026
923,2020-06-11T06:12:37,2020-06-11T06:40:57,171,75.2,84.8,9.599999999999994,12.277777777777779,127.8935185185186,28.33333396911621,107.14,35.64,126.34433962264151,-26.0,-26.0,34.0,35.0,127.8935185185186,122.61881809980943,0,0,95.86258950854032,95.86258950854032,91.90893769821793
924,2020-06-11T06:41:08,2020-06-11T07:15:18,206,84.8,96.4,11.600000000000009,14.805555555555555,127.63409961685814,34.16666793823242,121.87,40.54,126.42116182572613,-26.0,-26.0,33.76699029126213,35.0,127.63409961685814,122.61881809980943,0,0,95.66814206531801,95.66814206531801,91.90893769821793
927,2020-06-11T14:06:48,2020-06-11T14:37:28,185,56.8,85.6,28.799999999999997,35.77666833333333,124.22454282407408,30.66666603088379,108.15,35.97,126.34345794392524,-69.9973005945946,-69.70001,38.98918918918919,40.0,124.22454282407408,122.68815194779489,0,0,93.11250869922692,93.11250869922692,91.96090688544076
928,2020-06-11T14:37:39,2020-06-11T14:57:29,120,85.6,97.6,12.0,15.32791854166667,127.73265451388892,19.83333396911621,123.43,41.06,126.46516393442624,-46.33000566666667,-13.0,39.5,40.0,127.73265451388892,122.89712828524338,0,0,95.74201389047035,95.74201389047035,92.11754510359194
930,2020-06-12T00:50:38,2020-06-12T01:21:28,186,21.2,50.8,29.599999999999998,35.960140430555555,121.48696091403905,30.83333396911621,64.17,21.34,126.31889763779527,-69.97634704301076,-69.70001,37.196236559139784,40.0,121.48696091403905,122.89712828524338,0,0,91.06055412070234,91.06055412070234,92.11754510359194
931,2020-06-12T01:21:39,2020-06-12T01:53:19,191,50.8,81.2,30.400000000000006,36.92041719444445,121.44874077119881,31.66666603088379,102.64,34.14,126.4039408866995,-69.95497481675393,-69.70001,39.92931937172775,42.0,121.44874077119881,122.68815194779489,0,0,91.03190621182866,91.03190621182866,91.96090688544076
932,2020-06-12T01:53:30,2020-06-12T02:16:53,142,81.2,97.2,16.0,20.52043228194444,128.25270176215275,23.383333206176758,122.86,40.87,126.39917695473251,-52.6450747887324,-44.10001,40.5,42.0,128.25270176215275,122.89712828524338,0,0,96.13181531639752,96.13181531639752,92.11754510359194
935,2020-06-12T13:43:58,2020-06-12T14:14:38,185,30.8,60.8,29.999999999999996,35.80486336111111,119.34954453703703,30.66666603088379,76.82,25.55,126.3486842105263,-70.05297735135136,-69.80002,39.74324324324324,42.0,119.34954453703703,122.89712828524338,0,0,89.45845363014693,89.45845363014693,92.11754510359194
941,2020-06-12T23:57:46,2020-06-13T00:26:36,174,37.6,65.6,27.999999999999993,33.65305677777778,120.18948849206353,28.83333396911621,82.93,27.59,126.4176829268293,-70.02931287356321,-69.80002,39.85919540229885,42.0,120.18948849206353,122.68815194779489,0,0,90.08803363938895,90.08803363938895,91.96090688544076
942,2020-06-13T00:26:47,2020-06-13T00:52:47,157,65.6,89.6,24.0,29.667639944444446,123.61516643518519,26.0,113.24,37.67,126.38392857142858,-68.39235910828026,-44.20001,41.63057324840764,43.0,123.61516643518519,122.68815194779489,0,0,92.6557506140563,92.6557506140563,91.96090688544076
945,2020-06-13T05:11:42,2020-06-13T05:39:32,168,60.0,69.2,9.200000000000003,11.456807027777778,124.53051117149755,27.83333396911621,87.38,29.07,126.27167630057802,-24.697622202380952,-24.39999,37.5,39.0,124.53051117149755,122.89712828524338,0,0,93.34184728050472,93.34184728050472,92.11754510359194
946,2020-06-13T05:39:43,2020-06-13T06:07:33,168,69.2,78.4,9.200000000000003,11.235698027777778,122.12715247584538,27.83333396911621,99.02,32.94,126.30102040816325,-24.22084101190476,-24.0,37.25297619047619,39.0,122.12715247584538,122.89712828524338,0,0,91.54040971938448,91.54040971938448,92.11754510359194
947,2020-06-13T06:07:44,2020-06-13T06:35:54,170,78.4,87.2,8.799999999999997,11.176113930555555,127.00129466540409,28.16666603088379,110.23,36.67,126.4105504587156,-23.807064823529412,-23.60001,36.5,38.0,127.00129466540409,122.89712828524338,0,0,95.19382310058151,95.19382310058151,92.11754510359194
948,2020-06-13T06:36:05,2020-06-13T07:07:15,188,87.2,96.8,9.599999999999994,12.16889147222222,126.75928616898153,31.16666603088379,122.38,40.71,126.42561983471074,-23.426600744680854,-23.20001,36.5,38.0,126.75928616898153,122.89712828524338,0,0,95.01242562697321,95.01242562697321,92.11754510359194
950,2020-06-13T21:47:33,2020-06-13T23:14:16,651,19.6,90.0,70.4,86.13277686666666,122.34769441287877,86.71666717529297,113.75,37.84,126.38888888888889,-59.53824823348695,0.0,38.74731182795699,42.0,122.34769441287877,122.68815194779489,0,0,91.70571693294895,91.70571693294895,91.96090688544076
951,2020-06-15T00:42:01,2020-06-15T01:02:41,125,36.8,56.8,20.0,24.085830805555553,120.42915402777776,20.66666603088379,71.81,23.89,126.42605633802819,-69.92639263999999,-69.89999,31.424,33.0,120.42915402777776,122.53913917824079,0,0,90.2676749467488,90.2676749467488,91.84921436087217
952,2020-06-15T01:02:52,2020-06-15T01:31:32,173,56.8,84.0,27.200000000000003,33.40819081944445,122.82423095383987,28.66666603088379,106.15,35.31,126.36904761904763,-69.92426988439307,-69.89999,33.59537572254335,35.0,122.82423095383987,122.68815194779489,0,0,92.06290490729778,92.06290490729778,91.96090688544076
955,2020-06-15T08:13:56,2020-06-15T08:44:16,183,59.2,82.0,22.799999999999997,28.41680902777778,124.63512731481484,30.33333396911621,103.73,34.5,126.50000000000001,-56.20875005464481,-54.5,33.068306010928964,34.0,124.63512731481484,122.78661001730738,0,0,93.42026231293922,93.42026231293922,92.03470613352474
956,2020-06-15T08:44:27,2020-06-15T09:10:27,157,82.4,97.6,15.199999999999989,19.604447694444442,128.97662956871352,26.0,123.42,41.05,126.45491803278689,-45.16943420382166,-13.10001,33.996815286624205,35.0,128.97662956871352,122.93474922177589,0,0,96.67443541910511,96.67443541910511,92.14574387736498
958,2020-06-15T20:58:06,2020-06-15T21:30:46,197,20.4,40.4,20.0,24.554449888888893,122.77224944444445,32.66666793823242,51.0,16.96,126.23762376237624,-45.10001,-45.10001,34.51776649746193,36.0,122.77224944444445,122.93474922177589,0,0,92.02394216583183,92.02394216583183,92.14574387736498
959,2020-06-15T21:30:57,2020-06-15T22:03:27,196,40.4,61.2,20.800000000000004,24.42917208333334,117.44794270833334,32.5,77.37,25.73,126.421568627451,-45.10001,-45.10001,36.45663265306123,38.0,117.44794270833334,122.93474922177589,0,0,88.03310793925239,88.03310793925239,92.14574387736498
960,2020-06-15T22:03:38,2020-06-15T22:29:18,155,61.2,77.2,16.0,19.292782055555556,120.57988784722222,25.66666603088379,97.52,32.44,126.32124352331606,-45.10001,-45.10001,37.0,38.0,120.57988784722222,122.93474922177589,0,0,90.3806574842991,90.3806574842991,92.14574387736498
961,2020-06-15T22:29:29,2020-06-15T23:02:09,197,77.2,96.8,19.599999999999994,24.443614708333335,124.71231994047623,32.66666793823242,122.33,40.69,126.37396694214877,-44.89594568527919,-44.5,37.16243654822335,39.0,124.71231994047623,123.30469573423504,0,0,93.47812204713516,93.47812204713516,92.42303729359743
964,2020-06-16T03:32:32,2020-06-16T04:05:22,198,42.8,74.4,31.60000000000001,38.27986266666667,121.138805907173,32.83333206176758,94.04,31.28,126.39784946236558,-69.95353828282828,-69.60001,38.57575757575758,41.0,121.138805907173,123.30469573423504,0,0,90.79959452794775,90.79959452794775,92.42303729359743
965,2020-06-16T04:05:33,2020-06-16T04:36:53,189,74.4,97.6,23.19999999999999,29.217919888888897,125.93930986590048,31.33333396911621,123.38,41.04,126.4139344262295,-55.955032592592595,-44.10001,39.5,41.0,125.93930986590048,123.30469573423504,0,0,94.3978123716689,94.3978123716689,92.42303729359743
967,2020-06-16T19:46:18,2020-06-16T20:16:08,180,59.6,87.6,27.999999999999993,34.72014462500001,124.00051651785722,29.83333396911621,110.68,36.82,126.34703196347034,-69.82834483333333,-69.80002,33.827777777777776,35.0,124.00051651785722,123.58964520697168,0,0,92.94458977666736,92.94458977666736,92.6366211769095
968,2020-06-16T20:16:19,2020-06-16T20:33:29,104,88.0,97.6,9.599999999999994,12.633477402777785,131.598722945602,17.16666603088379,123.38,41.04,126.4139344262295,-44.008671826923084,-13.39999,34.5,35.0,131.598722945602,123.58964520697168,0,0,98.63982556516888,98.63982556516888,92.6366211769095
970,2020-06-17T16:03:45,2020-06-17T16:39:05,213,18.4,52.0,33.6,41.14208570833334,122.44668365575399,35.33333206176758,65.72,21.86,126.38461538461537,-69.8638538028169,-69.70001,36.46948356807512,39.0,122.44668365575399,123.58964520697168,0,0,91.77991432203817,91.77991432203817,92.6366211769095
971,2020-06-17T16:39:16,2020-06-17T17:07:06,168,52.4,78.8,26.4,32.40597479166667,122.74990451388891,27.83333396911621,99.52,33.1,126.29441624365484,-69.85714839285716,-69.60001,39.458333333333336,41.0,122.74990451388891,123.30469573423504,0,0,92.00719352266167,92.00719352266167,92.42303729359743
972,2020-06-17T17:07:17,2020-06-17T17:33:47,160,79.2,97.6,18.39999999999999,23.62583723611111,128.4012893266909,26.5,123.42,41.05,126.45491803278689,-53.514383875,-44.0,40.071875,41.0,128.4012893266909,123.33021696244853,0,0,96.24318912853742,96.24318912853742,92.44216673074425
974,2020-06-18T11:48:55,2020-06-18T12:22:15,201,55.6,86.8,31.199999999999996,38.79042398611113,124.32828200676646,33.33333206176758,109.71,36.49,126.39400921658985,-69.82289870646767,-69.80002,35.30597014925373,37.0,124.32828200676646,123.6757899355878,0,0,93.19026640580648,93.19026640580648,92.70119096006434
975,2020-06-18T12:22:26,2020-06-18T12:40:26,109,87.2,97.6,10.399999999999991,13.749310833333336,132.2049118589745,18.0,123.35,41.04,126.38319672131148,-45.93396238532109,-44.20001,36.5,37.0,132.2049118589745,123.6757899355878,0,0,99.09419447799883,99.09419447799883,92.70119096006434
976,2020-06-19T06:28:27,2020-06-19T06:49:07,125,52.0,63.6,11.600000000000001,13.812642333333333,119.07450287356319,20.66666603088379,80.29,26.7,126.24213836477988,-40.10161,-40.10001,30.388,31.0,119.07450287356319,123.6757899355878,0,0,89.25229614547719,89.25229614547719,92.70119096006434
977,2020-06-19T06:49:18,2020-06-19T07:18:08,174,63.6,79.2,15.600000000000001,19.27028258333333,123.52745245726491,28.83333396911621,100.05,33.28,126.32575757575756,-40.100010000000005,-40.10001,31.014367816091955,32.0,123.52745245726491,123.6757899355878,0,0,92.59000460005235,92.59000460005235,92.70119096006434
978,2020-06-19T07:18:19,2020-06-19T07:43:39,153,79.6,93.2,13.600000000000009,16.931115333333334,124.49349509803913,25.33333396911621,117.85,39.2,126.44849785407725,-40.10001,-40.10001,31.5,32.0,124.49349509803913,123.6757899355878,0,0,93.31410188186165,93.31410188186165,92.70119096006434
981,2020-06-19T17:27:49,2020-06-19T17:54:49,163,25.6,40.4,14.799999999999997,18.0450045,121.92570608108112,27.0,50.99,16.96,126.21287128712872,-40.10001,-40.10001,38.41717791411043,40.0,121.92570608108112,123.57130944622506,0,0,91.38941556993144,91.38941556993144,92.62287760705433
982,2020-06-19T17:55:00,2020-06-19T18:25:50,186,40.4,58.0,17.6,20.606949583333336,117.08494081439395,30.83333396911621,73.21,24.35,126.22413793103448,-40.10001,-40.10001,39.814516129032256,41.0,117.08494081439395,123.2863599734884,0,0,87.7610198619782,87.7610198619782,92.40929372374227
983,2020-06-19T18:26:01,2020-06-19T18:58:21,195,58.0,76.0,18.0,21.609449833333336,120.05249907407409,32.33333206176758,96.00999,31.94,126.32893421052631,-40.10001,-40.10001,40.5,41.0,120.05249907407409,123.2863599734884,0,0,89.98535321823975,89.98535321823975,92.40929372374227
984,2020-06-19T18:58:32,2020-06-19T19:25:42,164,76.0,90.4,14.400000000000006,18.156393416666667,126.08606539351848,27.16666603088379,114.25,38.0,126.38274336283186,-40.10001,-40.10001,40.4969512195122,41.0,126.08606539351848,123.2863599734884,0,0,94.5078129804966,94.5078129804966,92.40929372374227
987,2020-06-20T08:58:20,2020-06-20T09:27:00,173,39.6,56.8,17.199999999999996,20.114449222222223,116.94447222222226,28.66666603088379,71.74,23.86,126.30281690140845,-42.10001,-42.10001,34.74566473988439,36.0,116.94447222222226,123.2863599734884,0,0,87.65573162574715,87.65573162574715,92.40929372374227
988,2020-06-20T09:27:11,2020-06-20T10:00:51,203,56.8,76.4,19.60000000000001,23.622783388888898,120.52440504535147,33.66666793823242,96.52,32.1,126.33507853403141,-42.10001,-42.10001,36.05911330049261,37.0,120.52440504535147,123.2863599734884,0,0,90.33907034898428,90.33907034898428,92.40929372374227
989,2020-06-20T10:01:02,2020-06-20T10:35:02,205,76.4,95.2,18.799999999999997,23.856672333333336,126.89719326241138,34.0,120.32,40.02,126.38655462184872,-42.10001,-42.10001,36.673170731707316,38.0,126.89719326241138,123.57130944622506,0,0,95.11579389176818,95.11579389176818,92.62287760705433
991,2020-06-20T20:43:26,2020-06-20T21:13:56,184,2.0,21.2,19.2,23.559308444444447,122.70473148148149,30.5,26.66,8.86,125.75471698113208,-46.34728836956522,-45.80002,40.74184782608695,43.0,122.70473148148149,123.2863599734884,0,0,91.97333407526597,91.97333407526597,92.40929372374227
992,2020-06-20T21:14:07,2020-06-20T21:43:37,178,21.2,40.0,18.8,22.349032763888893,118.87783385047284,29.5,50.47,16.79,126.175,-45.45562814606742,-45.10001,40.54213483146067,42.0,118.87783385047284,122.93474922177589,0,0,89.1048828750633,89.1048828750633,92.14574387736498
993,2020-06-20T21:43:48,2020-06-20T22:16:48,199,40.0,60.0,20.0,24.368059125000002,121.84029562500001,33.0,75.82,25.22,126.36666666666666,-44.30503165829144,-43.30002,41.69095477386934,43.0,121.84029562500001,122.93474922177589,0,0,91.32539616077072,91.32539616077072,92.14574387736498
994,2020-06-20T22:16:59,2020-06-20T22:47:49,186,60.0,77.6,17.599999999999994,21.805697902777773,123.89601081123739,30.83333396911621,98.02,32.6,126.31443298969073,-42.43280247311829,-41.60001,41.89784946236559,43.0,123.89601081123739,122.93474922177589,0,0,92.86625752206177,92.86625752206177,92.14574387736498
995,2020-06-20T22:48:00,2020-06-20T23:15:20,165,77.6,92.4,14.800000000000011,18.60222561111111,125.69071358858848,27.33333396911621,116.85,38.87,126.46103896103895,-40.83455290909091,-40.20001,41.4969696969697,43.0,125.69071358858848,122.93474922177589,0,0,94.2114770267557,94.2114770267557,92.14574387736498
999,2020-06-22T11:37:02,2020-06-22T11:53:42,101,51.6,61.6,10.0,12.453331305555556,124.53331305555555,16.66666603088379,77.86,25.9,126.3961038961039,-44.739596732673256,-26.10001,34.09405940594059,35.0,124.53331305555555,123.2863599734884,0,0,93.3439474327596,93.3439474327596,92.40929372374227
1000,2020-06-22T11:53:53,2020-06-22T12:22:43,174,61.6,79.2,17.6,21.576939638888888,122.5962479482323,28.83333396911621,100.12,33.3,126.41414141414141,-44.899989999999995,-44.89999,34.57471264367816,36.0,122.5962479482323,123.17584170555239,0,0,91.89202024062628,91.89202024062628,92.32645475367507
1001,2020-06-22T12:22:54,2020-06-22T12:49:44,162,79.2,95.2,16.0,19.992777680555555,124.95486050347222,26.83333396911621,120.31,40.02,126.37605042016806,-44.70370351851853,-44.30002,35.5,36.0,124.95486050347222,123.57130944622506,0,0,93.65991833125481,93.65991833125481,92.62287760705433
1003,2020-06-22T18:53:05,2020-06-22T19:12:15,116,47.2,58.8,11.599999999999994,14.398335666666668,124.12358333333341,19.16666603088379,74.21,24.68,126.20748299319727,-45.075869396551724,-44.39999,39.349137931034484,40.0,124.12358333333341,123.57130944622506,0,0,93.03683451080852,93.03683451080852,92.62287760705433
1004,2020-06-22T19:12:26,2020-06-22T19:45:56,202,58.8,78.4,19.60000000000001,24.177087597222222,123.35248774092965,33.5,99.05,32.95,126.33928571428571,-43.30248287128713,-42.39999,39.948019801980195,41.0,123.35248774092965,123.43997009909728,0,0,92.45885979322543,92.45885979322543,92.52443219663888
1005,2020-06-22T19:46:07,2020-06-22T20:16:07,181,78.4,95.2,16.799999999999997,20.733892777777776,123.41602843915344,30.0,120.36,40.04,126.42857142857142,-41.467963535911615,-40.60001,40.392265193370164,41.0,123.41602843915344,123.38425809004154,0,0,92.50648672492198,92.50648672492198,92.4826732590737
1007,2020-06-23T03:14:37,2020-06-23T03:36:27,132,58.4,79.2,20.800000000000004,25.48722372222222,122.53472943376066,21.83333396911621,100.17,33.32,126.47727272727272,-70.04091318181818,-69.89999,37.51136363636363,39.0,122.53472943376066,123.08835934738477,0,0,91.84590903680389,91.84590903680389,92.2608823502616
1008,2020-06-23T03:36:38,2020-06-23T04:04:08,166,79.2,97.6,18.39999999999999,23.209305444444446,126.13752958937205,27.5,123.34,41.03,126.37295081967214,-50.58493951807229,-13.39999,38.0,39.0,126.13752958937205,123.38425809004154,0,0,94.54638796958632,94.54638796958632,92.4826732590737
1010,2020-06-23T15:39:58,2020-06-23T16:06:58,163,18.4,44.4,26.0,31.525558,121.25214615384616,27.0,55.97,18.62,126.05855855855856,-70.05706067484664,-69.80002,42.236196319018404,44.0,121.25214615384616,123.38425809004154,0,0,90.88454871223702,90.88454871223702,92.4826732590737
1011,2020-06-23T16:07:09,2020-06-23T16:34:59,168,44.4,70.4,26.000000000000007,31.402085125,120.7772504807692,27.83333396911621,88.93,29.58,126.32102272727272,-67.70000386904762,-67.20001,44.663690476190474,46.0,120.7772504807692,123.08835934738477,0,0,90.52859065044542,90.52859065044542,92.2608823502616
1012,2020-06-23T16:35:10,2020-06-23T17:03:50,173,70.4,92.0,21.599999999999994,27.158056916666666,125.73174498456794,28.66666603088379,116.26,38.67,126.3695652173913,-56.8375750867052,-44.30002,45.5635838150289,47.0,125.73174498456794,123.38425809004154,0,0,94.24223211047928,94.24223211047928,92.4826732590737
1014,2020-06-24T02:49:41,2020-06-24T03:11:01,129,14.4,27.6,13.200000000000001,16.08931245833334,121.88873074494953,21.33333396911621,34.75,11.55,125.90579710144927,-45.20156968992249,-32.39999,36.43023255813954,38.0,121.88873074494953,123.38425809004154,0,0,91.36170070595254,91.36170070595254,92.4826732590737
1015,2020-06-24T03:11:12,2020-06-24T03:41:02,180,27.6,46.0,18.4,22.523898805555557,122.41249350845412,29.83333396911621,58.07,19.32,126.23913043478261,-45.2994643888889,-45.20001,37.486111111111114,39.0,122.41249350845412,123.08835934738477,0,0,91.75428709640696,91.75428709640696,92.2608823502616
1016,2020-06-24T03:41:13,2020-06-24T04:10:23,176,46.0,64.8,18.799999999999997,22.01417572222223,117.09667937352252,29.16666603088379,81.82,27.21,126.26543209876542,-45.28638227272729,-45.20001,38.86647727272727,40.0,117.09667937352252,122.79824019914216,0,0,87.7698184992211,87.7698184992211,92.0434235365648
1017,2020-06-24T04:10:34,2020-06-24T04:44:44,206,64.8,85.6,20.799999999999997,25.79528911111112,124.0158130341881,34.16666793823242,108.2,35.99,126.40186915887851,-45.299049029126216,-45.20001,39.0,40.0,124.0158130341881,123.08835934738477,0,0,92.95605528080645,92.95605528080645,92.2608823502616
1018,2020-06-24T04:44:55,2020-06-24T05:05:35,125,85.6,97.6,12.0,15.471949152777778,128.9329096064815,20.66666603088379,123.45,41.06,126.48565573770492,-44.91921367999999,-44.60001,39.0,40.0,128.9329096064815,123.08835934738477,0,0,96.64166512049009,96.64166512049009,92.2608823502616
1019,2020-06-24T15:25:32,2020-06-24T15:49:12,143,25.2,48.0,22.8,27.611389972222224,121.10258759746588,23.66666603088379,60.58,20.15,126.20833333333333,-70.0021006993007,-69.70001,39.3986013986014,41.0,121.10258759746588,122.79824019914216,0,0,90.77244709314132,90.77244709314132,92.0434235365648
1020,2020-06-24T15:49:23,2020-06-24T16:16:43,165,48.0,74.4,26.400000000000006,31.85902781944445,120.67813567971379,27.33333396911621,94.06,31.29,126.42473118279568,-69.93454551515151,-69.60001,41.85454545454545,43.0,120.67813567971379,122.79824019914216,0,0,90.4542991492196,90.4542991492196,92.0434235365648
1021,2020-06-24T16:16:54,2020-06-24T16:48:15,190,74.4,97.6,23.19999999999999,29.444392588888892,126.91548529693495,31.350000381469727,123.45,41.06,126.48565573770492,-56.29948078947368,-44.10001,42.67631578947368,44.0,126.91548529693495,123.08835934738477,0,0,95.12950468663192,95.12950468663192,92.2608823502616
1022,2020-06-25T00:59:14,2020-06-25T01:17:54,113,40.0,58.0,18.0,21.84055886111111,121.33643811728395,18.66666603088379,73.25,24.37,126.29310344827587,-70.20178053097345,-70.10001,39.469026548672566,42.0,121.33643811728395,123.06236859268705,0,0,90.9477297552133,90.9477297552133,92.24140097952863
1023,2020-06-25T01:18:05,2020-06-25T01:47:35,178,58.0,86.0,28.0,34.499032722222225,123.21083115079365,29.5,108.78,36.18,126.48837209302326,-70.16742578651686,-70.10001,41.11516853932584,43.0,123.21083115079365,122.99154029761905,0,0,92.35268109309513,92.35268109309513,92.18831162946347
1024,2020-06-25T01:47:46,2020-06-25T02:06:46,115,86.0,97.6,11.599999999999994,14.918612208333332,128.60872593390812,19.0,123.42,41.05,126.45491803278689,-47.20000347826087,-44.39999,41.56521739130435,43.0,128.60872593390812,122.99154029761905,0,0,96.3986732418612,96.3986732418612,92.18831162946347
1025,2020-06-25T14:46:43,2020-06-25T15:15:33,174,31.2,58.8,27.599999999999998,33.66555816666666,121.9766600241546,28.83333396911621,74.36,24.73,126.46258503401361,-70.05517781609194,-70.0,35.39367816091954,38.0,121.9766600241546,122.98036783234127,0,0,91.42760809903906,91.42760809903906,92.17993730787839
1026,2020-06-25T15:15:44,2020-06-25T15:43:44,169,59.2,85.6,26.39999999999999,32.68319609722222,123.79998521675088,28.0,108.28,36.02,126.49532710280374,-70.03550650887574,-70.0,38.00295857988166,40.0,123.79998521675088,123.28165944586165,0,0,92.79428153568495,92.79428153568495,92.40577044316028
1027,2020-06-25T15:43:55,2020-06-25T16:03:05,116,86.0,97.6,11.599999999999994,15.088054402777777,130.06943450670505,19.16666603088379,123.38,41.04,126.4139344262295,-47.3180998275862,-44.30002,39.0,40.0,130.06943450670505,123.38425809004154,0,0,97.4935473834727,97.4935473834727,92.4826732590737
1029,2020-06-25T23:17:53,2020-06-25T23:46:03,170,30.4,57.6,27.200000000000003,32.83333394444445,120.71078656045752,28.16666603088379,72.82,24.22,126.42361111111109,-69.94117776470588,-69.70001,34.85,38.0,120.71078656045752,123.28165944586165,0,0,90.47877261757112,90.47877261757112,92.40577044316028
1030,2020-06-25T23:46:14,2020-06-26T00:20:24,206,58.0,89.2,31.200000000000003,38.687502819444454,123.99840647257835,34.16666793823242,112.78,37.51,126.43497757847534,-67.88592733009709,-44.0,37.16504854368932,39.0,123.99840647257835,123.38425809004154,0,0,92.94300819218398,92.94300819218398,92.4826732590737
1032,2020-06-26T08:02:34,2020-06-26T08:31:04,172,63.6,89.6,25.999999999999993,32.22917043055556,123.9583478098291,28.5,113.28,37.68,126.42857142857144,-67.79128697674419,-44.89999,34.31686046511628,36.0,123.9583478098291,123.38425809004154,0,0,92.91298222067367,92.91298222067367,92.4826732590737
1034,2020-06-28T09:25:47,2020-06-28T10:48:47,623,34.8,98.0,63.2,77.11997740138888,122.02528069840012,83.0,123.85,41.19,126.37755102040816,-55.71428947030498,0.0,34.38523274478331,36.0,122.02528069840012,123.28165944586165,0,0,91.46405172644737,91.46405172644737,92.40577044316028
1035,2020-06-28T13:16:33,2020-06-28T13:44:53,171,72.8,90.0,17.200000000000003,21.392092652777784,124.37263170219639,28.33333396911621,113.82,37.86,126.46666666666665,-45.301189239766096,-45.30002,39.485380116959064,40.0,124.37263170219639,123.28165944586165,0,0,93.2235087209533,93.2235087209533,92.40577044316028
1038,2020-06-28T21:51:06,2020-06-28T22:22:16,188,59.6,82.8,23.199999999999996,28.607642430555554,123.30880357998086,31.16666603088379,104.67,34.82,126.41304347826087,-55.07341106382979,-55.0,39.819148936170215,41.0,123.30880357998086,123.33064566045525,0,0,92.42611632946303,92.42611632946303,92.44248806134422
1039,2020-06-28T22:22:27,2020-06-28T22:45:47,141,82.8,97.6,14.799999999999997,18.778055486111107,126.87875328453454,23.33333396911621,123.4,41.05,126.4344262295082,-48.29716297872341,-44.39999,40.0,41.0,126.87875328453454,123.38425809004154,0,0,95.10197220596088,95.10197220596088,92.4826732590737
1041,2020-06-29T05:11:21,2020-06-29T05:40:51,178,64.0,85.6,21.599999999999994,27.00194402777778,125.00900012860086,29.5,108.17,35.98,126.36682242990655,-54.9191002247191,-54.80002,36.0,37.0,125.00900012860086,123.38425809004154,0,0,93.7004986884142,93.7004986884142,92.4826732590737
1042,2020-06-29T05:41:02,2020-06-29T06:00:22,117,86.0,97.6,11.599999999999994,15.054724083333333,129.78210416666673,19.33333396911621,123.34,41.03,126.37295081967214,-46.73675786324787,-42.10001,36.0,37.0,129.78210416666673,123.38425809004154,0,0,97.27817892102435,97.27817892102435,92.4826732590737
1044,2020-06-29T14:15:31,2020-06-29T14:46:11,185,38.4,57.2,18.800000000000004,22.999722194444445,122.33894784278957,30.66666603088379,72.27,24.04,126.34615384615383,-44.9994594054054,-44.89999,39.24864864864865,41.0,122.33894784278957,123.33064566045525,0,0,91.69916094115372,91.69916094115372,92.44248806134422
1045,2020-06-29T14:46:22,2020-06-29T15:13:22,163,57.6,74.0,16.4,20.250555611111114,123.47899762872632,27.0,93.49,31.1,126.33783783783784,-45.001227116564415,-45.0,40.61656441717791,42.0,123.47899762872632,123.38425809004154,0,0,92.55368528229717,92.55368528229717,92.4826732590737
1046,2020-06-29T15:13:33,2020-06-29T15:30:33,103,74.0,84.4,10.400000000000006,12.755556111111112,122.64957799145294,17.0,106.71,35.49,126.4336492890995,-45.01941941747573,-45.0,41.20873786407767,42.0,122.64957799145294,123.33064566045525,0,0,91.93199377564942,91.93199377564942,92.44248806134422
1048,2020-06-29T20:31:01,2020-06-29T21:04:02,201,61.2,91.2,30.0,37.063997497222225,123.54665832407409,33.016666412353516,115.24,38.33,126.35964912280701,-67.34228398009951,-45.20001,42.601990049751244,44.0,123.54665832407409,123.33064566045525,0,0,92.60440035792507,92.60440035792507,92.44248806134422
1051,2020-06-30T21:13:49,2020-06-30T21:43:09,177,18.8,47.2,28.400000000000002,34.883057750000006,122.82766813380283,29.33333396911621,59.51,19.8,126.08050847457626,-71.35141700564974,-71.30002,39.91242937853107,43.0,122.82766813380283,123.33064566045525,0,0,92.06548124561165,92.06548124561165,92.44248806134422
1052,2020-06-30T21:43:20,2020-06-30T22:10:20,163,47.6,73.6,25.999999999999993,31.867644166666672,122.56786217948722,27.0,93.02,30.94,126.38586956521739,-70.81228171779141,-68.70001,43.217791411042946,45.0,122.56786217948722,123.33064566045525,0,0,91.87074368706348,91.87074368706348,92.44248806134422
1053,2020-06-30T22:10:31,2020-06-30T22:38:41,170,74.0,94.4,20.400000000000006,25.717919361111115,126.06823216230934,28.16666603088379,119.29,39.68,126.36652542372882,-54.797652823529404,-45.39999,44.12352941176471,45.0,126.06823216230934,123.38425809004154,0,0,94.4944460816669,94.4944460816669,92.4826732590737
1056,2020-07-01T15:51:02,2020-07-01T16:20:52,180,22.0,40.8,18.799999999999997,23.02152856944445,122.45493919917261,29.83333396911621,51.54,17.14,126.32352941176471,-46.30000166666667,-45.80002,38.43333333333333,40.0,122.45493919917261,123.33064566045525,0,0,91.78610226478207,91.78610226478207,92.44248806134422
1057,2020-07-01T16:21:03,2020-07-01T16:54:23,201,40.8,62.0,21.200000000000003,24.98930993055556,117.87410344601678,33.33333206176758,78.25999,26.03,126.22579032258065,-44.98010736318408,-43.89999,40.06716417910448,42.0,117.87410344601678,123.33064566045525,0,0,88.35253672918975,88.35253672918975,92.44248806134422
1058,2020-07-01T16:54:34,2020-07-01T17:24:04,178,62.0,79.2,17.200000000000003,21.17847527777778,123.13067021963822,29.5,100.1,33.29,126.38888888888887,-43.074725393258426,-42.30002,40.5,42.0,123.13067021963822,123.33064566045525,0,0,92.29259646545341,92.29259646545341,92.44248806134422
1059,2020-07-01T17:24:15,2020-07-01T17:46:45,136,79.2,91.6,12.399999999999991,15.560974333333336,125.49172849462376,22.5,115.83,38.53,126.4519650655022,-41.34632919117648,0.0,40.5,42.0,125.49172849462376,123.33064566045525,0,0,94.06232774536896,94.06232774536896,92.44248806134422
1061,2020-07-02T02:22:42,2020-07-02T02:53:52,188,28.8,50.4,21.599999999999998,26.077505333333335,120.72919135802472,31.16666603088379,63.59,21.15,126.17063492063492,-50.20266984042553,-50.20001,35.49202127659574,38.0,120.72919135802472,123.33064566045525,0,0,90.4925679339766,90.4925679339766,92.44248806134422
1062,2020-07-02T02:54:03,2020-07-02T03:22:33,172,50.4,70.4,20.000000000000007,23.846115972222222,119.23057986111107,28.5,88.9,29.57,126.2784090909091,-50.20233581395348,-50.20001,37.122093023255815,39.0,119.23057986111107,123.33064566045525,0,0,89.36928365479234,89.36928365479234,92.44248806134422
1064,2020-07-02T03:35:18,2020-07-02T04:04:58,179,79.2,97.6,18.39999999999999,23.145421847222227,125.79033612620782,29.66666603088379,123.34,41.03,126.37295081967214,-46.727384748603356,-13.5,37.539106145251395,39.0,125.79033612620782,123.38425809004154,0,0,94.28614910193376,94.28614910193376,92.4826732590737
1067,2020-07-02T13:15:58,2020-07-02T13:45:18,177,70.4,90.0,19.599999999999994,24.351671263888893,124.24322073412704,29.33333396911621,113.82,37.86,126.46666666666665,-49.79605457627118,-44.5,35.56214689265537,37.0,124.24322073412704,123.38425809004154,0,0,93.12650872710186,93.12650872710186,92.4826732590737
1070,2020-07-02T22:09:46,2020-07-02T22:39:16,178,42.4,60.8,18.4,22.07611302777778,119.97887515096619,29.5,76.81,25.55,126.33223684210527,-44.90000387640449,-43.89999,36.51966292134831,38.0,119.97887515096619,123.33064566045525,0,0,89.93016840511821,89.93016840511821,92.44248806134422
1071,2020-07-02T22:39:27,2020-07-02T23:08:27,175,60.8,78.0,17.200000000000003,20.78694698611111,120.85434294250643,29.0,98.54,32.78,126.33333333333334,-43.00743388571429,-42.10001,37.22,39.0,120.85434294250643,123.25981736538725,0,0,90.58637530676991,90.58637530676991,92.38939871127909
1072,2020-07-02T23:08:38,2020-07-02T23:38:18,179,78.0,94.4,16.400000000000006,20.445697583333338,124.66888770325201,29.66666603088379,119.29,39.68,126.36652542372882,-41.3508443575419,-40.5,37.5,39.0,124.66888770325201,123.33064566045525,0,0,93.44556741280581,93.44556741280581,92.44248806134422
1075,2020-07-03T10:14:43,2020-07-03T10:47:03,195,63.2,87.2,24.0,29.676252527777777,123.65105219907407,32.33333206176758,110.17,36.64,126.34174311926606,-55.06923543589743,-54.80002,34.44102564102564,36.0,123.65105219907407,123.33064566045525,0,0,92.68264878913764,92.68264878913764,92.44248806134422
1076,2020-07-03T10:47:14,2020-07-03T11:04:24,104,87.2,97.6,10.399999999999991,13.169723027777778,126.63195219017105,17.16666603088379,123.35,41.04,126.38319672131148,-46.06634894230769,-44.20001,35.0,36.0,126.63195219017105,123.33064566045525,0,0,94.91698244046466,94.91698244046466,92.44248806134422
1077,2020-07-03T19:40:26,2020-07-03T20:09:26,175,32.8,55.2,22.400000000000006,26.560277138888885,118.57266579861107,29.0,69.65,23.17,126.17753623188406,-54.9182844,-43.0,33.01714285714286,35.0,118.57266579861107,123.25981736538725,0,0,88.87614415534068,88.87614415534068,92.38939871127909
1078,2020-07-03T20:09:37,2020-07-03T20:39:17,179,55.2,77.6,22.39999999999999,27.182498805555554,121.3504410962302,29.66666603088379,98.06,32.62,126.36597938144331,-54.975975251396655,-54.89999,34.874301675977655,36.0,121.3504410962302,123.17075068521594,0,0,90.95822568837842,90.95822568837842,92.32263877927427
1079,2020-07-03T20:39:28,2020-07-03T21:09:08,179,77.6,97.2,19.60000000000001,24.66222048611111,125.82765554138315,29.66666603088379,122.83,40.86,126.36831275720165,-49.877650111731846,-44.30002,35.63966480446928,37.0,125.82765554138315,123.25981736538725,0,0,94.31412187036716,94.31412187036716,92.38939871127909
1081,2020-07-04T18:13:07,2020-07-04T18:42:07,175,8.400001,36.4,27.999999,33.94792223611112,121.24258374477485,29.0,45.97,15.29,126.29120879120879,-70.23772577142856,-70.0,32.02857142857143,34.0,121.24258374477485,123.17075068521594,0,0,90.87738120831553,90.87738120831553,92.32263877927427
1082,2020-07-04T18:42:18,2020-07-04T19:12:48,184,36.8,66.4,29.60000000000001,35.68333894444445,120.55182075825824,30.5,83.81,27.88,126.21987951807229,-70.19675016304348,-70.0,35.23641304347826,37.0,120.55182075825824,123.17075068521594,0,0,90.35961979717297,90.35961979717297,92.32263877927427
1083,2020-07-04T19:12:59,2020-07-04T19:40:29,166,66.4,90.8,24.39999999999999,29.991392375000004,122.91554252049187,27.5,114.74,38.17,126.36563876651984,-65.38615222891566,-44.30002,37.21084337349398,38.0,122.91554252049187,123.17075068521594,0,0,92.13134749401162,92.13134749401162,92.32263877927427
1085,2020-07-07T00:58:48,2020-07-07T01:22:28,143,42.0,64.4,22.400000000000006,27.64319656944445,123.40712754216268,23.66666603088379,81.39,27.07,126.38198757763975,-70.08042503496502,-69.80002,35.41608391608391,37.0,123.40712754216268,123.17075068521594,0,0,92.49981505739446,92.49981505739446,92.32263877927427
1087,2020-07-07T01:34:09,2020-07-07T01:50:49,101,68.8,84.8,16.0,19.453473097222222,121.58420685763889,16.66666603088379,107.25,35.67,126.47405660377359,-70.03168623762376,-69.80002,36.86138613861386,38.0,121.58420685763889,123.17075068521594,0,0,91.13344481978285,91.13344481978285,92.32263877927427
1088,2020-07-07T01:51:00,2020-07-07T02:11:10,122,84.8,97.6,12.799999999999997,16.30944540277778,127.41754220920143,20.16666603088379,123.34,41.03,126.37295081967214,-48.59590450819673,-44.10001,37.0,38.0,127.41754220920143,123.25981736538725,0,0,95.50582145583205,95.50582145583205,92.38939871127909
1089,2020-07-07T12:50:14,2020-07-07T13:16:24,158,16.4,41.2,24.800000000000004,30.214174555555562,121.83134901433692,26.16666603088379,51.95,17.28,126.09223300970874,-69.28103075949366,-69.20001,37.686708860759495,40.0,121.83134901433692,123.25981736538725,0,0,91.31869022855912,91.31869022855912,92.38939871127909
1090,2020-07-07T13:16:35,2020-07-07T13:45:45,176,41.6,69.6,27.999999999999993,33.67445286111112,120.26590307539689,29.16666603088379,87.97,29.26,126.39367816091955,-69.27331278409092,-69.20001,40.98579545454545,43.0,120.26590307539689,123.17075068521594,0,0,90.14531019194148,90.14531019194148,92.32263877927427
1091,2020-07-07T13:45:56,2020-07-07T14:07:06,128,70.0,88.8,18.799999999999997,23.700284375000013,126.06534242021286,21.16666603088379,112.31,37.36,126.47522522522523,-67.098456171875,-43.70001,42.57421875,44.0,126.06534242021286,123.17075068521594,0,0,94.4922800754174,94.4922800754174,92.32263877927427
1095,2020-07-08T00:51:58,2020-07-08T01:20:08,170,13.2,30.8,17.6,21.218893583333337,120.56189535984849,28.16666603088379,38.78,12.9,125.90909090909092,-45.200010000000006,-45.20001,38.17058823529412,40.0,120.56189535984849,123.17075068521594,0,0,90.36717121500786,90.36717121500786,92.32263877927427
1096,2020-07-08T01:20:19,2020-07-08T01:52:59,197,30.8,51.2,20.400000000000002,24.60889433333334,120.63183496732029,32.66666793823242,64.68999,21.51,126.34763671874998,-45.20000999999999,-45.20001,39.578680203045685,42.0,120.63183496732029,123.17075068521594,0,0,90.4195944492665,90.4195944492665,92.32263877927427
1097,2020-07-08T01:53:10,2020-07-08T02:23:00,180,51.2,69.6,18.39999999999999,22.47444941666667,122.14374682971021,29.83333396911621,87.98,29.27,126.40804597701151,-45.200010000000006,-45.20001,41.144444444444446,43.0,122.14374682971021,123.02310637006505,0,0,91.55284801767459,91.55284801767459,92.21197197973251
1098,2020-07-08T02:23:11,2020-07-08T02:55:21,194,69.6,88.8,19.200000000000003,24.232227583333337,126.20951866319444,32.16666793823242,112.27,37.35,126.43018018018017,-45.200010000000006,-45.20001,41.5,43.0,126.20951866319444,123.17075068521594,0,0,94.60034738139136,94.60034738139136,92.32263877927427
1100,2020-07-08T16:34:48,2020-07-08T17:41:23,500,21.6,85.2,63.6,77.59379377361111,122.00282039875961,66.58333587646484,107.68,35.82,126.38497652582161,-69.9220019,-69.60001,39.788,43.0,122.00282039875961,123.02310637006505,0,0,91.44721660837713,91.44721660837713,92.21197197973251
1101,2020-07-09T05:48:27,2020-07-09T06:57:01,515,24.8,89.6,64.8,78.8691825125,121.71170140817901,68.56666564941406,113.28,37.68,126.42857142857144,-68.99184638834951,-44.20001,36.66990291262136,40.0,121.71170140817901,122.87160532714735,0,0,91.22900836283475,91.22900836283475,92.09841436981164
1102,2020-07-09T09:03:31,2020-07-09T09:19:07,118,88.8,97.6,8.799999999999997,11.162334866666667,126.84471439393944,15.600000381469727,123.38,41.04,126.4139344262295,-42.92119237288134,-13.10001,36.0,37.0,126.84471439393944,123.02310637006505,0,0,95.07645835479592,95.07645835479592,92.21197197973251
1104,2020-07-10T08:16:27,2020-07-10T08:47:47,189,46.8,70.4,23.60000000000001,28.695275527777778,121.59015054143121,31.33333396911621,89.00999,29.61,126.43464488636363,-54.94867296296297,-54.80002,34.35978835978836,35.0,121.59015054143121,122.87160532714735,0,0,91.13789990809501,91.13789990809501,92.09841436981164
1105,2020-07-10T08:47:58,2020-07-10T09:16:18,171,70.4,91.2,20.799999999999997,25.402360194444448,122.12673170405986,28.33333396911621,115.25,38.34,126.37061403508771,-53.76900385964912,-44.20001,35.473684210526315,36.0,122.12673170405986,122.73862306262788,0,0,91.54009432988377,91.54009432988377,91.99873751063053
1107,2020-07-10T19:44:04,2020-07-10T20:14:04,181,14.8,33.6,18.8,22.45360647222222,119.43407697990543,30.0,42.31,14.07,125.92261904761905,-44.907725580110494,-44.89999,38.35635359116022,40.0,119.43407697990543,122.73862306262788,0,0,89.52181492448548,89.52181492448548,91.99873751063053
1108,2020-07-10T20:14:15,2020-07-10T20:43:55,179,33.6,52.0,18.4,22.200550611111108,120.65516636473428,29.66666603088379,65.71,21.85,126.3653846153846,-44.89999,-44.89999,39.70670391061452,41.0,120.65516636473428,122.60872008547008,0,0,90.43708249869125,90.43708249869125,91.90136873135646
1109,2020-07-10T20:44:06,2020-07-10T21:12:46,173,52.0,70.0,18.0,21.452217444444443,119.17898580246913,28.66666603088379,88.50999,29.44,126.44284285714286,-44.89999,-44.89999,40.971098265895954,42.0,119.17898580246913,122.51140068932992,0,0,89.33061132704685,89.33061132704685,91.82842297592278
1110,2020-07-10T21:12:57,2020-07-10T21:32:47,120,70.0,82.0,12.0,14.84194113888889,123.68284282407409,19.83333396911621,103.58,34.45,126.31707317073172,-44.89999,-44.89999,41.0,42.0,123.68284282407409,122.60872008547008,0,0,92.70647745277829,92.70647745277829,91.90136873135646
1111,2020-07-10T21:53:28,2020-07-10T22:11:28,109,82.0,93.2,11.200000000000003,13.385554847222226,119.51388256448412,18.0,117.83,39.2,126.42703862660943,-44.458713394495405,-10.10001,40.0,41.0,119.51388256448412,122.51140068932992,0,0,89.58163320209312,89.58163320209312,91.82842297592278
1114,2020-07-11T20:59:54,2020-07-11T21:19:04,116,26.8,45.2,18.400000000000002,22.583058750000003,122.73401494565218,19.16666603088379,57.14,19.01,126.41592920353982,-70.6948375862069,-70.60001,38.47844827586207,40.0,122.73401494565218,122.51140068932992,0,0,91.99528349645401,91.99528349645401,91.82842297592278
1116,2020-07-11T21:36:21,2020-07-11T22:07:11,186,54.0,83.6,29.599999999999994,36.32556069444445,122.72148883258262,30.83333396911621,105.69,35.16,126.42344497607655,-70.68764440860215,-70.60001,41.516129032258064,43.0,122.72148883258262,122.51140068932992,0,0,91.98589454813798,91.98589454813798,91.82842297592278
1117,2020-07-11T22:07:22,2020-07-11T22:31:42,147,83.6,98.0,14.400000000000006,17.44375405555556,121.13718094135801,24.33333396911621,123.85,41.19,126.37755102040816,-43.008173265306134,-14.20001,42.0,43.0,121.13718094135801,122.3969435209811,0,0,90.79837653478678,90.79837653478678,91.74263160296789
1119,2020-07-12T05:48:02,2020-07-12T06:16:30,173,31.2,48.8,17.599999999999998,21.397449188888892,121.57641584595962,28.46666717529297,61.61,20.49,126.25,-45.10001,-45.10001,36.80635838150289,39.0,121.57641584595962,122.24134733624989,0,0,91.12760506681398,91.12760506681398,91.62600447941415
1120,2020-07-12T06:16:41,2020-07-12T06:51:11,208,49.2,70.8,21.599999999999994,25.93250575,120.05789699074077,34.5,89.39,29.74,126.25706214689266,-45.10001,-45.10001,38.55528846153846,40.0,120.05789699074077,122.13523926688504,0,0,89.98939922679135,89.98939922679135,91.54647117377918
1122,2020-07-12T06:52:02,2020-07-12T07:15:22,141,71.2,85.2,14.0,17.539448333333333,125.2817738095238,23.33333396911621,107.68,35.82,126.38497652582161,-45.101428439716315,-45.10001,39.0,40.0,125.2817738095238,122.13523926688504,0,0,93.90495620671496,93.90495620671496,91.54647117377918
1124,2020-07-12T12:41:11,2020-07-12T13:11:11,181,42.0,60.4,18.4,22.59722579166667,122.81100973731886,30.0,76.27,25.37,126.27483443708608,-45.193377348066306,-44.30002,38.8646408839779,40.0,122.81100973731886,122.13523926688504,0,0,92.05299494417501,92.05299494417501,91.54647117377918
1125,2020-07-12T13:11:22,2020-07-12T13:40:02,173,60.8,77.6,16.799999999999997,20.767225916666664,123.61443998015872,28.66666603088379,98.05,32.61,126.35309278350516,-43.46648167630059,-42.60001,39.653179190751445,41.0,123.61443998015872,122.13523926688504,0,0,92.65520609967585,92.65520609967585,91.54647117377918
1126,2020-07-12T13:40:13,2020-07-12T14:06:53,161,77.6,92.4,14.800000000000011,18.64833575,126.002268581081,26.66666603088379,116.8,38.85,126.4069264069264,-41.95839055900622,-41.10001,40.0,41.0,126.002268581081,122.13523926688504,0,0,94.44500307796308,94.44500307796308,91.54647117377918
1129,2020-07-13T00:50:32,2020-07-13T01:17:52,165,18.8,45.2,26.400000000000002,31.932920944444447,120.95803388047139,27.33333396911621,57.09,18.98,126.30530973451327,-70.0969790909091,-70.0,39.27878787878788,42.0,120.95803388047139,122.06477605140974,0,0,90.66409685151301,90.66409685151301,91.49365546913046
1130,2020-07-13T01:18:03,2020-07-13T01:47:03,175,45.2,73.2,28.0,33.87694880555556,120.98910287698412,29.0,92.50999,30.77,126.37976775956285,-70.09029474285714,-70.0,41.88285714285714,44.0,120.98910287698412,121.91708470654827,0,0,90.68738461850575,90.68738461850575,91.38295341846813
1131,2020-07-13T01:47:14,2020-07-13T02:10:30,141,73.2,92.4,19.200000000000003,24.035195894444445,125.18331195023147,23.266666412353516,116.76,38.84,126.36363636363636,-61.89858524822695,-44.39999,42.5,44.0,125.18331195023147,121.91708470654827,0,0,93.83115411800145,93.83115411800145,91.38295341846813
1134,2020-07-13T05:45:59,2020-07-13T06:08:49,138,69.6,84.0,14.400000000000006,17.75680611388889,123.3111535686728,22.83333396911621,106.16,35.31,126.38095238095238,-46.51376955072464,-4.899994,38.55434782608695,41.0,123.3111535686728,122.06477605140974,0,0,92.42787776353673,92.42787776353673,91.49365546913046
1135,2020-07-13T06:09:00,2020-07-13T06:31:00,133,84.4,97.6,13.199999999999989,16.811248527777778,127.35794339225599,22.0,123.4,41.05,126.4344262295082,-45.85187571428571,-44.30002,38.5,40.0,127.35794339225599,122.06477605140974,0,0,95.461149161331,95.461149161331,91.49365546913046
1136,2020-07-13T12:58:46,2020-07-13T13:16:16,107,51.2,68.0,16.799999999999997,20.497780263888895,122.01059680886249,17.5,85.93,28.58,126.36764705882354,-70.27664411214954,-69.89999,40.07943925233645,41.0,122.01059680886249,122.00670860381105,0,0,91.4530454167341,91.4530454167341,91.45013101255562
1137,2020-07-13T13:16:27,2020-07-13T13:38:24,134,68.0,88.4,20.400000000000006,25.29230286944444,123.98187681100212,21.950000762939453,111.7,37.15,126.35746606334841,-69.06118694029848,-44.70001,40.6865671641791,42.0,123.98187681100212,122.06866425646118,0,0,92.93061838400017,92.93061838400017,91.49656987330894
1150,2020-07-14T03:38:35,2020-07-14T03:55:55,105,37.6,54.4,16.799999999999997,20.211251027777777,120.3050656415344,17.33333396911621,68.77,22.87,126.41544117647057,-69.96381314285713,-69.70001,38.56190476190476,41.0,120.3050656415344,122.06866425646118,0,0,90.17466449421752,90.17466449421752,91.49656987330894
1151,2020-07-14T03:56:06,2020-07-14T04:24:06,169,54.8,81.2,26.400000000000006,32.64139172222223,123.64163531144781,28.0,102.63,34.14,126.39162561576353,-69.94497656804734,-69.70001,40.082840236686394,42.0,123.64163531144781,122.06866425646118,0,0,92.67559036081836,92.67559036081836,91.49656987330894
1152,2020-07-14T04:24:17,2020-07-14T04:48:17,145,81.2,97.6,16.39999999999999,20.900418277777778,127.4415748644987,24.0,123.37,41.04,126.40368852459017,-52.28414193103449,-44.0,40.5,42.0,127.4415748644987,122.06866425646118,0,0,95.52383513311806,95.52383513311806,91.49656987330894
1154,2020-07-14T13:03:24,2020-07-14T13:26:44,141,60.4,83.6,23.199999999999996,28.79125284722223,124.100227789751,23.33333396911621,105.69,35.16,126.42344497607655,-74.03334063829787,-73.70001,42.05673758865248,43.0,124.100227789751,122.13523926688504,0,0,93.01932836262272,93.01932836262272,91.54647117377918
1155,2020-07-14T16:54:20,2020-07-14T17:12:00,107,62.0,74.0,12.0,14.771391833333336,123.09493194444447,17.66666603088379,93.45,31.09,126.28378378378379,-50.16729971962616,-50.10001,42.953271028037385,44.0,123.09493194444447,122.43261783114642,0,0,92.26580884052662,92.26580884052662,91.76937128290629
1156,2020-07-14T22:31:29,2020-07-14T22:58:59,166,41.2,67.2,26.0,31.998755875000008,123.07213798076926,27.5,84.85,28.22,126.26488095238093,-69.81507307228915,-69.70001,42.20783132530121,44.0,123.07213798076926,122.43261783114642,0,0,92.24872362457212,92.24872362457212,91.76937128290629
1157,2020-07-14T22:59:10,2020-07-14T23:34:40,214,67.2,94.0,26.799999999999997,33.69431126388889,125.72504202943618,35.5,118.85,39.53,126.43617021276596,-56.94814042056075,-44.0,43.92289719626168,45.0,125.72504202943618,122.43261783114642,0,0,94.23720791031862,94.23720791031862,91.76937128290629
1159,2020-07-15T04:13:07,2020-07-15T04:37:07,145,53.6,76.4,22.800000000000004,28.276115138888894,124.01804885477583,24.0,96.49,32.09,126.2958115183246,-70.69035489655174,-70.60001,41.07586206896552,43.0,124.01804885477583,122.43261783114642,0,0,92.95773114017524,92.95773114017524,91.76937128290629
1160,2020-07-15T04:37:18,2020-07-15T05:05:48,172,76.8,98.0,21.200000000000003,26.603754750000004,125.48940919811321,28.5,123.93,41.22,126.4591836734694,-56.019196046511624,-45.10001,41.5,43.0,125.48940919811321,122.7277518891174,0,0,94.06058931662045,94.06058931662045,91.99058902229599
1162,2020-07-15T16:02:11,2020-07-15T16:32:21,182,5.6,35.2,29.6,35.75513833333333,120.79438626126122,30.16666603088379,44.38,14.76,126.07954545454545,-71.10879016483516,-68.60001,43.23351648351648,45.0,120.79438626126122,122.7277518891174,0,0,90.54143477507539,90.54143477507539,91.99058902229599
1163,2020-07-15T16:32:32,2020-07-15T17:05:32,199,35.2,66.0,30.799999999999997,37.752366527777795,122.57261859668115,33.0,83.43,27.75,126.4090909090909,-68.64071336683418,-68.5,45.80402010050251,48.0,122.57261859668115,122.64705371463188,0,0,91.87430885967171,91.87430885967171,91.93010170390485
1165,2020-07-15T17:06:13,2020-07-15T17:33:03,162,66.8,88.8,22.0,27.848475736111116,126.5839806186869,26.83333396911621,112.24,37.33,126.39639639639638,-62.237662160493834,-45.5,47.06481481481482,49.0,126.5839806186869,122.7277518891174,0,0,94.88102534804484,94.88102534804484,91.99058902229599
1168,2020-07-16T08:23:29,2020-07-16T08:50:19,162,35.6,61.6,26.0,31.16528225,119.86647019230769,26.83333396911621,77.79,25.87,126.28246753246755,-69.68642975308641,-69.60001,36.29938271604938,38.0,119.86647019230769,122.7277518891174,0,0,89.84591526598008,89.84591526598008,91.99058902229599
1169,2020-07-16T08:50:30,2020-07-16T09:14:40,146,61.6,84.8,23.199999999999996,28.076115472222227,121.01773910440617,24.16666603088379,107.22,35.67,126.43867924528303,-69.70617520547945,-69.60001,38.0513698630137,39.0,121.01773910440617,122.64705371463188,0,0,90.70884890337517,90.70884890337517,91.93010170390485
1170,2020-07-16T09:14:51,2020-07-16T09:35:11,123,84.8,97.6,12.799999999999997,16.401530847222226,128.13695974392365,20.33333396911621,123.43,41.06,126.46516393442624,-48.467488780487805,-44.0,38.5,39.0,128.13695974392365,122.64705371463188,0,0,96.04506088418773,96.04506088418773,91.93010170390485
1172,2020-07-16T22:22:49,2020-07-16T22:54:29,191,21.6,52.4,30.799999999999997,37.22972436111111,120.87572844516595,31.66666603088379,66.24,22.03,126.412213740458,-70.54031816753927,-70.5,40.068062827225134,43.0,120.87572844516595,122.64705371463188,0,0,90.60240481074031,90.60240481074031,91.93010170390485
1173,2020-07-16T22:54:40,2020-07-16T23:21:00,159,52.4,78.0,25.6,30.952917791666664,120.9098351236979,26.33333396911621,98.50999,32.77,126.29485897435897,-70.52578874213836,-70.5,42.81761006289308,44.0,120.9098351236979,122.35818271319567,0,0,90.62796947235478,90.62796947235478,91.71357843867315
1174,2020-07-16T23:21:11,2020-07-16T23:48:41,166,78.0,97.2,19.200000000000003,23.621247027777777,123.0273282696759,27.5,122.86,40.87,126.39917695473251,-51.57469234939759,-44.89999,43.545180722891565,45.0,123.0273282696759,122.64705371463188,0,0,92.21513650467507,92.21513650467507,91.93010170390485
1176,2020-07-17T13:51:30,2020-07-17T14:24:00,196,22.8,54.0,31.2,38.039592930555564,121.92177221331912,32.5,68.23,22.69,126.35185185185185,-70.22297688775511,-68.10001,42.75255102040816,45.0,121.92177221331912,122.64705371463188,0,0,91.38646693926728,91.38646693926728,91.93010170390485
1181,2020-07-18T13:46:26,2020-07-18T14:03:46,105,8.400001,25.6,17.199999000000002,20.410419555555556,118.66523687330188,17.33333396911621,32.15,10.69,125.58593749999999,-70.65143857142859,-70.60001,37.48095238095238,39.0,118.66523687330188,122.35818271319567,0,0,88.94553080633165,88.94553080633165,91.71357843867315
1182,2020-07-18T14:03:57,2020-07-18T14:33:37,179,25.6,54.4,28.799999999999997,34.92667161111112,121.27316531635806,29.66666603088379,68.63,22.83,126.1580882352941,-70.63799882681566,-70.60001,39.667597765363126,42.0,121.27316531635806,122.35818271319567,0,0,90.90030362594204,90.90030362594204,91.71357843867315
1183,2020-07-18T14:33:48,2020-07-18T15:03:28,179,54.4,83.2,28.800000000000004,34.91514383333334,121.2331383101852,29.66666603088379,105.23,35.01,126.47836538461537,-70.61509379888268,-70.60001,42.62849162011173,44.0,121.2331383101852,122.35818271319567,0,0,90.87030138261922,90.87030138261922,91.71357843867315
1184,2020-07-18T15:03:39,2020-07-18T15:25:19,131,83.2,97.6,14.399999999999991,18.31028138888889,127.15473186728403,21.66666603088379,123.38,41.04,126.4139344262295,-50.76031534351145,-45.10001,43.5,44.0,127.15473186728403,122.64705371463188,0,0,95.30883195849346,95.30883195849346,91.93010170390485
1186,2020-07-19T02:18:41,2020-07-19T02:47:21,173,29.6,58.0,28.4,33.758199222222224,118.86689866979657,28.66666603088379,73.24,24.36,126.27586206896552,-70.65665739884395,-70.60001,38.53757225433526,41.0,118.86689866979657,122.3496751503705,0,0,89.09668641015628,89.09668641015628,91.70720159477774
1187,2020-07-19T02:47:32,2020-07-19T03:16:02,172,58.0,85.2,27.200000000000003,33.562088083333336,123.39002971813726,28.5,107.73,35.83,126.44366197183099,-70.65698674418604,-70.60001,40.950581395348834,43.0,123.39002971813726,122.64705371463188,0,0,92.48699938303484,92.48699938303484,91.93010170390485
1189,2020-07-19T16:54:13,2020-07-19T17:21:33,165,29.2,55.6,26.400000000000002,32.19486563888889,121.95024863215488,27.33333396911621,70.32,23.39,126.47482014388487,-70.67152509090909,-70.5,40.53333333333333,43.0,121.95024863215488,122.64705371463188,0,0,91.40781143960749,91.40781143960749,91.93010170390485
1190,2020-07-19T17:21:44,2020-07-19T17:56:04,207,56.0,88.8,32.8,40.3447280277778,123.00221959688355,34.33333206176758,112.26,37.34,126.41891891891892,-70.44445458937199,-45.10001,42.96376811594203,44.0,123.00221959688355,122.64705371463188,0,0,92.19631629845289,92.19631629845289,91.93010170390485
1193,2020-07-20T02:08:22,2020-07-20T02:34:52,160,35.6,61.2,25.6,30.522504416666667,119.22853287760417,26.5,77.24,25.69,126.20915032679738,-69.10751,-69.10001,39.346875,42.0,119.22853287760417,122.64705371463188,0,0,89.36774933826148,89.36774933826148,91.93010170390485
1194,2020-07-20T02:35:03,2020-07-20T03:01:43,161,61.2,86.4,25.200000000000003,30.719171111111116,121.90147266313934,26.66666603088379,109.21,36.33,126.40046296296295,-69.11802242236026,-69.10001,40.81987577639752,42.0,121.90147266313934,122.64705371463188,0,0,91.37125141100103,91.37125141100103,91.93010170390485
1195,2020-07-20T03:01:54,2020-07-20T03:20:44,114,86.4,98.0,11.599999999999994,14.597503138888893,125.84054430076638,18.83333396911621,123.88,41.21,126.40816326530611,-46.5921152631579,-43.60001,41.0,42.0,125.84054430076638,122.7277518891174,0,0,94.32378264023527,94.32378264023527,91.99058902229599
1197,2020-07-20T06:00:12,2020-07-20T06:22:22,134,84.4,97.6,13.199999999999989,16.60569773611111,125.80074042508427,22.16666603088379,123.37,41.04,126.40368852459017,-44.85000888059702,-13.5,38.5,40.0,125.80074042508427,122.77251234148551,0,0,94.2939476443765,94.2939476443765,92.02413922031451
1199,2020-07-20T13:46:32,2020-07-20T14:15:02,172,68.8,93.2,24.400000000000006,29.951669888888887,122.7527454462659,28.5,117.85,39.2,126.44849785407725,-63.02384395348838,-44.30002,39.48837209302326,40.0,122.7527454462659,122.78187759179238,0,0,92.00932294358488,92.00932294358488,92.03115894387994
1202,2020-07-20T22:14:21,2020-07-20T22:49:31,212,42.8,76.4,33.60000000000001,41.07000311111111,122.23215211640209,35.16666793823242,96.66,32.15,126.51832460732983,-70.07170339622643,-69.89999,40.448113207547166,43.0,122.23215211640209,122.74338019595905,0,0,91.6191122021829,91.6191122021829,92.00230322001944
1203,2020-07-20T22:49:42,2020-07-20T23:18:52,176,76.4,97.6,21.19999999999999,26.893474388888887,126.85601126834388,29.16666603088379,123.34,41.03,126.37295081967214,-55.334663522727276,-44.20001,41.58806818181818,43.0,126.85601126834388,122.78187759179238,0,0,95.08492592724451,95.08492592724451,92.03115894387994
1204,2020-07-21T03:31:13,2020-07-21T04:03:23,194,55.6,86.0,30.4,37.48694616666667,123.31232291666667,32.16666793823242,108.68,36.16,126.37209302325583,-69.92423000000001,-69.60001,38.83247422680412,41.0,123.31232291666667,122.9066146671012,0,0,92.42875424835026,92.42875424835026,92.12465562131395
1205,2020-07-21T04:03:34,2020-07-21T04:22:34,115,86.4,97.6,11.199999999999989,14.520557555555555,129.64783531746045,19.0,123.37,41.04,126.40368852459017,-45.81565852173914,-13.10001,39.2304347826087,41.0,129.64783531746045,123.01477393327973,0,0,97.17753770226406,97.17753770226406,92.20572640156398
1207,2020-07-21T11:35:31,2020-07-21T12:03:51,171,52.4,71.6,19.199999999999996,23.56388416666666,122.72856336805556,28.33333396911621,90.49,30.1,126.38268156424581,-49.89999,-49.89999,37.95906432748538,39.0,122.72856336805556,123.01477393327973,0,0,91.99119726635125,91.99119726635125,92.20572640156398
1208,2020-07-21T12:04:02,2020-07-21T12:31:42,167,71.6,90.4,18.80000000000001,22.955273375,122.1025179521276,27.66666603088379,114.23,38.0,126.36061946902655,-49.76645760479042,-44.30002,38.691616766467064,40.0,122.1025179521276,123.01477393327973,0,0,91.52194491161119,91.52194491161119,92.20572640156398
1214,2020-07-21T21:52:45,2020-07-21T22:23:45,187,69.6,88.4,18.80000000000001,23.20249524999999,123.4175279255318,31.0,111.73,37.16,126.39140271493213,-44.9085470053476,-44.89999,38.906417112299465,40.0,123.4175279255318,123.04973312522259,0,0,92.50761066496858,92.50761066496858,92.2319300646236
1217,2020-07-22T01:22:02,2020-07-22T01:42:52,126,85.2,98.0,12.799999999999997,15.432497833333331,120.56638932291668,20.83333396911621,123.85,41.19,126.37755102040816,-44.27142238095239,0.0,38.98412698412698,40.0,120.56638932291668,123.01477393327973,0,0,90.3705396651206,90.3705396651206,92.20572640156398
1218,2020-07-22T07:16:41,2020-07-22T07:36:11,118,48.8,67.6,18.799999999999997,22.791946638888895,121.23375871749414,19.5,85.35,28.39,126.25739644970415,-70.12797279661017,-69.89999,36.75847457627118,39.0,121.23375871749414,123.01477393327973,0,0,90.87076640893076,90.87076640893076,92.20572640156398
1219,2020-07-22T07:36:22,2020-07-22T08:07:02,185,67.6,93.2,25.60000000000001,31.77694698611111,124.1286991644965,30.66666603088379,117.87,39.21,126.46995708154506,-62.145410324324324,-44.20001,37.74324324324324,39.0,124.1286991644965,123.01477393327973,0,0,93.04066908216491,93.04066908216491,92.20572640156398
1222,2020-07-22T18:07:19,2020-07-22T18:35:49,172,58.0,75.6,17.599999999999994,21.51223119444445,122.22858633207078,28.5,95.55,31.78,126.3888888888889,-45.288972383720946,-45.20001,38.5,39.0,122.22858633207078,122.87748252157473,0,0,91.616439468462,91.616439468462,92.10281962101888
1223,2020-07-22T18:36:00,2020-07-22T18:53:56,122,75.6,86.4,10.800000000000011,13.539394838888892,125.36476702674888,17.933332443237305,109.22,36.34,126.41203703703702,-45.299200245901645,-45.20001,39.07377049180328,40.0,125.36476702674888,123.01477393327973,0,0,93.96716377444005,93.96716377444005,92.20572640156398
1227,2020-07-23T00:39:14,2020-07-23T01:09:14,181,49.6,70.0,20.4,25.234303986111115,123.69756855936822,30.0,88.42,29.41,126.31428571428573,-50.46850513812155,-50.39999,37.86187845303867,39.0,123.69756855936822,123.04973312522259,0,0,92.71751512797923,92.71751512797923,92.2319300646236
1228,2020-07-23T01:09:25,2020-07-23T01:40:55,190,70.4,91.6,21.19999999999999,26.30958230555556,124.10180332809233,31.5,115.75,38.5,126.3646288209607,-50.10052442105263,-44.80002,38.0,39.0,124.10180332809233,123.04973312522259,0,0,93.02050930741976,93.02050930741976,92.2319300646236
1230,2020-07-23T11:35:48,2020-07-23T11:54:58,116,26.4,40.0,13.600000000000001,16.40180561111111,120.60151184640522,19.16666603088379,50.45,16.78,126.125,-51.34396568965517,-51.10001,35.62931034482759,37.0,120.60151184640522,123.01477393327973,0,0,90.39686575334373,90.39686575334373,92.20572640156398
1231,2020-07-23T11:55:09,2020-07-23T12:29:49,209,40.0,64.8,24.799999999999997,29.720552055555554,119.84093570788531,34.66666793823242,81.83,27.22,126.28086419753086,-51.43922837320574,-51.39999,37.442583732057415,39.0,119.84093570788531,122.87748252157473,0,0,89.82677589264163,89.82677589264163,92.10281962101888
1232,2020-07-23T12:30:00,2020-07-23T12:58:00,169,65.2,84.8,19.599999999999994,24.011386694444447,122.50707497165537,28.0,107.15,35.65,126.3561320754717,-51.45265798816568,-51.39999,38.5,39.0,122.50707497165537,122.87748252157473,0,0,91.8251806341484,91.8251806341484,92.10281962101888
1233,2020-07-23T12:58:11,2020-07-23T13:19:01,126,84.8,97.6,12.799999999999997,16.513754000000006,129.01370312500006,20.83333396911621,123.37,41.04,126.40368852459017,-47.444455873015876,-14.70001,38.53174603174603,40.0,129.01370312500006,122.87748252157473,0,0,96.70222390400322,96.70222390400322,92.10281962101888
1235,2020-07-23T23:52:08,2020-07-24T00:20:03,169,12.0,38.8,26.799999999999997,32.57027786111111,121.53088754145938,27.91666603088379,49.03,16.3,126.36597938144331,-70.00177532544379,-70.0,40.26331360946745,42.0,121.53088754145938,122.87748252157473,0,0,91.09347932521361,91.09347932521361,92.10281962101888
1236,2020-07-24T00:20:14,2020-07-24T00:53:04,198,39.2,70.0,30.799999999999997,37.581533111111106,122.01796464646463,32.83333206176758,88.49,29.44,126.41428571428571,-68.67677742424242,-67.20001,43.10858585858586,45.0,122.01796464646463,122.74065440716073,0,0,91.4585679795645,91.4585679795645,92.00026010496806
1237,2020-07-24T00:53:15,2020-07-24T01:22:15,175,70.4,92.0,21.599999999999994,27.36778569444445,126.70271154835397,29.0,116.3,38.69,126.41304347826086,-56.61773062857142,-44.20001,44.43714285714286,46.0,126.70271154835397,122.74065440716073,0,0,94.97002011888614,94.97002011888614,92.00026010496806
1240,2020-07-24T15:11:51,2020-07-24T15:39:51,169,26.4,44.0,17.6,21.35166988888889,121.31630618686867,28.0,55.5,18.46,126.13636363636364,-45.75326136094675,-45.20001,41.36094674556213,43.0,121.31630618686867,122.65059098236836,0,0,90.93263986634504,90.93263986634504,91.93275306301149
1241,2020-07-24T15:40:02,2020-07-24T16:08:32,172,44.0,62.0,18.0,21.119169527777775,117.32871959876542,28.5,78.34,26.06,126.35483870967742,-44.46105255813954,-43.60001,42.93023255813954,44.0,117.32871959876542,122.53984678416826,0,0,87.943744254956,87.943744254956,91.84974474691006
1242,2020-07-24T16:08:43,2020-07-24T16:40:43,193,62.0,80.4,18.400000000000006,22.72458616666667,123.50318568840576,32.0,101.59,33.79,126.35572139303483,-42.608295440414516,-41.70001,43.5,44.0,123.50318568840576,122.53984678416826,0,0,92.5718154429411,92.5718154429411,91.84974474691006
1243,2020-07-24T16:40:54,2020-07-24T17:12:34,191,80.4,97.6,17.19999999999999,21.56764215277778,125.39326833010345,31.66666603088379,123.42,41.05,126.45491803278689,-40.86545125654451,-40.0,43.5,44.0,125.39326833010345,122.53984678416826,0,0,93.98852692697184,93.98852692697184,91.84974474691006
1246,2020-07-25T00:55:26,2020-07-25T01:25:06,179,43.6,72.0,28.4,34.39250277777777,121.10036189358371,29.66666603088379,91.05,30.28,126.45833333333333,-69.55810620111731,-69.5,40.82960893854749,43.0,121.10036189358371,122.36961354402874,0,0,90.7707788167494,90.7707788167494,91.72214641816565
1247,2020-07-25T01:25:17,2020-07-25T01:55:17,181,72.0,95.6,23.599999999999994,29.290002958333336,124.1101820268362,30.0,120.87,40.2,126.43305439330545,-58.57017165745856,-43.89999,42.069060773480665,44.0,124.1101820268362,122.36961354402874,0,0,93.02678956124029,93.02678956124029,91.72214641816565
1250,2020-07-25T21:22:32,2020-07-25T21:49:42,164,30.0,40.0,10.0,11.862782305555557,118.62782305555557,27.16666603088379,50.44,16.78,126.1,-26.20001,-26.20001,38.329268292682926,39.0,118.62782305555557,122.36961354402874,0,0,88.91748727844916,88.91748727844916,91.72214641816565
1251,2020-07-25T21:49:53,2020-07-25T22:20:33,185,40.0,51.2,11.200000000000003,13.391116222222225,119.56353769841269,30.66666603088379,64.66,21.51,126.28906249999999,-26.200010000000002,-26.20001,39.07837837837838,40.0,119.56353769841269,122.23036922423643,0,0,89.61885220877872,89.61885220877872,91.61777583532245
1253,2020-07-25T22:57:35,2020-07-25T23:29:45,194,56.0,67.2,11.200000000000003,14.046116472222225,125.41175421626984,32.16666793823242,84.89,28.23,126.32440476190476,-26.200010000000002,-26.20001,39.5,40.0,125.41175421626984,122.23036922423643,0,0,94.00238302333855,94.00238302333855,91.61777583532245
1254,2020-07-25T23:29:56,2020-07-25T23:57:06,164,67.2,77.2,10.0,11.862504527777778,118.62504527777777,27.16666603088379,97.50999,32.43,126.30827720207253,-26.199400243902435,-26.10001,39.48780487804878,40.0,118.62504527777777,122.23036922423643,0,0,88.9154051950571,88.9154051950571,91.61777583532245
1255,2020-07-25T23:57:17,2020-07-26T00:28:47,190,77.2,88.0,10.799999999999997,13.755005250000004,127.36115972222228,31.5,111.25,37.0,126.42045454545455,-26.200010000000002,-26.20001,39.02368421052632,40.0,127.36115972222228,122.36961354402874,0,0,95.4635599615252,95.4635599615252,91.72214641816565
1256,2020-07-26T00:28:58,2020-07-26T00:57:28,172,88.0,98.0,10.0,12.408615847222224,124.08615847222224,28.5,123.85,41.19,126.37755102040816,-26.047684360465112,0.0,39.0,40.0,124.08615847222224,122.36961354402874,0,0,93.00878270537167,93.00878270537167,91.72214641816565
1258,2020-07-26T12:22:47,2020-07-26T12:49:17,160,34.8,51.2,16.400000000000006,19.963615555555556,121.72936314363139,26.5,64.66,21.51,126.28906249999999,-45.20063506250001,-45.20001,38.146875,40.0,121.72936314363139,122.36961354402874,0,0,91.24224671701636,91.24224671701636,91.72214641816565
1259,2020-07-26T12:49:28,2020-07-26T13:20:18,186,51.2,70.4,19.200000000000003,23.228894138888897,120.98382364004632,30.83333396911621,88.93999,29.59,126.3352130681818,-45.20216075268818,-45.20001,39.45161290322581,40.0,120.98382364004632,122.36961354402874,0,0,90.68342756634745,90.68342756634745,91.72214641816565
1260,2020-07-26T13:20:29,2020-07-26T13:50:39,182,70.8,88.8,18.0,22.74028427777778,126.334912654321,30.16666603088379,112.22,37.33,126.37387387387388,-45.22913379120879,-45.20001,40.01373626373626,41.0,126.334912654321,122.36961354402874,0,0,94.69433645009043,94.69433645009043,91.72214641816565
1262,2020-07-26T20:28:50,2020-07-26T21:26:12,431,22.8,70.0,47.2,57.26210107638889,121.3180107550612,57.36666488647461,88.50999,29.44,126.44284285714286,-59.89072327146173,-59.70001,42.625290023201856,45.0,121.3180107550612,122.36961354402874,0,0,90.93391752546978,90.93391752546978,91.72214641816565
1264,2020-07-27T02:43:21,2020-07-27T04:09:09,644,27.2,94.8,67.6,83.35237976527779,123.30233693088431,85.80000305175781,119.85,39.86,126.42405063291139,-58.280748664596274,-44.20001,40.35481366459627,43.0,123.30233693088431,122.61781916985547,0,0,92.42126925249603,92.42126925249603,91.90818895024982
1265,2020-07-27T16:15:14,2020-07-27T17:29:17,556,24.0,84.4,60.400000000000006,74.14396581666666,122.75491029249446,74.05000305175781,106.66,35.48,126.37440758293837,-60.076085197841714,-59.80002,41.902877697841724,44.0,122.75491029249446,122.74065440716073,0,0,92.01094560412125,92.01094560412125,92.00026010496806
1267,2020-07-28T00:00:28,2020-07-28T00:28:18,168,35.2,64.0,28.799999999999997,35.017916097222226,121.5899864486883,27.83333396911621,80.96,26.93,126.49999999999999,-75.48749875,-75.39999,41.526785714285715,44.0,121.5899864486883,122.74065440716073,0,0,91.13777691237608,91.13777691237608,92.00026010496806
1268,2020-07-28T00:28:29,2020-07-28T00:56:19,168,64.4,88.4,24.0,30.04389281944444,125.18288674768517,27.83333396911621,111.78,37.18,126.44796380090497,-64.73750845238096,-44.70001,43.37202380952381,45.0,125.18288674768517,122.74065440716073,0,0,93.83083540742389,93.83083540742389,92.00026010496806
1271,2020-07-28T06:57:23,2020-07-28T07:23:43,159,59.2,84.0,24.799999999999997,30.727779166666668,123.90233534946239,26.33333396911621,106.31,35.36,126.55952380952381,-70.01321075471698,-69.70001,38.37735849056604,40.0,123.90233534946239,122.75382786938019,0,0,92.87099807982199,92.87099807982199,92.01013427385305
1272,2020-07-28T07:23:54,2020-07-28T07:44:44,126,84.4,97.6,13.199999999999989,17.03764061111111,129.07303493266005,20.83333396911621,123.42,41.05,126.45491803278689,-49.13333825396825,-44.20001,38.6468253968254,40.0,129.07303493266005,122.75382786938019,0,0,96.74669606168872,96.74669606168872,92.01013427385305
1275,2020-07-28T20:53:54,2020-07-28T21:10:44,102,23.6,34.0,10.399999999999999,12.643752819444442,121.57454634081196,16.83333396911621,42.8,14.23,125.88235294117645,-44.93628460784311,-18.30002,38.5,40.0,121.57454634081196,122.75382786938019,0,0,91.12620377919106,91.12620377919106,92.01013427385305
1276,2020-07-28T21:10:55,2020-07-28T21:42:35,191,34.0,53.6,19.6,23.85556083333333,121.7120450680272,31.66666603088379,67.7,22.52,126.30597014925372,-45.20001,-45.20001,39.86649214659686,41.0,121.7120450680272,122.74065440716073,0,0,91.22926595308122,91.22926595308122,92.00026010496806
1277,2020-07-28T21:42:46,2020-07-28T22:15:06,195,54.0,74.0,20.0,24.35778316666667,121.78891583333335,32.33333206176758,93.5,31.1,126.35135135135135,-45.200010000000006,-45.20001,41.31794871794872,42.0,121.78891583333335,122.74065440716073,0,0,91.28688443684109,91.28688443684109,92.00026010496806
1278,2020-07-28T22:46:08,2020-07-28T23:14:28,171,74.0,91.2,17.200000000000003,21.299726986111114,123.83562201227389,28.33333396911621,115.33,38.36,126.45833333333333,-45.037437017543866,-22.30002,40.72222222222222,42.0,123.83562201227389,122.75382786938019,0,0,92.82099309652239,92.82099309652239,92.01013427385305
1280,2020-07-29T06:44:26,2020-07-29T07:02:16,108,23.6,29.6,6.0,7.757502972222226,129.29171620370377,17.83333396911621,37.23,12.39,125.777027027027,-26.100010000000005,-26.10001,36.0,37.0,129.29171620370377,122.75382786938019,0,0,96.91060861302128,96.91060861302128,92.01013427385305
1281,2020-07-29T07:02:27,2020-07-29T07:35:47,201,29.6,41.6,12.0,14.50000555555556,120.83337962962968,33.33333206176758,52.43,17.44,126.03365384615384,-26.10001,-26.10001,36.818407960199,38.0,120.83337962962968,122.74065440716073,0,0,90.57066225516007,90.57066225516007,92.00026010496806
1282,2020-07-29T07:35:58,2020-07-29T08:08:08,194,41.6,53.6,12.0,13.992505361111116,116.60421134259263,32.16666793823242,67.61,22.49,126.13805970149252,-26.100010000000005,-26.10001,37.74484536082474,39.0,116.60421134259263,122.61781916985547,0,0,87.40068907622947,87.40068907622947,91.90818895024982
1283,2020-07-29T08:08:19,2020-07-29T08:36:16,185,53.6,63.6,10.0,12.158254658333336,121.58254658333335,27.950000762939453,80.33,26.72,126.30503144654088,-26.100010000000005,-26.10001,38.0,39.0,121.58254658333335,122.61781916985547,0,0,91.13220036114204,91.13220036114204,91.90818895024982
1284,2020-07-29T08:36:27,2020-07-29T09:05:17,174,63.6,74.0,10.399999999999999,12.542504805555561,120.60100774572658,28.83333396911621,93.49,31.1,126.33783783783784,-26.100010000000008,-26.10001,38.0,39.0,120.60100774572658,122.36783065186307,0,0,90.39648790466941,90.39648790466941,91.7208100513052
1285,2020-07-29T09:05:28,2020-07-29T09:37:38,194,74.0,85.2,11.200000000000003,13.992505361111116,124.93308358134921,32.16666793823242,107.69,35.82,126.39671361502347,-26.100010000000005,-26.10001,38.0,39.0,124.93308358134921,122.36783065186307,0,0,93.64359543881726,93.64359543881726,91.7208100513052
1288,2020-07-29T10:33:01,2020-07-29T10:58:01,151,89.2,97.6,8.399999999999991,10.87500416666667,129.4643353174605,25.0,123.4,41.05,126.4344262295082,-26.10001,-26.10001,38.0,39.0,129.4643353174605,122.36783065186307,0,0,97.0399952733859,97.0399952733859,91.7208100513052
1290,2020-07-29T19:08:32,2020-07-29T19:38:42,182,34.8,63.6,28.800000000000004,35.14443977777778,122.0293047839506,30.16666603088379,80.29,26.7,126.24213836477988,-69.90054016483516,-69.80002,41.755494505494504,44.0,122.0293047839506,122.16555214209919,0,0,91.46706797985678,91.46706797985678,91.5691921900366
1291,2020-07-29T19:38:53,2020-07-29T20:00:33,131,63.6,84.0,20.4,25.093054347222225,123.0051683687364,21.66666603088379,106.24,35.34,126.47619047619048,-69.48167610687021,-67.30002,43.091603053435115,45.0,123.0051683687364,122.36783065186307,0,0,92.19852655045752,92.19852655045752,91.7208100513052
1293,2020-07-30T01:15:40,2020-07-30T01:48:40,199,52.8,70.4,17.60000000000001,21.99638852777778,124.9794802714646,33.0,88.93999,29.59,126.3352130681818,-39.99346668341709,-39.89999,37.92713567839196,40.0,124.9794802714646,122.36783065186307,0,0,93.67837207887382,93.67837207887382,91.7208100513052
1294,2020-07-30T01:48:51,2020-07-30T02:21:51,199,70.4,88.4,18.0,21.992777055555553,122.18209475308642,33.0,111.7,37.15,126.35746606334841,-39.98693336683417,-39.89999,37.5,39.0,122.18209475308642,122.36783065186307,0,0,91.5815917044517,91.5815917044517,91.7208100513052
1295,2020-07-30T02:22:02,2020-07-30T02:40:02,109,88.4,97.6,9.199999999999989,11.997777555555555,130.41062560386487,18.0,123.38,41.04,126.4139344262295,-39.99265981651375,-39.89999,37.5,39.0,130.41062560386487,122.6309926320749,0,0,97.74928717755981,97.74928717755981,91.91806311913481
1296,2020-07-31T04:31:51,2020-07-31T05:00:51,175,28.0,56.0,28.0,33.885003763888896,121.01787058531748,29.0,70.68,23.51,126.21428571428571,-70.10743640000001,-69.89999,35.65714285714286,38.0,121.01787058531748,122.36783065186307,0,0,90.70894745489501,90.70894745489501,91.7208100513052
1297,2020-07-31T05:01:02,2020-07-31T05:28:42,167,56.0,82.4,26.400000000000006,32.317919708333335,122.41636253156562,27.66666603088379,104.19,34.65,126.44417475728154,-70.08683293413175,-69.80002,38.28443113772455,40.0,122.41636253156562,122.4617187516105,0,0,91.75718712276195,91.75718712276195,91.79118387845517
1300,2020-07-31T21:58:11,2020-07-31T22:25:51,167,23.6,42.4,18.799999999999997,23.003333625000003,122.35815757978727,27.66666603088379,53.45,17.78,126.06132075471699,-49.76826413173653,-10.20001,32.39820359281437,34.0,122.35815757978727,122.38726005567645,0,0,91.71355959992636,91.71355959992636,91.73537336134416
1301,2020-07-31T22:26:02,2020-07-31T22:56:22,183,42.4,63.6,21.200000000000003,25.27777777777778,119.23480083857442,30.33333396911621,80.41,26.75,126.43081761006289,-50.0,-50.0,34.595628415300546,36.0,119.23480083857442,122.27012616643685,0,0,89.3724474885392,89.3724474885392,91.64757565218903
1302,2020-07-31T22:56:33,2020-07-31T23:25:13,173,63.6,83.2,19.6,23.88888888888889,121.88208616780045,28.66666603088379,105.11,34.96,126.3341346153846,-50.0,-50.0,35.6849710982659,37.0,121.88208616780045,122.1056997685185,0,0,91.35672026301003,91.35672026301003,91.52432984215423
1303,2020-07-31T23:25:24,2020-07-31T23:48:44,141,83.2,97.6,14.399999999999991,18.169027805555558,126.17380420524701,23.33333396911621,123.4,41.05,126.4344262295082,-46.72411354609929,-44.5,36.0,37.0,126.17380420524701,122.27012616643685,0,0,94.57357760868204,94.57357760868204,91.64757565218903
1305,2020-08-01T03:45:59,2020-08-01T04:06:55,127,52.8,72.8,20.0,24.42577885555556,122.12889427777779,20.933332443237305,91.96,30.59,126.31868131868131,-70.01102677165355,-69.80002,36.996062992125985,39.0,122.12889427777779,122.27012616643685,0,0,91.54171528705974,91.54171528705974,91.64757565218903
1306,2020-08-01T04:07:06,2020-08-01T04:30:36,142,72.8,92.4,19.60000000000001,24.043612527777775,122.67149248866205,23.5,116.81,38.86,126.41774891774891,-61.35845436619718,-44.20001,37.78521126760563,39.0,122.67149248866205,122.27012616643685,0,0,91.94841978749567,91.94841978749567,91.64757565218903
1307,2020-08-01T10:36:23,2020-08-01T11:48:57,545,42.8,97.6,54.8,68.11929225694445,124.30527784113951,72.56666564941406,123.37,41.04,126.40368852459017,-56.28513812844037,-13.30002,36.42752293577982,38.0,124.30527784113951,122.27012616643685,0,0,93.17302363297463,93.17302363297463,91.64757565218903
1308,2020-08-01T17:26:48,2020-08-01T17:43:28,101,74.0,85.2,11.200000000000003,13.945141736111113,124.51019407242062,16.66666603088379,107.65,35.81,126.34976525821597,-50.20298059405939,-50.20001,33.48514851485149,35.0,124.51019407242062,122.38726005567645,0,0,93.3266185984622,93.3266185984622,91.73537336134416
1309,2020-08-01T17:43:39,2020-08-01T18:05:09,130,85.2,97.6,12.399999999999991,15.56958691666667,125.56118481182807,21.5,123.38,41.04,126.4139344262295,-43.36154846153847,-13.70001,33.5,35.0,125.56118481182807,122.54392751011383,0,0,94.11438872939739,94.11438872939739,91.85280345512881
1310,2020-08-02T16:45:39,2020-08-02T18:03:59,588,38.0,97.6,59.599999999999994,73.74576824027778,123.73451047026474,78.33333587646484,123.42,41.05,126.45491803278689,-56.45272440476191,-13.39999,34.11054421768708,36.0,123.73451047026474,122.54392751011383,0,0,92.74520493807246,92.74520493807246,91.85280345512881
1312,2020-08-03T16:52:43,2020-08-03T17:26:53,206,18.4,51.2,32.800000000000004,39.8449983888889,121.47865362466125,34.16666793823242,64.73,21.53,126.42578125,-69.97135635922331,-69.89999,32.74271844660194,36.0,121.47865362466125,122.54392751011383,0,0,91.05432739177363,91.05432739177363,91.85280345512881
1313,2020-08-03T17:27:04,2020-08-03T17:53:04,157,51.2,76.4,25.200000000000003,30.328055027777776,120.34942471340388,26.0,96.53,32.11,126.34816753926701,-69.98789687898089,-69.89999,36.22611464968153,38.0,120.34942471340388,122.54392751011383,0,0,90.2079138374748,90.2079138374748,91.85280345512881
1314,2020-08-03T17:53:15,2020-08-03T18:19:05,156,76.8,96.0,19.200000000000003,23.91458386111111,124.55512427662035,25.83333396911621,121.36,40.37,126.41666666666667,-55.553847435897445,-44.30002,37.47435897435897,38.0,124.55512427662035,122.54392751011383,0,0,93.3602960339697,93.3602960339697,91.85280345512881
1317,2020-08-04T12:50:24,2020-08-04T13:19:14,174,46.0,73.6,27.599999999999994,33.71986588888889,122.17342713365541,28.83333396911621,92.99,30.93,126.34510869565217,-70.16840074712643,-70.0,34.91379310344828,36.0,122.17342713365541,122.38726005567645,0,0,91.57509489012399,91.57509489012399,91.73537336134416
1318,2020-08-04T13:19:25,2020-08-04T13:47:05,167,73.6,95.2,21.60000000000001,26.630420611111113,123.28898431069955,27.66666603088379,120.36,40.04,126.42857142857142,-57.750906766467075,-44.5,36.40419161676647,37.0,123.28898431069955,122.54392751011383,0,0,92.41126079575433,92.41126079575433,91.85280345512881
1320,2020-08-04T21:00:15,2020-08-04T21:28:45,172,46.4,64.0,17.6,21.35735948611111,121.34863344381311,28.5,80.81,26.88,126.265625,-44.96046174418605,-44.10001,34.43313953488372,36.0,121.34863344381311,122.38726005567645,0,0,90.95687076247097,90.95687076247097,91.73537336134416
1321,2020-08-04T21:28:56,2020-08-04T21:49:16,123,64.0,76.4,12.400000000000006,15.247777555555556,122.9659480286738,20.33333396911621,96.57999,32.12,126.41359947643979,-44.993495284552836,-44.89999,35.0,36.0,122.9659480286738,122.54392751011383,0,0,92.16912894373468,92.16912894373468,91.85280345512881
1322,2020-08-04T22:12:37,2020-08-04T22:29:07,100,75.6,85.6,10.0,12.310692027777778,123.10692027777777,16.5,108.22,36.0,126.42523364485982,-44.6239913,-16.20001,34.96,36.0,123.10692027777777,122.71320139057826,0,0,92.27479469602997,92.27479469602997,91.97968269580846
1323,2020-08-04T22:29:18,2020-08-04T22:53:08,144,85.6,97.6,12.0,14.979441625,124.82868020833334,23.83333396911621,123.37,41.04,126.40368852459017,-37.65138180555555,-13.5,35.0,36.0,124.82868020833334,122.71320139057826,0,0,93.56533988836668,93.56533988836668,91.97968269580846
1324,2020-08-05T04:17:16,2020-08-05T05:18:23,459,60.8,97.6,36.8,46.02329755,125.06330855978261,61.11666488647461,123.42,41.05,126.45491803278689,-45.16799326797386,-32.30002,32.3235294117647,34.0,125.06330855978261,122.86042916058412,0,0,93.74120557415428,93.74120557415428,92.09003727392796
1325,2020-08-05T16:12:28,2020-08-05T17:53:52,761,25.2,88.0,62.8,76.00011112222222,121.01928522646851,101.4000015258789,111.19,36.98,126.35227272727272,-44.94099869908016,0.0,31.69185282522996,34.0,121.01928522646851,122.71320139057826,0,0,90.71000779919967,90.71000779919967,91.97968269580846
1327,2020-08-06T03:14:37,2020-08-06T03:46:57,195,42.4,64.8,22.4,26.842507694444446,119.83262363591273,32.33333206176758,81.9,27.24,126.3888888888889,-49.81078353846154,-49.70001,29.76153846153846,31.0,119.83262363591273,122.54392751011383,0,0,89.82054557891891,89.82054557891891,91.85280345512881
1328,2020-08-06T03:47:08,2020-08-06T04:14:38,166,64.8,83.2,18.400000000000006,22.833061750000002,124.0927269021739,27.5,105.13,34.97,126.35817307692307,-49.81748343373495,-49.70001,31.072289156626507,32.0,124.0927269021739,122.71320139057826,0,0,93.01370607218075,93.01370607218075,91.97968269580846
1332,2020-08-06T20:05:02,2020-08-06T20:38:52,204,19.6,52.0,32.4,39.35264893055557,121.45879299554187,33.83333206176758,65.62,21.82,126.1923076923077,-69.78776289215686,-69.70001,38.306372549019606,41.0,121.45879299554187,122.71320139057826,0,0,91.03944085679746,91.03944085679746,91.97968269580846
1333,2020-08-06T20:39:03,2020-08-06T21:10:43,191,52.0,82.4,30.400000000000006,36.83486954166667,121.16733401864035,31.66666603088379,104.16,34.65,126.40776699029125,-69.79268607329843,-69.70001,41.13089005235602,43.0,121.16733401864035,122.54392751011383,0,0,90.82097777450103,90.82097777450103,91.85280345512881
1334,2020-08-06T21:10:54,2020-08-06T21:33:54,139,82.4,97.6,15.199999999999989,19.335420527777785,127.20671399853815,23.0,123.43,41.06,126.46516393442624,-50.48777978417268,-44.10001,42.0,43.0,127.20671399853815,122.71320139057826,0,0,95.34779516607361,95.34779516607361,91.97968269580846
1335,2020-08-07T04:22:12,2020-08-07T04:41:52,119,51.2,69.6,18.39999999999999,22.914724388888896,124.53654559178753,19.66666603088379,87.89,29.23,126.27873563218392,-69.9100905882353,-69.70001,36.84453781512605,39.0,124.53654559178753,122.71320139057826,0,0,93.34637038036061,93.34637038036061,91.97968269580846
1336,2020-08-07T04:42:03,2020-08-07T05:09:33,166,70.0,92.8,22.799999999999997,28.383752583333333,124.49014290935673,27.5,117.28,39.01,126.3793103448276,-61.89819843373494,-44.10001,37.82831325301205,39.0,124.49014290935673,122.81872025866792,0,0,93.31158924876391,93.31158924876391,92.05877436561516
1339,2020-08-07T13:55:47,2020-08-07T14:27:47,193,30.0,60.8,30.799999999999997,37.57374793055556,121.99268808621936,32.0,76.82,25.55,126.3486842105263,-70.45077331606218,-70.30002,38.303108808290155,41.0,121.99268808621936,122.81872025866792,0,0,91.43962193329845,91.43962193329845,92.05877436561516
1340,2020-08-07T14:27:58,2020-08-07T15:00:18,195,60.8,90.4,29.60000000000001,36.17180419444445,122.20204119744741,32.33333206176758,114.23,38.0,126.36061946902655,-67.07486928205128,-44.89999,40.687179487179485,42.0,122.20204119744741,122.54392751011383,0,0,91.59654256224404,91.59654256224404,91.85280345512881
1343,2020-08-07T19:43:39,2020-08-07T20:09:29,156,64.0,88.4,24.400000000000006,30.148198250000004,123.55818954918031,25.83333396911621,111.7,37.15,126.35746606334841,-69.94039346153845,-44.60001,42.169871794871796,44.0,123.55818954918031,122.54392751011383,0,0,92.61304358794715,92.61304358794715,91.85280345512881
1344,2020-08-08T03:11:27,2020-08-08T03:37:57,160,20.4,45.6,25.200000000000003,30.982364194444447,122.94588966049383,26.5,57.49,19.12,126.07456140350877,-70.148757,-69.89999,36.459375,39.0,122.94588966049383,122.54392751011383,0,0,92.15409419344147,92.15409419344147,91.85280345512881
1345,2020-08-08T03:38:08,2020-08-08T04:04:48,161,45.6,71.6,25.999999999999993,31.171670166666672,119.89103910256415,26.66666603088379,90.54,30.12,126.45251396648047,-70.13541155279503,-69.89999,38.9472049689441,41.0,119.89103910256415,122.54392751011383,0,0,89.86433089318207,89.86433089318207,91.85280345512881
1346,2020-08-08T04:04:59,2020-08-08T04:32:09,164,71.6,94.0,22.400000000000006,27.670002458333336,123.52679668898807,27.16666603088379,118.84,39.53,126.42553191489363,-61.08842006097561,-44.30002,39.78963414634146,41.0,123.52679668898807,122.80869107457795,0,0,92.58951306892659,92.58951306892659,92.05125699046857
1348,2020-08-08T13:17:02,2020-08-08T14:35:53,592,50.0,97.6,47.599999999999994,59.15959623055555,124.28486603057891,78.8499984741211,123.42,41.05,126.45491803278689,-45.01656386824324,-44.60001,39.516891891891895,41.0,124.28486603057891,122.9559188445838,0,0,93.15772395993753,93.15772395993753,92.16161156858807
1349,2020-08-09T19:36:46,2020-08-09T19:59:26,137,3.6,19.2,15.6,18.988200597222225,121.71923459757836,22.66666603088379,24.09,8.01,125.46875,-50.26279000000002,-50.20001,38.5,39.0,121.71923459757836,122.80869107457795,0,0,91.23465486510824,91.23465486510824,92.05125699046857
1350,2020-08-09T19:59:37,2020-08-09T20:31:17,191,19.2,41.2,22.000000000000004,26.523341500000008,120.56064318181821,31.66666603088379,51.95,17.28,126.09223300970874,-50.254989319371724,-50.20001,39.083769633507856,41.0,120.56064318181821,122.54392751011383,0,0,90.36623264493879,90.36623264493879,91.85280345512881
1351,2020-08-09T20:31:28,2020-08-09T21:04:48,201,41.2,64.0,22.799999999999997,27.912785722222225,122.42449878167643,33.33333206176758,80.81,26.88,126.265625,-50.24280034825871,-50.20001,41.22885572139303,43.0,122.42449878167643,122.54799563516924,0,0,91.76328564920446,91.76328564920446,91.85585271835006
1352,2020-08-09T21:04:59,2020-08-09T21:38:09,200,64.0,86.4,22.400000000000006,27.78014748611112,124.01851556299603,33.16666793823242,109.26,36.34,126.45833333333333,-50.25551555000001,-50.20001,42.25,43.0,124.01851556299603,122.80869107457795,0,0,92.95808096133156,92.95808096133156,92.05125699046857
1354,2020-08-10T02:39:06,2020-08-10T03:41:25,468,60.4,97.6,37.199999999999996,46.61733398055556,125.31541392622464,62.31666564941406,123.38,41.04,126.4139344262295,-44.85982967948718,-22.5,38.577991452991455,40.0,125.31541392622464,122.9559188445838,0,0,93.93017115689905,93.93017115689905,92.16161156858807
1355,2020-08-10T08:18:11,2020-08-10T08:46:01,168,52.8,71.6,18.799999999999997,23.28403241666667,123.85123625886528,27.83333396911621,90.46,30.09,126.34078212290503,-50.19286714285716,-50.10001,37.779761904761905,39.0,123.85123625886528,122.98555819870509,0,0,92.83269675538497,92.83269675538497,92.1838277470961
1356,2020-08-10T08:46:12,2020-08-10T09:14:32,171,71.6,90.4,18.80000000000001,23.5004215,125.00224202127653,28.33333396911621,114.33,38.03,126.47123893805309,-49.752057017543855,-44.70001,38.08187134502924,40.0,125.00224202127653,122.98555819870509,0,0,93.69543314892643,93.69543314892643,92.1838277470961
1361,2020-08-10T17:35:41,2020-08-10T18:03:31,168,28.0,54.8,26.799999999999997,32.73277793055556,122.13723108416254,27.83333396911621,69.3,23.05,126.45985401459855,-70.55654791666667,-68.39999,42.73809523809524,45.0,122.13723108416254,122.9559188445838,0,0,91.54796414046163,91.54796414046163,92.16161156858807
1362,2020-08-10T18:03:42,2020-08-10T18:31:42,169,55.2,81.2,26.0,31.929440722222225,122.80554123931624,28.0,102.58,34.12,126.33004926108373,-68.42011035502958,-68.39999,44.917159763313606,46.0,122.80554123931624,122.9559188445838,0,0,92.04889603138159,92.04889603138159,92.16161156858807
1363,2020-08-10T18:31:53,2020-08-10T18:57:53,157,81.2,98.0,16.799999999999997,20.888338194444444,124.33534639550265,26.0,123.84,41.19,126.36734693877551,-48.25860987261147,-45.20001,44.92993630573248,47.0,124.33534639550265,122.9559188445838,0,0,93.19556151853301,93.19556151853301,92.16161156858807
1365,2020-08-11T11:55:11,2020-08-11T12:25:41,184,21.6,51.2,29.6,35.59402936111111,120.25009919294293,30.5,64.6,21.49,126.17187499999999,-70.0217422826087,-69.80002,37.24728260869565,40.0,120.25009919294293,122.87571544990504,0,0,90.1334643915141,90.1334643915141,92.10149511241153
1366,2020-08-11T12:25:52,2020-08-11T13:10:58,272,51.2,92.0,40.8,49.65698829027777,121.70830463303376,45.099998474121094,116.35,38.7,126.46739130434781,-66.03529702205883,-44.20001,40.49264705882353,42.0,121.70830463303376,122.87571544990504,0,0,91.22646230995284,91.22646230995284,92.10149511241153
1368,2020-08-11T15:57:34,2020-08-11T16:20:34,139,74.4,88.4,14.0,17.32069827777778,123.71927341269841,23.0,111.78,37.18,126.44796380090497,-45.18418266187051,-45.10001,40.08273381294964,41.0,123.71927341269841,122.87571544990504,0,0,92.73378400125159,92.73378400125159,92.10149511241153
1371,2020-08-12T01:51:32,2020-08-12T02:23:02,190,36.8,56.8,20.0,23.782510500000004,118.91255250000002,31.5,71.68999,23.84,126.21477112676057,-45.30002,-45.30002,35.46842105263158,37.0,118.91255250000002,122.87571544990504,0,0,89.13090623955016,89.13090623955016,92.10149511241153
1372,2020-08-12T02:23:13,2020-08-12T02:55:23,194,56.8,76.8,20.0,24.286121750000003,121.43060875,32.16666793823242,97.03,32.27,126.34114583333333,-45.30053530927835,-45.30002,36.5,37.0,121.43060875,122.87571544990504,0,0,91.01831535495589,91.01831535495589,92.10149511241153
1373,2020-08-12T02:55:34,2020-08-12T03:28:24,198,76.8,96.4,19.60000000000001,24.69681650000001,126.00416581632653,32.83333206176758,121.92,40.55,126.47302904564314,-45.13082808080808,-44.80002,36.97979797979798,38.0,126.00416581632653,122.9559188445838,0,0,94.44642515068146,94.44642515068146,92.16161156858807
1376,2020-08-12T15:17:48,2020-08-12T15:43:58,158,33.6,59.2,25.6,30.836115972222228,120.45357801649307,26.16666603088379,74.71,24.85,126.1993243243243,-70.70697316455696,-70.60001,34.629746835443036,37.0,120.45357801649307,122.9559188445838,0,0,90.28598194800655,90.28598194800655,92.16161156858807
1377,2020-08-12T15:44:09,2020-08-12T16:10:19,158,59.2,84.4,25.200000000000003,30.838893833333337,122.37656283068785,26.16666603088379,106.78,35.52,126.51658767772511,-70.71393544303797,-70.70001,36.65506329113924,38.0,122.37656283068785,122.9559188445838,0,0,91.72735525612786,91.72735525612786,92.16161156858807
1378,2020-08-12T16:10:30,2020-08-12T16:31:00,124,84.4,97.6,13.199999999999989,16.715973069444445,126.63615961700347,20.5,123.35,41.04,126.38319672131148,-48.87097032258064,-13.70001,37.0,38.0,126.63615961700347,122.9559188445838,0,0,94.92013611733583,94.92013611733583,92.16161156858807
1379,2020-08-13T16:19:51,2020-08-13T16:37:01,104,25.6,42.0,16.4,20.18889066666668,123.1029918699188,17.16666603088379,53.11,17.66,126.45238095238095,-70.56250615384616,-70.39999,30.701923076923077,32.0,123.1029918699188,123.0344699492963,0,0,92.27185015783624,92.27185015783624,92.22048955078546
1380,2020-08-13T16:37:12,2020-08-13T17:07:22,182,42.4,72.0,29.6,35.49444919444445,119.91367971096096,30.16666603088379,90.98,30.26,126.36111111111111,-70.59671274725275,-70.5,33.68956043956044,36.0,119.91367971096096,123.0344699492963,0,0,89.8813011616844,89.8813011616844,92.22048955078546
1381,2020-08-13T17:07:33,2020-08-13T17:37:13,179,72.0,95.6,23.599999999999994,28.96458466666667,122.73129096045203,29.66666603088379,120.8,40.18,126.35983263598327,-58.57542167597766,-44.80002,35.56703910614525,37.0,122.73129096045203,122.9559188445838,0,0,91.99324173328965,91.99324173328965,92.16161156858807
1384,2020-08-14T00:00:52,2020-08-14T00:29:02,170,59.2,86.4,27.200000000000003,33.52985990277778,123.27154376021241,28.16666603088379,109.18,36.31,126.36574074074073,-71.42470329411765,-71.30002,37.30882352941177,39.0,123.27154376021241,122.9559188445838,0,0,92.39818823076811,92.39818823076811,92.16161156858807
1386,2020-08-14T05:08:16,2020-08-14T05:29:56,131,53.6,64.8,11.199999999999996,13.962913491944443,124.66887046378972,21.66666603088379,81.85,27.22,126.31172839506172,-38.52441876488549,-0.2000122,35.0,36.0,124.66887046378972,122.9559188445838,0,0,93.44555449096649,93.44555449096649,92.16161156858807
1387,2020-08-14T05:30:07,2020-08-14T05:56:57,162,64.8,79.2,14.400000000000006,17.84277372222222,123.90815084876537,26.83333396911621,100.06,33.28,126.33838383838383,-39.89690450617284,-39.80002,35.0,36.0,123.90815084876537,122.9559188445838,0,0,92.87535708744745,92.87535708744745,92.16161156858807
1388,2020-08-14T05:57:08,2020-08-14T06:27:38,184,79.6,95.6,16.0,20.27999566666667,126.74997291666669,30.5,120.82,40.19,126.3807531380753,-39.89510016304348,-39.80002,35.1875,37.0,126.74997291666669,123.0344699492963,0,0,95.0054448785038,95.0054448785038,92.22048955078546
1390,2020-08-14T11:34:13,2020-08-14T12:04:23,182,52.8,62.8,10.0,12.489585930555554,124.89585930555553,30.16666603088379,79.33,26.39,126.32165605095541,-24.8329721978022,-21.89999,35.027472527472526,37.0,124.89585930555553,123.10495607384829,0,0,93.61569398210938,93.61569398210938,92.2733224269331
1391,2020-08-14T12:04:34,2020-08-14T12:34:34,181,62.8,72.8,10.0,12.400009999999998,124.00009999999997,30.0,91.97,30.59,126.33241758241759,-24.800020000000004,-24.80002,35.07734806629834,36.0,124.00009999999997,123.10495607384829,0,0,92.94427757569865,92.94427757569865,92.2733224269331
1393,2020-08-14T18:58:21,2020-08-14T19:19:01,125,22.8,35.6,12.8,15.549031319444447,121.47680718315974,20.66666603088379,44.85,14.92,125.98314606741572,-45.08321031999999,-30.30002,34.232,36.0,121.47680718315974,123.10495607384829,0,0,91.05294339150714,91.05294339150714,92.2733224269331
1394,2020-08-14T19:19:12,2020-08-14T19:49:12,181,35.6,54.8,19.199999999999996,22.600005000000003,117.70835937500004,30.0,69.17,23.01,126.22262773722629,-45.200010000000006,-45.20001,35.9060773480663,38.0,117.70835937500004,123.0344699492963,0,0,88.22830325725623,88.22830325725623,92.22048955078546
1395,2020-08-14T19:49:23,2020-08-14T20:18:33,176,54.8,73.2,18.400000000000006,21.972227083333333,119.41427762681155,29.16666603088379,92.47,30.76,126.32513661202186,-45.20001000000001,-45.20001,37.40909090909091,39.0,119.41427762681155,123.0344699492963,0,0,89.50697431895553,89.50697431895553,92.22048955078546
1396,2020-08-14T20:18:44,2020-08-14T20:42:25,144,73.2,87.6,14.399999999999991,17.841448391666667,123.89894716435194,23.683332443237305,110.73,36.83,126.40410958904111,-45.200010000000006,-45.20001,38.0,39.0,123.89894716435194,123.10495607384829,0,0,92.86845846560084,92.86845846560084,92.2733224269331
1397,2020-08-14T20:42:36,2020-08-14T20:59:46,104,87.6,97.6,10.0,12.820419527777776,128.20419527777776,17.16666603088379,123.42,41.05,126.45491803278689,-44.81058692307693,-44.70001,38.0,39.0,128.20419527777776,123.18726781506561,0,0,96.09545728000907,96.09545728000907,92.33501919430218
1399,2020-08-15T15:43:59,2020-08-15T16:16:39,197,33.2,44.8,11.599999999999994,14.21000544444445,122.50004693486602,32.66666793823242,56.54,18.8,126.20535714285715,-26.100010000000005,-26.10001,34.474619289340104,36.0,122.50004693486602,123.02444076520632,0,0,91.8199127690244,91.8199127690244,92.21297217563885
1400,2020-08-15T16:16:50,2020-08-15T16:48:20,190,44.8,56.4,11.600000000000001,13.702505250000007,118.12504525862073,31.5,71.22,23.69,126.27659574468086,-26.100010000000005,-26.10001,35.53421052631579,37.0,118.12504525862073,122.87571544990504,0,0,88.54063017013061,88.54063017013061,92.10149511241153
1401,2020-08-15T16:48:31,2020-08-15T17:18:41,182,56.4,67.2,10.800000000000004,13.122505027777782,121.50467618312757,30.16666603088379,84.85,28.22,126.26488095238093,-26.100010000000005,-26.10001,36.43681318681319,37.0,121.50467618312757,122.87571544990504,0,0,91.07383260102205,91.07383260102205,92.10149511241153
1402,2020-08-15T17:18:52,2020-08-15T17:42:12,141,67.2,75.6,8.399999999999991,10.150003888888891,120.83337962962979,23.33333396911621,95.48,31.76,126.29629629629632,-26.100010000000005,-26.10001,36.5,37.0,120.83337962962979,122.87571544990504,0,0,90.57066225516016,90.57066225516016,92.10149511241153
1404,2020-08-15T18:04:26,2020-08-15T18:23:36,116,75.2,82.0,6.799999999999997,8.337503194444448,122.61034109477133,19.16666603088379,103.63,34.47,126.3780487804878,-26.100010000000005,-26.10001,35.5,36.0,122.61034109477133,122.76841609988413,0,0,91.90258375891246,91.90258375891246,92.02106888233561
1405,2020-08-15T18:23:47,2020-08-15T18:55:37,192,82.0,93.2,11.200000000000003,13.847505305555561,123.63844022817462,31.83333396911621,117.78,39.17,126.37339055793991,-26.10001,-26.10001,35.5,36.0,123.63844022817462,122.87571544990504,0,0,92.6731954860834,92.6731954860834,92.10149511241153
1408,2020-08-16T07:32:22,2020-08-16T08:02:32,182,33.6,63.2,29.6,35.48764255555556,119.89068430930931,30.16666603088379,79.86,26.56,126.36075949367088,-70.58352379120879,-70.5,34.502747252747255,37.0,119.89068430930931,122.87571544990504,0,0,89.8640649578904,89.8640649578904,92.10149511241153
1409,2020-08-16T08:02:43,2020-08-16T08:32:53,182,63.6,90.4,26.800000000000004,33.13236558333334,123.62822978855723,30.16666603088379,114.3,38.02,126.43805309734513,-65.85440450549451,-45.0,36.997252747252745,38.0,123.62822978855723,122.87571544990504,0,0,92.66554225085241,92.66554225085241,92.10149511241153
1412,2020-08-16T17:25:15,2020-08-16T17:56:36,190,29.2,48.8,19.599999999999998,23.617005225000007,120.49492461734698,31.350000381469727,61.61,20.49,126.25,-45.20001,-45.20001,38.34736842105263,40.0,120.49492461734698,122.76841609988413,0,0,90.31697329355045,90.31697329355045,92.02106888233561
1414,2020-08-16T18:46:28,2020-08-16T19:03:58,106,54.4,65.2,10.800000000000004,13.156947361111115,121.82358667695472,17.5,82.34,27.39,126.28834355828221,-45.02076471698113,-26.20001,38.93867924528302,40.0,121.82358667695472,122.67081602761168,0,0,91.31287196841024,91.31287196841024,91.94791274610105
1415,2020-08-16T19:04:09,2020-08-16T19:36:19,194,65.2,84.8,19.599999999999994,24.232227583333337,123.63381420068032,32.16666793823242,107.15,35.65,126.3561320754717,-45.200010000000006,-45.20001,39.0,40.0,123.63381420068032,122.76841609988413,0,0,92.6697280470773,92.6697280470773,92.02106888233561
1418,2020-08-17T02:53:36,2020-08-17T03:21:36,169,27.6,54.8,27.199999999999996,32.657499083333335,120.0643348651961,28.0,69.31,23.05,126.47810218978104,-69.98047142011835,-69.89999,37.13609467455621,40.0,120.0643348651961,122.76841609988413,0,0,89.9942247357254,89.9942247357254,92.02106888233561
1419,2020-08-17T03:21:47,2020-08-17T03:52:47,187,54.8,84.8,30.0,36.148331500000005,120.49443833333335,31.0,107.28,35.68,126.50943396226415,-69.96470235294117,-69.89999,39.788770053475936,42.0,120.49443833333335,122.67081602761168,0,0,90.31660879935775,90.31660879935775,91.94791274610105
1420,2020-08-17T03:52:58,2020-08-17T04:13:18,123,84.8,97.6,12.799999999999997,16.32749886111111,127.55858485243057,20.33333396911621,123.37,41.04,126.40368852459017,-48.2504030894309,-43.89999,40.5,42.0,127.55858485243057,122.67081602761168,0,0,95.61153997204535,95.61153997204535,91.94791274610105
1421,2020-08-17T13:45:41,2020-08-17T14:09:11,142,19.6,42.4,22.799999999999997,27.74972148611111,121.70930476364522,23.5,53.58,17.82,126.36792452830188,-70.84929387323945,-70.39999,37.48943661971831,39.0,121.70930476364522,122.67081602761168,0,0,91.2272119578738,91.2272119578738,91.94791274610105
1422,2020-08-17T14:09:22,2020-08-17T14:37:52,172,42.8,71.2,28.400000000000006,33.680135291666666,118.59202567488262,28.5,89.89,29.9,126.24999999999999,-70.90580639534883,-70.80002,40.30813953488372,42.0,118.59202567488262,122.55519401481868,0,0,88.89065535100919,88.89065535100919,91.86124826396843
1423,2020-08-17T14:38:03,2020-08-17T15:09:03,187,71.2,96.0,24.799999999999997,30.689444097222225,123.74775845654125,31.0,121.41,40.38,126.46875,-59.38983887700535,-44.5,41.72994652406417,43.0,123.74775845654125,122.55519401481868,0,0,92.75513496646603,92.75513496646603,91.86124826396843
1425,2020-08-17T22:13:08,2020-08-17T22:39:08,157,47.2,72.0,24.799999999999997,30.32374904166667,122.27318161962368,26.0,91.09,30.3,126.5138888888889,-69.97770477707006,-69.89999,37.21656050955414,39.0,122.27318161962368,122.55519401481868,0,0,91.64986586718979,91.64986586718979,91.86124826396843
1426,2020-08-17T22:39:19,2020-08-17T23:09:09,180,72.0,95.6,23.599999999999994,28.997083875,122.86899947033902,29.83333396911621,120.9,40.22,126.46443514644352,-58.31055661111111,-44.0,37.94444444444444,39.0,122.86899947033902,122.67081602761168,0,0,92.09646114978588,92.09646114978588,91.94791274610105
1428,2020-08-18T11:43:48,2020-08-18T12:12:58,176,37.2,47.6,10.399999999999999,12.626249138888884,121.40624172008545,29.16666603088379,60.07,19.98,126.19747899159663,-25.974430056818186,-25.80002,34.13920454545455,36.0,121.40624172008545,122.67081602761168,0,0,91.00005104716844,91.00005104716844,91.94791274610105
1429,2020-08-18T12:13:09,2020-08-18T12:43:59,186,47.6,58.8,11.199999999999996,13.173476583333334,117.6203266369048,30.83333396911621,74.26,24.7,126.29251700680274,-25.634954623655908,-25.39999,34.846774193548384,36.0,117.6203266369048,122.55519401481868,0,0,88.1623183165564,88.1623183165564,91.86124826396843
1430,2020-08-18T12:44:10,2020-08-18T13:13:00,174,58.8,68.8,10.0,12.142782750000002,121.42782750000002,28.83333396911621,86.87,28.9,126.26453488372094,-25.26840109195402,-25.10001,35.0,36.0,121.42782750000002,122.43830488277693,0,0,91.01623066895962,91.01623066895962,91.77363401257614
1431,2020-08-18T13:13:11,2020-08-18T13:41:14,170,69.2,78.4,9.200000000000003,11.704682093055556,127.22480535929948,28.049999237060547,99.05,32.95,126.33928571428571,-25.03647382352941,-24.89999,34.98529411764706,36.0,127.22480535929948,122.43830488277693,0,0,95.36135554591462,95.36135554591462,91.77363401257614
1434,2020-08-18T13:49:27,2020-08-18T14:14:27,151,80.0,88.4,8.400000000000006,10.344864986111109,123.15315459656073,25.0,111.7,37.15,126.35746606334841,-24.827823841059597,-24.70001,34.59602649006622,36.0,123.15315459656073,122.43830488277693,0,0,92.30944963065087,92.30944963065087,91.77363401257614
1435,2020-08-18T19:40:09,2020-08-18T20:04:29,147,32.8,48.0,15.200000000000003,18.29208738888889,120.34268019005847,24.33333396911621,60.55,20.14,126.14583333333333,-45.104091632653066,-45.10001,41.25170068027211,44.0,120.34268019005847,122.43830488277693,0,0,90.20285847985872,90.20285847985872,91.77363401257614
1436,2020-08-18T20:04:40,2020-08-18T20:32:30,168,48.4,65.6,17.199999999999996,20.92139352777778,121.63600888242898,27.83333396911621,81.1,26.98,123.62804878048782,-45.10001,-45.10001,42.223214285714285,45.0,121.63600888242898,122.32487222515576,0,0,91.17227302855908,91.17227302855908,91.68861056165883
1437,2020-08-18T20:32:41,2020-08-18T21:08:01,213,65.6,87.6,22.0,26.558894777777784,120.72224898989901,35.33333206176758,108.38,36.05,123.72146118721463,-45.10001,-45.10001,42.11267605633803,45.0,120.72224898989901,122.0483841482892,0,0,90.48736428180125,90.48736428180125,91.48136891780001
1438,2020-08-18T21:08:12,2020-08-18T21:25:42,106,87.6,98.0,10.400000000000006,12.861526847222219,123.66852737713666,17.5,121.18,40.31,123.6530612244898,-43.893393113207544,0.0,42.0,44.0,123.66852737713666,122.32487222515576,0,0,92.69574730922379,92.69574730922379,91.68861056165883
1440,2020-08-19T13:17:03,2020-08-19T13:33:24,101,43.6,49.6,6.0,7.057747274999995,117.62912124999993,16.350000381469727,67.28,22.38,135.6451612903226,-25.899989999999992,-25.89999,28.628712871287128,30.0,117.62912124999993,122.32487222515576,0,1,88.16891031898771,88.16891031898771,91.68861056165883
1441,2020-08-19T13:33:35,2020-08-19T14:03:45,182,49.6,60.8,11.199999999999996,13.021939416666662,116.26731622023809,30.16666603088379,82.55,27.46,135.77302631578948,-25.899989999999995,-25.89999,29.46978021978022,30.0,116.26731622023809,122.0483841482892,0,0,87.14816933014846,87.14816933014846,91.48136891780001
1442,2020-08-19T14:03:56,2020-08-19T14:30:01,159,60.8,70.4,9.600000000000009,11.259301208333328,117.2843875868054,26.08333396911621,95.57999,31.79,135.76703124999997,-25.899989999999992,-25.89999,29.70440251572327,31.0,117.2843875868054,122.0483841482892,0,0,87.91051519445443,87.91051519445443,91.48136891780001
1443,2020-08-19T14:30:12,2020-08-19T14:57:22,164,70.4,80.0,9.599999999999994,11.726939916666662,122.15562413194446,27.16666603088379,108.7,36.16,135.875,-25.899989999999995,-25.89999,30.0,31.0,122.15562413194446,122.21440287578407,0,0,91.5617506498153,91.5617506498153,91.60580825850255
1444,2020-08-19T14:57:33,2020-08-19T15:28:43,188,80.0,90.8,10.799999999999997,13.453605916666662,124.57042515432099,31.16666603088379,123.39,41.04,135.89207048458152,-25.899989999999995,-25.89999,30.29255319148936,31.0,124.57042515432099,122.21440287578407,0,0,93.37176480717359,93.37176480717359,91.60580825850255
1445,2020-08-19T15:28:54,2020-08-19T15:49:24,124,90.8,97.6,6.799999999999997,8.849163249999995,130.13475367647055,20.5,132.68,44.13,135.94262295081967,-25.899989999999995,-25.89999,30.5,31.0,130.13475367647055,122.32487222515576,0,0,97.54250736855093,97.54250736855093,91.68861056165883
1449,2020-08-20T01:06:09,2020-08-20T01:31:19,152,56.8,81.6,24.799999999999997,29.507363375000008,118.98130393145166,25.16666603088379,110.84,36.87,135.83333333333334,-70.34868960526316,-70.30002,32.63486842105263,34.0,118.98130393145166,122.21440287578407,0,0,89.18243887644778,89.18243887644778,91.60580825850255
1451,2020-08-20T20:34:35,2020-08-20T21:01:05,160,31.2,57.6,26.400000000000002,30.889164527777776,117.00441109006732,26.5,78.27,26.04,135.88541666666666,-69.93749525,-69.80002,32.925,36.0,117.00441109006732,121.98960540444959,0,0,87.7006588054072,87.7006588054072,91.43731130911277
1452,2020-08-20T21:01:16,2020-08-20T21:31:56,185,57.6,87.6,29.999999999999993,35.76847129166667,119.22823763888893,30.66666603088379,119.12,39.62,135.98173515981736,-69.98161978378378,-69.89999,35.35945945945946,37.0,119.22823763888893,121.76644572029997,0,0,89.36752804207623,89.36752804207623,91.27004196314202
1453,2020-08-20T21:32:07,2020-08-20T21:49:37,106,87.6,97.6,10.0,12.868336930555557,128.68336930555557,17.5,132.66,44.13,135.922131147541,-44.23774811320755,-43.20001,36.0,37.0,128.68336930555557,121.98960540444959,0,0,96.45462218265712,96.45462218265712,91.43731130911277
1454,2020-08-21T04:01:03,2020-08-21T04:22:03,127,53.6,74.0,20.4,24.59917308333333,120.58418178104574,21.0,100.52,33.44,135.83783783783784,-70.28348291338587,-70.20001,35.153543307086615,37.0,120.58418178104574,121.76644572029997,0,0,90.38387600248727,90.38387600248727,91.27004196314202
1455,2020-08-21T04:22:14,2020-08-21T04:46:34,147,74.0,94.0,20.0,24.08444825,120.42224125,24.33333396911621,127.71,42.48,135.86170212765958,-59.369397142857146,-43.5,36.0,37.0,120.42224125,121.6726568230371,0,0,90.2624934740194,90.2624934740194,91.19974249321643
1457,2020-08-21T16:23:08,2020-08-21T16:48:28,153,2.8,28.4,25.599999999999998,30.151665,117.77994140625,25.33333396911621,38.52,12.81,135.63380281690144,-71.4117608496732,-71.20001,40.326797385620914,42.0,117.77994140625,121.57034253277828,0,0,88.28195757029249,88.28195757029249,91.12305281479055
1458,2020-08-21T16:48:39,2020-08-21T17:23:19,209,28.4,62.4,34.0,40.49999556944445,119.11763402777778,34.66666793823242,84.75999,28.19,135.8333173076923,-70.09137995215312,-66.80002,42.68421052631579,45.0,119.11763402777778,121.49074168314365,0,0,89.28462510303031,89.28462510303031,91.0633879962646
1459,2020-08-21T17:23:30,2020-08-21T17:50:00,160,62.4,86.4,24.000000000000007,29.006527555555557,120.86053148148144,26.5,117.37,39.04,135.8449074074074,-65.6124995625,-44.5,44.984375,46.0,120.86053148148144,121.45231734157989,0,0,90.5910139262894,90.5910139262894,91.03458703023338
1460,2020-08-22T00:59:38,2020-08-22T01:25:58,159,15.2,34.4,19.2,22.912365736111113,119.33523820891205,26.33333396911621,46.58,15.49,135.40697674418604,-52.205670943396214,-52.20001,36.73270440251572,39.0,119.33523820891205,121.41703461004273,0,0,89.44773032159848,89.44773032159848,91.00814085806402
1461,2020-08-22T01:26:09,2020-08-22T01:44:29,111,34.4,48.0,13.600000000000001,15.950003055555555,117.27943423202613,18.33333396911621,65.09,21.65,135.60416666666669,-52.200009999999985,-52.20001,38.0945945945946,40.0,117.27943423202613,121.13338660078344,0,0,87.90680240727495,87.90680240727495,90.79553248672892
1463,2020-08-22T01:59:50,2020-08-22T02:32:50,199,48.8,73.2,24.400000000000006,28.7100055,117.6639569672131,33.0,99.39,33.06,135.77868852459017,-52.20001,-52.20001,39.53517587939699,41.0,117.6639569672131,120.84695555555561,0,0,88.19502143156109,88.19502143156109,90.58083809072478
1464,2020-08-22T02:33:01,2020-08-22T02:55:41,137,73.2,89.6,16.39999999999999,19.72000377777778,120.24392547425481,22.66666603088379,121.81,40.52,135.94866071428572,-52.20001000000001,-52.20001,40.01459854014598,42.0,120.24392547425481,120.84695555555561,0,0,90.12883688054093,90.12883688054093,90.58083809072478
1472,2020-08-22T17:18:37,2020-08-22T17:42:27,144,7.2,30.4,23.2,27.841391472222224,120.0059977250958,23.83333396911621,41.15,13.69,135.36184210526315,-70.09097875,-69.89999,38.045138888888886,39.0,120.0059977250958,120.84695555555561,0,0,89.95049813113027,89.95049813113027,90.58083809072478
1473,2020-08-22T17:42:38,2020-08-22T18:10:58,171,30.8,58.8,27.999999999999996,33.07472379166667,118.1240135416667,28.33333396911621,79.83,26.55,135.76530612244898,-70.04093900584796,-69.80002,40.260233918128655,43.0,118.1240135416667,120.77781430976441,0,0,88.53985684666593,88.53985684666593,90.5290132684807
1474,2020-08-22T18:11:09,2020-08-22T18:39:59,174,58.8,86.8,28.0,33.660835999999996,120.21727142857141,28.83333396911621,117.97,39.24,135.91013824884791,-70.0459825862069,-69.80002,42.617816091954026,44.0,120.21727142857141,120.65321538547238,0,0,90.10885834003561,90.10885834003561,90.43562014214426
1475,2020-08-22T18:40:10,2020-08-22T18:58:30,111,86.8,97.6,10.799999999999997,14.060002055555554,130.185204218107,18.33333396911621,132.6,44.1,135.86065573770492,-46.11081756756757,-43.0,43.0,44.0,130.185204218107,120.65321538547238,0,0,97.58032257310079,97.58032257310079,90.43562014214426
1476,2020-08-23T06:15:43,2020-08-23T06:40:13,148,30.4,54.8,24.4,28.678477652777776,117.53474447859745,24.5,74.42,24.76,135.8029197080292,-70.23312141891891,-70.20001,34.0,37.0,117.53474447859745,120.65321538547238,0,0,88.09817020798837,88.09817020798837,90.43562014214426
1477,2020-08-23T06:40:24,2020-08-23T07:11:34,188,54.8,85.2,30.400000000000006,36.50667602777778,120.08775009137425,31.16666603088379,115.81,38.52,135.92723004694835,-70.28033718085106,-70.20001,36.57446808510638,38.0,120.08775009137425,120.53955319919636,0,0,90.0117756190021,90.0117756190021,90.35042464801886
1478,2020-08-23T07:11:45,2020-08-23T07:31:25,119,85.6,97.6,12.0,15.408750513888892,128.40625428240745,19.66666603088379,132.7,44.14,135.96311475409834,-47.09243857142856,-43.39999,37.273109243697476,39.0,128.40625428240745,120.53955319919636,0,0,96.24691061119971,96.24691061119971,90.35042464801886
1479,2020-08-23T11:38:04,2020-08-23T12:04:24,159,70.0,92.8,22.799999999999997,27.420974638888886,120.26743262670566,26.33333396911621,126.11,41.95,135.89439655172416,-62.444030628930804,-43.70001,37.257861635220124,38.0,120.26743262670566,120.49468147534017,0,0,90.14645666715728,90.14645666715728,90.3167910464541
1481,2020-08-23T17:37:28,2020-08-23T18:58:43,610,45.2,97.6,52.39999999999999,63.27594482222223,120.7556198897371,81.25,132.63,44.12,135.89139344262296,-46.725738,-45.20001,40.90655737704918,42.0,120.7556198897371,120.49468147534017,0,0,90.51237744048018,90.51237744048018,90.3167910464541
1482,2020-08-24T02:30:40,2020-08-24T04:06:36,720,16.8,94.8,78.0,93.3821043986111,119.72064666488603,95.93333435058594,128.81,42.85,135.87552742616035,-58.396810027777775,-43.10001,38.98888888888889,42.0,119.72064666488603,120.49468147534017,0,0,89.73661323791926,89.73661323791926,90.3167910464541
1483,2020-08-24T15:17:13,2020-08-24T15:49:13,193,22.4,33.6,11.200000000000003,13.813327999999995,123.33328571428564,32.0,45.52,15.14,135.47619047619048,-25.89999,-25.89999,38.373056994818654,39.0,123.33328571428564,120.49468147534017,0,0,92.44446691374858,92.44446691374858,90.3167910464541
1485,2020-08-24T15:53:46,2020-08-24T16:12:04,111,35.6,42.0,6.399999999999999,7.899496949999995,123.42963984374995,18.299999237060547,56.96,18.94,135.61904761904762,-25.899989999999992,-25.89999,38.66216216216216,40.0,123.42963984374995,120.53931005718954,0,0,92.51668915352498,92.51668915352498,90.35024240092251
1486,2020-08-24T16:12:15,2020-08-24T16:41:05,174,42.0,53.2,11.200000000000003,12.446384083333328,111.12842931547611,28.83333396911621,72.16,24.0,135.6390977443609,-25.899989999999992,-25.89999,39.42816091954023,40.0,111.12842931547611,120.45833979166667,0,0,83.29631654207554,83.29631654207554,90.28955113668857
1487,2020-08-24T16:41:16,2020-08-24T17:15:06,204,53.2,65.6,12.399999999999991,14.604716583333328,117.7799724462366,33.83333206176758,89.03,29.61,135.71646341463418,-25.899989999999995,-25.89999,39.68382352941177,41.0,117.7799724462366,120.38246072002923,0,0,88.2819808363151,88.2819808363151,90.23267597693905
1488,2020-08-24T17:15:17,2020-08-24T17:46:07,186,65.6,76.8,11.200000000000003,13.309717083333327,118.83675967261895,30.83333396911621,104.36,34.71,135.88541666666666,-25.899989999999995,-25.89999,39.05913978494624,40.0,118.83675967261895,120.38246072002923,0,0,89.07409572418482,89.07409572418482,90.23267597693905
1489,2020-08-24T17:46:18,2020-08-24T18:20:28,206,76.8,88.4,11.600000000000009,14.74860541666666,127.143150143678,34.16666793823242,120.11,39.96,135.8710407239819,-25.899989999999995,-25.89999,39.0,40.0,127.143150143678,120.38246072002923,0,0,95.3001508773198,95.3001508773198,90.23267597693905
1492,2020-08-25T08:16:20,2020-08-25T08:43:00,161,29.2,55.6,26.400000000000002,31.105556416666673,117.8240773358586,26.66666603088379,75.43999,25.09,135.68343525179853,-69.98757956521739,-69.70001,34.20807453416149,37.0,117.8240773358586,120.30505640838206,0,0,88.31503965726341,88.31503965726341,90.174657573508
1493,2020-08-25T08:43:11,2020-08-25T09:11:01,168,55.6,83.2,27.6,32.45291781944445,117.58303557769727,27.83333396911621,113.0,37.59,135.81730769230768,-69.95833577380952,-69.70001,36.964285714285715,39.0,117.58303557769727,120.25567905048024,0,0,88.13436680233926,88.13436680233926,90.1376467738491
1498,2020-08-25T15:55:10,2020-08-25T16:22:50,167,56.8,85.2,28.400000000000006,34.17055823611111,120.31886702856025,27.66666603088379,115.78,38.51,135.89201877934272,-74.10479622754491,-73.80002,41.89221556886228,43.0,120.31886702856025,120.29314982763296,0,0,90.18500932415444,90.18500932415444,90.16573299565586
1500,2020-08-26T00:44:04,2020-08-26T01:10:24,159,12.8,38.8,25.999999999999996,30.70805633333334,118.10790897435902,26.33333396911621,52.6,17.5,135.56701030927837,-69.96792628930817,-69.70001,38.465408805031444,41.0,118.10790897435902,120.25567905048024,0,0,88.52778566790008,88.52778566790008,90.1376467738491
1501,2020-08-26T01:10:35,2020-08-26T01:34:06,143,38.8,62.4,23.6,27.42109791527778,116.19109286134652,23.516666412353516,84.71,28.18,135.7532051282051,-69.9608409090909,-69.70001,41.03496503496503,43.0,116.19109286134652,120.2305984514131,0,0,87.09103610988032,87.09103610988032,90.11884761028827
1502,2020-08-26T01:34:17,2020-08-26T01:59:27,152,62.4,86.8,24.4,29.347639847222222,120.27721248861566,25.16666603088379,117.96,39.24,135.89861751152074,-69.96842335526316,-69.70001,42.51973684210526,44.0,120.27721248861566,120.2305984514131,0,0,90.15378716285862,90.15378716285862,90.11884761028827
1503,2020-08-26T01:59:38,2020-08-26T02:17:48,110,86.8,98.0,11.200000000000003,13.785141291666665,123.0816186755952,18.16666603088379,133.18,44.3,135.8979591836735,-45.431826090909084,0.0,42.64090909090909,44.0,123.0816186755952,120.2305984514131,0,0,92.25582987957928,92.25582987957928,90.11884761028827
1505,2020-08-26T15:04:21,2020-08-26T15:30:11,156,35.6,61.6,26.0,30.161393194444447,116.00535844017095,25.83333396911621,83.75,27.85,135.9577922077922,-70.04167666666669,-66.10001,42.56730769230769,45.0,116.00535844017095,120.2305984514131,0,0,86.95181887056275,86.95181887056275,90.11884761028827
1506,2020-08-26T15:30:22,2020-08-26T15:57:42,165,61.6,86.0,24.4,29.419865986111116,120.57322125455376,27.33333396911621,116.89,38.88,135.91860465116278,-64.5218289090909,-43.80002,44.012121212121215,45.0,120.57322125455376,120.2305984514131,0,0,90.37566053962355,90.37566053962355,90.11884761028827
1508,2020-08-26T20:04:58,2020-08-26T20:25:28,124,64.4,84.0,19.599999999999994,23.911250680555565,121.99617694161006,20.5,114.26,38.01,136.02380952380955,-69.98467943548388,-69.80002,37.475806451612904,40.0,121.99617694161006,120.2305984514131,0,0,91.44223700493028,91.44223700493028,90.11884761028827
1509,2020-08-26T20:25:39,2020-08-26T20:46:19,125,84.4,97.6,13.199999999999989,16.71403025,126.6214412878789,20.66666603088379,132.68,44.13,135.94262295081967,-48.589607199999996,-42.89999,38.0,40.0,126.6214412878789,120.2305984514131,0,0,94.90910399342944,94.90910399342944,90.11884761028827
1512,2020-08-27T14:42:48,2020-08-27T15:13:48,187,46.4,76.8,30.4,36.14180573611112,118.88751886878657,31.0,104.31,34.7,135.8203125,-69.95133727272727,-69.60001,38.45454545454545,40.0,118.88751886878657,120.15251075997283,0,0,89.11214228074505,89.11214228074505,90.06031697951886
1514,2020-08-27T20:35:46,2020-08-27T23:49:46,1455,38.0,97.6,59.599999999999994,72.77811566666666,122.11093232662192,194.0,132.61,44.11,135.87090163934428,-22.505233367697596,-13.20001,38.93298969072165,41.0,122.11093232662192,120.15251075997283,0,0,91.52825190619124,91.52825190619124,90.06031697951886
1516,2020-08-28T04:23:18,2020-08-28T04:57:28,206,57.2,89.6,32.39999999999999,38.74055859722222,119.56962530006861,34.16666793823242,121.79,40.51,135.9263392857143,-67.97718975728155,-43.30002,37.87621359223301,40.0,119.56962530006861,120.04687390823503,0,0,89.62341517072858,89.62341517072858,89.98113687506618
1518,2020-08-28T12:51:18,2020-08-28T13:52:57,463,30.8,82.8,52.0,61.608278805555564,118.477459241453,61.650001525878906,112.5,37.42,135.8695652173913,-59.95939624190065,-59.70001,39.25053995680346,42.0,118.477459241453,119.86332219499091,0,0,88.8047820784107,88.8047820784107,89.84355568452477
1519,2020-08-28T17:30:23,2020-08-28T18:01:53,190,53.2,84.0,30.799999999999997,36.94319423611111,119.94543583152958,31.5,114.22,38.0,135.97619047619048,-70.36789436842105,-70.30002,42.12894736842105,44.0,119.94543583152958,119.97571677831269,0,0,89.90510396252776,89.90510396252776,89.92780104682902
1521,2020-08-29T09:45:20,2020-08-29T10:10:40,153,46.0,70.4,24.400000000000006,29.589863708333336,121.2699332308743,25.33333396911621,95.6,31.8,135.79545454545453,-70.08105189542484,-69.80002,35.8562091503268,37.0,121.2699332308743,120.04687390823503,0,0,90.89788101619939,90.89788101619939,89.98113687506618
1522,2020-08-29T10:10:51,2020-08-29T10:40:41,180,70.8,94.8,24.0,29.47903088888889,122.82929537037037,29.83333396911621,128.91,42.88,135.98101265822785,-59.27278405555556,-43.0,37.31666666666667,38.0,122.82929537037037,120.15251075997283,0,0,92.06670094081525,92.06670094081525,90.06031697951886
1525,2020-08-29T15:34:02,2020-08-29T15:59:57,157,67.6,87.2,19.60000000000001,24.03215532638889,122.61303737953509,25.91666603088379,118.6,39.45,136.00917431192659,-55.6401333121019,-54.20001,38.87579617834395,40.0,122.61303737953509,120.15251075997283,0,0,91.90460475921411,91.90460475921411,90.06031697951886
1527,2020-08-30T00:25:02,2020-08-30T00:53:42,173,25.6,54.4,28.799999999999997,33.87416341666667,117.61862297453705,28.66666603088379,73.76,24.53,135.58823529411765,-70.89941514450868,-70.80002,38.25722543352601,41.0,117.61862297453705,120.04687390823503,0,0,88.16104133639264,88.16104133639264,89.98113687506618
1528,2020-08-30T00:53:53,2020-08-30T01:22:53,175,54.4,82.8,28.4,34.29319209722222,120.7506763986698,29.0,112.65,37.47,136.05072463768118,-70.95142371428571,-70.89999,41.01714285714286,43.0,120.7506763986698,120.04687390823503,0,0,90.50867204664618,90.50867204664618,89.98113687506618
1531,2020-08-30T14:52:51,2020-08-30T15:22:11,177,35.2,64.4,29.200000000000003,34.35223033333334,117.64462442922374,29.33333396911621,87.43999,29.08,135.77638198757762,-70.26611830508475,-70.20001,41.25423728813559,44.0,117.64462442922374,120.04687390823503,0,0,88.18053072730258,88.18053072730258,89.98113687506618
1532,2020-08-30T15:22:22,2020-08-30T15:45:12,138,64.4,86.4,22.0,26.51236720833334,120.51076003787882,22.83333396911621,117.39,39.04,135.86805555555554,-69.67175514492753,-43.5,43.14855072463768,45.0,120.51076003787882,120.15251075997283,0,0,90.32884273334477,90.32884273334477,90.06031697951886
1533,2020-08-30T15:45:23,2020-08-30T16:03:53,112,86.4,97.6,11.199999999999989,14.347083375000002,128.0989587053573,18.5,132.61,44.11,135.87090163934428,-46.503571517857154,-43.30002,43.5625,45.0,128.0989587053573,120.2305984514131,0,0,96.01657720492717,96.01657720492717,90.11884761028827
1535,2020-08-31T00:24:28,2020-08-31T00:55:58,190,10.0,41.2,31.200000000000003,37.39611809722222,119.85935287571222,31.5,55.98,18.62,135.87378640776697,-71.23053963157895,-71.10001,39.007894736842104,41.0,119.85935287571222,120.15251075997283,0,0,89.84058048117552,89.84058048117552,90.06031697951886
1536,2020-08-31T00:56:09,2020-08-31T01:26:19,182,41.6,71.6,29.999999999999993,35.81722919444445,119.39076398148153,30.16666603088379,97.28,32.36,135.8659217877095,-71.23902489010989,-71.20001,41.77197802197802,44.0,119.39076398148153,120.04687390823503,0,0,89.48934966560145,89.48934966560145,89.98113687506618
1537,2020-08-31T01:26:30,2020-08-31T01:48:10,131,71.6,91.2,19.60000000000001,23.67556108333333,120.79367899659857,21.66666603088379,124.01,41.25,135.97587719298247,-65.5030687022901,-44.20001,43.0,44.0,120.79367899659857,120.04687390823503,0,0,90.54090464483255,90.54090464483255,89.98113687506618
1539,2020-08-31T19:26:32,2020-08-31T20:01:42,212,26.0,50.8,24.799999999999997,29.12445030555556,117.43729961917566,35.16666793823242,68.96,22.94,135.74803149606296,-49.69104773584906,-49.60001,38.429245283018865,40.0,117.43729961917566,120.04687390823503,0,0,88.0251304115493,88.0251304115493,89.98113687506618
1540,2020-08-31T20:01:53,2020-08-31T20:36:53,211,50.8,75.2,24.400000000000006,28.983339166666674,118.78417691256831,35.0,102.15,33.98,135.8377659574468,-49.68579199052134,-49.60001,39.96208530805687,41.0,118.78417691256831,120.04687390823503,0,0,89.03468231527755,89.03468231527755,89.98113687506618
1543,2020-08-31T22:34:23,2020-08-31T23:07:03,197,71.2,90.0,18.799999999999997,22.69569751388889,120.72179528664306,32.66666793823242,122.34,40.7,135.93333333333334,-41.68630010152285,-40.80002,39.83756345177665,42.0,120.72179528664306,120.04687390823503,0,0,90.48702420851615,90.48702420851615,89.98113687506618
1546,2020-09-01T20:01:31,2020-09-01T20:29:11,167,16.0,35.2,19.200000000000003,22.86861533333333,119.10737152777774,27.66666603088379,47.65,15.85,135.36931818181816,-49.59461994011976,-49.5,37.374251497005986,39.0,119.10737152777774,120.04687390823503,0,0,89.27693284593839,89.27693284593839,89.98113687506618
1547,2020-09-01T20:29:22,2020-09-01T20:57:52,172,35.2,55.2,20.0,23.53458538888889,117.67292694444444,28.5,74.92,24.92,135.7246376811594,-49.54709738372093,-49.5,38.93604651162791,41.0,117.67292694444444,120.04687390823503,0,0,88.20174487818441,88.20174487818441,89.98113687506618
1548,2020-09-01T20:58:03,2020-09-01T21:28:33,184,55.2,76.0,20.799999999999997,25.163194513888893,120.97689670138892,30.5,103.23,34.34,135.82894736842107,-49.501630597826086,-49.5,40.0,41.0,120.97689670138892,120.15251075997283,0,0,90.67823547933041,90.67823547933041,90.06031697951886
1549,2020-09-01T21:28:44,2020-09-01T21:58:04,177,76.4,94.8,18.39999999999999,23.266533138888892,126.44854966787447,29.33333396911621,128.89,42.88,135.95991561181432,-47.58249683615819,-42.70001,40.48587570621469,42.0,126.44854966787447,120.15251075997283,0,0,94.77951307600111,94.77951307600111,90.06031697951886
1552,2020-09-02T06:28:52,2020-09-02T06:59:22,184,61.6,90.4,28.800000000000004,34.54375391666667,119.94358998842591,30.5,122.86,40.87,135.9070796460177,-67.89348597826087,-43.20001,35.692934782608695,37.0,119.94358998842591,120.15251075997283,0,0,89.9037204107904,89.9037204107904,90.06031697951886
1554,2020-09-02T13:19:19,2020-09-02T13:51:21,241,54.8,86.0,31.200000000000003,37.31148784861111,119.58810207888173,32.03333282470703,116.84,38.87,135.86046511627907,-69.88631033195023,-69.60001,38.14107883817427,40.0,119.58810207888173,120.15251075997283,0,0,89.63726444067845,89.63726444067845,90.06031697951886
1556,2020-09-02T19:58:50,2020-09-02T20:30:30,191,55.6,86.4,30.800000000000004,36.96236340277778,120.00767338564214,31.66666603088379,117.49,39.08,135.98379629629628,-70.03351214659685,-69.80002,41.51570680628272,43.0,120.00767338564214,120.04771173850818,0,0,89.9517541225282,89.9517541225282,89.98176487076515
1557,2020-09-02T20:30:41,2020-09-02T20:49:11,112,86.8,98.0,11.200000000000003,14.32389136111111,127.89188715277774,18.5,133.17,44.3,135.8877551020408,-46.352686607142864,0.0,42.0,43.0,127.89188715277774,120.04771173850818,0,0,95.86136671831478,95.86136671831478,89.98176487076515
1558,2020-09-03T02:50:27,2020-09-03T03:24:54,208,41.6,75.2,33.6,40.45628980972222,120.40562443369708,34.45000076293945,102.25,34.01,135.97074468085106,-70.46057375,-70.30002,39.71875,42.0,120.40562443369708,120.17759135903995,0,0,90.25003833900834,90.25003833900834,90.07911614307969
1559,2020-09-03T03:25:05,2020-09-03T03:55:05,181,75.6,98.0,22.400000000000006,27.82208623611111,124.205742125496,30.0,133.17,44.3,135.8877551020408,-55.65193950276244,-43.5,41.00828729281768,43.0,124.205742125496,120.27232255766066,0,0,93.09841663521038,93.09841663521038,90.15012191500796
1561,2020-09-03T13:55:56,2020-09-03T14:29:56,205,30.4,64.0,33.6,39.434869888888905,117.36568419312174,34.0,86.86,28.89,135.71875,-69.59074712195121,-67.20001,43.47317073170732,46.0,117.36568419312174,120.1375530061739,0,0,87.97145106743702,87.97145106743702,90.04910539484274
1562,2020-09-03T14:30:07,2020-09-03T14:58:17,170,64.0,88.4,24.400000000000006,29.35389498611112,120.30284830373407,28.16666603088379,120.13,39.96,135.89366515837102,-62.49060123529412,-44.60001,45.78235294117647,47.0,120.30284830373407,120.14244293712889,0,0,90.17300248862242,90.17300248862242,90.05277064269342
1564,2020-09-04T00:55:46,2020-09-04T01:18:26,137,13.2,35.6,22.400000000000002,26.45277861111111,118.092761656746,22.66666603088379,48.33,16.07,135.75842696629212,-70.0219,-69.89999,39.14963503649635,41.0,118.092761656746,119.97655460858586,0,0,88.51643199566311,88.51643199566311,89.92842904252798
1565,2020-09-04T01:18:37,2020-09-04T01:37:14,113,35.6,54.0,18.4,21.720000055555555,118.04347856280194,18.616666793823242,73.48,24.44,136.07407407407408,-70.00177008849558,-69.89999,41.11946902654867,43.0,118.04347856280194,119.97655460858586,0,0,88.47949185155576,88.47949185155576,89.92842904252798
1566,2020-09-04T01:37:25,2020-09-04T02:09:05,191,54.4,84.4,30.000000000000007,35.94736077777778,119.82453592592591,31.66666603088379,114.73,38.16,135.93601895734596,-68.10889989528795,-65.39999,43.18848167539267,45.0,119.82453592592591,119.94451290997775,0,0,89.81448343572737,89.81448343572737,89.90441218665907
1574,2020-09-04T02:27:23,2020-09-04T02:47:03,119,88.4,97.6,9.199999999999989,10.913893624999998,118.62927853260882,19.66666603088379,132.63,44.12,135.89139344262296,-33.25211529411766,-12.70001,43.26890756302521,45.0,118.62927853260882,119.90147143206906,0,0,88.91857823130519,88.91857823130519,89.87215044598295
1576,2020-09-04T16:44:12,2020-09-04T17:13:22,176,40.8,70.0,29.200000000000003,34.018332388888886,116.50113831811261,29.16666603088379,95.25,31.68,136.07142857142858,-69.98067988636363,-69.89999,40.73863636363637,43.0,116.50113831811261,119.90147143206906,0,0,87.32343068855205,87.32343068855205,89.87215044598295
1577,2020-09-04T17:13:33,2020-09-04T17:40:13,161,70.0,92.8,22.799999999999997,27.709722236111112,121.5338694566277,26.66666603088379,126.11,41.95,135.89439655172416,-62.31118018633541,-43.10001,42.090062111801245,44.0,121.5338694566277,119.94451290997775,0,0,91.09571441979105,91.09571441979105,89.90441218665907
1579,2020-09-05T03:03:52,2020-09-05T03:36:09,243,28.8,60.8,31.999999999999996,37.674126468055555,117.73164521267363,32.28333282470703,82.62,27.48,135.88815789473685,-70.01893275720164,-69.80002,35.10082304526749,38.0,117.73164521267363,119.94451290997775,0,0,88.24575715737659,88.24575715737659,89.90441218665907
1580,2020-09-05T03:36:20,2020-09-05T04:21:25,339,60.8,98.0,37.2,45.01118427916667,120.99780720206093,45.08333206176758,133.18,44.3,135.8979591836735,-59.827143598820065,0.0,37.71828908554572,39.0,120.99780720206093,119.94451290997775,0,0,90.69390894555104,90.69390894555104,89.90441218665907
1581,2020-09-05T07:24:37,2020-09-05T07:59:51,265,70.0,98.0,28.0,33.78823802916667,120.67227867559524,35.233333587646484,133.17,44.3,135.8877551020408,-57.53585233962265,-42.89999,36.41509433962264,38.0,120.67227867559524,119.97655460858586,0,0,90.44990903165875,90.44990903165875,89.92842904252798
1582,2020-09-05T20:14:07,2020-09-05T20:33:57,120,16.0,35.6,19.6,23.267081347222213,118.70959871031741,19.83333396911621,48.24,16.04,135.5056179775281,-70.38749408333335,-70.30002,35.50833333333333,37.0,118.70959871031741,119.97655460858586,0,0,88.9787822222042,88.9787822222042,89.92842904252798
1585,2020-09-05T21:02:39,2020-09-05T21:35:39,199,61.2,91.2,30.0,36.28680293055556,120.95600976851854,33.0,123.99,41.24,135.95394736842104,-65.93064849246231,-43.39999,39.721105527638194,41.0,120.95600976851854,119.97655460858586,0,0,90.66257967835597,90.66257967835597,89.92842904252798
1588,2020-09-06T02:52:01,2020-09-06T03:24:41,197,66.0,93.6,27.599999999999994,34.01583618055555,123.24578326288245,32.66666793823242,127.18,42.31,135.8760683760684,-62.44822857868021,-43.0,36.95939086294416,39.0,123.24578326288245,120.14244293712889,0,0,92.37887944945,92.37887944945,90.05277064269342
1590,2020-09-07T08:26:19,2020-09-07T08:47:29,128,19.6,40.4,20.799999999999997,24.554586097222224,118.05089469818378,21.16666603088379,54.89,18.26,135.86633663366337,-69.60235164062502,-69.30002,32.3359375,34.0,118.05089469818378,120.14244293712889,0,0,88.48505061598796,88.48505061598796,90.05277064269342
1591,2020-09-07T08:47:40,2020-09-07T09:15:00,165,40.4,67.6,27.199999999999996,31.741393444444448,116.69629942810461,27.33333396911621,91.89,30.56,135.9319526627219,-69.67637363636364,-69.60001,35.30909090909091,37.0,116.69629942810461,119.97655460858586,0,0,87.46971370267121,87.46971370267121,89.92842904252798
1592,2020-09-07T09:15:11,2020-09-07T09:45:51,185,68.0,93.6,25.599999999999994,31.34014381944445,122.42243679470491,30.66666603088379,127.21,42.32,135.90811965811966,-61.290279945945954,-42.70001,37.127027027027026,38.0,122.42243679470491,119.97655460858586,0,0,91.76174008682638,91.76174008682638,89.92842904252798
1594,2020-09-07T18:21:56,2020-09-07T18:43:16,129,51.2,72.0,20.799999999999997,25.024027902777785,120.30782645566245,21.33333396911621,97.87,32.55,135.93055555555557,-70.37984534883721,-70.20001,36.14728682170543,38.0,120.30782645566245,120.1552608446881,0,0,90.17673386250556,90.17673386250556,90.06237830557531
1595,2020-09-07T18:43:27,2020-09-07T19:09:57,160,72.0,94.0,22.0,26.749722027777775,121.58964558080807,26.5,127.76,42.5,135.91489361702128,-60.5431245625,-43.5,37.1875,38.0,121.58964558080807,120.1552608446881,0,0,91.13752141484926,91.13752141484926,90.06237830557531
1596,2020-09-08T03:10:23,2020-09-08T03:34:23,145,21.6,45.2,23.6,27.982776055555558,118.57108498116762,24.0,61.3,20.39,135.61946902654867,-69.95723710344828,-69.89999,34.351724137931036,37.0,118.57108498116762,119.97655460858586,0,0,88.87495925359254,88.87495925359254,89.92842904252798
1597,2020-09-08T03:34:34,2020-09-08T04:05:14,185,45.2,75.6,30.39999999999999,35.754164305555555,117.61238258406435,30.66666603088379,102.65,34.14,135.78042328042332,-69.95404945945945,-69.89999,37.321621621621624,39.0,117.61238258406435,119.94451290997775,0,0,88.15636385158194,88.15636385158194,89.90441218665907
1598,2020-09-08T04:05:25,2020-09-08T04:32:15,162,75.6,96.0,20.400000000000006,25.30083494444445,124.02370070806099,26.83333396911621,130.51,43.41,135.94791666666666,-56.572843086419745,-43.10001,38.660493827160494,40.0,124.02370070806099,119.97655460858586,0,0,92.96196748692458,92.96196748692458,89.92842904252798
1601,2020-09-08T18:49:33,2020-09-08T19:18:03,172,6.4,34.4,28.0,33.46305438888889,119.51090853174603,28.5,46.67,15.52,135.6686046511628,-70.44825343023255,-70.30002,33.729651162790695,36.0,119.51090853174603,119.94451290997775,0,0,89.57940401579143,89.57940401579143,89.90441218665907
1602,2020-09-08T19:18:14,2020-09-08T19:54:04,216,34.4,69.6,35.199999999999996,42.06846865277777,119.51269503630049,35.83333206176758,94.68,31.5,136.0344827586207,-70.44027180555555,-70.39999,36.719907407407405,39.0,119.51269503630049,119.94451290997775,0,0,89.58074309031797,89.58074309031797,89.90441218665907
1603,2020-09-08T19:54:15,2020-09-08T20:21:55,167,70.0,93.2,23.200000000000003,28.555137319444448,123.08248844588122,27.66666603088379,126.72,42.15,135.9656652360515,-61.897002574850305,-43.5,38.709580838323355,40.0,123.08248844588122,119.97655460858586,0,0,92.25648181591555,92.25648181591555,89.92842904252798
1606,2020-09-09T02:47:45,2020-09-09T03:13:25,155,35.2,60.8,25.599999999999994,29.91097465277778,116.83974473741323,25.66666603088379,82.64,27.49,135.92105263157896,-69.92258632258064,-69.70001,35.92580645161291,38.0,116.83974473741323,119.97563168703402,0,0,87.57723313729517,87.57723313729517,89.9277372666593
1607,2020-09-09T03:13:36,2020-09-09T03:35:17,132,60.8,82.0,21.200000000000003,25.25473910138889,119.12612783674003,21.683332443237305,111.44,37.07,135.90243902439025,-69.8818265909091,-69.60001,37.696969696969695,39.0,119.12612783674003,119.90147143206906,0,0,89.29099163771747,89.29099163771747,89.87215044598295
1608,2020-09-09T03:35:28,2020-09-09T03:57:48,135,82.0,97.2,15.200000000000003,18.90444652777778,124.3713587353801,22.33333396911621,132.1,43.94,135.90534979423867,-50.82963525925926,-42.80002,38.0,39.0,124.3713587353801,119.90147143206906,0,0,93.22255456864926,93.22255456864926,89.87215044598295
1610,2020-09-09T13:16:08,2020-09-09T13:47:58,192,45.2,63.2,18.0,21.326949749999997,118.48305416666666,31.83333396911621,85.79,28.54,135.74367088607596,-40.197405833333335,-40.10001,33.5234375,35.0,118.48305416666666,119.84194440081907,0,0,88.80897575472284,88.80897575472284,89.82753195845144
1611,2020-09-09T13:48:09,2020-09-09T14:23:49,215,63.6,83.2,19.6,23.89667261111111,121.92179903628117,35.66666793823242,113.03,37.6,135.8533653846154,-40.200009999999985,-40.20001,34.406976744186046,36.0,121.92179903628117,119.90147143206906,0,0,91.38648704441906,91.38648704441906,89.87215044598295
1614,2020-09-10T07:41:43,2020-09-10T08:04:43,139,56.8,79.2,22.400000000000006,26.815139361111115,119.71044357638887,23.0,107.74,35.84,136.03535353535352,-69.95323863309352,-69.60001,32.13309352517986,33.0,119.71044357638887,119.84194440081907,0,0,89.72896551272058,89.72896551272058,89.82753195845144
1615,2020-09-10T08:04:54,2020-09-10T08:29:34,149,79.2,96.8,17.599999999999994,21.784168083333334,123.77368229166672,24.66666603088379,131.53,43.75,135.87809917355372,-53.01342630872484,-42.89999,33.38255033557047,34.0,123.77368229166672,119.90147143206906,0,0,92.7745661776322,92.7745661776322,89.87215044598295
1618,2020-09-10T18:38:35,2020-09-10T19:06:35,169,40.8,68.4,27.60000000000001,32.663055194444446,118.34440287842187,28.0,92.97,30.92,135.92105263157893,-69.99230692307692,-69.89999,39.90236686390533,42.0,118.34440287842187,119.84194440081907,0,0,88.70504967868862,88.70504967868862,89.82753195845144
1619,2020-09-10T19:06:46,2020-09-10T19:37:16,184,68.8,94.0,25.200000000000003,30.997779319444444,123.00706079144621,30.5,127.78,42.5,135.93617021276597,-60.955437826086964,-43.10001,41.52173913043478,43.0,123.00706079144621,119.84194440081907,0,0,92.19994501593965,92.19994501593965,89.82753195845144
1624,2020-09-11T03:55:35,2020-09-11T04:23:35,169,66.0,83.6,17.599999999999994,21.046671333333336,119.5833598484849,28.0,113.62,37.79,135.9090909090909,-45.10001,-45.10001,35.73372781065089,37.0,119.5833598484849,119.7674897511574,0,0,89.63370990178427,89.63370990178427,89.77172447422397
1625,2020-09-11T04:23:46,2020-09-11T04:49:06,153,83.6,97.6,14.0,17.329311708333336,123.78079791666667,25.33333396911621,132.65,44.13,135.91188524590166,-40.96472039215687,-13.0,36.0,37.0,123.78079791666667,119.88406295717591,0,0,92.77989969450131,92.77989969450131,89.85910192325889
1627,2020-09-11T18:42:04,2020-09-11T19:11:14,176,28.0,46.4,18.4,21.972227083333333,119.4142776268116,29.16666603088379,62.96,20.94,135.6896551724138,-45.20001000000001,-45.20001,34.85795454545455,37.0,119.4142776268116,119.7674897511574,0,0,89.50697431895556,89.50697431895556,89.77172447422397
1628,2020-09-11T19:11:25,2020-09-11T19:43:55,196,46.8,67.6,20.799999999999997,24.483338750000005,117.70835937500004,32.5,91.82999,30.54,135.8431804733728,-45.20001,-45.20001,36.88775510204081,38.0,117.70835937500004,119.7674897511574,0,0,88.22830325725623,88.22830325725623,89.77172447422397
1629,2020-09-11T19:44:06,2020-09-11T20:10:56,162,67.6,84.4,16.80000000000001,20.21444891666667,120.32410069444437,26.83333396911621,114.7,38.15,135.90047393364927,-45.200010000000006,-45.20001,37.608024691358025,39.0,120.32410069444437,119.88406295717591,0,0,90.18893221852849,90.18893221852849,89.85910192325889
1631,2020-09-12T11:10:04,2020-09-12T11:39:54,180,12.8,42.0,29.2,34.82694658333333,119.27036501141552,29.83333396911621,57.11,18.99,135.97619047619048,-70.04278205555555,-70.0,32.86666666666667,35.0,119.27036501141552,119.7674897511574,0,0,89.3991046150439,89.3991046150439,89.77172447422397
1632,2020-09-12T11:40:05,2020-09-12T12:09:25,177,42.4,71.2,28.800000000000004,34.242363125,118.89709418402775,29.33333396911621,96.81,32.2,135.9691011235955,-70.0412470621469,-70.0,36.17231638418079,38.0,118.89709418402775,119.7674897511574,0,0,89.11931945848643,89.11931945848643,89.77172447422397
1633,2020-09-12T12:09:36,2020-09-12T12:37:46,170,71.6,94.4,22.80000000000001,28.09403302777778,123.21944310428844,28.16666603088379,128.34,42.69,135.95338983050846,-59.826481764705875,-43.20001,37.84411764705882,39.0,123.21944310428844,119.88406295717591,0,0,92.35913618301917,92.35913618301917,89.85910192325889
1635,2020-09-12T21:49:46,2020-09-12T23:29:18,747,18.0,96.0,78.0,93.58659399166666,119.98281280982904,99.53333282470703,130.44,43.39,135.875,-56.410180455153956,-43.0,38.22556894243641,41.0,119.98281280982904,119.88406295717591,0,0,89.93311987740208,89.93311987740208,89.85910192325889
1636,2020-09-13T04:26:57,2020-09-13T04:52:12,154,60.0,75.2,15.200000000000003,18.07975256388889,118.94574055190057,25.25,102.2,33.99,135.90425531914894,-42.96623993506494,-42.20001,34.0,36.0,118.94574055190057,119.7674897511574,0,0,89.15578234455364,89.15578234455364,89.77172447422397
1637,2020-09-13T04:52:23,2020-09-13T05:21:21,175,75.2,91.6,16.39999999999999,19.998947449999996,121.94480152439027,28.96666717529297,124.49,41.41,135.9061135371179,-41.42400622857143,-40.60001,34.0,36.0,121.94480152439027,119.7674897511574,0,0,91.40372855986739,91.40372855986739,89.77172447422397
1638,2020-09-13T16:27:19,2020-09-13T16:44:49,106,41.2,58.4,17.199999999999996,20.544303736111114,119.44362637273906,17.5,77.74,25.86,133.1164383561644,-70.43772962264151,-70.39999,34.70283018867924,37.0,119.44362637273906,119.7674897511574,0,0,89.52897267208576,89.52897267208576,89.77172447422397
1639,2020-09-13T16:45:00,2020-09-13T17:16:50,192,58.4,88.8,30.4,36.89971955555556,121.38065643274857,31.83333396911621,118.24,39.33,133.15315315315314,-69.48541166666666,-44.10001,36.65625,38.0,121.38065643274857,119.7674897511574,0,0,90.98087359450435,90.98087359450435,89.77172447422397
1642,2020-09-14T01:13:15,2020-09-14T01:45:05,192,32.0,63.2,31.200000000000003,37.18111433333333,119.17023824786322,31.83333396911621,84.14,27.99,133.13291139240505,-70.07917270833333,-69.89999,35.567708333333336,38.0,119.17023824786322,119.64690171243689,0,0,89.32405459730712,89.32405459730712,89.68133770725242
1643,2020-09-14T01:45:16,2020-09-14T02:11:06,156,63.2,88.0,24.799999999999997,30.118473347222224,121.44545704525092,25.83333396911621,117.22,38.99,133.20454545454544,-69.86859237179488,-43.70001,37.794871794871796,39.0,121.44545704525092,119.64690171243689,0,0,91.02944489497501,91.02944489497501,89.68133770725242
1647,2020-09-14T11:32:59,2020-09-14T12:01:29,172,26.4,54.4,28.0,33.43235998611111,119.40128566468252,28.5,72.51,24.12,133.29044117647058,-70.38371860465116,-70.20001,35.098837209302324,38.0,119.40128566468252,119.5480274423927,0,0,89.49723619346713,89.49723619346713,89.60722649605111
1648,2020-09-14T12:01:40,2020-09-14T12:29:10,166,54.8,81.6,26.799999999999997,32.289025430555554,120.48143817371478,27.5,108.72,36.16,133.23529411764707,-70.44879006024097,-70.39999,37.8222891566265,39.0,120.48143817371478,119.64690171243689,0,0,90.3068645294409,90.3068645294409,89.68133770725242
1652,2020-09-14T21:26:36,2020-09-14T21:45:36,115,56.0,67.6,11.599999999999994,14.206110736111112,122.4664718630269,19.0,89.99,29.93,133.12130177514794,-44.73739017391304,-16.20001,34.56956521739131,36.0,122.4664718630269,119.64690171243689,0,0,91.7947465732178,91.7947465732178,89.68133770725242
1653,2020-09-14T21:45:47,2020-09-14T22:13:37,168,68.0,85.2,17.200000000000003,20.87194413888889,121.3485124354005,27.83333396911621,113.49,37.75,133.20422535211267,-44.99345172619047,-44.89999,35.0,36.0,121.3485124354005,119.7674897511574,0,0,90.95678006061274,90.95678006061274,89.77172447422397
1657,2020-09-15T13:06:07,2020-09-15T13:40:47,209,56.0,76.4,20.400000000000006,24.799170027777777,121.56455895969493,34.66666793823242,101.7,33.83,133.1151832460733,-42.92153684210527,-41.89999,32.77751196172249,34.0,121.56455895969493,119.90367436787747,0,0,91.11871773746371,91.11871773746371,89.87380165656472
1658,2020-09-15T13:40:58,2020-09-15T14:14:58,205,76.4,95.2,18.799999999999997,23.217642541666663,123.49809862588653,34.0,126.8,42.18,133.19327731092434,-40.97268936585366,-40.0,33.0,34.0,123.49809862588653,120.14531963274575,0,0,92.5680024351223,92.5680024351223,90.05492686995382
1660,2020-09-16T02:59:57,2020-09-16T03:25:57,157,36.4,62.0,25.6,30.497914958333332,119.13248030598957,26.0,82.53,27.45,133.11290322580646,-70.37961394904458,-70.20001,31.24203821656051,33.0,119.13248030598957,120.14531963274575,0,0,89.29575313117772,89.29575313117772,90.05492686995382
1661,2020-09-16T03:26:08,2020-09-16T03:57:18,188,62.0,90.4,28.400000000000006,34.54985761111111,121.65442820813769,31.16666603088379,120.35,40.03,133.13053097345133,-66.46329111702127,-43.89999,33.51063829787234,35.0,121.65442820813769,120.31596357505342,0,0,91.18607923453332,91.18607923453332,90.18283304051702
1664,2020-09-16T15:46:21,2020-09-16T16:12:51,160,24.0,50.0,26.0,31.31166411111112,120.42947735042738,26.5,66.6,22.15,133.2,-70.8943691875,-70.80002,37.628125,40.0,120.42947735042738,120.31596357505342,0,0,90.26791729324766,90.26791729324766,90.18283304051702
1665,2020-09-16T16:13:02,2020-09-16T16:41:02,169,50.0,78.0,28.0,33.09319120833333,118.18996860119046,28.0,103.82,34.53,133.1025641025641,-70.91419426035503,-70.80002,40.47041420118343,42.0,118.18996860119046,120.31596357505342,0,0,88.5892934629259,88.5892934629259,90.18283304051702
1668,2020-09-16T18:58:28,2020-09-16T19:14:58,100,74.0,84.0,10.0,12.400558111111115,124.00558111111114,16.5,111.9,37.22,133.21428571428572,-45.09300929999999,-45.0,40.0,41.0,124.00558111111114,120.31596357505342,0,0,92.94838594264787,92.94838594264787,90.18283304051702
1671,2020-09-17T02:02:07,2020-09-17T02:31:37,178,37.2,54.8,17.599999999999994,20.748338250000007,117.88828551136372,29.5,72.87,24.24,132.97445255474454,-42.200010000000006,-42.20001,36.075842696629216,38.0,117.88828551136372,120.14531963274575,0,0,88.36316689657029,88.36316689657029,90.05492686995382
1672,2020-09-17T02:31:48,2020-09-17T03:00:38,174,55.2,72.0,16.799999999999997,20.279449250000003,120.71100744047622,28.83333396911621,95.87,31.89,133.1527777777778,-42.200010000000006,-42.20001,37.39942528735632,39.0,120.71100744047622,120.31596357505342,0,0,90.47893817819381,90.47893817819381,90.18283304051702
1673,2020-09-17T03:00:49,2020-09-17T03:29:19,172,72.0,88.4,16.400000000000006,20.045004750000004,122.22563871951218,28.5,117.7,39.15,133.1447963800905,-42.200010000000006,-42.20001,37.5,39.0,122.22563871951218,120.31596357505342,0,0,91.6142300854064,91.6142300854064,90.18283304051702
1674,2020-09-17T03:29:30,2020-09-17T03:46:30,103,88.4,97.6,9.199999999999989,11.827225027777777,128.55679378019337,17.0,129.98,43.24,133.1762295081967,-41.744670097087386,-41.5,37.61165048543689,39.0,128.55679378019337,120.31596357505342,0,0,96.35974749494675,96.35974749494675,90.18283304051702
1675,2020-09-17T04:59:38,2020-09-17T05:18:03,139,86.0,97.6,11.599999999999994,14.399489255555558,124.13352806513419,18.41666603088379,129.98,43.24,133.1762295081967,-46.87770812949641,-13.10001,36.697841726618705,38.0,124.13352806513419,120.37678902243587,0,0,93.04428858473996,93.04428858473996,90.22842475588808
1677,2020-09-17T17:44:46,2020-09-17T18:16:16,190,74.0,97.6,23.599999999999994,29.523056583333332,125.09769738700568,31.5,130.06,43.26,133.2581967213115,-56.237896736842096,-43.60001,38.31842105263158,39.0,125.09769738700568,120.45545776207108,0,0,93.76698172032613,93.76698172032613,90.28739091134429
1678,2020-09-18T04:25:06,2020-09-18T04:41:36,100,29.2,45.2,16.000000000000004,19.24888877777778,120.30555486111109,16.5,60.03,19.97,132.80973451327432,-69.9959996,-69.89999,33.075,35.0,120.30555486111109,120.37678902243587,0,0,90.17503118876158,90.17503118876158,90.22842475588808
1679,2020-09-18T04:41:47,2020-09-18T05:12:47,187,45.6,76.0,30.4,36.159721527777776,118.94645239400585,31.0,101.27,33.69,133.25,-69.98662967914439,-69.89999,35.64171122994652,38.0,118.94645239400585,120.37678902243587,0,0,89.15631590581869,89.15631590581869,90.22842475588808
1680,2020-09-18T05:12:58,2020-09-18T05:42:28,178,76.0,97.6,21.599999999999994,27.001808902777775,125.00837454989714,29.5,129.96,43.23,133.15573770491804,-54.92978207865169,-43.60001,36.90449438202247,38.0,125.00837454989714,120.37678902243587,0,0,93.70002978588361,93.70002978588361,90.22842475588808
1682,2020-09-18T18:44:09,2020-09-18T19:12:39,172,7.6,35.6,28.0,33.48819451388889,119.60069469246032,28.5,47.23,15.71,132.6685393258427,-70.50116290697675,-70.39999,32.81395348837209,35.0,119.60069469246032,120.37678902243587,0,0,89.64670323445242,89.64670323445242,90.22842475588808
1683,2020-09-18T19:12:50,2020-09-18T19:42:00,176,36.0,64.4,28.400000000000006,34.27805627777778,120.6973812597809,29.16666603088379,85.67,28.49,133.027950310559,-70.51477420454545,-70.5,35.64772727272727,38.0,120.6973812597809,120.45545776207108,0,0,90.46872467416564,90.46872467416564,90.28739091134429
1684,2020-09-18T19:42:11,2020-09-18T20:13:01,186,64.4,91.6,27.19999999999999,33.81208783333334,124.30914644607849,30.83333396911621,122.0,40.58,133.1877729257642,-65.75108403225806,-44.10001,37.884408602150536,40.0,124.30914644607849,120.45545776207108,0,0,93.17592334588839,93.17592334588839,90.28739091134429
1687,2020-09-19T02:10:19,2020-09-19T02:36:49,160,44.4,70.0,25.6,30.958753763888893,120.93263189019099,26.5,93.17,30.99,133.10000000000002,-70.09500849999999,-70.0,34.503125,37.0,120.93263189019099,120.58940971674784,0,0,90.64505678916147,90.64505678916147,90.38779460180328
1688,2020-09-19T02:37:00,2020-09-19T03:05:40,173,70.0,93.6,23.599999999999994,28.69014379166667,121.56840589689271,28.66666603088379,124.63,41.46,133.1517094017094,-60.03122416184969,-43.70001,35.783236994219656,38.0,121.56840589689271,120.70419435012856,0,0,91.1216012093216,91.1216012093216,90.47383142617973
1690,2020-09-19T11:42:12,2020-09-19T12:53:35,536,35.6,97.6,61.99999999999999,75.42817093055557,121.65834021057351,71.38333129882812,130.0,43.24,133.19672131147541,-63.38880957089554,-43.30002,33.92537313432836,36.0,121.65834021057351,120.70419435012856,0,0,91.18901147604178,91.18901147604178,90.47383142617973
1691,2020-09-19T18:26:24,2020-09-19T18:45:44,117,64.0,83.6,19.599999999999994,22.978474472222224,117.23711465419505,19.33333396911621,111.34,37.04,133.1818181818182,-71.31197273504273,-71.10001,33.324786324786324,35.0,117.23711465419505,120.70419435012856,0,0,87.87508176681726,87.87508176681726,90.47383142617973
1693,2020-09-20T04:34:16,2020-09-20T05:03:26,176,22.8,51.2,28.400000000000002,34.02083490277778,119.79167219287949,29.16666603088379,68.11,22.66,133.02734375,-69.986366875,-69.70001,33.11647727272727,36.0,119.79167219287949,120.70419435012856,0,0,89.78985042392786,89.78985042392786,90.47383142617973
1694,2020-09-20T05:03:37,2020-09-20T05:34:27,186,51.2,81.2,30.0,35.958612736111114,119.86204245370372,30.83333396911621,108.2,35.99,133.25123152709358,-69.97419672043011,-69.60001,36.236559139784944,38.0,119.86204245370372,120.58940971674784,0,0,89.8425964544159,89.8425964544159,90.38779460180328
1695,2020-09-20T05:34:38,2020-09-20T05:58:38,145,81.6,97.6,16.0,20.41791923611111,127.61199522569444,24.0,130.02,43.25,133.21721311475412,-51.084144413793105,-43.39999,37.04137931034483,38.0,127.61199522569444,120.70419435012856,0,0,95.65157371845409,95.65157371845409,90.47383142617973
1697,2020-09-20T09:45:13,2020-09-20T10:02:23,104,87.2,97.6,10.399999999999991,12.940280000000003,124.42576923076936,17.16666603088379,130.0,43.24,133.19672131147541,-45.341353846153844,-43.70001,35.09134615384615,37.0,124.42576923076936,120.70419435012856,0,0,93.26333795661822,93.26333795661822,90.47383142617973
1700,2020-09-21T00:07:16,2020-09-21T00:32:33,153,42.8,67.6,24.799999999999997,29.522418452777778,119.04200989023299,25.28333282470703,90.0,29.94,133.13609467455623,-70.06013496732027,-69.80002,36.947712418300654,39.0,119.04200989023299,120.70419435012856,0,0,89.22794102913531,89.22794102913531,90.47383142617973
1703,2020-09-21T00:50:40,2020-09-21T01:10:40,121,85.2,97.6,12.399999999999991,16.059585847222223,129.51278909050188,20.0,129.98,43.24,133.1762295081967,-48.25042074380166,-43.5,39.0,40.0,129.51278909050188,120.70419435012856,0,0,97.07631379999312,97.07631379999312,90.47383142617973
1706,2020-09-21T17:11:13,2020-09-21T17:30:13,115,28.4,38.8,10.399999999999999,12.354030541666669,118.78875520833337,19.0,51.58,17.16,132.93814432989691,-38.86957391304348,-5.0,31.643478260869564,33.0,118.78875520833337,120.70419435012856,0,0,89.03811397696501,89.03811397696501,90.47383142617973
1707,2020-09-21T17:30:24,2020-09-21T18:01:04,185,38.8,56.4,17.6,20.494588277777783,116.44652430555557,30.66666603088379,75.05,24.96,133.06737588652484,-40.09838805405405,-40.0,33.02162162162162,34.0,116.44652430555557,120.58940971674784,0,0,87.28249475428568,87.28249475428568,90.38779460180328
1708,2020-09-21T18:01:15,2020-09-21T18:35:25,206,56.4,75.6,19.199999999999996,22.833338666666666,118.92363888888892,34.16666793823242,100.72,33.5,133.22751322751324,-40.09758218446602,-40.0,34.327669902912625,35.0,118.92363888888892,120.58940971674784,0,0,89.13921604257614,89.13921604257614,90.38779460180328
1709,2020-09-21T18:35:36,2020-09-21T19:04:26,174,76.0,91.6,15.599999999999994,19.25722572222222,123.44375462962965,28.83333396911621,121.98,40.58,133.16593886462883,-40.072995804597696,-40.0,34.5,35.0,123.44375462962965,120.58940971674784,0,0,92.52726889157941,92.52726889157941,90.38779460180328
1712,2020-09-22T04:46:41,2020-09-22T05:17:21,185,64.0,91.6,27.599999999999994,33.42416988888889,121.10206481481484,30.66666603088379,122.03,40.59,133.22052401746726,-65.3524387027027,-44.30002,34.13513513513514,36.0,121.10206481481484,120.70419435012856,0,0,90.77205524139418,90.77205524139418,90.47383142617973
1714,2020-09-22T13:12:33,2020-09-22T13:41:23,174,40.8,69.2,28.400000000000006,33.968617597222234,119.60780844092335,28.83333396911621,92.14,30.65,133.15028901734104,-70.68507097701149,-70.10001,35.758620689655174,38.0,119.60780844092335,120.70419435012856,0,0,89.65203534476322,89.65203534476322,90.47383142617973
1715,2020-09-22T13:41:34,2020-09-22T14:14:14,197,69.2,95.6,26.39999999999999,32.659312986111125,123.70951888678461,32.66666793823242,127.39,42.37,133.2531380753138,-59.97361771573604,-44.0,37.46192893401015,38.0,123.70951888678461,120.8218196653336,0,0,92.72647249614676,92.72647249614676,90.56199748367764
1717,2020-09-22T21:17:36,2020-09-22T21:47:36,181,45.2,74.0,28.799999999999997,35.12903568055556,121.97581833526237,30.0,98.59,32.79,133.22972972972974,-70.25802685082873,-70.20001,37.574585635359114,40.0,121.97581833526237,121.01734835250292,0,0,91.4269772111121,91.4269772111121,90.70855601527782
1718,2020-09-22T21:47:47,2020-09-22T22:19:07,189,74.4,97.6,23.19999999999999,29.140420083333336,125.60525897988514,31.33333396911621,130.06,43.26,133.2581967213115,-55.80794306878307,-43.89999,38.98677248677249,40.0,125.60525897988514,121.22528862510767,0,0,94.14742452299605,94.14742452299605,90.86441765100346
1719,2020-09-23T03:56:35,2020-09-23T04:26:05,178,39.6,68.4,28.800000000000004,34.569591541666675,120.03330396412038,29.5,91.07999,30.3,133.15788011695903,-70.31125258426967,-70.30002,37.193820224719104,40.0,120.03330396412038,121.01734835250292,0,0,89.97096552316826,89.97096552316826,90.70855601527782
1720,2020-09-23T04:26:16,2020-09-23T04:57:46,190,68.4,94.4,26.0,32.00611648611112,123.1004480235043,31.5,125.7,41.81,133.15677966101694,-60.944220789473704,-44.10001,38.58157894736842,41.0,123.1004480235043,121.22528862510767,0,0,92.26994341770249,92.26994341770249,90.86441765100346
1722,2020-09-23T18:06:36,2020-09-23T18:42:56,219,7.6,44.8,37.199999999999996,42.85056538888889,115.1896919056153,36.33333206176758,59.54,19.8,132.90178571428572,-70.76211666666667,-70.70001,33.742009132420094,37.0,115.1896919056153,121.22528862510767,0,0,86.34043600234774,86.34043600234774,90.86441765100346
1723,2020-09-23T18:43:07,2020-09-23T19:15:37,196,44.8,76.4,31.60000000000001,38.33084225,121.30013370253164,32.5,101.81,33.87,133.2591623036649,-70.76481239795919,-70.70001,36.75255102040816,39.0,121.30013370253164,121.20109925867324,0,0,90.92051778036843,90.92051778036843,90.8462865108813
1724,2020-09-23T19:15:48,2020-09-23T19:44:38,174,76.4,97.6,21.19999999999999,26.934866444444452,127.0512568134173,28.83333396911621,130.02,43.25,133.21721311475412,-56.058057126436786,-44.30002,37.583333333333336,39.0,127.0512568134173,121.32432306896607,0,0,95.23127222968074,95.23127222968074,90.93864892049058
1726,2020-09-24T16:12:59,2020-09-24T16:43:29,184,27.2,46.4,19.2,23.026398944444452,119.92916116898152,30.5,61.74,20.54,133.06034482758622,-45.29784586956523,-45.20001,32.16847826086956,34.0,119.92916116898152,121.20109925867324,0,0,89.8929052888709,89.8929052888709,90.8462865108813
1727,2020-09-24T16:43:40,2020-09-24T17:14:20,185,46.4,66.4,20.000000000000007,23.12806325,115.64031624999997,30.66666603088379,88.34,29.38,133.0421686746988,-45.25082589189189,-45.20001,34.1,35.0,115.64031624999997,121.20109925867324,0,0,86.67820148920505,86.67820148920505,90.8462865108813
1728,2020-09-24T17:14:31,2020-09-24T17:44:51,183,66.4,85.2,18.799999999999997,22.880285750000002,121.70364760638302,30.33333396911621,113.46,37.74,133.16901408450704,-45.25739278688525,-45.20001,34.5,35.0,121.70364760638302,121.20109925867324,0,0,91.22297163552835,91.22297163552835,90.8462865108813
1729,2020-09-24T17:45:02,2020-09-24T18:05:42,125,85.6,97.6,12.0,15.302501097222224,127.52084247685187,20.66666603088379,130.0,43.24,133.19672131147541,-44.4280032,-43.89999,34.94,36.0,127.52084247685187,121.32432306896607,0,0,95.58325017363265,95.58325017363265,90.93864892049058
1730,2020-09-25T01:11:31,2020-09-25T01:40:11,173,28.0,56.0,28.0,33.33403612500001,119.05012901785717,28.66666603088379,74.53,24.79,133.0892857142857,-69.76880358381503,-69.60001,32.83815028901734,36.0,119.05012901785717,121.32432306896607,0,0,89.23402672141762,89.23402672141762,90.93864892049058
1731,2020-09-25T01:40:22,2020-09-25T02:08:32,170,56.0,83.2,27.200000000000003,32.77292412500001,120.48869163602944,28.16666603088379,110.75,36.84,133.11298076923075,-69.8123687647059,-69.70001,35.59411764705882,37.0,120.48869163602944,121.20109925867324,0,0,90.31230136227217,90.31230136227217,90.8462865108813
1732,2020-09-25T02:08:43,2020-09-25T02:30:43,133,83.6,97.6,14.0,17.87764168055556,127.69744057539684,22.0,130.07,43.27,133.26844262295083,-48.815045263157906,-43.10001,36.02255639097744,38.0,127.69744057539684,121.20109925867324,0,0,95.71561928212937,95.71561928212937,90.8462865108813
1733,2020-09-25T15:16:41,2020-09-25T16:37:41,608,14.8,91.6,76.8,92.03080442916666,119.83177660047743,81.0,122.01,40.58,133.1986899563319,-68.15625945723684,-43.60001,36.245065789473685,39.0,119.83177660047743,121.01734835250292,0,0,89.81991068349048,89.81991068349048,90.70855601527782
1735,2020-09-26T02:26:29,2020-09-26T02:56:29,181,28.4,58.0,29.6,35.00847306944444,118.27186847785283,30.0,77.27,25.7,133.22413793103448,-70.01712878453039,-70.0,35.43922651933702,38.0,118.27186847785283,120.8218196653336,0,0,88.65068151720911,88.65068151720911,90.56199748367764
1736,2020-09-26T02:56:40,2020-09-26T03:24:10,166,58.0,84.8,26.799999999999997,32.095834583333335,119.7605768034826,27.5,112.99,37.59,133.2429245283019,-70.02711114457831,-69.89999,38.04819277108434,40.0,119.7605768034826,120.8218196653336,0,0,89.76654287414823,89.76654287414823,90.56199748367764
1740,2020-09-26T17:27:48,2020-09-26T18:00:08,195,30.8,58.0,27.2,32.29139184722222,118.71835237949345,32.33333206176758,77.22,25.68,133.13793103448276,-59.9205183076923,-58.20001,33.166666666666664,36.0,118.71835237949345,120.70419435012856,0,0,88.98534353512011,88.98534353512011,90.47383142617973
1741,2020-09-26T18:00:19,2020-09-26T18:33:19,199,58.0,84.0,26.0,31.130280374999998,119.73184759615384,33.0,111.88,37.21,133.1904761904762,-56.60100969849246,-54.89999,35.221105527638194,37.0,119.73184759615384,120.70419435012856,0,0,89.74500889618777,89.74500889618777,90.47383142617973
1742,2020-09-26T18:33:30,2020-09-26T18:55:30,133,84.0,98.0,14.0,17.41833666666667,124.41669047619048,22.0,130.51,43.41,133.1734693877551,-47.518054135338346,-43.5,35.5,37.0,124.41669047619048,120.8218196653336,0,0,93.25653297593175,93.25653297593175,90.56199748367764
1743,2020-09-27T07:12:41,2020-09-27T07:34:11,130,14.8,35.6,20.8,25.104029847222222,120.69245118856837,21.5,47.23,15.71,132.6685393258427,-70.05769807692307,-70.0,27.630769230769232,30.0,120.69245118856837,120.70419435012856,0,0,90.4650293391841,90.4650293391841,90.47383142617973
1744,2020-09-27T07:34:22,2020-09-27T08:01:52,166,36.0,63.2,27.200000000000003,32.100418375000004,118.0162440257353,27.5,84.11,27.98,133.08544303797467,-70.03735313253011,-69.89999,30.825301204819276,33.0,118.0162440257353,120.70419435012856,0,0,88.45907820372187,88.45907820372187,90.47383142617973
1745,2020-09-27T08:02:03,2020-09-27T08:28:03,157,63.6,88.4,24.800000000000004,29.582224111111106,119.28316173835121,26.0,117.7,39.15,133.1447963800905,-68.19427191082801,-43.70001,33.07643312101911,34.0,119.28316173835121,120.69491622417463,0,0,89.40869640198899,89.40869640198899,90.46687700667488
1746,2020-09-27T08:28:14,2020-09-27T08:45:24,104,88.4,97.6,9.199999999999989,11.801670680555562,128.27902913647367,17.16666603088379,130.06,43.26,133.2581967213115,-41.12693701923077,-13.30002,33.60096153846154,35.0,128.27902913647367,120.69491622417463,0,0,96.15154900037618,96.15154900037618,90.46687700667488
1747,2020-09-27T17:32:12,2020-09-27T17:55:02,138,40.0,56.0,16.0,19.05055779166667,119.06598619791669,22.83333396911621,74.57,24.8,133.16071428571425,-50.06015079710146,-50.0,31.155797101449274,33.0,119.06598619791669,120.59057141229891,0,0,89.24591247106636,89.24591247106636,90.38866535072813
1748,2020-09-27T17:55:13,2020-09-27T18:26:13,187,56.0,77.6,21.599999999999994,25.87569868055556,119.79490129886835,31.0,103.37,34.38,133.20876288659795,-50.08182636363637,-50.0,32.644385026737964,34.0,119.79490129886835,120.39712324857027,0,0,89.79227080039006,89.79227080039006,90.24366627551687
1749,2020-09-27T18:26:24,2020-09-27T18:53:44,165,78.0,95.6,17.599999999999994,21.76347834722223,123.65612697285361,27.33333396911621,127.29,42.34,133.14853556485357,-47.76849830303031,-43.80002,33.32727272727273,34.0,123.65612697285361,120.39712324857027,0,0,92.68645258593136,92.68645258593136,90.24366627551687
1751,2020-09-28T01:29:38,2020-09-28T01:58:58,177,32.4,61.2,28.800000000000004,34.151807125000005,118.58266362847222,29.33333396911621,81.59,27.14,133.3169934640523,-69.85593542372881,-69.80002,31.689265536723163,34.0,118.58266362847222,120.2609978000749,0,0,88.88363802892441,88.88363802892441,90.1416334427202
1752,2020-09-28T01:59:09,2020-09-28T02:43:42,270,61.6,98.0,36.4,44.34172160277779,121.81791649114777,44.54999923706055,130.5,43.41,133.16326530612244,-59.77259170370371,-43.60001,33.925925925925924,36.0,121.81791649114777,120.59057141229891,0,0,91.3086218805188,91.3086218805188,90.38866535072813
1754,2020-09-28T15:19:58,2020-09-28T15:54:08,206,17.2,41.2,24.000000000000004,28.537644583333336,118.90685243055555,34.16666793823242,54.71,18.19,132.79126213592232,-50.115058543689315,-50.10001,33.07281553398058,35.0,118.90685243055555,120.2609978000749,0,0,89.12663375237759,89.12663375237759,90.1416334427202
1755,2020-09-28T15:54:19,2020-09-28T16:16:40,136,41.2,56.8,15.599999999999994,18.662531502777775,119.63161219729346,22.350000381469727,75.66,25.17,133.20422535211267,-50.100745294117644,-50.10001,35.161764705882355,37.0,119.63161219729346,120.2609978000749,0,0,89.66987745085353,89.66987745085353,90.1416334427202
1756,2020-09-28T16:16:51,2020-09-28T16:44:21,166,56.8,76.0,19.200000000000003,22.964726805555554,119.60795211226849,27.5,101.14,33.65,133.07894736842104,-50.10482927710843,-50.10001,36.53012048192771,38.0,119.60795211226849,119.98123256655094,0,0,89.65214303362302,89.65214303362302,89.93193540601959
1757,2020-09-28T16:44:32,2020-09-28T17:15:52,189,76.0,96.0,20.0,25.02166813888889,125.10834069444445,31.33333396911621,127.82,42.52,133.14583333333334,-47.90899751322752,-43.89999,37.0,38.0,125.10834069444445,119.98123256655094,0,0,93.77495941164179,93.77495941164179,89.93193540601959
1760,2020-09-29T13:54:52,2020-09-29T14:27:22,196,17.2,49.2,32.0,37.99847763888889,118.7452426215278,32.5,65.49,21.78,133.10975609756096,-70.15103040816327,-70.10001,33.88265306122449,37.0,118.7452426215278,119.89560181134263,0,0,89.00549911660526,89.00549911660526,89.86775087164341
1761,2020-09-29T14:27:33,2020-09-29T14:52:43,152,49.2,74.0,24.799999999999997,29.416115249999997,118.61336794354838,25.16666603088379,98.62,32.81,133.2702702702703,-70.13093092105264,-70.0,37.24342105263158,39.0,118.61336794354838,119.84690952709057,0,0,88.90665244893867,88.90665244893867,89.83125356895319
1762,2020-09-29T14:52:54,2020-09-29T15:22:34,179,74.4,96.8,22.39999999999999,27.91556031944445,124.62303714037705,29.66666603088379,128.92,42.88,133.1818181818182,-56.461462178770965,-43.70001,38.42458100558659,39.0,124.62303714037705,119.84690952709057,0,0,93.41120012243385,93.41120012243385,89.83125356895319
1765,2020-09-30T02:06:32,2020-09-30T02:40:52,207,32.8,66.8,34.0,40.50764893055556,119.1401439133987,34.33333206176758,88.9,29.57,133.08383233532936,-70.7903556521739,-70.70001,35.531400966183575,38.0,119.1401439133987,119.84690952709057,0,0,89.3014973882732,89.3014973882732,89.83125356895319
1766,2020-09-30T02:41:03,2020-09-30T03:12:13,188,67.2,93.6,26.39999999999999,32.190977583333336,121.93552114898995,31.16666603088379,124.63,41.46,133.1517094017094,-61.94841462765958,-44.30002,37.41755319148936,39.0,121.93552114898995,119.89560181134263,0,0,91.39677245428994,91.39677245428994,89.86775087164341
1768,2020-09-30T11:09:01,2020-09-30T13:00:57,840,28.4,97.6,69.19999999999999,83.56610065416668,120.76026106093452,111.93333435058594,127.39,42.37,130.52254098360655,-44.773930416666666,-12.39999,37.24940476190476,40.0,120.76026106093452,119.98123256655094,0,0,90.51585623044929,90.51585623044929,89.93193540601959
1770,2020-09-30T23:17:15,2020-09-30T23:45:35,171,27.2,47.2,20.000000000000004,23.564161972222216,117.82080986111106,28.33333396911621,61.51,20.46,130.31779661016947,-49.90057485380117,-49.89999,33.634502923976605,36.0,117.82080986111106,119.88046888472948,0,0,88.31259052149734,88.31259052149734,89.8564079861807
1771,2020-09-30T23:45:46,2020-10-01T00:14:16,172,47.2,67.6,20.39999999999999,23.70249525,116.1887022058824,28.5,88.17,29.33,130.42899408284026,-49.899989999999995,-49.89999,35.67151162790697,37.0,116.1887022058824,119.8133389496729,0,0,87.08924419402668,87.08924419402668,89.80609074194027
1772,2020-10-01T00:14:27,2020-10-01T00:46:17,192,68.0,89.6,21.599999999999994,26.483884500000002,122.61057638888893,31.83333396911621,116.89,38.88,130.4575892857143,-49.91717921875,-49.89999,36.643229166666664,38.0,122.61057638888893,119.88046888472948,0,0,91.90276012362328,91.90276012362328,89.8564079861807
1777,2020-10-01T06:40:49,2020-10-01T07:07:39,162,30.8,50.4,19.599999999999998,23.087643361111112,117.79409878117916,26.83333396911621,65.68999,21.85,130.33728174603172,-51.62470135802469,-51.60001,33.76851851851852,37.0,117.79409878117916,119.8133389496729,0,0,88.29256923096985,88.29256923096985,89.80609074194027
1778,2020-10-01T07:07:50,2020-10-01T07:37:50,181,50.8,72.8,22.0,25.801949444444446,117.2815883838384,30.0,94.92,31.57,130.3846153846154,-51.60387740331491,-51.60001,35.63259668508287,38.0,117.2815883838384,119.8133389496729,0,0,87.90841705181136,87.90841705181136,89.80609074194027
1781,2020-10-01T12:31:48,2020-10-01T12:59:58,170,27.2,55.2,28.000000000000004,32.83430645833334,117.26538020833334,28.16666603088379,71.91,23.92,130.27173913043475,-69.94353135294118,-69.70001,33.25,36.0,117.26538020833334,119.8133389496729,0,0,87.896268213519,87.896268213519,89.80609074194027
1782,2020-10-01T13:00:09,2020-10-01T13:29:39,178,55.2,84.0,28.799999999999997,34.37444572222222,119.3557143132716,29.5,109.57,36.44,130.44047619047618,-69.9146093258427,-69.70001,35.848314606741575,38.0,119.3557143132716,119.8133389496729,0,0,89.46307818605395,89.46307818605395,89.80609074194027
1784,2020-10-02T00:52:55,2020-10-02T01:13:05,122,16.8,29.2,12.399999999999999,15.192364486111115,122.51906843637998,20.16666603088379,37.91,12.61,129.82876712328766,-45.20082975409836,-45.20001,31.96311475409836,33.0,122.51906843637998,119.8133389496729,0,0,91.83417033588621,91.83417033588621,89.80609074194027
1785,2020-10-02T01:13:16,2020-10-02T01:43:36,183,29.6,48.8,19.199999999999996,22.851116166666667,119.01623003472226,30.33333396911621,63.64,21.17,130.40983606557378,-45.20001,-45.20001,33.21857923497268,35.0,119.01623003472226,119.77773905117547,0,0,89.2086177378924,89.2086177378924,89.77940683726914
1786,2020-10-02T01:43:47,2020-10-02T02:12:07,171,48.8,67.2,18.400000000000006,21.344449166666674,116.00244112318842,28.33333396911621,87.57,29.13,130.31249999999997,-45.200010000000006,-45.20001,34.89473684210526,36.0,116.00244112318842,119.77773905117547,0,0,86.94963219555683,86.94963219555683,89.77940683726914
1787,2020-10-02T02:12:18,2020-10-02T02:39:58,167,67.2,84.4,17.200000000000003,20.842226833333335,121.17573740310075,27.66666603088379,110.12,36.63,130.47393364928908,-45.200010000000006,-45.20001,35.553892215568865,37.0,121.17573740310075,119.77773905117547,0,0,90.82727653150093,90.82727653150093,89.77940683726914
1790,2020-10-02T07:07:10,2020-10-02T07:37:40,184,9.2,28.8,19.6,23.625143402777773,120.53644593253965,30.5,37.4,12.44,129.8611111111111,-46.4760958152174,-46.10001,34.05163043478261,36.0,120.53644593253965,119.77773905117547,0,0,90.34809559623066,90.34809559623066,89.77940683726914
1791,2020-10-02T07:37:51,2020-10-02T08:09:51,193,28.8,49.2,20.400000000000002,24.32097568055556,119.22046902233116,32.0,64.14,21.33,130.36585365853657,-45.60104279792746,-44.80002,35.1839378238342,38.0,119.22046902233116,119.74621219981822,0,0,89.36170507537116,89.36170507537116,89.75577588516799
1792,2020-10-02T08:10:02,2020-10-02T08:39:12,176,49.2,67.2,18.0,21.383612999999993,118.79784999999997,29.16666603088379,87.68,29.16,130.47619047619048,-43.989208409090914,-43.10001,36.96306818181818,39.0,118.79784999999997,119.68172989672365,0,0,89.04493097825093,89.04493097825093,89.70744317352066
1793,2020-10-02T08:39:23,2020-10-02T09:11:43,195,67.2,86.0,18.799999999999997,22.70778181944445,120.78607350768326,32.33333206176758,112.16,37.31,130.41860465116278,-42.13846907692308,-41.30002,37.5,39.0,120.78607350768326,119.68172989672365,0,0,90.53520395045534,90.53520395045534,89.70744317352066
1794,2020-10-02T09:11:54,2020-10-02T09:34:04,134,86.0,97.6,11.599999999999994,15.014307500000001,129.43368534482767,22.16666603088379,127.32,42.35,130.45081967213113,-40.640303805970156,-40.0,37.5,39.0,129.43368534482767,119.74621219981822,0,0,97.01702158575117,97.01702158575117,89.75577588516799
1796,2020-10-03T00:22:35,2020-10-03T00:52:55,183,23.2,53.2,30.000000000000004,35.37388991666667,117.91296638888888,30.33333396911621,69.43,23.1,130.50751879699249,-69.97104032786885,-69.70001,34.07103825136612,37.0,117.91296638888888,119.68172989672365,0,0,88.3816664488409,88.3816664488409,89.70744317352066
1797,2020-10-03T00:53:06,2020-10-03T01:21:36,172,53.2,81.6,28.39999999999999,33.23277865277778,117.01682624217533,28.5,106.39,35.39,130.3799019607843,-69.96395540697675,-69.70001,36.91279069767442,39.0,117.01682624217533,119.61978215478098,0,0,87.70996458293214,87.70996458293214,89.66101024223828
1798,2020-10-03T01:21:47,2020-10-03T01:43:17,130,81.6,96.4,14.800000000000011,18.504307527777776,125.02910491741731,21.5,125.79,41.84,130.4875518672199,-51.67769792307694,-43.0,38.0,39.0,125.02910491741731,119.61978215478098,0,0,93.71556823329648,93.71556823329648,89.66101024223828
1800,2020-10-03T13:29:09,2020-10-03T13:59:09,181,26.4,56.4,30.0,35.39153693055556,117.97178976851853,30.0,73.63,24.49,130.54964539007094,-70.7828912154696,-70.70001,37.36187845303867,40.0,117.97178976851853,119.61978215478098,0,0,88.42575751428552,88.42575751428552,89.66101024223828
1801,2020-10-03T13:59:20,2020-10-03T14:29:10,180,56.8,86.0,29.200000000000003,35.20320265277779,120.55891319444447,29.83333396911621,112.13,37.3,130.38372093023256,-70.80001644444445,-70.70001,40.352777777777774,42.0,120.55891319444447,119.61978215478098,0,0,90.36493593286625,90.36493593286625,89.66101024223828
1803,2020-10-04T02:47:58,2020-10-04T03:28:31,305,64.8,98.0,33.2,40.11512923333334,120.82870251004017,40.54999923706055,127.85,42.52,130.4591836734694,-59.27246527868853,0.0,35.00983606557377,37.0,120.82870251004017,119.61978215478098,0,0,90.56715652007291,90.56715652007291,89.66101024223828
1804,2020-10-06T08:42:26,2020-10-06T10:01:33,594,28.8,98.0,69.2,81.9019472,118.35541502890172,79.11666870117188,125.17,41.63,127.72448979591837,-62.045961700336704,-12.60001,31.393939393939394,34.0,118.35541502890172,119.61978215478098,0,0,88.71330383631351,88.71330383631351,89.66101024223828
1806,2020-10-06T21:51:44,2020-10-06T22:20:34,174,20.8,49.2,28.400000000000002,33.49583825,117.94309242957745,28.83333396911621,62.84,20.9,127.72357723577235,-69.70230908045977,-69.70001,32.18390804597701,35.0,117.94309242957745,119.48183321277006,0,0,88.40424742327572,88.40424742327572,89.55761060983849
1807,2020-10-06T22:20:45,2020-10-06T22:57:45,223,49.2,85.6,36.39999999999999,42.98111727777778,118.07999252136754,37.0,109.46,36.41,127.87383177570094,-69.69911313901345,-69.60001,35.47533632286996,37.0,118.07999252136754,119.31943802581141,0,0,88.50686088997031,88.50686088997031,89.43588729402147
1808,2020-10-06T22:57:56,2020-10-06T23:17:36,119,86.0,98.0,12.0,14.966810486111118,124.72342071759266,19.66666603088379,125.17,41.63,127.72448979591837,-45.75043521008403,-42.70001,36.02100840336134,37.0,124.72342071759266,119.31943802581141,0,0,93.48644263485738,93.48644263485738,89.43588729402147
1810,2020-10-07T03:34:13,2020-10-07T04:04:23,182,37.6,67.2,29.6,35.138890055555564,118.71246640390392,30.16666603088379,85.83,28.55,127.72321428571428,-69.8895626923077,-69.60001,33.675824175824175,37.0,118.71246640390392,119.31943802581141,0,0,88.98093170199257,88.98093170199257,89.43588729402147
1811,2020-10-07T04:04:34,2020-10-07T04:31:14,161,67.6,91.2,23.60000000000001,28.788473958333334,121.98505914548018,26.66666603088379,116.51,38.76,127.75219298245614,-64.7223640993789,-42.89999,35.338509316770185,37.0,121.98505914548018,119.31943802581141,0,0,91.43390366060616,91.43390366060616,89.43588729402147
1813,2020-10-08T00:14:44,2020-10-08T00:46:34,192,31.6,63.2,31.6,37.14111319444444,117.53516833684951,31.83333396911621,80.72,26.85,127.72151898734177,-70.00417057291668,-69.70001,29.8125,32.0,117.53516833684951,119.31943802581141,0,0,88.09848791095017,88.09848791095017,89.43588729402147
1814,2020-10-08T00:46:45,2020-10-08T01:17:04,183,63.6,90.8,27.199999999999996,33.02647434444444,121.42086156045751,30.316667556762695,115.99,38.58,127.74229074889868,-65.30273644808743,-42.89999,32.37158469945355,34.0,121.42086156045751,119.31943802581141,0,0,91.0110093488283,91.0110093488283,89.43588729402147
1817,2020-10-08T05:50:31,2020-10-08T06:19:41,176,64.4,90.8,26.39999999999999,31.55597488888889,119.53020791245797,29.16666603088379,115.97,38.57,127.72026431718062,-64.86818732954546,-43.0,30.741477272727273,32.0,119.53020791245797,119.31943802581141,0,0,89.59386986701195,89.59386986701195,89.43588729402147
1820,2020-10-08T18:38:48,2020-10-08T19:08:18,178,6.4,35.6,29.200000000000003,34.403195958333335,117.81916424086756,29.5,45.32,15.07,127.30337078651684,-69.9719132022472,-69.70001,30.278089887640448,32.0,117.81916424086756,119.25181538034118,0,0,88.31135704680905,88.31135704680905,89.38520073868008
1821,2020-10-08T19:08:29,2020-10-08T19:37:49,177,35.6,64.8,29.199999999999996,34.19569626388889,117.10854884893456,29.33333396911621,82.74,27.52,127.68518518518518,-69.94520146892656,-69.70001,33.48587570621469,36.0,117.10854884893456,119.25181538034118,0,0,87.77871526476706,87.77871526476706,89.38520073868008
1822,2020-10-08T19:38:00,2020-10-08T20:09:00,187,64.8,92.0,27.200000000000003,32.98486306944445,121.26787893178106,31.0,117.57,39.11,127.79347826086955,-63.80160807486632,-42.89999,35.5,36.0,121.26787893178106,119.28809166780138,0,0,90.89634121627063,90.89634121627063,89.41239163071256
1824,2020-10-09T02:36:53,2020-10-09T03:23:02,347,60.0,98.0,38.0,46.109446588888886,121.34064891812865,46.150001525878906,125.17,41.63,127.72448979591837,-59.93400855907781,-42.80002,31.23342939481268,33.0,121.34064891812865,119.28809166780138,0,0,90.95088596107543,90.95088596107543,89.41239163071256
1826,2020-10-09T13:50:42,2020-10-09T14:24:22,203,40.4,62.0,21.6,25.19388327777777,116.6383485082304,33.66666793823242,79.12,26.32,127.61290322580646,-44.89999,-44.89999,29.014778325123153,30.0,116.6383485082304,119.28809166780138,0,0,87.42627658945473,87.42627658945473,89.41239163071256
1827,2020-10-09T14:24:33,2020-10-09T14:58:53,207,62.4,83.6,21.199999999999996,25.69277205555555,121.19232101677149,34.33333206176758,106.73,35.5,127.66746411483254,-44.89999,-44.89999,30.20048309178744,31.0,121.19232101677149,119.28809166780138,0,0,90.83970677947832,90.83970677947832,89.41239163071256
1830,2020-10-09T19:09:25,2020-10-09T19:41:25,193,58.0,88.8,30.799999999999997,36.802366027777786,119.48820138888892,32.0,113.39,37.72,127.69144144144144,-68.94094181347151,-43.39999,32.86787564766839,34.0,119.48820138888892,119.28809166780138,0,0,89.56238387638298,89.56238387638298,89.41239163071256
1832,2020-10-10T04:53:42,2020-10-10T06:23:21,673,16.4,97.6,81.19999999999999,97.0097194027778,119.4700977866722,89.6500015258789,124.73,41.49,127.797131147541,-64.91040860326895,-43.0,32.2444279346211,36.0,119.4700977866722,119.4129060499719,0,0,89.54881432095881,89.54881432095881,89.50594625350638
1833,2020-10-10T17:31:02,2020-10-10T18:46:16,566,29.2,97.2,68.0,80.57583737083334,118.4938784865196,75.23332977294922,124.2,41.32,127.77777777777779,-64.19894314487632,0.0,35.158127208480565,37.0,118.4938784865196,119.28809166780138,0,0,88.81708912389739,88.81708912389739,89.41239163071256
1835,2020-10-11T02:32:06,2020-10-11T03:02:36,184,55.2,84.8,29.599999999999994,35.66222725000001,120.48049746621628,30.5,108.33,36.03,127.74764150943396,-70.15544467391305,-70.0,33.38315217391305,35.0,120.48049746621628,119.4129060499719,0,0,90.30615942211551,90.30615942211551,89.50594625350638
1836,2020-10-11T03:02:47,2020-10-11T03:21:17,112,84.8,96.8,12.0,14.59041895833334,121.58682465277784,18.5,123.66,41.14,127.74793388429752,-47.4044717857143,-43.20001,34.245535714285715,36.0,121.58682465277784,119.4129060499719,0,0,91.13540698818457,91.13540698818457,89.50594625350638
1837,2020-10-11T12:31:48,2020-10-11T12:48:58,104,30.0,47.2,17.200000000000003,20.129722055555547,117.0332677648578,17.16666603088379,60.3,20.06,127.75423728813558,-70.35576865384616,-70.20001,32.77403846153846,35.0,117.0332677648578,119.28809166780138,0,0,87.72228832660628,87.72228832660628,89.41239163071256
1838,2020-10-11T12:49:09,2020-10-11T13:20:29,189,47.2,78.4,31.200000000000003,36.75999666666666,117.8205021367521,31.33333396911621,100.1,33.3,127.67857142857142,-70.391527989418,-70.30002,35.43650793650794,37.0,117.8205021367521,119.18030646786494,0,0,88.31235986669758,88.31235986669758,89.33160123182219
1839,2020-10-11T13:20:40,2020-10-11T13:44:30,144,78.4,96.0,17.599999999999994,21.661805069444444,123.07843789457075,23.83333396911621,122.66,40.81,127.77083333333333,-54.54999875000001,-43.5,36.87152777777778,38.0,123.07843789457075,119.28809166780138,0,0,92.25344572509519,92.25344572509519,89.41239163071256
1841,2020-10-12T15:02:01,2020-10-12T15:32:31,184,14.4,44.4,30.0,35.29110752777778,117.63702509259261,30.5,56.61,18.83,127.5,-69.42499293478261,-69.30002,36.11684782608695,39.0,117.63702509259261,119.28809166780138,0,0,88.17483464437011,88.17483464437011,89.41239163071256
1845,2020-10-12T16:00:25,2020-10-12T16:27:15,162,72.0,93.6,21.599999999999994,26.693472125,123.58088946759263,26.83333396911621,119.59,39.78,127.76709401709402,-59.664197283950614,-42.5,40.78395061728395,42.0,123.58088946759263,119.28809166780138,0,0,92.63005831227287,92.63005831227287,89.41239163071256
1849,2020-10-13T00:07:00,2020-10-13T00:30:30,142,53.2,67.2,14.0,16.806112180555555,120.04365843253967,23.5,85.75,28.52,127.60416666666666,-42.90986197183099,-42.20001,36.11971830985915,38.0,120.04365843253967,119.4129060499719,0,0,89.97872671519079,89.97872671519079,89.50594625350638
1850,2020-10-13T00:30:41,2020-10-13T00:59:51,176,67.2,84.0,16.799999999999997,20.097781277777774,119.62965046296296,29.16666603088379,107.34,35.7,127.78571428571429,-41.34432539772728,-40.60001,36.5,38.0,119.62965046296296,119.4129060499719,0,0,89.66840703284464,89.66840703284464,89.50594625350638
1851,2020-10-13T01:00:02,2020-10-13T01:25:42,155,84.0,97.6,13.599999999999994,17.04514176388889,125.33192473447717,25.66666603088379,124.65,41.46,127.71516393442624,-39.84581316129032,-39.20001,36.5,38.0,125.33192473447717,119.4129060499719,0,0,93.94254683357369,93.94254683357369,89.50594625350638
1852,2020-10-13T14:14:50,2020-10-13T14:44:20,178,34.0,62.8,28.799999999999997,34.01917158333334,118.12212355324077,29.5,80.29,26.71,127.85031847133759,-69.19158303370787,-69.10001,33.32865168539326,36.0,118.12212355324077,119.4129060499719,0,0,88.53844020580132,88.53844020580132,89.50594625350638
1853,2020-10-13T14:44:31,2020-10-13T15:13:41,176,63.2,89.6,26.39999999999999,32.11819879166667,121.65984390782835,29.16666603088379,114.4,38.05,127.67857142857144,-66.01364528409091,-42.5,35.59943181818182,37.0,121.65984390782835,119.47914958778057,0,0,91.19013857235092,91.19013857235092,89.5555990986709
1855,2020-10-14T04:05:33,2020-10-14T04:23:33,109,46.0,63.2,17.200000000000003,20.72083536111111,120.46997302971573,18.0,80.65,26.83,127.6107594936709,-69.06973155963303,-69.0,28.8302752293578,31.0,120.46997302971573,119.47914958778057,0,0,90.2982708305141,90.2982708305141,89.5555990986709
1856,2020-10-14T04:23:44,2020-10-14T04:52:14,172,63.2,89.6,26.39999999999999,31.462781847222224,119.1772039667509,28.5,114.46,38.07,127.74553571428572,-66.17675273255814,-42.30002,30.671511627906977,32.0,119.1772039667509,119.47914958778057,0,0,89.32927575204658,89.32927575204658,89.5555990986709
1859,2020-10-14T15:34:37,2020-10-14T16:02:17,167,25.6,44.8,19.199999999999996,22.960147791666675,119.58410308159729,27.66666603088379,57.06,18.98,127.36607142857144,-49.79283365269461,-49.70001,32.25449101796407,34.0,119.58410308159729,119.50920465067344,0,0,89.63426699217938,89.63426699217938,89.57812687169746
1860,2020-10-14T16:02:28,2020-10-14T16:31:18,174,45.2,66.0,20.799999999999997,23.930287250000006,115.04945793269236,28.83333396911621,84.3,28.04,127.72727272727272,-49.79714614942529,-49.70001,34.3132183908046,36.0,115.04945793269236,119.50920465067344,0,0,86.23532362497956,86.23532362497956,89.57812687169746
1861,2020-10-14T16:31:29,2020-10-14T17:00:59,178,66.0,86.4,20.400000000000006,24.48528752777778,120.0259192538126,29.5,110.37,36.72,127.74305555555554,-49.8005816292135,-49.80002,35.0,36.0,120.0259192538126,119.55715549702762,0,0,89.965430313401,89.965430313401,89.61406842959566
1862,2020-10-14T17:01:10,2020-10-14T17:19:40,112,86.8,97.6,10.799999999999997,13.815557194444445,127.92182587448563,18.5,124.66,41.47,127.72540983606557,-44.82143392857143,-43.0,35.450892857142854,36.0,127.92182587448563,119.55715549702762,0,0,95.88380728780369,95.88380728780369,89.61406842959566
1864,2020-10-15T00:38:18,2020-10-15T01:05:38,165,65.2,90.4,25.200000000000003,30.40124859722222,120.63987538580247,27.33333396911621,115.56,38.44,127.83185840707965,-66.67696672727271,-43.70001,32.72121212121212,34.0,120.63987538580247,119.60687677228012,0,0,90.42562114510974,90.42562114510974,89.65133701251202
1866,2020-10-15T12:20:07,2020-10-15T12:43:37,142,56.8,73.2,16.400000000000006,19.69653518055556,120.1008242716802,23.5,93.50999,31.1,127.74588797814208,-50.28875126760565,-50.20001,31.183098591549296,32.0,120.1008242716802,119.82778485838779,0,0,90.02157537112674,90.02157537112674,89.81691867312281
1869,2020-10-15T19:33:35,2020-10-15T20:00:45,164,29.6,56.4,26.799999999999997,31.747920972222225,118.46239168739638,27.16666603088379,71.92,23.92,127.51773049645392,-70.11830219512196,-70.0,35.545731707317074,38.0,118.46239168739638,119.60687677228012,0,0,88.79348819294911,88.79348819294911,89.65133701251202
1870,2020-10-15T20:00:56,2020-10-15T20:30:26,178,56.4,85.6,29.199999999999996,34.5009771388889,118.15403129756473,29.5,109.32,36.36,127.71028037383176,-70.17135831460675,-70.10001,38.08426966292135,39.0,118.15403129756473,119.55715549702762,0,0,88.5623566562337,88.5623566562337,89.61406842959566
1871,2020-10-15T20:30:37,2020-10-15T20:50:07,118,85.6,97.6,12.0,15.298615138888888,127.48845949074074,19.5,124.76,41.5,127.82786885245902,-47.154249661016934,-43.20001,38.6271186440678,40.0,127.48845949074074,119.60687677228012,0,0,95.55897750570865,95.55897750570865,89.65133701251202
1874,2020-10-16T09:34:29,2020-10-16T09:54:49,123,77.2,90.0,12.799999999999997,15.28667005555556,119.42710980902783,20.33333396911621,114.93,38.23,127.7,-45.10814008130082,-45.10001,30.524390243902438,32.0,119.42710980902783,119.60687677228012,0,0,89.51659268140693,89.51659268140693,89.65133701251202
1877,2020-10-16T15:14:32,2020-10-16T15:56:10,313,44.0,69.2,25.200000000000003,30.163611211111114,119.69686988536156,41.63333511352539,88.37,29.39,127.70231213872832,-43.43961677316294,-24.20001,34.960063897763575,36.0,119.69686988536156,119.60687677228012,0,0,89.71879135232417,89.71879135232417,89.65133701251202
1878,2020-10-16T15:59:06,2020-10-16T17:09:54,532,68.8,99.6,30.799999999999997,40.00128238333333,129.87429345238095,70.80000305175781,127.21,42.32,127.72088353413655,-33.892673063909776,-13.20001,35.578007518796994,37.0,129.87429345238095,119.60687677228012,0,0,97.34727940207985,97.34727940207985,89.65133701251202
1880,2020-10-17T01:06:27,2020-10-17T01:35:17,174,51.6,79.6,27.999999999999993,33.65694638888889,120.2033799603175,28.83333396911621,101.71,33.83,127.77638190954774,-70.03736034482758,-69.70001,34.14655172413793,36.0,120.2033799603175,119.66326017416226,0,0,90.09844598971232,90.09844598971232,89.6935991925844
1882,2020-10-17T01:40:17,2020-10-17T02:00:12,122,82.4,96.4,14.0,16.729808019444445,119.49862871031745,19.91666603088379,123.12,40.96,127.71784232365145,-50.69099098360656,-43.0,34.58606557377049,36.0,119.49862871031745,119.66326017416226,0,0,89.5701996753801,89.5701996753801,89.6935991925844
1883,2020-10-17T11:15:51,2020-10-17T12:40:42,637,30.8,96.8,66.0,78.19784201805555,118.48157881523568,84.8499984741211,123.68,41.14,127.76859504132233,-55.289017127158566,-42.89999,31.076923076923077,34.0,118.48157881523568,119.60687677228012,0,0,88.80786990502656,88.80786990502656,89.65133701251202
1884,2020-10-17T22:27:07,2020-10-17T23:34:53,509,42.8,96.0,53.2,64.25265883750001,120.77567450657895,67.76667022705078,122.61,40.78,127.71875,-56.877019135559934,-43.0,31.191552062868368,33.0,120.77567450657895,119.66326017416226,0,0,90.52740937895783,90.52740937895783,89.6935991925844
1885,2020-10-18T05:00:41,2020-10-18T05:17:31,102,66.0,82.8,16.799999999999997,19.660557361111117,117.02712714947094,16.83333396911621,105.73,35.17,127.69323671497585,-70.07843784313724,-69.80002,29.32843137254902,31.0,117.02712714947094,119.60687677228012,0,0,87.71768562821329,87.71768562821329,89.65133701251202
1886,2020-10-18T05:17:42,2020-10-18T05:39:32,132,83.2,97.6,14.399999999999991,18.013475041666666,125.09357667824082,21.83333396911621,124.76,41.5,127.82786885245902,-49.55606833333334,-43.10001,30.0,31.0,125.09357667824082,119.60687677228012,0,0,93.76389304298434,93.76389304298434,89.65133701251202
1887,2020-10-18T14:45:39,2020-10-18T15:48:54,475,26.8,80.4,53.60000000000001,63.30424034583333,118.10492601834575,63.25,102.65,34.14,127.67412935323382,-60.05158296842105,-59.80002,33.82421052631579,36.0,118.10492601834575,119.60687677228012,0,0,88.5255497931573,88.5255497931573,89.65133701251202
1889,2020-10-18T22:17:09,2020-10-18T22:47:19,182,44.0,74.0,30.0,35.20805705555556,117.36019018518519,30.16666603088379,94.62,31.48,127.86486486486487,-70.02692604395605,-69.80002,33.37362637362637,36.0,117.36019018518519,119.60687677228012,0,0,87.96733303367206,87.96733303367206,89.65133701251202
1890,2020-10-18T22:47:30,2020-10-18T23:08:43,130,74.0,92.0,18.0,21.76616883611111,120.92316020061727,21.21666717529297,117.5,39.08,127.71739130434781,-61.626929153846156,-43.0,34.86153846153846,36.0,120.92316020061727,119.66326017416226,0,0,90.63795728404132,90.63795728404132,89.6935991925844
1892,2020-10-19T03:58:40,2020-10-19T04:23:20,149,53.2,77.6,24.39999999999999,29.095840361111115,119.24524738160298,24.66666603088379,99.05,32.94,127.6417525773196,-70.77384261744966,-70.70001,31.171140939597315,33.0,119.24524738160298,119.60687677228012,0,0,89.38027769508705,89.38027769508705,89.65133701251202
1893,2020-10-19T04:23:31,2020-10-19T04:51:11,167,77.6,97.6,20.0,24.51778213888889,122.58891069444445,27.66666603088379,124.7,41.48,127.76639344262296,-53.10599754491018,-13.80002,32.22754491017964,34.0,122.58891069444445,119.66326017416226,0,0,91.88652060189453,91.88652060189453,89.6935991925844
1895,2020-10-19T21:52:43,2020-10-19T23:13:34,607,24.8,98.0,73.2,86.60734175972223,118.31604065535824,80.8499984741211,125.17,41.63,127.72448979591837,-64.22669489291599,-27.20001,32.245469522240526,35.0,118.31604065535824,119.60687677228012,0,0,88.68379077379184,88.68379077379184,89.65133701251202
1896,2020-10-20T12:48:23,2020-10-20T13:07:13,114,18.8,37.2,18.400000000000002,21.914861861111113,119.1025101147343,18.83333396911621,47.53,15.81,127.76881720430106,-69.81579175438597,-69.39999,29.0,31.0,119.1025101147343,119.60687677228012,0,0,89.27328897368892,89.27328897368892,89.65133701251202
1897,2020-10-20T13:07:24,2020-10-20T13:35:54,172,37.6,66.0,28.4,33.202495694444444,116.91019610719876,28.5,84.2,28.0,127.57575757575758,-69.89999093023255,-69.80002,32.04651162790697,34.0,116.91019610719876,119.55715549702762,0,0,87.63003996300687,87.63003996300687,89.61406842959566
1898,2020-10-20T13:36:05,2020-10-20T14:03:15,164,66.4,90.8,24.39999999999999,29.396526624999996,120.47756813524593,27.16666603088379,115.98,38.58,127.73127753303966,-64.87316817073172,-43.0,34.13414634146341,35.0,120.47756813524593,119.60687677228012,0,0,90.30396374202479,90.30396374202479,89.65133701251202
1900,2020-10-21T01:10:14,2020-10-21T01:34:54,149,30.0,54.4,24.4,28.77777777777778,117.94171220400729,24.66666603088379,69.4,23.09,127.57352941176471,-70.0,-69.89999,28.74496644295302,31.0,117.94171220400729,119.60687677228012,0,0,88.40321287517044,88.40321287517044,89.65133701251202
1901,2020-10-21T01:35:05,2020-10-21T02:05:25,183,54.4,84.4,30.000000000000007,35.382499361111115,117.94166453703703,30.33333396911621,107.81,35.86,127.73696682464454,-69.98688393442623,-69.89999,31.57377049180328,33.0,117.94166453703703,119.60687677228012,0,0,88.40317714639187,88.40317714639187,89.65133701251202
1902,2020-10-21T02:05:36,2020-10-21T02:22:16,101,84.4,95.6,11.199999999999989,13.457225125,120.1537957589287,16.66666603088379,122.13,40.63,127.7510460251046,-48.526743069306924,-43.10001,32.12871287128713,34.0,120.1537957589287,119.60687677228012,0,0,90.06128015051338,90.06128015051338,89.65133701251202
1905,2020-10-21T10:55:33,2020-10-21T11:24:03,172,55.6,83.6,27.999999999999993,33.24777755555555,118.74206269841272,28.5,106.81,35.53,127.76315789473685,-69.99534837209302,-69.89999,31.74418604651163,33.0,118.74206269841272,119.54136589595737,0,0,89.00311560516715,89.00311560516715,89.60223333377974
1906,2020-10-21T11:24:14,2020-10-21T11:46:14,133,83.6,97.6,14.0,17.637780694444448,125.98414781746033,22.0,124.74,41.5,127.80737704918033,-48.16617330827068,-43.0,32.984962406015036,34.0,125.98414781746033,119.60687677228012,0,0,94.43142065920821,94.43142065920821,89.65133701251202
1908,2020-10-21T20:25:12,2020-10-21T21:01:26,220,53.6,78.8,25.199999999999996,30.056954850000007,119.2736303571429,36.233333587646484,100.7,33.5,127.79187817258885,-49.77228995454546,-49.70001,32.46363636363636,34.0,119.2736303571429,119.54136589595737,0,0,89.40155215500286,89.40155215500286,89.60223333377974
1909,2020-10-21T21:01:37,2020-10-21T21:31:27,180,78.8,97.6,18.799999999999997,23.154726388888893,123.16343823877072,29.83333396911621,124.74,41.5,127.80737704918033,-46.567230611111114,-42.89999,33.03333333333333,35.0,123.16343823877072,119.60687677228012,0,0,92.31715773488672,92.31715773488672,89.65133701251202
1911,2020-10-22T06:27:55,2020-10-22T06:57:25,178,29.2,50.4,21.2,24.490980263888893,115.52349181079667,29.5,64.27,21.38,127.51984126984127,-49.81237584269664,-49.80002,27.679775280898877,30.0,115.52349181079667,119.60687677228012,0,0,86.59063572833118,86.59063572833118,89.65133701251202
1912,2020-10-22T06:57:36,2020-10-22T07:24:06,160,50.4,69.2,18.800000000000004,21.995286527777782,116.99620493498817,26.5,88.29,29.37,127.58670520231213,-49.80064481250001,-49.80002,29.746875,31.0,116.99620493498817,119.60687677228012,0,0,87.6945078816942,87.6945078816942,89.65133701251202
1913,2020-10-22T07:24:17,2020-10-22T07:52:07,168,69.6,88.8,19.200000000000003,23.121531097222228,120.42464113136575,27.83333396911621,113.46,37.74,127.77027027027026,-49.84286428571429,-49.80002,30.776785714285715,32.0,120.42464113136575,119.60687677228012,0,0,90.26429230514779,90.26429230514779,89.65133701251202
1916,2020-10-22T15:47:45,2020-10-22T16:15:55,170,58.8,86.8,28.0,33.08361027777778,118.15575099206349,28.16666603088379,110.88,36.88,127.74193548387096,-70.47352770588235,-70.30002,32.07941176470588,34.0,118.15575099206349,119.54136589595737,0,0,88.5636456532816,88.5636456532816,89.60223333377974
1918,2020-10-22T23:10:59,2020-10-22T23:30:39,119,25.2,44.4,19.2,22.92360913888888,119.39379759837959,19.66666603088379,56.58,18.82,127.43243243243242,-69.93612840336134,-69.80002,30.92016806722689,33.0,119.39379759837959,119.54136589595737,0,0,89.49162351321152,89.49162351321152,89.60223333377974
1919,2020-10-22T23:30:50,2020-10-23T00:12:35,252,44.8,86.0,41.2,48.670718683333334,118.13281233818769,41.75,109.9,36.56,127.79069767441861,-69.94602666666665,-69.80002,33.65079365079365,36.0,118.13281233818769,119.54136589595737,0,0,88.5464519847842,88.5464519847842,89.60223333377974
1920,2020-10-23T12:59:46,2020-10-23T13:19:46,121,45.2,64.8,19.599999999999994,23.182502805555565,118.27807553854883,20.0,82.82,27.55,127.80864197530863,-69.26116545454548,0.0,28.60330578512397,30.0,118.27807553854883,119.46286925967263,0,0,88.65533401968497,88.65533401968497,89.54339617839352
1921,2020-10-23T13:19:57,2020-10-23T13:47:47,168,65.2,90.4,25.200000000000003,30.360973569444443,120.48005384700176,27.83333396911621,115.51,38.42,127.77654867256638,-65.39524095238096,-43.0,30.178571428571427,31.0,120.48005384700176,119.54136589595737,0,0,90.3058269073239,90.3058269073239,89.60223333377974
1924,2020-10-23T23:23:16,2020-10-23T23:52:16,175,25.6,54.4,28.799999999999997,33.63542072222222,116.78965528549384,29.0,69.47,23.11,127.70220588235293,-69.58972268571429,-69.20001,30.577142857142857,33.0,116.78965528549384,119.46286925967263,0,0,87.53968858755036,87.53968858755036,89.54339617839352
1925,2020-10-23T23:52:27,2020-10-24T00:22:37,182,54.4,84.0,29.6,35.04861668055556,118.40748878566066,30.16666603088379,107.4,35.72,127.85714285714288,-69.70990120879121,-69.60001,33.44230769230769,35.0,118.40748878566066,119.41045370370371,0,0,88.75233572179275,88.75233572179275,89.50410809730923
1927,2020-10-24T14:41:21,2020-10-24T15:31:31,377,38.8,88.0,49.2,58.41201448472222,118.72360667626467,50.16666793823242,112.44,37.41,127.77272727272727,-69.8259953846154,-43.0,30.27188328912467,33.0,118.72360667626467,119.33371397776125,0,0,88.98928189337602,88.98928189337602,89.44658783410719
1928,2020-10-24T22:57:01,2020-10-24T23:23:41,161,42.0,64.0,22.0,26.21083572222222,119.14016237373737,26.66666603088379,81.81,27.21,127.828125,-58.974539503105596,-57.30002,29.475155279503106,31.0,119.14016237373737,119.25943886937294,0,0,89.30151122522044,89.30151122522044,89.39091492504495
1931,2020-10-24T23:42:01,2020-10-25T00:08:41,161,77.2,95.6,18.39999999999999,22.290421361111115,121.14359435386481,26.66666603088379,122.15,40.63,127.77196652719667,-50.149700062111805,-43.20001,31.347826086956523,33.0,121.14359435386481,119.33371397776125,0,0,90.8031837082668,90.8031837082668,89.44658783410719
1932,2020-10-25T05:10:28,2020-10-25T05:33:58,142,56.8,82.8,26.0,31.34777913888889,120.5683813034188,23.5,105.9,35.23,127.8985507246377,-80.03662316901408,-79.89999,31.204225352112676,33.0,120.5683813034188,119.33371397776125,0,0,90.37203275414807,90.37203275414807,89.44658783410719
1936,2020-10-25T15:42:39,2020-10-25T16:11:39,175,40.0,58.8,18.799999999999997,21.79833816666667,115.94860726950358,29.0,75.08,24.97,127.68707482993197,-45.100010000000005,-45.10001,32.00857142857143,34.0,115.94860726950358,119.25943886937294,0,0,86.9092810293896,86.9092810293896,89.39091492504495
1937,2020-10-25T16:11:50,2020-10-25T16:37:00,152,58.8,74.8,16.0,18.916948638888886,118.23092899305554,25.16666603088379,95.57,31.79,127.76737967914437,-45.10001,-45.10001,33.391447368421055,34.0,118.23092899305554,119.25943886937294,0,0,88.61999532551404,88.61999532551404,89.39091492504495
1938,2020-10-25T20:15:03,2020-10-25T20:34:23,117,60.8,79.6,18.799999999999997,22.651253347222227,120.4853901447991,19.33333396911621,101.67,33.82,127.72613065326634,-70.29744623931623,-70.10001,32.07692307692308,33.0,120.4853901447991,119.25943886937294,0,0,90.30982672945068,90.30982672945068,89.39091492504495
1939,2020-10-25T20:34:34,2020-10-25T20:51:24,102,79.6,92.8,13.200000000000003,16.087779666666666,121.87711868686866,16.83333396911621,118.62,39.45,127.82327586206898,-57.337261568627454,-43.30002,32.94607843137255,34.0,121.87711868686866,119.33371397776125,0,0,91.35299688757262,91.35299688757262,89.44658783410719
1941,2020-10-26T12:35:32,2020-10-26T13:09:12,203,57.2,80.4,23.200000000000003,28.055555555555557,120.92911877394634,33.66666793823242,102.76,34.18,127.81094527363184,-50.0,-50.0,31.458128078817733,33.0,120.92911877394634,119.33371397776125,0,0,90.64242353280605,90.64242353280605,89.44658783410719
1943,2020-10-26T21:18:33,2020-10-26T21:43:33,151,52.8,68.8,16.0,19.04319876388889,119.01999227430555,25.0,87.84,29.22,127.67441860465118,-45.70398390728478,-45.70001,32.682119205298015,34.0,119.01999227430555,119.25943886937294,0,0,89.21143772465156,89.21143772465156,89.39091492504495
1944,2020-10-26T21:43:44,2020-10-26T22:12:14,172,68.8,86.8,18.0,21.707504750000002,120.59724861111113,28.5,110.87,36.88,127.73041474654379,-45.700010000000006,-45.70001,33.366279069767444,34.0,120.59724861111113,119.25943886937294,0,0,90.39367024523895,90.39367024523895,89.39091492504495
1946,2020-10-27T14:16:39,2020-10-27T14:58:41,316,60.8,87.2,26.400000000000006,31.599423672222223,119.69478663720535,42.03333282470703,111.4,37.05,127.75229357798166,-45.07627582278481,-26.20001,32.55696202531646,34.0,119.69478663720535,119.25943886937294,0,0,89.71722985362466,89.71722985362466,89.39091492504495
1948,2020-10-27T22:38:17,2020-10-27T23:11:47,202,50.8,83.6,32.8,39.06055711111111,119.08706436314364,33.5,106.84,35.54,127.79904306220097,-69.9589137128713,-69.70001,35.789603960396036,38.0,119.08706436314364,119.25943886937294,0,0,89.2617116102577,89.2617116102577,89.39091492504495
1949,2020-10-27T23:11:58,2020-10-27T23:30:38,113,83.6,96.4,12.800000000000011,15.471530055555556,120.87132855902767,18.66666603088379,123.17,40.97,127.76970954356845,-49.790272743362834,-42.89999,36.97787610619469,38.0,120.87132855902767,119.33371397776125,0,0,90.59910687599239,90.59910687599239,89.44658783410719
1953,2020-10-28T13:47:17,2020-10-28T14:09:37,135,40.4,62.8,22.4,26.04430443055556,116.26921620783733,22.33333396911621,80.29,26.71,127.85031847133759,-69.9696265925926,-69.89999,33.22592592592593,35.0,116.26921620783733,119.25943886937294,0,0,87.14959346589363,87.14959346589363,89.39091492504495
1955,2020-10-28T14:17:48,2020-10-28T14:45:48,169,67.6,92.8,25.200000000000003,30.310834291666673,120.28108845899473,28.0,118.6,39.45,127.80172413793103,-64.90236893491124,-43.0,34.93491124260355,36.0,120.28108845899473,119.25943886937294,0,0,90.15669239653818,90.15669239653818,89.39091492504495
1957,2020-10-29T00:37:35,2020-10-29T01:12:59,215,28.0,47.6,19.6,23.259722222222223,118.67205215419501,35.400001525878906,60.72,20.2,127.56302521008402,-39.348837209302324,-5.0,29.983720930232558,32.0,118.67205215419501,119.19270487767017,0,0,88.95063920026912,88.95063920026912,89.34089446015375
1959,2020-10-29T01:29:09,2020-10-29T02:21:23,317,56.8,86.0,29.200000000000003,34.82222222222222,119.25418569254184,52.233333587646484,109.82,36.53,127.69767441860465,-40.0,-40.0,32.6577287066246,34.0,119.25418569254184,119.19270487767017,0,0,89.38697740624018,89.38697740624018,89.34089446015375
1961,2020-10-29T16:25:19,2020-10-29T16:50:42,154,6.0,19.6,13.600000000000001,16.47861118361111,121.16625870302286,25.383333206176758,24.85,8.26,126.78571428571429,-38.83376644285715,-0.2000122,25.935064935064936,27.0,121.16625870302286,119.19270487767017,0,0,90.82017177165721,90.82017177165721,89.34089446015375
1965,2020-10-29T17:04:27,2020-10-29T17:33:37,176,24.4,40.8,16.4,19.444444444444443,118.56368563685638,29.16666603088379,52.0,17.3,127.45098039215686,-40.0,-40.0,27.011363636363637,29.0,118.56368563685638,119.12133624423583,0,0,88.86941307490765,88.86941307490765,89.28740009945469
1966,2020-10-29T17:33:48,2020-10-29T18:03:28,179,40.8,58.0,17.200000000000003,19.77777777777778,114.98708010335915,29.66666603088379,74.05,24.63,127.67241379310346,-40.0,-40.0,28.85754189944134,31.0,114.98708010335915,119.12133624423583,0,0,86.18856832168451,86.18856832168451,89.28740009945469
1967,2020-10-29T18:03:39,2020-10-29T18:27:19,143,58.0,71.6,13.599999999999994,15.777499972222222,116.01102920751637,23.66666603088379,91.38,30.4,127.62569832402235,-39.99930062937063,-39.89999,30.045454545454547,31.0,116.01102920751637,119.09478723893898,0,0,86.95606939434636,86.95606939434636,89.2675002919733
1971,2020-10-29T18:44:20,2020-10-29T19:05:50,130,76.8,88.4,11.600000000000009,13.991805447222221,120.61901247605354,21.5,112.92,37.56,127.73755656108597,-38.91923044615385,-4.899994,30.676923076923078,32.0,120.61901247605354,119.12133624423583,0,0,90.40998335066651,90.40998335066651,89.28740009945469
1972,2020-10-29T19:06:01,2020-10-29T19:24:51,114,88.8,98.0,9.200000000000003,10.919721916666663,118.69262952898544,18.83333396911621,125.17,41.63,127.72448979591837,-34.65877096491228,0.0,31.0,32.0,118.69262952898544,119.09478723893898,0,0,88.96606297197818,88.96606297197818,89.2675002919733
1974,2020-10-30T17:14:34,2020-10-30T17:45:34,187,21.2,43.2,22.000000000000004,25.935560722222224,117.88891237373737,31.0,55.16,18.34,127.68518518518516,-50.197870962566846,-50.10001,31.155080213903744,33.0,117.88891237373737,119.09478723893898,0,0,88.36363676127571,88.36363676127571,89.2675002919733
1976,2020-10-30T18:26:26,2020-10-30T18:58:31,194,66.8,91.2,24.400000000000006,26.839172013888895,109.99660661429873,32.08333206176758,116.51,38.76,127.75219298245614,-50.19279350515465,-50.10001,34.42783505154639,36.0,109.99660661429873,119.09478723893898,0,0,82.44795881248737,82.44795881248737,89.2675002919733
1978,2020-10-31T02:14:05,2020-10-31T02:33:05,115,30.4,40.8,10.399999999999999,12.22236111986111,117.52270307558763,19.0,51.98,17.29,127.40196078431373,-38.436521846086954,-0.3000183,30.891304347826086,33.0,117.52270307558763,119.0535283187246,0,0,88.08914457410786,88.08914457410786,89.23657466745463
1979,2020-10-31T02:33:16,2020-10-31T03:05:56,197,40.8,59.6,18.800000000000004,21.778055583333334,115.84072118794323,32.66666793823242,76.13,25.32,127.73489932885906,-40.00050766497462,-40.0,32.286802030456855,34.0,115.84072118794323,118.88102748635913,0,0,86.82841501467591,86.82841501467591,89.10727666490936
1980,2020-10-31T03:06:07,2020-10-31T03:38:07,193,59.6,77.6,17.999999999999993,21.336667,118.53703888888892,32.0,99.07,32.96,127.66752577319588,-40.006218238341965,-40.0,33.36010362694301,35.0,118.53703888888892,118.7328346873387,0,0,88.84944000440548,88.84944000440548,88.99619874927158
1983,2020-10-31T13:09:53,2020-10-31T13:33:43,144,28.4,52.0,23.6,27.811806180555553,117.84663635828623,23.83333396911621,66.3,22.05,127.49999999999999,-70.01597381944445,-70.0,31.663194444444443,34.0,117.84663635828623,118.7328346873387,0,0,88.33194877300082,88.33194877300082,88.99619874927158
1984,2020-10-31T13:33:54,2020-10-31T14:02:54,175,52.4,81.2,28.800000000000004,33.84625129166666,117.52170587384256,29.0,103.78,34.52,127.807881773399,-70.02685982857143,-70.0,34.43714285714286,36.0,117.52170587384256,118.70811810262505,0,0,88.08839712151878,88.08839712151878,88.9776724326771
1985,2020-10-31T14:03:05,2020-10-31T14:27:15,146,81.2,97.6,16.39999999999999,20.349170472222227,124.08030775745266,24.16666603088379,124.68,41.47,127.74590163934427,-50.56370808219179,-43.10001,35.38013698630137,36.0,124.08030775745266,118.7328346873387,0,0,93.00439730199248,93.00439730199248,88.99619874927158
1988,2020-10-31T23:48:11,2020-11-01T00:09:31,129,49.6,64.0,14.399999999999999,15.632085208333333,108.5561472800926,21.33333396911621,81.77,27.2,127.76562499999999,-43.96512162790698,-43.30002,31.488372093023255,33.0,108.5561472800926,118.70811810262505,0,0,81.36826248808956,81.36826248808956,88.9776724326771
1989,2020-11-01T00:09:42,2020-11-01T00:35:02,153,64.0,78.8,14.799999999999997,17.964585805555554,121.38233652402404,25.33333396911621,100.68,33.49,127.76649746192895,-42.54771823529412,-41.80002,32.0,33.0,121.38233652402404,118.7328346873387,0,0,90.98213290695539,90.98213290695539,88.99619874927158
1990,2020-11-01T00:35:13,2020-11-01T01:06:23,188,78.8,96.4,17.60000000000001,21.266947597222224,120.83492952967167,31.16666603088379,123.15,40.96,127.74896265560166,-40.94202739361703,-40.10001,32.13563829787234,34.0,120.83492952967167,118.88102748635913,0,0,90.5718239827693,90.5718239827693,89.10727666490936
1993,2020-11-01T04:55:21,2020-11-01T05:23:51,172,57.6,68.0,10.399999999999999,12.35,118.75000000000001,28.5,86.83,28.88,127.69117647058822,-26.0,-26.0,32.5,34.0,118.75000000000001,118.74603134920636,0,0,89.00906500973966,89.00906500973966,89.0060903074534
1994,2020-11-01T05:24:02,2020-11-01T05:54:32,184,68.0,79.2,11.200000000000003,13.216944472222224,118.0084327876984,30.5,101.1,33.63,127.65151515151514,-26.000543532608695,-26.0,32.5,34.0,118.0084327876984,118.73680333813235,0,0,88.45322329008623,88.45322329008623,88.99917345155784
1995,2020-11-01T05:54:43,2020-11-01T06:26:23,191,79.2,90.4,11.200000000000003,13.723611250000001,122.5322433035714,31.66666603088379,115.49,38.42,127.75442477876105,-26.002618062827224,-26.0,32.32722513089005,34.0,122.5322433035714,118.73680333813235,0,0,91.84404555786799,91.84404555786799,88.99917345155784
1998,2020-11-02T01:04:44,2020-11-02T01:39:04,207,19.6,53.6,34.0,40.14320019444446,118.06823586601311,34.33333206176758,68.47,22.77,127.74253731343282,-70.15315014492754,-70.10001,30.881642512077295,34.0,118.06823586601311,118.70811810262505,0,0,88.49804868870093,88.49804868870093,88.9776724326771
1999,2020-11-02T01:39:15,2020-11-02T02:08:35,177,54.0,82.8,28.799999999999997,34.29542152777778,119.08132474922843,29.33333396911621,105.76,35.18,127.72946859903382,-70.14972745762712,-70.0,34.25706214689266,36.0,119.08132474922843,118.70811810262505,0,0,89.25740948252626,89.25740948252626,88.9776724326771
2002,2020-12-07T22:08:09,2020-12-07T22:36:59,174,45.6,63.6,18.0,21.32375268055556,118.46529266975313,28.83333396911621,80.43,26.73,126.46226415094341,-44.37299408045977,-43.39999,22.4683908045977,24.0,118.46529266975313,118.70811810262505,0,0,88.79566262433592,88.79566262433592,88.9776724326771
2003,2020-12-07T22:37:10,2020-12-07T23:03:40,160,63.6,79.6,15.999999999999993,18.808057847222226,117.55036154513897,26.5,101.03,33.59,126.92211055276383,-42.5843801875,-41.80002,23.8375,25.0,117.55036154513897,118.70811810262505,0,0,88.10987598054463,88.10987598054463,88.9776724326771
2004,2020-12-07T23:03:51,2020-12-07T23:34:51,187,79.6,96.8,17.200000000000003,21.136531180555554,122.88680918927645,31.0,123.39,41.04,127.46900826446281,-40.90963219251337,-40.0,24.8048128342246,26.0,122.88680918927645,118.70811810262505,0,0,92.10981042499182,92.10981042499182,88.9776724326771
2006,2020-12-08T16:57:56,2020-12-08T17:25:16,165,49.2,76.0,26.799999999999997,31.924446791666664,119.12107011815921,27.33333396911621,96.85,32.21,127.43421052631578,-70.07818696969697,-69.89999,24.21212121212121,26.0,119.12107011815921,118.73680333813235,0,0,89.28720062464832,89.28720062464832,88.99917345155784
2007,2020-12-08T17:25:27,2020-12-08T17:57:37,194,76.0,97.6,21.599999999999994,26.265421013888893,121.59917136059676,32.16666793823242,124.66,41.47,127.72540983606557,-48.95361639175259,-12.70001,26.167525773195877,27.0,121.59917136059676,118.73680333813235,0,0,91.14466146329119,91.14466146329119,88.99917345155784
2009,2020-12-09T19:57:33,2020-12-09T20:24:43,164,18.8,36.0,17.2,20.51084238888889,119.24908365633077,27.16666603088379,45.74,15.21,127.05555555555557,-45.30002000000002,-45.30002,23.817073170731707,26.0,119.24908365633077,118.88499613715278,0,0,89.38315317489034,89.38315317489034,89.11025136719562
2010,2020-12-09T20:24:54,2020-12-09T20:57:34,197,36.4,57.6,21.200000000000003,24.66334422222223,116.33652935010484,32.66666793823242,73.56,24.47,127.70833333333333,-45.30002,-45.30002,26.390862944162436,28.0,116.33652935010484,118.88499613715278,0,0,87.20004803310287,87.20004803310287,89.11025136719562
2011,2020-12-09T20:57:45,2020-12-09T21:27:15,178,58.0,76.8,18.799999999999997,22.27250983333334,118.47079698581567,29.5,98.04,32.61,127.65625,-45.30002000000001,-45.30002,28.337078651685392,29.0,118.47079698581567,118.73680333813235,0,0,88.79978838455693,88.79978838455693,88.99917345155784
2012,2020-12-09T21:27:26,2020-12-09T21:56:36,176,76.8,94.8,18.0,21.74834002777778,120.82411126543211,29.16666603088379,121.15,40.3,127.79535864978904,-44.73751375000001,-43.5,29.176136363636363,30.0,120.82411126543211,118.88499613715278,0,0,90.5637151525799,90.5637151525799,89.11025136719562
2015,2020-12-10T03:24:09,2020-12-10T03:50:39,160,66.0,90.0,24.0,28.874308375000005,120.30961822916669,26.5,115.02,38.26,127.8,-65.320631375,-42.80002,27.315625,29.0,120.30961822916669,119.05065851176698,0,0,90.17807688637353,90.17807688637353,89.23442360358891
2017,2020-12-11T00:41:37,2020-12-11T01:07:57,159,33.6,60.4,26.799999999999997,30.88874898611111,115.25652606757879,26.33333396911621,77.05,25.63,127.56622516556291,-70.37924301886792,-70.30002,26.962264150943398,29.0,115.25652606757879,119.05065851176698,0,0,86.39053154985999,86.39053154985999,89.23442360358891
2018,2020-12-11T01:08:08,2020-12-11T01:37:18,176,60.4,88.4,28.000000000000007,33.329862222222225,119.0352222222222,29.16666603088379,112.95,37.57,127.77149321266968,-68.49886590909091,-43.70001,29.730113636363637,31.0,119.0352222222222,119.02760724826388,0,0,89.22285333243437,89.22285333243437,89.21714552854297
2020,2020-12-11T06:19:47,2020-12-11T06:48:07,171,44.4,72.8,28.4,33.069030472222224,116.44024814162756,28.33333396911621,93.04,30.95,127.80219780219781,-70.02866076023392,-69.70001,30.08187134502924,32.0,116.44024814162756,118.88499613715278,0,0,87.2777904554808,87.2777904554808,89.11025136719562
2021,2020-12-11T06:48:18,2020-12-11T07:15:28,164,72.8,94.4,21.60000000000001,26.303891486111112,121.77727539866251,27.16666603088379,120.65,40.13,127.8072033898305,-58.08598128048781,-43.0,31.496951219512194,33.0,121.77727539866251,118.88499613715278,0,0,91.27815934878754,91.27815934878754,89.11025136719562
2023,2020-12-11T13:56:46,2020-12-11T14:15:06,111,52.4,65.2,12.800000000000004,15.315003027777776,119.64846115451384,18.33333396911621,83.25,27.69,127.6840490797546,-50.122532432432436,-50.0,28.914414414414413,30.0,119.64846115451384,119.02760724826388,0,0,89.68250658709415,89.68250658709415,89.21714552854297
2024,2020-12-11T14:15:17,2020-12-11T14:46:37,189,65.2,87.2,22.0,26.194033000000005,119.06378636363638,31.33333396911621,111.47,37.08,127.83256880733944,-50.158740158730154,-50.10001,29.645502645502646,31.0,119.06378636363638,119.0495042929293,0,0,89.24426358523506,89.24426358523506,89.23355845883472
2026,2020-12-12T00:22:53,2020-12-12T00:49:03,158,40.0,56.4,16.4,19.52639733333334,119.06339837398379,26.16666603088379,72.01,23.95,127.67730496453903,-44.74622183544305,-36.0,26.085443037974684,28.0,119.06339837398379,119.049310298103,0,0,89.24397276758278,89.24397276758278,89.23341305000858
2027,2020-12-12T00:49:14,2020-12-12T01:19:44,184,56.4,75.6,19.199999999999996,22.772232277777785,118.60537644675934,30.5,96.56,32.12,127.72486772486775,-44.79784586956523,-44.70001,27.625,29.0,118.60537644675934,119.02760724826388,0,0,88.90066242235154,88.90066242235154,89.21714552854297
2028,2020-12-12T01:19:55,2020-12-12T01:49:25,178,76.0,94.0,18.0,21.80917408333334,121.16207824074078,29.5,120.11,39.95,127.77659574468086,-44.355071235955066,-43.0,28.370786516853933,30.0,121.16207824074078,119.02760724826388,0,0,90.81703830606533,90.81703830606533,89.21714552854297
2030,2020-12-12T05:53:22,2020-12-12T06:23:52,184,47.6,77.2,29.6,35.18347798611112,118.86310130442945,30.5,98.62,32.81,127.74611398963731,-69.2135983152174,-69.20001,27.516304347826086,30.0,118.86310130442945,118.94916176332583,0,0,89.0938400948651,89.0938400948651,89.15834671364973
2031,2020-12-12T06:24:03,2020-12-12T06:45:05,128,77.2,93.2,16.0,19.38982005972221,121.18637537326381,21.03333282470703,119.04,39.6,127.72532188841201,-55.403126875,-42.39999,28.78515625,30.0,121.18637537326381,118.94916176332583,0,0,90.8352502222615,90.8352502222615,89.15834671364973
2033,2020-12-12T19:20:35,2020-12-12T19:49:55,177,17.6,46.4,28.799999999999997,34.26500427777778,118.97570929783951,29.33333396911621,59.28,19.72,127.75862068965519,-70.08757937853107,-70.0,27.994350282485875,31.0,118.97570929783951,118.91940530113447,0,0,89.17824541870554,89.17824541870554,89.13604275678532
2034,2020-12-12T19:50:06,2020-12-12T20:19:36,178,46.4,76.0,29.6,34.44361380555556,116.36356015390389,29.5,97.07999,32.29,127.73682894736841,-70.05506168539326,-70.0,31.54494382022472,33.0,116.36356015390389,118.80655065221472,0,0,87.22030897266174,87.22030897266174,89.05145255230238
2035,2020-12-12T20:19:47,2020-12-12T20:46:37,162,76.4,96.4,20.0,24.338332569444443,121.6916628472222,26.83333396911621,123.22,40.99,127.82157676348547,-54.43518345679012,-43.30002,32.90432098765432,34.0,121.6916628472222,118.80655065221472,0,0,91.21398845904606,91.21398845904606,89.05145255230238
2037,2020-12-13T18:01:48,2020-12-13T18:23:48,133,44.0,65.6,21.599999999999994,25.73528190277779,119.14482362397128,22.0,83.73,27.85,127.63719512195124,-70.18647736842104,-69.89999,26.710526315789473,28.0,119.14482362397128,118.91940530113447,0,0,89.30500506543179,89.30500506543179,89.13604275678532
2038,2020-12-13T18:23:59,2020-12-13T18:47:09,140,65.6,88.0,22.400000000000006,26.51070145833334,118.35134579613096,23.16666603088379,112.47,37.41,127.80681818181819,-68.57644664285714,-43.39999,28.478571428571428,30.0,118.35134579613096,118.80655065221472,0,0,88.71025374280418,88.71025374280418,89.05145255230238
2039,2020-12-14T01:56:33,2020-12-14T02:21:12,149,26.0,41.6,15.600000000000001,18.48830966388889,118.51480553774928,24.649999618530273,52.88,17.58,127.11538461538461,-44.90537912751678,-16.10001,25.114093959731544,27.0,118.51480553774928,118.80655065221472,0,0,88.83277499558886,88.83277499558886,89.05145255230238
2040,2020-12-14T02:21:23,2020-12-14T02:51:13,180,41.6,61.2,19.6,22.424727194444447,114.4118734410431,29.83333396911621,78.17,26.0,127.72875816993465,-45.10001,-45.10001,27.05,29.0,114.4118734410431,118.72131476449272,0,0,85.75742215578872,85.75742215578872,88.98756399085892
2041,2020-12-14T03:00:34,2020-12-14T03:19:24,114,61.2,73.2,12.0,14.135697583333338,117.79747986111116,18.83333396911621,93.50999,31.1,127.74588797814208,-44.96930824561404,-30.20001,27.973684210526315,29.0,117.79747986111116,118.6490029878724,0,0,88.29510351950434,88.29510351950434,88.93336269716485
2043,2020-12-14T12:46:27,2020-12-14T13:13:17,162,47.2,74.0,26.799999999999997,31.232226333333344,116.53815796019906,26.83333396911621,93.55,31.1,126.41891891891892,-69.83581172839506,-69.80002,22.354938271604937,24.0,116.53815796019906,118.6490029878724,0,0,87.35117876206034,87.35117876206034,88.93336269716485
2044,2020-12-14T13:13:28,2020-12-14T13:36:48,142,74.0,92.4,18.400000000000006,22.02042079166667,119.67619995471013,23.33333396911621,117.32,39.01,126.96969696969695,-56.71620767605634,-43.10001,23.93661971830986,25.0,119.67619995471013,118.72131476449272,0,0,89.70329820536755,89.70329820536755,88.98756399085892
2047,2020-12-15T10:12:43,2020-12-15T10:45:23,197,31.6,64.0,32.4,37.904866555555564,116.99032887517149,32.66666793823242,81.68999,27.17,127.64060937499998,-69.62132979695431,-69.60001,25.063451776649746,28.0,116.99032887517149,118.72131476449272,0,0,87.6901034809344,87.6901034809344,88.98756399085892
2048,2020-12-15T10:45:34,2020-12-15T11:15:24,180,64.4,90.4,26.0,31.16972730555556,119.88356655982908,29.83333396911621,115.53,38.43,127.79867256637168,-62.6516768888889,-42.60001,27.505555555555556,29.0,119.88356655982908,118.72131476449272,0,0,89.85872984861707,89.85872984861707,88.98756399085892
2049,2020-12-15T11:15:35,2020-12-15T11:32:45,104,90.4,97.6,7.199999999999989,8.699447874999999,120.82566493055573,17.16666603088379,124.68,41.47,127.74590163934427,-30.37789663461539,-12.30002,28.0,29.0,120.82566493055573,118.80655065221472,0,0,90.56487970230616,90.56487970230616,89.05145255230238
2050,2020-12-16T02:52:01,2020-12-16T03:14:01,133,50.0,70.0,20.0,23.672227152777786,118.36113576388892,22.0,88.52,29.42,126.45714285714286,-64.55414879699248,-57.60001,19.924812030075188,25.0,118.36113576388892,118.80655065221472,0,0,88.71759181334409,88.71759181334409,89.05145255230238
2051,2020-12-16T03:14:12,2020-12-16T03:45:32,189,70.0,94.8,24.799999999999997,29.741808055555563,119.9266453853047,31.33333396911621,120.47,40.05,127.07805907172997,-56.950269417989425,-43.20001,24.37830687830688,26.0,119.9266453853047,118.91940530113447,0,0,89.89101958316277,89.89101958316277,89.13604275678532
2054,2020-12-16T16:12:14,2020-12-16T16:42:34,183,54.0,83.6,29.599999999999994,35.203894416666664,118.932075731982,30.33333396911621,105.31,35.01,125.96889952153111,-69.60711475409836,-59.20001,21.434426229508198,23.0,118.932075731982,118.95389251491076,0,0,89.14553987849486,89.14553987849486,89.1618926486002
2056,2020-12-17T13:10:42,2020-12-17T13:32:52,134,32.4,52.8,20.4,23.703613194444443,116.19418232570807,22.16666603088379,66.74,22.18,126.40151515151514,-64.15224447761194,-57.10001,19.80223880597015,25.0,116.19418232570807,118.95389251491076,0,0,87.09335181795782,87.09335181795782,89.1618926486002
2057,2020-12-17T13:33:03,2020-12-17T14:01:33,172,52.8,80.8,28.0,32.891673305555564,117.47026180555558,28.5,103.04,34.27,127.52475247524754,-69.24536279069768,-69.10001,25.13372093023256,27.0,117.47026180555558,118.95389251491076,0,0,88.04983721904702,88.04983721904702,89.1618926486002
2059,2020-12-18T10:46:45,2020-12-18T11:21:45,211,18.8,54.0,35.2,41.32444877777779,117.39900220959598,35.0,67.96,22.59,125.85185185185183,-70.8421874407583,-70.80002,19.618483412322274,23.0,117.39900220959598,118.95389251491076,0,0,87.99642458738946,87.99642458738946,89.1618926486002
2060,2020-12-18T11:21:56,2020-12-18T11:51:16,177,54.4,83.6,29.199999999999996,34.438335916666674,117.93950656392697,29.33333396911621,106.64,35.47,127.5598086124402,-70.41356451977403,-59.70001,23.838983050847457,26.0,117.93950656392697,118.95389251491076,0,0,88.40155963760161,88.40155963760161,89.1618926486002
2061,2020-12-18T11:51:27,2020-12-18T12:14:07,137,83.6,97.6,14.0,17.268059,123.34327857142857,22.66666603088379,124.47,41.4,127.53073770491804,-45.64526459854015,-14.0,25.105839416058394,26.0,123.34327857142857,118.95389251491076,0,0,92.45195706003126,92.45195706003126,89.1618926486002
2064,2020-12-19T03:34:51,2020-12-19T05:19:03,782,7.6,92.8,85.2,102.04755789027777,119.77412897919926,104.19999694824219,117.36,39.01,126.46551724137932,-58.75077659846548,-43.20001,21.14002557544757,25.0,119.77412897919926,119.00546576003086,0,0,89.77670090774306,89.77670090774306,89.20054937556995
2065,2020-12-19T11:16:54,2020-12-19T12:28:41,539,41.6,95.6,53.99999999999999,64.85319043472222,120.09850080504117,71.78333282470703,117.9,39.19,123.326359832636,-54.1586353432282,0.0,20.75231910946197,23.0,120.09850080504117,119.00546576003086,0,0,90.01983381665836,90.01983381665836,89.20054937556995
2066,2020-12-19T20:44:42,2020-12-19T22:08:45,631,37.2,97.6,60.39999999999999,73.10819370833332,121.04005580849889,84.05000305175781,120.84,40.17,123.81147540983608,-52.167362773375594,-18.30002,22.007923930269413,25.0,121.04005580849889,119.00546576003086,0,0,90.72557638939952,90.72557638939952,89.20054937556995
2067,2020-12-20T03:39:47,2020-12-20T04:00:27,125,44.0,57.2,13.200000000000003,15.56708679166667,117.93247569444443,20.66666603088379,69.67,23.14,121.80069930069929,-45.19521007999999,-45.10001,19.624,22.0,117.93247569444443,119.00546576003086,0,0,88.39628964923239,88.39628964923239,89.20054937556995
2068,2020-12-20T04:00:38,2020-12-20T04:27:08,160,57.2,74.0,16.799999999999997,19.95972663888889,118.80789666005292,26.5,90.48,30.06,122.27027027027027,-45.191885000000006,-45.10001,20.63125,22.0,118.80789666005292,119.00546576003086,0,0,89.05246145250594,89.05246145250594,89.20054937556995
2069,2020-12-20T04:27:19,2020-12-20T04:56:49,178,74.0,92.0,18.0,22.07542158333334,122.64123101851857,29.5,113.08,37.58,122.91304347826086,-44.896639213483155,-43.70001,21.502808988764045,23.0,122.64123101851857,119.00546576003086,0,0,91.92573730191005,91.92573730191005,89.20054937556995
2071,2020-12-20T14:18:56,2020-12-20T14:47:36,173,26.4,44.4,18.0,21.549588111111113,119.7199339506173,28.66666603088379,54.51,18.11,122.77027027027026,-45.10405624277457,-45.10001,19.716763005780347,21.0,119.7199339506173,119.049310298103,0,0,89.73607902292406,89.73607902292406,89.23341305000858
2072,2020-12-20T14:47:47,2020-12-20T15:20:07,195,44.8,65.6,20.799999999999997,24.303894277777783,116.84564556623936,32.33333206176758,81.23,27.0,123.82621951219514,-45.10001,-45.10001,22.05897435897436,24.0,116.84564556623936,119.00546576003086,0,0,87.58165610366649,87.58165610366649,89.20054937556995
2073,2020-12-20T15:20:18,2020-12-20T15:47:08,162,66.0,82.8,16.799999999999997,20.169726694444446,120.05789699074076,26.83333396911621,102.91,34.21,124.28743961352657,-45.10001,-45.10001,23.44753086419753,24.0,120.05789699074076,119.049310298103,0,0,89.98939922679133,89.98939922679133,89.23341305000858
2074,2020-12-20T15:47:19,2020-12-20T16:05:49,112,82.8,94.0,11.200000000000003,13.703753083333332,122.35493824404757,18.5,116.86,38.85,124.31914893617022,-44.44376,-43.60001,23.897321428571427,25.0,122.35493824404757,119.06359236881008,0,0,91.71114654675462,91.71114654675462,89.24411817640892
2075,2020-12-20T20:21:57,2020-12-20T20:42:07,122,53.6,73.2,19.6,23.555280069444443,120.18000035430838,20.16666603088379,90.63,30.13,123.81147540983606,-70.08197401639345,-69.89999,23.233606557377048,25.0,120.18000035430838,119.06359236881008,0,0,90.08092180553405,90.08092180553405,89.24411817640892
2076,2020-12-20T20:42:18,2020-12-20T21:13:58,191,73.2,95.6,22.39999999999999,27.233472944444447,121.57800421626989,31.66666603088379,118.82,39.5,124.2887029288703,-51.561781465968586,-18.39999,24.36387434554974,26.0,121.57800421626989,119.06359236881008,0,0,91.12879562981362,91.12879562981362,89.24411817640892
2078,2020-12-21T03:30:19,2020-12-21T04:47:10,577,37.6,97.6,59.99999999999999,72.46036613055556,120.76727688425926,76.8499984741211,121.31,40.33,124.29303278688525,-56.555983119584056,-18.20001,22.992201039861353,26.0,120.76727688425926,119.06359236881008,0,0,90.52111494097062,90.52111494097062,89.24411817640892
2079,2020-12-21T14:01:44,2020-12-21T15:10:19,515,46.0,97.6,51.599999999999994,62.28860259027778,120.71434610518952,68.58333587646484,121.29,40.33,124.27254098360656,-54.47709207766991,-18.30002,22.949514563106796,25.0,120.71434610518952,119.06359236881008,0,0,90.48144067440023,90.48144067440023,89.24411817640892
2080,2020-12-22T15:44:31,2020-12-22T16:03:21,114,31.6,42.0,10.399999999999999,12.215138880555557,117.45325846688037,18.83333396911621,51.5,17.12,122.61904761904762,-38.771929824561404,-5.100006,20.236842105263158,22.0,117.45325846688037,119.06359236881008,0,0,88.03709236618366,88.03709236618366,89.24411817640892
2081,2020-12-22T16:03:32,2020-12-22T16:35:52,195,42.0,60.8,18.799999999999997,21.555555555555557,114.65721040189128,32.33333206176758,75.17,24.99,123.63486842105264,-40.0,-40.0,22.07948717948718,24.0,114.65721040189128,119.06359236881008,0,0,85.94131447997758,85.94131447997758,89.24411817640892
2082,2020-12-22T16:36:03,2020-12-22T17:05:23,177,60.8,77.2,16.400000000000006,19.555555555555557,119.24119241192409,29.33333396911621,95.98,31.91,124.32642487046633,-40.0,-40.0,23.5225988700565,25.0,119.24119241192409,119.06359236881008,0,0,89.37723829247854,89.37723829247854,89.24411817640892
2084,2020-12-22T20:26:39,2020-12-22T20:57:39,187,52.0,68.8,16.799999999999997,20.32597219722222,120.98792974537038,31.0,85.77,28.52,124.66569767441861,-39.25026731550802,-4.899994,24.358288770053477,25.0,120.98792974537038,119.06359236881008,0,0,90.68650529767989,90.68650529767989,89.24411817640892
2085,2020-12-22T20:57:50,2020-12-22T21:24:20,160,68.8,83.2,14.400000000000006,17.666666666666668,122.68518518518516,26.5,103.79,34.52,124.74759615384615,-40.0,-40.0,25.034375,26.0,122.68518518518516,119.10430499380382,0,0,91.95868314846395,91.95868314846395,89.27463432533342
2086,2020-12-22T21:24:31,2020-12-22T21:51:21,162,83.6,97.6,14.0,17.552916791666668,125.37797708333333,26.83333396911621,122.02,40.59,125.02049180327869,-39.17037067901234,-13.10001,25.57716049382716,27.0,125.37797708333333,119.19300801794768,0,0,93.97706537263213,93.97706537263213,89.34112167895516
2088,2020-12-23T06:22:18,2020-12-23T06:49:48,166,52.0,69.2,17.200000000000003,20.535286361111115,119.3911997739018,27.5,85.71,28.49,123.85838150289015,-44.804235602409655,-44.80002,22.71385542168675,24.0,119.3911997739018,119.31619609291295,0,0,89.48967631381927,89.48967631381927,89.43345730314891
2089,2020-12-23T06:49:59,2020-12-23T07:18:19,171,69.2,86.8,17.599999999999994,21.157786555555557,120.21469633838389,28.33333396911621,107.92,35.88,124.33179723502305,-44.80469695906434,-44.80002,23.728070175438596,25.0,120.21469633838389,119.31619609291295,0,0,90.10692818113114,90.10692818113114,89.43345730314891
2090,2020-12-23T15:41:31,2020-12-23T16:01:41,122,15.6,35.2,19.6,23.528611194444448,120.04393466553289,20.16666603088379,43.91,14.61,124.74431818181816,-70.00245926229509,-69.89999,25.53688524590164,27.0,120.04393466553289,119.31619609291295,0,0,89.97893376563668,89.97893376563668,89.43345730314891
2091,2020-12-23T16:01:52,2020-12-23T16:32:32,185,35.2,66.0,30.799999999999997,35.79500172222222,116.21753805916305,30.66666603088379,82.50999,27.44,125.01513636363636,-70.03405745945946,-70.0,29.062162162162164,32.0,116.21753805916305,119.31619609291295,0,0,87.11085810846262,87.11085810846262,89.43345730314891
2093,2020-12-24T00:57:37,2020-12-24T02:06:44,519,12.4,81.2,68.8,80.62623672916668,117.1892975714632,69.11666870117188,101.56,33.78,125.07389162561576,-69.99152269749518,-69.70001,28.802504816955683,33.0,117.1892975714632,119.31619609291295,0,0,87.839240471445,87.839240471445,89.43345730314891
2096,2020-12-24T06:51:11,2020-12-24T07:15:41,149,60.4,84.0,23.6,28.626086569444446,121.29697698917137,24.5,105.06,34.95,125.07142857142858,-70.10470590604025,-70.0,27.298657718120804,30.0,121.29697698917137,119.53369986430596,0,0,90.91815166580251,90.91815166580251,89.5964872595934
2098,2020-12-24T13:16:03,2020-12-24T13:40:43,149,14.8,31.6,16.8,20.556805680555556,122.36193857473545,24.66666603088379,39.35,13.09,124.5253164556962,-50.00335604026846,-50.0,26.318791946308725,28.0,122.36193857473545,119.53369986430596,0,0,91.71639364476967,91.71639364476967,89.5964872595934
2099,2020-12-24T13:40:54,2020-12-24T14:11:24,184,32.0,53.2,21.200000000000003,25.416666666666668,119.88993710691824,30.5,66.45,22.1,124.90601503759399,-50.0,-50.0,28.61413043478261,31.0,119.88993710691824,119.69806695266371,0,0,89.86350489232238,89.86350489232238,89.71968861414581
2100,2020-12-24T14:11:35,2020-12-24T14:39:55,171,53.6,73.2,19.6,23.61111111111111,120.46485260770974,28.33333396911621,91.46,30.42,124.94535519125682,-50.0,-50.0,30.79824561403509,32.0,120.46485260770974,119.69806695266371,0,0,90.2944328180913,90.2944328180913,89.71968861414581
2101,2020-12-24T14:40:06,2020-12-24T15:05:16,152,73.6,90.4,16.80000000000001,20.74652777777778,123.49123677248669,25.16666603088379,113.02,37.59,125.0221238938053,-49.44407894736842,-43.5,31.80263157894737,33.0,123.49123677248669,119.74703146490828,0,0,92.56285913276142,92.56285913276142,89.75638996533357
2103,2020-12-25T20:30:42,2020-12-25T20:49:22,113,49.2,67.2,18.0,21.76222194444445,120.90123302469138,18.66666603088379,83.98,27.93,124.97023809523809,-69.94955672566371,-69.80002,25.349557522123895,27.0,120.90123302469138,119.82884776951417,0,0,90.62152176886264,90.62152176886264,89.81771537818007
2104,2020-12-25T20:49:33,2020-12-25T21:18:53,177,67.6,92.4,24.80000000000001,30.126665652777778,121.47849053539422,29.33333396911621,115.54,38.43,125.04329004329004,-61.5949131638418,-43.39999,26.75423728813559,28.0,121.47849053539422,119.82884776951417,0,0,91.05420514821007,91.05420514821007,89.81771537818007
2106,2020-12-26T05:18:15,2020-12-26T05:43:25,152,24.8,49.6,24.8,29.658615305555553,119.59119074820788,25.16666603088379,61.99,20.62,124.97983870967742,-70.70987835526317,-70.70001,24.56578947368421,28.0,119.59119074820788,119.82884776951417,0,0,89.63957955283713,89.63957955283713,89.81771537818007
2107,2020-12-26T05:43:36,2020-12-26T06:12:46,176,50.0,79.2,29.200000000000003,34.36917163888889,117.70264259893455,29.16666603088379,98.97,32.92,124.9621212121212,-70.70228295454545,-70.70001,27.923295454545453,30.0,117.70264259893455,119.82884776951417,0,0,88.2240182476355,88.2240182476355,89.81771537818007
2108,2020-12-26T06:12:57,2020-12-26T06:37:07,146,79.2,96.4,17.200000000000003,21.206249277777776,123.29214696382425,24.16666603088379,120.54,40.09,125.0414937759336,-52.6835598630137,-44.30002,29.126712328767123,31.0,123.29214696382425,119.88675183337367,0,0,92.41363136247081,92.41363136247081,89.86111737046973
2110,2020-12-26T14:26:59,2020-12-26T14:58:09,188,43.6,55.2,11.600000000000001,13.453605916666662,115.97936135057465,31.16666603088379,68.93999,22.93,124.89128623188404,-25.899989999999995,-25.89999,26.51595744680851,28.0,115.97936135057465,119.88675183337367,0,0,86.93233275150641,86.93233275150641,89.86111737046973
2111,2020-12-26T14:58:20,2020-12-26T15:25:30,164,55.2,65.2,10.0,11.726939916666662,117.26939916666662,27.16666603088379,81.42,27.08,124.87730061349693,-25.899989999999995,-25.89999,27.4359756097561,28.0,117.26939916666662,119.88675183337367,0,0,87.89928062382263,87.89928062382263,89.86111737046973
2112,2020-12-26T15:25:41,2020-12-26T15:52:01,159,65.2,74.8,9.599999999999994,11.36721783333333,118.40851909722225,26.33333396911621,93.49,31.1,124.98663101604278,-25.899989999999992,-25.89999,27.5,28.0,118.40851909722225,119.88675183337367,0,0,88.75310799184551,88.75310799184551,89.86111737046973
2113,2020-12-26T15:52:12,2020-12-26T16:23:22,188,74.8,85.6,10.799999999999997,13.453605916666662,124.57042515432099,31.16666603088379,106.97,35.59,124.96495327102804,-25.899989999999995,-25.89999,27.93882978723404,29.0,124.57042515432099,119.90829124611147,0,0,93.37176480717359,93.37176480717359,89.87726223774257
2114,2020-12-26T16:23:33,2020-12-26T16:47:33,145,85.6,94.0,8.400000000000006,10.324023791666663,122.90504513888877,24.0,117.51,39.09,125.01063829787235,-25.721369379310346,0.0,28.5,29.0,122.90504513888877,119.98529002541879,0,0,92.12347918140915,92.12347918140915,89.93497667439973
2116,2020-12-26T23:51:29,2020-12-27T00:17:49,159,44.0,60.4,16.4,19.793893277777777,120.69447120596207,26.33333396911621,75.43999,25.09,124.90064569536423,-45.100010000000005,-45.10001,26.17610062893082,28.0,120.69447120596207,120.05091582813682,0,0,90.46654344326424,90.46654344326424,89.98416649621402
2117,2020-12-27T00:18:00,2020-12-27T00:46:30,172,60.8,78.4,17.60000000000001,21.42250475,121.71877698863632,28.5,98.03,32.61,125.03826530612244,-45.10001,-45.10001,27.343023255813954,29.0,121.71877698863632,120.05091582813682,0,0,91.23431186431607,91.23431186431607,89.98416649621402
2118,2020-12-27T00:46:41,2020-12-27T01:09:21,137,78.4,92.4,14.0,16.90653155555556,120.7609396825397,22.66666603088379,115.49,38.42,124.98917748917748,-44.74964503649635,-43.60001,28.0,29.0,120.7609396825397,120.07819889789096,0,0,90.5163648912878,90.5163648912878,90.00461652172484
2123,2020-12-27T09:46:39,2020-12-27T10:14:59,171,53.6,81.2,27.6,33.064724722222216,119.7997272544283,28.33333396911621,101.6,33.79,125.12315270935959,-70.01871877192983,-69.70001,25.014619883040936,27.0,119.7997272544283,120.07819889789096,0,0,89.795888095482,89.795888095482,90.00461652172484
2124,2020-12-27T10:15:10,2020-12-27T10:41:40,160,81.2,97.6,16.39999999999999,20.25153015277778,123.48493995596212,26.5,122.01,40.58,125.01024590163935,-45.82563037500001,-13.0,26.596875,28.0,123.48493995596212,120.13925057967478,0,0,92.55813935380236,92.55813935380236,90.05037781109621
2126,2020-12-27T23:48:10,2020-12-28T00:18:30,183,32.4,62.4,30.0,35.532370402777794,118.44123467592598,30.33333396911621,77.99,25.94,124.98397435897435,-70.28362491803279,-70.20001,27.502732240437158,30.0,118.44123467592598,120.13925057967478,0,0,88.77762995455433,88.77762995455433,90.05037781109621
2127,2020-12-28T00:18:41,2020-12-28T00:50:01,189,62.4,90.8,28.4,34.09626016666668,120.05725410798128,31.33333396911621,113.56,37.78,125.0660792951542,-65.24710941798942,-43.80002,30.16137566137566,32.0,120.05725410798128,120.13925057967478,0,0,89.98891735400538,89.98891735400538,90.05037781109621
2129,2020-12-28T05:41:08,2020-12-28T06:28:06,353,63.2,97.6,34.39999999999999,42.19076776805555,122.64758072109174,46.96666717529297,122.01,40.58,125.01024590163935,-53.851279745042504,-13.10001,26.539660056657222,29.0,122.64758072109174,120.19734834634613,0,0,91.93049672160797,91.93049672160797,90.09392499333259
2130,2020-12-28T20:06:27,2020-12-28T20:35:57,178,51.2,71.6,20.39999999999999,24.440560972222222,119.80667143246193,29.5,89.5,29.77,125.0,-49.70956157303371,-49.60001,28.81179775280899,30.0,119.80667143246193,120.19734834634613,0,0,89.80109310427386,89.80109310427386,90.09392499333259
2131,2020-12-28T20:36:08,2020-12-28T21:06:08,181,71.6,91.6,20.0,24.343200222222222,121.71600111111111,30.0,114.48,38.08,124.97816593886465,-48.6740446961326,-43.20001,29.715469613259668,31.0,121.71600111111111,120.19734834634613,0,0,91.23223120525839,91.23223120525839,90.09392499333259
2133,2020-12-29T02:37:32,2020-12-29T03:02:02,148,44.8,68.4,23.60000000000001,28.325278444444443,120.02236629001878,24.5,85.45,28.42,124.92690058479532,-69.36824493243243,-69.30002,29.736486486486488,32.0,120.02236629001878,120.19734834634613,0,0,89.96276718931423,89.96276718931423,90.09392499333259
2134,2020-12-29T03:02:13,2020-12-29T03:31:43,178,68.4,92.8,24.39999999999999,29.626805222222224,121.42133287795998,29.5,116.07,38.61,125.07543103448276,-60.23539258426967,-42.89999,31.165730337078653,33.0,121.42133287795998,120.33977447304682,0,0,91.01136262487223,91.01136262487223,90.20068049961122
2136,2020-12-29T13:45:01,2020-12-29T15:06:19,612,26.8,93.2,66.4,79.1625483763889,119.22070538612785,81.30000305175781,116.5,38.76,125.0,-58.41487421568627,-43.39999,29.727941176470587,32.0,119.22070538612785,120.19734834634613,0,0,89.36188224185997,89.36188224185997,90.09392499333259
2137,2020-12-29T20:22:39,2020-12-29T20:40:19,107,56.8,74.0,17.200000000000003,20.84736263888889,121.20559673772607,17.66666603088379,92.53,30.78,125.04054054054055,-70.80093962616823,-70.39999,30.761682242990656,32.0,121.20559673772607,120.33977447304682,0,0,90.8496575964004,90.8496575964004,90.20068049961122
2138,2020-12-29T20:40:30,2020-12-29T21:10:10,179,74.4,96.8,22.39999999999999,27.835695722222226,124.2664987599207,29.66666603088379,121.0,40.25,125.0,-56.30391318435755,-44.10001,31.837988826815643,33.0,124.2664987599207,120.57966190683591,0,0,93.14395677182748,93.14395677182748,90.38048813067778
2140,2020-12-30T14:12:25,2020-12-30T14:40:35,170,45.6,62.8,17.199999999999996,20.712640958333335,120.42233115310081,28.16666603088379,76.54,25.42,121.87898089171975,-44.12412205882354,-43.10001,18.25588235294118,20.0,120.42233115310081,120.44359188040528,0,0,90.26256086089049,90.26256086089049,90.27849683949088
2141,2020-12-30T14:40:46,2020-12-30T15:11:26,185,62.8,80.8,18.0,21.587364194444444,119.92980108024692,30.66666603088379,98.88,32.85,122.37623762376238,-42.23622221621622,-41.39999,19.5,20.0,119.92980108024692,120.44359188040528,0,0,89.89338493437342,89.89338493437342,90.27849683949088
2146,2020-12-31T00:19:59,2020-12-31T00:46:59,163,35.6,52.0,16.4,19.339031430555558,117.92092335704609,27.0,64.39,21.4,123.82692307692308,-42.953382331288346,-33.5,22.144171779141104,26.0,117.92092335704609,120.44359188040528,0,0,88.38763059449131,88.38763059449131,90.27849683949088
2147,2020-12-31T00:47:10,2020-12-31T01:18:10,187,52.0,71.6,19.599999999999994,23.325838500000003,119.00938010204086,31.0,88.99,29.59,124.2877094972067,-45.14706882352941,-45.10001,24.5,26.0,119.00938010204086,120.44359188040528,0,0,89.2034833707063,89.2034833707063,90.27849683949088
2148,2020-12-31T01:18:21,2020-12-31T01:44:11,156,72.0,88.0,16.0,19.460282083333336,121.62676302083335,25.83333396911621,109.42,36.38,124.3409090909091,-45.198086923076936,-45.10001,24.580128205128204,26.0,121.62676302083335,120.44359188040528,0,0,91.16534279280467,91.16534279280467,90.27849683949088
2150,2020-12-31T21:04:40,2020-12-31T21:33:50,176,31.6,50.4,18.799999999999997,21.736114374999996,115.61762965425531,29.16666603088379,61.37,20.38,121.76587301587301,-44.713643068181824,-44.0,17.90625,20.0,115.61762965425531,120.44359188040528,0,0,86.66119675088517,86.66119675088517,90.27849683949088
2151,2020-12-31T21:34:01,2020-12-31T22:01:51,168,50.4,68.0,17.6,19.983613958333333,113.54326112689392,27.83333396911621,83.12,27.61,122.23529411764706,-43.07857755952381,-42.20001,20.05952380952381,21.0,113.54326112689392,120.31851374574235,0,0,85.10635377736038,85.10635377736038,90.18474452101081
2152,2020-12-31T22:02:02,2020-12-31T22:32:12,182,68.0,85.2,17.200000000000003,20.789447722222224,120.86888210594313,30.16666603088379,104.7,34.8,122.88732394366198,-41.34945708791209,-40.5,20.818681318681318,22.0,120.86888210594313,120.31851374574235,0,0,90.59727313703115,90.59727313703115,90.18474452101081
2153,2020-12-31T22:32:23,2020-12-31T23:01:03,173,85.2,97.6,12.399999999999991,15.390419888888887,124.11628942652337,28.66666603088379,120.37,40.01,123.32991803278689,-32.19480445086705,-17.80002,21.5,22.0,124.11628942652337,120.31851374574235,0,0,93.03136736280489,93.03136736280489,90.18474452101081
2156,2021-01-01T11:22:53,2021-01-01T11:50:03,164,30.4,56.4,26.0,30.162225652777778,116.00856020299145,27.16666603088379,70.35,23.4,124.73404255319149,-66.59817835365854,-57.80002,22.057926829268293,27.0,116.00856020299145,120.31851374574235,0,0,86.95421875195251,86.95421875195251,90.18474452101081
2157,2021-01-01T11:50:14,2021-01-01T12:19:54,179,56.4,85.6,29.199999999999996,34.45292169444445,117.98945785768647,29.66666603088379,107.15,35.64,125.17523364485982,-69.6798984357542,-69.60001,26.39664804469274,28.0,117.98945785768647,120.31851374574235,0,0,88.43900063089475,88.43900063089475,90.18474452101081
2161,2021-01-02T00:06:24,2021-01-02T00:50:04,264,32.8,76.4,43.60000000000001,51.026116493055554,117.03237727765033,43.66666793823242,94.23,31.32,123.33769633507853,-70.11250742424242,-69.89999,20.490530303030305,24.0,117.03237727765033,120.31851374574235,0,0,87.7216208619011,87.7216208619011,90.18474452101081
2163,2021-01-02T05:45:49,2021-01-02T06:11:49,157,28.8,53.2,24.400000000000002,28.762503166666665,117.8791113387978,26.0,66.06,21.96,124.17293233082707,-66.36242770700636,-58.39999,21.898089171974522,28.0,117.8791113387978,120.13597522318258,0,0,88.35629039532962,88.35629039532962,90.04792276756825
2164,2021-01-02T06:12:00,2021-01-02T06:39:20,165,53.2,80.4,27.200000000000003,31.965003666666668,117.51839583333333,27.33333396911621,100.61,33.47,125.136815920398,-70.16728078787878,-69.89999,26.51212121212121,29.0,117.51839583333333,120.05059438675708,0,0,88.08591608058512,88.08591608058512,89.98392555982103
2165,2021-01-02T06:39:31,2021-01-02T07:08:31,175,80.4,97.6,17.19999999999999,20.957643388888894,121.846763888889,29.0,122.02,40.59,125.02049180327869,-43.35086645714287,-13.0,27.02285714285714,29.0,121.846763888889,120.05059438675708,0,0,91.33024444810542,91.33024444810542,89.98392555982103
2167,2021-01-03T13:34:59,2021-01-03T16:26:19,1285,47.6,97.6,49.99999999999999,61.51743911944444,123.0348782388889,171.3333282470703,121.29,40.33,124.27254098360656,-21.531145984435792,-1.399994,23.116342412451363,25.0,123.0348782388889,120.13597522318258,0,0,92.22079558425821,92.22079558425821,90.04792276756825
2168,2021-01-04T02:29:22,2021-01-04T02:58:52,178,20.8,49.6,28.8,34.48125402777778,119.72657648533949,29.5,62.07,20.64,125.14112903225806,-70.1314688764045,-69.89999,24.126404494382022,27.0,119.72657648533949,120.05059438675708,0,0,89.74105793496547,89.74105793496547,89.98392555982103
2170,2021-01-04T03:10:48,2021-01-04T03:39:18,172,61.6,88.4,26.800000000000004,32.156947541666675,119.98861023009952,28.5,110.59,36.79,125.10180995475113,-67.63547162790698,-43.30002,28.319767441860463,30.0,119.98861023009952,120.03981019900003,0,0,89.93746533388834,89.93746533388834,89.97584227165981
2173,2021-01-04T07:26:24,2021-01-04T07:57:44,189,72.4,91.6,19.19999999999999,23.318063625000004,121.4482480468751,31.33333396911621,114.29,38.01,124.77074235807862,-44.648692645502656,-43.39999,25.34656084656085,27.0,121.4482480468751,120.23979263054105,0,0,91.0315368903014,91.0315368903014,90.12573910744794
2175,2021-01-04T20:16:48,2021-01-04T20:44:48,169,17.6,35.2,17.6,21.326810236111115,121.17505815972223,28.0,43.81,14.57,124.46022727272727,-45.700601775147945,-45.70001,24.464497041420117,26.0,121.17505815972223,120.44359188040528,0,0,90.8267674046122,90.8267674046122,90.27849683949088
2176,2021-01-04T20:44:59,2021-01-04T21:14:09,176,35.2,54.4,19.199999999999996,22.21528263888889,115.70459707754634,29.16666603088379,67.97,22.61,124.94485294117646,-45.70001000000001,-45.70001,26.69034090909091,29.0,115.70459707754634,120.23979263054105,0,0,86.72638318485099,86.72638318485099,90.12573910744794
2177,2021-01-04T21:14:20,2021-01-04T21:42:50,172,54.8,73.2,18.400000000000006,21.707504750000002,117.97556929347823,28.5,91.50999,30.44,125.01364754098361,-45.700010000000006,-45.70001,28.50872093023256,30.0,117.97556929347823,120.03981019900003,0,0,88.42859045729894,88.42859045729894,89.97584227165981
2179,2021-01-04T22:13:42,2021-01-04T22:41:12,166,76.4,93.6,17.19999999999999,20.735143597222223,120.5531604489665,27.5,117.07,38.94,125.07478632478633,-45.238564518072295,-44.10001,28.876506024096386,30.0,120.5531604489665,120.23979263054105,0,0,90.36062396237166,90.36062396237166,90.12573910744794
2181,2021-01-05T22:17:11,2021-01-05T22:40:01,138,16.0,38.4,22.4,26.606108388888888,118.77726959325398,22.83333396911621,47.94,15.94,124.84374999999999,-69.913760942029,-69.80002,24.27173913043478,26.0,118.77726959325398,120.03981019900003,0,0,89.0295049339395,89.0295049339395,89.97584227165981
2182,2021-01-05T22:40:12,2021-01-05T23:03:32,141,38.4,62.0,23.6,27.195413986111113,115.23480502589454,23.33333396911621,77.4,25.75,124.83870967741936,-69.93119879432624,-69.89999,27.30851063829787,30.0,115.23480502589454,120.00548826005915,0,0,86.37425054260649,86.37425054260649,89.9501162616013
2183,2021-01-05T23:03:43,2021-01-05T23:31:33,168,62.0,88.4,26.400000000000006,31.555830763888892,119.52966198442759,27.83333396911621,110.57,36.78,125.07918552036199,-67.95713732142856,-43.5,29.520833333333332,31.0,119.52966198442759,119.95920565517322,0,0,89.59346066664523,89.59346066664523,89.91542513413088
2186,2021-01-06T03:52:05,2021-01-06T04:19:15,164,67.2,90.8,23.599999999999994,28.655416611111107,121.42125682674201,27.16666603088379,113.35,37.69,124.83480176211454,-63.24999987804878,-43.70001,26.109756097560975,28.0,121.42125682674201,119.95920565517322,0,0,91.0113056206802,91.0113056206802,89.91542513413088
2189,2021-01-06T12:44:59,2021-01-06T13:17:29,196,53.6,84.8,31.199999999999996,37.79736802777779,121.14541034544166,32.5,105.79,35.18,124.75235849056605,-69.75766581632654,-60.20001,24.025510204081634,26.0,121.14541034544166,120.00548826005915,0,0,90.80454488479161,90.80454488479161,89.9501162616013
2190,2021-01-06T13:17:40,2021-01-06T13:41:20,143,85.2,97.6,12.399999999999991,15.65889373611111,126.28140109767034,23.66666603088379,121.77,40.5,124.76434426229508,-39.6797325874126,-13.80002,25.643356643356643,27.0,126.28140109767034,120.03981019900003,0,0,94.65422686167197,94.65422686167197,89.97584227165981
2191,2021-01-07T09:07:25,2021-01-07T10:26:40,595,37.2,97.6,60.39999999999999,73.13464101111113,121.08384273362772,79.25,120.82,40.16,123.79098360655738,-55.34790077310925,-18.39999,21.125210084033615,23.0,121.08384273362772,120.03981019900003,0,0,90.75839688005526,90.75839688005526,89.97584227165981
2193,2021-01-07T16:50:30,2021-01-07T17:19:20,174,70.4,92.0,21.599999999999994,26.078058069444445,120.73175032150209,28.83333396911621,112.64,37.42,122.43478260869564,-54.28103971264368,-43.5,20.160919540229884,22.0,120.73175032150209,120.23979263054105,0,0,90.49448600510514,90.49448600510514,90.12573910744794
2196,2021-01-08T02:10:50,2021-01-08T02:42:50,193,57.2,86.8,29.599999999999994,35.37528056944444,119.5110830048799,32.0,107.94,35.89,124.35483870967742,-66.24819176165803,-43.60001,23.196891191709845,26.0,119.5110830048799,120.23979263054105,0,0,89.57953479213259,89.57953479213259,90.12573910744794
2197,2021-01-08T02:43:01,2021-01-08T03:09:21,159,86.8,97.6,10.799999999999997,13.02152816666667,120.56970524691364,26.33333396911621,121.31,40.33,124.29303278688525,-29.67798830188679,-18.30002,24.5,26.0,120.56970524691364,120.48774580103365,0,0,90.3730251160226,90.3730251160226,90.31159241163107
2199,2021-01-08T11:32:39,2021-01-08T12:07:29,210,47.6,80.8,33.199999999999996,40.02945166666667,120.57063755020081,34.83333206176758,100.47,33.4,124.3440594059406,-68.92810761904762,-58.30002,23.552380952380954,27.0,120.57063755020081,120.48774580103365,0,0,90.3737239239712,90.3737239239712,90.31159241163107
2200,2021-01-08T12:07:40,2021-01-08T12:36:40,175,80.8,96.8,16.0,19.054451125000007,119.09031953125005,29.0,120.31,40.0,124.28719008264463,-39.45201382857144,-18.70001,25.297142857142855,27.0,119.09031953125005,120.23979263054105,0,0,89.26415152158066,89.26415152158066,90.12573910744794
2203,2021-01-08T17:22:05,2021-01-08T17:40:47,114,64.0,81.6,17.599999999999994,21.433836449999998,121.78316164772731,18.700000762939453,99.46,33.03,121.88725490196079,-68.75527315789473,-66.60001,19.289473684210527,22.0,121.78316164772731,120.23979263054105,0,0,91.28257138689847,91.28257138689847,90.12573910744794
2205,2021-01-09T12:44:24,2021-01-09T13:26:34,317,44.8,84.0,39.2,47.135114200000004,120.24263826530613,42.16666793823242,102.77,34.14,122.3452380952381,-67.03691293375394,-43.39999,18.08044164037855,20.0,120.24263826530613,120.1499461866437,0,0,90.12787205304625,90.12787205304625,90.0583947035258
2206,2021-01-09T22:57:30,2021-01-10T00:20:46,625,7.6,87.6,80.0,95.63035655972222,119.53794569965277,83.26667022705078,109.27,36.34,124.73744292237444,-68.890886736,-43.5,21.2384,26.0,119.53794569965277,120.03981019900003,0,0,89.59966972556734,89.59966972556734,89.97584227165981
2207,2021-01-11T01:09:35,2021-01-11T02:12:18,471,37.2,92.8,55.599999999999994,66.08263052777778,118.85365202837731,62.71666717529297,116.06,38.61,125.06465517241381,-63.19130042462845,-43.30002,23.489384288747345,27.0,118.85365202837731,120.03981019900003,0,0,89.08675738980052,89.08675738980052,89.97584227165981
2208,2021-01-11T14:36:53,2021-01-11T14:56:17,118,44.4,62.0,17.6,20.706766500000004,117.65208238636365,19.399999618530273,76.74,25.5,123.77419354838709,-64.04577076271187,-58.20001,19.423728813559322,26.0,117.65208238636365,120.00548826005915,0,0,88.18612083923442,88.18612083923442,89.9501162616013
2209,2021-01-11T14:56:28,2021-01-11T15:23:38,164,62.0,87.2,25.200000000000003,30.32444923611111,120.33511601631393,27.16666603088379,108.39,36.03,124.30045871559633,-66.91220567073172,-43.5,24.88109756097561,27.0,120.33511601631393,120.03981019900003,0,0,90.19718875326863,90.19718875326863,89.97584227165981
2210,2021-01-11T15:23:49,2021-01-11T15:45:19,130,87.2,96.8,9.599999999999994,11.477085319444447,119.55297207754639,21.5,120.32,40.01,124.29752066115702,-32.021544,-18.20001,25.5,27.0,119.55297207754639,120.00548826005915,0,0,89.61093274743507,89.61093274743507,89.9501162616013
2214,2021-01-12T00:21:34,2021-01-12T00:49:34,169,47.6,75.6,27.999999999999993,32.79333595833334,117.11905699404767,28.0,94.63,31.48,125.17195767195768,-70.27101147928995,-70.0,27.298816568047336,30.0,117.11905699404767,119.95920565517322,0,0,87.78659164515868,87.78659164515868,89.91542513413088
2216,2021-01-12T06:11:10,2021-01-12T06:37:40,160,44.4,59.2,14.800000000000004,17.998894722222225,121.6141535285285,26.5,73.2,24.33,123.64864864864863,-40.74001325000001,-32.80002,22.275,28.0,121.6141535285285,120.00548826005915,0,0,91.15589134758108,91.15589134758108,89.9501162616013
2217,2021-01-12T06:37:51,2021-01-12T07:06:01,170,59.2,76.4,17.200000000000003,21.0311205,122.2739563953488,28.16666603088379,94.61,31.45,123.83507853403141,-44.80002000000001,-44.80002,24.844117647058823,28.0,122.2739563953488,120.00548826005915,0,0,91.65044660035093,91.65044660035093,89.9501162616013
2218,2021-01-12T07:06:12,2021-01-12T07:33:22,164,76.8,93.2,16.400000000000006,20.097369416666673,122.54493546747966,27.16666603088379,115.39,38.35,123.80901287553648,-44.38477445121953,-43.30002,24.536585365853657,27.0,122.54493546747966,120.11562424770283,0,0,91.85355896959366,91.85355896959366,90.03266869346729
2221,2021-01-12T20:17:41,2021-01-12T21:34:56,580,25.2,94.8,69.6,82.95107366111112,119.1825770992976,77.25,118.32,39.35,124.81012658227849,-64.37379637931035,0.0,22.90344827586207,26.0,119.1825770992976,119.95920565517322,0,0,89.33330318366053,89.33330318366053,89.91542513413088
2222,2021-01-13T07:22:45,2021-01-13T07:42:35,120,65.2,83.2,18.0,21.91278077777779,121.7376709876544,19.83333396911621,101.83,33.83,122.3918269230769,-66.20834241666667,-43.20001,20.45,22.0,121.7376709876544,120.11562424770283,0,0,91.24847386167939,91.24847386167939,90.03266869346729
2223,2021-01-13T07:42:46,2021-01-13T08:09:36,162,83.2,96.4,13.200000000000003,15.90070073611111,120.45985406144777,26.83333396911621,117.98,39.2,122.38589211618256,-35.52470543209877,-18.20001,20.5,22.0,120.45985406144777,120.11562424770283,0,0,90.290686157635,90.290686157635,90.03266869346729
2228,2021-01-13T22:35:32,2021-01-13T23:06:52,189,42.0,62.0,20.0,23.5,117.5,31.33333396911621,76.46,25.41,123.32258064516128,-45.0,-45.0,21.03968253968254,23.0,117.5,119.95920565517322,0,0,88.07212748332134,88.07212748332134,89.91542513413088
2229,2021-01-13T23:07:03,2021-01-13T23:35:23,171,62.0,80.0,18.0,21.255556111111108,118.08642283950616,28.33333396911621,99.0,32.91,123.75,-45.011697076023395,-45.0,22.470760233918128,24.0,118.08642283950616,119.8281887827932,0,0,88.51168073506702,88.51168073506702,89.81722143466945
2230,2021-01-13T23:35:34,2021-01-14T00:03:34,169,80.0,96.0,16.0,19.387917055555555,121.17448159722221,28.0,118.87,39.51,123.82291666666667,-41.48757479289941,-18.39999,23.310650887573964,24.0,121.17448159722221,119.85759335771951,0,0,90.82633524217812,90.82633524217812,89.8392616344269
2232,2021-01-14T10:16:56,2021-01-14T10:47:16,183,48.0,68.8,20.799999999999997,25.244163916666665,121.36617267628206,30.33333396911621,83.8,27.83,121.80232558139535,-49.93332797814208,-49.80002,18.193989071038253,20.0,121.36617267628206,120.11562424770283,0,0,90.97001729453876,90.97001729453876,90.03266869346729
2233,2021-01-14T10:47:27,2021-01-14T11:15:57,172,69.2,88.4,19.200000000000003,23.235694472222225,121.01924204282406,28.5,108.19,35.94,122.3868778280543,-48.90465122093023,-43.5,19.712209302325583,21.0,121.01924204282406,120.28887714081003,0,0,90.70997543089806,90.70997543089806,90.16253040315743
2235,2021-01-14T20:56:56,2021-01-14T22:23:47,652,31.2,97.6,66.39999999999999,79.7835979861111,120.15602106342035,86.8499984741211,122.01,40.58,125.01024590163935,-55.086973312883444,-13.10001,24.887269938650306,28.0,120.15602106342035,120.19932966436323,0,0,90.06294812754214,90.06294812754214,90.0954100902942
2236,2021-01-15T04:39:35,2021-01-15T05:01:35,133,38.8,60.0,21.200000000000003,25.586256625000008,120.68988974056606,22.0,74.03,24.61,123.38333333333334,-69.78046917293231,-69.70001,21.50375939849624,25.0,120.68988974056606,120.28887714081003,0,0,90.46310940577983,90.46310940577983,90.16253040315743
2237,2021-01-15T05:01:46,2021-01-15T05:29:36,168,60.4,86.4,26.000000000000007,31.52139440277778,121.23613231837605,27.83333396911621,107.38,35.7,124.28240740740739,-67.92977380952382,-59.20001,24.095238095238095,26.0,121.23613231837605,120.39748503888086,0,0,90.87254554152196,90.87254554152196,90.24393745545181
2238,2021-01-15T05:29:47,2021-01-15T05:55:37,156,86.4,97.6,11.199999999999989,13.945839527777776,124.51642435515883,25.83333396911621,121.29,40.33,124.27254098360656,-32.43078358974359,-18.20001,25.0,26.0,124.51642435515883,120.39748503888086,0,0,93.33128850702032,93.33128850702032,90.24393745545181
2240,2021-01-16T07:28:24,2021-01-16T08:02:04,203,15.6,48.4,32.8,39.39931005555556,120.11984773035233,33.66666793823242,59.49,19.77,122.91322314049587,-70.21626418719212,-70.0,19.248768472906406,22.0,120.11984773035233,120.28887714081003,0,0,90.0358344049765,90.0358344049765,90.16253040315743
2241,2021-01-16T08:02:15,2021-01-16T08:30:45,172,48.8,76.8,28.0,33.34403158333333,119.08582708333331,28.5,95.39,31.71,124.20572916666667,-70.19768244186048,-69.89999,23.401162790697676,25.0,119.08582708333331,120.28887714081003,0,0,89.26078420714973,89.26078420714973,90.16253040315743
2242,2021-01-16T08:30:56,2021-01-16T09:01:16,183,76.8,98.0,21.200000000000003,26.09000423611111,123.06605771750522,30.33333396911621,122.28,40.66,124.77551020408164,-51.552467431694,-13.0,25.281420765027324,27.0,123.06605771750522,120.39748503888086,0,0,92.24416616311404,92.24416616311404,90.24393745545181
2244,2021-01-16T16:12:51,2021-01-16T16:42:11,177,57.6,86.0,28.4,34.25125191666667,120.60299970657279,29.33333396911621,107.57,35.78,125.0813953488372,-70.0593259322034,-69.80002,27.454802259887007,29.0,120.60299970657279,120.50650725520714,0,0,90.39798097896379,90.39798097896379,90.32565506000333
2245,2021-01-16T16:42:22,2021-01-16T17:04:22,133,86.4,98.0,11.599999999999994,14.242917958333335,122.78377550287364,22.0,122.51,40.76,125.01020408163266,-38.86391323308271,-13.0,28.5,29.0,122.78377550287364,120.56143284794007,0,0,92.03258152317102,92.03258152317102,90.36682453919713
2246,2021-01-17T12:33:33,2021-01-17T13:36:32,473,25.2,86.8,61.599999999999994,72.78492342083335,118.15734321563856,62.983333587646484,108.34,36.03,124.81566820276498,-69.31015441860465,-43.39999,22.26955602536998,26.0,118.15734321563856,120.56143284794007,0,0,88.56483910449595,88.56483910449595,90.36682453919713
2247,2021-01-17T20:38:25,2021-01-17T20:59:15,126,22.8,43.2,20.400000000000002,24.337363833333335,119.30080310457517,20.83333396911621,53.9,17.92,124.7685185185185,-70.09207134920635,-70.0,23.91269841269841,26.0,119.30080310457517,120.50650725520714,0,0,89.421919488415,89.421919488415,90.32565506000333
2248,2021-01-17T20:59:26,2021-01-17T21:25:26,157,43.2,69.2,26.0,30.355835583333334,116.75321378205128,26.0,86.45,28.76,124.92774566473987,-70.05223452229299,-70.0,26.751592356687897,29.0,116.75321378205128,120.39748503888086,0,0,87.5123738578748,87.5123738578748,90.24393745545181
2249,2021-01-17T21:25:37,2021-01-17T21:53:57,171,69.2,93.2,24.0,28.706530694444446,119.61054456018519,28.33333396911621,116.55,38.77,125.05364806866952,-60.76725766081871,-43.5,28.330409356725145,30.0,119.61054456018519,120.39748503888086,0,0,89.65408620301378,89.65408620301378,90.24393745545181
2251,2021-01-18T08:59:38,2021-01-18T09:25:18,155,13.2,34.0,20.8,24.649169222222223,118.50562126068375,25.66666603088379,41.97,13.95,123.44117647058822,-57.60968348387095,-50.10001,21.42258064516129,26.0,118.50562126068375,120.39748503888086,0,0,88.8258909205203,88.8258909205203,90.24393745545181
2252,2021-01-18T09:25:29,2021-01-18T09:56:29,187,34.0,60.0,26.0,30.76430845833334,118.32426330128207,31.0,74.97,24.94,124.95,-59.54278636363637,-57.89999,25.994652406417114,29.0,118.32426330128207,120.28887714081003,0,0,88.68995405821784,88.68995405821784,90.16253040315743
2253,2021-01-18T09:56:40,2021-01-18T10:24:12,167,60.4,82.0,21.6,25.911002572222223,119.95834524176954,27.53333282470703,102.48,34.09,124.97560975609757,-56.46886778443115,-55.0,27.889221556886227,30.0,119.95834524176954,120.19932966436323,0,0,89.91478021124595,89.91478021124595,90.0954100902942
2254,2021-01-18T10:24:23,2021-01-18T10:52:13,168,82.0,97.6,15.599999999999994,19.152920069444445,122.77512865028494,27.83333396911621,122.01,40.58,125.01024590163935,-41.24465017857143,-13.10001,28.5,30.0,122.77512865028494,120.28887714081003,0,0,92.02610027463042,92.02610027463042,90.16253040315743
2255,2021-01-18T20:56:52,2021-01-18T22:29:28,695,26.8,97.6,70.8,83.9661579625,118.59626830861583,92.5999984741211,121.79,40.5,124.78483606557378,-54.37899617266187,-12.89999,24.545323741007195,27.0,118.59626830861583,120.28887714081003,0,0,88.89383541721358,88.89383541721358,90.16253040315743
2256,2021-01-19T22:53:15,2021-01-19T23:13:35,123,11.2,26.4,15.2,15.648195527777776,102.9486547880117,20.33333396911621,31.41,10.43,118.97727272727272,-46.17805195121951,-45.80002,19.711382113821138,21.0,120.15602106342035,120.19932966436323,1,0,77.16516637213792,90.06294812754214,90.0954100902942
2257,2021-01-19T23:13:46,2021-01-19T23:32:40,115,26.4,38.8,12.399999999999999,14.381696766666668,115.98142553763444,18.899999618530273,46.74,15.53,120.46391752577321,-45.65478973913043,-45.30002,21.082608695652173,22.0,115.98142553763444,120.19932966436323,0,0,86.93387996296069,86.93387996296069,90.0954100902942
2258,2021-01-19T23:32:51,2021-01-20T00:04:01,188,39.2,59.2,20.0,23.211807194444443,116.0590359722222,31.16666603088379,71.99,23.94,121.6047297297297,-44.68510952127659,-43.70001,23.284574468085108,25.0,116.0590359722222,120.19932966436323,0,0,86.99205286584622,86.99205286584622,90.0954100902942
2259,2021-01-20T00:04:12,2021-01-20T00:33:52,179,59.2,77.2,18.0,21.175142347222224,117.63967970679013,29.66666603088379,94.18999,31.33,122.0077590673575,-42.826263966480454,-42.0,25.00558659217877,26.0,117.63967970679013,120.19932966436323,0,0,88.17682441049797,88.17682441049797,90.0954100902942
2260,2021-01-20T00:34:03,2021-01-20T01:04:53,186,77.2,94.4,17.200000000000003,21.146530333333335,122.94494379844959,30.83333396911621,115.5,38.42,122.35169491525423,-41.150542580645165,-40.30002,25.626344086021504,27.0,122.94494379844959,120.19932966436323,0,0,92.15338522252621,92.15338522252621,90.0954100902942
2262,2021-01-20T22:03:28,2021-01-20T23:42:28,743,36.4,97.6,61.199999999999996,72.26691424027779,118.08319320306828,99.0,116.75,38.84,119.62090163934427,-43.780626043068644,-24.89999,25.657469717362044,28.0,118.08319320306828,120.15602106342035,0,0,88.50925996100675,88.50925996100675,90.06294812754214
2264,2021-01-21T08:47:02,2021-01-21T09:20:52,204,65.2,94.0,28.799999999999997,33.84319768055556,117.5111030574846,33.83333206176758,112.18,37.31,119.3404255319149,-59.99902539215687,-42.0,24.404411764705884,25.0,117.5111030574846,120.13793439688635,0,0,88.08044978029358,88.08044978029358,90.04939126625932
2266,2021-01-21T15:55:29,2021-01-21T16:13:48,111,65.6,84.0,18.400000000000006,21.3533456125,116.05079137228257,18.316667556762695,100.58,33.46,119.73809523809524,-69.94774252252252,-69.89999,27.12162162162162,28.0,116.05079137228257,120.03909648606094,0,0,86.98587312578722,86.98587312578722,89.97530730811123
2267,2021-01-21T16:13:59,2021-01-21T16:31:07,106,84.0,95.6,11.599999999999994,13.600155604166668,117.24272072557478,17.133333206176758,114.33,38.03,119.59205020920503,-47.727368490566036,-42.20001,27.9811320754717,29.0,117.24272072557478,119.78444490097736,0,0,87.87928379773842,87.87928379773842,89.78443320712987
2269,2021-01-22T00:10:59,2021-01-22T00:34:49,144,43.6,67.6,23.999999999999993,27.893197847222226,116.22165769675931,23.83333396911621,80.75999,26.86,119.46744082840239,-70.22153631944445,-69.89999,25.930555555555557,28.0,116.22165769675931,119.78444490097736,0,0,87.11394598290995,87.11394598290995,89.78443320712987
2270,2021-01-22T00:35:00,2021-01-22T01:03:00,169,67.6,92.4,24.80000000000001,29.062225416666667,117.18639280913973,28.0,110.52,36.76,119.6103896103896,-62.240835207100595,-42.0,27.74852071005917,29.0,117.18639280913973,119.58175831886578,0,0,87.83706320678405,87.83706320678405,89.63250947522442
2273,2021-01-22T15:31:32,2021-01-22T16:00:51,178,36.0,53.2,17.200000000000003,19.54138858333333,113.61272432170537,29.316667556762695,63.53,21.13,119.4172932330827,-39.993819606741575,-39.89999,26.278089887640448,28.0,113.61272432170537,119.54545888859957,0,0,85.1584199164994,85.1584199164994,89.6053012365012
2274,2021-01-22T16:01:02,2021-01-22T16:26:43,156,53.6,68.4,14.800000000000004,17.113332444444445,115.63062462462459,25.683332443237305,81.77,27.2,119.54678362573098,-39.97948512820513,-39.89999,27.897435897435898,29.0,115.63062462462459,119.54545888859957,0,0,86.6709371312001,86.6709371312001,89.6053012365012
2277,2021-01-22T22:20:37,2021-01-22T23:45:45,639,29.2,97.6,68.39999999999999,80.60658942777778,117.84589097628331,85.13333129882812,116.75,38.84,119.62090163934427,-56.79828286384977,-41.89999,28.567292644757433,31.0,117.84589097628331,119.41937440211396,0,0,88.33139007190478,88.33139007190478,89.51079460699117
2278,2021-01-23T08:25:01,2021-01-23T08:45:31,124,34.8,55.2,20.400000000000006,23.770696930555555,116.52302416938994,20.5,65.8,21.88,119.20289855072463,-69.57258790322581,-69.5,24.318548387096776,27.0,116.52302416938994,119.24169010193638,0,0,87.33983522883952,87.33983522883952,89.37761133603777
2279,2021-01-23T08:45:42,2021-01-23T09:14:12,172,55.6,84.0,28.4,33.05055927777778,116.37520872456966,28.5,100.51,33.43,119.65476190476191,-69.58024040697674,-69.5,26.947674418604652,29.0,116.37520872456966,119.13420209131546,0,0,87.22904015905047,87.22904015905047,89.29704369540514
2280,2021-01-23T09:14:23,2021-01-23T09:36:23,133,84.0,98.0,14.0,16.915838597222223,120.8274185515873,22.0,117.19,38.98,119.58163265306122,-46.20602939849625,-41.80002,28.0,29.0,120.8274185515873,119.24169010193638,0,0,90.56619412898742,90.56619412898742,89.37761133603777
2282,2021-01-23T14:53:22,2021-01-23T15:21:52,172,73.6,96.0,22.400000000000006,26.394450902777784,117.83237010168651,28.5,114.8,38.19,119.58333333333333,-55.57094383720931,-42.20001,28.337209302325583,29.0,117.83237010168651,119.24169010193638,0,0,88.32125550006499,88.32125550006499,89.37761133603777
2284,2021-01-24T01:51:42,2021-01-24T02:12:32,126,57.2,72.0,14.799999999999997,17.356250069444442,117.2719599286787,20.83333396911621,85.53,28.44,118.79166666666667,-49.96984142857143,-45.89999,24.194444444444443,26.0,117.2719599286787,119.13420209131546,0,0,87.90120004304292,87.90120004304292,89.29704369540514
2285,2021-01-24T02:12:43,2021-01-24T02:40:23,167,72.0,91.6,19.599999999999994,22.63305609722222,115.47477600623584,27.66666603088379,109.3,36.35,119.3231441048035,-49.06586946107784,-42.20001,25.104790419161677,26.0,115.47477600623584,118.84104769597457,0,0,86.55412079599301,86.55412079599301,89.07730981218165
2288,2021-01-24T19:17:34,2021-01-24T19:44:54,165,57.6,84.8,27.199999999999996,31.885557194444445,117.2263132148693,27.33333396911621,101.5,33.76,119.6933962264151,-69.99212472727272,-69.70001,26.996969696969696,29.0,117.2263132148693,118.84104769597457,0,0,87.86698554774235,87.86698554774235,89.07730981218165
2291,2021-01-25T01:41:12,2021-01-25T02:21:14,301,64.8,97.6,32.8,38.841391602777776,118.41887683773713,40.03333282470703,116.78,38.84,119.65163934426229,-58.207977475083055,-41.89999,26.664451827242527,28.0,118.41887683773713,118.5509447846498,0,0,88.76087163646734,88.76087163646734,88.85986316886694
2293,2021-01-25T20:53:36,2021-01-25T21:16:46,140,55.6,78.8,23.199999999999996,26.99819326388889,116.37152268917627,23.16666603088379,94.18999,31.33,119.53044416243655,-69.92356835714286,-69.80002,27.96785714285714,29.0,116.37152268917627,118.46224904921044,0,0,87.22627729114343,87.22627729114343,88.79338127849383
2294,2021-01-25T21:16:57,2021-01-25T21:43:27,160,79.2,97.6,18.39999999999999,22.717088638888896,123.46243825483101,26.5,116.71,38.82,119.57991803278688,-51.46438700000001,-42.20001,28.971875,30.0,123.46243825483101,118.46224904921044,0,0,92.54127320324397,92.54127320324397,88.79338127849383
2296,2021-01-26T14:39:48,2021-01-26T15:06:48,163,43.6,72.4,28.800000000000004,33.47472213888889,116.2316740933642,27.0,86.61,28.81,119.6270718232044,-74.38834343558283,-74.30002,29.288343558282207,31.0,116.2316740933642,118.3715700695096,0,0,87.12145377319686,87.12145377319686,88.7254128473426
2298,2021-01-27T00:32:09,2021-01-27T00:50:19,110,33.2,51.6,18.4,21.241947513888896,115.44536692330922,18.16666603088379,61.75,20.54,119.6705426356589,-70.15728290909092,-70.0,25.53181818181818,28.0,115.44536692330922,118.24080325846032,0,0,86.53207721726382,86.53207721726382,88.62739658135689
2299,2021-01-27T00:50:30,2021-01-27T01:20:30,181,51.6,82.0,30.4,35.0569488888889,115.31891081871348,30.0,98.11,32.63,119.64634146341464,-70.11382104972375,-70.0,28.212707182320443,30.0,115.31891081871348,118.12188302757235,0,0,86.43729204139147,86.43729204139147,88.53825991978148
2300,2021-01-27T01:20:41,2021-01-27T01:44:11,142,82.0,97.6,15.599999999999994,19.319446944444447,123.84260861823368,23.5,116.78,38.84,119.65163934426229,-49.374654295774654,-42.20001,29.080985915492956,31.0,123.84260861823368,118.24080325846032,0,0,92.82622990716722,92.82622990716722,88.62739658135689
2301,2021-01-27T23:50:08,2021-01-28T00:09:58,120,37.2,57.6,20.4,23.205003527777787,113.75001729302838,19.83333396911621,68.89,22.92,119.60069444444443,-70.20001066666667,-70.10001,25.470833333333335,28.0,113.75001729302838,118.24080325846032,0,0,85.26132786605619,85.26132786605619,88.62739658135689
2302,2021-01-28T00:10:09,2021-01-28T00:48:15,230,57.6,92.4,34.800000000000004,40.80603387777778,117.2587180395913,38.099998474121094,110.56,36.77,119.65367965367965,-64.23696608695651,-42.20001,28.195652173913043,30.0,117.2587180395913,118.12026820935341,0,0,87.89127458479759,87.89127458479759,88.53704953275135
2306,2021-01-28T15:21:18,2021-01-28T15:50:08,174,34.0,63.6,29.6,33.620692625,113.58342103040538,28.83333396911621,76.14,25.32,119.71698113207547,-69.96206517241379,-69.89999,25.114942528735632,28.0,113.58342103040538,117.9645420896758,0,0,85.13645563388617,85.13645563388617,88.42032501645576
2307,2021-01-28T15:50:19,2021-01-28T16:19:09,174,63.6,90.4,26.800000000000004,31.285000819444452,116.73507768449421,28.83333396911621,108.12,35.96,119.60176991150442,-65.05057637931034,-42.20001,28.103448275862068,29.0,116.73507768449421,117.8391305389849,0,0,87.49877994556762,87.49877994556762,88.32632278598489
2309,2021-01-29T00:56:47,2021-01-29T01:18:47,133,12.4,32.0,19.6,22.441530361111113,114.49760388321995,22.0,37.76,12.54,117.99999999999999,-61.20677390977444,-60.70001,22.548872180451127,25.0,114.49760388321995,117.73602490423832,0,0,85.82168141053427,85.82168141053427,88.24903995528149
2310,2021-01-29T01:18:58,2021-01-29T01:49:38,185,32.0,58.8,26.799999999999997,30.45736409722222,113.64688095978443,30.66666603088379,70.26,23.37,119.48979591836736,-59.58919502702704,-58.0,25.116216216216216,28.0,113.64688095978443,117.57539138213737,0,0,85.18402202529344,85.18402202529344,88.12863709539577
2311,2021-01-29T01:49:49,2021-01-29T02:16:09,159,58.8,80.4,21.60000000000001,24.84764144444445,115.03537705761315,26.33333396911621,96.09,31.97,119.51492537313433,-56.61510018867923,-55.30002,27.28301886792453,29.0,115.03537705761315,117.39153149308166,0,0,86.22476930476634,86.22476930476634,87.99082491166826
2312,2021-01-29T02:16:20,2021-01-29T02:43:20,163,80.4,97.6,17.19999999999999,21.33833766666667,124.06010271317841,27.0,116.73,38.83,119.60040983606558,-47.426390000000005,-42.10001,27.96319018404908,29.0,124.06010271317841,117.39153149308166,0,0,92.98925261062969,92.98925261062969,87.99082491166826
2313,2021-01-29T11:40:43,2021-01-29T11:59:23,113,67.2,79.2,12.0,14.010139902777777,116.75116585648148,18.66666603088379,93.09,30.94,117.53787878787878,-45.03274663716814,-45.0,21.221238938053098,22.0,116.75116585648148,117.265338984135,0,0,87.51083883522068,87.51083883522068,87.89623731392025
2316,2021-01-29T23:03:33,2021-01-29T23:31:53,171,36.4,55.6,19.200000000000003,21.281253125000003,110.83986002604166,28.33333396911621,65.29,21.71,117.42805755395683,-45.06608847953216,-45.0,22.98830409356725,25.0,110.83986002604166,117.25071938258304,0,0,83.08001942508115,83.08001942508115,87.88527919126801
2317,2021-01-29T23:32:04,2021-01-30T00:05:34,202,55.6,77.6,21.999999999999993,25.180838916666673,114.45835871212128,33.5,91.61,30.46,118.05412371134022,-45.100010000000005,-45.10001,24.806930693069308,26.0,114.45835871212128,117.23451697022205,0,0,85.79226519170783,85.79226519170783,87.87313467274038
2318,2021-01-30T00:05:45,2021-01-30T00:38:35,198,77.6,97.6,20.0,23.73806102777778,118.69030513888889,32.83333206176758,115.47,38.41,118.3094262295082,-43.3060706060606,-12.70001,25.757575757575758,27.0,118.69030513888889,117.23451697022205,0,0,88.96432072533219,88.96432072533219,87.87313467274038
2321,2021-01-30T07:00:49,2021-01-30T07:30:59,182,37.2,57.2,20.0,22.67528280555556,113.3764140277778,30.16666603088379,66.72,22.18,116.64335664335663,-45.100010000000005,-45.10001,21.895604395604394,24.0,113.3764140277778,117.20635301200451,0,0,84.98129353069164,84.98129353069164,87.8520243772632
2322,2021-01-30T07:31:10,2021-01-30T07:56:50,155,57.2,74.0,16.799999999999997,19.292782055555556,114.83798842592594,25.66666603088379,86.4,28.72,116.75675675675677,-45.10001,-45.10001,23.025806451612905,25.0,114.83798842592594,116.96980329559551,0,0,86.07681665171344,86.07681665171344,87.67471853232942
2323,2021-01-30T07:57:01,2021-01-30T08:25:11,170,74.0,91.6,17.599999999999994,20.959449138888893,119.08777919823238,28.16666603088379,107.3,35.67,117.13973799126639,-44.64118647058823,-42.10001,23.5,25.0,119.08777919823238,116.96980329559551,0,0,89.26224741491357,89.26224741491357,87.67471853232942
2324,2021-01-30T08:25:22,2021-01-30T08:42:22,103,92.0,98.0,6.0,7.617365680555554,126.9560946759259,17.0,114.81,38.16,117.1530612244898,-26.82817135922331,0.0,23.519417475728154,25.0,126.9560946759259,117.20635301200451,0,0,95.15994344751284,95.15994344751284,87.8520243772632
2325,2021-01-30T20:05:49,2021-01-30T20:27:29,131,56.8,70.8,14.0,16.28597580555556,116.32839861111113,21.66666603088379,83.6,27.8,118.07909604519774,-45.100009923664125,-45.0,24.37786259541985,25.0,116.32839861111113,116.96877933281061,0,0,87.19395363751829,87.19395363751829,87.67395102100237
2326,2021-01-30T20:27:40,2021-01-30T20:58:20,185,70.8,90.4,19.60000000000001,22.97861605555556,117.23783701814055,30.66666603088379,106.99,35.59,118.35176991150442,-44.950820486486485,-42.10001,25.332432432432434,26.0,117.23783701814055,116.96877933281061,0,0,87.87562321472787,87.87562321472787,87.67395102100237
2328,2021-01-31T20:42:01,2021-01-31T21:00:11,110,28.8,40.4,11.599999999999998,13.570277722222222,116.9851527777778,18.16666603088379,47.72,15.87,118.11881188118812,-44.64363618181818,-6.0,25.677272727272726,27.0,116.9851527777778,116.86815931712964,0,0,87.68622373702357,87.68622373702357,87.59853128612212
2329,2021-01-31T21:00:22,2021-01-31T21:31:42,189,40.4,61.2,20.800000000000004,23.499722194444445,112.97943362713673,31.33333396911621,72.3,24.05,118.13725490196079,-44.99947084656085,-44.89999,27.597883597883598,29.0,112.97943362713673,116.74312177048785,0,0,84.68373686300109,84.68373686300109,87.50480939039414
2330,2021-01-31T21:31:53,2021-01-31T22:02:53,187,61.6,81.2,19.6,23.25,118.62244897959184,31.0,96.14,31.98,118.39901477832511,-45.0,-45.0,29.176470588235293,30.0,118.62244897959184,116.74312177048785,0,0,88.91345913969697,88.91345913969697,87.50480939039414
2331,2021-01-31T22:03:04,2021-01-31T22:27:14,146,81.6,96.0,14.400000000000006,17.670833333333334,122.71412037037034,24.16666603088379,113.59,37.79,118.32291666666667,-43.86986301369863,-42.0,29.78082191780822,31.0,122.71412037037034,116.74312177048785,0,0,91.98037151713103,91.98037151713103,87.50480939039414
2333,2021-02-01T03:22:27,2021-02-01T03:54:57,196,57.2,88.8,31.599999999999994,37.20764152777778,117.74570103727147,32.5,105.07,34.95,118.32207207207206,-68.62704571428571,-42.0,27.683673469387756,30.0,117.74570103727147,116.74312177048785,0,0,88.25629270100099,88.25629270100099,87.50480939039414
2335,2021-02-01T16:46:32,2021-02-01T17:17:12,185,21.6,53.2,31.6,35.98985770833333,113.89195477320675,30.66666603088379,62.84,20.9,118.1203007518797,-70.41458800000001,-70.30002,28.824324324324323,32.0,113.89195477320675,116.74312177048785,0,0,85.36771710732368,85.36771710732368,87.50480939039414
2336,2021-02-01T17:17:23,2021-02-01T17:52:13,210,53.2,88.4,35.2,40.77777430555555,115.8459497316919,34.83333206176758,104.59,34.79,118.31447963800905,-70.17380357142858,-42.5,32.733333333333334,35.0,115.8459497316919,116.74312177048785,0,0,86.83233406975323,86.83233406975323,87.50480939039414
2337,2021-02-01T17:52:24,2021-02-01T18:09:04,101,88.4,97.6,9.199999999999989,11.785136847222223,128.09931355676343,16.66666603088379,115.53,38.43,118.37090163934427,-42.42672534653465,-42.39999,34.0,35.0,128.09931355676343,116.74312177048785,0,0,96.01684318380616,96.01684318380616,87.50480939039414
2339,2021-02-02T14:52:18,2021-02-02T15:23:08,186,39.2,59.6,20.4,22.916113472222225,112.3338895697168,30.83333396911621,70.43,23.43,118.17114093959734,-44.59301532258064,-43.5,29.182795698924732,31.0,112.3338895697168,116.62905092694209,0,0,84.19986930111864,84.19986930111864,87.41930758720358
2340,2021-02-02T15:23:19,2021-02-02T15:51:29,170,59.6,77.2,17.6,20.023751750000002,113.77131676136364,28.16666603088379,91.35,30.38,118.32901554404144,-42.65412141176471,-41.80002,30.5,31.0,113.77131676136364,116.4491164469798,0,0,85.27729288299703,85.27729288299703,87.284437693945
2341,2021-02-02T15:51:40,2021-02-02T16:13:00,129,77.2,89.2,12.0,14.648058319444445,122.06715266203705,21.33333396911621,105.5,35.09,118.27354260089686,-41.197682248062016,-40.60001,30.7984496124031,32.0,122.06715266203705,116.4491164469798,0,0,91.49543685767638,91.49543685767638,87.284437693945
2343,2021-02-02T22:10:25,2021-02-02T22:34:34,182,71.2,90.8,19.599999999999994,23.11762682361111,117.94707563066896,24.149999618530273,107.44,35.74,118.32599118942733,-57.41099357142856,-41.70001,29.945054945054945,31.0,117.94707563066896,116.62905092694209,0,0,88.40723303173804,88.40723303173804,87.41930758720358
2345,2021-02-03T01:29:12,2021-02-03T02:00:32,189,56.4,88.4,32.00000000000001,37.60597486111112,117.51867144097223,31.33333396911621,104.66,34.81,118.39366515837104,-71.93810031746033,-41.80002,33.71164021164021,36.0,117.51867144097223,116.62905092694209,0,0,88.08612266229669,88.08612266229669,87.41930758720358
2346,2021-02-03T02:00:43,2021-02-03T02:17:13,100,88.4,97.6,9.199999999999989,11.528473569444442,125.30949532004843,16.5,115.48,38.41,118.31967213114754,-41.922005,-41.70001,34.0,36.0,125.30949532004843,116.74312177048785,0,0,93.92573486551458,93.92573486551458,87.50480939039414
2347,2021-02-03T09:12:50,2021-02-03T09:29:30,101,42.0,54.0,12.0,13.756945069444443,114.64120891203703,16.66666603088379,63.84,21.23,118.22222222222221,-49.52574485148515,-49.5,26.22772277227723,28.0,114.64120891203703,116.62905092694209,0,0,85.92932056291914,85.92932056291914,87.41930758720358
2348,2021-02-03T09:29:41,2021-02-03T09:59:21,179,54.0,74.8,20.799999999999997,24.475,117.66826923076925,29.66666603088379,88.47,29.43,118.27540106951872,-49.5,-49.5,27.575418994413408,29.0,117.66826923076925,116.74312177048785,0,0,88.19825368880075,88.19825368880075,87.50480939039414
2349,2021-02-03T09:59:32,2021-02-03T10:30:42,188,75.2,95.6,20.39999999999999,24.429029402777783,119.7501441312637,31.16666603088379,113.1,37.62,118.30543933054393,-47.02127973404255,-41.60001,28.398936170212767,30.0,119.7501441312637,116.86815931712964,0,0,89.75872306446605,89.75872306446605,87.59853128612212
2352,2021-02-04T12:47:31,2021-02-04T13:15:11,167,27.2,55.6,28.400000000000002,32.03624890277777,112.80369331964003,27.66666603088379,65.67,21.85,118.1115107913669,-69.47604550898203,-69.39999,26.37125748502994,29.0,112.80369331964003,116.74312177048785,0,0,84.55201071180272,84.55201071180272,87.50480939039414
2353,2021-02-04T13:15:22,2021-02-04T13:44:42,177,55.6,84.8,29.199999999999996,33.99736306944445,116.4293255802892,29.33333396911621,100.42,33.4,118.41981132075472,-69.5401170056497,-69.5,29.74858757062147,31.0,116.4293255802892,116.74312177048785,0,0,87.26960344939879,87.26960344939879,87.50480939039414
2356,2021-02-04T20:25:00,2021-02-04T20:53:40,173,54.4,82.8,28.4,33.535838375000004,118.08393794014087,28.66666603088379,97.95,32.58,118.29710144927537,-70.19134005780347,-70.10001,32.615606936416185,34.0,118.08393794014087,116.86815931712964,0,0,88.50981817869526,88.50981817869526,87.59853128612212
2357,2021-02-04T20:53:51,2021-02-04T21:10:51,103,83.2,94.8,11.599999999999994,14.33139148611111,123.54647832854413,17.0,112.23,37.33,118.3860759493671,-50.43107708737865,0.0,33.53398058252427,35.0,123.54647832854413,116.86815931712964,0,0,92.6042654422718,92.6042654422718,87.59853128612212
2358,2021-02-05T07:42:22,2021-02-05T08:09:02,161,25.2,52.4,27.2,31.221951097222227,114.78658491625818,26.66666603088379,62.03,20.63,118.37786259541984,-70.24908329192547,-70.10001,26.835403726708076,29.0,114.78658491625818,116.74312177048785,0,0,86.03828714995558,86.03828714995558,87.50480939039414
2359,2021-02-05T08:09:13,2021-02-05T08:37:43,172,52.4,81.2,28.800000000000004,33.39945141666668,115.97031741898151,28.5,96.03,31.94,118.26354679802955,-70.31454959302326,-70.20001,29.962209302325583,32.0,115.97031741898151,116.5822016323917,0,0,86.92555387238963,86.92555387238963,87.3841916974832
2360,2021-02-05T08:37:54,2021-02-05T09:01:54,145,81.6,97.6,16.0,19.984033958333335,124.90021223958334,24.0,115.54,38.43,118.38114754098362,-50.00346372413794,-42.20001,31.0,32.0,124.90021223958334,116.74312177048785,0,0,93.61895672390193,93.61895672390193,87.50480939039414
2361,2021-02-05T19:19:09,2021-02-05T19:36:59,108,30.0,46.8,16.799999999999997,19.367919638888896,115.28523594576725,17.83333396911621,55.36,18.41,118.2905982905983,-65.16297296296295,-65.10001,29.77314814814815,32.0,115.28523594576725,116.5822016323917,0,0,86.41205103966291,86.41205103966291,87.3841916974832
2362,2021-02-05T19:37:10,2021-02-05T20:09:30,195,47.2,77.6,30.39999999999999,35.13111669444445,115.56288386330414,32.33333206176758,91.92,30.57,118.4536082474227,-65.19180523076923,-65.10001,32.297435897435896,34.0,115.56288386330414,116.40042413473273,0,0,86.62016204212068,86.62016204212068,87.24794037027111
2364,2021-02-06T02:48:14,2021-02-06T04:00:33,543,33.2,97.6,64.39999999999999,76.21829442361111,118.35138885653902,72.31666564941406,115.48,38.41,118.31967213114754,-63.225232523020274,-41.80002,29.95303867403315,33.0,118.35138885653902,116.5822016323917,0,0,88.71028601873397,88.71028601873397,87.3841916974832
2365,2021-02-06T13:19:00,2021-02-06T13:58:53,300,66.0,97.6,31.599999999999994,37.817084291666674,119.67431737869202,39.88333511352539,115.53,38.43,118.37090163934427,-56.83333483333333,-12.30002,28.301666666666666,29.0,119.67431737869202,116.5822016323917,0,0,89.70188712047337,89.70188712047337,87.3841916974832
2366,2021-02-06T23:28:47,2021-02-07T00:44:14,567,28.4,98.0,69.6,80.94281583055556,116.29714918183271,75.44999694824219,115.94,38.56,118.3061224489796,-64.32452317460319,0.0,31.358906525573193,34.0,116.29714918183271,116.5822016323917,0,0,87.17053062714221,87.17053062714221,87.3841916974832
2368,2021-02-08T00:06:42,2021-02-08T00:39:32,198,26.4,60.0,33.6,38.581528013888885,114.82597623181215,32.83333206176758,70.93999,23.6,118.23331666666667,-70.50404080808082,-70.39999,28.58080808080808,31.0,114.82597623181215,116.5822016323917,0,0,86.06781291136159,86.06781291136159,87.3841916974832
2369,2021-02-08T00:39:43,2021-02-08T01:09:03,177,60.0,88.8,28.799999999999997,33.847780791666665,117.52701663773148,29.33333396911621,105.13,34.97,118.38963963963964,-69.1638479661017,-43.0,31.629943502824858,33.0,117.52701663773148,116.74312177048785,0,0,88.09237780470396,88.09237780470396,87.50480939039414
2372,2021-02-08T16:36:56,2021-02-08T17:05:46,174,18.0,36.0,18.0,21.576939638888888,119.87188688271605,28.83333396911621,42.51,14.14,118.08333333333333,-44.899989999999995,-44.89999,30.896551724137932,32.0,119.87188688271605,116.74312177048785,0,0,89.84997534639015,89.84997534639015,87.50480939039414
2373,2021-02-08T17:05:57,2021-02-08T17:37:17,189,36.0,56.8,20.799999999999997,23.448050361111108,112.73101135149572,31.33333396911621,67.11,22.32,118.15140845070424,-44.900519153439156,-44.89999,32.95238095238095,35.0,112.73101135149572,116.74312177048785,0,0,84.49753194104406,84.49753194104406,87.50480939039414
2374,2021-02-08T17:37:28,2021-02-08T18:06:48,177,56.8,75.6,18.799999999999997,21.951939638888888,116.76563637706857,29.33333396911621,89.39,29.74,118.24074074074076,-44.901685084745765,-44.89999,34.42090395480226,35.0,116.76563637706857,116.74312177048785,0,0,87.52168521423258,87.52168521423258,87.50480939039414
2375,2021-02-08T18:06:59,2021-02-08T18:36:39,179,75.6,93.6,18.0,22.012358180555555,122.2908787808642,29.66666603088379,110.75,36.84,118.32264957264958,-44.516195195530734,-42.89999,34.5,35.0,122.2908787808642,116.75840111677502,0,0,91.66313077477164,91.66313077477164,87.51626202472663
2378,2021-02-09T11:32:36,2021-02-09T11:59:56,165,65.6,90.0,24.400000000000006,28.776247625,117.93544108606555,27.33333396911621,106.35,35.36,118.16666666666666,-63.12060084848485,-42.0,24.30909090909091,26.0,117.93544108606555,116.87539457742318,0,0,88.39851235858467,88.39851235858467,87.60395447562807
2379,2021-02-09T12:00:07,2021-02-09T12:20:37,124,90.0,97.6,7.599999999999994,9.982363555555557,131.346888888889,20.5,115.23,38.32,118.06352459016394,-29.220168467741946,-17.20001,25.0,26.0,131.346888888889,117.11149489795918,0,0,98.45106334263724,98.45106334263724,87.78092347587571
2381,2021-02-10T20:29:40,2021-02-10T21:00:50,188,38.0,58.4,20.4,23.271121500000007,114.07412500000004,31.16666603088379,67.54,22.43,115.65068493150687,-44.80002,-44.80002,18.58244680851064,20.0,114.07412500000004,117.11149489795918,0,0,85.5042628046667,85.5042628046667,87.78092347587571
2382,2021-02-10T21:01:01,2021-02-10T21:29:41,173,58.4,76.8,18.4,21.404454000000005,116.32855434782611,28.66666603088379,89.29,29.67,116.26302083333334,-44.80002000000001,-44.80002,20.50578034682081,22.0,116.32855434782611,117.11149489795918,0,0,87.1940703699763,87.1940703699763,87.78092347587571
2383,2021-02-10T21:29:52,2021-02-10T21:57:52,169,76.8,94.0,17.200000000000003,20.631676000000002,119.95160465116278,28.0,109.68,36.46,116.6808510638298,-44.20830402366865,-42.80002,21.502958579881657,23.0,119.95160465116278,117.11149489795918,0,0,89.9097278014142,89.9097278014142,87.78092347587571
2386,2021-02-11T06:23:02,2021-02-11T06:52:02,175,19.6,48.4,28.799999999999997,33.87305911111111,117.61478858024692,29.0,56.64,18.83,117.02479338842976,-70.0822930857143,-70.0,21.505714285714287,24.0,117.61478858024692,117.37825422955639,0,0,88.15816726607144,88.15816726607144,87.98087293851228
2387,2021-02-11T06:52:13,2021-02-11T07:20:43,172,48.4,76.8,28.4,33.278197236111104,117.17675083137713,28.5,90.62,30.13,117.99479166666667,-70.05930819767443,-70.0,24.787790697674417,27.0,117.17675083137713,117.37825422955639,0,0,87.82983606214832,87.82983606214832,87.98087293851228
2388,2021-02-11T07:20:54,2021-02-11T07:48:04,164,77.2,96.8,19.599999999999994,23.880696625000002,121.84028890306126,27.16666603088379,114.33,38.02,118.10950413223141,-52.76585847560976,-43.0,26.0,27.0,121.84028890306126,117.52284403935185,0,0,91.32539112234139,91.32539112234139,88.08925023350032
2391,2021-02-11T15:37:28,2021-02-11T16:06:08,173,38.8,67.6,28.799999999999997,33.52986584722222,116.42314530285493,28.66666603088379,80.06,26.63,118.43195266272191,-70.17920069364162,-70.0,25.982658959537574,28.0,116.42314530285493,117.37825422955639,0,0,87.26497102231731,87.26497102231731,87.98087293851228
2392,2021-02-11T16:06:19,2021-02-11T16:34:19,169,68.0,92.0,24.0,28.866114986111114,120.27547910879632,28.0,108.84,36.21,118.30434782608695,-61.8248603550296,-42.89999,28.180473372781066,29.0,120.27547910879632,117.52284403935185,0,0,90.1524879079784,90.1524879079784,88.08925023350032
2394,2021-02-12T08:35:03,2021-02-12T08:57:13,134,23.2,45.2,22.000000000000004,25.944863888888893,117.9311994949495,22.16666603088379,52.68,17.51,116.54867256637168,-70.22612694029851,-70.0,20.04850746268657,22.0,117.9311994949495,117.5709026089892,0,0,88.39533307387399,88.39533307387399,88.1252725353877
2395,2021-02-12T08:57:24,2021-02-12T09:18:44,129,45.2,67.2,22.0,24.94000244444445,113.3636474747475,21.33333396911621,78.96,26.25,117.49999999999999,-70.14419294573645,-69.89999,23.151162790697676,25.0,113.3636474747475,117.52284403935185,0,0,84.97172436059796,84.97172436059796,88.08925023350032
2397,2021-02-12T09:34:39,2021-02-12T09:53:33,115,82.8,95.6,12.799999999999997,15.433167872222223,120.57162400173614,18.899999618530273,113.1,37.62,118.30543933054393,-49.16956904347827,-42.89999,25.55217391304348,27.0,120.57162400173614,117.52284403935185,0,0,90.37446331874037,90.37446331874037,88.08925023350032
2400,2021-02-12T22:27:25,2021-02-12T22:54:25,163,22.8,51.6,28.8,33.42708713888889,116.06627478780864,27.0,60.95,20.27,118.12015503875969,-74.28221699386503,-74.0,25.26993865030675,28.0,116.06627478780864,117.52284403935185,0,0,86.99747872022202,86.99747872022202,88.08925023350032
2401,2021-02-12T22:54:36,2021-02-12T23:27:16,197,51.6,86.0,34.4,40.40264412500001,117.44954687500004,32.66666793823242,101.83,33.87,118.40697674418605,-74.20914670050762,-74.0,28.84771573604061,31.0,117.44954687500004,117.52284403935185,0,0,88.03431034241132,88.03431034241132,88.08925023350032
2404,2021-02-13T03:34:05,2021-02-13T04:03:25,177,71.2,95.6,24.39999999999999,29.004726222222228,118.87182877959934,29.33333396911621,113.08,37.61,118.28451882845188,-59.324301977401134,-42.89999,28.056497175141242,30.0,118.87182877959934,117.5709026089892,0,0,89.10038177406314,89.10038177406314,88.1252725353877
2407,2021-02-13T10:42:40,2021-02-13T11:12:10,178,40.0,69.6,29.599999999999994,34.61013620833333,116.92613583896399,29.5,82.45,27.42,118.46264367816093,-70.3938147752809,-70.30002,26.0,29.0,116.92613583896399,117.5709026089892,0,0,87.64198758928838,87.64198758928838,88.1252725353877
2408,2021-02-13T11:12:21,2021-02-13T11:42:11,180,69.6,94.4,24.80000000000001,29.673470402777777,119.65109033378131,29.83333396911621,111.74,37.17,118.3686440677966,-59.66332966666667,-43.39999,28.244444444444444,30.0,119.65109033378131,117.5709026089892,0,0,89.68447728846967,89.68447728846967,88.1252725353877
2411,2021-02-13T16:11:37,2021-02-13T16:41:27,180,63.6,82.4,18.800000000000004,22.474588319444447,119.54568255023638,29.83333396911621,97.53,32.44,118.36165048543688,-45.20056561111112,-45.20001,29.983333333333334,31.0,119.54568255023638,117.5709026089892,0,0,89.6054688820858,89.6054688820858,88.1252725353877
2412,2021-02-13T16:41:38,2021-02-13T17:06:48,152,82.4,97.6,15.199999999999989,18.50611530555556,121.75075858918142,25.16666603088379,115.54,38.43,118.38114754098362,-44.12106263157896,-43.20001,30.473684210526315,32.0,121.75075858918142,117.5709026089892,0,0,91.25828367368057,91.25828367368057,88.1252725353877
2414,2021-02-14T22:47:38,2021-02-14T23:15:38,169,24.4,52.4,28.0,32.71389352777778,116.83533402777776,28.0,61.93,20.6,118.18702290076335,-70.10119337278107,-70.0,26.96153846153846,29.0,116.83533402777776,117.5709026089892,0,0,87.57392708979468,87.57392708979468,88.1252725353877
2415,2021-02-14T23:15:49,2021-02-14T23:42:59,164,52.8,79.6,26.799999999999997,31.736115222222224,118.41834038142623,27.16666603088379,94.23,31.34,118.37939698492464,-70.09208225609757,-70.0,30.125,32.0,118.41834038142623,117.6415289055081,0,0,88.76046953562818,88.76046953562818,88.1782104774361
2416,2021-02-14T23:43:10,2021-02-15T00:09:00,156,80.0,97.6,17.599999999999994,22.110420736111113,125.62739054608592,25.83333396911621,115.54,38.43,118.38114754098362,-51.385906923076924,-42.70001,31.0,32.0,125.62739054608592,117.6415289055081,0,0,94.16401323890959,94.16401323890959,88.1782104774361
2419,2021-02-15T04:59:13,2021-02-15T05:29:23,182,72.4,96.0,23.599999999999994,28.08430963888889,119.00131202919025,30.16666603088379,113.57,37.78,118.30208333333333,-55.86099714285715,-42.60001,28.87912087912088,31.0,119.00131202919025,117.79973436285937,0,0,89.19743594653059,89.19743594653059,88.29679338133737
2421,2021-02-15T16:15:13,2021-02-15T16:33:43,112,6.4,18.4,11.999999999999998,14.44264051388889,120.35533761574077,18.5,21.57,7.18,117.22826086956522,-46.841969464285725,-46.39999,31.5,32.0,120.35533761574077,117.93332029050752,0,0,90.2123458535464,90.2123458535464,88.39692271622933
2422,2021-02-15T16:33:54,2021-02-15T17:04:54,187,18.8,39.2,20.400000000000002,23.806391513888894,116.69799761710242,31.0,46.32,15.41,118.16326530612244,-46.076475721925135,-45.60001,32.601604278074866,34.0,116.69799761710242,117.79973436285937,0,0,87.47098658027042,87.47098658027042,88.29679338133737
2423,2021-02-15T17:05:05,2021-02-15T17:34:35,178,39.2,58.4,19.199999999999996,22.104031819444447,115.1251657262732,29.5,69.05,22.97,118.23630136986301,-44.956749775280905,-44.0,34.651685393258425,36.0,115.1251657262732,117.6415289055081,0,0,86.29207040325812,86.29207040325812,88.1782104774361
2424,2021-02-15T17:34:46,2021-02-15T18:03:26,173,58.4,76.0,17.6,20.597780736111115,117.03284509154042,28.66666603088379,89.95,29.92,118.35526315789474,-43.11156687861273,-42.20001,35.861271676300575,37.0,117.03284509154042,117.6415289055081,0,0,87.72197151181231,87.72197151181231,88.1782104774361
2425,2021-02-15T18:03:37,2021-02-15T18:30:37,163,76.0,91.2,15.200000000000003,18.68736427777778,122.9431860380117,27.0,107.96,35.91,118.37719298245612,-41.52761447852762,-40.80002,36.125766871165645,37.0,122.9431860380117,117.6415289055081,0,0,92.15206769315284,92.15206769315284,88.1782104774361
2427,2021-02-16T00:48:50,2021-02-16T01:41:00,392,43.6,92.0,48.4,57.53033746666668,118.86433360881546,52.16666793823242,108.81,36.19,118.27173913043478,-66.14158640306123,-42.5,31.367346938775512,34.0,118.86433360881546,117.79973436285937,0,0,89.09476376864369,89.09476376864369,88.29679338133737
2428,2021-02-17T18:29:51,2021-02-17T18:49:31,119,15.6,26.4,10.799999999999999,12.73625000875,117.92824082175927,19.66666603088379,31.08,10.34,117.72727272727272,-38.69915976722689,-0.3000183,25.319327731092436,26.0,117.92824082175927,117.92972015835439,0,0,88.39311540032172,88.39311540032172,88.39422423709786
2429,2021-02-17T18:49:42,2021-02-17T19:20:52,188,26.4,44.4,18.0,20.77777777777778,115.4320987654321,31.16666603088379,52.41,17.43,118.04054054054053,-40.0,-40.0,26.71808510638298,28.0,115.4320987654321,117.7715147010031,0,0,86.52213206924661,86.52213206924661,88.27564133319657
2430,2021-02-17T19:21:03,2021-02-17T19:51:13,182,44.4,62.0,17.6,20.111944527777776,114.27241208964645,30.16666603088379,73.27,24.38,118.1774193548387,-40.00164851648352,-40.0,28.766483516483518,30.0,114.27241208964645,117.7715147010031,0,0,85.6528888969019,85.6528888969019,88.27564133319657
2431,2021-02-17T19:51:24,2021-02-17T20:19:14,168,62.4,78.0,15.600000000000001,18.556944583333337,118.95477297008547,27.83333396911621,92.22,30.67,118.23076923076923,-40.00297648809524,-40.0,29.50595238095238,31.0,118.95477297008547,117.92972015835439,0,0,89.16255259379501,89.16255259379501,88.39422423709786
2432,2021-02-17T20:19:25,2021-02-17T20:50:35,188,78.0,95.2,17.200000000000003,20.77972241666667,120.81233963178293,31.16666603088379,112.64,37.46,118.31932773109243,-40.00372377659575,-40.0,30.372340425531913,31.0,120.81233963178293,117.92972015835439,0,0,90.55489172432938,90.55489172432938,88.39422423709786
2434,2021-02-18T06:42:29,2021-02-18T07:10:49,171,81.6,97.2,15.600000000000009,18.426109833333328,118.11608867521358,28.33333396911621,113.44,37.71,116.70781893004116,-39.050874502923975,-18.39999,21.96783625730994,23.0,118.11608867521358,117.92972015835439,0,0,88.53391676284849,88.53391676284849,88.39422423709786
2437,2021-02-19T01:16:18,2021-02-19T01:44:28,170,32.0,52.4,20.4,23.471944416666666,115.05855106209151,28.16666603088379,61.92,20.59,118.16793893129771,-49.99941170588235,-49.89999,26.50294117647059,29.0,115.05855106209151,117.92972015835439,0,0,86.24213938031286,86.24213938031286,88.39422423709786
2438,2021-02-19T01:44:39,2021-02-19T02:14:49,182,52.4,74.0,21.6,25.13888888888889,116.38374485596707,30.16666603088379,87.48,29.1,118.21621621621622,-50.0,-50.0,28.62087912087912,30.0,116.38374485596707,117.92972015835439,0,0,87.2354384165198,87.2354384165198,88.39422423709786
2439,2021-02-19T02:15:00,2021-02-19T02:42:30,166,74.4,92.8,18.39999999999999,22.217084291666662,120.7450233242754,27.5,109.87,36.54,118.39439655172416,-48.46084548192771,-42.70001,29.40963855421687,31.0,120.7450233242754,117.92972015835439,0,0,90.50443478461439,90.50443478461439,88.39422423709786
2441,2021-02-19T15:58:27,2021-02-19T16:31:40,250,70.8,97.6,26.799999999999997,30.654100781944447,114.38097306695691,33.21666717529297,115.53,38.43,118.37090163934427,-55.381206399999996,-42.5,25.004,26.0,114.38097306695691,117.92972015835439,0,0,85.73426077973934,85.73426077973934,88.39422423709786
2442,2021-02-19T22:45:30,2021-02-19T23:56:48,536,23.2,91.2,68.0,80.45942711527779,118.32268693423204,71.30000305175781,107.9,35.89,118.31140350877193,-67.69422520522387,-42.60001,30.20242537313433,33.0,118.32268693423204,117.93332029050752,0,0,88.68877249226217,88.68877249226217,88.39692271622933
2449,2021-02-20T18:46:43,2021-02-20T19:38:13,387,54.4,98.0,43.6,52.26700683333334,119.87845603975536,51.5,115.94,38.56,118.3061224489796,-60.88502090439277,-42.5,30.972868217054263,33.0,119.87845603975536,117.93332029050752,0,0,89.8548992581878,89.8548992581878,88.39692271622933
2450,2021-02-21T17:25:09,2021-02-21T17:50:49,155,34.0,51.2,17.200000000000003,20.017777761111113,116.38242884366923,25.66666603088379,60.47,20.11,118.10546875,-46.66387092903226,-5.0,28.54193548387097,30.0,116.38242884366923,117.92972015835439,0,0,87.23445199947413,87.23445199947413,88.39422423709786
2452,2021-02-21T17:54:53,2021-02-21T18:25:03,182,54.0,74.8,20.799999999999997,24.137778222222224,116.04701068376072,30.16666603088379,88.47,29.43,118.27540106951872,-48.0087920879121,-48.0,30.793956043956044,32.0,116.04701068376072,117.92972015835439,0,0,86.98303931062577,86.98303931062577,88.39422423709786
2454,2021-02-21T23:20:17,2021-02-21T23:43:07,138,38.8,61.6,22.800000000000004,26.674308944444444,116.9925830896686,22.83333396911621,72.97,24.27,118.45779220779221,-70.09348717391303,-70.0,31.608695652173914,34.0,116.9925830896686,117.92972015835439,0,0,87.69179312745837,87.69179312745837,88.39422423709786
2455,2021-02-21T23:43:18,2021-02-22T00:10:28,164,62.0,88.4,26.400000000000006,31.615142319444445,119.75432696759256,27.16666603088379,104.67,34.82,118.40497737556561,-69.74330030487805,-42.80002,33.51829268292683,35.0,119.75432696759256,117.93332029050752,0,0,89.76185830952475,89.76185830952475,88.39692271622933
2457,2021-02-22T23:03:03,2021-02-22T23:28:03,151,28.8,54.0,25.2,29.175556444444446,115.77601763668432,25.0,63.86,21.24,118.25925925925925,-70.02119417218543,-69.89999,28.225165562913908,31.0,115.77601763668432,117.92972015835439,0,0,86.77991646646231,86.77991646646231,88.39422423709786
2458,2021-02-22T23:28:14,2021-02-22T23:59:04,186,54.4,84.8,30.4,35.980556388888886,118.35709338450292,30.83333396911621,100.32,33.37,118.30188679245282,-70.01613064516128,-69.89999,31.29032258064516,33.0,118.35709338450292,117.93332029050752,0,0,88.71456184778988,88.71456184778988,88.39692271622933
2461,2021-02-23T15:49:59,2021-02-23T16:20:09,182,24.4,54.8,30.4,35.21666888888888,115.84430555555554,30.16666603088379,64.83,21.56,118.30291970802921,-70.04396043956045,-70.0,31.4010989010989,34.0,115.84430555555554,117.93332029050752,0,0,86.83110167749547,86.83110167749547,88.39692271622933
2462,2021-02-23T16:20:20,2021-02-23T16:48:20,169,55.2,83.2,28.0,32.686946472222225,116.7390945436508,28.0,98.39,32.73,118.25721153846153,-70.04319958579882,-69.89999,34.281065088757394,36.0,116.7390945436508,117.92972015835439,0,0,87.50179078243332,87.50179078243332,88.39422423709786
2463,2021-02-23T16:48:31,2021-02-23T17:10:51,135,83.2,98.0,14.799999999999997,17.957224166666666,121.33259572072075,22.33333396911621,115.95,38.57,118.31632653061224,-48.14519037037038,0.0,35.04074074074074,36.0,121.33259572072075,117.92972015835439,0,0,90.94484968678815,90.94484968678815,88.39422423709786
2464,2021-02-23T22:47:46,2021-02-23T23:12:36,150,60.4,84.8,24.4,28.982362124999998,118.78017264344261,24.83333396911621,100.33,33.37,118.31367924528303,-70.02466913333333,-70.0,32.43333333333333,34.0,118.78017264344261,117.92972015835439,0,0,89.03168091526975,89.03168091526975,88.39422423709786
2465,2021-02-23T23:12:47,2021-02-23T23:32:27,119,85.2,97.6,12.399999999999991,15.543197666666666,125.34836827956997,19.66666603088379,115.53,38.43,118.37090163934427,-47.49496781512606,-42.60001,33.0,34.0,125.34836827956997,118.02364408508154,0,0,93.95487209314553,93.95487209314553,88.46462491836124
2466,2021-02-24T14:26:47,2021-02-24T14:48:37,132,49.2,70.8,21.599999999999994,25.61138716666667,118.5712368827161,21.83333396911621,83.85,27.89,118.4322033898305,-70.38181363636363,-70.30002,29.488636363636363,31.0,118.5712368827161,118.2193878047228,0,0,88.8750731114014,88.8750731114014,88.61134462755533
2467,2021-02-24T14:48:48,2021-02-24T15:07:18,112,71.2,88.8,17.599999999999994,20.834303194444438,118.37672269570707,18.5,105.03,34.93,118.27702702702703,-67.47320660714286,-42.89999,31.147321428571427,32.0,118.37672269570707,118.2193878047228,0,0,88.72927499841781,88.72927499841781,88.61134462755533
2468,2021-02-24T20:29:30,2021-02-24T20:52:20,138,41.6,56.4,14.799999999999997,16.958612208333335,114.58521762387392,22.83333396911621,66.63,22.16,118.13829787234043,-44.565945000000006,-43.70001,29.536231884057973,31.0,114.58521762387392,118.2193878047228,0,0,85.88735229169313,85.88735229169313,88.61134462755533
2469,2021-02-24T20:52:31,2021-02-24T21:21:01,172,56.4,73.6,17.199999999999996,20.351531319444447,118.32285650839798,28.5,87.05,28.95,118.27445652173913,-42.84535627906977,-42.0,30.843023255813954,32.0,118.32285650839798,118.32277172131501,0,0,88.68889959658183,88.68889959658183,88.688836044422
2470,2021-02-24T21:21:12,2021-02-24T21:52:02,186,73.6,91.2,17.60000000000001,21.14153086111111,120.12233443813126,30.83333396911621,107.89,35.89,118.30043859649122,-41.14032860215055,-40.30002,31.0,32.0,120.12233443813126,118.32277172131501,0,0,90.03769831684475,90.03769831684475,88.688836044422
2473,2021-02-25T18:00:02,2021-02-25T18:29:32,178,41.2,62.4,21.199999999999996,24.59236201388889,116.00170761268348,29.5,73.77,24.53,118.22115384615384,-50.01854117977529,-50.0,26.848314606741575,28.0,116.00170761268348,118.32277172131501,0,0,86.94908239274235,86.94908239274235,88.688836044422
2474,2021-02-25T18:29:43,2021-02-25T18:57:03,165,62.4,81.6,19.199999999999996,22.78680645833333,118.6812836371528,27.33333396911621,96.54,32.12,118.30882352941178,-50.020002,-50.0,28.47878787878788,29.0,118.6812836371528,118.32277172131501,0,0,88.95755865851524,88.95755865851524,88.688836044422
2475,2021-02-25T18:57:14,2021-02-25T19:22:54,155,81.6,98.0,16.400000000000006,19.621392347222226,119.64263626355012,25.66666603088379,115.94,38.56,118.3061224489796,-45.87097580645162,-42.60001,29.270967741935483,30.0,119.64263626355012,118.33997494645044,0,0,89.6781405399492,89.6781405399492,88.70173072218586
2476,2021-02-26T01:25:43,2021-02-26T03:25:00,895,19.2,97.6,78.39999999999999,92.77997469305555,118.341804455428,119.28333282470703,115.53,38.43,118.37090163934427,-46.66602777653632,-44.39999,32.46703910614525,36.0,118.341804455428,118.34944891996545,0,0,88.70310203067864,88.70310203067864,88.70883193923426
2477,2021-02-26T13:31:43,2021-02-26T15:00:35,667,42.0,98.0,56.0,65.95684825555556,117.78008617063492,88.86666870117188,115.95,38.57,118.31632653061224,-44.53102581709146,-42.39999,29.88230884557721,32.0,117.78008617063492,118.33233048191299,0,0,88.28206607844027,88.28206607844027,88.69600081363023
2478,2021-02-27T00:25:59,2021-02-27T00:44:19,111,24.4,43.2,18.800000000000004,21.94916869444445,116.75089731087469,18.33333396911621,51.02,16.97,118.10185185185185,-71.83334009009008,-71.70001,25.716216216216218,28.0,116.75089731087469,118.33233048191299,0,0,87.51063754685543,87.51063754685543,88.69600081363023
2479,2021-02-27T00:44:30,2021-02-27T01:16:05,191,43.2,76.0,32.8,37.86402745833334,115.43910810467483,31.58333396911621,90.0,29.94,118.42105263157895,-71.93193664921466,-71.80002,28.691099476439792,31.0,115.43910810467483,118.33233048191299,0,0,86.52738591962414,86.52738591962414,88.69600081363023
2481,2021-02-27T06:05:04,2021-02-27T06:29:04,145,45.6,61.6,16.0,18.768474944444446,117.30296840277778,24.0,72.74,24.19,118.08441558441558,-46.760696482758625,0.0,25.417241379310344,28.0,117.30296840277778,118.32277172131501,0,0,87.92444244545922,87.92444244545922,88.688836044422
2482,2021-02-27T06:29:15,2021-02-27T06:51:45,136,62.0,76.8,14.799999999999997,17.766530055555556,120.04412199699703,22.5,90.87,30.23,118.3203125,-47.375741397058825,-46.5,26.5,28.0,120.04412199699703,118.33233048191299,0,0,89.9790741799396,89.9790741799396,88.69600081363023
2517,2021-02-27T13:40:41,2021-02-27T14:39:48,444,51.2,97.2,46.0,54.61984276388888,118.73878861714974,59.11666488647461,114.79,38.17,118.09670781893006,-55.427712274774784,-42.39999,24.708333333333332,27.0,118.73878861714974,118.33233048191299,0,0,89.00066151748729,89.00066151748729,88.69600081363023
2518,2021-02-28T20:16:08,2021-02-28T21:51:53,719,10.0,97.6,87.6,103.46135023194445,118.10656419171742,95.75,115.46,38.41,118.29918032786885,-64.8242021696801,-42.30002,28.1432545201669,32.0,118.10656419171742,118.32277172131501,0,0,88.52677768604266,88.52677768604266,88.688836044422
2519,2021-03-01T02:32:13,2021-03-01T03:02:06,225,75.2,98.0,22.799999999999997,26.93557124861111,118.13847038864523,29.883333206176758,115.94,38.56,118.3061224489796,-54.097781377777785,-42.20001,27.948888888888888,30.0,118.13847038864523,118.23057866143864,0,0,88.55069297662422,88.55069297662422,88.6197327344432
2523,2021-03-01T10:18:25,2021-03-01T10:47:25,175,36.8,53.6,16.800000000000004,19.330833083333328,115.06448263888883,29.0,63.35,21.07,118.19029850746269,-39.994856628571426,-39.89999,28.571428571428573,31.0,115.06448263888883,118.23057866143864,0,0,86.24658539382666,86.24658539382666,88.6197327344432
2524,2021-03-01T10:47:36,2021-03-01T11:17:46,182,53.6,71.2,17.6,20.102776944444447,114.2203235479798,30.16666603088379,84.18,28.0,118.23033707865169,-39.98351483516483,-39.89999,29.964285714285715,31.0,114.2203235479798,118.1272795319294,0,0,85.61384592939478,85.61384592939478,88.54230486973636
2526,2021-03-01T11:32:17,2021-03-01T11:55:27,140,79.2,92.0,12.799999999999997,15.438054916666667,120.60980403645836,23.16666603088379,108.81,36.19,118.27173913043478,-39.98356978571429,-39.89999,30.460714285714285,32.0,120.60980403645836,118.1272795319294,0,0,90.40308116457332,90.40308116457332,88.54230486973636
2527,2021-03-01T15:36:58,2021-03-01T15:56:18,117,59.6,70.4,10.800000000000004,12.538471213888888,116.09695568415633,19.33333396911621,83.25999,27.7,118.26703124999999,-38.77179174358974,-4.899994,30.08974358974359,31.0,116.09695568415633,118.1113264334655,0,0,87.02047558672787,87.02047558672787,88.53034722444558
2528,2021-03-01T15:56:29,2021-03-01T16:26:39,182,70.4,87.2,16.799999999999997,20.081941527777776,119.53536623677249,30.16666603088379,103.17,34.32,118.31422018348624,-39.941752417582414,-39.89999,30.604395604395606,32.0,119.53536623677249,118.1113264334655,0,0,89.59773628911091,89.59773628911091,88.53034722444558
2529,2021-03-01T19:38:43,2021-03-01T19:56:03,105,53.6,65.6,11.999999999999993,14.494447333333337,120.78706111111121,17.33333396911621,77.54,25.79,118.20121951219515,-50.17334333333333,-50.10001,29.966666666666665,31.0,120.78706111111121,118.1272795319294,0,0,90.53594420862564,90.53594420862564,88.54230486973636
2530,2021-03-01T19:56:14,2021-03-01T20:14:44,112,66.0,79.2,13.200000000000003,15.477225305555555,117.25170686026932,18.5,93.65,31.15,118.2449494949495,-50.19643857142858,-50.10001,30.65625,32.0,117.25170686026932,118.1272795319294,0,0,87.88601935518862,87.88601935518862,88.54230486973636
2532,2021-03-01T23:56:53,2021-03-02T00:25:13,171,71.2,91.2,20.0,23.410007458333336,117.05003729166667,28.33333396911621,107.94,35.9,118.35526315789473,-49.55615614035087,-42.70001,28.257309941520468,30.0,117.05003729166667,118.1272795319294,0,0,87.73485792578029,87.73485792578029,88.54230486973636
2534,2021-03-02T16:40:04,2021-03-02T17:11:13,189,8.400001,30.4,21.999999,25.883473913888892,117.65215950186587,31.149999618530273,35.8,11.9,117.76315789473684,-49.856087830687834,-49.80002,26.267195767195766,28.0,117.65215950186587,118.1113264334655,0,0,88.18617864116074,88.18617864116074,88.53034722444558
2535,2021-03-02T17:11:24,2021-03-02T17:39:14,168,30.8,50.8,19.999999999999996,23.122086486111115,115.6104324305556,27.83333396911621,59.97,19.95,118.05118110236221,-49.84405440476193,-49.80002,28.178571428571427,30.0,115.6104324305556,118.01740250673835,0,0,86.65580207170895,86.65580207170895,88.45994654318218
2536,2021-03-02T17:39:25,2021-03-02T18:07:25,169,50.8,71.2,20.400000000000006,23.25361636111111,113.98831549564265,28.0,84.17,28.0,118.21629213483145,-49.82900538461539,-49.80002,30.076923076923077,31.0,113.98831549564265,117.94332518117616,0,0,85.43994428886207,85.43994428886207,88.40442188224146
2537,2021-03-02T18:07:36,2021-03-02T18:40:06,196,71.2,92.8,21.599999999999994,26.165972638888892,121.13876221707824,32.5,109.83,36.53,118.35129310344828,-48.29489882653061,-42.30002,30.823979591836736,32.0,121.13876221707824,118.1113264334655,0,0,90.7995617800363,90.7995617800363,88.53034722444558
2542,2021-03-03T02:05:33,2021-03-03T02:36:33,187,48.0,67.6,19.599999999999994,22.577779861111114,115.19275439342408,31.0,79.98,26.6,118.31360946745563,-43.69893454545454,-42.70001,26.67914438502674,29.0,115.19275439342408,118.1113264334655,0,0,86.34273149014953,86.34273149014953,88.53034722444558
2543,2021-03-03T02:36:44,2021-03-03T03:04:04,165,67.6,83.6,16.0,19.101253083333333,119.38283177083333,27.33333396911621,98.89,32.89,118.28947368421053,-41.92970375757576,-41.10001,27.63939393939394,29.0,119.38283177083333,118.1113264334655,0,0,89.48340407694245,89.48340407694245,88.53034722444558
2544,2021-03-03T03:04:15,2021-03-03T03:26:45,136,84.0,96.4,12.400000000000006,15.195140499999999,122.54145564516124,22.5,114.11,37.96,118.3713692946058,-40.52059249999999,-39.89999,28.0,29.0,122.54145564516124,118.1113264334655,0,0,91.85095066870134,91.85095066870134,88.53034722444558
2545,2021-03-03T14:01:05,2021-03-03T16:06:54,944,38.0,78.4,40.400000000000006,46.971756830555556,116.26672482810778,125.81666564941406,92.71,30.84,118.25255102040815,-22.400095942796607,-22.39999,24.87076271186441,27.0,116.26672482810778,117.94332518117616,0,0,87.14772605216469,87.14772605216469,88.40442188224146
2546,2021-03-03T20:06:37,2021-03-03T21:02:21,419,50.4,97.6,47.199999999999996,56.84011687555556,120.42397643126178,55.733333587646484,115.509995,38.43,118.35040471311476,-61.1799584725537,-42.5,26.69689737470167,29.0,120.42397643126178,118.12251729018132,0,0,90.26379407917082,90.26379407917082,88.53873533133344
2547,2021-03-04T05:25:48,2021-03-04T07:03:59,738,20.0,97.6,77.6,90.99210510083334,117.25786739798113,98.18333435058594,115.46,38.41,118.29918032786885,-55.589706696476966,-42.30002,26.041327913279133,29.0,117.25786739798113,118.12251729018132,0,0,87.8906369863607,87.8906369863607,88.53873533133344
2548,2021-03-05T07:35:18,2021-03-05T08:33:10,435,54.8,97.6,42.8,51.309670026666666,119.88240660436138,57.86666488647461,113.92,37.87,116.72131147540983,-53.180233365517246,-17.800018,20.45287356321839,22.0,119.88240660436138,118.12251729018132,0,0,89.85786040397173,89.85786040397173,88.53873533133344
2568,2021-03-06T17:15:22,2021-03-06T17:37:22,133,50.8,81.6,30.799999999999997,25.713613652777784,83.48575861291488,22.0,96.57,32.12,118.34558823529412,-70.1278264661654,-69.89999,26.93984962406015,28.0,117.65215950186587,118.12251729018132,1,0,62.57675213275261,88.18617864116074,88.53873533133344
2569,2021-03-06T17:37:33,2021-03-06T18:00:23,138,81.6,97.2,15.600000000000009,19.331530124999997,123.92006490384607,22.83333396911621,115.07,38.28,118.38477366255144,-50.838411956521746,-42.20001,28.293478260869566,29.0,123.92006490384607,118.12251729018132,0,0,92.88428726768498,92.88428726768498,88.53873533133344
2570,2021-03-07T05:56:50,2021-03-07T06:13:30,101,19.2,36.0,16.8,19.511391541666676,116.13923536706353,16.66666603088379,42.23,14.04,117.30555555555556,-70.24159366336634,-70.0,23.445544554455445,25.0,116.13923536706353,117.94332518117616,0,0,87.05216632394452,87.05216632394452,88.40442188224146
2571,2021-03-07T06:13:41,2021-03-07T06:41:31,168,36.0,64.4,28.400000000000006,32.539865638888884,114.57699168622845,27.83333396911621,76.15,25.33,118.24534161490683,-70.14584309523809,-70.0,26.541666666666668,29.0,114.57699168622845,117.94332518117616,0,0,85.88118653995713,85.88118653995713,88.40442188224146
2572,2021-03-07T06:41:42,2021-03-07T07:10:12,172,64.8,90.8,26.0,30.819170152777783,118.53526981837608,28.5,107.47,35.75,118.35903083700441,-64.83256546511629,-42.30002,28.99418604651163,30.0,118.53526981837608,118.12251729018132,0,0,88.84811399756519,88.84811399756519,88.53873533133344
2575,2021-03-08T08:00:17,2021-03-08T08:29:07,174,24.4,53.6,29.200000000000003,33.71569838888889,115.46472050989344,28.83333396911621,63.28,21.04,118.05970149253731,-70.15977833333334,-69.89999,23.307471264367816,26.0,115.46472050989344,118.12251729018132,0,0,86.54658369849705,86.54658369849705,88.53873533133344
2576,2021-03-08T08:29:18,2021-03-08T09:02:08,198,53.6,86.4,32.800000000000004,38.380003069444456,117.01220448001357,32.83333206176758,102.17,33.98,118.25231481481481,-70.1358641919192,-69.89999,27.088383838383837,29.0,117.01220448001357,117.94332518117616,0,0,87.70650034100612,87.70650034100612,88.40442188224146
2579,2021-03-08T15:09:01,2021-03-08T15:29:21,123,59.6,80.0,20.4,23.738890583333337,116.3671107026144,20.33333396911621,94.66,31.48,118.32499999999999,-70.05041154471544,-69.70001,28.166666666666668,30.0,116.3671107026144,117.94332518117616,0,0,87.22297028652274,87.22297028652274,88.40442188224146
2582,2021-03-08T23:13:18,2021-03-08T23:40:58,167,51.2,78.8,27.599999999999994,32.360419819444445,117.24789789653786,27.66666603088379,93.27,31.02,118.36294416243655,-70.1796476047904,-69.89999,27.931137724550897,30.0,117.24789789653786,117.71612283625039,0,0,87.88316434634321,87.88316434634321,88.2341223598005
2585,2021-03-09T03:50:20,2021-03-09T04:16:00,155,62.4,87.6,25.199999999999996,29.946111833333337,118.83377711640216,25.66666603088379,103.75,34.51,118.43607305936075,-70.0032275483871,-69.80002,28.438709677419354,30.0,118.83377711640216,117.94332518117616,0,0,89.0718601491095,89.0718601491095,88.40442188224146
2588,2021-03-09T13:37:05,2021-03-09T14:08:05,187,54.8,85.6,30.799999999999997,36.202919194444455,117.54194543650797,31.0,101.33,33.7,118.37616822429906,-70.0705931550802,-69.89999,28.663101604278076,30.0,117.54194543650797,117.94332518117616,0,0,88.1035676861424,88.1035676861424,88.40442188224146
2589,2021-03-09T14:08:16,2021-03-09T14:28:06,120,86.0,97.6,11.599999999999994,14.827502069444446,127.82329370210736,19.83333396911621,115.56,38.44,118.4016393442623,-44.95083950000001,-42.20001,29.8125,31.0,127.82329370210736,117.94332518117616,0,0,95.80995249591511,95.80995249591511,88.40442188224146
2591,2021-03-10T01:27:25,2021-03-10T01:53:45,159,59.6,85.6,25.999999999999993,30.81222654166667,118.5085636217949,26.33333396911621,101.23,33.68,118.25934579439253,-70.20504119496854,-70.0,28.49056603773585,30.0,118.5085636217949,117.94332518117616,0,0,88.82809636735335,88.82809636735335,88.40442188224146
2592,2021-03-10T01:53:56,2021-03-10T02:13:36,119,86.0,97.6,11.599999999999994,14.665000583333333,126.42241882183914,19.66666603088379,115.54,38.43,118.38114754098362,-44.83865731092437,-42.30002,29.5,30.0,126.42241882183914,117.94332518117616,0,0,94.75992669980306,94.75992669980306,88.40442188224146
2594,2021-03-10T14:35:23,2021-03-10T15:07:53,196,38.4,60.0,21.6,24.46306097222223,113.25491190843624,32.5,70.93999,23.6,118.23331666666667,-45.162765102040815,-45.10001,28.441326530612244,30.0,113.25491190843624,117.71612283625039,0,0,84.89022161457127,84.89022161457127,88.2341223598005
2596,2021-03-10T15:22:36,2021-03-10T15:55:26,198,60.4,81.2,20.800000000000004,24.73444991666667,118.91562459935896,32.83333206176758,96.12,31.97,118.3743842364532,-45.20001,-45.20001,29.96969696969697,31.0,118.91562459935896,117.71612283625039,0,0,89.13320893168958,89.13320893168958,88.2341223598005
2597,2021-03-10T15:55:37,2021-03-10T16:22:27,162,81.6,97.6,16.0,19.64278180555556,122.76738628472225,26.83333396911621,115.51,38.43,118.35040983606558,-43.921613950617285,-42.5,30.709876543209877,32.0,122.76738628472225,117.94332518117616,0,0,92.02029698435926,92.02029698435926,88.40442188224146
2598,2021-03-10T19:59:05,2021-03-10T20:22:32,145,79.2,94.4,15.200000000000003,17.246497330555556,113.46379822733917,23.450000762939453,111.77,37.18,118.40042372881355,-44.14275179310345,-42.30002,30.486206896551725,32.0,113.46379822733917,117.71612283625039,0,0,85.0467923593197,85.0467923593197,88.2341223598005
2599,2021-03-11T01:52:13,2021-03-11T03:20:24,662,44.0,97.6,53.599999999999994,63.574730004166675,118.60957090329605,88.18333435058594,115.46,38.41,118.29918032786885,-43.25558498489426,-42.20001,30.042296072507554,32.0,118.60957090329605,117.71612283625039,0,0,88.90380637733728,88.90380637733728,88.2341223598005
2600,2021-03-11T14:21:17,2021-03-11T14:44:07,138,34.4,57.2,22.800000000000004,26.526115055555557,116.34260989278751,22.83333396911621,67.6,22.48,118.18181818181816,-69.70363355072463,-69.70001,30.38768115942029,33.0,116.34260989278751,117.71612283625039,0,0,87.20460570399918,87.20460570399918,88.2341223598005
2601,2021-03-11T14:44:18,2021-03-11T15:16:03,192,57.6,88.4,30.800000000000004,36.6073525138889,118.85504062950939,31.75,104.63,34.8,118.35972850678732,-69.11146833333335,-42.20001,32.9375,34.0,118.85504062950939,117.71612283625039,0,0,89.0877982158084,89.0877982158084,88.2341223598005
2604,2021-03-12T00:56:31,2021-03-12T01:29:51,202,26.8,48.4,21.599999999999998,25.11111666666667,116.25516975308646,33.33333206176758,57.19,19.02,118.16115702479338,-45.200010000000006,-45.20001,29.096534653465348,31.0,116.25516975308646,117.65215950186587,0,0,87.13906494543825,87.13906494543825,88.18617864116074
2605,2021-03-12T01:30:02,2021-03-12T02:02:22,195,48.4,69.6,21.199999999999996,24.35778316666667,114.89520361635223,32.33333206176758,82.28,27.37,118.21839080459772,-45.200010000000006,-45.20001,31.502564102564104,33.0,114.89520361635223,117.59705246918692,0,0,86.1197022989067,86.1197022989067,88.14487316365157
2606,2021-03-12T02:02:33,2021-03-12T02:27:33,151,69.6,85.6,16.0,18.8333375,117.70835937499999,25.0,101.3,33.7,118.3411214953271,-45.200010000000006,-45.20001,32.317880794701985,33.0,117.70835937499999,117.59705246918692,0,0,88.22830325725619,88.22830325725619,88.14487316365157
2608,2021-03-12T15:06:22,2021-03-12T15:35:12,174,62.8,86.8,24.0,28.783746208333334,119.93227586805556,28.83333396911621,102.78,34.19,118.41013824884793,-59.896543908045984,-59.80002,30.885057471264368,32.0,119.93227586805556,117.65215950186587,0,0,89.89523991162768,89.89523991162768,88.18617864116074
2610,2021-03-12T22:29:19,2021-03-12T22:55:59,161,38.8,61.6,22.800000000000004,26.63110811111111,116.8031057504873,26.66666603088379,72.8,24.21,118.18181818181817,-59.92049018633542,-59.80002,32.13664596273292,34.0,116.8031057504873,117.65215950186587,0,0,87.54977038387048,87.54977038387048,88.18617864116074
2612,2021-03-12T23:58:42,2021-03-13T00:16:11,107,70.4,87.2,16.799999999999997,17.463553766666667,103.94972480158731,17.483333587646484,103.14,34.31,118.27981651376147,-59.931769626168226,-59.80002,32.96261682242991,34.0,103.94972480158731,117.65215950186587,0,0,77.91551842197079,77.91551842197079,88.18617864116074
2613,2021-03-13T00:16:22,2021-03-13T00:32:52,100,87.2,97.6,10.399999999999991,12.897637722222223,124.01574732905993,16.5,115.51,38.43,118.35040983606558,-46.942995700000004,-42.30002,33.0,34.0,124.01574732905993,117.65215950186587,0,0,92.95600603152624,92.95600603152624,88.18617864116074
2614,2021-03-13T03:39:03,2021-03-13T04:05:23,159,47.2,72.8,25.599999999999994,30.62389583333334,119.62459309895839,26.33333396911621,86.08,28.63,118.24175824175825,-69.77611647798742,-69.70001,33.21383647798742,36.0,119.62459309895839,117.65215950186587,0,0,89.66461628554812,89.66461628554812,88.18617864116074
2615,2021-03-13T04:05:34,2021-03-13T04:33:14,167,73.2,95.2,22.0,26.55000504166667,120.68184109848485,27.66666603088379,112.71,37.49,118.39285714285712,-57.57007083832337,-42.30002,34.5,36.0,120.68184109848485,117.65215950186587,0,0,90.45707654593775,90.45707654593775,88.18617864116074
2618,2021-03-13T14:54:44,2021-03-13T15:19:24,149,49.6,74.8,25.199999999999996,28.70764304166667,113.91921841931222,24.66666603088379,88.52,29.45,118.34224598930481,-69.82954026845638,-69.70001,31.600671140939596,33.0,113.91921841931222,117.59705246918692,0,0,85.38815257383825,85.38815257383825,88.14487316365157
2619,2021-03-13T15:19:35,2021-03-13T15:46:55,165,74.8,96.0,21.200000000000003,25.338754777777783,119.522428197065,27.33333396911621,113.59,37.79,118.32291666666667,-55.624252969696975,-42.10001,32.88484848484848,34.0,119.522428197065,117.65215950186587,0,0,89.58803858117473,89.58803858117473,88.18617864116074
2621,2021-03-14T01:33:08,2021-03-14T01:54:24,129,46.0,67.2,21.200000000000003,24.810334311111113,117.02987882599581,21.266666412353516,79.45,26.43,118.22916666666666,-69.99767713178294,-69.80002,31.926356589147286,34.0,117.02987882599581,117.65215950186587,0,0,87.71974814741064,87.71974814741064,88.18617864116074
2622,2021-03-14T01:54:35,2021-03-14T02:24:25,180,67.6,93.2,25.60000000000001,30.696806750000004,119.90940136718748,29.83333396911621,110.3,36.69,118.34763948497853,-61.70555788888889,-42.20001,33.611111111111114,35.0,119.90940136718748,117.65215950186587,0,0,89.87809432901858,89.87809432901858,88.18617864116074
2625,2021-03-14T09:16:08,2021-03-14T09:44:18,170,48.0,76.4,28.400000000000006,32.92916983333334,115.9477811032864,28.16666603088379,90.39,30.07,118.31151832460733,-70.14647723529411,-69.89999,29.870588235294118,32.0,115.9477811032864,117.65215950186587,0,0,86.90866177648407,86.90866177648407,88.18617864116074
2626,2021-03-14T09:44:29,2021-03-14T10:13:39,176,76.4,97.6,21.19999999999999,26.074447125,122.99267511792459,29.16666603088379,115.56,38.44,118.4016393442623,-53.65341465909091,-42.30002,31.360795454545453,33.0,122.99267511792459,117.65215950186587,0,0,92.18916223404749,92.18916223404749,88.18617864116074
2627,2021-03-14T16:47:34,2021-03-14T17:11:44,146,52.8,76.4,23.60000000000001,28.22083552777778,119.57981155838037,24.16666603088379,90.35,30.05,118.25916230366491,-70.0643890410959,-69.80002,31.294520547945204,33.0,119.57981155838037,117.65215950186587,0,0,89.63105028086143,89.63105028086143,88.18617864116074
2628,2021-03-14T17:11:55,2021-03-14T17:39:45,168,76.8,97.2,20.400000000000006,24.83014108333333,121.71637785947706,27.83333396911621,115.04,38.26,118.35390946502059,-53.54167142857144,-42.10001,32.44345238095238,33.0,121.71637785947706,117.68025943843293,0,0,91.23251359700404,91.23251359700404,88.20724094920845
2631,2021-03-15T04:10:20,2021-03-15T04:39:50,178,32.4,62.4,30.0,34.592917875,115.30972625,29.5,73.77,24.53,118.22115384615384,-70.35842943820225,-70.30002,27.876404494382022,31.0,115.30972625,117.68025943843293,0,0,86.43040774771818,86.43040774771818,88.20724094920845
2632,2021-03-15T04:40:01,2021-03-15T05:09:31,178,62.4,90.4,28.000000000000007,32.72055374999999,116.85912053571423,29.5,106.93,35.57,118.2853982300885,-66.49381657303371,-42.60001,30.491573033707866,32.0,116.85912053571423,117.68025943843293,0,0,87.59175626732117,87.59175626732117,88.20724094920845
2634,2021-03-15T11:32:27,2021-03-15T12:53:26,608,26.4,76.0,49.6,57.198167422222234,115.31888593189967,80.98332977294922,89.89,29.9,118.27631578947368,-42.36184268092106,-22.30002,30.59375,33.0,115.31888593189967,117.68025943843293,0,0,86.43727338747965,86.43727338747965,88.20724094920845
2635,2021-03-15T12:54:37,2021-03-15T14:06:16,538,76.0,97.6,21.599999999999994,26.241906522222223,121.49030797325106,71.6500015258789,115.47,38.41,118.3094262295082,-21.97455007434944,-21.0,31.21840148698885,32.0,121.49030797325106,118.10846149839745,0,0,91.06306290900544,91.06306290900544,88.52819981230476
2637,2021-03-15T22:31:38,2021-03-15T22:59:08,166,54.0,81.2,27.200000000000003,32.08277969444445,117.95139593545751,27.5,96.18,31.99,118.44827586206897,-69.99819686746987,-69.70001,32.105421686746986,34.0,117.95139593545751,117.82987765522876,0,0,88.4104713162836,88.4104713162836,88.3193872867699
2638,2021-03-15T22:59:19,2021-03-15T23:20:39,129,81.6,96.4,14.800000000000011,18.172223916666663,122.78529673423412,21.33333396911621,114.13,37.96,118.3921161825726,-51.1472915503876,-42.10001,33.0,34.0,122.78529673423412,118.22997977862622,0,0,92.03372176216942,92.03372176216942,88.61928384181849
2639,2021-03-17T01:57:26,2021-03-17T02:19:06,131,28.8,50.4,21.599999999999998,25.267083319444446,116.9772375900206,21.66666603088379,59.69,19.85,118.43253968253968,-69.9702289312977,-69.80002,30.106870229007633,32.0,116.9772375900206,117.82987765522876,0,0,87.68029090787287,87.68029090787287,88.3193872867699
2640,2021-03-17T02:19:17,2021-03-17T02:46:17,163,50.4,77.6,27.199999999999996,31.487083458333334,115.76133624387256,27.0,91.92,30.57,118.4536082474227,-69.97177944785277,-69.80002,32.80061349693251,34.0,115.76133624387256,117.68025943843293,0,0,86.76891202816996,86.76891202816996,88.20724094920845
2641,2021-03-17T02:46:28,2021-03-17T03:02:58,100,77.6,91.6,14.0,16.59986227777778,118.57044484126985,16.5,108.41,36.06,118.35152838427948,-60.322004199999995,-42.20001,33.94,35.0,118.57044484126985,117.82987765522876,0,0,88.87447943671863,88.87447943671863,88.3193872867699
2643,2021-03-17T16:32:47,2021-03-17T16:57:12,148,22.8,47.2,24.400000000000002,28.534515833333334,116.94473702185792,24.41666603088379,55.81,18.56,118.24152542372882,-70.11892378378379,-69.80002,33.101351351351354,35.0,116.94473702185792,117.68025943843293,0,0,87.65593010631966,87.65593010631966,88.20724094920845
2644,2021-03-17T16:57:23,2021-03-17T17:23:23,157,47.2,73.6,26.39999999999999,30.372502972222225,115.04735974326604,26.0,87.17,29.0,118.4375,-70.08981573248408,-69.80002,35.98407643312102,38.0,115.04735974326604,117.68025943843293,0,0,86.2337509270507,86.2337509270507,88.20724094920845
2649,2021-03-18T02:46:08,2021-03-18T03:04:12,112,21.2,39.2,18.000000000000004,21.087209456944453,117.15116364969137,18.066667556762695,46.21,15.37,117.88265306122449,-70.03125366071428,-69.80002,32.169642857142854,34.0,117.15116364969137,117.59705246918692,0,0,87.81065718957497,87.81065718957497,88.14487316365157
2650,2021-03-18T03:04:23,2021-03-18T03:32:55,173,39.2,68.4,29.200000000000003,33.28982012083333,114.0062332905251,28.53333282470703,80.85,26.9,118.20175438596489,-70.00173549132948,-69.80002,34.84393063583815,37.0,114.0062332905251,117.39492166652292,0,0,85.45337457239489,85.45337457239489,87.9933660162428
2651,2021-03-18T03:33:06,2021-03-18T03:53:54,127,68.4,88.4,20.0,23.922765619444455,119.61382809722227,20.799999237060547,104.56,34.78,118.28054298642535,-68.91890267716538,-42.30002,36.45669291338583,38.0,119.61382809722227,117.39492166652292,0,0,89.65654737826931,89.65654737826931,87.9933660162428
2653,2021-03-18T15:39:45,2021-03-18T16:03:55,146,7.6,32.0,24.4,28.31222997222223,116.0337293943534,24.16666603088379,37.77,12.56,118.03125000000001,-70.292485,-70.20001,33.72945205479452,35.0,116.0337293943534,117.39492166652292,0,0,86.97308431986983,86.97308431986983,87.9933660162428
2654,2021-03-18T16:04:06,2021-03-18T16:33:36,178,32.0,62.0,30.0,34.56125931944445,115.20419773148151,29.5,73.43999,24.43,118.45159677419355,-70.29383915730338,-70.20001,36.603932584269664,39.0,115.20419773148151,117.39492166652292,0,0,86.35130884443232,86.35130884443232,87.9933660162428
2655,2021-03-18T16:33:47,2021-03-18T17:05:17,190,62.0,91.2,29.200000000000003,34.709313944444446,118.86751350837137,31.5,107.87,35.88,118.27850877192982,-66.06212121052631,-42.70001,39.078947368421055,40.0,118.86751350837137,117.39492166652292,0,0,89.09714726242302,89.09714726242302,87.9933660162428
2658,2021-03-19T01:50:39,2021-03-19T02:18:39,169,47.6,65.6,17.999999999999993,21.046671333333336,116.9259518518519,28.0,77.57,25.81,118.2469512195122,-45.10001,-45.10001,31.884615384615383,33.0,116.9259518518519,117.39492166652292,0,0,87.64184968174463,87.64184968174463,87.9933660162428
2659,2021-03-19T02:18:50,2021-03-19T02:50:10,189,66.0,85.6,19.599999999999994,23.55222744444445,120.16442573696152,31.33333396911621,101.33,33.7,118.37616822429906,-45.100010000000005,-45.10001,32.0,33.0,120.16442573696152,117.62515240575398,0,0,90.06924785077256,90.06924785077256,88.1659354716993
2660,2021-03-19T02:50:21,2021-03-19T03:10:41,123,86.0,97.6,11.599999999999994,14.72416790277778,126.93248192049816,20.33333396911621,115.46,38.41,118.29918032786885,-43.4512231707317,-42.5,32.16260162601626,34.0,126.93248192049816,117.82987765522876,0,0,95.14224450618293,95.14224450618293,88.3193872867699
2661,2021-03-19T05:32:52,2021-03-19T05:50:52,109,75.2,90.8,15.599999999999994,18.619029763888893,119.35275489672371,18.0,107.48,35.75,118.37004405286345,-62.01101577981651,-42.20001,32.43577981651376,34.0,119.35275489672371,118.22997977862622,0,0,89.46085995531791,89.46085995531791,88.61928384181849
2663,2021-03-19T16:23:20,2021-03-19T16:48:40,153,17.2,38.8,21.599999999999998,25.31249791666667,117.18749035493829,25.33333396911621,45.88,15.26,118.24742268041238,-59.95097549019607,-59.89999,32.72549019607843,34.0,117.18749035493829,117.82987765522876,0,0,87.83788587226056,87.83788587226056,88.3193872867699
2664,2021-03-19T16:48:51,2021-03-19T17:15:41,162,38.8,62.4,23.6,26.81680390277778,113.63052501177026,26.83333396911621,73.75,24.53,118.18910256410257,-59.962959259259264,-59.89999,35.141975308641975,37.0,113.63052501177026,117.82987765522876,0,0,85.17176242411374,85.17176242411374,88.3193872867699
2665,2021-03-19T17:15:52,2021-03-19T17:47:52,193,62.4,89.2,26.800000000000004,31.98041470833334,119.32990562810946,32.0,105.51,35.1,118.2847533632287,-59.96320875647669,-59.89999,36.634715025906736,38.0,119.32990562810946,117.82987765522876,0,0,89.4437332855452,89.4437332855452,88.3193872867699
2668,2021-03-20T05:07:31,2021-03-20T05:33:21,156,59.6,84.8,25.199999999999996,30.120970430555555,119.52766043871254,25.83333396911621,100.28,33.35,118.25471698113208,-69.95832916666667,-69.89999,32.169871794871796,34.0,119.52766043871254,117.82987765522876,0,0,89.59196040801221,89.59196040801221,88.3193872867699
2669,2021-03-20T05:33:32,2021-03-20T05:50:52,105,85.2,96.0,10.799999999999997,13.597361430555555,125.90149472736628,17.33333396911621,113.57,37.78,118.30208333333333,-46.95238200000001,0.0,33.0,34.0,125.90149472736628,117.82987765522876,0,0,94.36946803378139,94.36946803378139,88.3193872867699
2672,2021-03-20T18:15:13,2021-03-20T18:35:03,120,42.4,62.0,19.6,22.960415222222217,117.14497562358274,19.83333396911621,73.34,24.4,118.29032258064517,-69.460829,-69.39999,34.1875,36.0,117.14497562358274,117.82987765522876,0,0,87.80601895447447,87.80601895447447,88.3193872867699
2673,2021-03-20T18:35:14,2021-03-20T18:58:54,143,62.4,85.6,23.199999999999996,27.37874659722222,118.0118387811303,23.66666603088379,101.39,33.73,118.44626168224299,-69.41118020979022,-69.30002,36.02447552447553,37.0,118.0118387811303,117.82987765522876,0,0,88.45577625253509,88.45577625253509,88.3193872867699
2674,2021-03-20T23:57:19,2021-03-21T00:28:39,189,46.0,66.0,20.0,23.495277305555557,117.47638652777778,31.33333396911621,78.08,25.97,118.3030303030303,-44.99100439153439,-44.89999,32.714285714285715,35.0,117.47638652777778,117.59237295138888,0,0,88.0544280047181,88.0544280047181,88.14136563098714
2678,2021-03-21T03:20:13,2021-03-21T03:49:23,176,47.2,76.0,28.799999999999997,34.12333779166667,118.4838117766204,29.16666603088379,89.9,29.9,118.28947368421053,-70.19660011363636,-69.89999,31.974431818181817,35.0,118.4838117766204,117.82987765522876,0,0,88.80954362127967,88.80954362127967,88.3193872867699
2681,2021-03-21T10:19:54,2021-03-21T10:44:59,152,53.2,63.2,10.0,11.538891583333333,115.38891583333333,25.08333396911621,74.72,24.86,118.22784810126582,-27.60329592105263,-27.20001,26.5,28.0,115.38891583333333,117.59237295138888,0,0,86.48976430157931,86.48976430157931,88.14136563098714
2682,2021-03-21T10:45:10,2021-03-21T11:10:30,153,63.2,72.8,9.599999999999994,11.375697027777775,118.4968440393519,25.33333396911621,86.11,28.64,118.28296703296704,-26.942489803921568,-26.70001,26.5,28.0,118.4968440393519,117.82987765522876,0,0,88.8193119540855,88.8193119540855,88.3193872867699
2683,2021-03-21T11:10:41,2021-03-21T11:35:41,151,72.8,82.0,9.200000000000003,11.037224097222218,119.96982714371973,25.0,96.99,32.26,118.28048780487805,-26.489408543046356,-26.30002,26.5,28.0,119.96982714371973,117.82987765522876,0,0,89.92338647109538,89.92338647109538,88.3193872867699
2684,2021-03-21T11:35:52,2021-03-21T12:06:04,183,82.4,93.2,10.799999999999997,13.02694702777778,120.61987988683133,30.200000762939453,110.27,36.68,118.31545064377681,-25.87924010928962,-24.5,26.5,28.0,120.61987988683133,117.9816173582939,0,0,90.41063351843333,90.41063351843333,88.43312378440935
2686,2021-03-21T15:50:27,2021-03-21T16:20:27,181,69.2,92.4,23.200000000000003,27.63236141666666,119.1050061063218,30.0,109.11,36.28,118.08441558441558,-55.24143707182319,-42.20001,25.29281767955801,27.0,119.1050061063218,118.24782527887535,0,0,89.27515984423609,89.27515984423609,88.63265993690737
2688,2021-03-22T11:58:38,2021-03-22T12:40:58,256,38.8,81.6,42.8,49.600339719444456,115.88864420430947,42.33333206176758,95.57,31.76,117.12009803921569,-70.2996183984375,-70.0,21.134765625,24.0,115.88864420430947,118.24782527887535,0,0,86.86433571260606,86.86433571260606,88.63265993690737
2689,2021-03-22T12:41:09,2021-03-22T13:03:49,137,81.6,96.0,14.400000000000006,17.303059500000003,120.16013541666665,22.66666603088379,112.89,37.54,117.59375,-45.791251240875916,-18.20001,23.817518248175183,25.0,120.16013541666665,118.24782527887535,0,0,90.06603204110486,90.06603204110486,88.63265993690737
2691,2021-03-23T07:40:01,2021-03-23T08:04:51,150,38.0,63.2,25.200000000000003,29.037365222222224,115.22763977072312,24.83333396911621,74.43,24.74,117.76898734177216,-70.15734326666664,-70.0,21.876666666666665,24.0,115.22763977072312,118.24782527887535,0,0,86.36887982544131,86.36887982544131,88.63265993690737
2692,2021-03-23T08:05:02,2021-03-23T08:34:22,177,63.2,90.4,27.200000000000003,31.845144611111117,117.07773754084968,29.33333396911621,106.83,35.52,118.17477876106194,-65.08871225988702,-42.60001,24.502824858757062,26.0,117.07773754084968,118.24782527887535,0,0,87.75562064814085,87.75562064814085,88.63265993690737
2695,2021-03-23T16:59:34,2021-03-23T17:28:14,173,75.6,96.8,21.200000000000003,25.78653188888889,121.63458438155136,28.66666603088379,114.29,38.01,118.06818181818183,-53.986713757225445,-24.80002,24.85549132947977,26.0,121.63458438155136,118.24782527887535,0,0,91.17120529389615,91.17120529389615,88.63265993690737
2697,2021-03-24T13:49:22,2021-03-24T14:13:22,145,54.0,78.4,24.400000000000006,28.289171819444448,115.93922876821493,24.0,92.18999,30.65,117.58927295918366,-70.72277151724138,-70.60001,23.041379310344826,25.0,115.93922876821493,117.9816173582939,0,0,86.90225137355048,86.90225137355048,88.43312378440935
2698,2021-03-24T14:13:33,2021-03-24T14:33:02,118,78.4,93.2,14.799999999999997,17.74603156388889,119.90561867492497,19.483333587646484,110.11,36.62,118.14377682403433,-54.68306254237289,-43.10001,24.516949152542374,25.0,119.90561867492497,117.9816173582939,0,0,89.87525901195326,89.87525901195326,88.43312378440935
2700,2021-03-24T20:04:46,2021-03-24T20:38:31,254,62.8,92.8,30.0,35.530002599999996,118.433342,33.75,109.84,36.54,118.36206896551725,-63.133469212598435,-42.10001,27.273622047244096,29.0,118.433342,118.22259039056514,0,0,88.7717139991472,88.7717139991472,88.61374512584115
2702,2021-03-25T11:32:38,2021-03-25T11:58:18,155,42.4,68.4,26.000000000000007,30.04167030555556,115.54488579059827,25.66666603088379,80.98,26.94,118.39181286549707,-70.22775038709678,-70.0,27.174193548387098,29.0,115.54488579059827,117.9816173582939,0,0,86.60667158634362,86.60667158634362,88.43312378440935
2705,2021-03-25T12:14:22,2021-03-25T12:35:22,127,80.4,95.2,14.799999999999997,17.985696583333333,121.52497691441444,21.0,112.67,37.48,118.35084033613445,-51.42599031496063,-42.20001,29.5,30.0,121.52497691441444,118.22259039056514,0,0,91.08904901458715,91.08904901458715,88.61374512584115
2707,2021-03-25T20:39:26,2021-03-25T21:05:46,159,25.2,42.0,16.8,19.793893277777777,117.8207933201058,26.33333396911621,49.6,16.5,118.0952380952381,-45.100010000000005,-45.10001,31.056603773584907,32.0,117.8207933201058,117.9816173582939,0,0,88.3125781231865,88.3125781231865,88.43312378440935
2708,2021-03-25T21:05:57,2021-03-25T21:35:17,177,42.0,61.6,19.6,22.048893777777785,112.49435600907033,29.33333396911621,72.81,24.22,118.19805194805195,-45.10001,-45.10001,32.55367231638418,34.0,112.49435600907033,117.9816173582939,0,0,84.32014692412747,84.32014692412747,88.43312378440935
2709,2021-03-25T21:35:28,2021-03-25T22:05:18,180,61.6,80.8,19.199999999999996,22.424727194444447,116.79545413773153,29.83333396911621,95.6,31.8,118.31683168316832,-45.10001,-45.10001,33.111111111111114,34.0,116.79545413773153,117.88609462778166,0,0,87.54403511736767,87.54403511736767,88.36152471973506
2712,2021-03-26T03:05:24,2021-03-26T03:28:14,138,54.4,77.2,22.800000000000004,26.554584458333338,116.46747569444445,22.83333396911621,91.32,30.38,118.2901554404145,-69.5268145652174,0.0,30.72826086956522,33.0,116.46747569444445,117.64858992394178,0,0,87.29819886827013,87.29819886827013,88.1835030639523
2714,2021-03-26T07:14:53,2021-03-26T07:34:43,120,85.2,98.0,12.799999999999997,15.179862402777774,118.59267502170138,19.83333396911621,115.94,38.56,118.3061224489796,-45.831670583333334,0.0,28.995833333333334,30.0,118.59267502170138,117.64858992394178,0,0,88.89114206893092,88.89114206893092,88.1835030639523
2715,2021-03-26T18:22:26,2021-03-26T18:47:36,152,31.6,56.8,25.199999999999996,29.383196124999998,116.59998462301589,25.16666603088379,67.13,22.33,118.18661971830986,-70.05263559210526,-69.80002,31.93092105263158,34.0,116.59998462301589,117.64858992394178,0,0,87.39752093848139,87.39752093848139,88.1835030639523
2716,2021-03-26T18:47:47,2021-03-26T19:19:17,190,56.8,88.0,31.200000000000003,36.77111297222223,117.85613132122506,31.5,104.24,34.67,118.45454545454545,-70.03947715789474,-69.80002,34.42894736842105,36.0,117.85613132122506,117.83846232066543,0,0,88.33906572267229,88.33906572267229,88.32582192292939
2717,2021-03-26T19:19:28,2021-03-26T19:36:18,102,88.4,97.6,9.199999999999989,12.025001069444443,130.70653336352672,16.83333396911621,115.54,38.43,118.38114754098362,-42.99118029411764,-42.20001,35.029411764705884,36.0,130.70653336352672,117.9037636283413,0,0,97.97108484506825,97.97108484506825,88.37476851947795
2719,2021-03-27T20:27:30,2021-03-27T20:54:20,162,18.8,45.6,26.8,31.307501722222224,116.8190362769486,26.83333396911621,53.84,17.91,118.0701754385965,-70.00309037037036,-69.70001,31.950617283950617,34.0,116.8190362769486,117.83846232066543,0,0,87.56171111031622,87.56171111031622,88.32582192292939
2720,2021-03-27T20:54:31,2021-03-27T21:23:11,173,46.0,74.8,28.799999999999997,33.438890750000006,116.10725954861114,28.66666603088379,88.45,29.42,118.24866310160428,-69.98844317919075,-69.70001,35.10115606936416,37.0,116.10725954861114,117.64858992394178,0,0,87.02819884854773,87.02819884854773,88.1835030639523
2721,2021-03-27T21:23:22,2021-03-27T21:51:42,171,75.2,96.8,21.599999999999994,26.17597438888889,121.18506661522638,28.33333396911621,114.5,38.09,118.28512396694215,-55.43626187134503,-42.10001,36.46491228070175,37.0,121.18506661522638,117.64858992394178,0,0,90.83426924264685,90.83426924264685,88.1835030639523
2723,2021-03-28T12:30:57,2021-03-28T13:12:26,312,64.0,97.6,33.599999999999994,40.583479825000005,120.78416614583335,41.483333587646484,115.53,38.43,118.37090163934427,-58.68526740384617,-42.10001,29.661858974358974,31.0,120.78416614583335,117.83846232066543,0,0,90.53377428734044,90.53377428734044,88.32582192292939
2724,2021-03-29T00:48:38,2021-03-29T01:45:44,429,45.6,95.6,49.99999999999999,59.59809854444445,119.19619708888891,57.099998474121094,113.1,37.62,118.30543933054393,-62.56388543123543,0.0,32.38811188811189,34.0,119.19619708888891,117.93398505117767,0,0,89.34351204714656,89.34351204714656,88.39742098760368
2725,2021-03-29T13:17:50,2021-03-29T13:41:20,142,49.2,72.8,23.599999999999994,27.480280694444446,116.44186734934091,23.5,86.08,28.63,118.24175824175825,-70.16268352112675,-69.89999,32.59507042253521,34.0,116.44186734934091,117.83846232066543,0,0,87.27900413265655,87.27900413265655,88.32582192292939
2726,2021-03-29T13:41:31,2021-03-29T14:08:41,164,72.8,94.8,22.0,26.40639165277778,120.02905296717174,27.16666603088379,112.18,37.32,118.33333333333334,-58.30854268292684,-42.20001,33.82012195121951,35.0,120.02905296717174,117.93398505117767,0,0,89.96777918831556,89.96777918831556,88.39742098760368
2729,2021-03-29T22:32:12,2021-03-29T22:58:12,157,46.0,72.0,26.0,30.310833583333338,116.58012916666668,26.0,85.24,28.35,118.38888888888889,-69.94904522292994,-69.70001,34.761146496815286,37.0,116.58012916666668,117.93398505117767,0,0,87.3826382807552,87.3826382807552,88.39742098760368
2730,2021-03-29T22:58:23,2021-03-29T23:28:43,183,72.0,96.0,24.0,29.19291830555555,121.63715960648146,30.33333396911621,113.57,37.78,118.30208333333333,-57.734975901639345,-42.10001,36.021857923497265,37.0,121.63715960648146,118.22259039056514,0,0,91.17313555379694,91.17313555379694,88.61374512584115
2733,2021-03-30T04:26:10,2021-03-30T04:56:00,180,70.0,94.4,24.400000000000006,29.647227194444447,121.50502948542804,29.83333396911621,111.67,37.14,118.29449152542372,-59.60778777777777,-42.70001,34.766666666666666,36.0,121.50502948542804,118.4585768883102,0,0,91.07409741876882,91.07409741876882,88.79062881021343
2735,2021-03-30T13:25:35,2021-03-30T14:32:39,504,61.600002,93.200005,31.600003,37.69766986,119.29641228198618,67.06666564941406,110.259995,36.67,118.30470931841687,-33.71428857142857,-21.100006,31.160714285714285,32.0,119.29641228198618,118.4585768883102,0,0,89.41862834725063,89.41862834725063,88.79062881021343
2736,2021-03-31T15:23:50,2021-03-31T15:43:40,120,35.2,46.4,11.199999999999996,13.291392444444442,118.67314682539684,19.83333396911621,54.86,18.25,118.23275862068967,-40.210010666666676,-40.20001,31.041666666666668,32.0,118.67314682539684,118.49032790798614,0,0,88.95145971109159,88.95145971109159,88.81442778768259
2737,2021-03-31T15:43:51,2021-03-31T16:14:11,183,46.8,64.4,17.60000000000001,20.323338388888885,115.47351357323225,30.33333396911621,76.15,25.33,118.24534161490683,-40.200010000000006,-40.20001,32.28415300546448,34.0,115.47351357323225,118.49032790798614,0,0,86.5531745393085,86.5531745393085,88.81442778768259
2738,2021-03-31T16:14:22,2021-03-31T16:44:12,180,64.4,81.2,16.799999999999997,19.98833830555556,118.97820419973547,29.83333396911621,96.00999,31.94,118.2389039408867,-40.200010000000006,-40.20001,33.0,34.0,118.97820419973547,118.49032790798614,0,0,89.18011547247438,89.18011547247438,88.81442778768259
2740,2021-03-31T21:06:07,2021-03-31T21:36:33,185,54.0,64.0,10.0,11.463227294444446,114.63227294444445,30.433332443237305,75.65,25.16,118.203125,-22.600010000000005,-22.60001,31.751351351351353,33.0,114.63227294444445,118.49032790798614,0,0,85.92262260822127,85.92262260822127,88.81442778768259
2743,2021-04-01T02:13:28,2021-04-01T02:45:18,192,28.8,60.8,31.999999999999996,37.190281277777785,116.2196289930556,31.83333396911621,71.96,23.94,118.35526315789473,-70.09636072916668,-69.89999,31.872395833333332,34.0,116.2196289930556,118.4585768883102,0,0,87.11242536800596,87.11242536800596,88.79062881021343
2744,2021-04-01T02:45:29,2021-04-01T03:13:09,167,61.2,88.4,27.200000000000003,32.31319694444445,118.79851817810459,27.66666603088379,104.65,34.81,118.38235294117648,-70.07725095808384,-69.70001,34.42215568862275,36.0,118.79851817810459,118.4585768883102,0,0,89.04543181116335,89.04543181116335,88.79062881021343
2746,2021-04-01T14:47:55,2021-04-01T15:13:15,153,54.8,79.6,24.799999999999997,29.585974541666673,119.29828444220433,25.33333396911621,94.16,31.32,118.29145728643216,-70.07190091503269,-69.80002,33.16339869281046,35.0,119.29828444220433,118.4585768883102,0,0,89.4200316249817,89.4200316249817,88.79062881021343
2747,2021-04-01T15:13:26,2021-04-01T15:36:46,141,80.0,96.8,16.799999999999997,20.585002027777776,122.52977397486772,23.33333396911621,114.53,38.1,118.31611570247934,-52.95674290780142,-42.10001,34.41843971631206,35.0,122.52977397486772,118.49032790798614,0,0,91.84219467248596,91.84219467248596,88.81442778768259
2748,2021-04-01T22:16:02,2021-04-01T23:11:41,418,40.0,86.8,46.8,55.604377109722215,118.81277160197055,55.650001525878906,102.73,34.17,118.35253456221199,-59.95095921052632,-59.70001,33.57535885167464,36.0,118.81277160197055,118.54475953052665,0,0,89.05611546532334,89.05611546532334,88.85522701150822
2749,2021-04-02T04:19:25,2021-04-02T04:48:22,218,46.0,70.8,24.799999999999997,28.981807680555555,116.86212774417564,28.950000762939453,83.78,27.87,118.33333333333334,-60.066059449541285,-59.80002,32.49082568807339,34.0,116.86212774417564,118.49032790798614,0,0,87.59401032048699,87.59401032048699,88.81442778768259
2750,2021-04-02T06:26:13,2021-04-02T06:45:43,118,58.0,66.0,8.0,9.558612791666663,119.48265989583328,19.5,78.07,25.96,118.28787878787877,-29.33814076271187,-12.60001,32.5,34.0,119.48265989583328,118.49032790798614,0,0,89.558230250146,89.558230250146,88.81442778768259
2751,2021-04-02T06:45:54,2021-04-02T07:14:04,170,66.4,77.6,11.199999999999989,13.520002708333333,120.71430989583345,28.16666603088379,91.79,30.53,118.28608247422683,-28.800005764705887,-28.5,32.5,34.0,120.71430989583345,118.49032790798614,0,0,90.48141353367662,90.48141353367662,88.81442778768259
2752,2021-04-02T07:14:15,2021-04-02T07:50:05,216,77.6,91.6,14.0,16.846391569444442,120.33136835317458,35.83333206176758,108.35,36.04,118.28602620087337,-28.207874814814815,-27.89999,32.5,34.0,120.33136835317458,118.54475953052665,0,0,90.19437969228332,90.19437969228332,88.85522701150822
2753,2021-04-02T07:50:16,2021-04-02T08:09:26,116,92.0,97.6,5.599999999999994,7.8194447222222205,139.63294146825407,19.16666603088379,115.47,38.41,118.3094262295082,-24.490518017241378,-23.89999,32.5,34.0,119.19619708888891,118.6329109235491,1,0,104.66187422862315,89.34351204714656,88.92130089001125
2755,2021-04-02T20:56:17,2021-04-02T21:29:27,200,32.8,66.0,33.2,38.72472475000001,116.6407371987952,33.16666793823242,78.12,25.99,118.36363636363636,-70.0550046,-69.80002,36.4375,39.0,116.6407371987952,118.6329109235491,0,0,87.42806703251806,87.42806703251806,88.92130089001125
2757,2021-04-02T21:33:52,2021-04-02T22:00:02,158,70.4,92.8,22.39999999999999,27.131946736111114,121.1247622147818,26.16666603088379,109.78,36.51,118.29741379310346,-62.17532164556961,-42.10001,38.629746835443036,40.0,121.1247622147818,118.7358325017507,0,0,90.78906807801911,90.78906807801911,88.99844576112747
2759,2021-04-03T01:27:48,2021-04-03T01:49:09,161,77.2,94.4,17.200000000000003,20.49965420138889,119.18403605458654,21.350000381469727,111.72,37.16,118.34745762711863,-57.61242633540373,-42.10001,36.422360248447205,38.0,119.18403605458654,118.80564489003757,0,0,89.33439674362819,89.33439674362819,89.05077363824336
2760,2021-04-03T13:58:31,2021-04-03T14:49:22,382,49.2,91.2,42.0,49.841043069444446,118.66915016534392,50.849998474121094,107.94,35.9,118.35526315789473,-58.788221570680626,-42.20001,36.268324607329845,38.0,118.66915016534392,118.80564489003757,0,0,88.94846401446446,88.94846401446446,89.05077363824336
2762,2021-04-03T23:13:30,2021-04-03T23:43:40,182,35.2,66.0,30.799999999999997,35.793060583333336,116.21123566017317,30.16666603088379,78.05,25.96,118.25757575757575,-71.19066934065934,-71.10001,35.629120879120876,38.0,116.21123566017317,118.7358325017507,0,0,87.10613414516656,87.10613414516656,88.99844576112747
2763,2021-04-03T23:43:51,2021-04-04T00:12:21,172,66.0,92.0,26.0,31.162365013888895,119.85525005341883,28.5,108.9,36.23,118.36956521739131,-65.55640360465117,-43.30002,37.47093023255814,39.0,119.85525005341883,118.7358325017507,0,0,89.83750521063881,89.83750521063881,88.99844576112747
2765,2021-04-04T23:53:29,2021-04-05T01:26:06,696,13.2,97.6,84.39999999999999,100.30103409333333,118.84008778830965,92.61666870117188,115.479996,38.41,118.3196680327869,-64.9537397270115,-42.399994,31.377155172413794,35.0,118.84008778830965,118.7358325017507,0,0,89.07659031337111,89.07659031337111,88.99844576112747
2766,2021-04-05T06:52:29,2021-04-05T07:17:19,150,27.2,43.2,16.000000000000004,18.801251680555556,117.5078230034722,24.83333396911621,51.03,16.97,118.12499999999999,-45.429337333333336,-45.0,27.993333333333332,30.0,117.5078230034722,118.7358325017507,0,0,88.07799121573926,88.07799121573926,88.99844576112747
2767,2021-04-05T07:17:30,2021-04-05T07:49:10,191,43.2,63.6,20.4,23.269862736111115,114.06795458877998,31.66666603088379,75.21,25.01,118.25471698113206,-44.09005544502618,-43.0,29.767015706806284,32.0,114.06795458877998,118.67114849537037,0,0,85.49963777280631,85.49963777280631,88.94996186277803
2768,2021-04-05T07:49:21,2021-04-05T08:23:01,203,63.6,83.6,19.999999999999993,23.587086375,117.93543187500003,33.66666793823242,98.92,32.9,118.32535885167465,-42.03645862068967,-41.10001,30.5,32.0,117.93543187500003,118.67114849537037,0,0,88.39850545443032,88.39850545443032,88.94996186277803
2769,2021-04-05T08:23:12,2021-04-05T08:49:22,158,83.6,97.6,14.0,17.612502277777775,125.80358769841267,26.16666603088379,115.48,38.41,118.31967213114754,-40.38544829113924,-39.70001,30.5,32.0,125.80358769841267,118.7358325017507,0,0,94.29608181815998,94.29608181815998,88.99844576112747
2770,2021-04-05T15:19:16,2021-04-05T16:29:27,527,42.4,97.6,55.199999999999996,65.77829721250001,119.16358190670293,70.18333435058594,115.46,38.41,118.29918032786885,-56.22600096774194,-42.20001,30.601518026565465,33.0,119.16358190670293,118.7358325017507,0,0,89.31906533664974,89.31906533664974,88.99844576112747
2772,2021-04-05T21:22:53,2021-04-05T21:48:43,156,49.6,71.6,21.999999999999993,25.9255605,117.84345681818186,25.83333396911621,84.72,28.18,118.32402234636872,-60.21411403846154,-60.10001,32.74679487179487,34.0,117.84345681818186,118.7358325017507,0,0,88.32956554864839,88.32956554864839,88.99844576112747
2773,2021-04-05T21:48:54,2021-04-05T22:15:54,163,71.6,92.8,21.200000000000003,25.152084152777775,118.64190638102723,27.0,109.77,36.51,118.28663793103449,-55.86564601226995,-42.39999,33.622699386503065,35.0,118.64190638102723,118.67114849537037,0,0,88.92804343535408,88.92804343535408,88.94996186277803
2775,2021-04-06T05:15:19,2021-04-06T05:47:09,192,15.6,43.2,27.6,32.094444027777776,116.28421749194845,31.83333396911621,51.05,16.98,118.17129629629628,-60.49218671875,-60.39999,31.958333333333332,35.0,116.28421749194845,118.67114849537037,0,0,87.16083767871616,87.16083767871616,88.94996186277803
2776,2021-04-06T05:47:20,2021-04-06T06:16:30,176,43.2,68.4,25.200000000000003,29.39610975,116.65122916666667,29.16666603088379,80.96,26.93,118.36257309941519,-60.472156306818185,-60.39999,34.79261363636363,37.0,116.65122916666667,118.67114849537037,0,0,87.43593128725786,87.43593128725786,88.94996186277803
2777,2021-04-06T06:16:41,2021-04-06T06:43:01,159,68.4,90.4,22.0,26.23541652777778,119.25189330808081,26.33333396911621,107.0,35.59,118.36283185840708,-59.72641477987421,-42.89999,36.24528301886792,38.0,119.25189330808081,118.67114849537037,0,0,89.38525914941896,89.38525914941896,88.94996186277803
2779,2021-04-06T16:06:53,2021-04-06T18:14:26,957,12.8,94.0,81.2,96.00640216111114,118.23448542008761,127.55000305175781,111.2,36.99,118.29787234042554,-45.142130062695934,-10.20001,36.86102403343783,39.0,118.23448542008761,118.67114849537037,0,0,88.62266104547109,88.62266104547109,88.94996186277803
2781,2021-04-07T13:29:57,2021-04-07T13:59:57,181,49.6,59.2,9.600000000000001,11.26430698611111,117.33653110532404,30.0,69.93999,23.27,118.14187499999997,-22.528732154696133,-22.5,28.486187845303867,29.0,117.33653110532404,118.67114849537037,0,0,87.94959936986211,87.94959936986211,88.94996186277803
2782,2021-04-07T14:00:08,2021-04-07T14:18:28,111,59.2,65.2,6.0,6.885278805555557,114.75464675925929,18.33333396911621,77.05,25.63,118.17484662576686,-22.53333666666667,-22.5,28.986486486486488,30.0,114.75464675925929,118.67114849537037,0,0,86.01434790370206,86.01434790370206,88.94996186277803
2785,2021-04-07T15:00:23,2021-04-07T15:25:03,149,65.6,73.2,7.6000000000000085,9.280420333333334,122.110793859649,24.66666603088379,86.55,28.79,118.23770491803279,-22.559069328859064,-18.10001,29.5,30.0,122.110793859649,118.7358325017507,0,0,91.52814811826876,91.52814811826876,88.99844576112747
2786,2021-04-07T15:25:14,2021-04-07T15:54:04,174,73.2,82.4,9.200000000000003,10.85333741666667,117.97105887681161,28.83333396911621,97.46,32.42,118.27669902912619,-22.585065977011496,-22.5,29.5,30.0,117.97105887681161,118.7358325017507,0,0,88.42520967439114,88.42520967439114,88.99844576112747
2787,2021-04-07T15:54:15,2021-04-07T16:24:05,180,82.4,92.0,9.599999999999994,11.196115277777778,116.62620081018525,29.83333396911621,108.83,36.2,118.29347826086956,-22.513897277777776,-21.20001,29.5,30.0,116.62620081018525,118.7358325017507,0,0,87.41717128212827,87.41717128212827,88.99844576112747
2790,2021-04-07T19:15:23,2021-04-07T19:44:53,178,61.6,86.4,24.800000000000004,29.502222444444442,118.96057437275982,29.5,102.27,34.02,118.36805555555554,-60.004494831460676,-60.0,33.252808988764045,34.0,118.96057437275982,118.80564489003757,0,0,89.16690103529218,89.16690103529218,89.05077363824336
2793,2021-04-08T09:51:45,2021-04-08T10:20:05,171,53.2,73.2,20.0,23.522924236111116,117.61462118055557,28.33333396911621,86.58,28.8,118.27868852459017,-49.81346625730995,-49.80002,28.350877192982455,30.0,117.61462118055557,118.7358325017507,0,0,88.15804179162924,88.15804179162924,88.99844576112747
2794,2021-04-08T10:20:16,2021-04-08T10:49:36,177,73.6,93.2,19.60000000000001,23.642648055555558,120.62575538548748,29.33333396911621,110.3,36.69,118.34763948497853,-48.346911412429385,-42.20001,29.206214689265536,30.0,120.62575538548748,118.80564489003757,0,0,90.41503749857523,90.41503749857523,89.05077363824336
2797,2021-04-08T20:39:30,2021-04-08T21:08:30,175,27.6,48.4,20.799999999999997,24.021671500000004,115.48880528846158,29.0,57.24,19.04,118.26446280991736,-49.70001,-49.70001,26.802857142857142,29.0,115.48880528846158,118.80564489003757,0,0,86.56463644478181,86.56463644478181,89.05077363824336
2798,2021-04-08T21:08:41,2021-04-08T21:37:51,176,48.4,69.6,21.199999999999996,24.159727083333333,113.96097680817611,29.16666603088379,82.36,27.39,118.33333333333334,-49.70001000000001,-49.70001,29.125,31.0,113.96097680817611,118.7358325017507,0,0,85.41945257509373,85.41945257509373,88.99844576112747
2799,2021-04-08T21:38:02,2021-04-08T22:09:32,190,69.6,91.2,21.60000000000001,25.748755250000002,119.20720023148145,31.5,107.92,35.9,118.33333333333333,-49.02895736842105,-42.20001,30.236842105263158,32.0,119.20720023148145,118.7358325017507,0,0,89.35175945290933,89.35175945290933,88.99844576112747
2801,2021-04-09T05:44:25,2021-04-09T07:03:50,597,34.8,97.6,62.8,74.72245242083333,118.98479684846072,79.41666412353516,115.46,38.41,118.29918032786885,-56.44740969849246,-42.20001,26.762981574539364,30.0,118.98479684846072,118.7358325017507,0,0,89.18505699246573,89.18505699246573,88.99844576112747
2804,2021-04-10T06:59:45,2021-04-10T07:28:15,172,60.4,76.4,16.000000000000007,18.961385027777776,118.50865642361106,28.5,90.35,30.05,118.25916230366491,-39.919177965116276,-39.89999,25.377906976744185,26.0,118.50865642361106,118.7358325017507,0,0,88.8281659269566,88.8281659269566,88.99844576112747
2805,2021-04-10T07:28:26,2021-04-10T07:57:16,174,76.4,92.4,16.0,19.177217722222224,119.8576107638889,28.83333396911621,109.37,36.38,118.36580086580086,-39.90631247126437,-39.89999,25.902298850574713,27.0,119.8576107638889,118.7358325017507,0,0,89.83927468122154,89.83927468122154,88.99844576112747
2808,2021-04-13T11:18:40,2021-04-13T11:46:50,170,9.2,27.2,18.0,21.217782472222225,117.87656929012348,28.16666603088379,32.06,10.66,117.86764705882354,-45.19765705882354,-45.10001,29.652941176470588,31.0,117.87656929012348,118.7358325017507,0,0,88.35438500269206,88.35438500269206,88.99844576112747
2809,2021-04-13T11:47:01,2021-04-13T12:14:51,168,27.2,45.2,18.000000000000004,20.96778241666667,116.48768009259257,27.83333396911621,53.39,17.76,118.11946902654867,-45.200010000000006,-45.20001,31.3125,33.0,116.48768009259257,118.67114849537037,0,0,87.31334307532907,87.31334307532907,88.94996186277803
2810,2021-04-13T12:15:02,2021-04-13T12:44:32,178,45.6,64.8,19.199999999999996,22.22333825000001,115.74655338541675,29.5,76.64,25.5,118.27160493827161,-45.20001000000001,-45.20001,33.41011235955056,35.0,115.74655338541675,118.65552827318558,0,0,86.75783153630198,86.75783153630198,88.93825372490927
2813,2021-04-14T13:18:55,2021-04-14T13:45:45,162,28.8,56.0,27.2,31.366393361111115,115.3176226511438,26.83333396911621,66.17,22.01,118.16071428571428,-70.13581246913581,-70.10001,32.589506172839506,35.0,115.3176226511438,118.57528140231915,0,0,86.4363264953624,86.4363264953624,88.87810468115535
2814,2021-04-14T13:45:56,2021-04-14T14:13:36,167,56.4,84.0,27.6,32.35819905555556,117.23985165056361,27.66666603088379,99.50999,33.1,118.46427380952382,-70.17426149700597,-70.10001,35.60778443113772,37.0,117.23985165056361,118.37157092184933,0,0,87.87713328250315,87.87713328250315,88.72541348621385
2815,2021-04-14T14:13:47,2021-04-14T14:34:57,128,84.0,97.6,13.599999999999994,17.039029208333332,125.28697947303925,21.16666603088379,115.47,38.41,118.3094262295082,-48.3625040625,-42.5,36.5,37.0,125.28697947303925,118.57528140231915,0,0,93.90885811191299,93.90885811191299,88.87810468115535
2817,2021-04-15T00:39:26,2021-04-15T01:05:06,155,40.4,66.0,25.6,29.768337111111112,116.28256684027778,25.66666603088379,78.08,25.97,118.3030303030303,-69.58839593548386,-69.5,33.55483870967742,36.0,116.28256684027778,118.37157092184933,0,0,87.15960043272153,87.15960043272153,88.72541348621385
2818,2021-04-15T01:05:17,2021-04-15T01:34:07,174,66.4,92.0,25.599999999999994,30.672643694444446,119.81501443142363,28.83333396911621,108.87,36.21,118.33695652173913,-63.78161919540231,-42.10001,35.502873563218394,37.0,119.81501443142363,118.57528140231915,0,0,89.80734659932195,89.80734659932195,88.87810468115535
2823,2021-04-15T08:28:05,2021-04-15T08:54:55,162,79.2,98.0,18.799999999999997,22.216948902777784,118.17526012115844,26.83333396911621,115.94,38.56,118.3061224489796,-49.55680006172841,0.0,32.97222222222222,34.0,118.17526012115844,118.57528140231915,0,0,88.57826872140704,88.57826872140704,88.87810468115535
2825,2021-04-15T20:50:33,2021-04-15T21:13:33,139,27.6,51.2,23.6,27.025556333333338,114.51506920903955,23.0,60.56,20.14,118.28125,-70.50072151079137,-70.20001,31.244604316546763,34.0,114.51506920903955,118.37157092184933,0,0,85.83477254587147,85.83477254587147,88.72541348621385
2826,2021-04-15T21:13:44,2021-04-15T21:41:54,170,51.2,79.6,28.39999999999999,33.12403054166666,116.63391035798124,28.16666603088379,94.25999,31.35,118.41707286432163,-70.56000588235295,-70.5,34.0735294117647,36.0,116.63391035798124,118.20487277062303,0,0,87.42294997384168,87.42294997384168,88.60046488343906
2827,2021-04-15T21:42:05,2021-04-15T22:07:25,153,80.0,97.6,17.599999999999994,22.050005430555554,125.28412176452024,25.33333396911621,115.54,38.43,118.38114754098362,-52.252954052287585,-42.70001,35.0,36.0,125.28412176452024,118.20487277062303,0,0,93.90671611643216,93.90671611643216,88.60046488343906
2828,2021-04-16T07:50:31,2021-04-16T08:23:45,250,72.0,97.6,25.599999999999994,30.702424405555558,119.93134533420142,33.233333587646484,115.51,38.43,118.35040983606558,-55.432013960000006,-42.10001,28.942,30.0,119.93134533420142,118.20487277062303,0,0,89.89454242995765,89.89454242995765,88.60046488343906
2829,2021-04-16T20:47:36,2021-04-16T21:07:36,121,43.6,63.6,20.0,23.4058357638889,117.02917881944448,20.0,75.28,25.04,118.36477987421384,-70.21736256198348,-69.80002,27.10330578512397,29.0,117.02917881944448,118.20487277062303,0,0,87.71922345748531,87.71922345748531,88.60046488343906
2830,2021-04-16T21:07:47,2021-04-16T21:38:37,186,63.6,91.6,27.999999999999993,33.112501916666666,118.2589354166667,30.83333396911621,108.37,36.05,118.30786026200875,-64.392476827957,-42.60001,29.169354838709676,31.0,118.2589354166667,118.20487277062303,0,0,88.6409875409237,88.6409875409237,88.60046488343906
2832,2021-04-17T01:47:14,2021-04-17T02:15:04,168,44.8,62.8,18.0,20.826249986111108,115.70138881172838,27.83333396911621,74.31,24.72,118.32802547770702,-44.791666666666664,-10.10001,29.327380952380953,31.0,115.70138881172838,118.07315949898504,0,0,86.72397842913932,86.72397842913932,88.5017391978991
2833,2021-04-17T02:15:15,2021-04-17T02:36:25,128,62.8,76.4,13.600000000000009,15.865415708333334,116.65746844362738,21.16666603088379,90.32,30.05,118.21989528795811,-44.972653515625,-44.89999,30.0390625,32.0,116.65746844362738,117.95324537590582,0,0,87.44060793743563,87.44060793743563,88.41185756441072
2834,2021-04-17T07:17:16,2021-04-17T07:42:06,150,15.2,23.2,8.0,9.313194513888888,116.4149314236111,24.83333396911621,27.22,9.05,117.32758620689656,-22.502000199999998,-22.5,25.5,27.0,116.4149314236111,117.90600058256176,0,0,87.25881430895649,87.25881430895649,88.37644522856118
2835,2021-04-17T07:42:17,2021-04-17T08:10:27,170,23.2,32.4,9.2,10.5625,114.80978260869566,28.16666603088379,38.1,12.67,117.5925925925926,-22.5,-22.5,25.5,27.0,114.80978260869566,117.90600058256176,0,0,86.05567498081237,86.05567498081237,88.37644522856118
2836,2021-04-17T08:10:38,2021-04-17T08:36:48,158,32.4,40.8,8.399999999999999,9.8125,116.8154761904762,26.16666603088379,48.03,15.97,117.72058823529413,-22.5,-22.5,25.5,27.0,116.8154761904762,117.86001305415267,0,0,87.55904264742561,87.55904264742561,88.34197527567022
2837,2021-04-17T08:36:59,2021-04-17T09:05:29,172,40.8,50.4,9.600000000000001,10.625,110.67708333333331,28.5,59.43,19.76,117.91666666666667,-22.36918604651163,0.0,26.078488372093023,28.0,110.67708333333331,117.72903899936873,0,0,82.95801015162138,82.95801015162138,88.24380367013882
2838,2021-04-17T09:05:40,2021-04-17T09:35:30,180,50.4,60.0,9.600000000000001,11.0625,115.23437499999999,29.83333396911621,70.78,23.53,117.96666666666667,-22.25,0.0,26.5,28.0,115.23437499999999,117.56122209201388,0,0,86.37392821668813,86.37392821668813,88.11801650368426
2839,2021-04-17T09:35:41,2021-04-17T10:01:51,158,60.0,68.4,8.400000000000006,9.6875,115.32738095238086,26.16666603088379,80.7,26.83,117.98245614035088,-22.21518987341772,0.0,26.5,28.0,115.32738095238086,117.56122209201388,0,0,86.44364083026088,86.44364083026088,88.11801650368426
2840,2021-04-17T10:02:02,2021-04-17T10:27:02,151,68.4,76.4,8.0,9.1875,114.84375,25.0,90.16,29.98,118.01047120418848,-22.05298013245033,0.0,25.91390728476821,28.0,114.84375,117.42217705439812,0,0,86.08113523968242,86.08113523968242,88.0137952928007
2841,2021-04-17T10:27:13,2021-04-17T10:55:23,170,76.4,84.8,8.399999999999991,10.25,122.02380952380966,28.16666603088379,100.11,33.29,118.05424528301887,-21.83823529411765,0.0,25.5,27.0,122.02380952380966,117.42217705439812,0,0,91.462949007502,91.462949007502,88.0137952928007
2842,2021-04-17T10:55:34,2021-04-17T11:18:04,136,84.8,91.6,6.799999999999997,8.125,119.4852941176471,22.5,108.15,35.97,118.06768558951967,-21.672794117647058,0.0,25.5,27.0,119.4852941176471,117.47557614293981,0,0,89.56020473116222,89.56020473116222,88.05382058074568
2845,2021-04-17T20:00:54,2021-04-17T20:28:04,164,55.2,82.0,26.799999999999997,31.596952805555564,117.89907763267003,27.16666603088379,97.12,32.3,118.43902439024392,-69.78477457317074,-69.70001,30.539634146341463,32.0,117.89907763267003,117.72903899936873,0,0,88.37125613132353,88.37125613132353,88.24380367013882
2846,2021-04-18T02:30:34,2021-04-18T04:33:52,925,20.0,97.6,77.6,91.72134184999999,118.19760547680413,123.30000305175781,115.54,38.43,118.38114754098362,-44.61999063783784,-22.10001,31.07891891891892,34.0,118.19760547680413,117.72903899936873,0,0,88.59501768320352,88.59501768320352,88.24380367013882
2849,2021-04-18T14:29:33,2021-04-18T14:49:43,122,31.6,44.4,12.799999999999997,15.09235784722222,117.9090456814236,20.16666603088379,52.41,17.43,118.04054054054053,-44.90326901639344,-44.89999,30.233606557377048,32.0,117.9090456814236,117.72903899936873,0,0,88.37872768247745,88.37872768247745,88.24380367013882
2850,2021-04-18T14:49:54,2021-04-18T15:19:44,180,44.4,64.0,19.6,22.325272805555553,113.90445308956915,29.83333396911621,75.65,25.16,118.203125,-44.89999,-44.89999,31.90277777777778,33.0,113.90445308956915,117.47557614293981,0,0,85.37708522061726,85.37708522061726,88.05382058074568
2851,2021-04-18T15:19:55,2021-04-18T15:46:05,158,64.0,80.4,16.400000000000006,19.581384527777775,119.39868614498639,26.16666603088379,95.14,31.65,118.33333333333333,-44.899989999999995,-44.89999,32.91139240506329,34.0,119.39868614498639,117.47557614293981,0,0,89.49528772342396,89.49528772342396,88.05382058074568
2853,2021-04-19T13:07:26,2021-04-19T13:41:56,208,20.4,40.0,19.6,22.942494250000003,117.05354209183675,34.5,47.22,15.71,118.05,-39.89999,-39.89999,26.252403846153847,28.0,117.05354209183675,117.28819137794383,0,0,87.73748494882184,87.73748494882184,87.91336632618263
2854,2021-04-19T13:42:07,2021-04-19T14:09:57,168,40.0,56.4,16.4,18.508328944444447,112.85566429539298,27.83333396911621,66.6,22.15,118.08510638297872,-39.89820482142858,-39.80002,28.282738095238095,30.0,112.85566429539298,117.28819137794383,0,0,84.59096555777674,84.59096555777674,87.91336632618263
2855,2021-04-19T14:10:08,2021-04-19T14:58:48,293,56.4,84.0,27.6,32.36193675,117.25339402173911,48.66666793823242,99.42,33.07,118.35714285714286,-39.89828402730375,-39.80002,29.733788395904437,31.0,117.25339402173911,117.29496256353158,0,0,87.88728396710395,87.88728396710395,87.91844166848304
2857,2021-04-20T00:06:21,2021-04-20T00:34:01,167,25.2,40.8,15.599999999999998,18.104166666666668,116.05235042735046,27.66666603088379,48.22,16.04,118.18627450980392,-39.16167664670659,-5.0,28.161676646706585,30.0,116.05235042735046,117.24662283615136,0,0,86.98704171554631,86.98704171554631,87.88220862480355
2858,2021-04-20T00:34:12,2021-04-20T01:04:42,184,40.8,58.8,18.0,20.333333333333332,112.96296296296296,30.5,69.48,23.11,118.16326530612247,-40.0,-40.0,29.970108695652176,32.0,112.96296296296296,117.14669687120018,0,0,84.67139127632154,84.67139127632154,87.80730911566249
2859,2021-04-20T01:04:53,2021-04-20T01:35:33,185,58.8,76.4,17.60000000000001,20.444444444444443,116.16161616161611,30.66666603088379,90.38,30.06,118.29842931937172,-40.0,-40.0,31.056756756756755,32.0,116.16161616161611,117.04136045564061,0,0,87.06894184897442,87.06894184897442,87.72835420315357
2861,2021-04-20T04:57:44,2021-04-20T05:23:44,196,64.4,84.8,20.39999999999999,24.37978085777778,119.50872969498919,26.0,100.329994,33.37,118.31367216981133,-56.261741816326534,-54.80002,28.760204081632654,30.0,119.50872969498919,117.14669687120018,0,0,89.57777086865428,89.57777086865428,87.80730911566249
2862,2021-04-20T15:47:14,2021-04-20T17:32:52,794,0.8,97.6,96.8,115.55116815666666,119.37104148415978,105.63333129882812,115.46,38.41,118.29918032786885,-65.62544165743073,-42.200012,34.05982367758186,38.0,119.37104148415978,117.14669687120018,0,0,89.4745666673171,89.4745666673171,87.80730911566249
2863,2021-04-21T05:45:26,2021-04-21T06:02:36,104,9.6,26.8,17.200000000000003,20.040279027777782,116.5132501614987,17.16666603088379,31.64,10.52,118.05970149253731,-70.0432735576923,-69.89999,28.03846153846154,29.0,116.5132501614987,117.04136045564061,0,0,87.33250912101808,87.33250912101808,87.72835420315357
2864,2021-04-21T06:02:47,2021-04-21T06:33:37,186,27.2,58.0,30.8,35.98555688888889,116.83622366522366,30.83333396911621,68.59,22.82,118.25862068965519,-70.02580903225807,-69.89999,30.443548387096776,33.0,116.83622366522366,117.04136045564061,0,0,87.57459391756105,87.57459391756105,87.72835420315357
2865,2021-04-21T06:33:48,2021-04-21T07:02:28,173,58.0,86.0,28.0,33.45416763888888,119.47917013888886,28.66666603088379,101.86,33.88,118.44186046511628,-70.02023323699422,-69.89999,33.50289017341041,35.0,119.47917013888886,117.04136045564061,0,0,89.55561450275455,89.55561450275455,87.72835420315357
2866,2021-04-21T07:02:39,2021-04-21T07:21:39,115,86.4,97.6,11.199999999999989,14.774166013888888,131.91219655257947,19.0,115.5,38.42,118.34016393442623,-46.738258782608696,-42.30002,34.0,35.0,116.8154761904762,116.93270124233408,1,0,98.87478971390401,87.55904264742561,87.64690868752318
2868,2021-04-21T14:30:21,2021-04-21T15:04:47,208,62.8,89.6,26.799999999999997,31.966114819444442,119.27654783374794,34.43333435058594,106.1,35.29,118.41517857142858,-55.700006442307696,-54.0,35.76201923076923,37.0,119.27654783374794,116.93270124233408,0,0,89.40373894965383,89.40373894965383,87.64690868752318
2869,2021-04-21T16:33:38,2021-04-21T16:52:48,116,69.2,85.6,16.39999999999999,19.24139341666667,117.32556961382122,19.16666603088379,101.36,33.72,118.41121495327103,-60.23363482758621,-60.10001,37.46120689655172,38.0,117.32556961382122,117.04136045564061,0,0,87.9413831836745,87.9413831836745,87.72835420315357
2872,2021-04-22T01:38:19,2021-04-22T02:07:39,177,39.2,68.8,29.599999999999994,34.403471624999995,116.22794467905406,29.33333396911621,81.43999,27.08,118.3720784883721,-70.37062028248587,-70.30002,32.720338983050844,35.0,116.22794467905406,117.04136045564061,0,0,87.11865839062187,87.11865839062187,87.72835420315357
2873,2021-04-22T02:07:50,2021-04-22T02:34:00,158,69.2,92.0,22.799999999999997,27.731525458333333,121.62949762426902,26.16666603088379,108.89,36.22,118.3586956521739,-63.54303265822785,-42.5,34.46835443037975,36.0,121.62949762426902,117.04136045564061,0,0,91.16739251486767,91.16739251486767,87.72835420315357
2876,2021-04-22T11:26:56,2021-04-22T11:55:26,172,59.6,82.0,22.4,26.787085986111116,119.58520529513892,28.5,97.06,32.29,118.3658536585366,-56.39477302325581,-55.0,31.636627906976745,33.0,119.58520529513892,117.04136045564061,0,0,89.6350931563628,89.6350931563628,87.72835420315357
2877,2021-04-22T11:55:37,2021-04-22T12:19:47,146,82.4,97.6,15.199999999999989,18.962084277777777,124.75055445906442,24.16666603088379,115.51,38.43,118.35040983606558,-47.08904335616439,-42.30002,32.46232876712329,33.0,124.75055445906442,117.04136045564061,0,0,93.506780731351,93.506780731351,87.72835420315357
2879,2021-04-23T12:35:42,2021-04-23T13:04:42,175,61.6,89.2,27.6,32.81500140277778,118.89493261876007,29.0,105.54,35.11,118.31838565022422,-67.82628857142856,-42.30002,34.348571428571425,36.0,118.89493261876007,117.04136045564061,0,0,89.11769925719436,89.11769925719436,87.72835420315357
2882,2021-04-23T21:59:11,2021-04-23T22:30:11,187,24.0,55.2,31.200000000000003,36.25111627777778,116.18947524928774,31.0,65.23,21.69,118.17028985507245,-70.16364636363637,-70.10001,37.22994652406417,40.0,116.18947524928774,116.93270124233408,0,0,87.08982362872749,87.08982362872749,87.64690868752318
2883,2021-04-23T22:30:22,2021-04-23T23:01:02,185,55.2,85.6,30.39999999999999,35.846116138888895,117.91485572002928,30.66666603088379,101.3,33.7,118.3411214953271,-70.13352335135136,-70.0,39.76216216216216,41.0,117.91485572002928,117.04136045564061,0,0,88.38308259703712,88.38308259703712,87.72835420315357
2884,2021-04-23T23:01:13,2021-04-23T23:20:23,116,86.0,97.6,11.599999999999994,14.845972847222223,127.98252454501923,19.16666603088379,115.56,38.44,118.4016393442623,-46.559484741379315,-42.39999,40.060344827586206,42.0,127.98252454501923,117.14669687120018,0,0,95.929303977585,95.929303977585,87.80730911566249
2885,2021-04-24T07:41:17,2021-04-24T08:01:37,123,8.0,21.2,13.2,15.318753486111115,116.05116277356905,20.33333396911621,24.93,8.29,117.59433962264151,-45.203262357723574,-45.20001,33.5,35.0,116.05116277356905,117.14669687120018,0,0,86.98615150962935,86.98615150962935,87.80730911566249
2886,2021-04-24T08:01:48,2021-04-24T08:32:58,188,21.2,41.2,20.000000000000004,23.478894083333337,117.39447041666666,31.16666603088379,48.7,16.2,118.20388349514563,-45.20001,-45.20001,34.202127659574465,36.0,117.39447041666666,117.15346805678793,0,0,87.9930277819035,87.9930277819035,87.8123844579629
2887,2021-04-24T08:33:09,2021-04-24T09:03:39,184,41.6,61.2,19.6,22.976671749999998,117.22791709183672,30.5,72.3,24.05,118.13725490196079,-45.20001000000001,-45.20001,36.26358695652174,38.0,117.22791709183672,117.14072959183673,0,0,87.86818773375717,87.86818773375717,87.8028363412895
2888,2021-04-24T09:03:50,2021-04-24T09:32:30,173,61.2,79.6,18.39999999999999,21.595560333333335,117.36717572463775,28.66666603088379,94.14,31.31,118.26633165829146,-45.20001,-45.20001,37.25722543352601,39.0,117.36717572463775,117.24065555678791,0,0,87.97256904491637,87.97256904491637,87.87773585043055
2889,2021-04-24T09:32:41,2021-04-24T10:03:01,183,79.6,97.6,18.0,22.30583838888889,123.92132438271607,30.33333396911621,115.5,38.42,118.34016393442623,-44.120228579234976,-42.60001,37.83879781420765,39.0,123.92132438271607,117.24065555678791,0,0,92.8852313100986,92.8852313100986,87.87773585043055
2891,2021-04-24T20:46:38,2021-04-24T21:08:48,134,41.6,63.6,22.0,25.909309249999996,117.76958749999999,22.16666603088379,75.31,25.05,118.4119496855346,-70.13060701492536,-70.10001,36.201492537313435,38.0,117.76958749999999,117.24065555678791,0,0,88.27419679964396,88.27419679964396,87.87773585043055
2892,2021-04-24T21:08:59,2021-04-24T21:26:39,107,64.0,81.2,17.200000000000003,20.657780722222224,120.10337629198965,17.66666603088379,96.02,31.94,118.25123152709358,-70.15888850467289,-70.10001,37.92056074766355,39.0,120.10337629198965,117.28948181778017,0,0,90.02348823800362,90.02348823800362,87.91433357538924
2894,2021-04-24T21:38:50,2021-04-24T21:58:00,116,85.2,97.6,12.399999999999991,14.952503194444446,120.58470318100368,19.16666603088379,115.46,38.41,118.29918032786885,-46.89052724137932,-42.60001,38.616379310344826,40.0,120.58470318100368,117.34637266922948,0,0,90.38426681783676,90.38426681783676,87.95697611429543
2895,2021-04-25T13:32:50,2021-04-25T13:59:30,161,28.0,46.8,18.799999999999997,22.31361575,118.68944547872343,26.66666603088379,55.32,18.4,118.20512820512822,-50.206221552795036,-50.20001,32.27329192546584,34.0,118.68944547872343,117.34637266922948,0,0,88.96367636703701,88.96367636703701,87.95697611429543
2896,2021-04-25T13:59:41,2021-04-25T14:19:30,123,47.2,61.6,14.399999999999999,16.579947747222224,115.13852602237657,19.816667556762695,72.83,24.22,118.23051948051948,-50.20001,-50.20001,34.166666666666664,36.0,115.13852602237657,117.28948181778017,0,0,86.30208461348478,86.30208461348478,87.91433357538924
2897,2021-04-25T14:19:41,2021-04-25T14:51:51,194,61.6,84.4,22.800000000000004,26.91306094444445,118.03974098440546,32.16666793823242,99.89,33.22,118.35308056872037,-50.200525515463916,-50.20001,35.134020618556704,36.0,118.03974098440546,117.34637266922948,0,0,88.47669034958969,88.47669034958969,87.95697611429543
2898,2021-04-25T14:52:02,2021-04-25T15:13:52,132,84.4,97.6,13.199999999999989,16.65278141666667,126.1574349747476,21.83333396911621,115.5,38.42,118.34016393442623,-45.768191818181826,-42.60001,35.916666666666664,37.0,126.1574349747476,117.34637266922948,0,0,94.56130805161526,94.56130805161526,87.95697611429543
2899,2021-04-25T18:26:40,2021-04-25T18:59:29,198,70.4,92.0,21.599999999999994,24.44200584166667,113.15743445216054,32.81666564941406,108.86,36.21,118.32608695652173,-44.635364242424245,-26.10001,33.494949494949495,35.0,113.15743445216054,117.34637266922948,0,0,84.81715738515967,84.81715738515967,87.95697611429543
2900,2021-04-26T01:27:29,2021-04-26T01:55:29,169,34.8,44.0,9.200000000000003,10.592782444444444,115.13893961352653,28.0,51.98,17.29,118.13636363636363,-22.69882656804733,-22.60001,28.130177514792898,30.0,115.13893961352653,117.34637266922948,0,0,86.30239462073996,86.30239462073996,87.95697611429543
2901,2021-04-26T01:55:40,2021-04-26T02:27:30,192,44.0,54.8,10.799999999999997,12.043616416666667,111.5149668209877,31.83333396911621,64.77,21.54,118.19343065693431,-22.700009999999995,-22.70001,28.809895833333332,30.0,111.5149668209877,117.34637266922948,0,0,83.5860457375011,83.5860457375011,87.95697611429543
2902,2021-04-26T02:27:41,2021-04-26T02:56:51,176,54.8,64.0,9.200000000000003,11.03389375,119.93362771739127,29.16666603088379,75.68999,25.17,118.26560937499998,-22.698305454545448,-22.60001,29.0,30.0,119.93362771739127,117.38082307065221,0,0,89.89625319032584,89.89625319032584,87.98279841340994
2903,2021-04-26T02:57:02,2021-04-26T03:28:02,187,64.4,74.0,9.599999999999994,11.72694961111111,122.1557251157408,31.0,87.50999,29.11,118.25674324324325,-22.697336203208554,-22.60001,29.0,30.0,122.1557251157408,117.58202895833332,0,0,91.56182634222198,91.56182634222198,88.13361229077373
2905,2021-04-27T00:29:20,2021-04-27T02:05:08,719,9.6,97.6,88.0,103.98490150833334,118.16466080492425,95.80000305175781,115.46,38.41,118.29918032786885,-65.11516783031989,-42.5,30.915159944367176,35.0,118.16466080492425,117.83433256633501,0,0,88.57032400369968,88.57032400369968,88.32272646548375
2908,2021-04-27T21:58:19,2021-04-27T23:12:54,560,31.2,97.6,66.39999999999999,78.70428128611113,118.53054410558906,74.58333587646484,115.47,38.41,118.3094262295082,-63.304109946428575,-42.10001,27.73125,31.0,118.53054410558906,117.90406165704681,0,0,88.8445718394458,88.8445718394458,88.37499190690049
2910,2021-04-28T14:38:58,2021-04-28T15:08:38,179,11.6,31.6,20.0,23.585000027777777,117.92500013888888,29.66666603088379,37.21,12.38,117.75316455696203,-47.63743022346369,-25.0,25.206703910614525,27.0,117.92500013888888,117.91195070072644,0,0,88.39068634640772,88.39068634640772,88.38090513975729
2911,2021-04-28T15:08:49,2021-04-28T15:36:49,169,32.0,51.2,19.200000000000003,22.401389027777775,116.67390118634256,28.0,60.5,20.12,118.1640625,-48.00295887573965,-48.0,27.21005917159763,29.0,116.67390118634256,117.91195070072644,0,0,87.4529251000851,87.4529251000851,88.38090513975729
2912,2021-04-28T15:37:00,2021-04-28T16:04:20,165,51.2,70.0,18.799999999999997,21.87111155555556,116.33569976359342,27.33333396911621,82.77,27.53,118.24285714285715,-48.00969793939394,-48.0,29.333333333333332,31.0,116.33569976359342,117.90406165704681,0,0,87.19942621651572,87.19942621651572,88.37499190690049
2913,2021-04-28T16:04:31,2021-04-28T16:34:51,183,70.4,90.4,20.0,24.207362055555556,121.03681027777778,30.33333396911621,107.02,35.59,118.38495575221238,-47.86830786885246,-42.39999,30.150273224043715,32.0,121.03681027777778,117.90406165704681,0,0,90.72314370177892,90.72314370177892,88.37499190690049
2915,2021-04-29T00:04:21,2021-04-29T00:34:31,182,37.2,67.2,30.0,35.294449472222226,117.64816490740742,30.16666603088379,79.45,26.43,118.22916666666666,-70.19891109890109,-70.10001,27.164835164835164,30.0,117.64816490740742,117.8393165907118,0,0,88.18318449279998,88.18318449279998,88.32646224106071
2916,2021-04-29T00:34:42,2021-04-29T01:01:02,159,67.6,91.2,23.60000000000001,28.100421361111113,119.06958203860636,26.33333396911621,107.93,35.9,118.34429824561404,-63.97862704402515,-42.60001,29.4874213836478,31.0,119.06958203860636,117.8393165907118,0,0,89.2486077335313,89.2486077335313,88.32646224106071
2917,2021-04-29T05:54:32,2021-04-29T06:13:12,113,38.4,57.2,18.800000000000004,21.860557680555555,116.27956213061462,18.66666603088379,67.57,22.48,118.1293706293706,-70.2654936283186,-70.0,28.23008849557522,31.0,116.27956213061462,117.70887620370371,0,0,87.15734825253,87.15734825253,88.22869064622196
2918,2021-04-29T06:13:23,2021-04-29T06:40:43,165,57.2,84.4,27.200000000000003,31.96792031944445,117.52911882148693,27.33333396911621,99.89,33.22,118.35308056872037,-70.17394745454546,-69.89999,30.509090909090908,33.0,117.52911882148693,117.70887620370371,0,0,88.09395349658229,88.09395349658229,88.22869064622196
2919,2021-04-29T06:40:54,2021-04-29T07:01:44,126,84.8,97.6,12.799999999999997,16.427640791666665,128.34094368489585,20.83333396911621,115.56,38.44,118.4016393442623,-47.38413238095239,-42.30002,31.523809523809526,33.0,128.34094368489585,117.70887620370371,0,0,96.19795705145458,96.19795705145458,88.22869064622196
2920,2021-04-29T20:03:49,2021-04-29T20:59:25,418,50.4,97.6,47.199999999999996,56.696228088888894,120.119127306968,55.599998474121094,115.46,38.41,118.29918032786885,-61.171537435406705,-42.399994,31.91267942583732,33.0,120.119127306968,117.84222161001463,0,0,90.03529441161355,90.03529441161355,88.32863969834054
2921,2021-04-30T07:08:51,2021-04-30T07:46:19,282,68.8,97.6,28.799999999999997,34.44589320444445,119.60379584876547,37.46666717529297,115.509995,38.43,118.35040471311476,-55.113482085106384,-12.600006,27.79255319148936,29.0,119.60379584876547,117.91992792945908,0,0,89.64902770622649,89.64902770622649,88.38688447172242
2923,2021-04-30T18:33:43,2021-04-30T19:00:43,163,56.8,83.2,26.400000000000006,31.503057305555558,119.32976252104375,27.0,98.53,32.77,118.42548076923076,-70.00613877300614,-69.70001,36.309815950920246,38.0,119.32976252104375,117.98237056164717,0,0,89.44362601964107,89.44362601964107,88.4336883479987
2926,2021-05-01T02:04:19,2021-05-01T02:35:49,190,24.8,56.8,31.999999999999996,36.76694633333334,114.8967072916667,31.5,67.1,22.32,118.13380281690141,-70.03210884210526,-69.80002,33.44210526315789,37.0,114.8967072916667,117.98237056164717,0,0,86.12082937877044,86.12082937877044,88.4336883479987
2927,2021-05-01T02:36:00,2021-05-01T03:05:50,180,56.8,86.4,29.60000000000001,34.82055761111111,117.63701895645643,29.83333396911621,102.17,33.98,118.25231481481481,-70.03000411111111,-69.80002,36.483333333333334,38.0,117.63701895645643,117.98237056164717,0,0,88.17483004502911,88.17483004502911,88.4336883479987
2929,2021-05-01T12:41:56,2021-05-01T13:02:26,124,6.4,26.8,20.4,23.82042070833334,116.76676817810461,20.5,31.57,10.5,117.79850746268656,-69.7185602419355,-69.70001,38.62903225806452,40.0,116.76676817810461,117.98237056164717,0,0,87.52253355572306,87.52253355572306,88.4336883479987
2931,2021-05-01T13:17:57,2021-05-01T13:48:23,185,42.0,72.0,30.0,35.106575034722226,117.02191678240743,30.433332443237305,85.18,28.34,118.30555555555557,-69.19514610810812,-64.0,42.24324324324324,45.0,117.02191678240743,117.91992792945908,0,0,87.7137801974707,87.7137801974707,88.38688447172242
2932,2021-05-01T13:48:34,2021-05-01T14:19:24,186,72.0,94.0,22.0,27.15292026388889,123.4223648358586,30.83333396911621,111.29,37.02,118.39361702127661,-52.83925430107527,-42.10001,43.5,45.0,123.4223648358586,117.91992792945908,0,0,92.51123617120626,92.51123617120626,88.38688447172242
2935,2021-05-01T18:32:40,2021-05-01T18:52:20,119,64.0,82.8,18.799999999999997,22.583885722222217,120.12705171394798,19.66666603088379,97.99,32.6,118.34541062801932,-68.89999033613445,-68.80002,41.252100840336134,43.0,120.12705171394798,117.98237056164717,0,0,90.04123415103287,90.04123415103287,88.4336883479987
2937,2021-05-02T06:53:51,2021-05-02T07:24:01,182,19.6,39.2,19.6,22.976949472222227,117.22933404195014,30.16666603088379,46.23,15.38,117.93367346938774,-45.70000999999999,-45.70001,32.23351648351648,34.0,117.22933404195014,117.98237056164717,0,0,87.86924980874463,87.86924980874463,88.4336883479987
2938,2021-05-02T07:24:12,2021-05-02T07:54:02,180,39.2,58.8,19.599999999999994,22.72306052777778,115.93398228458054,29.83333396911621,69.47,23.1,118.14625850340137,-45.70001000000001,-45.70001,34.30833333333333,36.0,115.93398228458054,117.91992792945908,0,0,86.89831887163145,86.89831887163145,88.38688447172242
2939,2021-05-02T07:54:13,2021-05-02T08:25:23,188,58.8,79.2,20.400000000000006,23.73861630555556,116.36576620370369,31.16666603088379,93.73,31.18,118.3459595959596,-45.70001,-45.70001,35.869680851063826,37.0,116.36576620370369,117.91992792945908,0,0,87.22196251733581,87.22196251733581,88.38688447172242
2940,2021-05-02T08:25:34,2021-05-02T08:55:54,183,79.2,97.6,18.39999999999999,22.587505055555557,122.75817964975852,30.33333396911621,115.53,38.43,118.37090163934427,-44.67705918032788,-43.10001,36.166666666666664,38.0,122.75817964975852,117.91992792945908,0,0,92.01339615092762,92.01339615092762,88.38688447172242
2942,2021-05-02T13:58:33,2021-05-02T14:19:13,125,54.0,74.4,20.400000000000006,24.095554833333335,118.11546486928101,20.66666603088379,88.02,29.28,118.3064516129032,-69.954398,-69.80002,37.272,38.0,118.11546486928101,117.98237056164717,0,0,88.53344918909856,88.53344918909856,88.4336883479987
2943,2021-05-02T14:19:24,2021-05-02T14:42:13,138,74.4,93.2,18.799999999999997,22.584668622222225,120.13121607565014,22.816667556762695,110.34,36.7,118.39055793991416,-59.35362833333334,-42.20001,37.93115942028985,39.0,120.13121607565014,118.07760292684324,0,0,90.04435554843474,90.04435554843474,88.50506976934412
2944,2021-05-02T22:28:40,2021-05-02T22:46:50,110,23.2,41.2,18.000000000000004,21.18375123611112,117.68750686728397,18.16666603088379,48.76,16.22,118.34951456310678,-69.96364045454546,-69.70001,29.631818181818183,32.0,117.68750686728397,117.98237056164717,0,0,88.21267325965694,88.21267325965694,88.4336883479987
2946,2021-05-03T01:01:25,2021-05-03T01:29:55,172,43.2,67.2,24.0,27.647780916666665,115.19908715277778,28.5,91.34,30.37,135.92261904761904,-58.20640203488372,-56.5,30.45639534883721,33.0,115.19908715277778,117.91992792945908,0,1,86.34747821005693,86.34747821005693,88.38688447172242
2947,2021-05-03T01:30:06,2021-05-03T02:00:36,184,67.2,90.4,23.200000000000003,27.307225250000005,117.70355711206896,30.5,122.86,40.85,135.9070796460177,-53.69620157608697,-42.20001,31.5,33.0,117.70355711206896,117.84222161001463,0,0,88.22470372097474,88.22470372097474,88.32863969834054
2949,2021-05-03T23:15:05,2021-05-04T00:56:38,762,14.4,97.6,83.19999999999999,97.08900600138888,116.69351682859242,101.55000305175781,132.71,44.13,135.9733606557377,-57.35695892388452,-42.20001,32.669291338582674,36.0,116.69351682859242,117.73657230603447,0,0,87.46762800514804,87.46762800514804,88.24945026030935
2950,2021-05-04T16:35:03,2021-05-04T18:05:31,679,13.6,90.8,77.2,89.75533105555556,116.26338219631549,90.46666717529297,123.41,41.04,135.91409691629957,-59.51560967599411,-42.20001,36.34756995581738,39.0,116.26338219631549,117.73657230603447,0,0,87.14522058243413,87.14522058243413,88.24945026030935
2951,2021-05-05T16:24:08,2021-05-05T17:23:15,444,35.2,86.0,50.8,59.05894071666666,116.25775731627296,59.11666488647461,116.92,38.89,135.95348837209303,-59.941437657657666,-59.80002,33.656531531531535,36.0,116.25775731627296,117.69553198967647,0,0,87.14100445347938,87.14100445347938,88.21868849031584
2953,2021-05-05T23:12:35,2021-05-05T23:40:55,171,44.0,72.4,28.400000000000006,33.230831555555554,117.00997026604067,28.33333396911621,98.47,32.75,136.00828729281767,-70.37075649122806,-70.10001,34.85087719298246,37.0,117.00997026604067,117.66783588734569,0,0,87.70482568587552,87.70482568587552,88.19792887622846
2954,2021-05-05T23:41:06,2021-05-06T00:07:26,159,72.8,94.4,21.60000000000001,26.09583316666666,120.81404243827154,26.33333396911621,128.4,42.7,136.01694915254237,-59.44025119496855,-42.60001,36.22012578616352,37.0,120.81404243827154,117.69553198967647,0,0,90.5561680629689,90.5561680629689,88.21868849031584
2955,2021-05-06T00:07:37,2021-05-06T00:36:17,173,94.4,99.6,5.199999999999989,9.953889833333333,191.42095833333374,28.66666603088379,135.39,45.02,135.93373493975903,-20.873990404624273,-12.89999,36.02601156069364,37.0,117.63701895645643,117.69553198967647,1,0,143.47958336436523,88.17483004502911,88.21868849031584
2957,2021-05-06T17:54:38,2021-05-06T18:23:48,176,26.4,51.6,25.200000000000003,29.072781180555555,115.36817928791886,29.16666603088379,70.06,23.3,135.7751937984496,-59.80568880681819,-58.5,34.11363636363637,36.0,115.36817928791886,117.69553198967647,0,0,86.47422122352563,86.47422122352563,88.21868849031584
2958,2021-05-06T18:23:59,2021-05-06T18:52:39,173,52.0,75.6,23.599999999999994,27.249585999999997,115.46434745762714,28.66666603088379,102.71,34.16,135.85978835978838,-57.03468768786128,-55.5,36.36705202312139,38.0,115.46434745762714,117.69553198967647,0,0,86.54630407716296,86.54630407716296,88.21868849031584
2959,2021-05-06T18:52:50,2021-05-06T19:22:00,176,75.6,95.6,20.0,24.423197513888894,122.11598756944447,29.16666603088379,129.95,43.21,135.93096234309624,-50.234665340909096,-42.20001,37.32102272727273,38.0,122.11598756944447,117.69553198967647,0,0,91.53204106355572,91.53204106355572,88.21868849031584
2962,2021-05-07T00:46:37,2021-05-07T01:13:27,162,60.8,76.8,16.0,19.107918805555556,119.42449253472222,26.83333396911621,104.36,34.71,135.88541666666666,-42.72593067901235,-42.0,34.0,35.0,119.42449253472222,117.69553198967647,0,0,89.51463090339585,89.51463090339585,88.21868849031584
2963,2021-05-07T01:13:38,2021-05-07T01:42:08,172,77.2,93.6,16.39999999999999,19.540696861111115,119.15059061653125,28.5,127.24,42.32,135.94017094017093,-41.13837720930233,-40.30002,34.020348837209305,36.0,119.15059061653125,117.69553198967647,0,0,89.30932771482699,89.30932771482699,88.21868849031584
2966,2021-05-07T13:34:37,2021-05-07T14:03:27,174,41.2,65.6,24.39999999999999,28.149309083333332,115.36602083333337,28.83333396911621,89.13,29.64,135.8689024390244,-58.57184637931035,-55.0,34.89367816091954,37.0,115.36602083333337,117.66783588734569,0,0,86.47260335384546,86.47260335384546,88.19792887622846
2967,2021-05-07T14:03:38,2021-05-07T14:25:58,135,65.6,82.0,16.400000000000006,18.71944734722222,114.14297162940375,22.33333396911621,111.54,37.09,136.02439024390245,-50.27778562962963,-30.10001,36.0,37.0,114.14297162940375,117.64259193193192,0,0,85.5558667971913,85.5558667971913,88.17900726891455
2970,2021-05-07T20:32:34,2021-05-07T21:03:44,188,26.0,53.2,27.200000000000003,31.270283416666672,114.96427726715687,31.16666603088379,72.21,24.01,135.7330827067669,-60.19947893617021,-60.10001,36.72074468085106,39.0,114.96427726715687,117.64259193193192,0,0,86.17147645532717,86.17147645532717,88.17900726891455
2971,2021-05-07T21:03:55,2021-05-07T21:32:25,172,53.6,78.0,24.4,28.594866180555563,117.19207451047362,28.5,106.12,35.29,136.05128205128204,-60.20001069767441,-60.10001,38.747093023255815,40.0,117.19207451047362,117.63701895645643,0,0,87.84132192613893,87.84132192613893,88.17483004502911
2972,2021-05-07T21:32:36,2021-05-07T21:57:16,149,78.4,96.0,17.599999999999994,21.375558236111107,121.45203543244952,24.66666603088379,130.5,43.39,135.9375,-51.847657516778526,0.0,39.0,40.0,121.45203543244952,117.63701895645643,0,0,91.03437572523876,91.03437572523876,88.17483004502911
2974,2021-05-08T17:06:51,2021-05-08T17:36:21,178,38.0,68.4,30.400000000000006,35.265978486111116,116.00650817799708,29.5,92.99,30.92,135.9502923976608,-71.72754084269664,-71.70001,34.79775280898876,37.0,116.00650817799708,117.63701895645643,0,0,86.95268065657461,86.95268065657461,88.17483004502911
2975,2021-05-08T17:36:32,2021-05-08T18:01:02,148,68.4,91.2,22.799999999999997,27.160978125,119.1270970394737,24.5,124.01,41.24,135.97587719298247,-66.45744689189189,-43.70001,37.476351351351354,39.0,119.1270970394737,117.64259193193192,0,0,89.29171810364697,89.29171810364697,88.17900726891455
2976,2021-05-09T00:53:45,2021-05-09T01:14:45,127,33.6,45.2,11.600000000000001,13.655694047222221,117.7215004070881,21.0,61.39,20.42,135.81858407079645,-38.88582562204724,-4.899994,34.36614173228347,36.0,117.7215004070881,117.66783588734569,0,0,88.23815311813556,88.23815311813556,88.19792887622846
2977,2021-05-09T01:14:56,2021-05-09T01:42:56,169,45.2,61.6,16.4,18.661943916666665,113.79234095528456,28.0,83.63,27.81,135.762987012987,-39.98993970414202,-39.89999,35.63905325443787,37.0,113.79234095528456,117.64259193193192,0,0,85.29305156799481,85.29305156799481,88.17900726891455
2978,2021-05-09T01:43:07,2021-05-09T02:16:47,203,61.6,78.8,17.199999999999996,20.12277875,116.99289970930235,33.66666793823242,107.1,35.61,135.91370558375635,-35.83300660098523,-19.80002,36.16009852216749,38.0,116.99289970930235,117.63701895645643,0,0,87.69203044971154,87.69203044971154,88.17483004502911
2981,2021-05-09T09:49:14,2021-05-09T10:14:24,152,47.6,62.4,14.799999999999997,16.819448611111113,113.64492304804808,25.16666603088379,84.78,28.19,135.8653846153846,-40.09935203947368,-40.0,34.86513157894737,36.0,113.64492304804808,117.58306888897168,0,0,85.18255447251009,85.18255447251009,88.1343917708057
2982,2021-05-09T10:14:35,2021-05-09T10:45:15,185,62.4,79.6,17.199999999999996,20.495560666666666,119.16023643410855,30.66666603088379,108.23,36.0,135.9673366834171,-40.10001,-40.10001,35.84594594594594,37.0,119.16023643410855,117.58306888897168,0,0,89.31655773759593,89.31655773759593,88.1343917708057
2983,2021-05-09T10:45:26,2021-05-09T11:15:16,180,80.0,96.4,16.400000000000006,19.950282750000003,121.64806554878047,29.83333396911621,131.06,43.58,135.95435684647302,-40.12334333333334,-40.10001,36.0,37.0,121.64806554878047,117.58306888897168,0,0,91.18131010307765,91.18131010307765,88.1343917708057
2986,2021-05-09T18:04:31,2021-05-09T18:32:41,170,30.4,46.4,16.0,18.776666555555554,117.3541659722222,28.16666603088379,63.03,20.96,135.84051724137933,-39.99764682352941,-39.89999,39.95882352941177,41.0,117.3541659722222,117.58306888897168,0,0,87.96281758471835,87.96281758471835,88.1343917708057
2987,2021-05-09T18:32:52,2021-05-09T19:02:22,178,46.8,64.0,17.200000000000003,19.666111055555554,114.33785497416017,29.5,87.0,28.93,135.9375,-39.99887629213483,-39.89999,41.162921348314605,42.0,114.33785497416017,117.58306888897168,0,0,85.70194161237227,85.70194161237227,88.1343917708057
2988,2021-05-09T19:02:33,2021-05-09T19:34:13,191,64.0,82.0,18.0,21.10624951388889,117.25694174382717,31.66666603088379,111.46,37.07,135.9268292682927,-39.990574973821985,-39.89999,41.24083769633508,42.0,117.25694174382717,117.44164239685458,0,0,87.88994316227004,87.88994316227004,88.02838554065032
2989,2021-05-09T19:34:24,2021-05-09T20:01:44,165,82.0,96.8,14.799999999999997,18.21930526388889,123.10341394519524,27.33333396911621,131.67,43.78,136.02272727272725,-39.99333266666667,-39.89999,41.0,42.0,123.10341394519524,117.44164239685458,0,0,92.27216652436863,92.27216652436863,88.02838554065032
2991,2021-05-10T13:07:41,2021-05-10T13:28:41,127,19.6,40.4,20.799999999999997,24.57375331944445,118.14304480502142,21.0,54.75,18.21,135.51980198019803,-70.21103314960632,-70.0,36.67716535433071,38.0,118.14304480502142,117.44164239685458,0,0,88.55412173051566,88.55412173051566,88.02838554065032
2993,2021-05-10T20:25:03,2021-05-10T20:44:53,120,40.8,57.6,16.800000000000004,19.87861441666668,118.32508581349211,19.83333396911621,78.24,26.02,135.83333333333331,-60.137510000000006,-60.10001,39.170833333333334,41.0,118.32508581349211,117.58306888897168,0,0,88.69057057226225,88.69057057226225,88.1343917708057
2994,2021-05-10T20:45:04,2021-05-10T21:12:44,167,58.0,81.6,23.599999999999994,27.74542127777778,117.5653443973635,27.66666603088379,111.01,36.92,136.04166666666669,-60.17066868263473,-60.10001,40.34131736526946,42.0,117.5653443973635,117.60118167690996,0,0,88.12110637774619,88.12110637774619,88.14796821138765
2997,2021-05-11T09:54:12,2021-05-11T10:25:02,186,72.0,90.0,18.0,21.049725430555554,116.94291905864198,30.83333396911621,122.3,40.67,135.88888888888889,-40.961834247311835,-40.10001,33.416666666666664,34.0,116.94291905864198,117.45975518479285,0,0,87.65456745195273,87.65456745195273,88.04196198123228
2999,2021-05-11T20:11:23,2021-05-11T20:33:53,136,35.2,58.0,22.799999999999997,26.240276805555553,115.0889333576998,22.5,78.72,26.17,135.72413793103448,-69.97426213235295,-69.89999,38.9485294117647,41.0,115.0889333576998,117.3055538580247,0,0,86.26491243062819,86.26491243062819,87.9263803734942
3000,2021-05-11T20:34:04,2021-05-11T21:06:54,198,58.0,90.0,32.0,37.42180502777777,116.94314071180554,32.83333206176758,122.32,40.67,135.9111111111111,-68.3232313131313,-42.39999,41.45454545454545,43.0,116.94314071180554,117.24313789288865,0,0,87.65473359208616,87.65473359208616,87.87959648550734
3002,2021-05-12T02:41:47,2021-05-12T03:12:17,184,30.8,43.6,12.8,14.848751388888886,116.00587022569442,30.5,59.18,19.68,135.73394495412845,-29.210872282608698,-28.80002,36.0,37.0,116.00587022569442,117.21070427621189,0,0,86.95220247941269,86.95220247941269,87.85528586744178
3003,2021-05-12T03:12:28,2021-05-12T03:44:18,192,43.6,56.8,13.199999999999996,15.034171194444447,113.89523632154888,31.83333396911621,77.09,25.64,135.72183098591552,-28.336466822916663,-27.70001,36.653645833333336,38.0,113.89523632154888,117.21070427621189,0,0,85.37017679195289,85.37017679195289,87.85528586744178
3004,2021-05-12T03:44:29,2021-05-12T04:14:09,179,57.2,68.8,11.599999999999994,13.508474875,116.45236961206902,29.66666603088379,93.5,31.09,135.9011627906977,-27.320675754189942,-27.0,36.997206703910614,38.0,116.45236961206902,117.10699564644052,0,0,87.28687610390638,87.28687610390638,87.77755106180481
3005,2021-05-12T04:14:20,2021-05-12T04:43:30,176,68.8,79.6,10.799999999999997,13.024586750000001,120.59802546296301,29.16666603088379,108.2,35.98,135.92964824120605,-26.793188806818183,-26.5,36.01704545454545,38.0,120.59802546296301,117.21070427621189,0,0,90.39425253456095,90.39425253456095,87.85528586744178
3006,2021-05-12T04:43:41,2021-05-12T05:13:11,178,79.6,90.4,10.800000000000011,12.955419805555556,119.95759079218095,29.5,122.92,40.87,135.97345132743362,-26.35000640449438,-26.10001,36.0,37.0,119.95759079218095,117.24313789288865,0,0,89.9142147135409,89.9142147135409,87.87959648550734
3010,2021-05-12T17:43:47,2021-05-12T18:12:07,171,39.6,67.6,27.999999999999993,32.81888883333333,117.21031726190479,28.33333396911621,91.81,30.53,135.81360946745565,-69.49883029239766,-69.39999,37.590643274853804,40.0,117.21031726190479,117.21982565192747,0,0,87.85499578085974,87.85499578085974,87.86212279480219
3011,2021-05-12T18:12:18,2021-05-12T18:39:58,167,68.0,92.4,24.400000000000006,29.174721430555557,119.56853045309653,27.66666603088379,125.59,41.76,135.91991341991343,-63.225147964071844,-41.89999,39.44011976047904,41.0,119.56853045309653,117.21982565192747,0,0,89.6225945281575,89.6225945281575,87.86212279480219
3013,2021-05-13T00:27:44,2021-05-13T01:51:08,626,21.6,97.6,76.0,89.5518233625,117.83134652960527,83.4000015258789,132.69,44.13,135.952868852459,-64.41358110223644,-42.20001,39.77156549520767,43.0,117.83134652960527,117.23362950286598,0,0,88.32048828158986,88.32048828158986,87.8724694715649
3014,2021-05-13T06:40:00,2021-05-13T07:10:00,181,33.6,63.6,30.0,34.99194363888889,116.63981212962965,30.0,86.52,28.77,136.0377358490566,-69.98397629834254,-69.89999,37.41436464088398,41.0,116.63981212962965,117.23362950286598,0,0,87.42737364690547,87.42737364690547,87.8724694715649
3015,2021-05-13T07:10:11,2021-05-13T07:40:11,181,64.0,91.2,27.200000000000003,32.60055623611111,119.85498616217319,30.0,124.04,41.25,136.00877192982458,-65.15138254143646,-42.39999,39.51657458563536,42.0,119.85498616217319,117.3055538580247,0,0,89.83730741095006,89.83730741095006,87.9263803734942
3017,2021-05-13T14:37:28,2021-05-13T15:01:08,143,39.2,62.8,23.599999999999994,27.545835555555556,116.71964218455747,23.66666603088379,85.32,28.37,135.85987261146497,-69.83427146853145,-69.5,36.32517482517483,39.0,116.71964218455747,117.23362950286598,0,0,87.4872102662638,87.4872102662638,87.8724694715649
3018,2021-05-13T15:01:19,2021-05-13T15:26:29,152,62.8,88.0,25.200000000000003,29.282224416666665,116.19930324074073,25.16666603088379,119.69,39.8,136.01136363636363,-69.81118947368422,-69.5,38.01315789473684,40.0,116.19930324074073,117.2011958861892,0,0,87.09719019992879,87.09719019992879,87.84815885349934
3020,2021-05-13T21:00:50,2021-05-13T21:30:30,179,73.6,96.8,23.200000000000003,27.803057430555555,119.84076478687737,29.66666603088379,131.67,43.78,136.02272727272725,-56.23073,-42.10001,35.53072625698324,37.0,119.84076478687737,117.2011958861892,0,0,89.82664777879651,89.82664777879651,87.84815885349934
3021,2021-05-14T00:20:52,2021-05-14T00:54:45,255,71.2,97.6,26.39999999999999,31.55062836805556,119.50995593960444,33.88333511352539,132.66,44.11,135.922131147541,-55.86275101960785,-42.0,35.417647058823526,37.0,119.50995593960444,117.2011958861892,0,0,89.57869000033156,89.57869000033156,87.84815885349934
3022,2021-05-14T20:10:42,2021-05-14T21:07:56,430,52.0,98.8,46.8,56.062864213888886,119.79244490147198,57.233333587646484,134.34,44.67,135.97165991902835,-58.72558462790698,-12.5,33.97790697674419,35.0,119.79244490147198,117.23362950286598,0,0,89.79042960766968,89.79042960766968,87.8724694715649
3023,2021-05-15T12:57:47,2021-05-15T13:25:57,170,30.0,54.4,24.4,28.174723027777777,115.47017634335154,28.16666603088379,73.83,24.55,135.71691176470586,-60.017060529411765,-60.0,36.44705882352941,39.0,115.47017634335154,117.2011958861892,0,0,86.55067311858087,86.55067311858087,87.84815885349934
3024,2021-05-15T13:26:08,2021-05-15T13:57:38,190,54.4,81.2,26.800000000000004,31.513195763888888,117.58655135779435,31.5,110.33,36.69,135.87438423645318,-60.025265684210524,-60.0,38.55263157894737,40.0,117.58655135779435,117.23362950286598,0,0,88.13700205538532,88.13700205538532,87.8724694715649
3025,2021-05-15T13:57:49,2021-05-15T14:22:09,147,81.6,97.6,16.0,20.095421861111106,125.59638663194441,24.33333396911621,132.66,44.11,135.922131147541,-49.56123727891158,-42.30002,39.0,40.0,125.59638663194441,117.3055538580247,0,0,94.14077425440956,94.14077425440956,87.9263803734942
3028,2021-05-15T19:34:13,2021-05-15T19:57:33,141,67.2,89.6,22.39999999999999,26.61097504166667,118.79899572172624,23.33333396911621,121.8,40.5,135.9375,-68.34256042553191,-42.30002,40.0,41.0,118.79899572172624,117.45975518479285,0,0,89.04578975399507,89.04578975399507,88.04196198123228
3029,2021-05-16T04:13:41,2021-05-16T05:30:26,577,23.2,95.2,72.0,83.8350069013889,116.43750958526236,76.75,129.4,43.03,135.92436974789916,-65.53172116117851,-42.20001,37.342287694974004,40.0,116.43750958526236,117.45975518479285,0,0,87.27573777049939,87.27573777049939,88.04196198123228
3034,2021-05-17T00:55:37,2021-05-17T01:12:27,102,30.4,47.2,16.800000000000004,19.651251180555562,116.9717332175926,16.83333396911621,64.12,21.32,135.84745762711864,-70.0441218627451,-69.80002,36.549019607843135,39.0,116.9717332175926,117.3055538580247,0,0,87.67616510540314,87.67616510540314,87.9263803734942
3035,2021-05-17T01:12:38,2021-05-17T01:41:58,177,47.6,76.8,29.199999999999996,34.19527961111112,117.10712195586,29.33333396911621,104.34,34.7,135.859375,-69.94520146892656,-69.70001,38.92655367231639,41.0,117.10712195586,117.23362950286598,0,0,87.77764573703286,87.77764573703286,87.8724694715649
3036,2021-05-17T01:42:09,2021-05-17T02:10:19,170,77.2,97.6,20.39999999999999,25.342363583333334,124.22727246732032,28.16666603088379,132.67,44.12,135.93237704918033,-53.995887588235306,-42.10001,40.0,41.0,124.22727246732032,117.3055538580247,0,0,93.11455470337984,93.11455470337984,87.9263803734942
3040,2021-05-17T23:49:33,2021-05-18T00:19:53,183,51.2,83.2,32.0,37.422085208333336,116.94401627604167,30.33333396911621,113.06,37.6,135.88942307692307,-74.02131513661202,-73.70001,40.939890710382514,43.0,116.94401627604167,117.3055538580247,0,0,87.65538987127785,87.65538987127785,87.9263803734942
3042,2021-05-18T05:41:47,2021-05-18T06:10:47,175,12.0,31.2,19.2,22.27264183333333,116.00334288194443,29.0,42.23,14.04,135.3525641025641,-46.081720399999995,-45.70001,36.5,38.0,116.00334288194443,117.23362950286598,0,0,86.95030810885147,86.95030810885147,87.8724694715649
3043,2021-05-18T06:10:58,2021-05-18T06:42:08,188,31.2,51.6,20.400000000000002,23.479168291666664,115.09396221405227,31.16666603088379,70.03,23.28,135.7170542635659,-45.20000313829787,-44.5,37.465425531914896,40.0,115.09396221405227,117.2011958861892,0,0,86.26868181001345,86.26868181001345,87.84815885349934
3044,2021-05-18T06:42:19,2021-05-18T07:12:59,185,51.6,70.8,19.199999999999996,22.193891333333337,115.59318402777782,30.66666603088379,96.16,31.98,135.819209039548,-43.423248,-42.39999,38.61081081081081,41.0,115.59318402777782,117.14959823316681,0,0,86.64287353104231,86.64287353104231,87.8094838315859
3045,2021-05-18T07:13:10,2021-05-18T07:40:00,162,70.8,86.0,15.200000000000003,18.66125280555556,122.77140003654971,26.83333396911621,116.96,38.89,136.0,-41.72716672839506,-41.0,38.5,40.0,122.77140003654971,117.2011958861892,0,0,92.02330549212635,92.02330549212635,87.84815885349934
3046,2021-05-18T07:40:11,2021-05-18T08:01:31,129,86.4,97.6,11.199999999999989,14.385140513888889,128.43875458829376,21.33333396911621,132.75,44.14,136.01434426229508,-40.458144031007755,-39.89999,38.5,40.0,128.43875458829376,117.23362950286598,0,0,96.27127121616368,96.27127121616368,87.8724694715649
3048,2021-05-18T17:22:29,2021-05-18T17:52:27,183,40.8,71.2,30.400000000000006,34.99655851666666,115.12025827850873,29.96666717529297,96.81,32.19,135.9691011235955,-70.07104420765029,-69.89999,37.887978142076506,40.0,115.12025827850873,117.23362950286598,0,0,86.28839202568255,86.28839202568255,87.8724694715649
3049,2021-05-18T17:52:38,2021-05-18T18:19:08,160,71.2,93.6,22.39999999999999,26.751112597222228,119.42460980902784,26.5,127.32,42.34,136.02564102564102,-60.54125331250001,-42.30002,39.46875,41.0,119.42460980902784,117.3055538580247,0,0,89.51471880635411,89.51471880635411,87.9263803734942
3050,2021-05-18T21:54:55,2021-05-18T22:37:19,319,64.0,96.0,32.0,38.03466945777778,118.85834205555557,42.400001525878906,130.54,43.41,135.97916666666666,-53.83041146708463,-42.30002,38.89498432601881,40.0,118.85834205555557,117.3055538580247,0,0,89.0902727997711,89.0902727997711,87.9263803734942
3051,2021-05-19T04:21:31,2021-05-19T04:43:31,133,14.4,36.8,22.4,25.651945694444446,114.5176147073413,22.0,49.84,16.57,135.43478260869566,-69.95940180451127,-69.70001,36.590225563909776,39.0,114.5176147073413,117.3055538580247,0,0,85.83668052417734,85.83668052417734,87.9263803734942
3052,2021-05-19T04:43:42,2021-05-19T05:11:42,169,36.8,65.2,28.400000000000006,32.64791779166667,114.95745701291081,28.0,88.50999,29.43,135.75151840490798,-69.95976568047338,-69.70001,39.023668639053255,42.0,114.95745701291081,117.23362950286598,0,0,86.16636433361288,86.16636433361288,87.8724694715649
3053,2021-05-19T05:11:53,2021-05-19T05:43:53,193,65.6,93.6,28.0,33.345141472222224,119.08979097222222,32.0,127.25,42.32,135.9508547008547,-62.48912404145077,-42.10001,40.670984455958546,43.0,119.08979097222222,117.23362950286598,0,0,89.26375534015017,89.26375534015017,87.8724694715649
3056,2021-05-19T14:38:29,2021-05-19T14:58:49,123,25.6,46.0,20.4,23.77500352777778,116.54413494008716,20.33333396911621,62.56,20.8,136.0,-70.15529495934962,-70.0,40.760162601626014,43.0,116.54413494008716,117.23362950286598,0,0,87.3556588074618,87.3556588074618,87.8724694715649
3061,2021-05-19T23:50:34,2021-05-20T00:17:54,165,14.4,41.6,27.200000000000003,31.877221694444444,117.19566799428104,27.33333396911621,56.47,18.78,135.7451923076923,-69.9745443030303,-69.80002,38.5,41.0,117.19566799428104,117.23362950286598,0,0,87.84401542200274,87.84401542200274,87.8724694715649
3062,2021-05-20T00:18:05,2021-05-20T00:48:25,183,42.0,72.8,30.799999999999997,35.3333323888889,114.71861165223669,30.33333396911621,98.99,32.92,135.97527472527472,-69.89016213114755,-69.80002,41.52732240437158,44.0,114.71861165223669,117.23362950286598,0,0,85.98733778847169,85.98733778847169,87.8724694715649
3063,2021-05-20T00:48:36,2021-05-20T01:05:56,105,72.8,89.6,16.799999999999997,19.77194454166667,117.69014608134924,17.33333396911621,121.78,40.5,135.91517857142858,-68.3247621904762,-42.20001,42.54761904761905,44.0,117.69014608134924,117.23362950286598,0,0,88.21465148261534,88.21465148261534,87.8724694715649
3065,2021-05-20T11:38:11,2021-05-20T12:09:01,186,37.6,55.6,18.0,20.606949583333336,114.48305324074076,30.83333396911621,75.48,25.1,135.75539568345323,-40.10001,-40.10001,35.63172043010753,37.0,114.48305324074076,117.20299262809291,0,0,85.81077497615647,85.81077497615647,87.84950560143125
3066,2021-05-20T12:09:12,2021-05-20T12:42:42,202,55.6,74.8,19.199999999999996,22.400144472222223,116.66741912615744,33.5,101.65,33.8,135.8957219251337,-40.11981198019802,-40.10001,37.16831683168317,38.0,116.66741912615744,117.15139497507052,0,0,87.44806647173634,87.44806647173634,87.8108305795178
3067,2021-05-20T12:42:53,2021-05-20T13:10:33,167,74.8,90.4,15.600000000000009,18.513476833333335,118.6761335470085,27.66666603088379,122.88,40.86,135.929203539823,-40.1497105988024,-40.10001,37.5,38.0,118.6761335470085,117.20299262809291,0,0,88.95369840833874,88.95369840833874,87.84950560143125
3070,2021-05-22T13:18:23,2021-05-22T13:46:43,171,55.6,71.6,15.999999999999993,18.862914069444443,117.89321293402783,28.33333396911621,97.29,32.35,135.87988826815644,-39.94502374269006,-39.89999,36.64327485380117,38.0,117.89321293402783,117.20299262809291,0,0,88.36686024633231,88.36686024633231,87.84950560143125
3071,2021-05-22T13:46:54,2021-05-22T14:16:54,181,71.6,88.4,16.80000000000001,19.96680223611111,118.85001331018509,30.0,120.24,39.99,136.0180995475113,-39.9336950276243,-39.89999,37.0,38.0,118.85001331018509,117.20299262809291,0,0,89.08402998850264,89.08402998850264,87.84950560143125
3076,2021-05-22T23:59:03,2021-05-23T01:03:57,488,24.0,88.8,64.8,75.64711160444445,116.73936975994513,64.9000015258789,120.71999,40.14,135.9459346846847,-69.86413979918032,0.0,39.125,42.0,116.73936975994513,117.15139497507052,0,0,87.50199707081256,87.50199707081256,87.8108305795178
3077,2021-05-23T04:36:25,2021-05-23T05:02:05,155,54.0,79.2,25.200000000000003,29.940277805555557,118.81062621252205,25.66666603088379,107.68,35.81,135.95959595959596,-69.99032264516129,-69.80002,39.39677419354839,41.0,118.81062621252205,117.15139497507052,0,0,89.05450738861687,89.05450738861687,87.8108305795178
3078,2021-05-23T05:02:16,2021-05-23T05:27:46,154,79.6,97.6,18.0,22.186945069444445,123.26080594135803,25.5,132.74,44.14,136.00409836065575,-52.22987162337663,-42.20001,40.103896103896105,42.0,123.26080594135803,117.15139497507052,0,0,92.39013969841888,92.39013969841888,87.8108305795178
3080,2021-05-23T13:54:04,2021-05-23T14:12:34,112,32.8,48.8,16.0,18.59208901388889,116.20055633680558,18.5,66.24,22.03,135.7377049180328,-60.29823267857144,-60.20001,40.955357142857146,42.0,116.20055633680558,117.15139497507052,0,0,87.09812945811068,87.09812945811068,87.8108305795178
3082,2021-05-23T15:25:17,2021-05-23T15:55:47,184,61.6,87.6,25.999999999999993,30.643203125000007,117.85847355769235,30.5,119.14,39.62,136.00456621004568,-60.28153880434784,-60.20001,42.0,43.0,117.85847355769235,117.20299262809291,0,0,88.34082134606585,88.34082134606585,87.84950560143125
3085,2021-05-24T00:12:20,2021-05-24T00:41:10,174,47.6,76.4,28.800000000000004,33.627498861111114,116.76214882330247,28.83333396911621,103.86,34.53,135.94240837696336,-69.97643442528735,-69.89999,39.05747126436781,41.0,116.76214882330247,117.20299262809291,0,0,87.51907111823348,87.51907111823348,87.84950560143125
3088,2021-05-24T05:58:14,2021-05-24T06:28:04,180,26.4,56.4,30.0,34.78402573611112,115.94675245370374,29.83333396911621,76.59,25.47,135.79787234042556,-69.95666255555555,-69.80002,39.09444444444444,42.0,115.94675245370374,117.20299262809291,0,0,86.90789075216763,86.90789075216763,87.84950560143125
3089,2021-05-24T06:28:15,2021-05-24T06:58:05,180,56.4,86.0,29.6,34.76305330555556,117.4427476539039,29.83333396911621,117.0,38.91,136.04651162790697,-69.9144398888889,-69.80002,41.452777777777776,44.0,117.4427476539039,117.32653245790434,0,0,88.02921398609499,88.02921398609499,87.94210488347736
3090,2021-05-24T06:58:16,2021-05-24T07:16:56,113,86.4,97.6,11.199999999999989,14.589862888888888,130.26663293650805,18.66666603088379,132.69,44.13,135.952868852459,-46.97699699115044,-42.20001,41.690265486725664,44.0,130.26663293650805,117.51464950584912,0,0,97.64135747069926,97.64135747069926,88.08310802074016
3092,2021-05-27T09:00:49,2021-05-27T09:30:39,180,34.8,64.8,30.0,34.79666577777778,115.98888592592594,29.83333396911621,87.98,29.25,135.7716049382716,-69.98222044444445,-69.89999,34.138888888888886,36.0,115.98888592592594,117.32653245790434,0,0,86.93947189716226,86.93947189716226,87.94210488347736
3093,2021-05-27T09:30:50,2021-05-27T09:59:00,170,65.2,91.2,26.0,30.804165013888888,118.47755774572649,28.16666603088379,124.03,41.25,135.99780701754386,-65.56234947058823,-42.20001,36.65,38.0,118.47755774572649,117.32653245790434,0,0,88.80485591229098,88.80485591229098,87.94210488347736
3095,2021-05-27T17:11:26,2021-05-27T17:49:51,290,59.600002,94.0,34.399998,40.92757253027778,118.9755084586859,38.41666793823242,127.799995,42.5,135.9574414893617,-63.83034960689655,-42.399994,38.88448275862069,40.0,118.9755084586859,117.51464950584912,0,0,89.17809487971371,89.17809487971371,88.08310802074016
3096,2021-05-28T18:36:55,2021-05-28T19:49:38,546,9.2,82.4,73.2,84.77216813888889,115.80897286733455,72.71666717529297,112.03,37.25,135.95873786407765,-69.94707082417582,-69.70001,40.29578754578755,44.0,115.80897286733455,117.31920782409247,0,0,86.80461806029268,86.80461806029268,87.93661470404886
3097,2021-05-29T00:39:49,2021-05-29T01:04:59,152,34.8,51.2,16.400000000000006,18.93389075,115.45055335365849,25.16666603088379,69.53,23.12,135.80078125,-45.13947809210527,-44.39999,38.11513157894737,40.0,115.45055335365849,117.15139497507052,0,0,86.53596470624173,86.53596470624173,87.8108305795178
3098,2021-05-29T01:05:10,2021-05-29T01:34:00,174,51.2,69.2,18.0,20.897085625,116.09492013888888,28.83333396911621,93.99,31.25,135.8236994219653,-43.48506218390805,-42.5,39.35919540229885,41.0,116.09492013888888,117.15139497507052,0,0,87.01894984372963,87.01894984372963,87.8108305795178
3100,2021-05-29T11:14:02,2021-05-29T12:13:40,448,38.4,94.0,55.6,65.4319338375,117.6833342401079,59.63333511352539,127.84,42.51,136.0,-65.81004796875001,-42.10001,35.838169642857146,38.0,117.6833342401079,117.15139497507052,0,0,88.20954566686892,88.20954566686892,87.8108305795178
3101,2021-05-31T07:36:32,2021-05-31T09:02:52,648,12.0,94.4,82.4,96.1577017638889,116.69624000471953,86.33333587646484,128.37,42.69,135.98516949152543,-66.81404828703705,-42.0,35.479166666666664,39.0,116.69624000471953,117.15139497507052,0,0,87.46966916187168,87.46966916187168,87.8108305795178
3102,2021-06-01T10:04:43,2021-06-01T11:44:15,747,6.8,99.6,92.8,108.06652507500002,116.45099684806037,99.53333282470703,135.39,45.02,135.93373493975903,-65.13280460508703,-41.39999,33.163319946452475,37.0,116.45099684806037,117.15139497507052,0,0,87.28584714861468,87.28584714861468,87.8108305795178
3103,2021-06-01T23:13:44,2021-06-02T00:19:55,497,33.6,95.6,61.99999999999999,71.93940519027777,116.03129869399642,66.18333435058594,130.01,43.24,135.99372384937237,-65.19557561368211,-41.5,30.6317907444668,33.0,116.03129869399642,117.0394275867263,0,0,86.97126238836587,86.97126238836587,87.72690542121799
3105,2021-06-02T15:01:01,2021-06-02T15:29:51,174,21.6,40.8,19.199999999999996,21.679310458333337,112.9130753038195,28.83333396911621,55.39,18.42,135.75980392156865,-45.112653850574716,-44.60001,33.089080459770116,35.0,112.9130753038195,116.95787474681714,0,0,84.6339979803562,84.6339979803562,87.6657774883405
3106,2021-06-02T15:30:02,2021-06-02T16:02:02,193,40.8,61.6,20.800000000000004,23.424309722222226,112.6168736645299,32.0,83.68999,27.83,135.86037337662336,-43.91969689119172,-42.89999,35.55440414507772,37.0,112.6168736645299,116.85308254967207,0,0,84.41198003536657,84.41198003536657,87.58723049475566
3107,2021-06-02T16:02:13,2021-06-02T16:28:03,156,62.0,77.6,15.599999999999994,18.152225097222225,116.3604172898861,25.83333396911621,105.53,35.09,135.99226804123714,-42.16026301282052,-41.5,36.96153846153846,38.0,116.3604172898861,116.85308254967207,0,0,87.21795323887078,87.21795323887078,87.58723049475566
3108,2021-06-02T16:28:14,2021-06-02T16:46:14,109,77.6,88.0,10.400000000000006,12.286113250000003,118.13570432692305,18.0,119.62,39.78,135.9318181818182,-40.954135504587164,-40.5,37.46788990825688,38.0,118.13570432692305,116.85308254967207,0,0,88.54861967500189,88.54861967500189,87.58723049475566
3109,2021-06-03T03:07:11,2021-06-03T04:25:27,588,24.4,97.6,73.19999999999999,84.8956778177778,115.97770193685493,78.26667022705078,132.73999,44.14,136.0040881147541,-65.06650513605443,-41.899994,31.908163265306122,35.0,115.97770193685493,116.75075929162381,0,0,86.9310889379177,86.9310889379177,87.51053409452302
3111,2021-06-03T19:54:45,2021-06-03T20:37:35,322,57.6,97.6,39.99999999999999,47.04010756805556,117.60026892013893,42.83333206176758,132.53,44.07,135.7889344262295,-65.87734366459628,-43.20001,36.93944099378882,38.0,117.60026892013893,116.75075929162381,0,0,88.14728405453063,88.14728405453063,87.51053409452302
3114,2021-06-04T07:06:16,2021-06-04T07:36:06,180,54.0,84.0,30.0,34.83333593055555,116.1111197685185,29.83333396911621,114.15,37.96,135.89285714285717,-70.05611633333334,-69.89999,34.76111111111111,37.0,116.1111197685185,116.75075929162381,0,0,87.03109227646088,87.03109227646088,87.51053409452302
3115,2021-06-04T07:36:17,2021-06-04T07:56:17,121,84.4,97.6,13.199999999999989,16.433612763888892,124.49706639309777,20.0,132.53,44.07,135.7889344262295,-49.35455041322314,-41.39999,35.789256198347104,37.0,124.49706639309777,116.75075929162381,0,0,93.31677874614832,93.31677874614832,87.51053409452302
3117,2021-06-04T17:15:50,2021-06-04T17:44:50,175,37.2,66.8,29.599999999999994,33.4911203888889,113.14567698948956,29.0,90.71,30.17,135.7934131736527,-69.29201919999998,-69.20001,32.434285714285714,35.0,113.14567698948956,116.71780488233233,0,0,84.80834457876615,84.80834457876615,87.48583311634212
3119,2021-06-05T11:28:45,2021-06-05T12:38:45,526,28.0,95.6,67.6,77.36200166666667,114.44083086785011,70.0,129.8,43.17,135.77405857740587,-66.29068583650191,-41.600006,31.076045627376427,34.0,114.44083086785011,116.68182956543848,0,0,85.77912719566392,85.77912719566392,87.458867816804
3120,2021-06-05T19:53:44,2021-06-05T20:13:14,118,36.0,50.0,14.0,15.93111183333334,113.79365595238099,19.5,67.79,22.54,135.58,-49.026273474576264,-24.89999,33.58050847457627,35.0,113.79365595238099,116.60577703312231,0,0,85.29403722409623,85.29403722409623,87.40186263959907
3121,2021-06-05T20:13:25,2021-06-05T20:40:13,162,50.0,68.4,18.400000000000006,20.99928512777778,114.12654960748792,26.799999237060547,92.87,30.89,135.7748538011696,-47.033967098765444,-24.89999,34.71296296296296,36.0,114.12654960748792,116.60577703312231,0,0,85.54355767031721,85.54355767031721,87.40186263959907
3122,2021-06-05T20:40:24,2021-06-05T20:58:34,110,68.8,81.2,12.400000000000006,14.473616305555561,116.72271214157705,18.16666603088379,110.33,36.69,135.87438423645318,-47.82092627272726,-24.89999,35.0,36.0,116.72271214157705,116.68182956543848,0,0,87.48951135261271,87.48951135261271,87.458867816804
3123,2021-06-05T20:58:45,2021-06-05T21:24:25,155,81.2,97.6,16.39999999999999,19.675700930555557,119.97378616192418,25.66666603088379,132.62,44.1,135.88114754098362,-45.9935635483871,-24.89999,35.0,36.0,119.97378616192418,116.7094760731483,0,0,89.92635395327422,89.92635395327422,87.4795902572422
3124,2021-06-06T19:20:34,2021-06-06T19:43:44,140,34.8,52.0,17.200000000000003,19.383476152777778,112.69462879521961,23.16666603088379,70.5,23.44,135.57692307692307,-50.20215307142858,-50.20001,36.02857142857143,38.0,112.69462879521961,116.68182956543848,0,0,84.47026139521836,84.47026139521836,87.458867816804
3125,2021-06-06T19:43:55,2021-06-06T20:13:05,176,52.0,73.6,21.599999999999994,24.40278263888889,112.97584555041156,29.16666603088379,99.9,33.22,135.73369565217394,-50.20001000000001,-50.20001,37.17045454545455,39.0,112.97584555041156,116.60577703312231,0,0,84.68104742001591,84.68104742001591,87.40186263959907
3126,2021-06-06T20:13:16,2021-06-06T20:45:16,193,73.6,95.6,22.0,26.169726819444453,118.95330372474751,32.0,129.8,43.17,135.77405857740587,-49.05285834196892,-42.0,37.968911917098445,39.0,118.95330372474751,116.68182956543848,0,0,89.1614513209209,89.1614513209209,87.458867816804
3129,2021-06-07T12:20:31,2021-06-07T12:50:31,181,35.6,66.4,30.800000000000004,34.953606916666665,113.48573674242422,30.0,90.18,29.99,135.8132530120482,-69.90717392265194,-69.80002,35.83701657458563,38.0,113.48573674242422,116.60577703312231,0,0,85.06323637376538,85.06323637376538,87.40186263959907
3132,2021-06-07T20:56:36,2021-06-07T21:23:36,163,26.0,49.6,23.6,27.09944466666667,114.82815536723164,27.0,67.38,22.41,135.84677419354838,-60.21963239263803,-59.89999,37.69631901840491,40.0,114.82815536723164,116.49756589407377,0,0,86.06944628236131,86.06944628236131,87.32075297803823
3133,2021-06-07T21:23:47,2021-06-07T21:49:57,158,49.6,72.8,23.199999999999996,26.262918499999998,113.20223491379312,26.16666603088379,98.85,32.87,135.78296703296704,-60.22025740506329,-59.80002,39.79113924050633,42.0,113.20223491379312,116.49756589407377,0,0,84.85073757212321,84.85073757212321,87.32075297803823
3134,2021-06-07T21:50:08,2021-06-07T22:21:48,191,72.8,97.2,24.400000000000006,29.227920083333334,119.78655771857922,31.66666603088379,132.02,43.9,135.82304526748973,-55.35759806282723,-41.70001,41.0,42.0,119.78655771857922,116.60577703312231,0,0,89.78601686960799,89.78601686960799,87.40186263959907
3136,2021-06-08T05:20:22,2021-06-08T05:39:52,118,13.6,20.0,6.4,7.377919958333335,115.27999934895836,19.5,26.94,8.96,134.7,-22.70170508474576,-22.70001,34.5,36.0,115.27999934895836,116.49756589407377,0,0,86.40812594841414,86.40812594841414,87.32075297803823
3137,2021-06-08T05:40:03,2021-06-08T06:07:43,167,20.0,29.2,9.2,10.467226833333335,113.77420471014494,27.66666603088379,39.44,13.11,135.06849315068493,-22.700009999999995,-22.70001,34.5,36.0,113.77420471014494,116.40570706897324,0,0,85.2794575450671,85.2794575450671,87.25190019374273
3138,2021-06-08T06:07:54,2021-06-08T06:37:14,177,29.2,38.8,9.599999999999998,11.097782666666664,115.60190277777778,29.33333396911621,52.46,17.44,135.20618556701032,-22.700009999999995,-22.70001,34.68926553672316,36.0,115.60190277777778,116.28048681334585,0,0,86.64940867028905,86.64940867028905,87.15804134849073
3139,2021-06-08T06:37:25,2021-06-08T07:08:25,187,38.8,49.2,10.400000000000006,11.7283385,112.77248557692302,31.0,66.64,22.16,135.4471544715447,-22.70001,-22.70001,35.23529411764706,37.0,112.77248557692302,116.28048681334585,0,0,84.52861894758964,84.52861894758964,87.15804134849073
3140,2021-06-08T07:08:36,2021-06-08T07:37:26,174,49.2,59.2,10.0,10.908615916666667,109.08615916666666,28.83333396911621,80.21,26.67,135.48986486486484,-22.700009999999995,-22.70001,35.839080459770116,37.0,109.08615916666666,116.15583805266203,0,0,81.76553290887276,81.76553290887276,87.06461086728578
3141,2021-06-08T07:37:37,2021-06-08T08:04:57,165,59.2,68.4,9.200000000000003,10.341115666666667,112.40343115942026,27.33333396911621,92.73,30.84,135.5701754385965,-22.700009999999995,-22.70001,36.0,37.0,112.40343115942026,116.15583805266203,0,0,84.25199420115061,84.25199420115061,87.06461086728578
3142,2021-06-08T08:05:08,2021-06-08T08:36:18,188,68.4,78.4,10.0,11.791394083333333,117.91394083333333,31.16666603088379,106.29,35.35,135.57397959183675,-22.700009999999995,-22.70001,36.0,37.0,117.91394083333333,116.15583805266203,0,0,88.38239684369483,88.38239684369483,87.06461086728578
3143,2021-06-08T08:36:29,2021-06-08T09:08:29,193,78.4,88.4,10.0,12.106671999999998,121.06671999999998,32.0,119.89,39.87,135.62217194570135,-22.700009999999995,-22.70001,35.994818652849744,37.0,121.06671999999998,116.15583805266203,0,0,90.7455625347027,90.7455625347027,87.06461086728578
3144,2021-06-08T09:08:40,2021-06-08T09:35:20,161,88.4,96.4,8.0,9.971115555555555,124.63894444444443,26.66666603088379,130.82,43.5,135.70539419087135,-22.431687018633536,-21.10001,35.88819875776397,37.0,124.63894444444443,116.15583805266203,0,0,93.42312344253375,93.42312344253375,87.06461086728578
3146,2021-06-10T08:46:49,2021-06-10T09:04:09,105,19.2,36.8,17.599999999999998,20.235001569444446,114.97159982638891,17.33333396911621,49.85,16.58,135.46195652173913,-70.04476733333334,-69.80002,30.16190476190476,32.0,114.97159982638891,116.1030199537037,0,0,86.1769650797543,86.1769650797543,87.02502106009526
3147,2021-06-10T09:04:20,2021-06-10T09:32:00,167,37.2,65.6,28.39999999999999,32.255834500000006,113.57688204225357,27.66666603088379,89.11,29.64,135.83841463414635,-69.9526971257485,-69.70001,33.044910179640716,35.0,113.57688204225357,116.06310941644264,0,0,85.13155433517878,85.13155433517878,86.99510611604775
3148,2021-06-10T09:32:11,2021-06-10T10:00:01,168,65.6,92.4,26.80000000000001,31.400834500000002,117.16729291044771,27.83333396911621,125.42,41.71,135.73593073593074,-67.62024065476191,-41.5,35.410714285714285,37.0,117.16729291044771,116.06310941644264,0,0,87.82274687731577,87.82274687731577,86.99510611604775
3151,2021-06-11T07:34:21,2021-06-11T08:02:11,168,44.4,68.4,24.000000000000007,27.264864194444446,113.60360081018516,27.83333396911621,92.78,30.85,135.64327485380116,-58.77441136904763,-56.89999,30.74404761904762,33.0,113.60360081018516,116.01009230996118,0,0,85.15158138824658,85.15158138824658,86.95536714276406
3152,2021-06-11T08:02:22,2021-06-11T08:27:52,154,68.4,88.8,20.39999999999999,23.7051415,116.20167401960789,25.5,120.57,40.1,135.77702702702703,-55.77598019480519,-54.30002,32.37012987012987,33.0,116.20167401960789,116.01009230996118,0,0,87.09896721727877,87.09896721727877,86.95536714276406
3155,2021-06-11T20:16:06,2021-06-11T21:37:01,609,34.0,97.6,63.599999999999994,74.15820347611111,116.60094886180994,80.91666412353516,132.39,44.03,135.64549180327867,-54.9694648407225,-35.200012,36.14778325123153,38.0,116.60094886180994,116.01009230996118,0,0,87.39824368368984,87.39824368368984,86.95536714276406
3157,2021-06-13T10:22:20,2021-06-13T10:43:00,125,81.6,97.6,16.0,19.15667123611112,119.7291952256945,20.66666603088379,132.41,44.03,135.66598360655738,-55.62081328,-42.0,31.528,32.0,119.7291952256945,116.01009230996118,0,0,89.74302081185391,89.74302081185391,86.95536714276406
3159,2021-06-16T08:30:06,2021-06-16T09:01:16,188,46.4,78.8,32.4,36.76111961111112,113.46024571330592,31.16666603088379,106.96,35.57,135.73604060913706,-70.77022914893618,-70.70001,35.18882978723404,37.0,113.46024571330592,116.01009230996118,0,0,85.044129572351,85.044129572351,86.95536714276406
3160,2021-06-16T09:01:27,2021-06-16T09:24:37,140,79.2,97.6,18.39999999999999,22.51625347222222,122.37094278381647,23.16666603088379,132.5,44.07,135.7581967213115,-58.303580428571436,-42.5,37.14642857142857,38.0,122.37094278381647,116.01009230996118,0,0,91.72314274987666,91.72314274987666,86.95536714276406
3161,2021-06-16T22:29:03,2021-06-16T22:49:23,123,42.4,60.4,18.0,20.52139075,114.00772638888888,20.33333396911621,81.83,27.21,135.48013245033113,-60.55447699186992,-60.39999,32.90650406504065,35.0,114.00772638888888,115.98329393139043,0,0,85.45449372430502,85.45449372430502,86.93528041753999
3162,2021-06-16T22:49:34,2021-06-16T23:20:34,187,60.4,87.6,27.199999999999996,31.305559972222223,115.09397048611113,31.0,118.89,39.53,135.7191780821918,-60.59145240641711,-60.5,34.70320855614973,36.0,115.09397048611113,115.89333740209474,0,0,86.26868801033535,86.26868801033535,86.8678534991052
3165,2021-06-17T09:45:36,2021-06-17T10:19:16,203,63.2,92.8,29.599999999999994,34.1187538888889,115.26606043543549,33.66666793823242,125.93,41.88,135.70043103448276,-60.80542561576355,-60.60001,33.01477832512315,34.0,115.26606043543549,115.70543782255616,0,0,86.39767803548848,86.39767803548848,86.72701336529087
3167,2021-06-17T20:15:53,2021-06-17T20:37:43,132,25.2,47.2,22.000000000000004,25.429304652777777,115.58774842171715,21.83333396911621,64.06,21.3,135.72033898305085,-69.88181575757575,-69.70001,37.64393939393939,40.0,115.58774842171715,115.59482559974747,0,0,86.63879927240467,86.63879927240467,86.64410397134685
3168,2021-06-17T20:37:54,2021-06-17T21:09:24,190,47.2,79.6,32.39999999999999,36.70735690277778,113.29431142832652,31.5,108.1,35.95,135.80402010050253,-69.91841310526317,-69.80002,40.694736842105264,43.0,113.29431142832652,115.51915088768783,0,0,84.91975352553773,84.91975352553773,86.5873819893232
3171,2021-06-18T14:31:50,2021-06-18T15:01:50,181,50.0,80.8,30.799999999999997,34.96513540277778,113.52316689213566,30.0,109.46,36.4,135.47029702970298,-69.93037977900553,-69.89999,39.37845303867403,41.0,113.52316689213566,115.43387388533776,0,0,85.09129214327265,85.09129214327265,86.52346261040941
3173,2021-06-19T07:35:32,2021-06-19T08:56:55,611,18.8,97.6,78.8,90.56914353611113,114.93546134024255,81.38333129882812,132.32,44.0,135.5737704918033,-66.7525402618658,-41.5,37.4468085106383,41.0,114.93546134024255,115.27302989219692,0,0,86.14987747669952,86.14987747669952,86.40290199195131
3174,2021-06-20T13:12:26,2021-06-20T13:58:48,349,55.600002,97.6,41.99999799999999,49.58078092222222,118.04948400764741,46.36666488647461,132.34,44.01,135.59426229508196,-64.13983217191976,-41.700012,37.03724928366762,39.0,118.04948400764741,115.27302989219692,0,0,88.48399323286661,88.48399323286661,86.40290199195131
3175,2021-06-20T20:53:43,2021-06-20T21:52:31,442,58.8,97.6,38.8,45.30322813111112,116.76089724513176,58.79999923706055,132.25,43.98,135.50204918032787,-46.21358066968326,-32.80002,38.76696832579186,40.0,116.76089724513176,115.27302989219692,0,0,87.51813299778917,87.51813299778917,86.40290199195131
3176,2021-06-21T09:43:20,2021-06-21T10:43:31,452,40.8,97.6,56.8,66.22211482222222,116.58823032081378,60.18333435058594,132.25,43.98,135.50204918032787,-66.0022160840708,-41.5,36.25553097345133,38.0,116.58823032081378,115.27302989219692,0,0,87.38871050101737,87.38871050101737,86.40290199195131
3177,2021-06-21T23:30:50,2021-06-22T00:47:02,572,24.4,97.6,73.19999999999999,84.66001849861111,115.6557629762447,76.19999694824219,132.27,43.99,135.52254098360658,-66.64598265734267,-41.5,35.29895104895105,39.0,115.6557629762447,115.27302989219692,0,0,86.68977958318825,86.68977958318825,86.40290199195131
3179,2021-06-22T16:09:01,2021-06-22T16:38:41,179,47.6,77.6,29.999999999999993,34.360694125,114.53564708333336,29.66666603088379,105.27,35.01,135.65721649484536,-69.49385413407822,-69.39999,32.212290502793294,34.0,114.53564708333336,115.27302989219692,0,0,85.8501966919833,85.8501966919833,86.40290199195131
3181,2021-06-23T03:25:09,2021-06-23T03:46:49,131,21.6,43.2,21.6,25.278889,117.0318935185185,21.66666603088379,58.38,19.41,135.13888888888889,-70.00305374045801,-69.89999,31.50381679389313,34.0,117.0318935185185,115.43387388533776,0,0,87.72125826023361,87.72125826023361,86.52346261040941
3182,2021-06-23T03:47:00,2021-06-23T04:15:20,171,43.6,72.8,29.199999999999996,33.02374693055556,113.09502373477932,28.33333396911621,98.71,32.82,135.59065934065933,-69.93274204678362,-69.80002,34.45614035087719,37.0,113.09502373477932,115.27302989219692,0,0,84.77037743062755,84.77037743062755,86.40290199195131
3183,2021-06-23T04:15:31,2021-06-23T04:38:41,140,72.8,94.8,22.0,25.707498694444446,116.8522667929293,23.16666603088379,128.57,42.76,135.6223628691983,-66.50356807142855,-41.70001,36.18571428571428,38.0,116.8522667929293,115.27302989219692,0,0,87.58661904427188,87.58661904427188,86.40290199195131
3184,2021-06-23T23:21:23,2021-06-23T23:45:53,148,17.6,35.6,18.0,20.49292075,113.84955972222222,24.5,48.07,15.98,135.02808988764045,-50.1864964864865,-50.10001,29.554054054054053,31.0,113.84955972222222,115.18001546077332,0,0,85.33593989596223,85.33593989596223,86.33318302291192
3185,2021-06-23T23:46:04,2021-06-24T00:19:14,200,35.6,60.0,24.4,27.703755527777783,113.53998167122043,33.16666793823242,81.23,27.01,135.38333333333335,-50.11751,-50.10001,31.3475,34.0,113.53998167122043,115.03278515625001,0,0,85.10389566129102,85.10389566129102,86.22282654504482
3186,2021-06-24T00:19:25,2021-06-24T00:44:25,151,60.4,78.4,18.000000000000007,20.881670833333335,116.00928240740737,25.0,106.26,35.34,135.53571428571428,-50.115904039735106,-50.10001,33.0,34.0,116.00928240740737,115.03278515625001,0,0,86.95476008028774,86.95476008028774,86.22282654504482
3187,2021-06-24T00:44:36,2021-06-24T01:12:36,169,78.8,97.6,18.799999999999997,22.740420513888893,120.9596835845154,28.0,132.32,44.0,135.5737704918033,-48.71361769230769,-42.0,33.62721893491124,35.0,120.9596835845154,115.03278515625001,0,0,90.66533338721406,90.66533338721406,86.22282654504482
3188,2021-06-24T05:50:57,2021-06-24T06:34:27,327,55.6,93.2,37.6,43.49214199166667,115.6705904033688,43.5,126.14,41.95,135.34334763948496,-59.988689296636075,-59.70001,32.0045871559633,34.0,115.6705904033688,115.18001546077332,0,0,86.70089348150249,86.70089348150249,86.33318302291192
3190,2021-06-24T18:39:48,2021-06-24T18:56:38,102,19.6,36.8,17.199999999999996,19.71111526388889,114.59950734819124,16.83333396911621,49.69,16.53,135.02717391304347,-70.2568775490196,-70.10001,30.681372549019606,32.0,114.59950734819124,115.18001546077332,0,0,85.89806315485718,85.89806315485718,86.33318302291192
3191,2021-06-24T18:56:49,2021-06-24T19:25:59,176,36.8,67.2,30.400000000000006,34.19819668055556,112.49406802814327,29.16666603088379,91.0,30.26,135.41666666666666,-70.35057278409091,-70.20001,33.50852272727273,36.0,112.49406802814327,115.18001546077332,0,0,84.31993106801752,84.31993106801752,86.33318302291192
3192,2021-06-24T19:26:10,2021-06-24T19:53:49,167,67.2,94.4,27.200000000000003,31.61030394722222,116.21435274714051,27.649999618530273,127.9,42.53,135.48728813559322,-68.520355748503,-41.89999,36.191616766467064,38.0,116.21435274714051,115.27302989219692,0,0,87.1084705577688,87.1084705577688,86.40290199195131
3195,2021-06-25T13:34:01,2021-06-25T13:53:57,121,50.0,62.8,12.799999999999997,14.80652875,115.67600585937502,19.933332443237305,84.96,28.25,135.28662420382165,-44.56777148760331,-43.89999,34.607438016528924,36.0,115.67600585937502,115.27302989219692,0,0,86.7049526366664,86.7049526366664,86.40290199195131
3197,2021-06-25T16:28:23,2021-06-25T16:53:13,150,70.0,85.2,15.200000000000003,17.5619465,115.5391217105263,24.83333396911621,115.39,38.37,135.43427230046947,-42.431338333333336,-41.70001,34.89666666666667,36.0,115.5391217105263,115.27302989219692,0,0,86.60235112000385,86.60235112000385,86.40290199195131
3199,2021-06-28T20:34:14,2021-06-28T20:55:04,126,47.6,68.8,21.199999999999996,24.200000333333332,114.15094496855347,20.83333396911621,93.17,30.99,135.421511627907,-69.41984230158731,0.0,32.76587301587302,34.0,114.15094496855347,115.27302989219692,0,0,85.56184321371948,85.56184321371948,86.40290199195131
3200,2021-06-28T20:55:15,2021-06-28T21:21:00,157,69.2,94.4,25.200000000000003,29.439098826388896,116.82182073963848,25.75,127.84,42.51,135.4237288135593,-68.39363426751592,0.0,34.81210191082803,36.0,116.82182073963848,115.40956052974232,0,0,87.56379820438428,87.56379820438428,86.50523853420898
3201,2021-06-29T06:17:03,2021-06-29T07:33:49,576,22.8,97.6,74.8,86.38090535138889,115.48249378527926,76.76667022705078,132.19,43.96,135.4405737704918,-67.497050625,-41.5,34.638020833333336,38.0,115.48249378527926,115.38124656711881,0,0,86.55990565743812,86.55990565743812,86.48401580292614
3204,2021-06-29T23:13:25,2021-06-29T23:32:55,118,37.6,57.6,20.0,22.75263915277778,113.76319576388889,19.5,78.00999,25.94,135.43401041666667,-70.00847542372881,-69.89999,34.398305084745765,36.0,113.76319576388889,115.38124656711881,0,0,85.2712057891682,85.2712057891682,86.48401580292614
3205,2021-06-29T23:33:06,2021-06-29T23:51:16,110,58.0,76.4,18.400000000000006,21.18944394444444,115.16002143719803,18.16666603088379,103.35,34.36,135.27486910994764,-69.98363472727273,-69.89999,36.61818181818182,38.0,115.16002143719803,115.38124656711881,0,0,86.3181965021185,86.3181965021185,86.48401580292614
3207,2021-06-30T04:13:35,2021-06-30T04:57:43,332,56.0,97.6,41.599999999999994,48.633670135555555,116.9078609027778,44.13333511352539,132.17,43.96,135.4200819672131,-66.0876553433735,-41.700012,36.51807228915663,39.0,116.9078609027778,115.51080774790279,0,0,87.62828961048379,87.62828961048379,86.58112838872098
3208,2021-06-30T13:58:34,2021-06-30T14:57:59,446,40.4,97.6,57.199999999999996,66.30822843611112,115.92347628690757,59.41666793823242,132.13,43.94,135.37909836065575,-66.93005112107625,-41.5,34.78139013452915,37.0,115.92347628690757,115.51080774790279,0,0,86.89044410085364,86.89044410085364,86.58112838872098
3209,2021-06-30T20:39:48,2021-06-30T21:22:56,324,57.2,97.6,40.39999999999999,47.26896168472223,117.00238040772831,43.13333511352539,132.17,43.96,135.4200819672131,-65.72654787037035,-41.5,36.129629629629626,38.0,117.00238040772831,115.56343506612173,0,0,87.69913670741708,87.69913670741708,86.62057519620426
3210,2021-07-01T15:07:33,2021-07-01T16:31:09,628,12.400001,95.6,83.19999899999999,96.60633956666668,116.11339029783724,83.5999984741211,129.3,43.0,135.2510460251046,-69.3133802579618,-41.700012,40.60828025477707,44.0,116.11339029783724,115.59482559974747,0,0,87.03279415175973,87.03279415175973,86.64410397134685
3211,2021-07-02T03:26:29,2021-07-02T04:35:09,516,42.0,97.6,55.599999999999994,64.82456154444445,116.59093802957636,68.66666412353516,132.01,43.899998,135.2561475409836,-56.63295096511629,-41.899994,36.99321705426357,39.0,116.59093802957636,115.62175569898093,0,0,87.39074006417759,87.39074006417759,86.66428942779646
3212,2021-07-02T16:07:03,2021-07-02T17:19:40,545,6.4,80.0,73.6,84.53755842638891,114.86081307933276,72.61666870117188,108.29,36.01,135.3625,-69.78550697247707,0.0,40.143119266055045,44.0,114.86081307933276,115.62175569898093,0,0,86.09392487115691,86.09392487115691,86.66428942779646
3215,2021-07-02T23:39:07,2021-07-03T00:01:07,133,41.6,64.4,22.800000000000004,26.14472493055556,114.66984618664718,22.0,87.11,28.96,135.2639751552795,-71.30301481203007,-71.0,38.78195488721804,41.0,114.66984618664718,115.62175569898093,0,0,85.95078563270843,85.95078563270843,86.66428942779646
3218,2021-07-03T03:57:19,2021-07-03T04:14:19,104,14.4,29.6,15.200000000000001,17.436501391666667,114.71382494517542,17.0,39.86,13.25,134.66216216216213,-61.544235673076926,-60.80002,39.5,41.0,114.71382494517542,115.62175569898093,0,0,85.98374991209275,85.98374991209275,86.66428942779646
3219,2021-07-03T04:14:30,2021-07-03T04:37:27,140,29.6,50.0,20.4,23.16902986527778,113.5736758101852,22.950000762939453,67.59,22.47,135.18,-60.57571978571429,-59.70001,40.082142857142856,42.0,113.5736758101852,115.56343506612173,0,0,85.12915110386416,85.12915110386416,86.62057519620426
3221,2021-07-03T04:53:09,2021-07-03T05:09:39,100,63.2,76.4,13.200000000000003,15.846112694444443,120.04630829124575,16.5,103.38,34.38,135.31413612565444,-57.623005799999994,-56.60001,43.075,45.0,120.04630829124575,115.56343506612173,0,0,89.98071291683992,89.98071291683992,86.62057519620426
3227,2021-07-03T19:23:25,2021-07-03T19:40:35,104,57.6,75.2,17.6,20.17194455555555,114.6133213383838,17.16666603088379,101.67,33.81,135.1994680851064,-70.50384653846154,-70.5,40.42788461538461,42.0,114.6133213383838,115.51080774790279,0,0,85.90841743149798,85.90841743149798,86.58112838872098
3228,2021-07-03T19:40:46,2021-07-03T19:58:26,107,75.2,92.8,17.599999999999994,20.767223111111115,117.99558585858593,17.66666603088379,125.51,41.74,135.24784482758622,-70.53084420560748,-70.5,41.3177570093458,43.0,117.99558585858593,115.56343506612173,0,0,88.44359387409845,88.44359387409845,86.62057519620426
3231,2021-07-04T16:54:41,2021-07-04T17:13:11,112,58.4,73.6,15.199999999999996,17.829307319444446,117.29807447002928,18.5,99.59,33.11,135.3125,-57.82500571428572,-56.70001,36.392857142857146,38.0,117.29807447002928,115.62175569898093,0,0,87.92077419806415,87.92077419806415,86.66428942779646
3235,2021-07-05T12:42:19,2021-07-05T12:58:59,101,48.0,63.6,15.600000000000001,17.593751555555556,112.78045868945867,16.66666603088379,85.9,28.57,135.06289308176102,-63.33564900990098,-60.89999,36.16831683168317,38.0,112.78045868945867,115.56343506612173,0,0,84.53459519425923,84.53459519425923,86.62057519620426
3250,2021-07-07T02:26:59,2021-07-07T02:47:09,122,26.0,43.6,17.6,20.33347209722222,115.53109146148988,20.16666603088379,58.82,19.56,134.90825688073394,-60.49590122950819,-60.39999,35.10245901639344,37.0,115.53109146148988,115.56343506612173,0,0,86.59633204666889,86.59633204666889,86.62057519620426
3251,2021-07-07T02:47:20,2021-07-07T03:04:40,105,44.0,59.6,15.600000000000001,17.477222166666667,112.03347542735041,17.33333396911621,80.41,26.74,134.91610738255034,-60.498095047619046,-60.39999,37.042857142857144,39.0,112.03347542735041,115.53510658600808,0,0,83.97469387435875,83.97469387435875,86.59934158333637
3252,2021-07-07T03:04:51,2021-07-07T03:25:11,123,59.6,77.6,17.999999999999993,20.501110944444445,113.89506080246917,20.33333396911621,104.87,34.88,135.1417525773196,-60.49512146341463,-60.39999,38.6869918699187,40.0,113.89506080246917,115.50679262338457,0,0,85.37004523162298,85.37004523162298,86.5781188520535
3253,2021-07-07T03:25:22,2021-07-07T03:42:42,105,77.6,92.4,14.800000000000011,17.478055583333333,118.09497015765757,17.33333396911621,124.92,41.54,135.19480519480518,-60.50095247619048,-60.39999,39.12380952380953,40.0,118.09497015765757,115.50679262338457,0,0,88.51808737756805,88.51808737756805,86.5781188520535
3255,2021-07-07T11:34:13,2021-07-07T12:41:29,505,41.2,97.6,56.39999999999999,65.767530775,116.60909711879434,67.26667022705078,131.88,43.85,135.12295081967213,-58.645943267326736,-41.5,37.72079207920792,40.0,116.60909711879434,115.53510658600808,0,0,87.40435120988471,87.40435120988471,86.59934158333637
3257,2021-07-07T20:42:33,2021-07-07T21:07:23,150,32.0,54.0,22.0,24.810831083333337,112.77650492424245,24.83333396911621,72.97,24.27,135.12962962962962,-59.9459946,-59.89999,36.873333333333335,39.0,112.77650492424245,115.50679262338457,0,0,84.53163164945785,84.53163164945785,86.5781188520535
3258,2021-07-07T21:07:34,2021-07-07T21:31:04,142,54.0,74.8,20.799999999999997,23.483748375,112.90263641826925,23.5,101.0,33.59,135.02673796791444,-59.95844654929578,-59.89999,38.86267605633803,41.0,112.90263641826925,115.50679262338457,0,0,84.62617351347139,84.62617351347139,86.5781188520535
3259,2021-07-07T21:31:15,2021-07-07T21:52:15,127,74.8,92.8,18.0,20.997777555555555,116.65431975308641,21.0,125.41,41.71,135.14008620689657,-59.99370015748031,-59.89999,39.996062992125985,41.0,116.65431975308641,115.53510658600808,0,0,87.4382478363741,87.4382478363741,86.59934158333637
3262,2021-07-08T03:47:37,2021-07-08T04:05:37,109,64.4,80.4,16.0,18.06569488888889,112.91059305555555,18.0,108.6,36.12,135.07462686567163,-60.217432660550465,-59.89999,35.857798165137616,37.0,112.91059305555555,115.53510658600808,0,0,84.6321374111175,84.6321374111175,86.59934158333637
3263,2021-07-08T04:05:48,2021-07-08T04:25:08,117,80.4,96.4,16.0,18.611112638888894,116.31945399305559,19.33333396911621,130.35,43.35,135.21784232365144,-57.70427829059829,-41.70001,36.0,37.0,116.31945399305559,115.53510658600808,0,0,87.18724919886573,87.18724919886573,86.59934158333637
3266,2021-07-08T16:33:12,2021-07-08T16:52:42,118,22.8,40.0,17.2,19.59333454166667,113.91473570736437,19.5,53.92,17.93,134.79999999999998,-60.287291864406775,-59.89999,37.25,39.0,113.91473570736437,115.53510658600808,0,0,85.384792557003,85.384792557003,86.59934158333637
3267,2021-07-08T16:52:53,2021-07-08T17:13:13,123,40.0,57.6,17.6,20.415834638888885,115.99906044823229,20.33333396911621,77.83,25.89,135.12152777777777,-60.241467235772355,-59.89999,38.764227642276424,41.0,115.99906044823229,115.5974423433855,0,0,86.94709821057202,86.94709821057202,86.64606535159605
3268,2021-07-08T17:13:24,2021-07-08T17:33:34,122,57.6,74.8,17.199999999999996,20.261528680555557,117.79958535206723,20.16666603088379,101.1,33.62,135.16042780748663,-60.282789590163944,-59.89999,40.618852459016395,42.0,117.79958535206723,115.66317668980676,0,0,88.29668169029496,88.29668169029496,86.69533653234538
3269,2021-07-08T17:33:45,2021-07-08T17:52:35,114,74.8,90.8,16.0,18.917918347222226,118.23698967013891,18.83333396911621,122.74,40.82,135.1762114537445,-60.26754921052632,-60.0,41.39473684210526,43.0,118.23698967013891,115.66317668980676,0,0,88.62453810614997,88.62453810614997,86.69533653234538
3273,2021-07-09T07:53:41,2021-07-09T08:11:41,109,57.6,76.0,18.4,21.011528708333337,114.19309080615945,18.0,102.66,34.14,135.07894736842104,-70.03761770642203,-69.89999,35.022935779816514,36.0,114.19309080615945,115.5974423433855,0,0,85.59343362718779,85.59343362718779,86.64606535159605
3274,2021-07-09T08:11:52,2021-07-09T08:30:12,111,76.0,94.0,18.0,20.96305597222223,116.46142206790128,18.33333396911621,127.1,42.27,135.2127659574468,-68.49189333333332,-41.70001,36.05855855855856,37.0,116.46142206790128,115.5974423433855,0,0,87.29366137236676,87.29366137236676,86.64606535159605
3276,2021-07-09T16:15:09,2021-07-09T16:53:30,289,54.4,93.2,38.800000000000004,44.73979361805556,115.3087464382875,38.349998474121094,125.97,41.89,135.16094420600857,-69.99654287197232,-69.70001,40.60553633217993,42.0,115.3087464382875,115.53510658600808,0,0,86.42967332982836,86.42967332982836,86.59934158333637
3284,2021-07-10T13:42:14,2021-07-10T14:00:24,110,32.4,50.8,18.4,21.210001555555557,115.27174758454107,18.16666603088379,68.58,22.8,135.0,-70.05091418181819,-70.0,40.54090909090909,42.0,115.27174758454107,115.53510658600808,0,0,86.40194083822077,86.40194083822077,86.59934158333637
3285,2021-07-10T14:00:35,2021-07-10T14:17:35,103,51.2,68.4,17.200000000000003,19.84194530555556,115.36014712532298,17.0,92.39,30.72,135.07309941520467,-70.03010009708737,-70.0,42.786407766990294,44.0,115.36014712532298,115.50679262338457,0,0,86.46820071588213,86.46820071588213,86.5781188520535
3290,2021-07-10T22:05:12,2021-07-10T22:23:32,111,41.2,60.0,18.799999999999997,21.516249124999998,114.44813364361703,18.33333396911621,81.0,26.93,135.0,-70.41711423423423,-70.30002,41.432432432432435,44.0,114.44813364361703,115.50679262338457,0,0,85.78460099139436,85.78460099139436,86.5781188520535
3291,2021-07-10T22:23:43,2021-07-10T22:42:23,113,60.4,78.8,18.4,21.421110763888887,116.41908023852656,18.66666603088379,106.49,35.41,135.13959390862945,-68.83893690265488,-63.70001,43.08849557522124,45.0,116.41908023852656,115.50679262338457,0,0,87.26192405326407,87.26192405326407,86.5781188520535
3292,2021-07-10T22:42:34,2021-07-10T23:01:04,112,79.2,94.0,14.799999999999997,17.844031388888883,120.56777965465464,18.5,126.89,42.2,134.98936170212767,-57.829475892857154,-42.20001,43.5,45.0,120.56777965465464,115.53510658600808,0,0,90.37158178830418,90.37158178830418,86.59934158333637
3294,2021-07-11T03:23:00,2021-07-11T03:49:00,157,61.6,78.0,16.4,18.92028041666667,115.3675635162602,26.0,105.28,35.01,134.97435897435898,-43.66370025477707,-42.89999,38.50955414012739,41.0,115.3675635162602,115.53510658600808,0,0,86.47375967186588,86.47375967186588,86.59934158333637
3295,2021-07-11T03:49:11,2021-07-11T04:20:21,188,78.4,96.8,18.39999999999999,21.809169499999996,118.52809510869568,31.16666603088379,130.71,43.46,135.0309917355372,-41.98564372340426,-41.10001,38.545212765957444,41.0,118.52809510869568,115.53510658600808,0,0,88.84273619377262,88.84273619377262,86.59934158333637
3297,2021-07-12T02:24:44,2021-07-12T03:31:28,501,41.2,97.6,56.39999999999999,65.39619795277778,115.95070559003155,66.73332977294922,131.75,43.81,134.98975409836066,-58.78084149700599,-41.5,35.28043912175649,37.0,115.95070559003155,115.53510658600808,0,0,86.91085382558569,86.91085382558569,86.59934158333637
3299,2021-07-12T12:29:59,2021-07-12T12:54:29,148,43.6,69.2,25.6,29.190555027777776,114.02560557725694,24.5,93.34,31.04,134.88439306358381,-71.48716087837838,-71.39999,39.78378378378378,42.0,114.02560557725694,115.50679262338457,0,0,85.46789507032418,85.46789507032418,86.5781188520535
3300,2021-07-12T15:46:13,2021-07-12T16:23:35,281,42.8,75.6,32.8,37.39854423194445,114.01995192665991,37.36666488647461,102.11,33.96,135.0661375661376,-60.051249679715305,-59.80002,41.243772241992886,43.0,114.01995192665991,115.50679262338457,0,0,85.46365737639968,85.46365737639968,86.5781188520535
3301,2021-07-12T22:17:14,2021-07-12T22:37:12,151,39.2,60.0,20.799999999999997,23.600180706944446,113.46240724492525,19.96666717529297,80.91,26.9,134.85,-70.91788125827814,-70.60001,39.16225165562914,41.0,113.46240724492525,115.50679262338457,0,0,85.04574974842195,85.04574974842195,86.5781188520535
3302,2021-07-13T11:35:10,2021-07-13T12:53:23,587,19.2,96.4,77.2,89.65422237222222,116.13241239925158,78.21666717529297,130.17,43.29,135.03112033195018,-68.75042601362863,-41.5,38.787904599659285,42.0,116.13241239925158,115.50679262338457,0,0,87.04705216827688,87.04705216827688,86.5781188520535
3303,2021-07-14T06:16:43,2021-07-14T07:27:43,533,39.6,97.6,57.99999999999999,67.23728447777779,115.92635254789275,71.0,131.76,43.82,135.0,-56.80919891181989,-41.70001,37.86491557223265,40.0,115.92635254789275,115.50679262338457,0,0,86.89260000233587,86.89260000233587,86.5781188520535
3304,2021-07-14T16:48:16,2021-07-14T18:04:30,572,28.4,98.0,69.6,80.2959378638889,115.36772681593233,76.23332977294922,132.14,43.94,134.83673469387753,-63.1484323076923,0.0,42.99825174825175,45.0,115.36772681593233,115.4251103006058,0,0,86.47388207313857,86.47388207313857,86.51689386528835
3305,2021-07-15T01:30:42,2021-07-15T01:52:02,129,34.4,53.6,19.200000000000003,21.630835694444443,112.66060257523145,21.33333396911621,72.24,24.02,134.77611940298505,-60.83256472868218,-60.20001,38.810077519379846,41.0,112.66060257523145,115.4251103006058,0,0,84.4447570413071,84.4447570413071,86.51689386528835
3306,2021-07-15T01:52:13,2021-07-15T02:21:33,177,53.6,78.8,25.199999999999996,28.57486441666667,113.39231911375666,29.33333396911621,106.34,35.36,134.94923857868022,-58.449159378531085,-56.70001,40.720338983050844,43.0,113.39231911375666,115.36764516609627,0,0,84.99321518822325,84.99321518822325,86.47382087250222
3307,2021-07-15T02:21:44,2021-07-15T02:43:54,134,78.8,96.0,17.200000000000003,20.477363347222223,119.05443806524545,22.16666603088379,129.53,43.07,134.92708333333334,-55.38508074626866,-42.70001,41.5,43.0,119.05443806524545,115.36764516609627,0,0,89.23725656797858,89.23725656797858,86.47382087250222
3309,2021-07-15T17:34:23,2021-07-15T18:17:51,327,9.2,48.0,38.8,44.22911536666666,113.99256537800687,43.46666717529297,64.63,21.5,134.64583333333334,-61.053216874617746,-59.700012,37.85932721712538,40.0,113.99256537800687,115.36764516609627,0,0,85.443129788278,85.443129788278,86.47382087250222
3310,2021-07-15T18:19:43,2021-07-15T19:20:31,457,48.0,97.200005,49.200005000000004,57.258228988888895,116.37850237797515,60.79999923706055,131.09999,43.6,134.87652598371778,-56.49300449015317,-41.80002,41.01312910284464,43.0,116.37850237797515,115.4494091387111,0,0,87.23150891703015,87.23150891703015,86.53510705990374
3311,2021-07-16T05:16:25,2021-07-16T06:40:33,632,12.8,96.0,83.2,96.61178416222222,116.11993288728631,84.13333129882812,129.43,43.04,134.82291666666669,-68.87864381012658,-41.700012,38.64556962025316,43.0,116.11993288728631,115.4494091387111,0,0,87.03769814981955,87.03769814981955,86.53510705990374
3313,2021-07-16T13:54:54,2021-07-16T14:13:54,115,35.2,54.8,19.599999999999994,22.181390333333333,113.17035884353744,19.0,73.78,24.53,134.63503649635038,-70.0469611304348,-70.0,39.34347826086957,42.0,113.17035884353744,115.36764516609627,0,0,84.82684486298938,84.82684486298938,86.47382087250222
3316,2021-07-16T14:33:46,2021-07-16T14:52:46,115,73.2,92.4,19.200000000000003,22.178612277777777,115.51360561342591,19.0,124.67,41.46,134.9242424242424,-70.03826460869566,-69.89999,42.7695652173913,44.0,115.51360561342591,115.36764516609627,0,0,86.58322552888298,86.58322552888298,86.47382087250222
3318,2021-07-16T23:17:26,2021-07-17T00:07:58,380,41.600002,92.8,51.199997999999994,59.04967269555555,115.33139648863963,50.53333282470703,125.14,41.62,134.8491379310345,-70.09474400526315,-57.200012,35.285526315789475,39.0,115.33139648863963,115.3638553207916,0,0,86.4466506755485,86.4466506755485,86.470980193874
3320,2021-07-18T07:42:21,2021-07-18T08:02:01,119,26.0,46.0,20.0,22.956528986111113,114.78264493055556,19.66666603088379,61.96,20.6,134.69565217391303,-70.03697848739495,-69.89999,32.1890756302521,34.0,114.78264493055556,115.3457718069813,0,0,86.0353339335889,86.0353339335889,86.45742569571532
3321,2021-07-18T08:02:12,2021-07-18T08:22:32,123,46.4,67.2,20.800000000000004,23.72791723611111,114.07652517361109,20.33333396911621,90.64,30.14,134.88095238095238,-70.01707487804877,-69.89999,34.68292682926829,37.0,114.07652517361109,115.3457718069813,0,0,85.50606185484759,85.50606185484759,86.45742569571532
3322,2021-07-18T08:22:43,2021-07-18T08:43:43,127,67.6,88.4,20.80000000000001,24.505556111111108,117.81517361111104,21.0,119.17,39.63,134.80769230769232,-70.01574960629921,-69.89999,36.56299212598425,38.0,117.81517361111104,115.3638553207916,0,0,88.3083658701907,88.3083658701907,86.470980193874
3325,2021-07-18T15:00:33,2021-07-18T15:20:33,121,40.8,58.4,17.6,19.93430752777778,113.26311095328282,20.0,78.64,26.15,134.65753424657535,-59.80248520661157,-58.80002,39.892561983471076,42.0,113.26311095328282,115.3638553207916,0,0,84.89636720880931,84.89636720880931,86.470980193874
3326,2021-07-18T15:20:44,2021-07-18T15:41:04,123,58.4,75.6,17.199999999999996,19.511807361111114,113.44074047157626,20.33333396911621,101.82,33.86,134.6825396825397,-57.57642796747968,-56.39999,41.670731707317074,43.0,113.44074047157626,115.3638553207916,0,0,85.0295094180003,85.0295094180003,86.470980193874
3327,2021-07-18T15:41:15,2021-07-18T16:01:15,121,75.6,91.2,15.600000000000009,18.503473763888888,118.61201130697998,20.0,122.89,40.87,134.74780701754386,-55.509921900826455,-54.5,42.3099173553719,43.0,118.61201130697998,115.3638553207916,0,0,88.90563558197016,88.90563558197016,86.470980193874
3329,2021-07-18T23:02:47,2021-07-18T23:22:47,121,37.6,55.2,17.6,20.039864152777778,113.86286450441918,20.0,74.25,24.69,134.51086956521738,-60.11901735537191,-60.0,38.18181818181818,41.0,113.86286450441918,115.3638553207916,0,0,85.34591249573916,85.34591249573916,86.470980193874
3330,2021-07-18T23:22:58,2021-07-18T23:44:18,129,55.6,74.0,18.4,21.38805911111111,116.23945169082126,21.33333396911621,99.71,33.16,134.74324324324323,-60.15427356589147,-60.10001,40.00387596899225,42.0,116.23945169082126,115.3638553207916,0,0,87.12728347153516,87.12728347153516,86.470980193874
3331,2021-07-18T23:44:29,2021-07-19T00:04:39,122,74.4,91.6,17.19999999999999,20.23028113888889,117.61791359819131,20.16666603088379,123.46,41.06,134.7816593886463,-60.18935426229508,-60.10001,40.5,42.0,117.61791359819131,115.3638553207916,0,0,88.1605096233377,88.1605096233377,86.470980193874
3334,2021-07-19T07:28:55,2021-07-19T07:58:15,177,13.2,38.8,25.599999999999998,29.173893777777785,113.96052256944446,29.33333396911621,52.13,17.33,134.3556701030928,-59.67402129943504,-59.60001,37.454802259887,39.0,113.96052256944446,115.3638553207916,0,0,85.41911210044282,85.41911210044282,86.470980193874
3335,2021-07-19T07:58:26,2021-07-19T08:30:16,192,39.2,66.4,27.200000000000003,31.649171972222224,116.35724989787582,31.83333396911621,89.38,29.72,134.60843373493975,-59.653135,-59.60001,39.328125,42.0,116.35724989787582,115.3638553207916,0,0,87.21557912012253,87.21557912012253,86.470980193874
3336,2021-07-19T08:30:27,2021-07-19T09:04:57,208,66.4,95.2,28.799999999999997,34.30736686111112,119.12280160108028,34.5,128.35,42.68,134.82142857142856,-59.66491384615385,-59.60001,41.32932692307692,43.0,119.12280160108028,115.36764516609627,0,0,89.28849845770841,89.28849845770841,86.47382087250222
3339,2021-07-19T15:52:43,2021-07-19T16:21:23,173,45.6,74.8,29.199999999999996,33.38833405555556,114.34360977929987,28.66666603088379,100.7,33.49,134.62566844919786,-69.88323849710983,-69.70001,39.921965317919074,42.0,114.34360977929987,115.36764516609627,0,0,85.70625512668636,85.70625512668636,86.47382087250222
3342,2021-07-19T18:50:39,2021-07-19T19:14:19,143,76.4,97.6,21.19999999999999,25.127916847222224,118.52790965670867,23.66666603088379,131.58,43.75,134.81557377049182,-63.64965083916083,-41.70001,40.25524475524475,42.0,118.52790965670867,115.36764516609627,0,0,88.84259718823184,88.84259718823184,86.47382087250222
3344,2021-07-20T13:45:31,2021-07-20T14:05:51,123,50.8,64.4,13.600000000000009,15.126946402777778,111.22754707924828,20.33333396911621,86.71,28.83,134.64285714285714,-44.63659113821139,-43.80002,31.552845528455286,33.0,111.22754707924828,115.3638553207916,0,0,83.37061026400579,83.37061026400579,86.470980193874
3345,2021-07-20T14:06:02,2021-07-20T14:26:22,123,64.4,77.2,12.799999999999997,14.64778036111111,114.43578407118056,20.33333396911621,103.98,34.57,134.68911917098447,-43.22358479674797,-42.60001,32.27642276422764,34.0,114.43578407118056,115.3638553207916,0,0,85.77534436911361,85.77534436911361,86.470980193874
3346,2021-07-20T14:26:33,2021-07-20T14:48:33,133,77.2,90.4,13.200000000000003,15.393474125000001,116.61722821969694,22.0,121.81,40.5,134.74557522123894,-41.98196015037595,-41.30002,32.99624060150376,34.0,116.61722821969694,115.36764516609627,0,0,87.41044587673811,87.41044587673811,86.47382087250222
3349,2021-07-20T20:02:25,2021-07-20T20:19:55,106,66.8,84.4,17.60000000000001,20.404304319444442,115.93354726957065,17.5,113.75,37.82,134.77488151658767,-69.95754292452831,-69.89999,33.886792452830186,35.0,115.93354726957065,115.36764516609627,0,0,86.8979928061216,86.8979928061216,86.47382087250222
3352,2021-07-21T09:05:59,2021-07-21T09:24:29,112,20.8,40.0,19.2,21.390277111111104,111.40769328703699,18.5,53.85,17.91,134.625,-69.3741049107143,-69.30002,31.839285714285715,33.0,111.40769328703699,115.36764516609627,0,0,83.50563885786116,83.50563885786116,86.47382087250222
3353,2021-07-21T09:24:40,2021-07-21T09:43:50,116,40.0,59.2,19.200000000000003,22.161249708333337,115.4231755642361,19.16666603088379,79.66,26.49,134.56081081081078,-69.37413706896552,-69.30002,33.93103448275862,36.0,115.4231755642361,115.36764516609627,0,0,86.51544368360156,86.51544368360156,86.47382087250222
3355,2021-07-21T10:00:02,2021-07-21T10:17:12,104,75.6,92.0,16.400000000000006,19.85638677777777,121.07552913279125,17.16666603088379,124.08,41.26,134.86956521739128,-69.40095432692308,-69.30002,36.99519230769231,38.0,121.07552913279125,115.39545119008422,0,0,90.75216542037258,90.75216542037258,86.49466287837006
3358,2021-07-21T16:41:39,2021-07-21T17:00:08,112,54.8,74.8,20.0,22.8335714,114.167857,18.483333587646484,100.83,33.53,134.79946524064172,-74.12143491071429,-73.80002,35.924107142857146,38.0,114.167857,115.36764516609627,0,0,85.57451962724765,85.57451962724765,86.47382087250222
3363,2021-07-22T01:40:50,2021-07-22T01:59:00,110,36.4,52.4,16.0,18.225003111111114,113.90626944444446,18.16666603088379,70.45,23.42,134.44656488549617,-60.192737545454534,-60.10001,34.49090909090909,37.0,113.90626944444446,115.3638553207916,0,0,85.37844666945244,85.37844666945244,86.470980193874
3364,2021-07-22T01:59:11,2021-07-22T02:16:11,103,52.4,67.6,15.199999999999996,17.044308388888886,112.13360782163744,17.0,91.06,30.28,134.70414201183434,-60.15632067961164,-60.10001,36.116504854368934,38.0,112.13360782163744,115.3457718069813,0,0,84.04974811261286,84.04974811261286,86.45742569571532
3366,2021-07-22T02:32:43,2021-07-22T02:49:53,104,82.0,96.0,14.0,16.622641541666674,118.73315386904765,17.16666603088379,129.25,42.98,134.63541666666669,-58.02981701923076,-41.80002,37.37980769230769,39.0,118.73315386904765,115.3638553207916,0,0,88.99643799192829,88.99643799192829,86.470980193874
3368,2021-07-22T21:15:52,2021-07-22T21:32:42,102,37.2,52.0,14.799999999999997,16.85347419444445,113.87482563813819,16.83333396911621,70.02,23.28,134.65384615384613,-60.072555882352944,-59.20001,37.127450980392155,39.0,113.87482563813819,115.3457718069813,0,0,85.35487796377103,85.35487796377103,86.45742569571532
3369,2021-07-22T21:32:53,2021-07-22T22:01:33,173,52.4,76.4,24.000000000000007,27.617363666666666,115.07234861111107,28.66666603088379,102.82,34.19,134.58115183246073,-57.80289554913295,-56.0,38.638728323699425,40.0,115.07234861111107,115.3457718069813,0,0,86.25248133347208,86.25248133347208,86.45742569571532
3370,2021-07-22T22:01:44,2021-07-22T22:28:44,163,76.8,97.2,20.400000000000006,24.135835597222215,118.3129195942265,27.0,130.82,43.5,134.58847736625515,-53.60736699386503,-41.5,39.0,40.0,118.3129195942265,115.3638553207916,0,0,88.68145138235458,88.68145138235458,86.470980193874
3372,2021-07-23T02:54:03,2021-07-23T03:13:03,115,48.8,68.4,19.60000000000001,22.12944455555556,112.90532936507933,19.0,92.03,30.6,134.546783625731,-69.88260913043477,-69.70001,38.21304347826087,40.0,112.90532936507933,115.34948000244992,0,0,84.62819201180979,84.62819201180979,86.46020517370718
3373,2021-07-23T03:13:14,2021-07-23T03:30:54,107,68.4,86.0,17.599999999999994,20.563057416666666,116.83555350378792,17.66666603088379,115.75,38.49,134.59302325581396,-69.83645504672899,-69.70001,39.42056074766355,41.0,116.83555350378792,115.36764516609627,0,0,87.57409159804274,87.57409159804274,86.47382087250222
3376,2021-07-23T12:16:07,2021-07-23T12:49:27,201,40.4,70.0,29.6,33.707922,113.87811486486486,33.33333206176758,94.23,31.33,134.61428571428573,-60.67364139303483,-60.39999,39.09950248756219,42.0,113.87811486486486,115.34948000244992,0,0,85.35734340373352,85.35734340373352,86.46020517370718
3377,2021-07-23T12:49:38,2021-07-23T13:16:58,165,70.0,93.6,23.599999999999994,27.67931270833334,117.28522334039555,27.33333396911621,126.02,41.9,134.63675213675214,-60.759409636363635,-60.70001,41.10606060606061,43.0,117.28522334039555,115.34948000244992,0,0,87.9111416335756,87.9111416335756,86.46020517370718
3380,2021-07-23T21:00:24,2021-07-23T21:17:44,105,32.0,49.2,17.200000000000003,19.889861305555556,115.6387285206718,17.33333396911621,66.17,22.0,134.49186991869917,-68.8285721904762,-63.20001,43.08571428571429,45.0,115.6387285206718,115.34956165228598,0,0,86.67701140665358,86.67701140665358,86.46026637434353
3386,2021-07-24T11:21:14,2021-07-24T11:39:34,111,40.4,56.4,16.0,17.916530805555553,111.97831753472221,18.33333396911621,75.86,25.22,134.5035460992908,-58.63604594594595,-58.5,38.38288288288288,40.0,111.97831753472221,115.20187254987535,0,0,83.93335027477355,83.93335027477355,86.34956600451028
3387,2021-07-24T11:39:45,2021-07-24T11:57:34,109,56.4,71.6,15.199999999999996,17.41966963611111,114.60308971125733,17.816667556762695,96.37,32.05,134.59497206703912,-58.662395321100895,-58.60001,40.0,41.0,114.60308971125733,114.92749677083332,0,0,85.90074831516908,85.90074831516908,86.14390763353049
3391,2021-07-24T16:16:04,2021-07-24T16:33:06,104,7.2,21.6,14.400000000000002,16.466974575,114.35399010416664,17.03333282470703,28.98,9.639999,134.16666666666666,-58.00385442307692,-57.60001,43.28846153846154,45.0,114.35399010416664,114.92749677083332,0,0,85.71403569940964,85.71403569940964,86.14390763353049
3393,2021-07-24T16:36:51,2021-07-24T16:54:11,105,24.8,39.6,14.8,16.875553888888888,114.02401276276274,17.33333396911621,53.23,17.7,134.41919191919192,-58.41523228571429,-58.30002,43.34761904761905,45.0,114.02401276276274,114.92749677083332,0,0,85.46670117618638,85.46670117618638,86.14390763353049
3394,2021-07-24T16:54:22,2021-07-24T17:13:22,115,40.0,56.0,16.0,18.47958429166667,115.49740182291667,19.0,75.35,25.06,134.55357142857142,-58.356524782608695,-58.30002,44.71304347826087,47.0,115.49740182291667,115.20187254987535,0,0,86.57107997736432,86.57107997736432,86.34956600451028
3395,2021-07-24T17:13:33,2021-07-24T17:33:33,121,56.0,72.8,16.799999999999997,19.454446611111113,115.80027744708997,20.0,98.07999,32.61,134.725260989011,-58.363642892561984,-58.20001,46.17355371900826,48.0,115.80027744708997,115.20187254987535,0,0,86.79810040786458,86.79810040786458,86.34956600451028
3398,2021-07-24T17:51:21,2021-07-24T18:08:01,101,87.6,97.6,10.0,12.698334000000001,126.98334,16.66666603088379,131.45,43.71,134.68237704918033,-45.75247772277228,-40.39999,46.5,48.0,126.98334,115.20187254987535,0,0,95.18036518074841,95.18036518074841,86.34956600451028
3400,2021-07-25T02:25:39,2021-07-25T02:44:49,116,37.6,50.0,12.399999999999999,14.531530652777779,117.18976332885306,19.16666603088379,67.17,22.34,134.34,-45.48966422413793,-45.10001,39.63793103448276,41.0,117.18976332885306,115.20187254987535,0,0,87.8395895799064,87.8395895799064,86.34956600451028
3401,2021-07-25T02:45:00,2021-07-25T03:04:30,118,50.4,63.2,12.800000000000004,14.478057361111112,113.10982313368054,19.5,84.96,28.25,134.43037974683543,-44.54746313559321,-43.89999,40.63135593220339,42.0,113.10982313368054,115.20187254987535,0,0,84.78147032038673,84.78147032038673,86.34956600451028
3405,2021-07-25T06:26:00,2021-07-25T07:30:48,487,34.4,97.6,63.199999999999996,73.42233636222223,116.17458285161744,64.80000305175781,131.25,43.64,134.47745901639345,-67.95893503080083,-41.700012,40.41170431211499,43.0,116.17458285161744,115.37728602643787,0,0,87.07866103173897,87.07866103173897,86.48104717957503
3406,2021-07-25T14:25:12,2021-07-25T14:54:02,174,40.8,66.0,25.200000000000003,28.87806,114.59547619047619,28.83333396911621,88.67,29.49,134.34848484848484,-60.09311270114942,-60.0,41.9080459770115,44.0,114.59547619047619,115.20187254987535,0,0,85.89504160050667,85.89504160050667,86.34956600451028
3407,2021-07-25T14:54:13,2021-07-25T15:26:23,194,66.0,92.8,26.799999999999997,31.489171111111112,117.49690713101162,32.16666793823242,124.78,41.5,134.46120689655174,-58.69639999999999,-41.89999,43.631443298969074,45.0,117.49690713101162,115.37728602643787,0,0,88.06980922330574,88.06980922330574,86.48104717957503
3411,2021-07-25T23:33:17,2021-07-25T23:49:47,100,46.8,63.2,16.400000000000006,18.497364541666666,112.78880818089426,16.5,84.97,28.25,134.44620253164555,-67.25001250000001,-62.5,42.955,45.0,112.78880818089426,115.20187254987535,0,0,84.54085355574125,84.54085355574125,86.34956600451028
3419,2021-07-26T17:36:59,2021-07-26T18:05:59,175,53.6,78.0,24.4,27.899447291666664,114.34199709699453,29.0,104.97,34.91,134.57692307692307,-57.723434457142865,-56.10001,37.628571428571426,39.0,114.34199709699453,114.92749677083332,0,0,85.7050463406303,85.7050463406303,86.14390763353049
3420,2021-07-26T18:06:10,2021-07-26T18:32:10,157,78.0,97.6,19.599999999999994,23.11555868055555,117.9365238803855,26.0,131.31,43.67,134.5389344262295,-53.31593082802547,-41.60001,38.49363057324841,39.0,117.9365238803855,115.20187254987535,0,0,88.39932396709007,88.39932396709007,86.34956600451028
3421,2021-07-27T16:47:04,2021-07-27T17:05:04,109,18.0,33.6,15.600000000000001,17.99555788888889,115.3561403133903,18.0,45.07,14.99,134.13690476190476,-59.96698018348625,-55.89999,40.87614678899082,42.0,115.3561403133903,115.20187254987535,0,0,86.46519740991332,86.46519740991332,86.34956600451028
3426,2021-07-27T21:36:18,2021-07-27T21:54:18,109,29.2,44.8,15.599999999999998,18.069862861111112,115.83245423789177,18.0,60.16,20.0,134.2857142857143,-60.23211596330275,-59.70001,40.29816513761468,42.0,115.83245423789177,115.21424446225069,0,0,86.82221852209013,86.82221852209013,86.3588393716927
3427,2021-07-27T21:54:29,2021-07-27T22:13:09,113,45.2,61.6,16.4,18.73639025,114.24628201219514,18.66666603088379,82.72,27.51,134.28571428571428,-60.22124318584071,-59.70001,41.623893805309734,43.0,114.24628201219514,115.21424446225069,0,0,85.63330309679603,85.63330309679603,86.3588393716927
3428,2021-07-27T22:13:20,2021-07-27T22:34:50,130,62.0,80.4,18.400000000000006,21.586251319444443,117.3165832578502,21.5,108.14,35.96,134.50248756218906,-60.23923446153846,-59.80002,42.98461538461538,44.0,117.3165832578502,115.3896579388132,0,0,87.9346474603665,87.9346474603665,86.49032054675743
3429,2021-07-27T22:35:01,2021-07-27T22:53:31,112,80.8,96.4,15.600000000000009,18.43888947222222,118.19800943732184,18.5,129.67,43.12,134.51244813278007,-59.726787678571434,-41.70001,43.0,44.0,118.19800943732184,115.3896579388132,0,0,88.59532047181811,88.59532047181811,86.49032054675743
3432,2021-07-28T18:07:02,2021-07-28T18:38:12,188,50.0,77.6,27.599999999999994,31.51375544444445,114.18027334943642,31.16666603088379,104.33,34.69,134.4458762886598,-60.66809558510638,-60.5,38.9281914893617,40.0,114.18027334943642,115.3896579388132,0,0,85.58382630223015,85.58382630223015,86.49032054675743
3433,2021-07-28T18:38:23,2021-07-28T19:03:23,151,77.6,97.6,20.0,23.808476430555558,119.04238215277779,25.0,131.25,43.64,134.47745901639345,-57.10265913907284,-42.20001,39.841059602649004,41.0,119.04238215277779,115.46028869357639,0,0,89.22822005853364,89.22822005853364,86.54326183048295
3434,2021-07-29T17:38:41,2021-07-29T18:34:52,422,40.8,96.4,55.60000000000001,63.828780327777785,114.79996461830535,56.18333435058594,129.58,43.1,134.41908713692945,-68.1341259478673,-41.5,36.75592417061611,39.0,114.79996461830535,115.3896579388132,0,0,86.04831590590781,86.04831590590781,86.49032054675743
3436,2021-07-30T11:36:46,2021-07-30T11:57:06,123,30.4,51.2,20.800000000000004,23.370137680555555,112.35643115651706,20.33333396911621,68.61,22.82,134.00390625,-68.96097203252032,-68.80002,35.67479674796748,38.0,112.35643115651706,115.3896579388132,0,0,84.21676534798118,84.21676534798118,86.49032054675743
3437,2021-07-30T11:57:17,2021-07-30T12:17:37,123,51.2,72.0,20.799999999999997,23.359442388888887,112.30501148504274,20.33333396911621,96.7,32.16,134.30555555555557,-68.93007528455284,-68.80002,38.166666666666664,40.0,112.30501148504274,115.21424446225069,0,0,84.17822373214086,84.17822373214086,86.3588393716927
3438,2021-07-30T12:17:48,2021-07-30T12:37:38,120,72.0,91.6,19.599999999999994,22.791665000000002,116.28400510204085,19.83333396911621,123.18,40.96,134.47598253275112,-68.949995,-68.89999,39.483333333333334,41.0,116.28400510204085,115.21424446225069,0,0,87.16067848185644,87.16067848185644,86.3588393716927
3440,2021-07-30T18:40:50,2021-07-30T19:00:35,149,50.8,70.8,20.0,23.033584325,115.16792162499999,19.75,95.00999,31.6,134.1949011299435,-69.97517073825504,-69.70001,37.68456375838926,39.0,115.16792162499999,115.26203096919514,0,0,86.32411808805243,86.32411808805243,86.39465774898287
3442,2021-07-30T23:07:49,2021-07-30T23:27:29,119,37.6,58.0,20.4,23.06458456944445,113.06168906590416,19.66666603088379,77.91,25.91,134.32758620689654,-70.36639033613447,-70.30002,37.214285714285715,39.0,113.06168906590416,115.12013511805553,0,0,84.74539142886766,84.74539142886766,86.28829971076226
3443,2021-07-30T23:27:40,2021-07-30T23:48:20,125,58.4,79.6,21.199999999999996,24.230974375000006,114.2970489386793,20.66666603088379,106.89,35.54,134.28391959798995,-70.34800624000002,-70.20001,39.324,41.0,114.2970489386793,114.93615661470821,0,0,85.67135544761516,85.67135544761516,86.15039861968995
3444,2021-07-30T23:48:31,2021-07-31T00:06:41,110,79.6,96.4,16.80000000000001,19.930696416666674,118.63509771825393,18.16666603088379,129.54,43.07,134.37759336099583,-65.73909736363638,-42.10001,40.0,41.0,118.63509771825393,115.12013511805553,0,0,88.92294000202845,88.92294000202845,86.28829971076226
3445,2021-08-02T17:30:48,2021-08-02T17:51:58,128,15.6,37.2,21.6,24.653610027777773,114.13708346193413,21.16666603088379,49.87,16.58,134.0591397849462,-69.884371875,-69.80002,34.91015625,37.0,114.13708346193413,114.93615661470821,0,0,85.55145332114,85.55145332114,86.15039861968995
3446,2021-08-02T17:52:09,2021-08-02T18:24:49,197,37.2,70.8,33.599999999999994,38.0480533611111,113.2382540509259,32.66666793823242,95.00999,31.6,134.1949011299435,-69.88425989847717,-69.80002,38.035532994923855,41.0,113.2382540509259,114.93615661470821,0,0,84.87773571712233,84.87773571712233,86.15039861968995
3447,2021-08-02T18:25:00,2021-08-02T18:54:30,178,70.8,97.6,26.799999999999997,31.66388733333333,118.14883333333334,29.5,131.08,43.59,134.3032786885246,-64.35280584269664,-41.60001,40.67977528089887,42.0,118.14883333333334,115.12013511805553,0,0,88.55846052203421,88.55846052203421,86.28829971076226
3449,2021-08-03T16:29:11,2021-08-03T16:57:11,169,22.0,46.8,24.799999999999997,28.115701347222227,113.36976349686384,28.0,62.88,20.91,134.35897435897436,-60.24794378698225,-60.20001,38.798816568047336,41.0,113.36976349686384,114.93615661470821,0,0,84.97630862510452,84.97630862510452,86.15039861968995
3450,2021-08-03T16:57:22,2021-08-03T17:24:52,166,46.8,71.2,24.400000000000006,27.594310402777783,113.0914360769581,27.5,95.71,31.83,134.42415730337078,-60.20603469879517,-60.20001,41.19277108433735,43.0,113.0914360769581,114.70152716478134,0,0,84.76768830163182,84.76768830163182,85.97453211053845
3454,2021-08-04T01:52:16,2021-08-04T02:12:16,121,31.6,52.0,20.4,23.328471736111112,114.35525360838781,20.0,69.71,23.18,134.0576923076923,-69.98512247933884,-69.89999,35.06611570247934,37.0,114.35525360838781,114.70152716478134,0,0,85.71498275902532,85.71498275902532,85.97453211053845
3455,2021-08-04T02:12:27,2021-08-04T02:31:57,118,52.0,72.4,20.400000000000006,22.73999911111111,111.47058387799561,19.5,97.14,32.3,134.17127071823202,-69.96948881355932,-69.80002,37.46610169491525,39.0,111.47058387799561,114.59928295086675,0,0,83.55277850164336,83.55277850164336,85.89789495783788
3456,2021-08-04T02:32:08,2021-08-04T02:52:38,124,72.4,93.2,20.799999999999997,23.906526763888888,114.9352248263889,20.5,125.22,41.64,134.35622317596565,-69.97015830645161,-69.89999,38.71774193548387,40.0,114.9352248263889,114.59928295086675,0,0,86.14970019773551,86.14970019773551,85.89789495783788
3458,2021-08-04T05:36:23,2021-08-04T05:54:33,110,63.6,79.2,15.600000000000001,18.155138625,116.37909374999998,18.16666603088379,106.42,35.39,134.36868686868686,-59.961817272727274,-59.80002,37.5,39.0,116.37909374999998,114.70152716478134,0,0,87.23195217994386,87.23195217994386,85.97453211053845
3459,2021-08-04T05:54:44,2021-08-04T06:18:14,142,79.2,97.6,18.39999999999999,21.755696347222216,118.23748014794688,23.5,131.07,43.58,134.29303278688525,-55.513385140845074,-41.70001,38.225352112676056,40.0,118.23748014794688,114.86759472234712,0,0,88.6249057438013,88.6249057438013,86.09900805182167
3460,2021-08-04T18:05:21,2021-08-04T18:22:01,101,18.0,35.2,17.200000000000003,19.643892222222227,114.20867571059432,16.66666603088379,47.16,15.68,133.9772727272727,-70.71783376237623,-70.60001,36.113861386138616,37.0,114.20867571059432,114.86759472234712,0,0,85.60511529263633,85.60511529263633,86.09900805182167
3461,2021-08-04T18:22:12,2021-08-04T18:38:52,101,35.6,52.8,17.199999999999996,19.645559000000006,114.21836627906983,16.66666603088379,70.91,23.58,134.2992424242424,-70.72377475247524,-70.70001,37.777227722772274,39.0,114.21836627906983,114.70152716478134,0,0,85.61237885844196,85.61237885844196,85.97453211053845
3462,2021-08-04T18:39:03,2021-08-04T18:56:23,105,52.8,71.2,18.400000000000006,20.42722538888889,111.01752928743959,17.33333396911621,95.55,31.78,134.19943820224717,-70.70953476190478,-70.70001,39.99047619047619,42.0,111.01752928743959,114.70152716478134,0,0,83.21319142371694,83.21319142371694,85.97453211053845
3465,2021-08-05T12:48:12,2021-08-05T13:16:32,171,28.0,53.2,25.200000000000003,28.72972608333334,114.00684953703706,28.33333396911621,71.39,23.74,134.19172932330827,-60.83918953216375,-60.80002,35.04970760233918,37.0,114.00684953703706,114.59928295086675,0,0,85.45383647998095,85.45383647998095,85.89789495783788
3466,2021-08-05T13:16:43,2021-08-05T13:43:33,162,53.2,77.2,24.0,27.216945638888888,113.40394016203703,26.83333396911621,103.71,34.49,134.33937823834196,-60.85802728395062,-60.80002,37.601851851851855,39.0,113.40394016203703,114.47536489943201,0,0,85.0019257452074,85.0019257452074,85.805012179766
3467,2021-08-05T13:43:44,2021-08-05T14:09:04,153,77.2,97.6,20.39999999999999,24.265692444444447,118.9494727668846,25.33333396911621,131.18,43.62,134.40573770491804,-57.433982222222234,-42.5,38.6797385620915,40.0,118.9494727668846,114.59928295086675,0,0,89.15857982637378,89.15857982637378,85.89789495783788
3468,2021-08-05T18:04:48,2021-08-05T18:24:08,117,68.0,84.8,16.799999999999997,19.384031000000007,115.38113690476196,19.33333396911621,113.78,37.84,134.1745283018868,-60.157274957264946,-60.10001,35.74786324786325,37.0,115.38113690476196,114.59928295086675,0,0,86.48393360550423,86.48393360550423,85.89789495783788
3470,2021-08-06T02:06:38,2021-08-06T02:26:58,123,62.8,83.6,20.799999999999997,23.86111111111111,114.71688034188035,20.33333396911621,112.1,37.28,134.0909090909091,-70.4097561788618,-70.20001,33.459349593495936,35.0,114.71688034188035,114.65998502656885,0,0,85.98604008475749,85.98604008475749,85.94339419996328
3471,2021-08-06T02:27:09,2021-08-06T02:44:09,103,83.6,97.6,14.0,16.70125088888889,119.2946492063492,17.0,130.93,43.54,134.14959016393445,-58.91942058252428,-42.0,34.116504854368934,35.0,119.2946492063492,114.65998502656885,0,0,89.41730683386967,89.41730683386967,85.94339419996328
3473,2021-08-06T13:00:45,2021-08-06T13:49:41,368,36.0,86.0,50.0,57.11755846666667,114.23511693333334,48.93333435058594,115.369995,38.37,134.1511569767442,-70.03532966304348,-69.70001,36.35326086956522,39.0,114.23511693333334,114.59928295086675,0,0,85.62493431169919,85.62493431169919,85.89789495783788
3474,2021-08-06T23:35:24,2021-08-07T00:46:58,537,8.0,80.8,72.8,83.68751166527778,114.95537316659036,71.56666564941406,108.48,36.07,134.25742574257427,-70.09647160148977,0.0,36.08193668528864,40.0,114.95537316659036,114.65998502656885,0,0,86.16480238655934,86.16480238655934,85.94339419996328
3475,2021-08-08T22:32:03,2021-08-08T23:32:47,456,23.2,85.2,62.0,70.74131977083334,114.09890285618282,60.733333587646484,114.28,38.0,134.13145539906102,-69.88684245614036,-69.70001,34.608552631578945,38.0,114.09890285618282,114.65617826617827,0,0,85.52283504729218,85.52283504729218,85.94054084263209
3477,2021-08-09T09:31:30,2021-08-09T09:48:00,100,33.6,50.4,16.799999999999997,19.283752055555556,114.78423842592595,16.5,67.65,22.5,134.22619047619048,-70.1230075,-69.89999,32.98,35.0,114.78423842592595,114.75055938390315,0,0,86.03652833807746,86.03652833807746,86.01128421141748
3480,2021-08-09T10:20:23,2021-08-09T10:37:03,101,83.6,97.6,14.0,16.59972348611111,118.5694534722222,16.66666603088379,131.0,43.57,134.22131147540983,-59.72178683168316,-41.60001,37.45049504950495,38.0,118.5694534722222,114.79210152211564,0,0,88.873736356028,88.873736356028,86.04242212199264
3482,2021-08-09T22:12:55,2021-08-09T22:29:45,102,28.0,45.2,17.200000000000003,19.696669694444452,114.51552147932819,16.83333396911621,60.64,20.17,134.15929203539824,-70.20687343137256,-70.0,30.95098039215686,33.0,114.51552147932819,114.75055938390315,0,0,85.83511154507588,85.83511154507588,86.01128421141748
3488,2021-08-10T17:36:59,2021-08-10T18:51:13,557,17.6,93.6,76.0,86.4747530875,113.78256985197369,74.23332977294922,125.71,41.81,134.30555555555554,-69.89407793536803,-69.60001,34.05924596050269,38.0,113.78256985197369,114.65617826617827,0,0,85.28572763730163,85.28572763730163,85.94054084263209
3489,2021-08-11T13:44:59,2021-08-11T14:26:16,311,39.2,81.2,42.0,48.10711177222222,114.5407423148148,41.28333282470703,108.93,36.22,134.1502463054187,-69.91736427652734,-69.70001,34.141479099678456,37.0,114.5407423148148,114.5681092526455,0,0,85.85401582284791,85.85401582284791,85.8745287116773
3491,2021-08-11T21:33:08,2021-08-11T21:52:28,117,22.0,38.8,16.799999999999997,19.369169888888898,115.29267791005297,19.33333396911621,51.88,17.25,133.71134020618558,-60.11112111111112,-60.10001,35.88461538461539,37.0,115.29267791005297,114.5681092526455,0,0,86.41762916415057,86.41762916415057,85.8745287116773
3493,2021-08-11T22:10:40,2021-08-11T22:29:30,114,46.8,63.6,16.800000000000004,18.86333630555556,112.28176372354497,18.83333396911621,85.16,28.32,133.8993710691824,-60.09562350877193,-60.0,38.25438596491228,40.0,112.28176372354497,114.5681092526455,0,0,84.16079837201887,84.16079837201887,85.8745287116773
3494,2021-08-11T22:29:41,2021-08-11T22:46:31,102,63.6,78.4,14.800000000000004,16.862224972222222,113.93395251501498,16.83333396911621,105.07,34.94,134.01785714285714,-60.10295098039216,-60.0,39.69607843137255,41.0,113.93395251501498,114.52813189707149,0,0,85.39919651558365,85.39919651558365,85.8445636839619
3495,2021-08-11T22:46:42,2021-08-11T23:09:02,135,78.4,96.8,18.39999999999999,21.59472516666667,117.36263677536239,22.33333396911621,129.74,43.14,134.02892561983472,-57.96371155555555,-41.80002,40.05185185185185,41.0,117.36263677536239,114.52813189707149,0,0,87.9691668753911,87.9691668753911,85.8445636839619
3501,2021-08-12T22:28:27,2021-08-12T22:45:47,105,68.0,83.2,15.200000000000003,17.401251236111108,114.48191602704675,17.33333396911621,111.52,37.09,134.03846153846152,-60.233337619047624,-59.80002,36.89047619047619,38.0,114.48191602704675,114.49871875318746,0,0,85.80992257760809,85.80992257760809,85.82251706134198
3505,2021-08-13T13:52:13,2021-08-13T14:11:03,114,27.6,46.8,19.199999999999996,22.014030666666667,114.65640972222225,18.83333396911621,62.62,20.82,133.8034188034188,-70.13334254385964,-70.0,36.89035087719298,39.0,114.65640972222225,114.52813189707149,0,0,85.94071433051475,85.94071433051475,85.8445636839619
3506,2021-08-13T14:11:14,2021-08-13T14:28:54,107,47.2,65.6,18.39999999999999,20.65083594444445,112.2328040458938,17.66666603088379,87.95,29.25,134.07012195121953,-70.13552289719625,-69.89999,39.09345794392523,41.0,112.2328040458938,114.52813189707149,0,0,84.1241006446007,84.1241006446007,85.8445636839619
3507,2021-08-13T14:29:05,2021-08-13T14:46:35,106,65.6,83.6,18.0,20.453335944444447,113.6296441358025,17.5,112.04,37.26,134.01913875598086,-70.12548066037736,-69.89999,40.735849056603776,42.0,113.6296441358025,114.49871875318746,0,0,85.17110216351348,85.17110216351348,85.82251706134198
3508,2021-08-13T14:46:46,2021-08-13T15:03:46,103,83.6,98.0,14.400000000000006,16.926529763888887,117.54534558256168,17.0,131.34,43.67,134.0204081632653,-59.703890388349514,-41.70001,41.0,42.0,117.54534558256168,114.49871875318746,0,0,88.10611626568881,88.10611626568881,85.82251706134198
3512,2021-08-14T04:34:04,2021-08-14T04:52:14,110,74.0,92.0,18.0,21.071113916666675,117.06174398148154,18.16666603088379,123.41,41.03,134.14130434782606,-69.59273654545454,-69.5,37.32272727272727,39.0,117.06174398148154,114.49871875318746,0,0,87.74363267537845,87.74363267537845,85.82251706134198
3516,2021-08-14T19:52:13,2021-08-14T20:08:43,100,56.8,74.0,17.200000000000003,19.27611363888889,112.07042813307491,16.5,99.14,32.97,133.97297297297297,-70.0950092,-70.0,36.89,38.0,112.07042813307491,114.49871875318746,0,0,84.00239177571555,84.00239177571555,85.82251706134198
3517,2021-08-14T20:08:54,2021-08-14T20:27:04,110,74.0,92.4,18.400000000000006,21.225003000000005,115.35327717391303,18.16666603088379,123.86,41.19,134.04761904761904,-70.100919,-70.0,37.981818181818184,39.0,115.35327717391303,114.49871875318746,0,0,86.46305134365761,86.46305134365761,85.82251706134198
3519,2021-08-15T16:16:44,2021-08-15T17:03:22,351,39.6,87.2,47.6,54.32897525277778,114.13650263188609,46.63333511352539,116.89,38.87,134.0481651376147,-69.90142843304844,-69.60001,33.12820512820513,36.0,114.13650263188609,114.41858481771729,0,0,85.55101795996521,85.55101795996521,85.76245266831671
3521,2021-08-16T14:27:50,2021-08-16T15:18:10,378,22.8,75.2,52.400000000000006,59.375472290277784,113.3119700196141,50.33333206176758,100.72,33.5,133.93617021276594,-70.7788525925926,-70.70001,37.6031746031746,41.0,113.3119700196141,114.41858481771729,0,0,84.93298952301053,84.93298952301053,85.76245266831671
3523,2021-08-16T16:45:45,2021-08-16T17:12:25,161,59.2,82.4,23.200000000000003,26.820697125,115.60645312499997,26.66666603088379,110.35,36.7,133.91990291262135,-60.3465898757764,-60.30002,39.92857142857143,41.0,115.60645312499997,114.41858481771729,0,0,86.65281938314561,86.65281938314561,85.76245266831671
3526,2021-08-17T00:26:44,2021-08-17T00:45:04,111,9.6,15.6,6.0,6.403196291666667,106.71993819444445,18.33333396911621,20.7,6.88,132.69230769230768,-21.33514117117117,-2.100006,40.909909909909906,43.0,106.71993819444445,114.32615127353355,0,0,79.99193192913435,79.99193192913435,85.69316910332023
3527,2021-08-17T00:45:15,2021-08-17T01:04:15,115,15.6,22.0,6.4,7.099446713888889,110.92885490451388,19.0,29.25,9.719999,132.95454545454547,-22.352181130434783,-2.0,40.34782608695652,42.0,110.92885490451388,114.32615127353355,0,0,83.14672553812088,83.14672553812088,85.69316910332023
3529,2021-08-17T01:07:06,2021-08-17T01:26:31,118,23.2,40.0,16.8,19.270418788888893,114.70487374338626,19.41666603088379,53.55,17.81,133.87499999999997,-59.568650542372886,-2.600006,40.51271186440678,43.0,114.70487374338626,114.41858481771729,0,0,85.9770405386025,85.9770405386025,85.76245266831671
3530,2021-08-17T01:26:42,2021-08-17T01:45:02,111,40.0,56.0,16.0,18.33430693055556,114.58941831597224,18.33333396911621,75.0,24.94,133.92857142857142,-60.00270729729729,-59.30002,41.7972972972973,44.0,114.58941831597224,114.41858481771729,0,0,85.89050092054421,85.89050092054421,85.76245266831671
3531,2021-08-17T01:45:13,2021-08-17T02:07:43,136,56.4,74.8,18.4,21.764863833333337,118.287303442029,22.5,100.21,33.32,133.97058823529412,-58.03897786764706,-56.70001,43.466911764705884,46.0,118.287303442029,114.41858481771729,0,0,88.66225079493356,88.66225079493356,85.76245266831671
3532,2021-08-17T02:07:54,2021-08-17T02:28:54,127,75.2,91.6,16.39999999999999,19.512918597222228,118.98121095867218,21.0,122.74,40.82,133.99563318777294,-55.751186692913365,-54.70001,44.0,46.0,118.98121095867218,114.49871875318746,0,0,89.18236918869896,89.18236918869896,85.82251706134198
3534,2021-08-17T06:30:17,2021-08-17T07:19:09,367,46.8,95.6,48.8,56.25719673611112,115.28114085268672,48.86666488647461,128.06,42.59,133.9539748953975,-69.03706002724795,-41.5,39.73024523160763,43.0,115.28114085268672,114.52813189707149,0,0,86.40898156255787,86.40898156255787,85.8445636839619
3539,2021-08-17T15:24:52,2021-08-17T15:49:52,151,78.8,97.6,18.799999999999997,22.090002583333334,117.50001374113477,25.0,130.75,43.48,133.96516393442624,-52.988747947019874,-41.70001,41.26158940397351,42.0,117.50001374113477,114.52813189707149,0,0,88.07213778298919,88.07213778298919,85.8445636839619
3544,2021-08-18T15:01:20,2021-08-18T16:09:56,515,13.6,83.6,70.0,80.13589645416667,114.47985207738097,68.5999984741211,112.01,37.25,133.98325358851676,-70.0897153592233,-69.80002,39.193203883495144,43.0,114.47985207738097,114.52813189707149,0,0,85.80837554409247,85.80837554409247,85.8445636839619
3545,2021-08-19T00:35:41,2021-08-19T02:00:26,636,12.8,96.4,83.60000000000001,97.80580227361112,116.99258645168793,84.75,129.1,42.93,133.92116182572613,-69.2212339308176,-41.70001,37.58254716981132,42.0,116.99258645168793,114.56508031539352,0,0,87.69179564746001,87.69179564746001,85.87225837169606
3548,2021-08-19T14:51:20,2021-08-19T15:11:40,123,34.0,47.6,13.600000000000001,15.673751361111115,115.24817177287584,20.33333396911621,63.62,21.15,133.65546218487393,-46.24959756097561,-45.80002,36.86585365853659,38.0,115.24817177287584,114.56508031539352,0,0,86.38426958808883,86.38426958808883,85.87225837169606
3549,2021-08-19T15:11:51,2021-08-19T15:29:31,107,47.6,59.6,12.0,13.369030402777781,111.40858668981485,17.66666603088379,79.77,26.53,133.84228187919464,-45.40374719626168,-44.89999,38.200934579439256,39.0,111.40858668981485,114.56508031539352,0,0,83.50630850793218,83.50630850793218,85.87225837169606
3558,2021-08-20T15:20:21,2021-08-20T15:49:51,178,59.2,78.0,18.799999999999997,21.611808930555554,114.9564304816785,29.5,104.26,34.67,133.66666666666666,-43.9567484269663,-43.0,35.31741573033708,37.0,114.9564304816785,114.62291401909724,0,0,86.165594897106,86.165594897106,85.91560762552947
3559,2021-08-20T15:50:02,2021-08-20T16:22:58,199,78.0,97.6,19.599999999999994,23.086114427777776,117.78629810090705,32.93333435058594,130.6,43.43,133.81147540983605,-42.058297537688446,-41.10001,36.0,37.0,117.78629810090705,114.68064173280425,0,0,88.28672223090702,88.28672223090702,85.95887743455862
3560,2021-08-21T01:24:44,2021-08-21T02:38:34,554,13.6,88.8,75.2,86.09653041388889,114.49006703974585,73.83333587646484,118.84,39.52,133.82882882882882,-69.96552559566787,-69.70001,38.1173285198556,42.0,114.49006703974585,114.68064173280425,0,0,85.81603216934897,85.81603216934897,85.95887743455862
3565,2021-08-21T14:07:16,2021-08-21T14:24:06,102,75.2,90.0,14.799999999999997,16.942636958333335,114.47727674549553,16.83333396911621,120.39,40.03,133.76666666666665,-60.389208921568624,-60.30002,38.0,39.0,114.47727674549553,114.62291401909724,0,0,85.80644520402332,85.80644520402332,85.91560762552947
3568,2021-08-21T20:08:31,2021-08-21T20:29:21,126,59.6,80.4,20.800000000000004,24.399866847222224,117.30705215010683,20.83333396911621,107.52,35.75,133.73134328358208,-70.27144507936511,-70.20001,40.6468253968254,42.0,117.30705215010683,114.62291401909724,0,0,87.92750341835603,87.92750341835603,85.91560762552947
3569,2021-08-22T08:39:13,2021-08-22T09:10:21,189,56.0,76.4,20.400000000000006,23.330694680555556,114.36615039488014,31.133333206176758,102.2,33.99,133.7696335078534,-44.921164497354496,-29.10001,33.597883597883595,35.0,114.36615039488014,114.56508031539352,0,0,85.72315044557092,85.72315044557092,85.87225837169606
3570,2021-08-22T09:10:32,2021-08-22T09:30:02,118,76.4,88.8,12.399999999999991,14.625,117.94354838709685,19.5,118.82,39.51,133.80630630630628,-45.0,-45.0,34.49152542372882,35.0,117.94354838709685,114.62291401909724,0,0,88.40458918624404,88.40458918624404,85.91560762552947
3573,2021-08-22T22:10:02,2021-08-22T22:40:02,181,52.8,83.6,30.799999999999997,35.37597920833334,114.85707535173162,30.0,111.87,37.2,133.81578947368422,-70.75194767955801,-70.60001,39.35911602209945,41.0,114.85707535173162,114.68064173280425,0,0,86.0911232573545,86.0911232573545,85.95887743455862
3576,2021-08-24T00:27:22,2021-08-24T00:47:42,123,25.6,43.6,18.0,20.520001722222222,114.00000956790124,20.33333396911621,58.16,19.34,133.39449541284404,-60.550411544715445,-60.5,35.109756097560975,37.0,114.00000956790124,114.68064173280425,0,0,85.44870958097064,85.44870958097064,85.95887743455862
3577,2021-08-24T00:47:53,2021-08-24T01:06:23,112,43.6,60.4,16.799999999999997,18.668056944444444,111.11938657407408,18.5,80.78,26.86,133.74172185430464,-60.54554026785714,-60.5,36.90625,39.0,111.11938657407408,114.68064173280425,0,0,83.28953855506654,83.28953855506654,85.95887743455862
3578,2021-08-24T01:06:34,2021-08-24T01:25:04,112,60.4,76.8,16.4,18.687225083333335,113.94649441056913,18.5,102.71,34.15,133.73697916666666,-60.607152142857146,-60.5,38.388392857142854,40.0,113.94649441056913,114.68064173280425,0,0,85.40859729366133,85.40859729366133,85.95887743455862
3581,2021-08-24T06:09:19,2021-08-24T06:39:54,186,65.6,92.4,26.80000000000001,30.494135091666664,113.78408616293525,30.58333396911621,123.71,41.14,133.88528138528136,-59.75590655913979,-33.89999,35.844086021505376,37.0,113.78408616293525,114.62291401909724,0,0,85.28686418821492,85.28686418821492,85.91560762552947
3584,2021-08-24T19:00:08,2021-08-24T19:40:27,243,20.0,61.2,41.2,47.11817330277777,114.36449830771302,40.31666564941406,81.86,27.22,133.75816993464053,-70.12223209876544,-70.0,37.78600823045267,41.0,114.36449830771302,114.56508031539352,0,0,85.7219121235999,85.7219121235999,85.87225837169606
3585,2021-08-24T19:40:38,2021-08-24T20:09:28,174,61.2,89.6,28.39999999999999,33.699032583333334,118.65856543427233,28.83333396911621,120.0,39.9,133.92857142857144,-70.12529735632184,-70.10001,40.78448275862069,42.0,118.65856543427233,114.56508031539352,0,0,88.94053022906604,88.94053022906604,85.87225837169606
3587,2021-08-25T12:42:58,2021-08-25T13:06:18,141,37.6,53.2,15.600000000000001,17.931807861111107,114.94748628917374,23.33333396911621,70.96,23.6,133.38345864661653,-46.11064425531916,-45.60001,35.319148936170215,37.0,114.94748628917374,114.56508031539352,0,0,86.15889077742503,86.15889077742503,85.87225837169606
3588,2021-08-25T13:06:29,2021-08-25T13:38:29,193,53.2,74.4,21.200000000000003,23.71125413888889,111.84553839098533,32.0,99.43,33.07,133.64247311827955,-44.459075077720215,-43.30002,36.92227979274612,38.0,111.84553839098533,114.56508031539352,0,0,83.83382566477933,83.83382566477933,85.87225837169606
3589,2021-08-25T13:38:40,2021-08-25T14:09:30,186,74.4,92.8,18.39999999999999,21.833892249999998,118.66245788043483,30.83333396911621,124.03,41.25,133.65301724137933,-42.48710333333334,-41.5,37.5,38.0,118.66245788043483,114.56508031539352,0,0,88.94344781216941,88.94344781216941,85.87225837169606
3592,2021-08-26T12:02:58,2021-08-26T12:22:08,116,8.0,27.6,19.6,22.37222333333333,114.14399659863943,19.16666603088379,36.78,12.23,133.26086956521738,-70.03448620689655,-69.89999,35.48706896551724,36.0,114.14399659863943,114.56508031539352,0,0,85.55663506290358,85.55663506290358,85.87225837169606
3593,2021-08-26T12:22:19,2021-08-26T12:43:29,128,28.0,49.6,21.6,24.679859652777772,114.25860950360078,21.16666603088379,66.32,22.05,133.70967741935482,-69.958589609375,-69.89999,36.6171875,38.0,114.25860950360078,114.52813189707149,0,0,85.64254316823965,85.64254316823965,85.8445636839619
3594,2021-08-26T12:43:40,2021-08-26T13:03:10,118,49.6,69.6,19.999999999999993,22.734998499999993,113.6749925,19.5,92.98,30.92,133.59195402298852,-69.9542327118644,-69.89999,39.13559322033898,41.0,113.6749925,114.50279425953701,0,0,85.20509303085615,85.20509303085615,85.82557185721242
3595,2021-08-26T13:03:21,2021-08-26T13:21:21,109,69.6,87.6,18.0,20.988888111111105,116.60493395061725,18.0,117.15,38.96,133.7328767123288,-69.96238266055046,-69.80002,40.596330275229356,42.0,116.60493395061725,114.51540467728033,0,0,87.4012307070896,87.4012307070896,85.83502399609844
3601,2021-08-27T12:00:23,2021-08-27T12:17:18,103,43.6,58.0,14.399999999999999,16.770557243055553,116.46220307677468,16.91666603088379,77.5,25.77,133.6206896551724,-59.48544291262136,-58.5,36.99514563106796,39.0,116.46220307677468,114.56508031539352,0,0,87.29424677758433,87.29424677758433,85.87225837169606
3602,2021-08-27T12:17:29,2021-08-27T12:49:19,192,58.4,84.4,26.000000000000007,30.12111448611111,115.85044033119655,31.83333396911621,112.87,37.53,133.73222748815166,-56.773964739583334,-55.10001,38.614583333333336,40.0,115.85044033119655,114.62291401909724,0,0,86.83569999870684,86.83569999870684,85.91560762552947
3607,2021-08-28T09:29:09,2021-08-28T09:46:59,108,71.2,89.2,18.0,20.865419500000005,115.91899722222226,17.83333396911621,119.25,39.65,133.68834080717488,-70.20093546296296,-70.0,36.388888888888886,37.0,115.91899722222226,114.62291401909724,0,0,86.8870868178241,86.8870868178241,85.91560762552947
3610,2021-08-28T18:26:30,2021-08-28T18:45:00,112,41.6,47.6,6.0,6.968336416666671,116.13894027777785,18.5,63.53,21.12,133.46638655462183,-22.60001,-22.60001,34.986607142857146,36.0,116.13894027777785,114.68064173280425,0,0,87.05194513976421,87.05194513976421,85.95887743455862
3611,2021-08-28T18:45:11,2021-08-28T19:03:01,108,47.6,54.0,6.399999999999999,6.717225194444447,104.95664366319451,17.83333396911621,72.04,23.96,133.40740740740742,-22.600010000000005,-22.60001,35.18981481481482,36.0,104.95664366319451,114.68064173280425,0,0,78.67025447596934,78.67025447596934,85.95887743455862
3612,2021-08-28T19:03:12,2021-08-28T19:20:12,103,54.0,59.6,5.600000000000001,6.40333616666667,114.34528869047622,17.0,79.56,26.46,133.48993288590606,-22.600010000000008,-22.60001,35.5,36.0,114.34528869047622,114.62291401909724,0,0,85.70751355459407,85.70751355459407,85.91560762552947
3614,2021-08-28T19:29:34,2021-08-28T19:48:14,113,62.8,68.8,6.0,7.031114222222224,117.18523703703707,18.66666603088379,91.85,30.54,133.50290697674419,-22.60001,-22.60001,35.98672566371681,37.0,117.18523703703707,114.68064173280425,0,0,87.83619689778007,87.83619689778007,85.95887743455862
3615,2021-08-28T19:48:25,2021-08-28T20:05:25,103,68.8,74.4,5.6000000000000085,6.40333616666667,114.34528869047608,17.0,99.37,33.04,133.56182795698925,-22.600010000000008,-22.60001,35.53883495145631,37.0,114.34528869047608,114.64714602967925,0,0,85.70751355459397,85.70751355459397,85.93377072957335
3616,2021-08-28T20:05:36,2021-08-28T20:24:46,116,74.4,80.8,6.3999999999999915,7.219447638888892,112.80386935763907,19.16666603088379,107.95,35.89,133.60148514851485,-22.600010000000005,-22.60001,35.5,36.0,112.80386935763907,114.64714602967925,0,0,84.55214266108864,84.55214266108864,85.93377072957335
3617,2021-08-28T20:24:57,2021-08-28T20:42:47,108,80.8,86.4,5.6000000000000085,6.717225194444447,119.95044990079352,17.83333396911621,115.46,38.39,133.63425925925924,-22.600010000000005,-22.60001,35.5,36.0,119.95044990079352,114.78097454755894,0,0,89.90886225825052,89.90886225825052,86.0340818979785
3618,2021-08-28T20:42:58,2021-08-28T21:01:28,112,86.4,92.0,5.599999999999994,6.968336416666671,124.43457886904781,18.5,122.92,40.88,133.6086956521739,-22.60001,-22.60001,35.34375,36.0,124.43457886904781,114.78097454755894,0,0,93.26994122117603,93.26994122117603,86.0340818979785
3620,2021-08-29T03:45:32,2021-08-29T04:09:32,145,41.2,65.6,24.39999999999999,28.04375291666667,114.93341359289623,24.0,87.57,29.12,133.4908536585366,-70.10966248275862,-69.89999,33.713793103448275,36.0,114.93341359289623,114.78097454755894,0,0,86.14834258763281,86.14834258763281,86.0340818979785
3621,2021-08-29T04:09:43,2021-08-29T04:36:53,164,65.6,93.2,27.60000000000001,31.73555865277778,114.9839081622383,27.16666603088379,124.68,41.46,133.77682403433477,-70.09086048780489,-69.80002,35.94207317073171,38.0,114.9839081622383,114.89524447231392,0,0,86.18619079315033,86.18619079315033,86.11973292249365
3623,2021-08-29T10:52:41,2021-08-29T11:24:31,192,23.2,55.6,32.400000000000006,37.1748645138889,114.73723615397806,31.83333396911621,74.33,24.71,133.6870503597122,-70.06771473958334,-69.80002,36.536458333333336,39.0,114.73723615397806,114.79715575285485,0,0,86.00129778414555,86.00129778414555,86.04621052075002
3624,2021-08-29T11:24:42,2021-08-29T11:54:57,184,56.0,86.4,30.400000000000006,35.30534998472223,116.13601968658625,30.25,115.53,38.42,133.71527777777777,-70.02826635869566,-69.70001,39.99184782608695,42.0,116.13601968658625,114.89524447231392,0,0,87.04975601057482,87.04975601057482,86.11973292249365
3627,2021-08-29T20:30:14,2021-08-29T20:57:54,167,34.8,63.6,28.800000000000004,32.291251027777776,112.12239940200615,27.66666603088379,84.9,28.23,133.49056603773585,-70.02934353293413,-69.89999,39.49700598802395,42.0,112.12239940200615,114.89524447231392,0,0,84.04134684144134,84.04134684144134,86.11973292249365
3629,2021-08-29T20:58:25,2021-08-29T21:25:45,165,64.0,91.2,27.200000000000003,31.904028930555555,117.2942240093954,27.33333396911621,121.91,40.53,133.67324561403507,-70.03333587878788,-69.80002,42.06969696969697,44.0,117.2942240093954,114.89524447231392,0,0,87.91788808521467,87.91788808521467,86.11973292249365
3633,2021-08-30T19:04:46,2021-08-30T19:21:56,104,50.8,68.8,18.0,20.62833597222223,114.60186651234574,17.16666603088379,91.82999,30.54,133.4738226744186,-72.09904769230769,-72.0,38.85576923076923,41.0,114.60186651234574,114.89524447231392,0,0,85.89983146639905,85.89983146639905,86.11973292249365
3637,2021-08-31T14:07:07,2021-08-31T14:35:37,172,16.4,41.2,24.800000000000004,28.50166683333333,114.92607594086019,28.5,54.89,18.25,133.22815533980582,-60.003488720930235,-60.0,34.491279069767444,36.0,114.92607594086019,114.9297447668782,0,0,86.14284265039412,86.14284265039412,86.14559261901346
3638,2021-08-31T14:35:48,2021-08-31T15:04:18,172,41.2,66.4,25.200000000000003,28.50083341666667,113.09854530423281,28.5,88.68,29.49,133.55421686746988,-60.00174436046512,-59.89999,36.80232558139535,39.0,113.09854530423281,114.9297447668782,0,0,84.77301702308584,84.77301702308584,86.14559261901346
3639,2021-08-31T15:04:29,2021-08-31T15:33:19,174,66.4,91.2,24.799999999999997,28.837500416666668,116.28024361559142,28.83333396911621,121.75,40.49,133.49780701754386,-60.00862155172414,-60.0,38.72126436781609,40.0,116.28024361559142,114.94044994103498,0,0,87.15785905960877,87.15785905960877,86.15361668252892
3641,2021-09-01T03:57:11,2021-09-01T04:17:31,123,20.4,37.6,17.200000000000003,20.26431170833334,117.81576574612404,20.33333396911621,50.02,16.64,133.03191489361703,-59.796766016260165,-59.70001,35.15853658536585,37.0,117.81576574612404,114.94044994103498,0,0,88.3088097050022,88.3088097050022,86.15361668252892
3642,2021-09-01T04:17:42,2021-09-01T04:48:22,185,38.0,64.4,26.400000000000006,30.555842472222228,115.74182754629629,30.66666603088379,85.85,28.55,133.30745341614906,-59.78326113513514,-59.70001,37.18648648648649,40.0,115.74182754629629,114.94044994103498,0,0,86.75428928348937,86.75428928348937,86.15361668252892
3643,2021-09-01T04:48:33,2021-09-01T05:16:13,167,64.8,88.4,23.60000000000001,27.571396916666675,116.82795303672314,27.66666603088379,118.06,39.26,133.55203619909503,-59.79343059880239,-59.70001,39.01497005988024,41.0,116.82795303672314,114.94044994103498,0,0,87.5683946677937,87.5683946677937,86.15361668252892
3646,2021-09-01T16:32:16,2021-09-01T16:50:46,112,14.4,28.0,13.6,14.365419138888889,105.62808190359476,18.5,37.28,12.39,133.14285714285714,-46.59107946428571,-46.10001,35.0,36.0,105.62808190359476,114.9297447668782,0,0,79.17353102325197,79.17353102325197,86.14559261901346
3647,2021-09-01T16:50:57,2021-09-01T17:09:07,110,28.0,40.0,12.0,13.940417930555554,116.17014942129629,18.16666603088379,53.28,17.72,133.2,-46.04182236363636,-45.89999,35.486363636363635,37.0,116.17014942129629,114.94044994103498,0,0,87.07533795394805,87.07533795394805,86.15361668252892
3648,2021-09-01T17:09:18,2021-09-01T17:27:28,110,40.0,52.0,12.0,13.82930780555556,115.244231712963,18.16666603088379,69.35,23.06,133.3653846153846,-45.6745529090909,-45.30002,36.64090909090909,38.0,115.244231712963,114.94044994103498,0,0,86.3813163160979,86.3813163160979,86.15361668252892
3649,2021-09-01T17:27:39,2021-09-01T17:47:29,120,52.0,64.8,12.799999999999997,14.775419416666669,115.43296419270837,19.83333396911621,86.43,28.74,133.37962962962965,-44.69834166666668,-44.0,38.0,39.0,115.43296419270837,114.94044994103498,0,0,86.52278075027982,86.52278075027982,86.15361668252892
3652,2021-09-01T23:08:36,2021-09-01T23:27:06,112,31.2,50.0,18.8,21.631808625000005,115.06281183510642,18.5,66.74,22.19,133.48,-70.1562599107143,-70.0,37.035714285714285,39.0,115.06281183510642,114.95195838542611,0,0,86.24533304281624,86.24533304281624,86.16224283726552
3653,2021-09-01T23:27:17,2021-09-01T23:45:07,108,50.0,68.4,18.400000000000006,20.85194716666667,113.32579981884057,17.83333396911621,91.2,30.32,133.33333333333331,-70.15649064814815,-69.89999,39.24074074074074,41.0,113.32579981884057,114.94044994103498,0,0,84.94335564931302,84.94335564931302,86.15361668252892
3654,2021-09-01T23:45:18,2021-09-02T00:05:18,121,68.4,88.4,20.0,23.378336,116.89168,20.0,117.96,39.23,133.4389140271493,-70.1355452066116,-69.89999,40.735537190082646,42.0,116.89168,114.94044994103498,0,0,87.61616121446471,87.61616121446471,86.15361668252892
3656,2021-09-02T14:08:41,2021-09-02T14:26:25,108,26.8,44.8,17.999999999999996,20.67694325,114.87190694444448,17.733333587646484,59.78,19.88,133.43750000000003,-69.95925518518519,-69.89999,35.0787037037037,37.0,114.87190694444448,114.94044994103498,0,0,86.10224027798587,86.10224027798587,86.15361668252892
3657,2021-09-02T14:26:36,2021-09-02T14:44:26,108,44.8,63.2,18.400000000000006,20.794304430555556,113.01252407910626,17.83333396911621,84.28,28.03,133.35443037974684,-69.96203324074074,-69.89999,37.458333333333336,39.0,113.01252407910626,114.94044994103498,0,0,84.7085398119742,84.7085398119742,86.15361668252892
3660,2021-09-02T20:49:34,2021-09-02T23:23:43,1156,32.4,64.0,31.6,36.30954395277778,114.90362010372715,154.14999389648438,85.35,28.39,133.359375,-14.126822906574395,0.0,37.936851211072664,40.0,114.90362010372715,114.9297447668782,0,0,86.12601087719645,86.12601087719645,86.14559261901346
3662,2021-09-03T12:06:54,2021-09-03T12:25:14,111,31.2,43.2,12.000000000000004,13.933057986111113,116.10881655092591,18.33333396911621,57.52,19.13,133.14814814814815,-45.5982062162162,-45.20001,35.7027027027027,37.0,116.10881655092591,114.94044994103498,0,0,87.02936589966568,87.02936589966568,86.15361668252892
3663,2021-09-03T12:25:25,2021-09-03T12:45:15,120,43.2,56.4,13.199999999999996,14.851391416666669,112.5105410353536,19.83333396911621,75.25,25.02,133.42198581560285,-44.928341,-44.39999,36.99166666666667,38.0,112.5105410353536,114.9297447668782,0,0,84.33227841092015,84.33227841092015,86.14559261901346
3665,2021-09-03T20:11:28,2021-09-03T20:34:14,139,20.4,31.6,11.200000000000003,13.356907187500001,119.25809988839283,22.766666412353516,42.0,13.96,132.91139240506328,-35.18634251798561,-31.0,36.0,37.0,119.25809988839283,114.94044994103498,0,0,89.38991129182301,89.38991129182301,86.15361668252892
3666,2021-09-03T20:34:25,2021-09-03T20:55:35,128,32.0,42.4,10.399999999999999,12.417503527777775,119.39907238247864,21.16666603088379,56.43,18.76,133.08962264150944,-35.19922875,-35.10001,36.6015625,38.0,119.39907238247864,114.96569722570601,0,0,89.49557722774443,89.49557722774443,86.17254078528768
3667,2021-09-03T20:55:46,2021-09-03T21:16:56,128,42.8,53.6,10.800000000000004,12.417503555555554,114.97688477366249,21.16666603088379,71.4,23.75,133.2089552238806,-35.199228828125,-35.10001,37.43359375,39.0,114.97688477366249,114.98039646795038,0,0,86.1809264120949,86.1809264120949,86.18355860262261
3668,2021-09-03T21:17:07,2021-09-03T21:41:27,148,53.6,66.4,12.800000000000004,14.27555963888889,111.52780967881942,24.33333396911621,88.50999,29.43,133.29817771084336,-35.200010067567575,-35.10001,38.33108108108108,40.0,111.52780967881942,114.98039646795038,0,0,83.59567210186029,83.59567210186029,86.18355860262261
3676,2021-09-04T04:39:42,2021-09-04T06:05:34,645,25.2,96.4,71.2,82.89956468,116.43197286516852,85.86666870117188,128.62,42.77,133.4232365145228,-57.91752577054264,-42.200012,37.736434108527135,41.0,116.43197286516852,115.02335999867236,0,0,87.27158772183601,87.27158772183601,86.21576191798329
3677,2021-09-04T11:47:24,2021-09-04T12:06:04,113,25.6,42.0,16.4,18.719721166666666,114.14464126016262,18.66666603088379,55.86,18.57,133.0,-60.0185807079646,-25.60001,37.482300884955755,39.0,114.14464126016262,115.02335999867236,0,0,85.5571182689619,85.5571182689619,86.21576191798329
3678,2021-09-04T12:06:15,2021-09-04T12:28:25,134,42.0,61.6,19.6,22.314996583333333,113.85202338435373,22.16666603088379,82.06,27.28,133.21428571428572,-60.40148328358209,-60.30002,39.485074626865675,42.0,113.85202338435373,114.98039646795038,0,0,85.33778653396496,85.33778653396496,86.18355860262261
3679,2021-09-04T12:28:36,2021-09-04T12:52:16,143,61.6,82.4,20.800000000000004,23.84208115277778,114.62539015758546,23.66666603088379,109.98,36.57,133.47087378640776,-60.444749720279724,-60.39999,41.47552447552447,43.0,114.62539015758546,114.98039646795038,0,0,85.91746361518565,85.91746361518565,86.18355860262261
3681,2021-09-04T16:49:16,2021-09-04T17:06:56,107,58.8,73.6,14.799999999999997,17.053890430555555,115.22898939564567,17.66666603088379,98.17,32.64,133.38315217391306,-57.920565981308414,-56.80002,42.72429906542056,44.0,115.22898939564567,115.02335999867236,0,0,86.36989143683054,86.36989143683054,86.21576191798329
3682,2021-09-04T17:07:07,2021-09-04T17:25:47,113,73.6,88.4,14.800000000000011,17.406807347222223,117.61356315690684,18.66666603088379,117.99,39.24,133.47285067873304,-55.95044831858407,-54.89999,43.0,44.0,117.61356315690684,115.02335999867236,0,0,88.15724874998098,88.15724874998098,86.21576191798329
3685,2021-09-05T01:13:41,2021-09-05T01:42:21,173,19.2,44.4,25.2,28.85888422222222,114.51938183421515,28.66666603088379,59.17,19.67,133.26576576576576,-60.402302369942205,-60.39999,38.41329479768786,40.0,114.51938183421515,115.02335999867236,0,0,85.83800507416298,85.83800507416298,86.21576191798329
3686,2021-09-05T01:42:32,2021-09-05T02:17:52,213,44.4,74.8,30.4,35.56860530555555,117.00199113669589,35.33333206176758,99.68,33.15,133.26203208556151,-60.399520657277,-60.30002,40.66901408450704,43.0,117.00199113669589,115.14590061537604,0,0,87.6988449293065,87.6988449293065,86.30761223982338
3687,2021-09-05T02:18:03,2021-09-05T02:46:43,173,75.2,97.6,22.39999999999999,27.361247222222218,122.14842509920638,28.66666603088379,130.21,43.3,133.41188524590166,-57.23467630057802,-42.70001,41.5,43.0,122.14842509920638,115.23661055430433,0,0,91.55635461467432,91.55635461467432,86.37560387646423
3689,2021-09-05T15:40:24,2021-09-05T16:01:24,127,30.0,51.6,21.6,24.533197180555565,113.57961657664612,21.0,68.76,22.86,133.25581395348837,-70.09449598425198,-69.89999,40.468503937007874,42.0,113.57961657664612,115.14590061537604,0,0,85.1336040054905,85.1336040054905,86.30761223982338
3690,2021-09-05T16:01:35,2021-09-05T16:20:15,113,51.6,70.8,19.199999999999996,21.806807833333337,113.5771241319445,18.66666603088379,94.4,31.39,133.33333333333334,-70.09381265486726,-69.89999,42.85840707964602,44.0,113.5771241319445,115.02335999867236,0,0,85.13173579351174,85.13173579351174,86.21576191798329
3693,2021-09-06T12:42:04,2021-09-06T13:00:04,109,25.6,43.6,18.0,21.019168277777776,116.77315709876542,18.0,58.03,19.29,133.09633027522935,-70.0633080733945,-69.80002,35.63302752293578,38.0,116.77315709876542,115.02335999867236,0,0,87.5273223713394,87.5273223713394,86.21576191798329
3694,2021-09-06T13:00:15,2021-09-06T13:16:55,101,44.0,61.2,17.200000000000003,19.45958527777778,113.13712370801032,16.66666603088379,81.68,27.16,133.46405228758172,-70.05545257425743,-69.80002,37.97029702970297,40.0,113.13712370801032,114.98039646795038,0,0,84.80193346645262,84.80193346645262,86.18355860262261
3695,2021-09-06T13:17:06,2021-09-06T13:34:26,105,61.2,78.8,17.599999999999994,20.23500180555555,114.97160116792931,17.33333396911621,105.2,34.98,133.502538071066,-70.04286342857142,-69.80002,39.94761904761905,41.0,114.97160116792931,114.9742429707959,0,0,86.17696608530593,86.17696608530593,86.17894624870041
3698,2021-09-06T18:09:32,2021-09-06T18:27:42,110,66.0,81.6,15.599999999999994,18.21514022222222,116.7637193732194,18.16666603088379,108.85,36.2,133.39460784313727,-60.16000445454546,-59.70001,39.0,40.0,116.7637193732194,114.98039646795038,0,0,87.5202483239569,87.5202483239569,86.18355860262261
3699,2021-09-06T18:27:53,2021-09-06T18:46:03,110,82.0,96.8,14.799999999999997,17.41319643055556,117.65673263888894,18.16666603088379,129.16,42.95,133.4297520661157,-57.455461090909075,-42.20001,39.44090909090909,40.0,117.65673263888894,115.02335999867236,0,0,88.18960643611304,88.18960643611304,86.21576191798329
3701,2021-09-06T20:46:24,2021-09-06T21:06:24,121,73.2,93.6,20.39999999999999,23.662777388888887,115.99400680827891,20.0,124.71,41.47,133.23717948717947,-70.98842859504131,-70.89999,39.62396694214876,41.0,115.99400680827891,115.02335999867236,0,0,86.94331025463816,86.94331025463816,86.21576191798329
3703,2021-09-07T01:01:09,2021-09-07T01:22:49,131,66.4,84.0,17.599999999999994,20.420557263888888,116.02589354482328,21.66666603088379,112.01,37.25,133.3452380952381,-56.54962305343512,-55.39999,38.49618320610687,40.0,116.02589354482328,115.14590061537604,0,0,86.9672109586889,86.9672109586889,86.30761223982338
3704,2021-09-07T01:23:00,2021-09-07T01:41:50,114,84.0,97.6,13.599999999999994,16.147641208333336,118.73265594362752,18.83333396911621,129.99,43.23,133.18647540983608,-51.42106,-42.10001,38.5,40.0,118.73265594362752,115.23661055430433,0,0,88.99606477191911,88.99606477191911,86.37560387646423
3706,2021-09-07T23:31:42,2021-09-07T23:49:22,107,15.6,31.2,15.6,17.689724166666668,113.39566773504275,17.66666603088379,41.43,13.78,132.78846153846155,-60.075707476635515,-59.60001,36.0607476635514,37.0,113.39566773504275,115.14590061537604,0,0,84.995725147379,84.995725147379,86.30761223982338
3707,2021-09-07T23:49:33,2021-09-08T00:14:47,154,31.2,53.2,22.000000000000004,25.273058758333335,114.87753981060605,25.233333587646484,70.85,23.57,133.1766917293233,-60.09481279220779,-59.60001,37.366883116883116,39.0,114.87753981060605,115.02335999867236,0,0,86.10646239293634,86.10646239293634,86.21576191798329
3708,2021-09-08T00:14:58,2021-09-08T00:33:48,114,53.2,69.6,16.39999999999999,18.868195861111115,115.04997476287271,18.83333396911621,92.75,30.85,133.26149425287358,-60.10965368421052,-59.70001,39.45175438596491,41.0,115.04997476287271,115.05639329898956,0,0,86.23571101505215,86.23571101505215,86.2405220289342
3709,2021-09-08T00:33:59,2021-09-08T00:51:49,108,69.6,84.8,15.200000000000003,17.864585194444444,117.53016575292396,17.83333396911621,113.01,37.58,133.26650943396228,-60.10556185185186,-59.70001,40.375,42.0,117.53016575292396,115.14590061537604,0,0,88.09473822406304,88.09473822406304,86.30761223982338
3710,2021-09-08T00:52:00,2021-09-08T01:08:50,102,85.2,97.6,12.399999999999991,15.312640819444445,123.48903886648755,16.83333396911621,130.03,43.25,133.22745901639345,-54.54804607843136,-42.0,41.0,42.0,123.48903886648755,115.23661055430433,0,0,92.56121169227332,92.56121169227332,86.37560387646423
3711,2021-09-08T08:51:31,2021-09-08T09:08:41,104,24.4,41.6,17.200000000000003,20.04291818055556,116.52859407299741,17.16666603088379,55.41,18.42,133.19711538461536,-70.05288990384615,-70.0,34.40865384615385,36.0,116.52859407299741,115.23661055430433,0,0,87.34401015020622,87.34401015020622,86.37560387646423
3712,2021-09-08T09:08:52,2021-09-08T09:37:32,173,41.6,70.8,29.199999999999996,33.46486315277778,114.60569572869103,28.66666603088379,94.3,31.36,133.19209039548022,-70.04277884393065,-70.0,36.91329479768786,39.0,114.60569572869103,115.23661055430433,0,0,85.9027016555916,85.9027016555916,86.37560387646423
3713,2021-09-08T09:37:43,2021-09-08T10:07:13,178,71.2,97.6,26.39999999999999,31.40792161111111,118.96940004208759,29.5,130.08,43.26,133.27868852459017,-63.837088707865156,-42.30002,38.86516853932584,40.0,118.96940004208759,115.23661055430433,0,0,89.17351631592334,89.17351631592334,86.37560387646423
3714,2021-09-08T17:24:20,2021-09-08T18:45:46,611,23.6,97.6,74.0,86.59085076666666,117.01466319819819,81.43333435058594,130.08,43.26,133.27868852459017,-63.78789130932897,-41.89999,42.657937806873974,45.0,117.01466319819819,115.33859795283568,0,0,87.70834327327337,87.70834327327337,86.45204853318886
3715,2021-09-09T02:03:29,2021-09-09T02:46:28,323,41.6,84.8,43.199999999999996,50.1305012888889,116.04282705761321,42.983333587646484,113.07,37.6,133.33726415094338,-69.97678198142415,-69.70001,38.92724458204334,42.0,116.04282705761321,115.58739586950233,0,0,86.97990347355848,86.97990347355848,86.63853501688459
3720,2021-09-10T01:09:27,2021-09-10T01:31:44,135,46.4,69.2,22.800000000000004,26.10558945555556,114.49819936647174,22.28333282470703,92.12,30.64,133.121387283237,-70.29260888888888,-70.20001,38.82962962962963,41.0,114.49819936647174,115.58739586950233,0,0,85.82212775501823,85.82212775501823,86.63853501688459
3721,2021-09-10T01:31:55,2021-09-10T01:52:35,125,69.2,90.0,20.799999999999997,24.229585680555562,116.48839269497869,20.66666603088379,120.07,39.92,133.4111111111111,-70.34400680000002,-70.30002,40.412,42.0,116.48839269497869,115.58739586950233,0,0,87.31387720646265,87.31387720646265,86.63853501688459
3723,2021-09-10T13:44:21,2021-09-10T14:02:51,112,28.4,46.8,18.4,21.488336472222233,116.78443734903388,18.5,62.25,20.7,133.01282051282053,-69.69197446428572,-69.60001,38.361607142857146,40.0,116.78443734903388,115.58739586950233,0,0,87.53577748316653,87.53577748316653,86.63853501688459
3724,2021-09-10T14:03:02,2021-09-10T14:35:22,195,46.8,80.0,33.2,37.55972769444445,113.13170992302544,32.33333206176758,106.7,35.48,133.375,-69.6984716923077,-69.60001,41.253846153846155,43.0,113.13170992302544,115.33859795283568,0,0,84.79787556380278,84.79787556380278,86.45204853318886
3732,2021-09-11T01:17:08,2021-09-11T02:24:40,507,28.4,97.6,69.19999999999999,80.33442525277778,116.09020990285809,67.53333282470703,130.02,43.24,133.21721311475412,-71.35207861932939,-42.39999,38.51775147928994,42.0,116.09020990285809,115.33859795283568,0,0,87.0154192862132,87.0154192862132,86.45204853318886
3733,2021-09-11T11:45:18,2021-09-11T11:59:48,109,58.8,74.8,16.0,18.31714142777778,114.48213392361113,14.5,99.48,33.08,132.99465240641712,-75.79450596330277,-75.60001,38.357798165137616,39.0,114.48213392361113,115.33859795283568,0,0,85.81008590198252,85.81008590198252,86.45204853318886
3736,2021-09-12T10:14:27,2021-09-12T10:42:57,172,25.6,50.8,25.199999999999996,28.817226972222226,114.35407528659616,28.5,67.46,22.43,132.79527559055117,-60.668033255813945,-60.60001,37.44476744186046,39.0,114.35407528659616,115.23661055430433,0,0,85.71409954790147,85.71409954790147,86.37560387646423
3737,2021-09-12T10:43:08,2021-09-12T11:11:08,169,50.8,75.6,24.799999999999997,28.33125518055556,114.23893217965953,28.0,100.72,33.5,133.22751322751324,-60.710070295857996,-60.60001,39.9792899408284,41.0,114.23893217965953,115.14590061537604,0,0,85.62779402966362,85.62779402966362,86.30761223982338
3738,2021-09-12T11:11:19,2021-09-12T11:37:19,157,76.0,97.2,21.200000000000003,25.269033680555562,119.19355509696018,26.0,129.35,43.01,133.0761316872428,-58.27198808917197,-42.89999,41.23566878980892,42.0,119.19355509696018,115.14590061537604,0,0,89.34153174204053,89.34153174204053,86.30761223982338
3740,2021-09-12T19:08:29,2021-09-12T19:36:39,170,35.2,60.0,24.799999999999997,28.20278138888889,113.72089269713264,28.16666603088379,79.9,26.57,133.16666666666669,-60.077066529411766,-60.0,42.68235294117647,45.0,113.72089269713264,115.13948207925918,0,0,85.23949752458701,85.23949752458701,86.30280122594135
3741,2021-09-12T19:36:50,2021-09-12T20:07:10,183,60.0,86.0,26.0,30.368197930555553,116.8007612713675,30.33333396911621,114.54,38.09,133.18604651162792,-60.06885934426229,-60.0,44.75136612021858,46.0,116.8007612713675,115.6114981019623,0,0,87.54801307949668,87.54801307949668,86.65660084573435
3743,2021-09-13T12:58:14,2021-09-13T13:18:04,120,37.2,54.4,17.199999999999996,19.834166749999994,115.31492296511627,19.83333396911621,72.3,24.04,132.90441176470586,-60.002500250000004,-60.0,36.729166666666664,38.0,115.31492296511627,115.27195618038097,0,0,86.43430294564341,86.43430294564341,86.40209719123698
3744,2021-09-13T13:18:15,2021-09-13T13:49:15,187,54.8,81.6,26.799999999999997,31.00055561111111,115.67371496683252,31.0,108.57,36.1,133.0514705882353,-60.00106962566845,-60.0,39.024064171122994,40.0,115.67371496683252,115.4943189659744,0,0,86.70323549811276,86.70323549811276,86.56876922187809
3746,2021-09-13T22:44:45,2021-09-13T23:09:45,151,14.0,35.6,21.6,25.303894277777776,117.14765869341561,25.0,47.32,15.73,132.92134831460672,-60.72915198675496,-60.70001,40.0,41.0,117.14765869341561,115.83386088755572,0,0,87.8080300495244,87.8080300495244,86.82327287637546
3747,2021-09-13T23:09:56,2021-09-13T23:38:16,171,36.0,60.8,24.799999999999997,28.67667266666667,115.63174462365593,28.33333396911621,80.91,26.9,133.07565789473685,-60.72691327485381,-60.70001,41.50292397660819,44.0,115.63174462365593,115.83386088755572,0,0,86.67177662649772,86.67177662649772,86.82327287637546
3748,2021-09-13T23:38:27,2021-09-14T00:10:37,194,60.8,88.8,28.0,32.561674000000004,116.29169285714286,32.16666793823242,118.17,39.29,133.07432432432432,-60.73661159793814,-60.70001,43.75257731958763,45.0,116.29169285714286,115.83386088755572,0,0,87.16644083885562,87.16644083885562,86.82327287637546
3750,2021-09-14T16:38:07,2021-09-14T17:42:28,483,15.6,81.2,65.60000000000001,74.93724016805554,114.23359781715781,64.3499984741211,108.09,35.95,133.11576354679804,-69.79917561076606,0.0,37.24741200828157,41.0,114.23359781715781,115.83386088755572,0,0,85.62379565813771,85.62379565813771,86.82327287637546
3752,2021-09-14T20:20:03,2021-09-14T20:37:33,106,66.0,83.2,17.200000000000003,20.406248958333332,118.64098231589143,17.5,110.65,36.79,132.99278846153845,-69.96414735849056,-69.89999,39.15094339622642,41.0,118.64098231589143,115.83386088755572,0,0,88.92735080231202,88.92735080231202,86.82327287637546
3753,2021-09-14T20:37:44,2021-09-14T20:54:34,102,83.6,97.6,14.0,16.887639583333332,120.6259970238095,16.83333396911621,129.97,43.22,133.16598360655738,-60.153924117647044,-42.0,39.5,41.0,120.6259970238095,115.83386088755572,0,0,90.4152186185846,90.4152186185846,86.82327287637546
3757,2021-09-15T04:06:07,2021-09-15T04:22:47,101,78.4,91.6,13.199999999999989,15.514029638888893,117.53052756734019,16.66666603088379,121.91,40.54,133.08951965065503,-55.85050178217823,-55.0,37.915841584158414,39.0,117.53052756734019,116.00995017655109,0,0,88.09500942206637,88.09500942206637,86.95526060666353
3760,2021-09-15T14:06:35,2021-09-15T14:25:25,114,43.6,60.0,16.4,18.66527958333333,113.81268038617885,18.83333396911621,79.8,26.53,133.0,-59.46404087719299,-58.5,37.64473684210526,39.0,113.81268038617885,116.00995017655109,0,0,85.3082969888515,85.3082969888515,86.95526060666353
3761,2021-09-15T14:25:36,2021-09-15T14:42:56,105,60.0,74.8,14.799999999999997,16.598613027777777,112.15279072822825,17.33333396911621,99.57999,33.11,133.12832887700534,-57.457149428571434,-56.39999,39.27619047619048,40.0,112.15279072822825,115.83386088755572,0,0,84.06412666065344,84.06412666065344,86.82327287637546
3762,2021-09-15T14:43:07,2021-09-15T15:02:17,116,74.8,90.0,15.200000000000003,17.746391291666665,116.75257428728067,19.16666603088379,119.8,39.84,133.11111111111111,-55.55431784482759,-54.60001,39.89224137931034,41.0,116.75257428728067,116.00995017655109,0,0,87.51189452455598,87.51189452455598,86.95526060666353
3765,2021-09-16T02:25:47,2021-09-16T02:46:57,128,30.4,48.8,18.4,21.33541893055556,115.95336375301935,21.16666603088379,64.73,21.53,132.64344262295083,-60.478131484375005,-59.70001,33.390625,35.0,115.95336375301935,116.00995017655109,0,0,86.91284625170937,86.91284625170937,86.95526060666353
3766,2021-09-16T02:47:08,2021-09-16T03:06:58,120,48.8,66.0,17.200000000000003,19.460419069444452,113.14197133397934,19.83333396911621,87.74,29.17,132.93939393939394,-58.87167391666667,-57.60001,35.28333333333333,37.0,113.14197133397934,116.00995017655109,0,0,84.80556700460015,84.80556700460015,86.95526060666353
3767,2021-09-16T03:07:09,2021-09-16T03:24:59,108,66.4,80.8,14.399999999999991,16.864307069444443,117.11324353780871,17.83333396911621,107.46,35.74,132.9950495049505,-56.73982,-55.70001,36.06481481481482,37.0,117.11324353780871,116.03436030121824,0,0,87.7822341689119,87.7822341689119,86.97355721612368
3768,2021-09-16T03:25:10,2021-09-16T03:45:00,120,81.2,96.0,14.799999999999997,17.81708545833333,120.38571255630632,19.83333396911621,127.69,42.46,133.01041666666666,-53.859173000000006,-42.0,36.71666666666667,38.0,120.38571255630632,116.03436030121824,0,0,90.23511339088927,90.23511339088927,86.97355721612368
3771,2021-09-16T12:34:01,2021-09-16T13:01:23,166,37.6,61.6,24.0,27.17164170277778,113.21517376157409,27.366666793823242,81.82,27.21,132.82467532467533,-59.57470493975902,-58.30002,38.22289156626506,40.0,113.21517376157409,116.03436030121824,0,0,84.86043588575089,84.86043588575089,86.97355721612368
3772,2021-09-16T13:01:34,2021-09-16T13:31:10,180,61.6,85.6,23.999999999999993,27.93503096111111,116.39596233796298,29.600000381469727,113.87,37.86,133.02570093457945,-56.61945077777778,-55.0,40.28888888888889,41.0,116.39596233796298,116.03436030121824,0,0,87.24459603040805,87.24459603040805,86.97355721612368
3775,2021-09-16T19:19:37,2021-09-16T19:36:17,101,46.4,63.6,17.200000000000003,19.446944861111113,113.06363291343668,16.66666603088379,84.57,28.12,132.97169811320754,-70.00891237623762,-69.80002,38.806930693069305,41.0,113.06363291343668,116.00995017655109,0,0,84.74684843982673,84.74684843982673,86.95526060666353
3776,2021-09-16T19:36:28,2021-09-16T19:53:38,104,63.6,80.8,17.199999999999996,20.020972097222224,116.40100056524551,17.16666603088379,107.37,35.71,132.88366336633666,-69.97596125000001,-69.80002,40.35096153846154,42.0,116.40100056524551,116.03436030121824,0,0,87.24837243377415,87.24837243377415,86.97355721612368
3778,2021-09-18T11:00:04,2021-09-18T11:22:43,138,22.8,42.8,19.999999999999996,23.029960558333332,115.14980279166669,22.649999618530273,56.75,18.87,132.59345794392524,-61.008701521739134,-60.10001,32.507246376811594,34.0,115.14980279166669,116.03436030121824,0,0,86.31053711614452,86.31053711614452,86.97355721612368
3779,2021-09-18T11:22:54,2021-09-18T11:52:24,178,43.2,69.2,26.0,29.01514209722222,111.59670037393161,29.5,91.9,30.56,132.80346820809248,-59.012927865168535,-57.10001,35.21067415730337,37.0,111.59670037393161,116.00995017655109,0,0,83.64730912383762,83.64730912383762,86.95526060666353
3780,2021-09-18T11:52:35,2021-09-18T12:20:35,169,69.2,91.6,22.39999999999999,26.112919930555556,116.57553540426592,28.0,121.76,40.49,132.92576419213975,-55.956220059171606,-54.39999,37.053254437869825,38.0,116.57553540426592,116.03436030121824,0,0,87.37919502605062,87.37919502605062,86.97355721612368
3782,2021-09-18T20:00:30,2021-09-18T20:59:37,444,22.0,81.6,59.599999999999994,68.92927918888888,115.65315300149142,59.11666488647461,108.47,36.07,132.92892156862746,-69.95923565315316,-69.70001,40.252252252252255,43.0,115.65315300149142,116.03436030121824,0,0,86.68782327655677,86.68782327655677,86.97355721612368
3784,2021-09-19T03:44:22,2021-09-19T04:01:12,102,32.4,49.6,17.200000000000003,19.623609583333334,114.09075339147284,16.83333396911621,65.92,21.92,132.90322580645162,-69.9450925490196,-69.89999,37.240196078431374,39.0,114.09075339147284,116.00995017655109,0,0,85.51672661584658,85.51672661584658,86.95526060666353
3787,2021-09-19T04:32:15,2021-09-19T04:50:05,108,81.2,96.8,15.599999999999994,18.830555680555563,120.7086902599716,17.83333396911621,128.68,42.79,132.93388429752068,-63.287963425925916,-42.20001,41.467592592592595,43.0,120.7086902599716,116.00995017655109,0,0,90.4772013354976,90.4772013354976,86.95526060666353
3789,2021-09-19T13:40:25,2021-09-19T13:59:15,114,15.6,34.8,19.199999999999996,21.993752041666667,114.55079188368059,18.83333396911621,46.17,15.35,132.67241379310346,-70.06842754385964,-70.0,38.89035087719298,40.0,114.55079188368059,115.98962864892131,0,0,85.86154847740364,85.86154847740364,86.94002860519913
3790,2021-09-19T13:59:26,2021-09-19T14:19:36,122,34.8,55.2,20.400000000000006,23.531944861111114,115.35267088779953,20.16666603088379,73.48,24.43,133.1159420289855,-70.01229631147542,-69.89999,40.74180327868852,43.0,115.35267088779953,115.81353935992593,0,0,86.46259690188843,86.46259690188843,86.80804087491106
3791,2021-09-19T14:19:47,2021-09-19T14:39:37,120,55.6,75.6,19.999999999999993,23.14277816666667,115.7138908333334,19.83333396911621,100.47,33.41,132.89682539682542,-70.01166783333335,-69.89999,43.1,44.0,115.7138908333334,115.69380290008296,0,0,86.7333493196976,86.7333493196976,86.71829240890517
3794,2021-09-19T23:41:37,2021-09-20T00:09:47,170,52.8,80.8,28.0,32.798194541666675,117.13640907738097,28.16666603088379,107.39,35.71,132.90841584158417,-69.86588258823531,-69.80002,38.65294117647059,40.0,117.13640907738097,115.83362729317636,0,0,87.79959789958788,87.79959789958788,86.82309778570348
3795,2021-09-20T00:09:58,2021-09-20T00:26:48,102,81.2,96.4,15.200000000000003,17.951109749999997,118.09940624999996,16.83333396911621,128.18,42.63,132.9668049792531,-63.90587754901961,-42.10001,39.950980392156865,41.0,118.09940624999996,115.99809540531628,0,0,88.52141245067705,88.52141245067705,86.94637486263392
3797,2021-09-20T18:00:01,2021-09-20T18:21:41,131,31.6,50.0,18.4,21.423337722222225,116.43118327294688,21.66666603088379,66.39,22.07,132.78,-59.32596641221376,-59.30002,36.79389312977099,38.0,116.43118327294688,116.06651848023566,0,0,87.2709958829696,87.2709958829696,86.99766137988584
3798,2021-09-20T18:21:52,2021-09-20T18:46:32,149,50.0,71.6,21.599999999999994,24.379730194444452,112.8691212705762,24.66666603088379,95.15,31.64,132.89106145251398,-59.30203281879194,-59.30002,38.63422818791946,40.0,112.8691212705762,115.99809540531628,0,0,84.60105223380974,84.60105223380974,86.94637486263392
3799,2021-09-20T18:46:43,2021-09-20T19:11:43,151,71.6,92.8,21.200000000000003,24.712923625000006,116.57039445754718,25.0,123.32,41.01,132.88793103448276,-59.311274900662255,-59.30002,39.5364238410596,41.0,116.57039445754718,115.99809540531628,0,0,87.37534162932894,87.37534162932894,86.94637486263392
3802,2021-09-21T03:00:35,2021-09-21T03:19:45,116,26.0,38.8,12.799999999999997,14.472781069444444,113.06860210503474,19.16666603088379,51.49,17.12,132.70618556701032,-45.30604474137932,-45.10001,34.46120689655172,36.0,113.06860210503474,115.83362729317636,0,0,84.75057309749408,84.75057309749408,86.82309778570348
3803,2021-09-21T03:19:56,2021-09-21T03:38:06,110,38.8,50.8,12.0,13.548335333333336,112.90279444444447,18.16666603088379,67.41,22.42,132.69685039370077,-44.747279272727276,-44.39999,35.66818181818182,37.0,112.90279444444447,115.83362729317636,0,0,84.62629196199435,84.62629196199435,86.82309778570348
3804,2021-09-21T03:38:17,2021-09-21T03:56:47,112,50.8,63.2,12.400000000000006,13.530419541666673,109.11628662634409,18.5,83.82,27.87,132.626582278481,-43.882152142857144,-43.30002,36.986607142857146,39.0,109.11628662634409,115.69380290008296,0,0,81.78811494691071,81.78811494691071,86.71829240890517
3805,2021-09-21T03:56:58,2021-09-21T04:18:08,128,63.2,76.4,13.200000000000003,15.015141166666668,113.75106944444443,21.16666603088379,101.46,33.74,132.80104712041884,-42.56328773437501,-41.89999,38.0,39.0,113.75106944444443,115.66343398416197,0,0,85.26211650617232,85.26211650617232,86.69552938733477
3806,2021-09-21T04:18:19,2021-09-21T04:37:29,116,76.4,87.6,11.199999999999989,13.24277941666667,118.23910193452394,19.16666603088379,116.4,38.71,132.87671232876716,-41.4551774137931,-40.89999,38.0,39.0,118.23910193452394,115.66343398416197,0,0,88.62612135396442,88.62612135396442,86.69552938733477
3807,2021-09-21T04:37:40,2021-09-21T04:55:10,106,88.0,97.6,9.599999999999994,11.800279722222223,122.9195804398149,17.5,129.71,43.14,132.89959016393445,-40.45849716981133,-39.89999,38.0,39.0,122.9195804398149,115.69380290008296,0,0,92.13437411652554,92.13437411652554,86.71829240890517
3810,2021-09-21T18:43:15,2021-09-21T19:02:25,116,41.6,61.2,19.6,22.28597748611112,113.70396676587305,19.16666603088379,81.2,27.0,132.6797385620915,-69.76467163793103,-69.70001,38.5948275862069,40.0,113.70396676587305,115.66343398416197,0,0,85.22681069245365,85.22681069245365,86.69552938733477
3811,2021-09-21T19:02:36,2021-09-21T19:21:36,115,61.2,80.4,19.200000000000003,22.08778255555556,115.04053414351851,19.0,106.71,35.49,132.7238805970149,-69.75131947826087,-69.70001,40.79565217391304,42.0,115.04053414351851,115.64244881257368,0,0,86.22863479861569,86.22863479861569,86.67979995152724
3813,2021-09-22T00:51:06,2021-09-22T01:09:39,113,32.0,48.0,16.0,18.45203086944445,115.32519293402781,18.549999237060547,63.69,21.17,132.6875,-59.682310884955754,-59.60001,35.85398230088496,38.0,115.32519293402781,115.64244881257368,0,0,86.4420008010581,86.4420008010581,86.67979995152724
3814,2021-09-22T01:09:50,2021-09-22T01:30:40,126,48.0,66.4,18.400000000000006,20.728892361111118,112.65702370169083,20.83333396911621,88.09,29.29,132.6656626506024,-59.699216349206345,-59.60001,37.6031746031746,40.0,112.65702370169083,115.49220775572773,0,0,84.44207449656909,84.44207449656909,86.56718676419308
3815,2021-09-22T01:30:51,2021-09-22T01:50:01,116,66.4,83.2,16.799999999999997,19.070836527777782,113.51688409391538,19.16666603088379,110.47,36.74,132.7764423076923,-59.70001,-59.70001,38.775862068965516,40.0,113.51688409391538,115.49220775572773,0,0,85.08658287173385,85.08658287173385,86.56718676419308
3818,2021-09-22T06:43:23,2021-09-22T07:01:33,110,22.0,38.0,16.0,18.213334444444442,113.83334027777776,18.16666603088379,50.39,16.75,132.60526315789474,-60.1527309090909,-59.80002,36.236363636363635,38.0,113.83334027777776,115.49220775572773,0,0,85.3237826110361,85.3237826110361,86.56718676419308
3819,2021-09-22T07:01:44,2021-09-22T07:20:34,114,38.0,54.4,16.4,18.885279847222222,115.15414540989161,18.83333396911621,72.18,24.0,132.68382352941177,-60.16667324561404,-59.80002,37.68421052631579,40.0,115.15414540989161,115.49220775572773,0,0,86.31379212572679,86.31379212572679,86.56718676419308
3820,2021-09-22T07:20:45,2021-09-22T07:37:55,104,54.4,69.6,15.199999999999996,17.205002250000003,113.19080427631583,17.16666603088379,92.43999,30.74,132.8160775862069,-60.13173846153847,-59.70001,39.32211538461539,41.0,113.19080427631583,115.33893191091367,0,0,84.84216973756052,84.84216973756052,86.45229885147327
3821,2021-09-22T07:38:06,2021-09-22T07:57:46,119,69.6,86.8,17.200000000000003,19.70986302777778,114.59222690568473,19.66666603088379,115.32,38.35,132.85714285714286,-60.13193865546218,-59.70001,40.30252100840336,42.0,114.59222690568473,115.33893191091367,0,0,85.89260609902256,85.89260609902256,86.45229885147327
3824,2021-09-22T16:34:32,2021-09-22T16:53:54,146,46.4,66.0,19.6,22.57261171111111,115.16638628117913,19.366666793823242,87.55,29.11,132.65151515151513,-69.93219369863014,-69.60001,39.82876712328767,42.0,115.16638628117913,115.32005794957203,0,0,86.32296727105904,86.32296727105904,86.43815187335076
3825,2021-09-22T16:54:05,2021-09-22T17:25:33,237,66.0,96.0,30.0,35.034821058333335,116.78273686111112,31.46666717529297,127.5,42.39,132.8125,-66.6687794514768,0.0,41.89873417721519,43.0,116.78273686111112,115.33893191091367,0,0,87.53450288240808,87.53450288240808,86.45229885147327
3826,2021-09-23T15:41:25,2021-09-23T16:37:37,422,30.8,88.0,57.2,65.56046022222222,114.61618919968917,56.20000076293945,116.84,38.85,132.77272727272728,-69.99336694312797,-69.70001,36.87085308056872,40.0,114.61618919968917,115.24578960760347,0,0,85.91056703700004,85.91056703700004,86.38248403605857
3828,2021-09-24T03:29:33,2021-09-24T03:49:53,123,37.2,58.0,20.799999999999997,23.789447833333334,114.37234535256412,20.33333396911621,77.06,25.62,132.86206896551727,-70.19838398373986,-70.10001,34.739837398373986,37.0,114.37234535256412,115.16026584553538,0,0,85.72779387623389,85.72779387623389,86.31837969839292
3829,2021-09-24T03:50:04,2021-09-24T04:11:24,129,58.4,80.0,21.6,24.959447999999995,115.55299999999997,21.33333396911621,106.36,35.37,132.95,-70.1984596124031,-70.10001,37.174418604651166,39.0,115.55299999999997,115.16026584553538,0,0,86.61275359217215,86.61275359217215,86.31837969839292
3830,2021-09-24T04:11:35,2021-09-24T04:30:45,116,80.0,96.8,16.799999999999997,20.000418902777778,119.0501125165344,19.16666603088379,128.61,42.77,132.8615702479339,-62.556041465517254,-42.39999,38.00431034482759,39.0,119.0501125165344,115.16026584553538,0,0,89.23401435285079,89.23401435285079,86.31837969839292
3832,2021-09-24T10:37:28,2021-09-24T11:20:27,323,52.8,94.8,42.0,49.26037752638889,117.2866131580688,42.983333587646484,125.79,41.83,132.68987341772154,-68.71022027863776,-41.89999,37.31424148606811,39.0,117.2866131580688,115.24578960760347,0,0,87.91218337144196,87.91218337144196,86.38248403605857
3833,2021-09-24T22:56:11,2021-09-25T00:22:50,650,21.2,94.4,73.2,84.56092567777777,115.52039027018822,86.6500015258789,125.31,41.67,132.7436440677966,-58.55323703076923,-54.30002,35.34153846153846,38.0,115.52039027018822,115.24578960760347,0,0,86.58831096850255,86.58831096850255,86.38248403605857
3834,2021-09-25T05:55:48,2021-09-25T06:14:18,112,29.6,45.6,16.0,18.617919111111114,116.36199444444446,18.5,60.38,20.07,132.41228070175438,-60.38482937500002,-59.89999,34.611607142857146,37.0,116.36199444444446,115.24578960760347,0,0,87.21913539510334,87.21913539510334,86.38248403605857
3835,2021-09-25T06:14:29,2021-09-25T06:33:49,117,45.6,63.2,17.6,19.46583554166667,110.60133830492425,19.33333396911621,83.78,27.85,132.5632911392405,-60.40940863247862,-60.0,36.30769230769231,39.0,110.60133830492425,115.16026584553538,0,0,82.90123546397652,82.90123546397652,86.31837969839292
3836,2021-09-25T06:34:00,2021-09-25T06:52:50,114,63.2,79.6,16.39999999999999,18.97069613888889,115.67497645663963,18.83333396911621,105.59,35.11,132.65075376884423,-60.4377247368421,-60.0,37.6140350877193,39.0,115.67497645663963,115.24578960760347,0,0,86.70418104782433,86.70418104782433,86.38248403605857
3838,2021-09-25T11:36:52,2021-09-25T12:56:46,601,45.600002,94.4,48.799998,56.86706273555556,116.5308710372397,79.9000015258789,125.28,41.66,132.71186440677965,-42.70399872545757,-42.200012,38.39351081530782,40.0,116.5308710372397,115.33893191091367,0,0,87.34571684880216,87.34571684880216,86.45229885147327
3839,2021-09-26T10:15:49,2021-09-26T11:12:21,425,53.600002,97.6,43.99999799999999,51.69167354222222,117.48108157237242,56.53333282470703,129.53,43.07,132.71516393442624,-54.852713185882365,-42.100006,35.3564705882353,37.0,117.48108157237242,115.33893191091367,0,0,88.05794717549325,88.05794717549325,86.45229885147327
3840,2021-09-27T13:48:09,2021-09-27T14:04:59,102,41.2,56.8,15.599999999999994,17.84389136111111,114.3839189814815,16.83333396911621,75.39,25.07,132.72887323943664,-63.60196960784313,-63.5,35.627450980392155,37.0,114.3839189814815,115.24578960760347,0,0,85.7364688900335,85.7364688900335,86.38248403605857
3841,2021-09-27T14:05:10,2021-09-27T14:22:20,104,57.2,72.8,15.599999999999994,18.191530013888887,116.61237188390317,17.16666603088379,96.57,32.11,132.6510989010989,-63.581738557692304,-63.5,37.57211538461539,39.0,116.61237188390317,115.33893191091367,0,0,87.40680581014125,87.40680581014125,86.45229885147327
3847,2021-09-28T01:08:17,2021-09-28T01:24:47,100,69.6,86.0,16.400000000000006,19.17361447222223,116.91228336720867,16.5,114.07,37.93,132.63953488372093,-69.7220122,-69.70001,40.68,42.0,116.91228336720867,115.33893191091367,0,0,87.63160446879141,87.63160446879141,86.45229885147327
3850,2021-09-28T06:08:11,2021-09-28T06:24:41,100,66.8,81.2,14.400000000000006,16.5,114.5833333333333,16.5,107.73,35.82,132.67241379310343,-60.0,-59.89999,38.045,40.0,114.5833333333333,115.24578960760347,0,0,85.88593992167858,85.88593992167858,86.38248403605857
3851,2021-09-28T06:24:52,2021-09-28T06:41:42,102,81.2,95.2,14.0,16.468195236111107,117.62996597222218,16.83333396911621,126.39,42.03,132.7626050420168,-58.62353225490194,-42.10001,38.5,40.0,117.62996597222218,115.33893191091367,0,0,88.16954348054726,88.16954348054726,86.45229885147327
3853,2021-09-29T12:27:29,2021-09-29T12:44:39,104,30.4,42.0,11.600000000000001,13.413195900000002,115.63099913793103,17.16666603088379,55.69,18.52,132.5952380952381,-46.69423594230769,-7.800018,35.45673076923077,37.0,115.63099913793103,115.33893191091367,0,0,86.67121784765686,86.67121784765686,86.45229885147327
3854,2021-09-29T12:44:50,2021-09-29T13:04:30,119,42.0,55.6,13.600000000000001,15.479029444444446,113.81639297385621,19.66666603088379,73.64,24.49,132.44604316546761,-47.22437478991597,-46.60001,36.80252100840336,38.0,113.81639297385621,115.33893191091367,0,0,85.31107975902353,85.31107975902353,86.45229885147327
3855,2021-09-29T13:04:41,2021-09-29T13:23:01,111,56.0,68.4,12.400000000000006,14.520973902777778,117.10462824820783,18.33333396911621,90.71,30.16,132.61695906432746,-47.5270326126126,-46.70001,38.211711711711715,39.0,117.10462824820783,115.33893191091367,0,0,87.77577657840948,87.77577657840948,86.45229885147327
3856,2021-09-29T13:23:12,2021-09-29T13:41:12,109,68.8,81.2,12.400000000000006,14.382641055555556,115.98904077060928,18.0,107.73,35.82,132.67241379310343,-47.943126422018345,-47.20001,38.93119266055046,40.0,115.98904077060928,115.43653057899388,0,0,86.93958796099793,86.93958796099793,86.52545393519549
3857,2021-09-29T13:41:23,2021-09-29T13:59:03,107,81.2,93.2,12.0,14.201529652777777,118.34608043981481,17.66666603088379,123.65,41.12,132.6716738197425,-48.23365130841121,-47.60001,39.38785046728972,40.0,118.34608043981481,115.53669513509409,0,0,88.70630709486615,88.70630709486615,86.60053228033735
3860,2021-09-29T20:45:58,2021-09-29T21:03:48,108,49.6,67.6,17.999999999999993,20.851808305555558,115.8433794753087,17.83333396911621,89.62,29.8,132.57396449704143,-70.15556481481482,-70.0,39.361111111111114,41.0,115.8433794753087,115.53669513509409,0,0,86.83040753402688,86.83040753402688,86.60053228033735
3861,2021-09-29T21:03:59,2021-09-29T21:21:29,106,67.6,85.2,17.60000000000001,20.44653002777778,116.17346606691915,17.5,112.96,37.57,132.58215962441315,-70.1028379245283,-70.0,40.575471698113205,42.0,116.17346606691915,115.53669513509409,0,0,87.07782394574475,87.07782394574475,86.60053228033735
3864,2021-09-30T13:42:53,2021-09-30T14:00:23,106,28.8,44.0,15.2,17.514584791666667,115.22753152412281,17.5,58.32,19.39,132.54545454545453,-60.050005000000006,-60.0,36.636792452830186,38.0,115.22753152412281,115.53669513509409,0,0,86.36879868919976,86.36879868919976,86.60053228033735
3866,2021-09-30T14:15:35,2021-09-30T14:32:15,101,57.2,72.0,14.799999999999997,16.691391361111112,112.77967135885889,16.66666603088379,95.53,31.77,132.68055555555557,-60.08911782178218,-60.0,40.07425742574257,41.0,112.77967135885889,115.43653057899388,0,0,84.53400505059153,84.53400505059153,86.52545393519549
3874,2021-10-01T02:52:30,2021-10-01T03:09:40,104,49.6,67.2,17.6,20.011804402777777,113.7034341066919,17.16666603088379,88.97,29.59,132.39583333333331,-69.94422673076923,-69.80002,41.01442307692308,43.0,113.7034341066919,115.43653057899388,0,0,85.22641143775317,85.22641143775317,86.52545393519549
3877,2021-10-01T23:26:44,2021-10-02T01:00:20,703,5.2000003,96.8,91.5999997,106.48389097777778,116.24878965777745,93.5999984741211,128.3,42.67,132.5413223140496,-68.22532140825035,-42.0,36.13869132290185,40.0,116.24878965777745,115.53669513509409,0,0,87.13428274486454,87.13428274486454,86.60053228033735
3880,2021-10-02T07:36:26,2021-10-02T08:34:53,439,42.0,97.6,55.599999999999994,64.44913042638889,115.91570220573543,58.45000076293945,129.37,43.02,132.55122950819674,-66.13121284738041,-41.60001,38.43849658314351,41.0,115.91570220573543,115.53669513509409,0,0,86.88461703814674,86.88461703814674,86.60053228033735
3884,2021-10-02T13:23:00,2021-10-02T13:39:40,101,58.4,64.0,5.600000000000001,6.429168416666667,114.8065788690476,16.66666603088379,84.75999,28.18,132.437484375,-23.142580594059403,-22.10001,40.0,41.0,114.8065788690476,115.42279160210802,0,0,86.05327361769145,86.05327361769145,86.51515588478033
3886,2021-10-02T13:56:02,2021-10-02T14:13:12,104,69.6,75.2,5.6000000000000085,6.794306861111109,121.32690823412676,17.16666603088379,99.63,33.13,132.48670212765956,-23.748081538461538,-22.5,40.0,41.0,121.32690823412676,115.42279160210802,0,0,90.94058663109142,90.94058663109142,86.51515588478033
3887,2021-10-02T14:13:23,2021-10-02T14:30:13,102,75.2,81.2,6.0,6.781529444444443,113.02549074074072,16.83333396911621,107.64,35.79,132.5615763546798,-24.170594117647052,-23.0,40.0,41.0,113.02549074074072,115.27636222907532,0,0,84.71825897347635,84.71825897347635,86.40539974512893
3894,2021-10-02T22:55:21,2021-10-02T23:12:31,104,73.6,90.8,17.200000000000003,20.042362416666673,116.52536288759691,17.16666603088379,120.31,40.01,132.50000000000003,-70.0519276923077,-69.80002,40.98557692307692,42.0,116.52536288759691,115.42279160210802,0,0,87.34158821512099,87.34158821512099,86.51515588478033
3899,2021-10-03T10:27:11,2021-10-03T10:45:11,109,65.6,83.6,18.0,20.96125029166667,116.45139050925928,18.0,110.89,36.88,132.64354066985646,-69.87064321100918,-69.80002,38.96330275229358,40.0,116.45139050925928,115.42279160210802,0,0,87.28614221737465,87.28614221737465,86.51515588478033
3903,2021-10-03T20:53:37,2021-10-03T21:13:27,120,24.8,45.2,20.400000000000002,23.53875362500001,115.38604718137259,19.83333396911621,59.8,19.89,132.3008849557522,-71.210011,-71.20001,36.3125,38.0,115.38604718137259,115.4532187257804,0,0,86.48761410344152,86.48761410344152,86.53796253597204
3904,2021-10-03T21:13:38,2021-10-03T21:32:38,115,45.6,65.2,19.6,22.570422208333337,115.15521534863947,19.0,86.21,28.67,132.22392638036808,-71.27480008695653,-71.20001,38.28260869565217,41.0,115.15521534863947,115.4532187257804,0,0,86.31459409833785,86.31459409833785,86.53796253597204
3905,2021-10-03T21:32:49,2021-10-03T22:00:41,169,65.2,93.6,28.39999999999999,33.11795281666668,116.61250991784046,27.866666793823242,123.98,41.23,132.45726495726498,-71.30652692307693,-71.30002,39.946745562130175,42.0,116.61250991784046,115.53669513509409,0,0,87.40690927348186,87.40690927348186,86.60053228033735
3907,2021-10-04T21:43:52,2021-10-04T22:01:02,104,23.6,34.8,11.199999999999996,13.151946666666673,117.42809523809534,17.16666603088379,46.02,15.3,132.24137931034485,-45.972122980769235,-45.80002,33.57692307692308,35.0,117.42809523809534,115.59199956896549,0,0,88.01823126751603,88.01823126751603,86.64198571991452
3908,2021-10-04T22:01:13,2021-10-04T22:21:33,123,35.2,48.4,13.199999999999996,15.410697416666666,116.74770770202025,20.33333396911621,64.04,21.29,132.3140495867769,-45.47480544715447,-45.10001,34.59349593495935,36.0,116.74770770202025,115.59199956896549,0,0,87.50824677547119,87.50824677547119,86.64198571991452
3909,2021-10-04T22:21:44,2021-10-04T22:42:54,128,48.4,62.4,14.0,15.71930843055556,112.28077450396827,21.16666603088379,82.57,27.46,132.32371794871793,-44.557820703125,-43.80002,36.015625,37.0,112.28077450396827,115.53669513509409,0,0,84.16005690246425,84.16005690246425,86.60053228033735
3910,2021-10-04T22:43:05,2021-10-04T23:01:45,113,62.8,74.4,11.600000000000009,13.434308722222223,115.81300622605356,18.66666603088379,98.52,32.76,132.41935483870967,-43.18142610619469,-42.5,36.942477876106196,38.0,115.81300622605356,115.59199956896549,0,0,86.80764126440576,86.80764126440576,86.64198571991452
3911,2021-10-04T23:01:56,2021-10-04T23:20:36,113,74.4,85.6,11.199999999999989,13.087223472222226,116.85020957341284,18.66666603088379,113.42,37.71,132.5,-42.065490707964614,-41.5,37.5,38.0,116.85020957341284,115.65298779728533,0,0,87.58507705533984,87.58507705533984,86.6876994477406
3913,2021-10-05T08:16:49,2021-10-05T09:14:29,433,42.8,98.0,55.2,64.20829662777778,116.31937794887278,57.66666793823242,129.76,43.15,132.40816326530611,-66.73718759815243,0.0,36.095842956120094,38.0,116.31937794887278,115.7439913413466,0,0,87.1871921999469,87.1871921999469,86.75591115611505
3914,2021-10-05T16:49:00,2021-10-05T17:09:50,126,48.4,66.4,18.000000000000007,20.872086166666676,115.95603425925927,20.83333396911621,87.98,29.25,132.5,-60.11111920634919,-59.80002,37.49603174603175,39.0,115.95603425925927,115.82819285068112,0,0,86.91484792971795,86.91484792971795,86.81902439921632
3915,2021-10-05T17:10:01,2021-10-05T17:30:01,121,66.8,84.0,17.200000000000003,20.066670027777775,116.66668620801029,20.0,111.24,36.99,132.42857142857142,-60.200010082644646,-60.10001,38.85537190082645,40.0,116.66668620801029,115.87954084052205,0,0,87.44751711292366,87.44751711292366,86.8575122860868
3916,2021-10-05T17:30:12,2021-10-05T17:47:52,107,84.0,97.6,13.599999999999994,16.269585625,119.62930606617653,17.66666603088379,129.25,42.98,132.42827868852459,-55.21776485981308,-42.30002,39.0,40.0,119.62930606617653,115.93586823249734,0,0,89.66814889022609,89.66814889022609,86.89973248393235
3917,2021-10-06T07:02:19,2021-10-06T07:18:59,101,16.8,31.2,14.399999999999999,16.620833152777777,115.42245244984568,16.66666603088379,41.21,13.7,132.08333333333334,-59.83366267326731,-59.5,33.0,34.0,115.42245244984568,115.93586823249734,0,0,86.51490167319493,86.51490167319493,86.89973248393235
3918,2021-10-06T07:19:10,2021-10-06T07:48:50,179,31.2,57.6,26.400000000000002,29.633746819444447,112.2490409827441,29.66666603088379,76.14,25.32,132.18749999999997,-59.93351312849162,-59.80002,34.41899441340782,37.0,112.2490409827441,115.93586823249734,0,0,84.13627104096001,84.13627104096001,86.89973248393235
3919,2021-10-06T07:49:01,2021-10-06T08:16:31,166,57.6,82.0,24.4,27.48888777777778,112.65937613843353,27.5,108.54,36.1,132.3658536585366,-59.97590120481927,-59.89999,36.69879518072289,38.0,112.65937613843353,115.93586823249734,0,0,84.4438377655793,84.4438377655793,86.89973248393235
3922,2021-10-06T17:45:41,2021-10-06T18:18:51,200,43.6,72.8,29.199999999999996,33.71694419444444,115.46898696727548,33.16666793823242,96.3,32.03,132.28021978021977,-60.995499550000005,-60.89999,40.0675,42.0,115.46898696727548,115.93586823249734,0,0,86.54978162171793,86.54978162171793,86.89973248393235
3923,2021-10-06T18:19:02,2021-10-06T18:36:22,105,73.2,88.0,14.799999999999997,17.623333444444444,119.07657732732736,17.33333396911621,116.54,38.75,132.4318181818182,-61.00380990476191,-61.0,41.49523809523809,43.0,119.07657732732736,115.93586823249734,0,0,89.25385105233997,89.25385105233997,86.89973248393235
3924,2021-10-06T21:36:51,2021-10-06T22:45:12,513,36.4,98.0,61.6,71.14774368472223,115.49958390376986,68.3499984741211,129.75,43.14,132.39795918367346,-62.4029306042885,0.0,43.792397660818715,46.0,115.49958390376986,115.93586823249734,0,0,86.57271555611395,86.57271555611395,86.89973248393235
3925,2021-10-07T03:50:58,2021-10-07T05:27:22,723,11.6,97.6,86.0,99.93893400138889,116.20806279231266,96.4000015258789,129.28,42.99,132.45901639344262,-62.19363979253112,-41.5,44.488243430152146,48.0,116.20806279231266,115.97253751493427,0,0,87.10375592199465,87.10375592199465,86.92721794535794
3927,2021-10-07T11:34:53,2021-10-07T11:53:13,111,44.0,51.2,7.200000000000003,8.116391222222223,112.7276558641975,18.33333396911621,67.62,22.49,132.0703125,-26.56126891891892,-24.30002,37.6981981981982,39.0,112.7276558641975,115.97253751493427,0,0,84.49501683546875,84.49501683546875,86.92721794535794
3928,2021-10-07T11:53:24,2021-10-07T12:11:24,109,51.2,58.0,6.799999999999997,7.30333525,107.40198897058828,18.0,76.64,25.49,132.13793103448276,-24.348630183486236,-22.60001,38.472477064220186,40.0,107.40198897058828,115.93586823249734,0,0,80.50316310280786,80.50316310280786,86.89973248393235
3929,2021-10-07T12:11:35,2021-10-07T12:30:35,115,58.0,64.4,6.400000000000006,7.306252208333333,114.16019075520823,19.0,85.07,28.29,132.09627329192546,-23.071311217391308,-22.0,38.67391304347826,40.0,114.16019075520823,115.87954084052205,0,0,85.56877339330198,85.56877339330198,86.8575122860868
3930,2021-10-07T12:30:46,2021-10-07T12:49:36,114,64.4,70.8,6.3999999999999915,7.349168472222222,114.83075737847237,18.83333396911621,93.62,31.13,132.23163841807911,-23.417549473684208,-22.30002,39.0,40.0,114.83075737847237,115.87954084052205,0,0,86.0713966199418,86.0713966199418,86.8575122860868
3931,2021-10-07T12:49:47,2021-10-07T13:08:57,116,70.8,77.2,6.400000000000006,7.543891208333334,117.87330013020824,19.16666603088379,102.05,33.93,132.18911917098444,-23.611214137931036,-22.60001,39.0,40.0,117.87330013020824,115.87954084052205,0,0,88.35193460380849,88.35193460380849,86.8575122860868
3932,2021-10-07T13:09:08,2021-10-07T13:28:28,117,77.6,84.0,6.400000000000006,7.760696666666668,121.26088541666658,19.33333396911621,111.07,36.93,132.22619047619048,-24.0888958974359,-23.0,39.0,40.0,121.26088541666658,115.93586823249734,0,0,90.89109922686877,90.89109922686877,86.89973248393235
3933,2021-10-07T13:28:39,2021-10-07T13:46:59,111,84.0,90.4,6.400000000000006,7.4198631666666675,115.93536197916657,18.33333396911621,119.53,39.75,132.22345132743362,-24.281988738738736,-23.20001,39.0,40.0,115.93536197916657,115.94569811921292,0,0,86.89935302173757,86.89935302173757,86.90710047572776
3935,2021-10-07T20:42:43,2021-10-07T20:56:59,108,64.8,74.8,10.0,11.390001777777778,113.90001777777778,14.266666412353516,98.88,32.88,132.19251336898395,-47.8981557037037,-47.30002,37.26851851851852,38.0,113.90001777777778,115.925532092451,0,0,85.37376073257032,85.37376073257032,86.89198502994216
3937,2021-10-08T03:32:31,2021-10-08T03:52:51,123,14.0,32.0,18.0,20.794446166666667,115.52470092592593,20.33333396911621,42.25,14.05,132.03125,-61.36179365853659,-60.80002,34.707317073170735,36.0,115.52470092592593,115.87954084052205,0,0,86.59154202060186,86.59154202060186,86.8575122860868
3938,2021-10-08T03:53:02,2021-10-08T04:14:12,128,32.0,50.4,18.4,21.30722425,115.80013179347827,21.16666603088379,66.64,22.16,132.22222222222223,-60.397662109375005,-59.80002,35.70703125,38.0,115.80013179347827,115.87954084052205,0,0,86.79799123319685,86.79799123319685,86.8575122860868
3939,2021-10-08T04:14:23,2021-10-08T04:34:43,123,50.8,68.0,17.200000000000003,19.910834986111116,115.76066852390181,20.33333396911621,89.92,29.9,132.23529411764704,-58.75285048780487,-57.60001,37.58130081300813,39.0,115.76066852390181,115.82819285068112,0,0,86.76841153865178,86.76841153865178,86.81902439921632
3940,2021-10-08T04:34:54,2021-10-08T04:53:34,113,68.0,83.2,15.200000000000003,17.599029902777776,115.78309146564324,18.66666603088379,109.99,36.57,132.19951923076923,-56.568148407079654,-55.60001,38.86725663716814,40.0,115.78309146564324,115.80656900976592,0,0,86.78521865510797,86.78521865510797,86.8028162488013
3944,2021-10-08T12:56:08,2021-10-08T13:25:48,179,41.6,67.6,25.999999999999993,29.75986605555556,114.46102329059832,29.66666603088379,89.41,29.73,132.26331360946747,-60.18827815642457,-60.10001,33.589385474860336,36.0,114.46102329059832,115.80656900976592,0,0,85.7942624265616,85.7942624265616,86.8028162488013
3945,2021-10-08T13:25:59,2021-10-08T13:50:39,149,68.0,89.2,21.200000000000003,24.742643055555554,116.71058045073373,24.66666603088379,118.11,39.28,132.4103139013453,-60.184573892617436,-60.10001,35.45973154362416,37.0,116.71058045073373,115.80656900976592,0,0,87.4804180434847,87.4804180434847,86.8028162488013
3947,2021-10-08T22:21:39,2021-10-08T23:27:43,496,32.8,97.2,64.4,73.91255707777778,114.77105136300897,66.06666564941406,128.6,42.76,132.3045267489712,-67.09959818548387,-41.70001,32.28528225806452,36.0,114.77105136300897,115.80656900976592,0,0,86.02664397478934,86.02664397478934,86.8028162488013
3949,2021-10-09T15:23:30,2021-10-09T15:41:12,108,26.0,44.0,18.0,20.542822394444446,114.12679108024693,17.700000762939453,58.04,19.3,131.9090909090909,-69.63612111111112,-69.60001,31.055555555555557,33.0,114.12679108024693,115.80656900976592,0,0,85.54373866622885,85.54373866622885,86.8028162488013
3955,2021-10-09T22:25:25,2021-10-09T22:42:55,106,56.4,74.0,17.6,20.30833625,115.38827414772726,17.5,97.81,32.53,132.17567567567568,-69.62831188679246,-69.60001,33.636792452830186,36.0,115.38827414772726,115.79161162956075,0,0,86.48928332611973,86.48928332611973,86.79160494415241
3957,2021-10-10T01:21:10,2021-10-10T01:38:00,102,45.6,60.0,14.399999999999999,16.64750205555556,115.60765316358028,16.83333396911621,79.25,26.35,132.08333333333334,-59.337262156862735,-59.20001,32.36764705882353,35.0,115.60765316358028,115.77187999477252,0,0,86.65371887208885,86.65371887208885,86.77681509687987
3958,2021-10-10T01:38:11,2021-10-10T01:56:21,110,60.0,75.6,15.599999999999994,17.964864125000005,115.15938541666674,18.16666603088379,100.0,33.25,132.2751322751323,-59.33364627272727,-59.30002,33.82272727272727,36.0,115.15938541666674,115.68416084374104,0,0,86.31771977291582,86.31771977291582,86.71106520537032
3959,2021-10-10T01:56:32,2021-10-10T02:14:32,109,76.0,91.2,15.200000000000003,17.813887722222223,117.19662975146197,18.0,120.68,40.13,132.32456140350877,-59.37981256880734,-59.30002,34.5,36.0,117.19662975146197,115.68416084374104,0,0,87.84473630711803,87.84473630711803,86.71106520537032
3962,2021-10-10T06:53:44,2021-10-10T07:12:44,115,53.6,65.6,11.999999999999993,13.949725208333335,116.24771006944454,19.0,86.78,28.85,132.28658536585368,-44.051313826086954,-43.30002,30.934782608695652,33.0,116.24771006944454,115.68416084374104,0,0,87.13347353940678,87.13347353940678,86.71106520537032
3963,2021-10-10T07:12:55,2021-10-10T07:29:25,100,66.0,76.0,10.0,11.765417680555554,117.65417680555554,16.5,100.48,33.41,132.21052631578948,-42.78300379999999,-42.20001,31.5,33.0,117.65417680555554,115.77187999477252,0,0,88.18769071118396,88.18769071118396,86.77681509687987
3964,2021-10-10T07:29:36,2021-10-10T07:49:46,122,76.0,88.0,12.0,14.025974583333335,116.8831215277778,20.16666603088379,116.43,38.71,132.3068181818182,-41.72951524590164,-41.10001,31.5,33.0,116.8831215277778,115.79161162956075,0,0,87.60974621142968,87.60974621142968,86.79160494415241
3965,2021-10-10T07:49:57,2021-10-10T08:06:38,102,88.4,97.6,9.199999999999989,11.312570448611108,122.96272226751219,16.683332443237305,129.19,42.96,132.36680327868854,-40.68431745098039,-40.20001,31.607843137254903,34.0,122.96272226751219,115.80656900976592,0,0,92.16671107438782,92.16671107438782,86.8028162488013
3966,2021-10-10T13:38:28,2021-10-10T14:04:18,156,58.8,81.6,22.799999999999997,26.224445944444444,115.01949975633529,25.83333396911621,107.75,35.83,132.046568627451,-60.906413782051295,-60.10001,31.71153846153846,33.0,115.01949975633529,115.79161162956075,0,0,86.21286847325796,86.21286847325796,86.79160494415241
3971,2021-10-10T21:12:38,2021-10-10T21:30:58,111,69.2,87.6,18.39999999999999,21.393751208333338,116.27038700181167,18.33333396911621,115.89,38.53,132.2945205479452,-70.01441837837837,-69.80002,33.810810810810814,35.0,116.27038700181167,115.79161162956075,0,0,87.15047103454184,87.15047103454184,86.79160494415241
3974,2021-10-11T04:17:16,2021-10-11T04:34:36,105,29.2,36.4,7.199999999999999,8.59986290277778,119.44254031635806,17.33333396911621,47.98,15.96,131.8131868131868,-29.768577714285716,-27.89999,31.238095238095237,33.0,119.44254031635806,115.80656900976592,0,0,89.52815861850243,89.52815861850243,86.8028162488013
3975,2021-10-11T04:34:47,2021-10-11T04:53:07,111,36.4,44.0,7.600000000000001,8.591529680555555,113.04644316520465,18.33333396911621,57.98,19.28,131.77272727272725,-28.114420720720727,-26.0,32.0,33.0,113.04644316520465,115.79161162956075,0,0,84.73396386367612,84.73396386367612,86.79160494415241
3976,2021-10-11T04:53:18,2021-10-11T05:10:48,106,44.0,50.8,6.799999999999997,7.671251625,112.81252389705887,17.5,67.0,22.28,131.88976377952756,-26.294345188679248,-24.5,32.41509433962264,34.0,112.81252389705887,115.79161162956075,0,0,84.55862967129364,84.55862967129364,86.79160494415241
3977,2021-10-11T05:10:59,2021-10-11T05:28:49,108,51.2,58.0,6.799999999999997,7.252640430555555,106.65647691993468,17.83333396911621,76.52,25.44,131.93103448275863,-24.400931111111113,-22.70001,33.0,34.0,106.65647691993468,115.77187999477252,0,0,79.94436452948432,79.94436452948432,86.77681509687987
3978,2021-10-11T05:29:00,2021-10-11T05:47:20,111,58.0,64.0,6.0,7.114029527777779,118.56715879629633,18.33333396911621,84.5,28.1,132.03125,-23.28559135135135,-22.39999,33.130630630630634,35.0,118.56715879629633,115.77187999477252,0,0,88.87201638163927,88.87201638163927,86.77681509687987
3979,2021-10-11T05:47:31,2021-10-11T06:06:01,112,64.4,70.8,6.3999999999999915,7.305001541666666,114.1406490885418,18.5,93.47,31.08,132.01977401129943,-23.688397857142856,-22.60001,33.933035714285715,35.0,114.1406490885418,115.77187999477252,0,0,85.55412593663915,85.55412593663915,86.77681509687987
3980,2021-10-11T06:06:12,2021-10-11T06:24:02,108,70.8,77.2,6.400000000000006,7.1595850416666655,111.86851627604155,17.83333396911621,101.96,33.9,132.0725388601036,-24.086116851851855,-23.10001,33.43518518518518,35.0,111.86851627604155,115.77187999477252,0,0,83.85104873900885,83.85104873900885,86.77681509687987
3981,2021-10-11T06:24:13,2021-10-11T06:42:03,108,77.2,83.2,6.0,7.265279430555556,121.08799050925927,17.83333396911621,109.96,36.57,132.16346153846152,-24.44630175925926,-23.60001,33.0,34.0,121.08799050925927,115.77187999477252,0,0,90.76150584536755,90.76150584536755,86.77681509687987
3982,2021-10-11T06:42:14,2021-10-11T07:00:04,108,83.6,89.6,6.0,7.389585472222223,123.1597578703704,17.83333396911621,118.42,39.38,132.16517857142858,-24.86204425925926,-23.60001,33.0,34.0,123.1597578703704,115.77187999477252,0,0,92.31439911467447,92.31439911467447,86.77681509687987
3985,2021-10-11T18:15:41,2021-10-11T18:32:11,100,15.2,29.2,14.0,16.384724444444444,117.03374603174602,16.5,38.49,12.8,131.8150684931507,-59.5810081,-59.5,34.36,35.0,117.03374603174602,115.77187999477252,0,0,87.72264681156246,87.72264681156246,86.77681509687987
3986,2021-10-11T18:32:22,2021-10-11T18:58:22,157,29.2,52.0,22.8,25.816947805555554,113.23222721734892,26.0,68.75,22.86,132.21153846153845,-59.57771477707006,-59.5,35.36624203821656,37.0,113.23222721734892,115.77187999477252,0,0,84.87321830388734,84.87321830388734,86.77681509687987
3987,2021-10-11T18:58:33,2021-10-11T19:26:43,170,52.0,76.8,24.799999999999997,27.97417077777778,112.79907571684589,28.16666603088379,101.42,33.73,132.05729166666666,-59.59000876470588,-59.5,37.68529411764706,39.0,112.79907571684589,115.68416084374104,0,0,84.54854958753079,84.54854958753079,86.71106520537032
3988,2021-10-11T19:26:54,2021-10-11T19:49:04,134,76.8,95.2,18.400000000000006,21.69958684722223,117.93253721316425,22.16666603088379,125.79,41.83,132.13235294117646,-58.67463634328359,-41.5,38.78358208955224,40.0,117.93253721316425,115.68416084374104,0,0,88.39633576059013,88.39633576059013,86.71106520537032
3989,2021-10-12T03:07:46,2021-10-12T03:26:36,114,28.4,44.8,16.4,18.89278094444445,115.19988380758812,18.83333396911621,59.03,19.63,131.76339285714286,-60.18948377192983,-60.10001,31.232456140350877,33.0,115.19988380758812,115.5661770447531,0,0,86.34807534268687,86.34807534268687,86.62263044634535
3990,2021-10-12T03:26:47,2021-10-12T03:55:37,174,45.2,70.8,25.599999999999994,28.933894138888892,113.02302398003475,28.83333396911621,93.5,31.09,132.06214689265536,-60.209206321839076,-60.20001,33.548850574712645,36.0,113.02302398003475,115.51214241484789,0,0,84.71641001293708,84.71641001293708,86.5821287883579
3991,2021-10-12T03:55:48,2021-10-12T04:25:38,180,70.8,96.0,25.200000000000003,29.334452111111112,116.40655599647266,29.83333396911621,126.88,42.19,132.16666666666666,-58.953348722222216,-42.10001,35.175,37.0,116.40655599647266,115.51214241484789,0,0,87.25253650736788,87.25253650736788,86.5821287883579
3994,2021-10-12T14:32:09,2021-10-12T14:54:09,133,30.0,49.2,19.200000000000003,22.023613138888887,114.70631843171293,22.0,64.96,21.6,132.03252032520322,-60.06316345864661,-59.5,29.74436090225564,31.0,114.70631843171293,115.48428543552268,0,0,85.97812340476828,85.97812340476828,86.56124858891593
3995,2021-10-12T14:54:20,2021-10-12T15:17:00,137,49.2,69.2,20.0,22.683335805555554,113.41667902777776,22.66666603088379,91.46,30.42,132.16763005780345,-60.04453211678833,-59.60001,31.93065693430657,34.0,113.41667902777776,115.48428543552268,0,0,85.0114741622926,85.0114741622926,86.56124858891593
3996,2021-10-12T15:17:11,2021-10-12T15:38:41,130,69.6,88.0,18.400000000000006,21.53250176388889,117.02446610809177,21.5,116.28,38.67,132.13636363636363,-60.09077415384616,-59.60001,33.07692307692308,34.0,117.02446610809177,115.51214241484789,0,0,87.71569104459128,87.71569104459128,86.5821287883579
3998,2021-10-13T11:33:51,2021-10-13T12:26:36,396,24.0,78.0,54.0,61.575072180555566,114.02791144547326,52.75,103.05,34.27,132.1153846153846,-70.03813444444445,-69.80002,27.068181818181817,31.0,114.02791144547326,115.51214241484789,0,0,85.46962343389445,85.46962343389445,86.5821287883579
4000,2021-10-13T15:46:56,2021-10-13T16:05:16,111,66.4,85.2,18.799999999999997,21.575419583333343,114.76287012411355,18.33333396911621,112.54,37.42,132.08920187793427,-70.61082036036036,-70.5,30.995495495495497,32.0,114.76287012411355,115.51214241484789,0,0,86.02051172700237,86.02051172700237,86.5821287883579
4003,2021-10-14T01:43:46,2021-10-14T02:13:06,177,18.8,44.8,25.999999999999996,29.74528147222222,114.40492873931625,29.33333396911621,59.11,19.66,131.9419642857143,-60.84294542372882,-60.10001,28.92090395480226,31.0,114.40492873931625,115.44392902574856,0,0,85.75221675446258,85.75221675446258,86.53099944111685
4004,2021-10-14T02:13:17,2021-10-14T02:40:17,163,44.8,68.4,23.60000000000001,26.499863958333332,112.28755914548017,27.0,90.4,30.06,132.16374269005848,-58.88773644171779,-57.30002,31.76993865030675,34.0,112.28755914548017,115.29407897765769,0,0,84.1651423306529,84.1651423306529,86.4186793344033
4005,2021-10-14T02:40:28,2021-10-14T03:03:58,142,68.4,87.6,19.19999999999999,21.992918666666668,114.54645138888895,23.5,115.81,38.51,132.203196347032,-56.15211781690141,-54.89999,33.566901408450704,35.0,114.54645138888895,115.17963461212743,0,0,85.85829505944083,85.85829505944083,86.33289755780135
4007,2021-10-14T13:18:21,2021-10-14T13:36:01,107,26.4,44.4,18.0,20.543754875,114.1319715277778,17.66666603088379,58.6,19.49,131.981981981982,-69.77197906542057,-69.70001,34.23364485981308,36.0,114.1319715277778,115.17963461212743,0,0,85.54762167078508,85.54762167078508,86.33289755780135
4008,2021-10-14T13:36:12,2021-10-14T13:54:32,111,44.4,63.2,18.800000000000004,21.319727083333333,113.40280363475173,18.33333396911621,83.35,27.71,131.88291139240505,-69.7738898198198,-69.70001,36.52252252252252,38.0,113.40280363475173,115.17963461212743,0,0,85.0010738611567,85.0010738611567,86.33289755780135
4009,2021-10-14T13:54:43,2021-10-14T14:13:13,112,63.2,82.0,18.799999999999997,21.528892222222222,114.51538416075651,18.5,108.21,35.99,131.96341463414635,-69.82322517857143,-69.70001,38.433035714285715,40.0,114.51538416075651,115.17963461212743,0,0,85.83500861793758,85.83500861793758,86.33289755780135
4012,2021-10-15T02:51:58,2021-10-15T03:11:18,117,34.8,47.6,12.800000000000004,14.73527976388889,115.11937315538192,19.33333396911621,62.83,20.89,131.99579831932772,-45.729920598290605,-45.39999,31.47008547008547,33.0,115.11937315538192,115.17963461212743,0,0,86.28772858162415,86.28772858162415,86.33289755780135
4013,2021-10-15T03:11:29,2021-10-15T03:29:09,107,47.6,59.6,12.0,13.240418625,110.33682187500001,17.66666603088379,78.59,26.13,131.86241610738256,-44.96729626168225,-44.39999,32.71495327102804,34.0,110.33682187500001,115.13937928602434,0,0,82.70296716833634,82.70296716833634,86.30272417727
4014,2021-10-15T03:29:20,2021-10-15T03:46:30,104,59.6,70.8,11.199999999999996,12.52264063888889,111.80929141865084,17.16666603088379,93.36,31.04,131.864406779661,-43.76827528846154,-43.10001,33.87980769230769,35.0,111.80929141865084,115.06943645585861,0,0,83.80665674589994,83.80665674589994,86.25029852744106
4015,2021-10-15T03:46:41,2021-10-15T04:04:11,106,71.2,82.0,10.799999999999997,12.445141055555556,115.23278755144037,17.5,108.21,35.99,131.96341463414635,-42.66887537735849,-42.20001,34.0,35.0,115.23278755144037,115.06943645585861,0,0,86.37273834458674,86.37273834458674,86.25029852744106
4017,2021-10-15T09:46:42,2021-10-15T10:43:38,428,43.2,97.6,54.39999999999999,62.768002957777774,115.38235837826798,56.93333435058594,128.81999,42.829998,131.98769467213114,-66.12547041588786,-41.80002,32.574766355140184,35.0,115.38235837826798,115.13937928602434,0,0,86.48484916099649,86.48484916099649,86.30272417727
4018,2021-10-16T00:25:36,2021-10-16T01:52:51,658,6.8,82.4,75.60000000000001,86.52128704722223,114.44614688786008,87.25,108.75,36.16,131.97815533980582,-59.502286045592705,-55.600006,30.28191489361702,34.0,114.44614688786008,115.06943645585861,0,0,85.78311181857475,85.78311181857475,86.25029852744106
4019,2021-10-16T06:45:16,2021-10-16T07:04:56,119,8.8,26.4,17.599999999999998,19.808336180555557,112.54736466224749,19.66666603088379,34.64,11.52,131.21212121212122,-60.43362210084032,-60.10001,31.172268907563026,33.0,112.54736466224749,114.89527555967213,0,0,84.35987956123672,84.35987956123672,86.11975622402365
4020,2021-10-16T07:05:07,2021-10-16T07:25:27,123,26.4,44.4,18.0,20.47653081944445,113.75850455246916,20.33333396911621,58.5,19.46,131.75675675675674,-60.42521227642277,-60.0,31.89430894308943,34.0,113.75850455246916,114.76696074356126,0,0,85.2676894915494,85.2676894915494,86.02357785089586
4021,2021-10-16T07:25:38,2021-10-16T07:47:18,131,44.4,63.6,19.200000000000003,21.824863305555553,113.67116304976848,21.66666603088379,84.0,27.93,132.0754716981132,-60.43588396946565,-60.0,33.83206106870229,37.0,113.67116304976848,114.73459427791323,0,0,85.20222266635417,85.20222266635417,85.99931756588532
4022,2021-10-16T07:47:29,2021-10-16T08:07:59,124,63.6,81.6,17.999999999999993,20.65944594444444,114.77469969135804,20.5,107.71,35.82,131.99754901960785,-60.46613330645162,-59.89999,35.46370967741935,37.0,114.77469969135804,114.76696074356126,0,0,86.02937857938049,86.02937857938049,86.02357785089586
4023,2021-10-16T08:08:10,2021-10-16T08:29:00,126,81.6,97.6,16.0,19.415001749999995,121.34376093749997,20.83333396911621,128.91,42.87,132.07991803278688,-55.88175111111111,-41.70001,36.361111111111114,38.0,121.34376093749997,114.76696074356126,0,0,90.95321857526098,90.95321857526098,86.02357785089586
4024,2021-10-16T17:13:18,2021-10-16T18:24:18,533,21.6,82.4,60.800000000000004,69.94153474583334,115.03541898985745,71.0,108.78,36.17,132.01456310679612,-59.10413348968106,-55.60001,34.21482176360225,37.0,115.03541898985745,114.76878490773579,0,0,86.22480073508093,86.22480073508093,86.02494515319142
4026,2021-10-17T13:12:59,2021-10-17T13:30:49,108,17.6,33.2,15.600000000000001,17.80680418055556,114.1461806445869,17.83333396911621,43.7,14.53,131.6265060240964,-59.91018064814815,-59.80002,26.5,27.0,114.1461806445869,114.76878490773579,0,0,85.55827211458966,85.55827211458966,86.02494515319142
4028,2021-10-17T13:47:01,2021-10-17T14:04:51,108,47.6,63.2,15.600000000000001,17.43861197222222,111.78597418091164,17.83333396911621,83.46,27.75,132.05696202531644,-58.67129925925927,-57.60001,29.62037037037037,31.0,111.78597418091164,114.73459427791323,0,0,83.78917930985972,83.78917930985972,85.99931756588532
4029,2021-10-17T14:05:02,2021-10-17T14:22:02,103,63.2,77.6,14.399999999999991,16.040417777777776,111.39179012345686,17.0,102.43,34.07,131.9974226804124,-56.61359621359223,-55.70001,31.145631067961165,32.0,111.39179012345686,114.62638491030094,0,0,83.49371864126354,83.49371864126354,85.91820923210456
4032,2021-10-18T00:58:48,2021-10-18T02:32:33,705,18.4,97.6,79.19999999999999,90.07046806583332,113.72533846696128,93.75,128.76,42.82,131.9262295081967,-57.63915516595746,-41.899994,29.383687943262412,33.0,113.72533846696128,114.53091777482274,0,0,85.24282985145601,85.24282985145601,85.84665183868921
4034,2021-10-18T06:50:49,2021-10-18T07:10:29,119,48.8,68.8,20.0,22.932359902777776,114.66179951388888,19.66666603088379,90.75,30.17,131.90406976744188,-69.96302151260505,-69.89999,29.941176470588236,33.0,114.66179951388888,114.53091777482274,0,0,85.94475424897237,85.94475424897237,85.84665183868921
4035,2021-10-18T07:10:40,2021-10-18T07:28:30,108,69.2,86.8,17.599999999999994,20.791248902777774,118.13209603851013,17.83333396911621,114.47,38.07,131.8778801843318,-69.95184814814814,-69.80002,31.425925925925927,33.0,118.13209603851013,114.53091777482274,0,0,88.54591508234574,88.54591508234574,85.84665183868921
4038,2021-10-18T14:54:45,2021-10-18T15:14:05,117,50.8,70.8,20.0,22.7941711388889,113.9708556944445,19.33333396911621,93.28,31.02,131.75141242937855,-70.74018478632478,-70.60001,30.45299145299145,32.0,113.9708556944445,114.4807655243083,0,0,85.42685729450498,85.42685729450498,85.80906021825616
4041,2021-10-18T17:31:40,2021-10-18T17:50:10,112,54.8,70.8,16.0,18.427643986111114,115.17277491319446,18.5,93.39,31.06,131.90677966101697,-59.765195089285726,-59.70001,31.598214285714285,33.0,115.17277491319446,114.4807655243083,0,0,86.32775587032116,86.32775587032116,85.80906021825616
4042,2021-10-18T17:50:21,2021-10-18T18:10:51,124,70.8,88.4,17.60000000000001,20.430006666666667,116.07958333333329,20.5,116.64,38.79,131.94570135746605,-59.795180806451604,-59.70001,32.5,33.0,116.07958333333329,114.4807655243083,0,0,87.0074541408013,87.0074541408013,85.80906021825616
4045,2021-10-19T02:00:27,2021-10-19T02:17:27,103,46.4,57.6,11.200000000000003,12.708335444444446,113.46728075396824,17.0,75.82,25.21,131.63194444444443,-44.85243475728155,-44.30002,28.844660194174757,30.0,113.46728075396824,114.42553781358816,0,0,85.04940268722812,85.04940268722812,85.76766428651867
4046,2021-10-19T02:17:38,2021-10-19T02:34:38,103,58.0,68.8,10.799999999999997,12.386253041666665,114.68752816358025,17.0,90.75,30.17,131.90406976744188,-43.716515631067935,-43.20001,29.975728155339805,31.0,114.68752816358025,114.42553781358816,0,0,85.96403915889232,85.96403915889232,85.76766428651867
4047,2021-10-19T02:34:49,2021-10-19T02:51:29,101,68.8,79.2,10.400000000000006,11.839862444444442,113.84483119658113,16.66666603088379,104.37,34.71,131.78030303030303,-42.62376722772276,-42.10001,30.316831683168317,32.0,113.84483119658113,114.27555469195158,0,0,85.33239562946801,85.33239562946801,85.65524443452611
4048,2021-10-19T02:51:40,2021-10-19T03:09:50,110,79.2,90.0,10.799999999999997,12.616945944444442,116.82357355967079,18.16666603088379,118.71,39.48,131.89999999999998,-41.67091409090907,-41.10001,31.0,32.0,116.82357355967079,114.42553781358816,0,0,87.56511203067654,87.56511203067654,85.76766428651867
4050,2021-10-19T13:14:34,2021-10-19T14:32:48,587,4.8,84.4,79.60000000000001,91.2568784875,114.64431970791458,78.23332977294922,111.37,37.03,131.95497630331752,-69.98824798977853,-69.70001,35.84071550255537,40.0,114.64431970791458,114.4807655243083,0,0,85.93165226003491,85.93165226003491,85.80906021825616
4052,2021-10-19T20:06:11,2021-10-19T20:22:41,100,45.2,59.6,14.399999999999999,16.3625,113.62847222222224,16.5,78.65,26.15,131.96308724832215,-59.5,-59.39999,37.145,39.0,113.62847222222224,114.4807655243083,0,0,85.17022375566464,85.17022375566464,85.80906021825616
4053,2021-10-19T20:22:52,2021-10-19T20:39:32,101,59.6,74.0,14.399999999999999,16.528611194444444,114.78202218364198,16.66666603088379,97.61,32.46,131.90540540540542,-59.50297059405941,-59.5,38.55940594059406,40.0,114.78202218364198,114.4807655243083,0,0,86.03486715362668,86.03486715362668,85.80906021825616
4054,2021-10-19T20:39:43,2021-10-19T20:56:53,104,74.4,88.8,14.399999999999991,17.030972958333333,118.27064554398156,17.16666603088379,117.17,38.96,131.94819819819818,-59.525964134615386,-59.5,39.0,40.0,118.27064554398156,114.53091777482274,0,0,88.64976486710005,88.64976486710005,85.84665183868921
4057,2021-10-20T03:14:30,2021-10-20T03:34:50,123,53.6,74.4,20.800000000000004,23.774169583333336,114.2988922275641,20.33333396911621,98.11,32.63,131.86827956989245,-70.15285414634148,-69.89999,33.80487804878049,36.0,114.2988922275641,114.53091777482274,0,0,85.6727370848377,85.6727370848377,85.84665183868921
4058,2021-10-20T03:35:01,2021-10-20T03:53:11,110,74.4,92.8,18.39999999999999,21.232779972222225,115.39554332729476,18.16666603088379,122.53,40.75,132.0366379310345,-70.12546172727272,-69.89999,34.8,37.0,115.39554332729476,114.53091777482274,0,0,86.49473193981817,86.49473193981817,85.84665183868921
4060,2021-10-21T05:05:35,2021-10-21T05:25:35,121,55.6,72.4,16.800000000000004,19.401112847222223,115.48281456679892,20.0,95.39,31.72,131.75414364640883,-58.203310909090916,-56.89999,29.962809917355372,31.0,115.48281456679892,114.53091777482274,0,0,86.56014609923297,86.56014609923297,85.84665183868921
4061,2021-10-21T05:25:46,2021-10-21T05:44:06,111,72.8,87.2,14.400000000000006,17.13347423611111,118.98245997299378,18.33333396911621,115.1,38.28,131.99541284403668,-56.072979549549544,-55.0,30.864864864864863,32.0,118.98245997299378,114.53091777482274,0,0,89.1833053874101,89.1833053874101,85.84665183868921
4064,2021-10-21T13:40:49,2021-10-21T13:58:19,106,35.2,50.4,15.199999999999996,17.635696361111112,116.0243181652047,17.5,66.49,22.11,131.92460317460316,-60.46604424528302,-59.80002,27.316037735849058,29.0,116.0243181652047,114.59538554840177,0,0,86.9660301328625,86.9660301328625,85.89497365973787
4065,2021-10-21T13:58:30,2021-10-21T14:16:40,110,50.8,66.4,15.600000000000009,17.810418513888887,114.16934944800563,18.16666603088379,87.6,29.13,131.9277108433735,-58.822733454545435,-57.70001,29.40909090909091,31.0,114.16934944800563,114.59538554840177,0,0,85.57563829168183,85.57563829168183,85.89497365973787
4066,2021-10-21T14:16:51,2021-10-21T14:36:01,116,66.8,82.4,15.600000000000009,18.10652972222222,116.06749821937315,19.16666603088379,108.63,36.12,131.83252427184465,-56.68104060344828,-55.70001,30.814655172413794,32.0,116.06749821937315,114.59538554840177,0,0,86.99839574337706,86.99839574337706,85.89497365973787
4068,2021-10-22T01:03:45,2021-10-22T01:22:35,114,21.2,40.4,19.2,21.812499888888887,113.60677025462962,18.83333396911621,52.88,17.58,130.8910891089109,-69.4903506140351,-69.30002,23.135964912280702,25.0,113.60677025462962,114.53091777482274,0,0,85.15395704539692,85.15395704539692,85.84665183868921
4069,2021-10-22T01:22:46,2021-10-22T01:44:56,134,40.4,63.2,22.800000000000004,25.662359708333334,112.554209247076,22.16666603088379,83.32,27.71,131.83544303797467,-69.4619364925373,-69.39999,25.708955223880597,28.0,112.554209247076,114.53091777482274,0,0,84.36500991993961,84.36500991993961,85.84665183868921
4070,2021-10-22T01:45:07,2021-10-22T02:03:47,113,63.6,82.4,18.800000000000004,21.594025069444445,114.86183547576829,18.66666603088379,108.53,36.09,131.71116504854368,-69.40972584070796,-69.30002,27.911504424778762,30.0,114.86183547576829,114.53091777482274,0,0,86.09469120842678,86.09469120842678,85.84665183868921
4072,2021-10-22T12:35:37,2021-10-22T12:52:07,100,54.4,71.2,16.800000000000004,19.36430323611111,115.26370973875657,16.5,93.53,31.1,131.3623595505618,-70.4159916,-70.39999,24.505,26.0,115.26370973875657,114.53091777482274,0,0,86.39591607074311,86.39591607074311,85.84665183868921
4077,2021-10-22T20:26:55,2021-10-22T20:44:55,109,42.4,58.4,16.0,17.84958329166667,111.55989557291667,18.0,76.77,25.53,131.4554794520548,-59.49908247706422,-59.39999,24.559633027522935,26.0,111.55989557291667,114.53091777482274,0,0,83.619722084459,83.619722084459,85.84665183868921
4092,2021-10-23T07:54:38,2021-10-23T08:24:58,183,66.8,95.2,28.400000000000006,33.12833005555555,116.64904949139277,30.33333396911621,125.44,41.71,131.76470588235293,-65.47594978142077,-41.89999,25.628415300546447,27.0,116.64904949139277,114.53091777482274,0,0,87.43429751161025,87.43429751161025,85.84665183868921
4095,2021-10-23T16:52:25,2021-10-23T17:09:05,101,74.0,91.2,17.200000000000003,19.857916347222222,115.45300201873383,16.66666603088379,120.25,39.99,131.8530701754386,-71.48811762376238,-71.39999,27.0,28.0,115.45300201873383,114.59538554840177,0,0,86.5378001032007,86.5378001032007,85.89497365973787
4098,2021-10-24T02:00:48,2021-10-24T02:20:38,120,35.2,52.4,17.199999999999996,19.911529722222227,115.76470768733856,19.83333396911621,69.0,22.94,131.6793893129771,-60.236672500000005,-59.39999,26.029166666666665,28.0,115.76470768733856,114.59538554840177,0,0,86.77143909369116,86.77143909369116,85.89497365973787
4099,2021-10-24T02:20:49,2021-10-24T02:40:29,119,52.8,70.0,17.200000000000003,19.13833513888889,111.26939034237725,19.66666603088379,92.25,30.67,131.7857142857143,-58.38824084033613,-57.20001,28.159663865546218,30.0,111.26939034237725,114.59538554840177,0,0,83.40197388276846,83.40197388276846,85.89497365973787
4100,2021-10-24T02:40:40,2021-10-24T03:01:10,124,70.0,86.8,16.799999999999997,19.190279930555562,114.2278567294974,20.5,114.42,38.05,131.82027649769586,-56.16694185483871,-55.10001,29.08467741935484,31.0,114.2278567294974,114.59538554840177,0,0,85.61949242576051,85.61949242576051,85.89497365973787
4103,2021-10-24T16:41:05,2021-10-24T16:59:25,111,21.2,33.6,12.400000000000002,14.095835708333334,113.676094422043,18.33333396911621,44.13,14.67,131.33928571428572,-46.13153927927928,-45.89999,27.68018018018018,29.0,113.676094422043,114.57985193433555,0,0,85.20591897654676,85.20591897654676,85.88333043898623
4104,2021-10-24T16:59:36,2021-10-24T17:17:06,106,33.6,45.2,11.600000000000001,13.31430716666667,114.77851005747127,17.5,59.48,19.78,131.5929203539823,-45.64811886792453,-45.30002,28.943396226415093,30.0,114.77851005747127,114.65305961090172,0,0,86.03223463938119,86.03223463938119,85.93820325450363
4105,2021-10-24T17:17:17,2021-10-24T17:34:37,105,45.6,57.2,11.600000000000001,12.981669361111111,111.9109427681992,17.33333396911621,75.27,25.03,131.59090909090907,-44.936199809523806,-44.39999,30.21904761904762,32.0,111.9109427681992,114.65305961090172,0,0,83.88284951710229,83.88284951710229,85.93820325450363
4106,2021-10-24T17:34:48,2021-10-24T17:52:08,105,57.2,68.8,11.599999999999994,12.646807194444445,109.02419995210735,17.33333396911621,90.67,30.15,131.78779069767444,-43.777148476190476,-43.10001,31.442857142857143,32.0,109.02419995210735,114.65305961090172,0,0,81.71909137829034,81.71909137829034,85.93820325450363
4107,2021-10-24T17:52:19,2021-10-24T18:10:49,112,68.8,80.4,11.600000000000009,13.130141375000003,113.19087392241373,18.5,105.88,35.21,131.6915422885572,-42.58393660714286,-42.0,31.991071428571427,33.0,113.19087392241373,114.54523329788734,0,0,84.84222194079469,84.84222194079469,85.85738203930484
4110,2021-10-25T00:44:18,2021-10-25T01:03:38,117,35.6,52.8,17.199999999999996,19.44708520833334,113.06444888565899,19.33333396911621,69.46,23.1,131.55303030303028,-60.35299726495725,-59.70001,30.183760683760685,33.0,113.06444888565899,114.54523329788734,0,0,84.74746005182323,84.74746005182323,85.85738203930484
4111,2021-10-25T01:03:49,2021-10-25T01:22:59,116,52.8,69.6,16.799999999999997,18.704585291666668,111.3368172123016,19.16666603088379,91.71,30.5,131.76724137931035,-58.5525924137931,-57.30002,32.06896551724138,34.0,111.3368172123016,114.54523329788734,0,0,83.45251369454529,83.45251369454529,85.85738203930484
4116,2021-10-25T14:51:34,2021-10-25T15:08:14,101,46.0,60.8,14.799999999999997,16.442223236111115,111.09610294669675,16.66666603088379,80.14,26.64,131.80921052631578,-59.191092772277216,-58.20001,30.65841584158416,32.0,111.09610294669675,114.37251955771208,0,0,83.27208631167376,83.27208631167376,85.72792445170623
4117,2021-10-25T15:08:25,2021-10-25T15:26:25,109,60.8,76.0,15.200000000000003,17.139168541666663,112.75768777412277,18.0,100.05,33.27,131.64473684210526,-57.131198990825695,-56.10001,32.288990825688074,33.0,112.75768777412277,114.26337447853075,0,0,84.51752725418795,84.51752725418795,85.64611475529911
4118,2021-10-25T15:26:36,2021-10-25T15:43:56,105,76.4,90.0,13.599999999999994,15.966390750000002,117.39993198529417,17.33333396911621,118.59,39.43,131.76666666666668,-55.26857780952381,-54.39999,33.01904761904762,34.0,117.39993198529417,114.26337447853075,0,0,87.99712150078368,87.99712150078368,85.64611475529911
4121,2021-10-26T04:40:48,2021-10-26T04:58:38,108,57.2,75.2,18.0,20.88236404166667,116.01313356481484,17.83333396911621,99.17,32.98,131.875,-70.25926907407408,-70.10001,27.53240740740741,29.0,116.01313356481484,114.47160596773934,0,0,86.9576467154039,86.9576467154039,85.80219467243631
4122,2021-10-26T04:58:49,2021-10-26T05:17:29,113,75.2,93.6,18.39999999999999,21.263752722222222,115.56387349033821,18.66666603088379,123.26,40.99,131.6880341880342,-68.23894672566372,-41.89999,28.995575221238937,30.0,115.56387349033821,114.65305961090172,0,0,86.620903817085,86.620903817085,85.93820325450363
4125,2021-10-26T15:29:54,2021-10-26T15:53:24,142,26.8,47.2,20.400000000000002,23.406255625,114.73654718137254,23.5,62.12,20.66,131.6101694915254,-59.760577746478866,-59.70001,32.982394366197184,35.0,114.73654718137254,114.67466383873457,0,0,86.00078136471451,86.00078136471451,85.95439670393235
4126,2021-10-26T15:53:35,2021-10-26T16:18:05,148,47.6,69.2,21.6,24.400561944444448,112.96556455761318,24.5,91.00999,30.26,131.51732658959537,-59.75677243243243,-59.70001,35.24662162162162,37.0,112.96556455761318,114.65305961090172,0,0,84.67334130164659,84.67334130164659,85.93820325450363
4127,2021-10-26T16:18:16,2021-10-26T16:41:36,141,69.2,89.2,20.0,23.24056183333333,116.20280916666665,23.33333396911621,117.47,39.07,131.6928251121076,-59.76171829787234,-59.70001,36.45035460992908,37.0,116.20280916666665,114.65305961090172,0,0,87.09981806678066,87.09981806678066,85.93820325450363
4128,2021-10-26T21:42:48,2021-10-26T22:03:38,126,15.6,33.6,18.0,20.751947013888884,115.28859452160492,20.83333396911621,44.16,14.68,131.42857142857142,-59.76508666666667,-59.39999,36.52777777777778,39.0,115.28859452160492,114.65305961090172,0,0,86.41456846025302,86.41456846025302,85.93820325450363
4129,2021-10-26T22:03:49,2021-10-26T22:31:19,166,33.6,57.6,24.0,27.455275194444443,114.39697997685185,27.5,75.74,25.18,131.49305555555554,-59.902403975903624,-59.80002,38.00903614457831,41.0,114.39697997685185,114.65305961090172,0,0,85.7462587593894,85.7462587593894,85.93820325450363
4130,2021-10-26T22:31:30,2021-10-26T22:54:40,140,58.0,78.0,20.0,23.158193708333336,115.79096854166667,23.16666603088379,102.68,34.14,131.64102564102564,-59.97785521428572,-59.80002,39.989285714285714,42.0,115.79096854166667,114.67466383873457,0,0,86.79112291760781,86.79112291760781,85.95439670393235
4131,2021-10-26T22:54:51,2021-10-26T23:19:41,150,78.0,98.0,20.0,23.32889269444445,116.64446347222224,24.83333396911621,128.95,42.88,131.5816326530612,-56.32867586666667,-41.70001,40.5,42.0,116.64446347222224,114.7120376724764,0,0,87.43086006084405,87.43086006084405,85.98241026180341
4132,2021-10-27T18:27:56,2021-10-27T18:44:46,102,40.8,56.0,15.200000000000003,16.833333333333332,110.7456140350877,16.83333396911621,73.57,24.46,131.37499999999997,-60.0,-60.0,27.151960784313726,29.0,110.7456140350877,114.7120376724764,0,0,83.00937734056974,83.00937734056974,85.98241026180341
4133,2021-10-27T18:44:57,2021-10-27T19:06:57,133,56.0,75.2,19.200000000000003,21.999722194444445,114.58188642939812,22.0,99.06,32.94,131.72872340425533,-59.99924804511278,-59.89999,29.2406015037594,30.0,114.58188642939812,114.7120376724764,0,0,85.8848553948034,85.8848553948034,85.98241026180341
4134,2021-10-27T19:07:08,2021-10-27T19:23:58,102,75.6,90.0,14.400000000000006,16.833333333333332,116.89814814814811,16.83333396911621,118.39,39.37,131.54444444444445,-60.0,-60.0,30.387254901960784,31.0,116.89814814814811,114.7120376724764,0,0,87.62100941504582,87.62100941504582,85.98241026180341
4136,2021-10-28T00:06:32,2021-10-28T00:26:02,118,55.2,72.0,16.799999999999997,19.593061611111114,116.62536673280427,19.5,94.85,31.53,131.73611111111111,-60.286459322033885,-60.20001,31.56779661016949,33.0,116.62536673280427,114.7575286194219,0,0,87.41654609940971,87.41654609940971,86.01650800204786
4137,2021-10-28T00:26:13,2021-10-28T00:47:23,128,72.0,90.4,18.400000000000006,21.274173222222217,115.62050664251201,21.16666603088379,118.94,39.55,131.57079646017698,-60.30470609375001,-60.30002,32.6640625,34.0,115.62050664251201,114.7575286194219,0,0,86.66335319749379,86.66335319749379,86.01650800204786
4140,2021-10-28T21:30:24,2021-10-28T22:02:04,191,63.2,90.4,27.200000000000003,31.667222277777775,116.42361131535945,31.66666603088379,119.0,39.57,131.63716814159292,-60.00104722513089,-60.0,30.445026178010473,32.0,116.42361131535945,114.7575286194219,0,0,87.26532032199992,87.26532032199992,86.01650800204786
4142,2021-10-28T23:35:43,2021-10-29T00:02:53,164,41.2,65.2,24.0,27.34735904166667,113.9473293402778,27.16666603088379,85.78,28.53,131.5644171779141,-60.39877597560976,-60.30002,34.96951219512195,37.0,113.9473293402778,114.7575286194219,0,0,85.40922311524211,85.40922311524211,86.01650800204786
4143,2021-10-29T00:03:04,2021-10-29T00:30:44,167,65.2,89.2,24.0,27.869997277777777,116.12498865740741,27.66666603088379,117.42,39.05,131.63677130044843,-60.44071263473054,-60.39999,36.862275449101794,38.0,116.12498865740741,114.78026612055663,0,0,87.04148770242068,87.04148770242068,86.03355089650393
4145,2021-10-29T08:37:16,2021-10-29T08:57:26,122,37.6,55.2,17.6,19.999169583333334,113.63164535984848,20.16666603088379,72.68,24.17,131.66666666666666,-59.356565983606565,-23.89999,32.09836065573771,34.0,113.63164535984848,114.78026612055663,0,0,85.17260218103945,85.17260218103945,86.03355089650393
4146,2021-10-29T08:57:37,2021-10-29T09:20:24,138,55.6,75.2,19.6,22.673726450000004,115.68227780612246,22.78333282470703,98.9,32.89,131.51595744680853,-59.711605362318856,-59.70001,34.04710144927536,36.0,115.68227780612246,114.78026612055663,0,0,86.70965377448351,86.70965377448351,86.03355089650393
4147,2021-10-29T09:20:35,2021-10-29T09:40:25,120,75.6,92.4,16.80000000000001,19.758477958333327,117.6099878472221,19.83333396911621,121.67,40.46,131.67748917748918,-59.77335066666668,-59.70001,35.0125,37.0,117.6099878472221,114.82192882970514,0,0,88.15456887653123,88.15456887653123,86.06477918102672
4150,2021-10-29T19:38:11,2021-10-29T19:59:51,131,28.8,50.8,21.999999999999996,25.28458401388889,114.9299273358586,21.66666603088379,66.9,22.25,131.69291338582678,-70.01908587786261,-69.89999,34.36259541984733,37.0,114.9299273358586,114.89588140581344,0,0,86.14572946359657,86.14572946359657,86.12021033601167
4151,2021-10-29T20:00:02,2021-10-29T20:21:42,131,50.8,73.2,22.400000000000006,25.277222166666665,112.84474181547616,21.66666603088379,96.29,32.02,131.54371584699456,-69.99847312977099,-69.89999,37.07251908396947,39.0,112.84474181547616,114.89588140581344,0,0,84.58277861272424,84.58277861272424,86.12021033601167
4152,2021-10-29T20:21:53,2021-10-29T20:44:03,134,73.6,94.8,21.200000000000003,24.95666622222222,117.72012368972744,22.16666603088379,124.77,41.49,131.6139240506329,-67.4656704477612,-41.80002,38.36940298507463,40.0,117.72012368972744,114.89588140581344,0,0,88.23712119960878,88.23712119960878,86.12021033601167
4154,2021-10-30T16:56:10,2021-10-30T18:10:07,555,26.8,98.0,71.2,80.55294289166667,113.13615574672285,73.94999694824219,128.95,42.88,131.5816326530612,-65.29766765765766,0.0,26.50990990990991,30.0,113.13615574672285,114.89588140581344,0,0,84.80120793104913,84.80120793104913,86.12021033601167
4158,2021-10-31T03:34:54,2021-10-31T03:54:34,119,43.2,56.4,13.199999999999996,14.670139958333328,111.13742392676768,19.66666603088379,73.9,24.57,131.02836879432627,-44.756305882352926,-44.20001,25.23949579831933,27.0,111.13742392676768,114.82017276661978,0,0,83.30305845315924,83.30305845315924,86.06346292390398
4159,2021-10-31T03:54:45,2021-10-31T04:16:45,133,56.4,70.4,14.000000000000007,15.923057388888887,113.73612420634915,22.0,92.5,30.75,131.39204545454544,-43.42632082706767,-42.60001,26.616541353383457,28.0,113.73612420634915,114.7575286194219,0,0,85.25091430264214,85.25091430264214,86.01650800204786
4160,2021-10-31T04:16:56,2021-10-31T04:37:36,125,70.8,83.2,12.400000000000006,14.485279944444445,116.81677374551967,20.66666603088379,109.31,36.35,131.38221153846152,-42.05360624000001,-41.39999,27.116,28.0,116.81677374551967,114.7575286194219,0,0,87.56001522983587,87.56001522983587,86.01650800204786
4162,2021-10-31T11:31:15,2021-10-31T12:32:06,457,35.2,95.6,60.39999999999999,69.16500756250001,114.51160192466891,60.849998474121094,125.74,41.82,131.52719665271965,-68.17112341356675,-41.80002,29.4890590809628,32.0,114.51160192466891,114.65921680538534,0,0,85.83217364279817,85.83217364279817,85.94281837975896
4169,2021-11-01T20:37:41,2021-11-01T21:34:57,430,35.6,93.6,57.99999999999999,66.45671068194446,114.58053565852494,57.266666412353516,123.09,40.93,131.50641025641028,-69.59628153488373,-41.60001,30.56279069767442,33.0,114.58053565852494,114.65921680538534,0,0,85.88384292446685,85.88384292446685,85.94281837975896
4170,2021-11-02T04:49:55,2021-11-02T06:47:07,879,24.0,97.6,73.6,84.45528740972222,114.7490318066878,117.19999694824219,128.35,42.68,131.5061475409836,-43.23675122866894,-40.0,30.46928327645051,33.0,114.7490318066878,114.65921680538534,0,0,86.01013921588343,86.01013921588343,85.94281837975896
4174,2021-11-02T16:02:27,2021-11-02T16:18:57,100,80.0,95.2,15.200000000000003,17.866253013888894,117.54113824926903,16.5,125.16,41.62,131.47058823529412,-64.881011,-42.10001,34.115,35.0,117.54113824926903,114.74278949403018,0,0,88.10296265893038,88.10296265893038,86.00546029029897
4177,2021-11-02T23:52:09,2021-11-03T00:20:09,169,49.2,73.2,24.0,27.14264168055556,113.09434033564817,28.0,96.24,32.0,131.47540983606558,-58.16213615384616,-56.5,30.671597633136095,33.0,113.09434033564817,114.74278949403018,0,0,84.76986518879434,84.76986518879434,86.00546029029897
4182,2021-11-03T06:46:25,2021-11-03T07:05:45,117,62.0,76.0,14.0,15.842640763888891,113.1617197420635,19.33333396911621,99.85,33.21,131.3815789473684,-49.16752726495726,-48.30002,29.884615384615383,31.0,113.1617197420635,114.65921680538534,0,0,84.820369424297,84.820369424297,85.94281837975896
4183,2021-11-03T07:05:56,2021-11-03T07:23:56,109,76.0,88.8,12.799999999999997,14.859584944444444,116.09050737847224,18.0,116.82,38.85,131.55405405405403,-49.5330329357798,-48.70001,30.44954128440367,32.0,116.09050737847224,114.65921680538534,0,0,87.01564225906607,87.01564225906607,85.94281837975896
4186,2021-11-03T19:09:58,2021-11-03T19:26:58,103,30.4,47.6,17.200000000000003,19.887780611111122,115.62663145994836,17.0,62.53,20.79,131.3655462184874,-70.19224300970872,-70.10001,30.37378640776699,32.0,115.62663145994836,114.74278949403018,0,0,86.66794405453264,86.66794405453264,86.00546029029897
4187,2021-11-03T19:27:09,2021-11-03T19:44:39,106,47.6,66.0,18.4,20.47486402777778,111.27643493357489,17.5,86.67,28.82,131.3181818181818,-70.19906660377359,-70.10001,32.693396226415096,35.0,111.27643493357489,114.65921680538534,0,0,83.40725415624954,83.40725415624954,85.94281837975896
4191,2021-11-04T02:30:34,2021-11-04T02:47:14,101,51.2,68.4,17.200000000000003,19.386393861111113,112.71159221576225,16.66666603088379,89.82,29.86,131.3157894736842,-69.79110702970297,-69.70001,32.37128712871287,35.0,112.71159221576225,114.58121104396153,0,0,84.48297632744462,84.48297632744462,85.88434915963512
4192,2021-11-04T02:47:25,2021-11-04T03:04:44,106,68.4,86.0,17.599999999999994,20.155752563888893,114.52132138573239,17.316667556762695,112.96,37.56,131.34883720930233,-69.83680141509434,-69.80002,33.85849056603774,35.0,114.52132138573239,114.55092852212866,0,0,85.83945886504372,85.83945886504372,85.86165089475529
4194,2021-11-04T06:52:41,2021-11-04T07:21:31,174,60.0,83.6,23.599999999999994,27.398058402777778,116.09346780838045,28.83333396911621,109.89,36.54,131.44736842105263,-57.014373678160915,-55.5,32.31896551724138,34.0,116.09346780838045,114.58121104396153,0,0,87.01786124936635,87.01786124936635,85.88434915963512
4195,2021-11-04T07:21:42,2021-11-04T07:41:02,117,83.6,97.6,14.0,16.58014027777778,118.42957341269842,19.33333396911621,128.25,42.64,131.40368852459017,-51.43077350427351,-41.80002,33.2991452991453,35.0,118.42957341269842,114.65921680538534,0,0,88.76888925445566,88.76888925445566,85.94281837975896
4196,2021-11-04T16:19:04,2021-11-04T16:45:04,157,56.8,79.2,22.400000000000006,26.001529916666673,116.07825855654761,26.0,103.95,34.57,131.25,-60.0025527388535,-59.60001,33.767515923566876,35.0,116.07825855654761,114.74278949403018,0,0,87.00646115433359,87.00646115433359,86.00546029029897
4197,2021-11-04T16:45:15,2021-11-04T17:02:15,103,79.2,94.0,14.799999999999997,17.028891694444443,115.06007901651654,17.0,123.59,41.1,131.47872340425533,-60.10195165048543,-60.0,34.407766990291265,35.0,115.06007901651654,114.74278949403018,0,0,86.24328465858444,86.24328465858444,86.00546029029897
4198,2021-11-05T00:53:43,2021-11-05T01:19:23,155,48.8,71.2,22.400000000000006,25.758754930555558,114.99444165426586,25.66666603088379,93.42,31.07,131.2078651685393,-60.21549541935484,-60.20001,31.748387096774195,34.0,114.99444165426586,114.83947957127319,0,0,86.19408617232222,86.19408617232222,86.07793433974
4199,2021-11-05T01:19:34,2021-11-05T01:46:54,165,71.6,95.2,23.60000000000001,27.39070312500001,116.06230137711863,27.33333396911621,125.08,41.6,131.38655462184872,-60.07214024242423,-42.20001,33.306060606060605,35.0,116.06230137711863,114.96218449506222,0,0,86.99450045015536,86.99450045015536,86.1699078179594
4202,2021-11-05T15:56:06,2021-11-05T16:23:16,164,22.8,46.8,23.999999999999996,27.166111055555554,113.19212939814815,27.16666603088379,61.32,20.39,131.02564102564102,-59.998780365853655,-59.89999,36.045731707317074,38.0,113.19212939814815,114.96218449506222,0,0,84.84316298265794,84.84316298265794,86.1699078179594
4203,2021-11-05T16:23:27,2021-11-05T16:49:17,156,46.8,70.0,23.200000000000003,25.828749541666664,111.33081698994249,25.83333396911621,91.89,30.55,131.27142857142857,-59.989101474358975,-59.89999,38.342948717948715,40.0,111.33081698994249,114.96218449506222,0,0,83.4480162277492,83.4480162277492,86.1699078179594
4204,2021-11-05T16:49:28,2021-11-05T17:17:36,171,70.0,94.4,24.400000000000006,28.133333333333333,115.3005464480874,28.133333206176758,123.94,41.21,131.29237288135593,-60.0,-59.89999,39.80701754385965,41.0,115.3005464480874,115.02726033539119,0,0,86.42352702700057,86.42352702700057,86.21868541545334
4205,2021-11-06T08:36:55,2021-11-06T10:09:50,697,10.8,99.6,88.8,103.33503145833335,116.36827866929431,92.91666412353516,130.78,43.49,131.30522088353413,-66.71291484935438,-41.60001,34.68077474892396,39.0,116.36827866929431,115.17433676906073,0,0,87.22384573597236,87.22384573597236,86.32892655941873
4209,2021-11-06T19:58:06,2021-11-06T20:25:26,165,21.6,45.6,24.0,27.317081708333337,113.82117378472225,27.33333396911621,59.89,19.92,131.33771929824562,-59.96423884848484,-59.89999,35.3969696969697,38.0,113.82117378472225,115.17433676906073,0,0,85.31466321590919,85.31466321590919,86.32892655941873
4210,2021-11-06T20:25:37,2021-11-06T20:49:57,147,45.6,66.8,21.199999999999996,24.319998666666667,114.71697484276731,24.33333396911621,87.64,29.14,131.19760479041918,-59.96734367346939,-59.89999,37.493197278911566,40.0,114.71697484276731,115.02726033539119,0,0,85.98611091789931,85.98611091789931,86.21868541545334
4211,2021-11-06T20:50:08,2021-11-06T21:14:58,150,67.2,88.4,21.200000000000003,24.82486026388889,117.098397471174,24.83333396911621,116.22,38.64,131.47058823529412,-59.979331266666655,-59.89999,38.97666666666667,40.0,117.098397471174,115.02726033539119,0,0,87.77110629935207,87.77110629935207,86.21868541545334
4214,2021-11-07T20:41:25,2021-11-07T21:06:15,150,50.8,72.4,21.60000000000001,24.81096998611111,114.8656017875514,24.83333396911621,95.05,31.6,131.2845303867403,-59.9459946,-59.89999,33.233333333333334,35.0,114.8656017875514,114.96218449506222,0,0,86.0975142475034,86.0975142475034,86.1699078179594
4215,2021-11-07T21:06:26,2021-11-07T21:32:16,156,72.8,94.8,22.0,25.80097148611111,117.27714311868687,25.83333396911621,124.54,41.41,131.37130801687766,-59.86730596153846,-41.89999,34.48397435897436,36.0,117.27714311868687,115.02726033539119,0,0,87.90508510322309,87.90508510322309,86.21868541545334
4217,2021-11-08T11:58:04,2021-11-08T12:26:04,169,31.2,56.0,24.8,27.78153069444445,112.022301187276,28.0,72.03,23.93,128.625,-59.530775502958576,-59.10001,19.035502958579883,21.0,112.022301187276,115.02726033539119,0,0,83.96631822247483,83.96631822247483,86.21868541545334
4218,2021-11-08T12:26:15,2021-11-08T12:58:05,192,56.0,84.4,28.400000000000006,31.649033055555556,111.44025723787166,31.83333396911621,109.58,36.42,129.8341232227488,-59.65261411458334,-59.5,22.333333333333332,24.0,111.44025723787166,114.96218449506222,0,0,83.53004716789751,83.53004716789751,86.1699078179594
4219,2021-11-08T12:58:16,2021-11-08T13:16:26,110,84.4,97.6,13.199999999999989,15.7698635,119.46866287878797,18.16666603088379,127.32,42.32,130.45081967213113,-52.07091700000001,-41.5,23.59090909090909,25.0,119.46866287878797,114.96218449506222,0,0,89.54773878572387,89.54773878572387,86.1699078179594
4220,2021-11-08T20:02:53,2021-11-08T20:30:47,210,52.4,80.4,28.000000000000007,32.796431759722225,117.13011342757935,27.899999618530273,105.42,35.06,131.11940298507463,-70.53047880952381,-70.5,25.007142857142856,27.0,117.13011342757935,115.02726033539119,0,0,87.79487899514602,87.79487899514602,86.21868541545334
4221,2021-11-09T21:41:40,2021-11-09T22:57:13,567,18.8,94.4,75.60000000000001,86.29372101388891,114.14513361625515,75.55000305175781,123.81,41.17,131.15466101694915,-68.51464851851851,-41.60001,26.13668430335097,30.0,114.14513361625515,114.96218449506222,0,0,85.55748731448146,85.55748731448146,86.1699078179594
4223,2021-11-10T14:17:03,2021-11-10T14:36:43,119,37.6,54.8,17.199999999999996,19.731392166666677,114.71739631782954,19.66666603088379,71.92,23.92,131.24087591240877,-60.19748899159662,-60.10001,26.063025210084035,28.0,114.71739631782954,114.897764561705,0,0,85.98642683454112,85.98642683454112,86.12162185554999
4224,2021-11-10T14:36:54,2021-11-10T14:59:24,136,55.2,75.2,20.0,22.57500375,112.87501875,22.5,98.59,32.78,131.10372340425533,-60.200010000000006,-60.20001,28.459558823529413,30.0,112.87501875,114.897764561705,0,0,84.60547268963647,84.60547268963647,86.12162185554999
4225,2021-11-10T14:59:35,2021-11-10T15:21:05,130,75.2,94.0,18.799999999999997,21.57847648611111,114.77913024527189,21.5,123.33,41.01,131.20212765957447,-60.2192426923077,-60.20001,29.796153846153846,31.0,114.77913024527189,114.897764561705,0,0,86.03269950116025,86.03269950116025,86.12162185554999
4228,2021-11-11T01:03:32,2021-11-11T01:28:02,148,13.2,34.4,21.2,24.51305686111111,115.6276267033543,24.5,45.02,14.96,130.87209302325584,-60.032435675675686,-60.0,27.114864864864863,29.0,115.6276267033543,114.897764561705,0,0,86.6686900392486,86.6686900392486,86.12162185554999
4229,2021-11-11T01:28:13,2021-11-11T01:55:13,163,34.8,58.4,23.6,27.006667333333333,114.43503107344631,27.0,76.64,25.49,131.2328767123288,-60.01472539877301,-60.0,28.938650306748468,32.0,114.43503107344631,114.82236601641165,0,0,85.77477995964597,85.77477995964597,86.06510687433183
4230,2021-11-11T01:55:24,2021-11-11T02:17:14,132,58.8,78.0,19.200000000000003,21.83916725,113.74566276041665,21.83333396911621,102.25,34.0,131.0897435897436,-60.015910681818184,-60.0,31.174242424242426,33.0,113.74566276041665,114.76408102597983,0,0,85.25806392604504,85.25806392604504,86.02141935852184
4231,2021-11-11T02:17:25,2021-11-11T02:41:05,143,78.0,96.8,18.799999999999997,22.307501583333337,118.65692331560288,23.66666603088379,127.05,42.25,131.25,-56.5153886013986,-41.89999,31.902097902097903,34.0,118.65692331560288,114.76408102597983,0,0,88.93929937898265,88.93929937898265,86.02141935852184
4234,2021-11-11T19:16:44,2021-11-11T19:38:54,134,21.2,43.6,22.400000000000002,25.85986098611111,115.44580797371029,22.16666603088379,57.21,19.03,131.21559633027522,-69.99626828358208,-69.89999,29.32089552238806,31.0,115.44580797371029,114.82236601641165,0,0,86.53240780660126,86.53240780660126,86.06510687433183
4235,2021-11-11T19:39:05,2021-11-11T19:59:15,122,44.0,64.8,20.799999999999997,23.512915180555552,113.04286144497864,20.16666603088379,84.92,28.24,131.0493827160494,-69.95573327868854,-69.89999,31.92622950819672,34.0,113.04286144497864,114.76408102597983,0,0,84.73127918520503,84.73127918520503,86.02141935852184
4236,2021-11-11T19:59:26,2021-11-11T20:28:51,178,64.8,94.0,29.200000000000003,33.714442777777776,115.46042047184169,29.41666603088379,123.36,41.03,131.2340425531915,-68.69662584269663,-41.80002,34.21067415730337,36.0,115.46042047184169,114.82236601641165,0,0,86.54336060488448,86.54336060488448,86.06510687433183
4239,2021-11-12T02:42:04,2021-11-12T03:03:24,129,56.8,78.0,21.200000000000003,24.84916469444445,117.21304101153042,21.33333396911621,102.28,34.01,131.12820512820514,-69.88836651162791,-69.80002,30.496124031007753,33.0,117.21304101153042,114.82236601641165,0,0,87.85703736744918,87.85703736744918,86.06510687433183
4240,2021-11-12T03:03:35,2021-11-12T03:26:25,138,78.4,97.6,19.19999999999999,22.73486116666667,118.41073524305563,22.83333396911621,128.08,42.59,131.22950819672133,-59.71231898550725,-41.60001,31.590579710144926,33.0,118.41073524305563,114.82236601641165,0,0,88.75476910400175,88.75476910400175,86.06510687433183
4241,2021-11-12T20:22:45,2021-11-12T20:43:25,125,37.2,58.4,21.199999999999996,24.17764277777778,114.04548480083861,20.66666603088379,76.6,25.47,131.16438356164383,-70.19281128000004,-70.10001,28.588,31.0,114.04548480083861,114.76408102597983,0,0,85.48279554277995,85.48279554277995,86.02141935852184
4242,2021-11-12T20:43:36,2021-11-12T21:05:56,135,58.4,81.2,22.800000000000004,26.14583863888889,114.67473087231967,22.33333396911621,106.39,35.38,131.02216748768473,-70.24223644444444,-70.20001,31.262962962962963,33.0,114.67473087231967,114.76408102597983,0,0,85.95444694895747,85.95444694895747,86.02141935852184
4243,2021-11-12T21:06:07,2021-11-12T21:25:07,115,81.6,97.6,16.0,18.92833740277778,118.30210876736113,19.0,127.94,42.55,131.0860655737705,-59.742621565217405,-42.10001,32.404347826086955,34.0,118.30210876736113,114.76408102597983,0,0,88.67334812684916,88.67334812684916,86.02141935852184
4245,2021-11-13T04:09:18,2021-11-13T04:58:26,369,51.6,98.0,46.4,53.649600569444445,115.62413915828544,49.13333511352539,128.42,42.71,131.0408163265306,-65.44282249322494,0.0,29.024390243902438,32.0,115.62413915828544,114.82236601641165,0,0,86.66607594976853,86.66607594976853,86.06510687433183
4247,2021-11-13T16:00:20,2021-11-13T16:20:40,123,31.2,50.0,18.8,21.502081819444445,114.37277563534279,20.33333396911621,65.5,21.78,131.0,-63.44958910569106,-63.30002,29.048780487804876,31.0,114.37277563534279,114.82236601641165,0,0,85.72811639469974,85.72811639469974,86.06510687433183
4248,2021-11-13T16:20:51,2021-11-13T16:39:31,113,50.0,67.6,17.599999999999994,19.767917902777775,112.31771535669195,18.66666603088379,88.53,29.44,130.96153846153848,-63.53982699115044,-63.5,31.513274336283185,33.0,112.31771535669195,114.82236601641165,0,0,84.18774591940402,84.18774591940402,86.06510687433183
4251,2021-11-14T19:41:10,2021-11-14T19:58:30,105,45.2,63.2,18.0,20.240001694444445,112.4444538580247,17.33333396911621,82.73,27.51,130.90189873417722,-70.06191066666668,-70.0,26.204761904761906,28.0,112.4444538580247,114.76408102597983,0,0,84.28274276575655,84.28274276575655,86.02141935852184
4252,2021-11-14T19:58:41,2021-11-14T20:19:16,125,63.2,84.0,20.799999999999997,24.025556694444447,115.50748410790601,20.58333396911621,110.04,36.6,131.0,-70.03360328,-69.89999,28.196,29.0,115.50748410790601,114.82236601641165,0,0,86.57863715429116,86.57863715429116,86.06510687433183
4255,2021-11-15T04:58:47,2021-11-15T05:20:47,133,49.2,71.2,22.0,25.660416041666668,116.63825473484849,22.0,93.21,31.0,130.9129213483146,-69.98270503759397,-69.89999,26.80827067669173,29.0,116.63825473484849,114.93002172090863,0,0,87.42620630161434,87.42620630161434,86.1458002099128
4256,2021-11-15T05:20:58,2021-11-15T05:45:08,146,71.6,94.8,23.200000000000003,26.83472236111111,115.66690672892717,24.16666603088379,124.27,41.32,131.08649789029536,-66.55137020547946,-42.0,28.554794520547944,30.0,115.66690672892717,115.02726033539119,0,0,86.69813238324691,86.69813238324691,86.21868541545334
4257,2021-11-15T14:53:54,2021-11-15T15:59:52,496,34.0,97.6,63.599999999999994,72.98008624944444,114.74856328529002,65.96666717529297,127.96,42.55,131.10655737704917,-66.3598816733871,-41.80002,30.322580645161292,33.0,114.74856328529002,114.93002172090863,0,0,86.00978803565982,86.00978803565982,86.1458002099128
