session_id_raw,time_start,time_end,n_samples,soc_start,soc_end,delta_soc,charge_throughput_ah,capacity_ah_raw,duration_min,bms_available_capacity_at_max_soc,bms_available_energy_at_max_soc,bms_full_capacity_proxy_diag,mean_current,max_current,mean_temperature,max_temperature,capacity_ah_clean,capacity_ah_smooth,capacity_outlier_flag,bms_jump_flag_diag,soh_raw_percent,soh_clean_percent,soh_smooth_percent
0,2019-07-26T10:26:45,2019-07-26T12:07:37,757,22.0,79.2,57.2,75.77868096666666,132.48021148018645,100.86666870117188,107.61,35.8,135.87121212121212,-45.06804021136063,-32.20001,33.65455746367239,36.0,132.48021148018645,132.48021148018645,0,0,98.67197795887657,98.67197795887657,98.67197795887657
1,2019-07-26T19:50:44,2019-07-26T21:14:40,630,14.8,88.8,74.0,99.01982707638888,133.81057713025524,83.93333435058594,120.63,40.12,135.84459459459458,-70.77175149206349,-47.5,43.68492063492064,47.0,133.81057713025524,133.14539430522086,0,0,99.66284148961955,99.66284148961955,99.16740972424806
2,2019-07-27T11:34:11,2019-07-27T13:05:06,684,31.2,99.6,68.39999999999999,92.4056136263889,135.09592635436974,90.91666412353516,135.34,45.02,135.8835341365462,-60.991823669590644,-14.60001,39.529970760233915,42.0,135.09592635436974,133.81057713025524,0,0,100.62017654286448,100.62017654286448,99.66284148961955
3,2019-07-27T23:14:56,2019-07-28T01:03:57,818,33.6,94.4,60.800000000000004,82.09824040277779,135.03000066246344,109.01667022705078,128.33,42.69,135.9427966101695,-45.169569914425445,-20.30002,40.14364303178484,42.0,135.03000066246344,134.42028889635935,0,0,100.57107473100879,100.57107473100879,100.11695811031417
4,2019-07-28T07:48:28,2019-07-28T10:04:42,1022,38.8,99.6,60.8,82.82002593194447,136.21714791438237,136.23333740234375,135.34,45.02,135.8835341365462,-36.46440109589042,-14.60001,37.0220156555773,39.0,136.21714791438237,135.03000066246344,0,0,101.45526842428959,101.45526842428959,100.57107473100879
5,2019-07-29T14:06:18,2019-07-29T15:58:23,841,12.8,99.6,86.8,117.64188251805557,135.53212271665387,112.08333587646484,135.34,45.02,135.8835341365462,-62.95767344827586,-14.89999,39.876337693222354,42.0,135.53212271665387,135.0629635084166,0,0,100.94505795242866,100.94505795242866,100.59562563693663
6,2019-07-30T01:50:57,2019-07-30T03:35:09,782,20.8,99.6,78.8,106.25241719861111,134.83809289163847,104.19999694824219,135.32,45.02,135.86345381526104,-61.15626629156011,-14.70001,37.71419437340153,41.0,134.83809289163847,135.03000066246344,0,0,100.42814078546772,100.42814078546772,100.57107473100879
7,2019-07-30T16:55:13,2019-07-30T18:37:49,770,21.2,99.6,78.39999999999999,106.22352985972222,135.48919624964572,102.5999984741211,135.34,45.02,135.8835341365462,-62.10234701298701,-15.20001,38.78051948051948,42.0,135.48919624964572,135.0629635084166,0,0,100.91308608765613,100.91308608765613,100.59562563693663
8,2019-07-31T02:26:34,2019-07-31T03:45:57,596,44.0,99.6,55.599999999999994,75.37503728611111,135.56661382394086,79.38333129882812,135.34,45.02,135.8835341365462,-56.94379912751678,-14.39999,38.34563758389262,41.0,135.56661382394086,135.09592635436974,0,0,100.97074711566272,100.97074711566272,100.62017654286448
9,2019-07-31T15:04:25,2019-07-31T16:29:40,640,31.2,99.2,68.0,90.51062629722223,133.1038622017974,85.25,134.83,44.85,135.91733870967744,-63.671573156250005,-14.89999,36.203125,39.0,133.1038622017974,135.0629635084166,0,0,99.13647638901408,99.13647638901408,100.59562563693663
10,2019-08-01T14:29:50,2019-08-01T14:43:35,104,37.6,44.4,6.799999999999997,8.849444393333334,130.13888813725495,13.75,60.18,20.02,135.54054054054055,-38.458653596153844,-4.899994,29.908653846153847,31.0,130.13888813725495,135.03000066246344,0,0,96.92814767126497,96.92814767126497,100.57107473100879
12,2019-08-01T16:34:02,2019-08-01T18:18:31,784,44.8,99.2,54.400000000000006,68.87717735138888,126.61245836652367,104.48332977294922,134.83,44.85,135.91733870967744,-39.51453899234694,-5.0,31.27997448979592,33.0,126.61245836652367,134.93404677705095,0,0,94.30164370721322,94.30164370721322,100.49960775823826
13,2019-08-02T01:16:45,2019-08-02T02:45:02,663,36.0,99.6,63.599999999999994,85.63361238333333,134.6440446278826,88.28333282470703,135.34,45.02,135.8835341365462,-58.179940512820515,-14.39999,35.53846153846154,38.0,134.6440446278826,134.83809289163847,0,0,100.283612589216,100.283612589216,100.42814078546772
14,2019-08-02T20:00:17,2019-08-02T21:37:33,730,25.6,99.6,74.0,98.35207588872223,132.90821066043543,97.26667022705078,135.34,45.02,135.8835341365462,-60.59740122753424,-0.1000061,35.228767123287675,38.0,132.90821066043543,134.74106875976054,0,0,98.99075406293088,98.99075406293088,100.35587668734186
15,2019-08-03T08:23:16,2019-08-03T09:28:55,493,51.2,99.2,48.0,64.38100941944445,134.12710295717594,65.6500015258789,134.83,44.85,135.91733870967744,-58.80568811359027,-14.5,33.87931034482759,35.0,134.12710295717594,134.6440446278826,0,0,99.89859163727088,99.89859163727088,100.283612589216
17,2019-08-03T19:30:01,2019-08-03T21:15:10,789,32.0,90.8,58.8,78.95552574583333,134.27810500992064,105.1500015258789,123.39,41.04,135.89207048458152,-45.038536552598224,-22.10001,33.545627376425855,36.0,134.27810500992064,134.46107481890164,0,0,100.01105878276906,100.01105878276906,100.14733568599253
18,2019-08-04T03:54:48,2019-08-04T05:33:11,739,28.4,84.0,55.6,73.97782195277777,133.0536366057154,98.38333129882812,114.13,37.97,135.86904761904762,-45.116112841677946,-45.10001,32.22259810554804,34.0,133.0536366057154,134.27810500992064,0,0,99.09906809343391,99.09906809343391,100.01105878276906
19,2019-08-04T16:19:41,2019-08-04T18:52:59,1150,13.6,98.4,84.80000000000001,113.40880332777779,133.73679637709643,153.3000030517578,133.7,44.47,135.87398373983737,-44.363140426086964,-14.60001,39.23608695652174,42.0,133.73679637709643,134.20260398354827,0,0,99.60788918566308,99.60788918566308,99.95482521001998
20,2019-08-05T03:10:22,2019-08-05T06:42:42,1593,32.4,99.6,67.19999999999999,90.84258964444444,135.18242506613757,212.3333282470703,135.34,45.02,135.8835341365462,-25.662219296924043,-13.10001,35.473634651600754,37.0,135.18242506613757,134.27810500992064,0,0,100.68460125117123,100.68460125117123,100.01105878276906
38,2019-08-05T14:33:10,2019-08-05T16:09:22,722,52.8,99.6,46.8,59.54378668611112,127.23031343186138,96.19999694824219,135.34,45.02,135.8835341365462,-37.12784488919667,-13.5,40.13504155124654,41.0,127.23031343186138,134.20260398354827,0,0,94.76182550121571,94.76182550121571,99.95482521001998
39,2019-08-06T10:55:27,2019-08-06T12:08:14,547,44.4,99.2,54.800000000000004,73.745561425,134.57219238138686,72.78333282470703,134.78,44.83,135.86693548387098,-60.77952950639854,-14.39999,36.72851919561243,38.0,134.57219238138686,134.27810500992064,0,0,100.23009664745149,100.23009664745149,100.01105878276906
40,2019-08-06T22:29:32,2019-08-06T23:53:59,634,27.2,98.4,71.2,95.00127342916666,133.4287548162453,84.44999694824219,133.7,44.47,135.87398373983737,-67.46104779179811,-14.70001,40.003154574132495,43.0,133.4287548162453,134.20260398354827,0,0,99.37845816526297,99.37845816526297,99.95482521001998
53,2019-08-07T05:51:46,2019-08-07T09:00:50,1418,51.2,100.0,48.8,66.15764262333333,135.56893980191256,189.06666564941406,136.16,45.29,136.16,-20.981594980253877,0.0,35.01868829337094,37.0,135.56893980191256,134.27810500992064,0,0,100.97247951663486,100.97247951663486,100.01105878276906
54,2019-08-07T20:00:47,2019-08-07T21:24:43,630,42.4,99.6,57.199999999999996,78.0047353138889,136.37191488442116,83.93333435058594,135.34,45.02,135.8835341365462,-55.73921569841269,-14.20001,40.58888888888889,42.0,136.37191488442116,134.42514869565375,0,0,101.57053970054892,101.57053970054892,100.12057771511027
55,2019-08-08T05:55:43,2019-08-08T09:22:15,1549,33.6,99.6,66.0,88.49614311111111,134.08506531986532,206.53334045410156,135.34,45.02,135.8835341365462,-25.703624525500327,-14.39999,36.163008392511294,38.0,134.08506531986532,134.27810500992064,0,0,99.86728177766383,99.86728177766383,100.01105878276906
56,2019-08-09T09:10:28,2019-08-09T10:09:51,446,21.2,40.8,19.599999999999998,25.710666673333336,131.17687078231296,59.38333511352539,55.27,18.39,135.4656862745098,-25.9553811793722,-6.100006,33.82511210762332,35.0,131.17687078231296,134.20260398354827,0,0,97.70124275867866,97.70124275867866,99.95482521001998
57,2019-08-09T10:27:03,2019-08-09T12:24:36,882,40.0,99.6,59.599999999999994,80.5338333,135.12388137583892,117.55000305175781,135.32,45.02,135.86345381526104,-41.08888887755103,-14.39999,37.035714285714285,39.0,135.12388137583892,134.27810500992064,0,0,100.64099759403453,100.64099759403453,100.01105878276906
58,2019-08-10T13:40:02,2019-08-10T15:19:05,746,17.6,97.6,80.0,107.33662724027779,134.17078405034724,99.05000305175781,132.6,44.1,135.86065573770492,-64.96943836461126,-14.20001,43.63471849865952,47.0,134.17078405034724,134.22444453013395,0,0,99.93112555169071,99.93112555169071,99.97109216722988
59,2019-08-11T00:27:39,2019-08-11T02:53:53,1097,15.2,99.6,84.39999999999999,114.03241068333332,135.10949133096366,146.23333740234375,135.32,45.02,135.86345381526104,-46.77658141294439,-15.10001,41.521877848678216,44.0,135.10949133096366,134.27810500992064,0,0,100.63027981079055,100.63027981079055,100.01105878276906
60,2019-08-12T00:27:12,2019-08-12T02:16:04,817,12.8,99.2,86.4,116.00139614999999,134.26087517361108,108.86666870117188,134.89,44.87,135.97782258064515,-63.896821627906974,0.0,38.35924112607099,41.0,134.26087517361108,134.26949009176587,0,0,99.99822590750733,99.99822590750733,100.0046423451382
61,2019-08-12T10:39:31,2019-08-12T12:37:11,883,42.8,98.8,56.0,75.24999828805555,134.37499694295633,117.66666412353516,134.28,44.67,135.91093117408906,-38.33770440996602,-5.0,36.78539071347679,38.0,134.37499694295633,134.27810500992064,0,0,100.08322441848227,100.08322441848227,100.01105878276906
62,2019-08-13T06:36:27,2019-08-13T07:57:58,612,44.8,100.0,55.2,74.0423386,134.13467137681158,81.51667022705078,136.16,45.29,136.16,-54.46160516339869,0.0,34.07761437908497,36.0,134.13467137681158,134.26949009176587,0,0,99.90422863714527,99.90422863714527,100.0046423451382
63,2019-08-14T01:32:49,2019-08-14T02:40:44,510,20.8,80.4,59.60000000000001,79.7097863375,133.7412522441275,67.91666412353516,109.25,36.34,135.88308457711443,-70.41823060784314,-70.0,38.69117647058823,42.0,133.7412522441275,134.26087517361108,0,0,99.611207939525,99.611207939525,99.99822590750733
64,2019-08-14T02:41:56,2019-08-14T03:20:45,292,81.6,99.6,18.0,25.350557211111113,140.8364289506173,38.81666564941406,135.34,45.02,135.8835341365462,-39.19246828767123,-14.39999,40.88527397260274,42.0,140.8364289506173,134.26949009176587,0,0,104.89573392099054,104.89573392099054,100.0046423451382
65,2019-08-14T15:33:31,2019-08-14T17:14:47,760,18.4,99.2,80.80000000000001,107.92250914861111,133.567461817588,101.26667022705078,134.79,44.84,135.87701612903226,-63.9156715394737,-14.70001,44.15986842105263,46.0,133.567461817588,134.26087517361108,0,0,99.48176788998572,99.48176788998572,99.99822590750733
66,2019-08-15T05:47:48,2019-08-15T07:47:53,901,7.2,99.6,92.39999999999999,124.52109108055556,134.76308558501685,120.08333587646484,135.34,45.02,135.8835341365462,-62.197340166481695,-14.0,37.72752497225305,42.0,134.76308558501685,134.26949009176587,0,0,100.372274937859,100.372274937859,100.0046423451382
67,2019-08-16T01:03:32,2019-08-16T02:27:06,628,15.6,91.2,75.60000000000001,100.79606057222222,133.32812245002935,83.56666564941406,123.96,41.23,135.92105263157893,-72.3531883121019,-47.60001,38.068471337579616,42.0,133.32812245002935,134.26087517361108,0,0,99.30350663468897,99.30350663468897,99.99822590750733
68,2019-08-18T21:11:52,2019-08-18T22:59:56,811,20.0,99.6,79.6,106.87735777083333,134.2680374005444,108.06666564941406,135.34,45.02,135.8835341365462,-59.31529562268803,-14.80002,33.79778051787916,36.0,134.2680374005444,134.26445628707773,0,0,100.00356037286033,100.00356037286033,100.00089314018383
69,2019-08-19T14:07:49,2019-08-19T16:54:41,1253,3.6,99.6,96.0,129.9162835375,135.32946201822915,166.86666870117188,135.34,45.02,135.8835341365462,-46.70383786911412,-14.39999,42.02513966480447,44.0,135.32946201822915,134.2680374005444,0,0,100.79411516825982,100.79411516825982,100.00356037286033
70,2019-08-20T01:23:11,2019-08-20T02:28:58,494,59.6,100.0,40.4,55.12770895416667,136.45472513407591,65.78333282470703,136.16,45.29,136.16,-50.24919085020244,0.0,37.28744939271255,39.0,136.45472513407591,134.2730712052325,0,0,101.63221722232679,101.63221722232679,100.0073095778147
71,2019-08-20T16:04:23,2019-08-20T17:52:20,810,15.6,99.6,84.0,112.78313682916668,134.2656390823413,107.94999694824219,135.34,45.02,135.8835341365462,-62.668031259259266,-15.5,42.68024691358025,45.0,134.2656390823413,134.2680374005444,0,0,100.00177409249264,100.00177409249264,100.00356037286033
72,2019-08-21T15:44:03,2019-08-21T17:25:11,759,14.4,99.2,84.8,112.88033227777778,133.11359938417192,101.13333129882812,134.81,44.85,135.89717741935485,-66.96127243741765,-15.60001,42.2832674571805,45.0,133.11359938417192,134.26683824144283,0,0,99.14372869510497,99.14372869510497,100.00266723267649
73,2019-08-22T20:36:53,2019-08-22T23:31:47,1313,4.8,98.8,94.0,127.12859859444444,135.24318999408985,174.89999389648438,134.33,44.68,135.96153846153848,-43.601761713632904,-14.60001,40.833968012185835,43.0,135.24318999408985,134.2680374005444,0,0,100.72985929812472,100.72985929812472,100.00356037286033
74,2019-08-23T06:34:33,2019-08-23T08:16:13,763,53.6,99.6,45.99999999999999,62.79122284166669,136.50265835144936,101.66666412353516,135.34,45.02,135.8835341365462,-37.046543617300145,-14.5,37.5,39.0,136.50265835144936,134.2730712052325,0,0,101.66791814184771,101.66791814184771,100.0073095778147
75,2019-08-23T16:45:25,2019-08-23T17:15:27,226,56.4,73.6,17.199999999999996,23.40738499888889,136.0894476679587,30.03333282470703,99.95,33.24,135.80163043478262,-46.67123122123895,-4.800018,36.165929203539825,38.0,136.0894476679587,134.27810500992064,0,0,101.36015659015467,101.36015659015467,100.01105878276906
76,2019-08-23T17:16:23,2019-08-23T18:03:44,356,73.2,98.4,25.200000000000003,33.601639659111115,133.3398399171076,47.349998474121094,133.75,44.49,135.92479674796746,-42.489326854494394,-0.2000122,36.686797752808985,38.0,133.3398399171076,134.2730712052325,0,0,99.31223386753652,99.31223386753652,100.0073095778147
77,2019-08-24T03:02:28,2019-08-24T04:34:52,694,32.8,100.0,67.2,90.14034062916667,134.13741165054563,92.4000015258789,136.16,45.29,136.16,-58.5035980259366,0.0,37.02233429394813,39.0,134.13741165054563,134.2680374005444,0,0,99.9062696078417,99.9062696078417,100.00356037286033
78,2019-08-24T17:12:40,2019-08-24T20:44:16,1587,22.0,98.8,76.8,102.99538119805557,134.10856926830152,211.60000610351562,134.24,44.66,135.87044534412956,-29.19375963327032,-4.899994,42.94234404536862,45.0,134.10856926830152,134.26683824144283,0,0,99.88478764556767,99.88478764556767,100.00266723267649
79,2019-08-26T19:49:04,2019-08-26T21:07:31,589,24.0,68.8,44.8,59.100457663888896,131.92066442832345,78.44999694824219,93.4,31.07,135.7558139534884,-45.20119857385399,-45.20001,32.183361629881155,34.0,131.92066442832345,134.2656390823413,0,0,98.25522428863776,98.25522428863776,100.00177409249264
80,2019-08-27T13:58:03,2019-08-27T14:20:04,166,68.4,80.8,12.399999999999991,16.58711490277778,133.76705566756283,22.016666412353516,109.81,36.53,135.90346534653466,-45.20362481927712,-45.20001,30.978915662650603,32.0,133.76705566756283,134.2632571279762,0,0,99.63042646884365,99.63042646884365,99.99999999999999
81,2019-08-27T14:23:32,2019-08-27T15:07:11,328,80.4,99.6,19.19999999999999,25.288202208333338,131.70938650173622,43.650001525878906,135.34,45.02,135.8835341365462,-34.69848625,-14.39999,32.0655487804878,33.0,131.70938650173622,134.2632571279762,0,0,98.09786334633182,98.09786334633182,99.99999999999999
82,2019-08-27T22:20:16,2019-08-28T00:06:25,797,38.8,98.0,59.2,79.23927773333332,133.85013130630628,106.1500015258789,133.22,44.31,135.9387755102041,-44.77013799247177,-14.39999,37.26787954830615,39.0,133.85013130630628,134.2632571279762,0,0,99.69230165385,99.69230165385,99.99999999999999
83,2019-08-28T05:13:11,2019-08-28T06:33:46,605,61.2,99.6,38.39999999999999,52.67705556666667,137.17983220486116,80.58333587646484,135.34,45.02,135.8835341365462,-39.2026446446281,-14.39999,35.159504132231405,37.0,137.17983220486116,134.2632571279762,0,0,102.17228089000176,102.17228089000176,99.99999999999999
85,2019-08-29T13:10:05,2019-08-29T15:34:13,1082,10.0,91.2,81.2,107.66795585416668,132.5960047465107,144.13333129882812,123.92,41.22,135.87719298245614,-44.80851329944548,-19.60001,39.987523105360445,42.0,132.5960047465107,134.21582961197916,0,0,98.75822140984086,98.75822140984086,99.96467572959902
86,2019-08-30T01:40:38,2019-08-30T02:50:50,528,35.6,70.8,35.199999999999996,45.98102340000002,130.6279073863637,70.19999694824219,96.11,31.97,135.74858757062148,-39.30002000000001,-39.30002,34.95549242424242,37.0,130.6279073863637,134.15409785044642,0,0,97.29237185260044,97.29237185260044,99.9186975797662
87,2019-08-30T06:10:51,2019-08-30T08:09:54,894,42.4,99.2,56.800000000000004,76.00256704744446,133.8073363511346,119.05000305175781,134.81,44.85,135.89717741935485,-38.27001419038032,-0.2000122,34.07326621923937,36.0,133.8073363511346,134.1360415136786,0,0,99.66042773980448,99.66042773980448,99.90524912249347
88,2019-08-30T23:25:28,2019-08-30T23:53:57,216,39.6,64.4,24.800000000000004,33.190066962500005,133.83091517137095,28.483333587646484,87.45,29.09,135.79192546583852,-69.91434662037038,-69.80002,35.6412037037037,38.0,133.83091517137095,134.13088716699377,0,0,99.67798937262995,99.67798937262995,99.90141013720807
100,2019-08-30T23:59:49,2019-08-31T00:37:26,283,69.6,97.6,28.0,37.410320320833335,133.60828686011905,37.61666488647461,132.65,44.13,135.91188524590166,-59.60424169611309,-14.20001,37.64310954063604,39.0,133.60828686011905,134.11783611273873,0,0,99.51217460244328,99.51217460244328,99.89168964141928
101,2019-08-31T11:35:59,2019-08-31T14:04:53,1117,26.8,98.8,72.0,96.11238091388888,133.4894179359568,148.89999389648438,134.36,44.69,135.9919028340081,-38.70206705461056,-5.0,34.352282900626676,36.0,133.4894179359568,134.09681729408342,0,0,99.42364038488817,99.42364038488817,99.87603471161574
102,2019-09-01T01:37:31,2019-09-01T03:48:32,983,0.8,99.6,98.8,133.20188824027778,134.8197249395524,131.01666259765625,135.34,45.02,135.8835341365462,-60.97874461851475,-14.60001,36.0178026449644,39.0,134.8197249395524,134.11783611273873,0,0,100.41446023542076,100.41446023542076,99.89168964141928
103,2019-09-01T18:09:46,2019-09-01T19:49:18,747,29.6,99.6,70.0,94.61638197361111,135.1662599623016,99.53333282470703,135.34,45.02,135.8835341365462,-57.01633619812584,-14.0,36.57630522088353,39.0,135.1662599623016,134.13088716699377,0,0,100.67256139441388,100.67256139441388,99.90141013720807
104,2019-09-02T18:15:20,2019-09-02T20:04:37,820,48.0,99.2,51.2,68.66469897222224,134.11074018012155,109.28333282470703,134.79,44.84,135.87701612903226,-37.66707566097562,-4.899994,29.85487804878049,32.0,134.11074018012155,134.13088716699377,0,0,99.88640455243144,99.88640455243144,99.90141013720807
105,2019-09-03T19:00:54,2019-09-03T20:29:37,666,23.2,68.4,45.2,58.66258517083334,129.78448046644544,88.71666717529297,92.92,30.91,135.84795321637426,-39.6480398978979,-4.899994,33.810810810810814,36.0,129.78448046644544,134.11892156864874,0,0,96.66418292142153,96.66418292142153,99.89249809485116
106,2019-09-03T20:36:49,2019-09-03T21:44:36,509,68.0,98.8,30.799999999999997,40.80668894944445,132.4892498358586,67.78333282470703,134.26,44.66,135.8906882591093,-36.066006974459725,-4.800018,35.40275049115913,36.0,132.4892498358586,134.11892156864874,0,0,98.6787097750603,98.6787097750603,99.89249809485116
108,2019-09-04T17:55:29,2019-09-04T20:03:50,963,27.2,99.6,72.39999999999999,97.22279653333335,134.28563057090244,128.35000610351562,135.34,45.02,135.8835341365462,-45.4325113603323,-14.5,35.93302180685358,38.0,134.28563057090244,134.12270577846658,0,0,100.01666386128628,100.01666386128628,99.89531659478835
109,2019-09-05T14:26:31,2019-09-05T16:08:43,767,32.4,96.4,64.0,84.48918544583333,132.01435225911456,102.19999694824219,131.0,43.58,135.8921161825726,-49.60104589308997,-47.60001,33.958930899608866,36.0,132.01435225911456,134.10965472421154,0,0,98.32500349167155,98.32500349167155,99.88559609899956
110,2019-09-06T01:29:10,2019-09-06T03:53:07,1080,24.8,99.6,74.8,100.5624686227778,134.44180297162808,143.9499969482422,135.34,45.02,135.8835341365462,-41.884547118518526,-6.300018,36.24212962962963,38.0,134.44180297162808,134.12270577846658,0,0,100.13298190992171,100.13298190992171,99.89531659478835
111,2019-09-06T12:33:51,2019-09-06T13:40:42,502,40.0,97.2,57.2,76.5130806277778,133.76412697163948,66.8499984741211,132.1,43.94,135.90534979423867,-68.6537948804781,-48.20001,39.461155378486055,42.0,133.76412697163948,134.12270577846658,0,0,99.62824516028166,99.62824516028166,99.89531659478835
112,2019-09-06T22:55:23,2019-09-06T23:51:49,424,28.8,81.2,52.400000000000006,70.19067516111112,133.9516701547922,56.43333435058594,110.36,36.71,135.91133004926107,-74.6266599528302,-74.30002,40.20400943396226,43.0,133.9516701547922,134.10965472421154,0,0,99.7679283373209,99.7679283373209,99.88559609899956
113,2019-09-07T14:24:57,2019-09-07T15:56:45,689,27.6,73.2,45.6,60.281984699999995,132.19733486842102,91.80000305175781,99.39,33.06,135.77868852459017,-39.39999,-39.39999,38.72206095791002,40.0,132.19733486842102,134.10965472421154,0,0,98.46128992864668,98.46128992864668,99.88559609899956
114,2019-09-07T22:10:11,2019-09-07T23:11:25,460,36.8,67.6,30.799999999999997,40.922176872222224,132.86421062409812,61.233333587646484,91.79,30.53,135.78402366863907,-40.09587956521739,-38.20001,38.38478260869565,40.0,132.86421062409812,134.09681729408342,0,0,98.95798259791616,98.95798259791616,99.87603471161574
116,2019-09-08T17:14:19,2019-09-08T19:22:57,966,33.6,99.6,66.0,89.16796338333334,135.10297482323233,128.63333129882812,135.34,45.02,135.8835341365462,-41.576820424430636,-14.5,38.534679089026916,40.0,135.10297482323233,134.10965472421154,0,0,100.62542628059121,100.62542628059121,99.88559609899956
117,2019-09-09T04:26:24,2019-09-09T06:51:18,1087,28.4,98.8,70.4,92.91025673255557,131.9747964951073,144.89999389648438,134.34,44.69,135.97165991902835,-38.442493612051514,-0.3000183,37.03495860165594,39.0,131.9747964951073,134.09681729408342,0,0,98.29554214472275,98.29554214472275,99.87603471161574
118,2019-09-09T18:37:12,2019-09-09T20:26:12,818,21.2,99.6,78.39999999999999,105.84960508750001,135.01225138711737,109.0,135.34,45.02,135.8835341365462,-58.242180354523235,-13.89999,41.42481662591687,44.0,135.01225138711737,134.09681729408342,0,0,100.55785497474356,100.55785497474356,99.87603471161574
119,2019-09-10T05:22:26,2019-09-10T06:47:17,637,52.4,94.4,42.00000000000001,56.16700002033333,133.73095242936506,84.8499984741211,128.28,42.67,135.88983050847457,-39.686499243799055,-0.3000183,36.338304552590266,38.0,133.73095242936506,134.03011971154686,0,0,99.6035365817889,99.6035365817889,99.82635799144428
120,2019-09-10T20:03:49,2019-09-10T21:42:33,741,30.0,99.6,69.6,94.09566938055556,135.19492727091318,98.73332977294922,135.31,45.01,135.85341365461846,-57.166001983805664,-14.10001,39.82523616734143,42.0,135.19492727091318,134.10965472421154,0,0,100.6939129608996,100.6939129608996,99.88559609899956
121,2019-09-11T14:32:27,2019-09-11T16:30:40,887,10.0,99.6,89.6,120.97042148194447,135.0116311182416,118.21666717529297,135.34,45.02,135.8835341365462,-61.38174568207441,-14.5,43.84329199549042,47.0,135.0116311182416,134.10965472421154,0,0,100.55739299513051,100.55739299513051,99.88559609899956
122,2019-09-12T06:25:46,2019-09-12T08:13:27,808,17.2,99.6,82.39999999999999,109.48682167916665,132.87235640675564,107.68333435058594,135.34,45.02,135.8835341365462,-60.98725372524753,-14.30002,37.896658415841586,41.0,132.87235640675564,134.03011971154686,0,0,98.96404962089159,98.96404962089159,99.82635799144428
123,2019-09-13T02:29:25,2019-09-13T04:02:25,698,29.2,99.6,70.39999999999999,95.11923661527779,135.11255201033777,93.0,135.34,45.02,135.8835341365462,-61.309464871060165,-15.10001,39.11174785100287,42.0,135.11255201033777,134.03011971154686,0,0,100.63255942134045,100.63255942134045,99.82635799144428
124,2019-09-13T19:41:32,2019-09-13T19:59:17,134,51.6,61.6,10.0,13.401589150000003,134.0158915,17.75,83.61,27.81,135.7305194805195,-45.30151208955226,-45.30002,40.0,41.0,134.0158915,133.98378082739612,0,0,99.8157607425385,99.8157607425385,99.7918445399297
125,2019-09-15T01:41:10,2019-09-15T03:18:02,727,27.2,99.6,72.39999999999999,97.73087863333332,134.987401427256,96.86666870117188,135.34,45.02,135.8835341365462,-60.50852185694636,-15.0,35.9050894085282,38.0,134.987401427256,133.98378082739612,0,0,100.5393465902511,100.5393465902511,99.7918445399297
126,2019-09-15T12:46:46,2019-09-15T14:26:34,749,27.6,99.6,72.0,96.00537835694445,133.34080327353396,99.80000305175781,135.34,45.02,135.8835341365462,-57.69906743658211,-14.39999,38.568090787716955,41.0,133.34080327353396,133.90090073054924,0,0,99.31295138061266,99.31295138061266,99.73011499558544
127,2019-09-16T00:44:58,2019-09-16T02:07:26,619,41.2,99.6,58.39999999999999,79.03006973194445,135.3254618697679,82.46666717529297,135.34,45.02,135.8835341365462,-57.47707008077545,-15.60001,38.527463651050084,41.0,135.3254618697679,133.98378082739612,0,0,100.79113583605321,100.79113583605321,99.7918445399297
128,2019-09-16T06:04:21,2019-09-16T06:58:40,408,68.0,99.6,31.599999999999994,43.889980775000005,138.8923442246836,54.31666564941406,135.34,45.02,135.8835341365462,-48.47133299019608,-14.70001,36.43872549019608,38.0,138.8923442246836,133.98378082739612,0,0,103.4477691035717,103.4477691035717,99.7918445399297
129,2019-09-17T01:23:48,2019-09-17T03:20:49,878,13.2,99.6,86.39999999999999,116.38012530972222,134.6992191084748,117.01667022705078,135.34,45.02,135.8835341365462,-59.65410038724374,-14.39999,36.90660592255125,40.0,134.6992191084748,134.06223038415078,0,0,100.32470684074278,100.32470684074278,99.85027419405309
130,2019-09-17T16:35:35,2019-09-17T17:57:32,616,31.6,72.4,40.800000000000004,54.10932094244445,132.62088466285402,81.94999694824219,98.36,32.72,135.8563535911602,-39.584893555519486,-0.2000122,36.87662337662338,38.0,132.62088466285402,133.98378082739612,0,0,98.77675210608312,98.77675210608312,99.7918445399297
131,2019-09-17T22:42:24,2019-09-18T00:31:49,821,27.2,82.8,55.599999999999994,73.49156425000002,132.1790723920864,109.41666412353516,112.52,37.43,135.8937198067633,-40.30002000000001,-40.30002,36.91534713763703,39.0,132.1790723920864,133.98378082739612,0,0,98.4476879375098,98.4476879375098,99.7918445399297
132,2019-09-18T06:51:41,2019-09-18T09:11:14,1047,31.2,99.2,68.0,90.27001453905555,132.75002138096403,139.5500030517578,134.81,44.85,135.89717741935485,-38.78118460735435,-0.3999939,35.14183381088825,37.0,132.75002138096403,133.90090073054924,0,0,98.87293383209838,98.87293383209838,99.73011499558544
133,2019-09-18T21:37:58,2019-09-18T23:06:25,664,38.0,100.0,62.0,84.05858623333333,135.5783648924731,88.44999694824219,136.16,45.29,136.16,-56.995785105421696,-14.70001,39.07605421686747,41.0,135.5783648924731,133.90090073054924,0,0,100.9794993750549,100.9794993750549,99.73011499558544
134,2019-09-19T04:47:27,2019-09-19T06:11:47,633,43.2,99.6,56.39999999999999,76.93445891111112,136.40861509062256,84.33333587646484,135.34,45.02,135.8835341365462,-54.65972592417062,0.0,38.44549763033175,41.0,136.40861509062256,133.90090073054924,0,0,101.59787421260118,101.59787421260118,99.73011499558544
135,2019-09-19T13:03:54,2019-09-19T13:50:36,351,52.0,81.2,29.200000000000003,38.984728894444444,133.5093455289193,46.70000076293945,110.29,36.69,135.82512315270935,-50.08747296296296,-50.0,37.5,38.0,133.5093455289193,133.8405232388386,0,0,99.4384825638944,99.4384825638944,99.68514551323997
136,2019-09-19T13:52:25,2019-09-19T14:35:31,324,81.2,99.6,18.39999999999999,25.895999244444447,140.7391263285025,43.099998474121094,135.32,45.02,135.86345381526104,-36.02839401234568,-14.39999,37.833333333333336,39.0,140.7391263285025,133.90090073054924,0,0,104.82326240183019,104.82326240183019,99.73011499558544
137,2019-09-20T01:12:32,2019-09-20T02:24:59,544,33.2,74.0,40.8,54.338500100000005,133.18259828431374,72.44999694824219,100.52,33.44,135.83783783783784,-45.00091920955883,-45.0,34.885110294117645,37.0,133.18259828431374,133.8405232388386,0,0,99.19511944907428,99.19511944907428,99.68514551323997
141,2019-09-20T06:44:02,2019-09-20T08:58:47,1011,34.0,99.6,65.6,88.69127027222224,135.20010712229,134.75,135.34,45.02,135.8835341365462,-39.480418269040555,-13.89999,35.60039564787339,37.0,135.20010712229,133.8405232388386,0,0,100.69777094221752,100.69777094221752,99.68514551323997
142,2019-09-20T17:04:54,2019-09-20T17:42:16,281,49.6,82.0,32.4,43.55595569027778,134.43196200703017,37.36666488647461,111.46,37.08,135.9268292682927,-69.93807409252669,-69.80002,37.43416370106762,39.0,134.43196200703017,133.8405232388386,0,0,100.12565230626957,100.12565230626957,99.68514551323997
143,2019-09-20T17:49:12,2019-09-20T18:28:00,292,82.0,99.6,17.599999999999994,24.690938123611115,140.2894211568814,38.79999923706055,135.34,45.02,135.8835341365462,-38.216450034246584,-14.20001,37.88527397260274,39.0,140.2894211568814,133.90090073054924,0,0,104.48831955801667,104.48831955801667,99.73011499558544
144,2019-09-21T14:12:04,2019-09-21T15:57:45,793,18.4,100.0,81.6,107.35850701388888,131.56679781113834,105.68333435058594,136.16,45.29,136.16,-60.91992831021438,0.0,38.862547288776796,41.0,131.56679781113834,133.8405232388386,0,0,97.99166251845979,97.99166251845979,99.68514551323997
145,2019-09-21T16:22:02,2019-09-21T17:35:12,550,51.6,99.2,47.6,61.64227591111112,129.5005796451914,73.16666412353516,126.48,42.45,127.5,-50.496737145454546,-13.60001,38.03090909090909,39.0,129.5005796451914,133.8191257612528,0,0,96.45273205442562,96.45273205442562,99.66920855621721
146,2019-09-22T01:00:54,2019-09-22T02:48:19,806,42.0,99.6,57.599999999999994,77.26154505555557,134.13462683256176,107.41666412353516,135.29,45.0,135.83333333333331,-43.14281362282879,-13.60001,36.272332506203476,38.0,134.13462683256176,133.8405232388386,0,0,99.9041954603471,99.9041954603471,99.68514551323997
147,2019-09-22T14:24:36,2019-09-22T15:51:44,654,46.0,88.4,42.400000000000006,56.927125633333326,134.2620887578616,87.13333129882812,120.15,39.96,135.9162895927602,-39.200010000000006,-39.20001,35.346330275229356,37.0,134.2620887578616,133.90090073054924,0,0,99.99912979162013,99.99912979162013,99.73011499558544
148,2019-09-22T22:40:55,2019-09-22T22:56:07,115,34.8,43.6,8.800000000000004,11.385780306666666,129.38386712121206,15.199999809265137,59.1,19.66,135.55045871559633,-44.784357791304345,-8.100006,35.0,36.0,129.38386712121206,133.90090073054924,0,0,96.3658039353885,96.3658039353885,99.73011499558544
151,2019-09-23T08:34:59,2019-09-23T10:16:54,765,46.8,99.6,52.8,68.41722321666667,129.5780742739899,101.91666412353516,135.34,45.02,135.8835341365462,-40.25360352941176,-14.5,32.029411764705884,33.0,129.5780742739899,133.89129266308157,0,0,96.51045047304304,96.51045047304304,99.72295885497542
152,2019-09-23T23:18:13,2019-09-24T00:43:20,639,14.4,91.6,77.19999999999999,102.16571959166667,132.3390150151123,85.11666870117188,124.44,41.4,135.85152838427948,-71.99969494522692,-47.70001,36.251173708920184,40.0,132.3390150151123,133.8191257612528,0,0,98.5668140681037,98.5668140681037,99.66920855621721
153,2019-09-24T14:18:24,2019-09-24T15:41:48,626,15.2,89.2,74.0,98.39243956111113,132.9627561636637,83.4000015258789,121.23,40.32,135.90807174887894,-70.7683671086262,-48.89999,38.23722044728434,41.0,132.9627561636637,133.8191257612528,0,0,99.03137984871549,99.03137984871549,99.66920855621721
154,2019-09-24T21:19:05,2019-09-24T23:06:37,807,46.4,99.6,53.199999999999996,72.62036481805556,136.504445146721,107.53333282470703,135.34,45.02,135.8835341365462,-40.495533370508056,-14.60001,37.37360594795539,39.0,136.504445146721,133.89129266308157,0,0,101.66924895662895,101.66924895662895,99.72295885497542
155,2019-09-25T11:45:46,2019-09-25T12:14:43,219,16.4,38.0,21.6,28.939959709722224,133.9812949524177,28.950000762939453,51.5,17.13,135.52631578947367,-59.979454977168956,-59.70001,34.038812785388124,36.0,133.9812949524177,133.96648255360495,0,0,99.78999304680227,99.78999304680227,99.77896069206159
157,2019-09-25T12:25:38,2019-09-25T13:43:11,586,42.4,97.2,54.800000000000004,72.37468735694443,132.0705973666869,77.55000305175781,132.1,43.94,135.90534979423867,-55.985500187713306,-13.89999,37.52133105802048,39.0,132.0705973666869,133.96648255360495,0,0,98.36689515196305,98.36689515196305,99.77896069206159
158,2019-09-25T23:29:41,2019-09-26T01:08:33,742,25.2,74.8,49.599999999999994,65.43251831277779,131.92039982414877,98.86666870117188,101.58,33.79,135.80213903743316,-39.685978094339625,-4.800018,34.370619946091644,36.0,131.92039982414877,133.96648255360495,0,0,98.2550272100175,98.2550272100175,99.77896069206159
159,2019-09-26T11:52:37,2019-09-26T12:45:25,398,36.8,66.4,29.60000000000001,38.94647518333334,131.57592967342342,52.79999923706055,90.15,29.99,135.76807228915663,-44.25352095477387,-42.70001,33.74748743718593,35.0,131.57592967342342,133.96648255360495,0,0,97.99846397887451,97.99846397887451,99.77896069206159
160,2019-09-26T12:49:34,2019-09-26T13:30:32,308,65.6,86.8,21.200000000000003,28.443337202777784,134.1666849187631,40.96666717529297,117.96,39.24,135.89861751152074,-41.65974594155845,-40.60001,34.94642857142857,36.0,134.1666849187631,133.96648255360495,0,0,99.9280724963189,99.9280724963189,99.77896069206159
161,2019-09-26T22:38:38,2019-09-27T00:44:35,945,28.4,70.4,42.00000000000001,54.77260431388889,130.41096265211638,125.94999694824219,95.6,31.8,135.79545454545453,-26.085089354497352,-12.0,34.41587301587302,36.0,130.41096265211638,133.85789856321583,0,0,97.13079024130339,97.13079024130339,99.69808674880127
162,2019-09-27T03:25:54,2019-09-27T06:18:49,1297,40.8,97.2,56.400000000000006,75.18697019444446,133.31023084121355,172.9166717529297,132.1,43.94,135.90534979423867,-26.088597987663842,-25.10001,33.89321511179645,35.0,133.31023084121355,133.74753970050227,0,0,99.29018086768575,99.29018086768575,99.61589087103528
163,2019-09-27T15:02:30,2019-09-27T17:15:08,995,31.2,99.6,68.39999999999999,92.07244695833334,134.6088405823587,132.63333129882812,135.34,45.02,135.8835341365462,-41.64070466331658,-14.60001,37.61507537688442,39.0,134.6088405823587,133.85789856321583,0,0,100.25739242572756,100.25739242572756,99.69808674880127
164,2019-09-28T11:08:18,2019-09-28T12:20:13,540,53.2,99.6,46.39999999999999,62.949557286111116,135.66714932351536,71.91666412353516,135.34,45.02,135.8835341365462,-52.505927388888885,-14.5,33.4537037037037,35.0,135.66714932351536,133.96648255360495,0,0,101.04562649943833,101.04562649943833,99.77896069206159
174,2019-09-28T21:03:20,2019-09-28T22:38:03,711,54.8,99.6,44.8,58.821618344444445,131.29825523313494,94.71666717529297,135.34,45.02,135.8835341365462,-37.24838713080169,-13.80002,35.87763713080169,37.0,131.29825523313494,133.85789856321583,0,0,97.7916505540938,97.7916505540938,99.69808674880127
175,2019-09-29T13:40:47,2019-09-29T15:17:49,729,10.4,59.6,49.2,64.78884949444443,131.68465344399274,97.03333282470703,80.93999,26.92,135.8053523489933,-40.02346677640603,0.0,37.34019204389575,40.0,131.68465344399274,133.85789856321583,0,0,98.07944203116897,98.07944203116897,99.69808674880127
177,2019-09-29T20:25:45,2019-09-29T22:32:04,948,24.0,87.6,63.599999999999994,84.40221549722222,132.70788600192174,126.31666564941406,119.03,39.6,135.87899543378998,-40.08133911392405,-22.20001,37.440400843881854,39.0,132.70788600192174,133.74753970050227,0,0,98.841551173921,98.841551173921,99.61589087103528
178,2019-09-30T03:15:49,2019-09-30T03:49:26,253,61.6,78.0,16.4,22.00041171277778,134.1488519071816,33.61666488647461,105.92,35.24,135.7948717948718,-39.19999116205533,-4.899994,34.19367588932806,36.0,134.1488519071816,133.84131129207861,0,0,99.91479037285268,99.91479037285268,99.6857324595549
179,2019-09-30T10:45:39,2019-09-30T12:24:39,743,45.6,99.6,53.99999999999999,73.4248227111111,135.97189390946502,99.0,135.34,45.02,135.8835341365462,-44.48587849259759,-15.10001,34.24293405114401,36.0,135.97189390946502,133.85612369089137,0,0,101.2726019151019,101.2726019151019,99.69676481429559
180,2019-10-01T00:34:29,2019-10-01T02:07:36,699,9.2,92.8,83.6,111.99845273472224,133.9694410702419,93.11666870117188,126.14,41.96,135.92672413793105,-72.14951356223177,-48.0,40.40701001430615,44.0,133.9694410702419,133.9753680113298,0,0,99.78116421125235,99.78116421125235,99.7855786290273
181,2019-10-01T06:09:05,2019-10-01T06:57:47,366,54.4,90.4,36.00000000000001,48.19510135416667,133.87528153935182,48.70000076293945,122.87,40.87,135.91814159292036,-59.362300163934435,-47.5,38.637978142076506,41.0,133.87528153935182,133.9753680113298,0,0,99.7110336834339,99.7110336834339,99.7855786290273
182,2019-10-01T15:35:50,2019-10-01T16:37:52,466,37.2,92.8,55.599999999999994,74.24842807499999,133.54033826438848,62.03333282470703,126.14,41.96,135.92672413793105,-71.79099813304722,-48.30002,42.09549356223176,44.0,133.54033826438848,133.92236130479688,0,0,99.46156612087947,99.46156612087947,99.74609894734311
183,2019-10-02T01:54:55,2019-10-02T03:27:31,695,31.2,99.6,68.39999999999999,92.76385153750002,135.6196659904971,92.5999984741211,135.34,45.02,135.8835341365462,-60.08906753956834,-14.89999,39.358273381294964,42.0,135.6196659904971,133.9753680113298,0,0,101.01026065621812,101.01026065621812,99.7855786290273
184,2019-10-02T16:25:04,2019-10-02T17:55:48,684,20.4,88.8,68.4,90.32458354583333,132.05348471613058,90.73332977294922,120.68,40.14,135.9009009009009,-59.720915745614036,-47.39999,39.55701754385965,42.0,132.05348471613058,133.92236130479688,0,0,98.35414955728407,98.35414955728407,99.74609894734311
185,2019-10-02T18:48:26,2019-10-02T19:09:39,160,82.0,97.2,15.200000000000003,20.32328181388889,133.70580140716373,21.21666717529297,132.17,43.96,135.97736625514403,-57.50438643750001,-48.20001,41.046875,43.0,133.70580140716373,133.92236130479688,0,0,99.58480396443748,99.58480396443748,99.74609894734311
186,2019-10-03T02:09:47,2019-10-03T02:34:47,189,50.0,72.8,22.799999999999997,30.850029358333334,135.30714630847956,25.0,98.99,32.93,135.97527472527472,-74.0396862962963,-73.89999,38.04761904761905,40.0,135.30714630847956,133.92236130479688,0,0,100.77749430695573,100.77749430695573,99.74609894734311
187,2019-10-03T02:34:58,2019-10-03T03:11:15,273,72.8,98.4,25.60000000000001,33.60006067222223,131.25023700086805,36.28333282470703,133.73,44.49,135.90447154471542,-55.524550586080586,-14.30002,39.34981684981685,41.0,131.25023700086805,133.79054147325778,0,0,97.75588631502048,97.75588631502048,99.6479188239357
188,2019-10-03T07:30:58,2019-10-03T08:18:59,361,46.8,90.0,43.2,57.807462156944446,133.81356980774177,48.016666412353516,122.29,40.68,135.8777777777778,-72.20222085872577,-47.60001,37.461218836565095,40.0,133.81356980774177,133.8444256735468,0,0,99.6650704519958,99.6650704519958,99.68805206771485
189,2019-10-03T08:21:30,2019-10-03T08:50:19,217,90.0,99.6,9.599999999999994,13.400254180555557,139.5859810474538,28.816667556762695,135.34,45.02,135.8835341365462,-27.9230501843318,-14.0,37.91013824884793,40.0,139.5859810474538,133.8444256735468,0,0,103.96439356033507,103.96439356033507,99.68805206771485
190,2019-10-03T13:44:02,2019-10-03T14:34:36,380,70.4,99.6,29.19999999999999,40.35899257361112,138.21572799181897,50.56666564941406,135.32,45.02,135.86345381526104,-47.87816552631579,-15.0,38.33552631578947,39.0,138.21572799181897,133.8444256735468,0,0,102.94382167421678,102.94382167421678,99.68805206771485
191,2019-10-04T00:51:41,2019-10-04T02:14:16,620,25.2,96.0,70.8,93.84841973888888,132.55426516792215,82.58333587646484,130.51,43.41,135.94791666666666,-68.1740345,-49.0,37.579032258064515,40.0,132.55426516792215,133.75968560745275,0,0,98.72713354598191,98.72713354598191,99.62493720821664
192,2019-10-04T11:55:46,2019-10-04T14:16:24,1055,26.4,100.0,73.6,97.9338567611111,133.06230538194444,140.63333129882812,136.16,45.29,136.16,-41.7620952985782,0.0,36.681990521327016,39.0,133.06230538194444,133.75968560745275,0,0,99.10552464484975,99.10552464484975,99.62493720821664
193,2019-10-05T10:16:09,2019-10-05T13:56:34,1653,22.8,86.8,64.0,83.02398118055557,129.72497059461807,220.4166717529297,117.96,39.24,135.89861751152074,-22.600130992135515,-22.60001,33.036600120992134,35.0,129.72497059461807,133.6230698357761,0,0,96.61985964705715,96.61985964705715,99.52318504265847
194,2019-10-05T22:15:43,2019-10-05T23:39:14,627,28.0,70.4,42.400000000000006,55.81698614166666,131.64383523977983,83.51667022705078,95.63,31.81,135.83806818181816,-40.10001,-40.10001,36.46730462519936,38.0,131.64383523977983,133.5248418966539,0,0,98.04904041192773,98.04904041192773,99.45002434238694
195,2019-10-06T07:35:40,2019-10-06T09:25:44,826,44.0,99.6,55.599999999999994,74.51888894444444,134.02677867705836,110.06666564941406,135.34,45.02,135.8835341365462,-40.60629543583535,-14.5,34.09927360774818,36.0,134.02677867705836,133.5248418966539,0,0,99.82386957088904,99.82386957088904,99.45002434238694
196,2019-10-06T17:02:36,2019-10-06T18:04:58,469,48.8,79.6,30.799999999999997,41.17199950688889,133.67532307431458,62.36666488647461,108.13,35.97,135.84170854271358,-39.56822981705757,-0.2000122,38.54797441364605,40.0,133.67532307431458,133.60783066935153,0,0,99.56210353730565,99.56210353730565,99.51183482909255
197,2019-10-07T00:41:23,2019-10-07T01:53:50,544,34.0,94.8,60.8,80.92694210833335,133.10352320449564,72.44999694824219,128.81,42.85,135.87552742616035,-66.9595683639706,0.0,35.775735294117645,38.0,133.10352320449564,133.60783066935153,0,0,99.13622390199045,99.13622390199045,99.51183482909255
198,2019-10-07T06:38:32,2019-10-07T07:06:57,214,47.6,68.8,21.199999999999996,28.391974325,133.92440719339623,28.41666603088379,93.43,31.07,135.79941860465118,-59.9481353271028,-59.70001,34.504672897196265,37.0,133.92440719339623,133.69056224073915,0,0,99.74762273623602,99.74762273623602,99.57345375087156
200,2019-10-07T07:11:53,2019-10-07T08:06:27,410,70.4,99.6,29.19999999999999,38.465339623611115,131.73061514935318,54.56666564941406,135.34,45.02,135.8835341365462,-42.27610446341464,-14.10001,35.5,37.0,131.73061514935318,133.60783066935153,0,0,98.11367455788074,98.11367455788074,99.51183482909255
201,2019-10-08T00:03:22,2019-10-08T01:39:20,722,25.6,96.4,70.80000000000001,93.15662971249999,131.5771606108757,95.96666717529297,130.99,43.57,135.8817427385892,-58.19446279778394,0.0,34.01246537396122,36.0,131.5771606108757,133.5248418966539,0,0,97.99938078774582,97.99938078774582,99.45002434238694
202,2019-10-08T15:57:31,2019-10-08T17:47:18,824,10.8,73.2,62.400000000000006,82.70490733055556,132.539915593839,109.78333282470703,99.47,33.09,135.8879781420765,-45.200859599514565,-45.20001,37.70509708737864,40.0,132.539915593839,133.42528455280103,0,0,98.71644590560278,98.71644590560278,99.37587349428262
203,2019-10-08T19:33:38,2019-10-08T20:54:06,604,61.6,100.0,38.4,52.75976271111111,137.3952153935185,80.46666717529297,136.16,45.29,136.16,-39.31408231788079,0.0,39.187086092715234,41.0,137.3952153935185,133.42528455280103,0,0,102.33269945369862,102.33269945369862,99.37587349428262
204,2019-10-09T03:35:43,2019-10-09T05:29:48,856,37.6,95.2,57.6,76.05768076805556,132.04458466676311,114.08333587646484,129.39,43.04,135.91386554621846,-40.0011683411215,-40.0,33.015771028037385,35.0,132.04458466676311,133.42528455280103,0,0,98.34752075238401,98.34752075238401,99.37587349428262
205,2019-10-09T18:42:57,2019-10-09T22:00:33,1482,1.6,98.8,97.2,128.64971189166664,132.35567067043894,197.60000610351562,134.23,44.65,135.86032388663966,-39.043190175438596,-5.0,34.03812415654521,37.0,132.35567067043894,133.2068770228546,0,0,98.57921929026419,98.57921929026419,99.2132023848381
206,2019-10-20T19:20:31,2019-10-20T23:52:08,2038,12.4,99.6,87.19999999999999,116.07477747777777,133.1132769240571,271.6166687011719,135.34,45.02,135.8835341365462,-25.638174612365066,-14.39999,33.80225711481845,35.0,133.1132769240571,133.10840006427637,0,0,99.1434885250676,99.1434885250676,99.13985621352901
207,2019-10-21T13:55:20,2019-10-21T15:04:42,521,34.4,94.8,60.4,80.25530213055555,132.87301677244295,69.36666870117188,128.82,42.85,135.8860759493671,-69.39942124760076,-47.70001,35.78694817658349,38.0,132.87301677244295,133.08291429322003,0,0,98.96454146482674,98.96454146482674,99.1208742734201
208,2019-10-22T00:07:57,2019-10-22T00:59:43,389,32.8,81.2,48.400000000000006,63.908477025,132.04230790289256,51.766666412353516,110.36,36.71,135.91133004926107,-74.07275619537275,-73.80002,34.73650385604113,38.0,132.04230790289256,133.08291429322003,0,0,98.34582500634058,98.34582500634058,99.1208742734201
209,2019-10-22T13:52:31,2019-10-22T15:10:50,588,12.4,82.8,70.39999999999999,92.25522233750002,131.04434991122162,78.31666564941406,112.59,37.45,135.97826086956522,-70.61854814625852,0.0,35.39965986394558,39.0,131.04434991122162,133.08291429322003,0,0,97.60254049722151,97.60254049722151,99.1208742734201
210,2019-10-22T21:32:27,2019-10-22T22:56:31,631,36.8,90.4,53.60000000000001,70.92579162222223,132.3242381011609,84.06666564941406,122.81,40.85,135.85176991150442,-50.58099244057053,0.0,36.277337559429476,38.0,132.3242381011609,133.01253077280407,0,0,98.55580814267965,98.55580814267965,99.06845224678261
211,2019-10-23T06:05:27,2019-10-23T07:10:18,487,38.8,94.8,56.0,74.2961545138889,132.6717044890873,64.8499984741211,128.89,42.88,135.95991561181432,-68.72609248459959,-47.70001,33.22073921971253,36.0,132.6717044890873,132.91788646805333,0,0,98.81460298749353,98.81460298749353,98.99796065677111
212,2019-10-23T16:50:33,2019-10-23T17:44:36,406,49.6,94.8,45.199999999999996,60.50517852361112,133.86101443276797,54.04999923706055,128.87,42.87,135.93881856540085,-67.15122931034483,-46.80002,33.76970443349754,36.0,133.86101443276797,133.01253077280407,0,0,99.70040746529423,99.70040746529423,99.06845224678261
213,2019-10-24T06:04:46,2019-10-24T07:45:46,758,20.0,95.2,75.2,98.07749478472222,130.4222005115987,101.0,129.36,43.03,135.88235294117646,-58.22559881266492,0.0,31.361477572559366,35.0,130.4222005115987,133.01253077280407,0,0,97.13916025981977,97.13916025981977,99.06845224678261
214,2019-10-24T21:38:42,2019-10-24T22:52:37,555,29.2,94.8,65.6,86.79664134722222,132.3119532732046,73.91666412353516,128.86,42.86,135.9282700421941,-70.44216418018019,-48.60001,34.0981981981982,37.0,132.3119532732046,133.01253077280407,0,0,98.54665833638188,98.54665833638188,99.06845224678261
215,2019-10-25T05:20:35,2019-10-25T06:18:29,435,47.2,94.8,47.599999999999994,63.601389966666666,133.6163654761905,57.900001525878906,128.89,42.88,135.95991561181432,-65.88988618390803,-47.80002,31.936781609195403,34.0,133.6163654761905,133.08291429322003,0,0,99.51819159938218,99.51819159938218,99.1208742734201
216,2019-10-25T18:44:15,2019-10-25T19:50:26,497,37.2,94.8,57.599999999999994,76.53260209444444,132.8691008584105,66.18333435058594,128.82,42.85,135.8860759493671,-69.36821366197184,-47.5,35.690140845070424,38.0,132.8691008584105,132.9676610771937,0,0,98.96162487087823,98.96162487087823,99.03503305483824
217,2019-10-26T18:21:36,2019-10-26T19:36:03,559,28.8,85.2,56.400000000000006,74.1093182875,131.39950050975176,74.44999694824219,115.81,38.52,135.92723004694835,-59.72559164579606,-59.5,31.91860465116279,34.0,131.39950050975176,132.87105881542672,0,0,97.867058583649,97.867058583649,98.96308316785249
218,2019-10-27T02:41:48,2019-10-27T04:03:11,611,12.8,87.6,74.8,100.24064206527778,134.01155356320558,81.38333129882812,119.08,39.61,135.93607305936075,-73.88135463175124,-48.0,34.184124386252044,38.0,134.01155356320558,132.9676610771937,0,0,99.8125298237546,99.8125298237546,99.03503305483824
219,2019-10-27T16:05:55,2019-10-27T19:34:10,1562,22.4,84.0,61.6,78.75096525277776,127.84247605970415,208.25,114.12,37.96,135.85714285714286,-22.683684769526245,-5.0,31.339948783610755,33.0,127.84247605970415,132.9676610771937,0,0,95.21776753698748,95.21776753698748,99.03503305483824
220,2019-10-28T02:05:16,2019-10-28T04:40:50,1167,6.4,94.8,88.39999999999999,116.93508148333332,132.27950394042233,155.56666564941406,128.81,42.85,135.87552742616035,-45.10035275921165,-45.10001,33.69151670951157,37.0,132.27950394042233,132.9676610771937,0,0,98.52248989784077,98.52248989784077,99.03503305483824
221,2019-10-28T16:04:31,2019-10-28T18:00:19,869,26.4,97.6,71.19999999999999,93.06925489305554,130.715245636314,115.80000305175781,132.65,44.13,135.91188524590166,-48.20287222094362,-14.30002,30.917721518987342,34.0,130.715245636314,132.87105881542672,0,0,97.35742185348569,97.35742185348569,98.96308316785249
222,2019-10-29T03:38:50,2019-10-29T05:49:48,984,19.6,94.8,75.19999999999999,98.54375793888889,131.04223130171397,130.96665954589844,128.82,42.85,135.8860759493671,-45.14055878048781,-34.20001,28.464430894308943,32.0,131.04223130171397,132.87105881542672,0,0,97.60096254540285,97.60096254540285,98.96308316785249
224,2019-10-29T16:30:08,2019-10-29T17:36:02,495,32.0,70.0,38.0,49.52984431666666,130.34169557017543,65.9000015258789,95.07,31.62,135.81428571428572,-45.07435343434343,-24.20001,32.87171717171717,35.0,130.34169557017543,132.7884934301661,0,0,97.07919974407977,97.07919974407977,98.90158802239961
225,2019-10-29T21:40:15,2019-10-29T22:42:17,466,48.8,97.6,48.8,64.86301282916668,132.91600989583335,62.03333282470703,132.63,44.12,135.89139344262296,-62.68905478540773,-14.5,32.2843347639485,34.0,132.91600989583335,132.7884934301661,0,0,98.99656297563325,98.99656297563325,98.90158802239961
226,2019-10-30T11:47:21,2019-10-30T12:51:32,482,46.8,97.6,50.8,67.12510274861111,132.13602903269904,64.18333435058594,132.63,44.12,135.89139344262296,-62.70934126556017,-13.89999,28.345435684647303,30.0,132.13602903269904,132.6897952455045,0,0,98.41562901066109,98.41562901066109,98.82807708070726
227,2019-10-31T01:59:43,2019-10-31T03:37:02,732,17.6,74.0,56.4,73.12593289722223,129.65590939223802,97.31666564941406,100.51,33.43,135.82432432432432,-45.0698187568306,-22.30002,29.011612021857925,32.0,129.65590939223802,132.6897952455045,0,0,96.56842249004389,96.56842249004389,98.82807708070726
228,2019-10-31T08:03:23,2019-10-31T10:04:24,908,70.8,99.6,28.799999999999997,40.60011489888889,140.97262117669754,121.01667022705078,135.34,45.02,135.8835341365462,-20.124230962555067,-7.100006,28.0,29.0,140.97262117669754,132.7884934301661,0,0,104.99717062749801,104.99717062749801,98.90158802239961
229,2019-11-01T08:33:26,2019-11-01T10:44:43,985,17.6,97.6,80.0,104.15837188055558,130.19796485069446,131.28334045410156,132.61,44.11,135.87090163934428,-47.56113435532996,0.0,29.764467005076142,33.0,130.19796485069446,132.7704026737489,0,0,96.97214832691955,96.97214832691955,98.88811392918588
230,2019-11-01T18:45:26,2019-11-01T19:54:57,522,50.4,93.6,43.199999999999996,57.67794666111112,133.51376541923872,69.51667022705078,127.16,42.3,135.85470085470087,-49.767434885057476,-36.20001,34.293103448275865,36.0,133.51376541923872,132.7704026737489,0,0,99.44177452210691,99.44177452210691,98.88811392918588
231,2019-11-02T03:47:58,2019-11-02T06:07:15,1045,12.0,98.0,86.0,112.69117862500003,131.03625421511632,139.28334045410156,133.17,44.3,135.8877551020408,-48.52862954066986,-14.5,34.93349282296651,38.0,131.03625421511632,132.61298482850472,0,0,97.59651077898104,97.59651077898104,98.77086826673772
232,2019-11-02T13:39:22,2019-11-02T14:55:57,575,50.8,97.6,46.8,62.485451202777774,133.5159213734568,76.58333587646484,132.63,44.12,135.89139344262296,-48.92591831304348,-14.89999,35.06086956521739,37.0,133.5159213734568,132.61298482850472,0,0,99.44338028846785,99.44338028846785,98.77086826673772
233,2019-11-03T01:28:21,2019-11-03T02:37:37,520,42.4,76.8,34.4,45.79544619811111,133.1262970875323,69.26667022705078,104.36,34.71,135.88541666666666,-39.630963073653845,-0.3000183,33.3,35.0,133.1262970875323,132.61298482850472,0,0,99.15318601323652,99.15318601323652,98.77086826673772
234,2019-11-03T07:55:25,2019-11-03T10:04:42,970,18.0,91.2,73.2,96.67100639722223,132.06421638964787,129.28334045410156,123.96,41.23,135.92105263157893,-44.82885607216495,0.0,33.552061855670104,36.0,132.06421638964787,132.54709038088058,0,0,98.36214256575627,98.36214256575627,98.72178972579235
236,2019-11-04T11:36:22,2019-11-04T12:44:17,510,26.4,70.0,43.6,56.71165020833334,130.07259222094802,67.91666412353516,95.05,31.62,135.78571428571428,-50.10118647058824,-50.10001,29.257843137254902,32.0,130.07259222094802,132.44779313213897,0,0,96.87877011427352,96.87877011427352,98.64783259793349
237,2019-11-04T17:13:42,2019-11-04T18:54:03,753,34.8,97.6,62.8,82.94273410000001,132.07441735668792,100.3499984741211,132.61,44.11,135.87090163934428,-49.57477468791502,-15.0,34.321381142098275,36.0,132.07441735668792,132.44779313213897,0,0,98.36974030117418,98.36974030117418,98.64783259793349
238,2019-11-05T04:38:29,2019-11-05T06:08:06,674,30.4,82.4,52.00000000000001,67.36376493611111,129.54570180021366,89.61666870117188,111.92,37.23,135.8252427184466,-45.1013453115727,-45.10001,30.9540059347181,33.0,129.54570180021366,132.3399543857999,0,0,96.48633927950527,96.48633927950527,98.56751371647192
240,2019-11-05T14:43:54,2019-11-05T16:03:09,595,43.6,83.2,39.6,52.43528576472223,132.4123377897026,79.25,113.05,37.61,135.87740384615384,-39.669407290756304,-4.899994,31.66386554621849,33.0,132.4123377897026,132.3399543857999,0,0,98.62142526714561,98.62142526714561,98.56751371647192
241,2019-11-06T10:59:18,2019-11-06T12:19:29,602,24.0,95.2,71.2,92.61442252916667,130.07643613647002,80.18333435058594,129.44,43.06,135.96638655462183,-69.28522031561462,-47.5,29.611295681063122,33.0,130.07643613647002,132.3399543857999,0,0,96.88163308334207,96.88163308334207,98.56751371647192
242,2019-11-07T02:29:18,2019-11-07T03:47:36,588,14.0,83.6,69.6,91.07261788333335,130.85146247605368,78.30000305175781,113.62,37.79,135.9090909090909,-69.72806642857142,0.0,31.287414965986393,35.0,130.85146247605368,132.31809568718273,0,0,97.4588768923798,97.4588768923798,98.55123323953077
243,2019-11-07T13:14:39,2019-11-07T14:53:11,741,16.8,97.6,80.8,106.41922775555557,131.70696504400442,98.53333282470703,132.65,44.13,135.91188524590166,-64.77976045883942,-14.80002,32.944669365722,36.0,131.70696504400442,132.29572860681347,0,0,98.09605983151802,98.09605983151802,98.53457411711133
244,2019-11-08T00:32:27,2019-11-08T01:34:54,469,34.8,91.2,56.400000000000006,74.68936372777779,132.42794987194642,62.45000076293945,123.92,41.22,135.87719298245614,-71.74158036247334,-48.10001,33.96588486140725,37.0,132.42794987194642,132.29572860681347,0,0,98.6330532304304,98.6330532304304,98.53457411711133
245,2019-11-08T16:05:20,2019-11-08T17:29:08,629,28.0,98.0,70.0,91.05582768194445,130.07975383134922,83.80000305175781,133.17,44.3,135.8877551020408,-65.16010128775835,-14.60001,32.531796502384736,35.0,130.07975383134922,132.20776648656067,0,0,96.88410412043008,96.88410412043008,98.46905945425092
246,2019-11-09T02:02:42,2019-11-09T03:42:06,746,19.2,70.4,51.2,66.43982212222221,129.76527758246525,99.4000015258789,95.57999,31.79,135.76703124999997,-40.10456764075067,-40.10001,30.394101876675602,33.0,129.76527758246525,132.10522319469348,0,0,96.64988050958453,96.64988050958453,98.39268465591763
247,2019-11-09T23:52:20,2019-11-10T01:59:53,957,4.4,68.8,64.39999999999999,84.38413236944444,131.03126144323673,127.55000305175781,93.45,31.09,135.82848837209303,-39.69279996865205,-36.20001,29.79153605015674,33.0,131.03126144323673,132.10522319469348,0,0,97.59279213548437,97.59279213548437,98.39268465591763
248,2019-11-10T07:07:30,2019-11-10T09:33:44,1097,12.4,95.6,83.19999999999999,109.64322225555556,131.78271905715815,146.23333740234375,129.95,43.23,135.93096234309624,-44.97383775752051,-16.20001,31.73108477666363,35.0,131.78271905715815,132.10522319469348,0,0,98.15248183019001,98.15248183019001,98.39268465591763
250,2019-11-10T22:17:12,2019-11-10T23:52:27,715,16.8,97.6,80.8,106.05518731805556,131.25641994808856,95.25,132.63,44.12,135.89139344262296,-66.77091332867133,-14.39999,33.895804195804196,37.0,131.25641994808856,132.0693168731679,0,0,97.76049140754749,97.76049140754749,98.36594143346522
251,2019-11-11T16:31:05,2019-11-11T18:04:05,698,22.4,97.6,75.19999999999999,98.32987307361111,130.75780993831268,93.0,132.63,44.12,135.89139344262296,-63.413465802292265,-14.30002,33.371776504298,36.0,130.75780993831268,132.0544005282055,0,0,97.3891239758006,97.3891239758006,98.35483165907014
252,2019-11-12T01:17:10,2019-11-12T02:38:49,613,38.8,84.0,45.2,59.202882244444446,130.9798279744346,81.6500015258789,114.15,37.97,135.89285714285717,-43.50538869494291,-41.20001,31.39885807504078,34.0,130.9798279744346,132.04344628482784,0,0,97.55448420977014,97.55448420977014,98.3466728793623
253,2019-11-12T15:13:25,2019-11-12T16:54:55,763,8.0,66.4,58.400000000000006,76.2749613611111,130.60781054984776,101.5,90.23,30.01,135.88855421686748,-45.07628785058977,-26.20001,32.325688073394495,35.0,130.60781054984776,131.91251348002535,0,0,97.27740362008038,97.27740362008038,98.2491534182653
254,2019-11-12T22:48:33,2019-11-12T23:52:20,479,32.4,88.4,56.00000000000001,73.94326882083332,132.04155146577378,63.78333282470703,120.15,39.96,135.9162895927602,-69.53445141962423,-47.5,33.791231732776616,37.0,132.04155146577378,132.04192968433318,0,0,98.34526160788371,98.34526160788371,98.34554330711214
255,2019-11-13T13:21:32,2019-11-13T14:48:13,652,28.0,97.6,69.6,91.19237010833335,131.0235202705939,86.68333435058594,132.63,44.12,135.89139344262296,-63.10138659509203,-14.0,33.50383435582822,36.0,131.0235202705939,132.04192968433318,0,0,97.587026468236,97.587026468236,98.34554330711214
256,2019-11-14T01:38:15,2019-11-14T02:58:10,600,24.4,92.4,68.0,89.80649283611112,132.06837181781046,79.91666412353516,125.63,41.79,135.96320346320346,-67.40882795,-47.30002,32.31,36.0,132.06837181781046,132.04192968433318,0,0,98.36523755112417,98.36523755112417,98.34554330711214
257,2019-11-14T07:20:21,2019-11-14T08:22:51,470,48.4,97.6,49.199999999999996,65.20050858194445,132.52135890639116,62.5,132.65,44.13,135.91188524590166,-62.55894438297873,-14.5,31.841489361702127,34.0,132.52135890639116,132.04192968433318,0,0,98.7026247844377,98.7026247844377,98.34554330711214
258,2019-11-14T17:17:30,2019-11-14T17:40:06,171,43.6,64.4,20.800000000000004,27.787853384722226,133.59544896501066,22.600000381469727,87.42,29.08,135.74534161490683,-73.77311578947368,-73.70001,31.44736842105263,34.0,133.59544896501066,132.04192968433318,0,0,99.50261286873966,99.50261286873966,98.34554330711214
259,2019-11-15T03:05:40,2019-11-15T04:30:47,639,26.4,98.0,71.6,94.14411887916668,131.48619955190878,85.11666870117188,133.17,44.3,135.8877551020408,-66.32927973395932,-14.20001,30.9037558685446,34.0,131.48619955190878,131.91213526146595,0,0,97.931632499113,97.931632499113,98.24887171903686
260,2019-11-15T15:22:48,2019-11-15T17:10:21,807,31.2,97.6,66.39999999999999,87.30704013055556,131.48650622071622,107.55000305175781,132.63,44.12,135.89139344262296,-48.68835881040893,-14.5,32.580545229244116,35.0,131.48650622071622,131.74484205058127,0,0,97.93186090769923,97.93186090769923,98.12427083085402
261,2019-11-16T02:31:56,2019-11-16T04:03:12,685,6.8,86.4,79.60000000000001,106.14879156527779,133.3527532227108,91.26667022705078,117.45,39.07,135.9375,-69.78366782481751,-69.70001,34.403649635036494,39.0,133.3527532227108,131.74484205058127,0,0,99.32185176738447,99.32185176738447,98.12427083085402
263,2019-11-16T15:33:33,2019-11-16T17:38:00,935,27.2,98.0,70.8,92.61015964166666,130.80531022834273,124.44999694824219,133.17,44.3,135.8877551020408,-44.62375332620321,-14.60001,32.6620320855615,35.0,130.80531022834273,131.59673563236032,0,0,97.42450244869491,97.42450244869491,98.01396036960863
264,2019-11-17T00:20:13,2019-11-17T01:55:53,718,33.6,94.0,60.4,79.41232581111113,131.4773606144224,95.66666412353516,127.75,42.49,135.90425531914894,-49.80473937325905,-47.5,33.36490250696379,36.0,131.4773606144224,131.59673563236032,0,0,97.92504921067246,97.92504921067246,98.01396036960863
265,2019-11-18T00:39:20,2019-11-18T01:57:40,588,12.0,85.2,73.2,96.26961529305557,131.51586788668794,78.33333587646484,115.81,38.52,135.92723004694835,-73.73844921768708,-73.70001,33.43452380952381,37.0,131.51586788668794,131.5011870537021,0,0,97.95372963530184,97.95372963530184,97.94279527150053
266,2019-11-18T12:39:10,2019-11-18T13:34:48,418,36.8,88.4,51.60000000000001,68.01409274305554,131.81025725398356,55.63333511352539,120.18,39.98,135.9502262443439,-73.32224399521532,-47.80002,32.026315789473685,35.0,131.81025725398356,131.5011870537021,0,0,98.17299242811121,98.17299242811121,97.94279527150053
267,2019-11-18T19:02:13,2019-11-18T20:02:24,452,49.2,98.0,48.8,64.40267015555555,131.9726847449909,60.18333435058594,133.17,44.3,135.8877551020408,-64.14513623893804,0.0,32.1537610619469,34.0,131.9726847449909,131.5011870537021,0,0,98.29396930181575,98.29396930181575,97.94279527150053
268,2019-11-19T20:52:53,2019-11-19T21:16:06,175,26.4,47.6,21.200000000000003,28.391721619444446,133.92321518605868,23.21666717529297,64.67,21.51,135.8613445378151,-73.37371274285715,-73.10001,26.451428571428572,29.0,133.92321518605868,131.61141646534617,0,0,99.74673492272468,99.74673492272468,98.02489473340992
269,2019-11-19T21:17:52,2019-11-19T22:22:42,487,48.4,97.6,49.199999999999996,64.39478042777777,130.8837000564589,64.83333587646484,132.63,44.12,135.89139344262296,-59.560782731006164,-13.70001,30.342915811088297,32.0,130.8837000564589,131.5011870537021,0,0,97.48288761660534,97.48288761660534,97.94279527150053
270,2019-11-20T23:05:20,2019-11-21T00:39:16,705,9.6,91.6,82.0,106.8624649013889,130.32007914803526,93.93333435058594,124.49,41.41,135.9061135371179,-68.24766375886524,-47.5,29.76241134751773,34.0,130.32007914803526,131.4863528863125,0,0,97.0630997159689,97.0630997159689,97.9317467034061
271,2019-11-21T13:00:46,2019-11-21T14:23:14,620,28.8,97.6,68.8,90.46879093472224,131.4953356609335,82.46666717529297,132.65,44.13,135.91188524590166,-65.71000956451614,-14.60001,29.717741935483872,32.0,131.4953356609335,131.4863528863125,0,0,97.93843712252237,97.93843712252237,97.9317467034061
272,2019-11-22T01:08:22,2019-11-22T02:43:00,711,22.4,76.8,54.4,70.65803114444446,129.88608666258173,94.63333129882812,104.31,34.7,135.8203125,-44.79706614627287,-42.0,28.60126582278481,32.0,129.88608666258173,131.4863528863125,0,0,96.73985976578665,96.73985976578665,97.9317467034061
273,2019-11-22T13:58:04,2019-11-22T15:30:32,694,32.4,85.2,52.800000000000004,69.19780565972222,131.05645011311026,92.46666717529297,115.73,38.5,135.83333333333334,-44.89206599423631,-32.20001,28.920749279538907,31.0,131.05645011311026,131.48178008316557,0,0,97.61155279302565,97.61155279302565,97.92834085489272
274,2019-11-23T00:09:41,2019-11-23T02:16:42,953,13.2,86.8,73.6,95.6843545027778,130.00591644399157,127.01667022705078,117.92,39.22,135.85253456221199,-45.19927547743968,-45.10001,32.16474291710388,35.0,130.00591644399157,131.48178008316557,0,0,96.82910963501604,96.82910963501604,97.92834085489272
275,2019-11-23T12:41:03,2019-11-23T14:48:21,955,16.8,90.4,73.60000000000001,95.89991016111112,130.29879097977053,127.30000305175781,122.87,40.87,135.91814159292036,-45.20032416753928,-45.20001,31.31780104712042,34.0,130.29879097977053,131.36689028125548,0,0,97.04724417311964,97.04724417311964,97.84277030910997
276,2019-11-24T00:14:53,2019-11-24T01:54:02,744,36.0,92.4,56.400000000000006,74.19412260833334,131.54986278073287,99.1500015258789,125.6,41.78,135.93073593073592,-44.89488263440861,-40.10001,30.760752688172044,33.0,131.54986278073287,131.48178008316557,0,0,97.97904921622973,97.97904921622973,97.92834085489272
277,2019-11-24T11:59:26,2019-11-24T14:19:16,1049,49.2,94.8,45.599999999999994,60.584555566666666,132.86086747076024,139.8333282470703,128.81,42.85,135.87552742616035,-25.991515738798856,-17.10001,28.13346043851287,30.0,132.86086747076024,131.4863528863125,0,0,98.95549259923045,98.95549259923045,97.9317467034061
278,2019-11-25T15:10:05,2019-11-25T17:19:06,968,3.2,68.0,64.8,85.35127153611111,131.71492521004802,129.01666259765625,92.36,30.72,135.8235294117647,-39.68606372933885,-26.0,31.880681818181817,34.0,131.71492521004802,131.49092094082488,0,0,98.10198860623561,98.10198860623561,97.9351490151108
279,2019-11-25T23:43:14,2019-11-26T01:02:37,596,34.4,98.0,63.6,83.69592452777778,131.59736560971348,79.38333129882812,133.17,44.3,135.8877551020408,-63.2239992114094,-14.0,31.11744966442953,34.0,131.59736560971348,131.49092094082488,0,0,98.01442958014816,98.01442958014816,97.9351490151108
280,2019-11-26T12:31:02,2019-11-26T14:50:43,1048,12.0,83.6,71.6,92.8859882348889,129.7290338476102,139.68333435058594,113.56,37.78,135.83732057416267,-39.87968244646947,-0.3999939,29.25667938931298,32.0,129.7290338476102,131.4863528863125,0,0,96.62288597985963,96.62288597985963,97.9317467034061
281,2019-11-26T23:03:00,2019-11-27T01:40:19,1180,9.6,89.6,80.0,104.38813215633334,130.48516519541667,157.31666564941406,121.73,40.49,135.85937500000003,-39.79643811881356,-0.2000122,31.759322033898304,35.0,130.48516519541667,131.4863528863125,0,0,97.18605669683824,97.18605669683824,97.9317467034061
282,2019-11-27T12:28:32,2019-11-27T15:01:26,1147,20.0,71.2,51.2,66.49683034722221,129.8766217719184,152.89999389648438,96.71,32.17,135.82865168539323,-26.09120414995641,-19.10001,30.26721883173496,32.0,129.8766217719184,131.48178008316557,0,0,96.7328102640348,96.7328102640348,97.92834085489272
283,2019-11-27T22:27:29,2019-11-27T23:50:11,622,28.0,97.6,69.6,92.21896502500002,132.49851296695405,82.69999694824219,132.63,44.12,135.89139344262296,-66.83601774919615,-14.20001,32.500803858520904,35.0,132.49851296695405,131.4863528863125,0,0,98.68560900519489,98.68560900519489,97.9317467034061
284,2019-11-28T07:48:17,2019-11-28T09:41:09,847,36.4,98.0,61.6,79.80611312222223,129.55537844516596,112.86666870117188,132.91,44.2,135.62244897959184,-42.40000107438017,0.0,24.574380165289256,27.0,129.55537844516596,131.48178008316557,0,0,96.49354649699671,96.49354649699671,97.92834085489272
285,2019-11-28T17:26:26,2019-11-28T18:34:21,510,45.6,97.6,51.99999999999999,68.80517803611112,132.31765006944448,67.91666412353516,132.63,44.12,135.89139344262296,-60.746480647058824,-13.80002,28.269607843137255,31.0,132.31765006944448,131.4863528863125,0,0,98.55090134102942,98.55090134102942,97.9317467034061
287,2019-11-29T19:32:55,2019-11-29T21:29:15,873,13.6,87.6,74.0,96.57671279583334,130.50907134572074,116.33333587646484,119.07,39.61,135.9246575342466,-49.81032591065293,-49.70001,27.123711340206185,30.0,130.50907134572074,131.48178008316557,0,0,97.20386212686836,97.20386212686836,97.92834085489272
288,2019-11-30T07:12:11,2019-11-30T09:26:09,1005,15.6,97.6,82.0,104.66960853055556,127.64586406165313,133.96665954589844,132.73,44.16,135.99385245901638,-46.866068517412934,-14.30002,24.807462686567163,28.0,127.64586406165313,131.36689028125548,0,0,95.07132985756814,95.07132985756814,97.84277030910997
289,2019-11-30T23:08:47,2019-11-30T23:57:13,364,14.8,38.4,23.599999999999998,31.824603127777777,134.85001325329569,48.43333435058594,52.08,17.32,135.625,-39.37773736813187,-4.899994,25.785714285714285,28.0,134.85001325329569,131.36689028125548,0,0,100.43701913529492,100.43701913529492,97.84277030910997
290,2019-11-30T23:58:33,2019-12-01T00:56:35,436,37.6,67.2,29.6,38.229046492222224,129.15218409534535,58.03333282470703,91.21,30.34,135.72916666666666,-39.48508237614679,-4.899994,28.50802752293578,30.0,129.15218409534535,131.36689028125548,0,0,96.19324516478912,96.19324516478912,97.84277030910997
291,2019-12-01T21:24:46,2019-12-01T23:59:32,1161,2.0,97.6,95.6,124.31712603055556,130.03883475999535,154.76666259765625,132.75,44.16,136.01434426229508,-48.18035677863911,-14.60001,28.60637381567614,32.0,130.03883475999535,131.15643503059943,0,0,96.85362737479679,96.85362737479679,97.68602210028658
292,2019-12-02T05:10:08,2019-12-02T06:02:51,396,60.8,97.6,36.8,48.878227805555554,132.8212712107488,52.71666717529297,131.89,43.85,135.13319672131146,-55.6073295959596,-20.0,24.748737373737374,27.0,132.8212712107488,131.36689028125548,0,0,98.9260010906387,98.9260010906387,97.84277030910997
293,2019-12-02T18:10:43,2019-12-02T19:41:26,681,22.4,97.6,75.19999999999999,97.23408922499999,129.30065056515957,90.71666717529297,132.61,44.11,135.87090163934428,-64.27548113069017,-14.0,26.52496328928047,30.0,129.30065056515957,131.15643503059943,0,0,96.30382379440832,96.30382379440832,97.68602210028658
294,2019-12-03T10:50:51,2019-12-03T11:42:21,387,64.8,97.6,32.8,43.429505577777775,132.407029200542,51.5,129.79,43.12,132.98155737704917,-50.57675072351421,-19.80002,18.811369509043928,20.0,132.407029200542,131.36689028125548,0,0,98.61747140123013,98.61747140123013,97.84277030910997
295,2019-12-04T00:46:24,2019-12-04T01:30:58,335,46.8,87.2,40.400000000000006,53.48615890277778,132.39148243261823,44.56666564941406,117.3,38.99,134.5183486238532,-71.98060525373135,-47.89999,21.576119402985075,24.0,132.39148243261823,131.48178008316557,0,0,98.60589208440412,98.60589208440412,97.92834085489272
296,2019-12-04T17:24:00,2019-12-04T18:52:03,661,25.2,97.6,72.39999999999999,93.68220375833334,129.3953090584715,88.05000305175781,132.68,44.13,135.94262295081967,-63.806965491679286,-13.89999,27.61497730711044,31.0,129.3953090584715,131.36689028125548,0,0,96.37432595213691,96.37432595213691,97.84277030910997
297,2019-12-05T04:23:34,2019-12-05T04:50:24,202,24.8,41.6,16.8,22.394724591666666,133.30193209325395,26.83333396911621,55.66,18.5,133.7980769230769,-50.07574792079208,-49.89999,21.712871287128714,24.0,133.30193209325395,131.36689028125548,0,0,99.28399991532609,99.28399991532609,97.84277030910997
299,2019-12-05T04:52:51,2019-12-05T06:28:55,721,41.2,97.6,56.39999999999999,73.91817246944443,131.06058948483056,96.06666564941406,132.65,44.13,135.91188524590166,-46.150766449375865,-14.20001,25.187933425797503,27.0,131.06058948483056,131.36689028125548,0,0,97.6146358194685,97.6146358194685,97.84277030910997
300,2019-12-05T11:43:56,2019-12-05T12:34:46,382,59.6,98.0,38.4,50.055894808333335,130.35389273003472,50.83333206176758,132.91,44.2,135.62244897959184,-59.04267712041885,-14.20001,25.384816753926703,27.0,130.35389273003472,131.36689028125548,0,0,97.08828425470479,97.08828425470479,97.84277030910997
301,2019-12-06T00:12:03,2019-12-06T01:52:23,753,16.4,97.6,81.19999999999999,106.63349691527779,131.32204053605642,100.33333587646484,132.65,44.13,135.91188524590166,-63.73506621513944,-14.39999,27.409694555112882,31.0,131.32204053605642,131.39970057523942,0,0,97.80936597633983,97.80936597633983,97.86720759350615
302,2019-12-06T15:54:24,2019-12-06T17:11:39,580,20.8,89.2,68.4,88.61513031805555,129.55428409072448,77.25,121.23,40.32,135.90807174887894,-68.81000412068965,-47.5,27.25689655172414,31.0,129.55428409072448,131.2892302420725,0,0,96.49273141589046,96.49273141589046,97.78492869194366
303,2019-12-07T01:27:57,2019-12-07T03:48:43,1056,10.4,98.0,87.6,113.54406259722222,129.61650981418063,140.76666259765625,133.19,44.31,135.90816326530611,-48.384567395833336,-14.80002,26.801609848484848,30.0,129.61650981418063,131.19131501044347,0,0,96.53907747123517,96.53907747123517,97.71200089790418
304,2019-12-07T19:08:29,2019-12-07T20:31:12,621,31.2,97.6,66.39999999999999,86.67691342222223,130.53752021419012,82.71666717529297,132.63,44.12,135.89139344262296,-62.84010433172303,-15.20001,26.013687600644122,29.0,130.53752021419012,131.19131501044347,0,0,97.22505099795485,97.22505099795485,97.71200089790418
305,2019-12-08T14:50:43,2019-12-08T16:15:02,633,28.4,97.6,69.19999999999999,89.48769956944444,129.31748492694288,84.31666564941406,132.71,44.15,135.9733606557377,-63.589735086887835,0.0,25.24960505529226,28.0,129.31748492694288,131.19131501044347,0,0,96.31636211810418,96.31636211810418,97.71200089790418
306,2019-12-09T02:19:34,2019-12-09T03:46:02,649,25.2,97.6,72.39999999999999,94.82755284583334,130.9772829362339,86.46666717529297,132.65,44.13,135.91188524590166,-65.77411214175655,-15.10001,25.479969183359014,29.0,130.9772829362339,131.19131501044347,0,0,97.55258865155476,97.55258865155476,97.71200089790418
307,2019-12-09T15:56:15,2019-12-09T16:58:41,469,39.2,92.0,52.8,69.45065698194445,131.5353351930766,62.43333435058594,125.04,41.59,135.91304347826087,-66.72537718550106,-47.60001,25.05223880597015,28.0,131.5353351930766,131.19131501044347,0,0,97.96822899037865,97.96822899037865,97.71200089790418
308,2019-12-10T01:52:07,2019-12-10T02:38:25,348,44.4,84.8,40.4,53.7502522375,133.04517880569307,46.29999923706055,114.59,38.1,135.12971698113208,-69.6502902586207,-65.0,23.37787356321839,26.0,133.04517880569307,131.39970057523942,0,0,99.09276867823779,99.09276867823779,97.86720759350615
309,2019-12-10T14:34:30,2019-12-10T15:23:44,370,20.0,47.6,27.6,36.83593631666666,133.46353737922703,49.233333587646484,64.53,21.46,135.5672268907563,-44.88215227027027,-38.0,25.07702702702703,28.0,133.46353737922703,131.39970057523942,0,0,99.40436440627468,99.40436440627468,97.86720759350615
310,2019-12-10T18:58:38,2019-12-10T20:09:47,535,47.6,87.6,39.99999999999999,53.195238275,132.98809568750002,71.1500015258789,119.05,39.6,135.90182648401827,-44.81718639252336,0.0,27.624299065420562,29.0,132.98809568750002,131.39970057523942,0,0,99.05025286310406,99.05025286310406,97.86720759350615
311,2019-12-11T01:02:11,2019-12-11T04:21:31,1495,41.6,97.6,55.99999999999999,72.9726681,130.30833589285717,199.3333282470703,131.35,43.66,134.57991803278688,-21.96087,-10.10001,23.37056856187291,25.0,130.30833589285717,131.19131501044347,0,0,97.05435327600513,97.05435327600513,97.71200089790418
312,2019-12-11T18:42:11,2019-12-11T19:29:44,358,18.4,44.4,26.0,34.47207025694444,132.58488560363247,47.54999923706055,60.16,20.01,135.49549549549548,-43.50391164804469,-22.5,26.488826815642458,29.0,132.58488560363247,131.19131501044347,0,0,98.74993981209322,98.74993981209322,97.71200089790418
313,2019-12-11T19:31:04,2019-12-11T20:03:15,243,44.4,62.4,18.0,23.882500055555557,132.68055586419754,32.18333435058594,84.71,28.18,135.7532051282051,-44.51769559670782,-22.5,29.156378600823047,31.0,132.68055586419754,131.19131501044347,0,0,98.82119553954358,98.82119553954358,97.71200089790418
315,2019-12-12T01:16:15,2019-12-12T02:32:10,570,25.2,74.4,49.2,63.431580529166666,128.92597668529808,75.91666412353516,101.1,33.63,135.8870967741935,-50.13246489473684,-49.89999,26.519298245614035,30.0,128.92597668529808,131.0585197989704,0,0,96.02476466246401,96.02476466246401,97.61309430624708
316,2019-12-12T05:56:28,2019-12-12T07:07:43,535,55.6,97.6,41.99999999999999,55.66163369444445,132.5276992724868,71.25,132.37,44.02,135.625,-46.84337179439253,-14.20001,25.560747663551403,28.0,132.5276992724868,131.19131501044347,0,0,98.70734712339423,98.70734712339423,97.71200089790418
317,2019-12-12T13:46:42,2019-12-12T15:35:29,819,32.4,95.2,62.800000000000004,81.64227010972222,130.00361482439843,108.78333282470703,129.44,43.06,135.96638655462183,-45.02613286935287,-38.20001,30.2997557997558,33.0,130.00361482439843,131.0585197989704,0,0,96.82739537629598,96.82739537629598,97.61309430624708
318,2019-12-13T01:45:48,2019-12-13T03:06:16,604,16.0,88.0,72.0,94.4382953388889,131.16429908179015,80.46666717529297,119.57,39.77,135.875,-70.3996819536424,-48.5,28.723509933774835,33.0,131.16429908179015,131.0585197989704,0,0,97.69187928814195,97.69187928814195,97.61309430624708
319,2019-12-13T08:57:09,2019-12-13T10:12:32,566,56.4,97.6,41.199999999999996,54.466277922222226,132.19970369471415,75.38333129882812,132.63,44.12,135.89139344262296,-43.32208492932862,-14.5,26.98498233215548,29.0,132.19970369471415,131.0585197989704,0,0,98.46305424328033,98.46305424328033,97.61309430624708
320,2019-12-13T22:51:34,2019-12-14T00:37:47,797,26.8,88.0,61.2,79.63283357777779,130.119009114016,106.21666717529297,119.62,39.79,135.9318181818182,-44.96524481806775,-16.30002,27.996235884567128,31.0,130.119009114016,131.01686652467208,0,0,96.9133416672515,96.9133416672515,97.58207072229021
321,2019-12-14T19:25:45,2019-12-14T20:50:29,636,23.2,95.2,72.0,94.19561469444446,130.82724263117285,84.73332977294922,129.34,43.03,135.8613445378151,-66.68962517295597,-47.5,30.205188679245282,33.0,130.82724263117285,130.9304914963464,0,0,97.44083782093247,97.44083782093247,97.51773813408005
322,2019-12-15T11:09:58,2019-12-15T11:54:00,331,50.0,89.2,39.2,52.10291958055556,132.9156111748866,44.03333282470703,121.18,40.31,135.85201793721973,-70.97251151057402,-47.5,25.477341389728096,28.0,132.9156111748866,131.01686652467208,0,0,98.99626600611585,98.99626600611585,97.58207072229021
323,2019-12-16T11:49:53,2019-12-16T13:15:33,643,46.4,89.2,42.800000000000004,56.88616319861112,132.91159625843719,85.66666412353516,121.2,40.32,135.8744394618834,-39.842620031104204,-39.80002,24.96578538102644,27.0,132.91159625843719,131.0585197989704,0,0,98.99327567463178,98.99327567463178,97.61309430624708
325,2019-12-17T00:07:31,2019-12-17T01:46:31,743,22.4,79.6,57.199999999999996,74.57812762222224,130.38134199689205,99.0,108.12,35.96,135.82914572864323,-45.19893329744281,-45.10001,30.51749663526245,33.0,130.38134199689205,131.01686652467208,0,0,97.10872861710482,97.10872861710482,97.58207072229021
326,2019-12-17T07:56:45,2019-12-17T09:57:38,907,29.2,97.6,68.39999999999999,89.57537521111111,130.9581508934373,120.88333129882812,132.63,44.12,135.89139344262296,-44.428886549062845,-14.10001,29.375964718853364,32.0,130.9581508934373,131.01686652467208,0,0,97.53833900261442,97.53833900261442,97.58207072229021
327,2019-12-18T00:09:24,2019-12-18T02:00:08,831,29.6,97.6,68.0,87.11375768750001,128.1084671875,110.73332977294922,132.66,44.13,135.922131147541,-47.182668146811075,-14.80002,30.63537906137184,33.0,128.1084671875,130.9677169148356,0,0,95.4158791674407,95.4158791674407,97.54546382708459
328,2019-12-18T12:59:37,2019-12-18T14:00:35,458,48.4,68.0,19.6,26.395666673333334,134.6717687414966,60.96666717529297,92.32999,30.71,135.77939705882352,-25.95436682532751,-5.100006,30.03711790393013,31.0,134.6717687414966,131.01893621053222,0,0,100.30426165896678,100.30426165896678,97.58361223551162
330,2019-12-18T18:40:39,2019-12-18T20:08:03,656,44.8,97.6,52.8,69.68413089722222,131.97752063867844,87.4000015258789,132.65,44.13,135.91188524590166,-47.819211371951226,-14.10001,32.44359756097561,34.0,131.97752063867844,131.11244428331037,0,0,98.2975711015866,98.2975711015866,97.65325755380522
331,2019-12-19T20:38:21,2019-12-19T22:26:33,812,16.8,86.0,69.2,90.132408,130.2491445086705,108.19999694824219,116.89,38.88,135.91860465116278,-49.9809142364532,-49.70001,23.386699507389164,27.0,130.2491445086705,131.01893621053222,0,0,97.01026721295793,97.01026721295793,97.58361223551162
332,2019-12-20T03:19:00,2019-12-20T04:30:31,537,36.8,96.4,59.60000000000001,78.06683875972223,130.98462879148025,71.51667022705078,130.97,43.57,135.8609958506224,-65.48510698324024,-47.5,25.09683426443203,28.0,130.98462879148025,130.98095586385708,0,0,97.55805988426836,97.55805988426836,97.55532426791156
333,2019-12-20T16:21:52,2019-12-20T17:46:51,638,27.2,98.0,70.8,91.15399465833335,128.74858002589457,84.98332977294922,133.23,44.32,135.94897959183672,-64.3133289184953,0.0,27.03369905956113,30.0,128.74858002589457,130.9677169148356,0,0,95.89263867118522,95.89263867118522,97.54546382708459
334,2019-12-21T05:25:39,2019-12-21T06:50:30,637,30.8,98.0,67.2,86.43850592916667,128.62872906125992,84.8499984741211,132.91,44.2,135.62244897959184,-61.09812036106751,-21.39999,23.28414442700157,26.0,128.62872906125992,130.8926967623051,0,0,95.80337302457545,95.80337302457545,97.48958841177344
335,2019-12-21T19:13:03,2019-12-21T20:53:47,756,36.4,97.6,61.199999999999996,80.19865065138889,131.04354681599492,100.73332977294922,132.65,44.13,135.91188524590166,-47.7527848015873,-14.20001,27.001984126984127,29.0,131.04354681599492,130.9677169148356,0,0,97.60194234755355,97.60194234755355,97.54546382708459
336,2019-12-22T06:14:52,2019-12-22T07:53:12,738,16.8,97.6,80.8,105.90531035416667,131.0709286561469,98.33333587646484,132.61,44.11,135.87090163934428,-64.5901198102981,-14.80002,28.576558265582655,32.0,131.0709286561469,130.98095586385708,0,0,97.6223364901788,97.6223364901788,97.55532426791156
337,2019-12-22T23:21:22,2019-12-23T00:55:42,708,21.6,97.6,76.0,97.90139639166667,128.81762683114036,94.33333587646484,132.63,44.12,135.89139344262296,-62.245626257062156,-14.70001,27.12358757062147,31.0,128.81762683114036,130.98095586385708,0,0,95.94406510513505,95.94406510513505,97.55532426791156
339,2019-12-23T06:03:04,2019-12-23T06:45:05,316,69.2,97.6,28.39999999999999,36.542544402777786,128.67093099569647,42.016666412353516,132.7,44.14,135.96311475409834,-52.149054556962035,-14.60001,28.205696202531644,30.0,128.67093099569647,130.9677169148356,0,0,95.8348052535704,95.8348052535704,97.54546382708459
340,2019-12-23T15:55:56,2019-12-23T17:05:35,523,43.2,86.8,43.599999999999994,58.04355574444444,133.12742143221203,69.6500015258789,118.01,39.25,135.9562211981567,-50.00172101338432,-50.0,28.58317399617591,31.0,133.12742143221203,130.98095586385708,0,0,99.15402343123442,99.15402343123442,97.55532426791156
341,2019-12-23T23:39:29,2019-12-24T01:29:17,824,29.2,98.0,68.8,90.17549749305556,131.06903705385983,109.80000305175781,133.17,44.3,135.8877551020408,-49.24660815533981,0.0,31.094053398058254,34.0,131.06903705385983,130.98095586385708,0,0,97.62092761456567,97.62092761456567,97.55532426791156
342,2019-12-24T20:59:03,2019-12-24T22:25:30,649,25.2,97.6,72.39999999999999,94.83412165833333,130.9863558816759,86.44999694824219,132.63,44.12,135.89139344262296,-65.78583166409862,-14.0,29.217257318952235,33.0,130.9863558816759,130.9854923365781,0,0,97.55934623038614,97.55934623038614,97.55870305732725
343,2019-12-25T06:25:11,2019-12-25T08:37:01,989,16.0,97.6,81.6,107.004795471,131.13332778308825,131.8333282470703,132.63,44.12,135.89139344262296,-48.65754090384226,-0.3999939,27.144084934277046,31.0,131.13332778308825,131.0149513488354,0,0,97.66881169737704,97.66881169737704,97.58064428896984
344,2019-12-25T11:45:23,2019-12-25T11:59:47,109,89.6,97.6,8.0,10.934556655555554,136.6819581944444,14.399999618530273,132.68,44.13,135.94262295081967,-45.43945412844035,-14.20001,27.94495412844037,29.0,136.6819581944444,131.0149513488354,0,0,101.80146163455781,101.80146163455781,97.58064428896984
345,2019-12-26T13:15:46,2019-12-26T15:31:55,1022,4.0,74.0,70.0,90.9179393472222,129.88277049603172,136.14999389648438,100.53,33.44,135.85135135135135,-40.03337593933464,0.0,28.67954990215264,32.0,129.88277049603172,131.0149513488354,0,0,96.7373898670065,96.7373898670065,97.58064428896984
346,2019-12-27T00:41:56,2019-12-27T02:26:01,781,14.0,98.0,84.0,108.53668810694444,129.21034298445767,104.08333587646484,133.23,44.32,135.94897959183672,-62.544186491677344,-14.60001,25.416773367477592,29.0,129.21034298445767,131.0149513488354,0,0,96.23656221992125,96.23656221992125,97.58064428896984
347,2019-12-27T11:11:07,2019-12-27T12:24:22,550,39.2,97.6,58.39999999999999,76.264755175,130.59033420376713,73.25,132.39,44.03,135.64549180327867,-62.432731509090914,-14.5,23.922727272727272,27.0,130.59033420376713,130.9854923365781,0,0,97.26438714300805,97.26438714300805,97.55870305732725
348,2019-12-27T20:36:30,2019-12-27T21:50:17,554,37.6,97.6,59.99999999999999,77.84205239722222,129.73675399537038,73.78333282470703,132.61,44.11,135.87090163934428,-63.26534039711191,-15.0,26.42057761732852,29.0,129.73675399537038,130.9854923365781,0,0,96.62863598766171,96.62863598766171,97.55870305732725
349,2019-12-28T14:17:45,2019-12-28T16:07:06,821,9.2,72.4,63.2,81.84034389722223,129.49421502725036,109.3499984741211,98.41,32.73,135.92541436464086,-44.905715298416574,-44.89999,25.5931790499391,29.0,129.49421502725036,130.98095586385708,0,0,96.4479916525635,96.4479916525635,97.55532426791156
350,2019-12-28T21:38:15,2019-12-28T23:08:19,676,43.2,97.6,54.39999999999999,71.46298094305556,131.36577379238156,90.06666564941406,132.63,44.12,135.89139344262296,-47.58283680473373,-14.70001,26.687869822485208,29.0,131.36577379238156,130.98095586385708,0,0,97.84193874215875,97.84193874215875,97.55532426791156
351,2019-12-29T13:55:42,2019-12-29T15:07:45,541,39.6,97.6,57.99999999999999,75.8764641111111,130.8214898467433,72.05000305175781,132.63,44.12,135.89139344262296,-63.14381255083179,-14.20001,27.432532347504623,30.0,130.8214898467433,130.98095586385708,0,0,97.43655311597848,97.43655311597848,97.55532426791156
352,2019-12-30T01:10:10,2019-12-30T01:31:12,159,18.4,34.8,16.4,21.445863602777777,130.76746099254743,21.03333282470703,47.1,15.66,135.34482758620692,-61.17799440251572,-60.5,26.98427672955975,29.0,130.76746099254743,130.9677169148356,0,0,97.39631213318721,97.39631213318721,97.54546382708459
353,2019-12-30T15:09:40,2019-12-30T16:07:18,433,25.2,76.0,50.8,66.62187782083333,131.14542878116796,57.63333511352539,103.34,34.37,135.97368421052633,-69.35773967667437,-69.30002,31.765588914549653,35.0,131.14542878116796,130.9677169148356,0,0,97.6778245861886,97.6778245861886,97.54546382708459
354,2019-12-31T01:28:32,2019-12-31T02:43:07,560,23.2,71.2,48.0,62.1901145,129.56273854166668,74.58333587646484,96.75,32.18,135.88483146067415,-50.03018130357143,-49.80002,30.279464285714287,33.0,129.56273854166668,130.9677169148356,0,0,96.49902833667359,96.49902833667359,97.54546382708459
355,2019-12-31T13:36:47,2019-12-31T14:58:58,617,28.8,97.6,68.8,88.75389352361113,129.00275221455107,82.18333435058594,132.61,44.11,135.87090163934428,-64.76387085899515,-14.80002,29.301458670988655,32.0,129.00275221455107,130.8926967623051,0,0,96.08194749185105,96.08194749185105,97.48958841177344
356,2020-01-01T02:08:49,2020-01-01T03:36:51,662,16.4,92.4,76.0,99.65303619166669,131.1224160416667,88.03333282470703,125.55,41.76,135.87662337662337,-67.87221116314198,0.0,29.61404833836858,34.0,131.1224160416667,130.9677169148356,0,0,97.66068457335597,97.66068457335597,97.54546382708459
357,2020-01-01T12:42:44,2020-01-01T13:48:15,492,29.6,88.0,58.4,76.44632414583333,130.90123997574202,65.51667022705078,119.57,39.77,135.875,-69.97744331300814,-47.80002,26.772357723577237,31.0,130.90123997574202,130.9677169148356,0,0,97.49595144334269,97.49595144334269,97.54546382708459
358,2020-01-01T18:23:02,2020-01-01T19:26:08,474,53.2,88.8,35.599999999999994,47.275333366666665,132.7958802434457,63.099998474121094,120.63,40.12,135.84459459459458,-44.9054852742616,0.0,28.102320675105485,30.0,132.7958802434457,130.98095586385708,0,0,98.9070897608779,98.9070897608779,97.55532426791156
359,2020-01-02T07:59:41,2020-01-02T10:28:32,1118,12.0,96.8,84.8,111.41816667777778,131.38934749737945,148.85000610351562,131.57,43.77,135.9194214876033,-44.89812165474061,-14.5,28.258497316636852,31.0,131.38934749737945,130.9854923365781,0,0,97.85949656512696,97.85949656512696,97.55870305732725
360,2020-01-02T16:17:50,2020-01-02T16:43:25,194,55.2,69.6,14.399999999999991,19.22501760694444,133.50706671489203,25.58333396911621,94.54,31.45,135.83333333333334,-45.08815304123711,-45.0,27.489690721649485,29.0,133.50706671489203,131.0149513488354,0,0,99.43678529088312,99.43678529088312,97.58064428896984
361,2020-01-03T00:44:37,2020-01-03T03:02:11,1032,17.6,88.0,70.4,91.26763452866666,129.64152631912876,137.56666564941406,119.55,39.76,135.85227272727272,-39.78740120959303,-0.3000183,25.718992248062015,29.0,129.64152631912876,130.9854923365781,0,0,96.55770989940893,96.55770989940893,97.55870305732725
362,2020-01-03T16:37:05,2020-01-03T18:10:20,700,22.8,97.6,74.8,96.14406140555556,128.5348414512775,93.25,132.75,44.16,136.01434426229508,-61.83386091428572,-14.5,29.859285714285715,33.0,128.5348414512775,130.9713898424588,0,0,95.73344502491956,95.73344502491956,97.54819944344139
363,2020-01-04T01:39:23,2020-01-04T02:59:19,600,33.2,98.0,64.8,84.51208948472222,130.41989118012688,79.93333435058594,133.17,44.3,135.8877551020408,-63.400837949999996,-14.39999,30.125833333333333,33.0,130.41989118012688,130.92969543458966,0,0,97.13744025725077,97.13744025725077,97.51714522297856
364,2020-01-04T23:31:04,2020-01-05T00:36:11,489,23.6,81.6,57.99999999999999,76.03419911666668,131.0934467528736,65.11666870117188,110.89,36.89,135.89460784313727,-70.05951349693252,-69.80002,28.756646216768917,32.0,131.0934467528736,130.92969543458966,0,0,97.63910809039794,97.63910809039794,97.51714522297856
365,2020-01-05T05:23:45,2020-01-05T06:36:43,548,39.2,98.0,58.8,77.05602554583334,131.04766249291384,72.96666717529297,133.17,44.3,135.8877551020408,-63.33431613138686,-14.80002,29.39963503649635,32.0,131.04766249291384,130.9713898424588,0,0,97.60500772598022,97.60500772598022,97.54819944344139
367,2020-01-05T22:24:38,2020-01-05T23:23:11,441,52.8,98.0,45.2,59.384030647222225,131.38059877704032,58.54999923706055,133.17,44.3,135.8877551020408,-60.660320408163265,0.0,28.94331065759637,31.0,131.38059877704032,130.9713898424588,0,0,97.85298047090559,97.85298047090559,97.54819944344139
368,2020-01-06T05:19:50,2020-01-06T07:05:07,790,32.4,97.6,65.19999999999999,85.41637979027777,131.0067174697512,105.28333282470703,132.63,44.12,135.89139344262296,-48.66190146835443,-14.5,30.899367088607594,34.0,131.0067174697512,130.9713898424588,0,0,97.5745116512994,97.5745116512994,97.54819944344139
369,2020-01-06T16:08:40,2020-01-06T16:33:37,188,70.8,91.6,20.799999999999997,27.583227861111112,132.61167240918806,24.950000762939453,124.5,41.42,135.9170305676856,-66.2936305319149,-48.39999,30.72340425531915,32.0,132.61167240918806,130.9854923365781,0,0,98.76989076973317,98.76989076973317,97.55870305732725
370,2020-01-07T03:27:46,2020-01-07T05:24:45,879,2.4,97.6,95.19999999999999,124.7882282888889,131.08007173202617,116.98332977294922,132.71,44.15,135.9733606557377,-63.985668646188856,-14.20001,32.267349260523325,36.0,131.08007173202617,130.9854923365781,0,0,97.62914630253911,97.62914630253911,97.55870305732725
371,2020-01-07T20:29:49,2020-01-07T22:12:34,771,14.8,97.6,82.8,107.40837010694446,129.72025375234838,102.75,132.65,44.13,135.91188524590166,-62.696503307393,-14.0,32.98119325551232,36.0,129.72025375234838,130.9854923365781,0,0,96.61634651742618,96.61634651742618,97.55870305732725
372,2020-01-08T01:08:32,2020-01-08T01:48:10,298,68.0,97.6,29.599999999999994,39.576531047222225,133.7044967811562,39.63333511352539,132.66,44.13,135.922131147541,-59.85537409395973,-14.20001,33.098993288590606,35.0,133.7044967811562,130.9854923365781,0,0,99.5838322719317,99.5838322719317,97.55870305732725
373,2020-01-08T14:52:46,2020-01-08T15:37:20,335,41.6,83.2,41.6,54.87966868888889,131.92228050213674,44.56666564941406,113.03,37.6,135.8533653846154,-73.8137340597015,-26.60001,29.926865671641792,32.0,131.92228050213674,130.9854923365781,0,0,98.25642794915358,98.25642794915358,97.55870305732725
374,2020-01-08T23:42:12,2020-01-09T01:03:59,614,13.6,87.2,73.60000000000001,96.39974446944443,130.97791368131035,81.78333282470703,118.5,39.42,135.89449541284404,-70.70537053745929,-48.70001,31.189739413680783,35.0,130.97791368131035,130.9854923365781,0,0,97.55305843389876,97.55305843389876,97.55870305732725
375,2020-01-09T09:58:59,2020-01-09T11:16:46,585,36.0,97.6,61.599999999999994,80.80268973888889,131.1731976280664,77.78333282470703,132.65,44.13,135.91188524590166,-62.307699401709414,-14.10001,29.221367521367522,32.0,131.1731976280664,130.99653667571357,0,0,97.69850697353152,97.69850697353152,97.56692894084277
376,2020-01-09T22:12:26,2020-01-10T00:05:09,847,26.4,92.0,65.6,84.52618130138889,128.850886130166,112.71666717529297,125.07,41.6,135.94565217391303,-44.984061794569065,-28.20001,29.51298701298701,32.0,128.850886130166,130.9854923365781,0,0,95.9688368109145,95.9688368109145,97.55870305732725
377,2020-01-10T14:57:10,2020-01-10T15:50:08,398,56.0,98.0,42.0,54.80059797361112,130.47761422288363,52.96666717529297,133.17,44.3,135.8877551020408,-62.03392042713568,-14.89999,29.152010050251256,31.0,130.47761422288363,130.9812712363953,0,0,97.18043269166023,97.18043269166023,97.55555915908356
378,2020-01-11T00:17:05,2020-01-11T01:12:04,413,34.0,85.2,51.2,67.5979060513889,132.02716025661894,54.983333587646484,115.81,38.52,135.92723004694835,-73.67627474576271,0.0,30.99273607748184,34.0,132.02716025661894,130.9854923365781,0,0,98.33454295747804,98.33454295747804,97.55870305732725
379,2020-01-11T03:46:47,2020-01-11T04:49:53,474,60.0,97.6,37.599999999999994,50.225049894444446,133.57726035756502,63.099998474121094,132.63,44.12,135.89139344262296,-47.70484696202533,-14.5,30.709915611814345,33.0,133.57726035756502,130.99653667571357,0,0,99.48906589555078,99.48906589555078,97.56692894084277
380,2020-01-11T17:04:08,2020-01-11T17:42:33,289,34.8,59.6,24.800000000000004,32.04669665833334,129.22055104166665,38.41666793823242,80.93,26.92,135.78859060402687,-50.05086847750866,-49.89999,26.536332179930795,29.0,129.22055104166665,130.99653667571357,0,0,96.24416523613533,96.24416523613533,97.56692894084277
381,2020-01-11T17:45:01,2020-01-11T18:38:00,398,60.0,92.8,32.8,43.91415603611112,133.88462206131442,52.983333587646484,126.14,41.96,135.92672413793105,-49.728144371859294,-47.60001,28.6143216080402,30.0,133.88462206131442,130.99653667571357,0,0,99.71799055470485,99.71799055470485,97.56692894084277
382,2020-01-12T15:04:55,2020-01-12T16:31:30,650,26.8,97.6,70.8,90.28944464444444,127.52746418706843,86.58333587646484,132.68,44.13,135.94262295081967,-62.53338478461539,-15.30002,24.743076923076924,28.0,127.52746418706843,130.9854923365781,0,0,94.983144990675,94.983144990675,97.55870305732725
383,2020-01-13T01:35:32,2020-01-13T03:38:09,920,21.6,97.6,76.0,99.26082764305556,130.60635216191523,122.61666870117188,132.65,44.13,135.91188524590166,-48.5529387826087,-14.20001,27.065217391304348,30.0,130.60635216191523,130.9854923365781,0,0,97.27631740486132,97.27631740486132,97.55870305732725
384,2020-01-13T16:29:29,2020-01-13T18:42:14,996,16.0,97.6,81.6,104.19880086805556,127.69460890693084,132.75,132.71,44.15,135.9733606557377,-47.0790202309237,-14.10001,26.255522088353413,29.0,127.69460890693084,130.98213478149313,0,0,95.10763528194143,95.10763528194143,97.55620233214245
385,2020-01-14T00:12:52,2020-01-14T01:04:54,391,57.2,98.0,40.8,53.47759072777778,131.072526293573,52.03333282470703,133.17,44.3,135.8877551020408,-61.62149189258313,-14.20001,26.953964194373402,29.0,131.072526293573,130.99653667571357,0,0,97.62352641917373,97.62352641917373,97.56692894084277
386,2020-01-14T06:21:50,2020-01-14T07:40:57,594,34.4,97.6,63.199999999999996,82.64248208333333,130.7634210179325,79.11666870117188,132.63,44.12,135.89139344262296,-62.6397380976431,-14.20001,26.866161616161616,30.0,130.7634210179325,130.99653667571357,0,0,97.39330313824597,97.39330313824597,97.56692894084277
387,2020-01-14T16:17:29,2020-01-14T17:16:26,445,40.4,70.4,30.000000000000007,39.28533361111111,130.95111203703703,58.95000076293945,95.57999,31.79,135.76703124999997,-39.96741602247191,-24.20001,28.261797752808988,30.0,130.95111203703703,130.98213478149313,0,0,97.53309642430162,97.53309642430162,97.55620233214245
388,2020-01-15T15:18:25,2020-01-15T17:05:51,807,11.2,97.6,86.39999999999999,111.58820193611112,129.15301150012863,107.43333435058594,132.71,44.15,135.9733606557377,-62.246224733581165,-14.30002,29.146840148698885,33.0,129.15301150012863,130.96451285917368,0,0,96.19386142034628,96.19386142034628,97.54307742910018
389,2020-01-16T03:12:13,2020-01-16T05:50:51,1190,16.8,97.6,80.8,104.92015775694443,129.85168039225798,158.63333129882812,132.61,44.11,135.87090163934428,-39.65857855462185,-5.0,28.626050420168067,31.0,129.85168039225798,130.96451285917368,0,0,96.7142337895816,96.7142337895816,97.54307742910018
390,2020-01-16T16:43:23,2020-01-16T18:03:26,601,33.6,97.6,63.99999999999999,83.87441169305556,131.05376827039933,80.05000305175781,132.65,44.13,135.91188524590166,-62.8322862063228,-14.39999,30.09900166389351,33.0,131.05376827039933,130.98213478149313,0,0,97.60955534207123,97.60955534207123,97.55620233214245
391,2020-01-17T03:15:54,2020-01-17T05:35:04,1044,28.4,97.6,69.19999999999999,89.91141644027778,129.92979254375405,139.1666717529297,131.35,43.66,134.57991803278688,-38.75746519157089,-20.30002,22.43007662835249,25.0,129.92979254375405,130.96451285917368,0,0,96.7724121424437,96.7724121424437,97.54307742910018
392,2020-01-17T17:03:27,2020-01-17T18:27:05,628,32.0,97.6,65.6,85.28921971111112,130.0140544376694,83.63333129882812,132.65,44.13,135.91188524590166,-61.15876614649682,-14.20001,24.28980891719745,27.0,130.0140544376694,130.92617600638954,0,0,96.83517085671727,96.83517085671727,97.51452393382215
393,2020-01-18T12:39:44,2020-01-18T14:14:51,714,42.4,97.6,55.199999999999996,72.08748136944445,130.59326335044287,95.11666870117188,130.81,43.48,134.0266393442623,-45.45630830532213,-20.30002,21.030112044817926,23.0,130.59326335044287,130.86136491124267,0,0,97.26656878729287,97.26656878729287,97.46625227966058
394,2020-01-18T21:16:06,2020-01-18T22:18:09,466,47.2,96.4,49.2,64.11786990277778,130.3208737861337,62.04999923706055,131.0,43.58,135.8921161825726,-61.95666085836911,-14.5,25.32510729613734,28.0,130.3208737861337,130.79447541964538,0,0,97.06369156672197,97.06369156672197,97.41643262458285
395,2020-01-19T06:21:51,2020-01-19T08:16:12,858,27.6,97.6,70.0,88.77841260555556,126.82630372222224,114.3499984741211,132.65,44.13,135.91188524590166,-46.56852934731935,-14.39999,24.55885780885781,27.0,126.82630372222224,130.76544100523995,0,0,94.46091688460585,94.46091688460585,97.39480763571659
396,2020-01-19T13:35:55,2020-01-19T14:43:42,509,60.0,98.0,38.0,49.38370044722222,129.95710644005845,67.78333282470703,131.87,43.83,134.56122448979593,-43.69843359528488,-19.80002,23.82023575638507,26.0,129.95710644005845,130.76544100523995,0,0,96.79275568012383,96.79275568012383,97.39480763571659
397,2020-01-19T19:32:14,2020-01-19T20:18:38,350,67.2,98.0,30.799999999999997,40.28513112361111,130.79588027146465,46.400001525878906,131.87,43.83,134.56122448979593,-52.06715080000001,-20.10001,23.197142857142858,25.0,130.79588027146465,130.78167063200604,0,0,97.41747896581523,97.41747896581523,97.40689554950123
398,2020-01-20T03:42:00,2020-01-20T05:25:32,777,14.4,97.6,83.19999999999999,109.00791536666667,131.01912904647438,103.53333282470703,132.63,44.12,135.89139344262296,-63.145430411840415,-14.80002,24.255469755469754,28.0,131.01912904647438,130.808685059104,0,0,97.58375586076419,97.58375586076419,97.42701604089686
399,2020-01-20T14:55:40,2020-01-20T16:10:39,564,40.8,98.0,57.2,73.51571390277778,128.52397535450658,74.98332977294922,133.18,44.3,135.8979591836735,-58.81295884751774,-14.30002,24.076241134751772,26.0,128.52397535450658,130.808685059104,0,0,95.72535189728112,95.72535189728112,97.42701604089686
400,2020-01-21T03:24:12,2020-01-21T05:15:44,837,6.8,98.0,91.2,119.83353644166667,131.3964215369152,111.53333282470703,133.17,44.3,135.8877551020408,-64.43883379928315,-14.89999,27.261648745519715,31.0,131.3964215369152,130.86136491124267,0,0,97.86476534802935,97.86476534802935,97.46625227966058
401,2020-01-21T16:58:59,2020-01-21T18:05:10,497,47.6,97.6,49.99999999999999,65.15314411388889,130.3062882277778,66.18333435058594,132.65,44.13,135.91188524590166,-59.029381006036225,-14.10001,27.428571428571427,29.0,130.3062882277778,130.808685059104,0,0,97.05282816398032,97.05282816398032,97.42701604089686
402,2020-01-22T15:45:45,2020-01-22T17:32:05,798,10.4,97.6,87.19999999999999,112.82890246944446,129.3909431989042,106.33333587646484,132.63,44.12,135.89139344262296,-63.63834571428572,-15.20001,31.637218045112782,35.0,129.3909431989042,130.78167063200604,0,0,96.37107423632078,96.37107423632078,97.40689554950123
403,2020-01-23T00:59:26,2020-01-23T02:47:01,817,30.0,92.0,62.0,80.96846237500003,130.59429415322586,107.58333587646484,125.0,41.58,135.8695652173913,-45.12045063647492,0.0,29.350061199510403,32.0,130.59429415322586,130.77965064469856,0,0,97.26733653478018,97.26733653478018,97.40539105203061
404,2020-01-23T19:44:01,2020-01-23T21:25:11,761,15.6,97.6,82.0,106.66605351111112,130.08055306233064,101.16666412353516,132.65,44.13,135.91188524590166,-63.24954709592642,-14.30002,32.50131406044678,36.0,130.08055306233064,130.68488658992385,0,0,96.88469939198725,96.88469939198725,97.33481027155364
405,2020-01-24T13:35:20,2020-01-24T14:56:35,610,20.0,93.6,73.6,95.88573403055557,130.27952993282005,81.25,127.18,42.31,135.8760683760684,-70.79000872131148,-48.0,30.538524590163934,34.0,130.27952993282005,130.68488658992385,0,0,97.03289844118785,97.03289844118785,97.33481027155364
406,2020-01-25T16:20:33,2020-01-25T17:45:49,640,30.8,97.6,66.8,86.47747428888889,129.45729683965402,85.26667022705078,132.63,44.12,135.89139344262296,-60.826251453124996,-14.0,25.0609375,28.0,129.45729683965402,130.68488658992385,0,0,96.42049478678946,96.42049478678946,97.33481027155364
407,2020-01-26T14:38:56,2020-01-26T15:31:31,395,70.0,98.0,28.0,36.26411833055556,129.51470832341272,52.58333206176758,128.77,42.76,131.3979591836735,-41.289375291139244,0.0,16.59620253164557,18.0,129.51470832341272,130.60032315757053,0,0,96.46325517037226,96.46325517037226,97.27182696982075
408,2020-01-26T18:54:56,2020-01-26T20:00:59,496,43.6,84.8,41.199999999999996,54.535551040277774,132.3678423307713,66.05000305175781,113.65,37.78,134.02122641509436,-49.490331088709674,0.0,21.47782258064516,24.0,132.3678423307713,130.60032315757053,0,0,98.58828480870368,98.58828480870368,97.27182696982075
409,2020-01-27T18:06:25,2020-01-27T19:55:41,820,10.0,97.6,87.6,111.09921022222224,126.82558244545919,109.26667022705078,131.84,43.83,135.08196721311475,-60.985252560975624,-20.10001,20.992073170731707,25.0,126.82558244545919,130.59377875183435,0,0,94.46037967377208,94.46037967377208,97.26695266103653
410,2020-01-27T23:09:55,2020-01-27T23:55:49,345,67.6,97.6,30.0,39.293228434722224,130.97742811574076,45.900001525878906,130.31,43.31,133.51434426229508,-51.35044292753623,-20.0,21.902898550724636,24.0,130.97742811574076,130.59377875183435,0,0,97.55269678203659,97.55269678203659,97.26695266103653
411,2020-01-28T12:29:38,2020-01-28T13:42:45,549,46.4,98.0,51.6,66.28581327222221,128.46087843453918,73.11666870117188,129.79,43.11,132.43877551020407,-54.37231965391621,-20.10001,17.497267759562842,19.0,128.46087843453918,130.53543878666324,0,0,95.67835697006342,95.67835697006342,97.22350073947655
413,2020-01-29T09:04:27,2020-01-29T10:17:02,545,54.0,92.4,38.400000000000006,50.361952477777784,131.15091791087963,72.58333587646484,120.98,40.16,130.93073593073592,-41.61395159633028,-20.10001,14.997247706422018,17.0,131.15091791087963,130.59377875183435,0,0,97.68191291968287,97.68191291968287,97.26695266103653
415,2020-01-29T16:46:34,2020-01-29T18:06:22,599,35.6,98.0,62.4,80.71813381111112,129.35598367165244,79.80000305175781,132.91,44.2,135.62244897959184,-60.66311178631053,-14.10001,23.596828046744573,26.0,129.35598367165244,130.59377875183435,0,0,96.34503619136375,96.34503619136375,97.26695266103653
416,2020-01-30T19:05:38,2020-01-30T20:44:14,740,17.2,97.6,80.39999999999999,102.97569786805556,128.0792262040492,98.5999984741211,132.7,44.14,135.96311475409834,-62.6398753918919,-15.30002,24.812837837837836,28.0,128.0792262040492,130.59377875183435,0,0,95.39410032483232,95.39410032483232,97.26695266103653
417,2020-01-31T13:20:08,2020-01-31T14:18:26,438,56.8,97.6,40.8,53.017170122222225,129.94404441721136,58.29999923706055,131.87,43.85,135.1127049180328,-54.539044657534255,-19.80002,23.21917808219178,25.0,129.94404441721136,130.53543878666324,0,0,96.78302701486835,96.78302701486835,97.22350073947655
418,2020-02-01T03:25:28,2020-02-01T04:18:50,802,60.0,97.6,37.599999999999994,49.60649508333334,131.93216777482274,53.36666488647461,129.82,43.13,133.0122950819672,-55.74564600997507,-21.20001,19.579800498753116,21.0,131.93216777482274,130.53543878666324,0,0,98.26379204332014,98.26379204332014,97.22350073947655
419,2020-02-01T17:24:32,2020-02-01T18:57:24,697,19.6,97.6,78.0,100.9565470763889,129.43147061075499,92.86666870117188,132.65,44.13,135.91188524590166,-65.20086430416069,-14.30002,26.751076040172165,30.0,129.43147061075499,130.39924400450866,0,0,96.4012592718381,96.4012592718381,97.12206212919111
420,2020-02-02T15:48:36,2020-02-02T17:55:13,950,26.4,98.0,71.6,91.80723091944444,128.2223895522967,126.61666870117188,133.17,44.3,135.8877551020408,-43.48178044210527,0.0,24.61157894736842,27.0,128.2223895522967,130.31358100695576,0,0,95.50072916082954,95.50072916082954,97.05825986535115
421,2020-02-04T15:22:37,2020-02-04T16:54:41,691,28.0,97.6,69.6,88.3828169777778,126.9868060025543,92.06666564941406,130.85,43.49,134.06762295081967,-57.572221606367584,-14.39999,19.922575976845152,23.0,126.9868060025543,130.29290908029893,0,0,94.58045985098799,94.58045985098799,97.0428633025841
422,2020-02-05T13:20:59,2020-02-05T14:41:27,604,38.4,97.6,59.199999999999996,75.59561871944445,127.69530189095346,80.46666717529297,130.87,43.5,134.08811475409837,-56.34917784768212,-19.89999,19.780629139072847,22.0,127.69530189095346,130.18004149757536,0,0,95.10815142018912,95.10815142018912,96.95879891658755
423,2020-02-05T20:57:26,2020-02-05T22:03:37,497,50.0,97.6,47.599999999999994,62.24513309444444,130.76708633286648,66.18333435058594,131.86,43.84,135.10245901639345,-56.40222062374246,-19.89999,23.41247484909457,25.0,130.76708633286648,130.29290908029893,0,0,97.3960330846307,97.3960330846307,97.0428633025841
424,2020-02-06T14:37:43,2020-02-06T15:28:41,383,63.6,98.0,34.4,44.59087837083333,129.62464642684108,50.96666717529297,131.35,43.67,134.03061224489795,-52.38825462140993,0.0,21.800261096605745,23.0,129.62464642684108,130.18004149757536,0,0,96.54513766434721,96.54513766434721,96.95879891658755
425,2020-02-07T11:51:33,2020-02-07T12:44:07,395,62.4,98.0,35.6,45.95976923472223,129.10047537843323,52.56666564941406,131.35,43.67,134.03061224489795,-52.41063901265823,0.0,20.98860759493671,23.0,129.10047537843323,130.04730375000003,0,0,96.154732232794,96.154732232794,96.85993512435226
426,2020-02-08T08:33:49,2020-02-08T09:55:13,611,40.4,97.6,57.199999999999996,76.11304108611111,133.0647571435509,81.4000015258789,131.38,43.67,134.61065573770492,-56.08004253682489,-14.39999,21.427168576104748,24.0,133.0647571435509,130.04730375000003,0,0,99.10735073015329,99.10735073015329,96.85993512435226
427,2020-02-09T01:52:18,2020-02-09T03:52:07,899,32.0,98.0,66.0,84.32119932777779,127.75939292087543,119.81666564941406,131.35,43.67,134.03061224489795,-42.20478553948832,0.0,21.228587319243605,24.0,127.75939292087543,129.9855804388639,0,0,95.15588676587709,95.15588676587709,96.81396326842055
428,2020-02-11T10:37:07,2020-02-11T12:51:08,1006,22.4,97.6,75.19999999999999,94.5434340861111,125.72265171025414,134.01666259765625,128.71,42.78,131.875,-42.32068373757455,-19.89999,20.953777335984096,24.0,125.72265171025414,129.9855804388639,0,0,93.63891089757983,93.63891089757983,96.81396326842055
429,2020-02-11T20:18:24,2020-02-11T21:26:03,508,48.0,97.6,49.599999999999994,64.01748804027778,129.06751621023747,67.6500015258789,129.75,43.15,132.9405737704918,-56.75019856299213,-19.30002,23.998031496062993,26.0,129.06751621023747,129.95057542863492,0,0,96.13018406607976,96.13018406607976,96.7878913474961
430,2020-02-13T00:12:50,2020-02-13T03:00:08,1255,13.2,71.2,58.0,72.6674783013889,125.28875569204983,167.3000030517578,94.22,31.33,132.33146067415728,-26.05084380876494,0.0,23.12350597609562,25.0,125.28875569204983,129.9369184804827,0,0,93.3157427967265,93.3157427967265,96.77771957865602
432,2020-02-13T03:03:10,2020-02-13T04:27:37,634,70.4,98.0,27.599999999999994,35.781969340277776,129.6448164502818,84.44999694824219,130.24,43.31,132.8979591836735,-25.41814660883281,-19.80002,24.594637223974765,26.0,129.6448164502818,129.89073646800603,0,0,96.56016040688465,96.56016040688465,96.74332296601264
433,2020-02-14T09:51:42,2020-02-14T11:45:23,853,61.2,95.6,34.39999999999999,45.26517891666667,131.5848224321706,113.68333435058594,126.08,41.91,131.88284518828453,-23.89039332942556,-23.20001,22.789566236811254,24.0,131.5848224321706,129.9369184804827,0,0,98.00508735368115,98.00508735368115,96.77771957865602
434,2020-02-14T20:06:47,2020-02-14T22:46:22,1197,32.8,98.0,65.2,82.87283395555556,127.10557355146558,159.5833282470703,130.5,43.41,133.16326530612244,-31.154725580618205,-24.0,26.50793650793651,28.0,127.10557355146558,129.89073646800603,0,0,94.66891856370793,94.66891856370793,96.74332296601264
435,2020-02-15T19:36:35,2020-02-15T20:47:42,534,60.4,97.6,37.199999999999996,48.74973844722222,131.04768399790922,71.11666870117188,129.21,42.96,132.38729508196724,-41.11047715355805,-19.89999,23.8876404494382,25.0,131.04768399790922,129.9369184804827,0,0,97.60502374301706,97.60502374301706,96.77771957865602
436,2020-02-16T17:23:37,2020-02-16T18:39:32,570,41.6,98.0,56.4,71.14153498333334,126.13747337470453,75.91666412353516,127.2,42.25,129.79591836734696,-56.21018114035088,-19.5,17.385964912280702,20.0,126.13747337470453,129.89073646800603,0,0,93.94787231660379,93.94787231660379,96.74332296601264
437,2020-02-17T17:33:06,2020-02-17T19:00:06,653,29.2,97.6,68.39999999999999,86.7303143875,126.79870524488305,87.0,129.21,42.96,132.38729508196724,-59.79312437978561,-20.20001,22.170750382848393,25.0,126.79870524488305,129.89073646800603,0,0,94.440361389432,94.440361389432,96.74332296601264
438,2020-02-17T22:57:51,2020-02-17T23:27:28,223,66.4,91.2,24.799999999999997,32.080809019444445,129.35810088485664,29.616666793823242,119.8,39.82,131.359649122807,-64.97220439461883,-46.80002,22.54708520179372,24.0,129.35810088485664,129.7482484212699,0,0,96.34661310320806,96.34661310320806,96.63719709823312
439,2020-02-18T20:48:57,2020-02-18T22:37:49,817,31.2,97.6,66.39999999999999,84.09914242083333,126.65533497113455,108.86666870117188,129.25,42.97,132.42827868852459,-46.334158922888626,-19.60001,22.765605875153,25.0,126.65533497113455,129.63473143856146,0,0,94.33357843420261,94.33357843420261,96.55264903561593
440,2020-02-19T12:53:33,2020-02-19T14:24:17,681,44.4,97.6,53.199999999999996,68.16235486805556,128.12472719559318,90.73332977294922,129.2,42.95,132.37704918032787,-45.056539559471375,-19.39999,22.462555066079297,24.0,128.12472719559318,129.5696773751269,0,0,95.42798970940207,95.42798970940207,96.50419641735974
441,2020-02-20T11:43:10,2020-02-20T13:10:33,656,46.4,97.6,51.199999999999996,65.41001648611112,127.75393844943578,87.38333129882812,129.2,42.95,132.37704918032787,-44.89498082317074,-19.80002,21.884146341463413,24.0,127.75393844943578,129.5696773751269,0,0,95.15182424605125,95.15182424605125,96.50419641735974
442,2020-02-21T11:13:34,2020-02-21T12:26:17,546,61.6,98.0,36.4,46.844258305555556,128.69301732295483,72.71666717529297,129.23,42.95,131.8673469387755,-38.62399950549451,0.0,21.5989010989011,23.0,128.69301732295483,129.48600258153337,0,0,95.85125526955453,95.85125526955453,96.44187497858087
443,2020-02-22T11:36:46,2020-02-22T13:22:51,796,32.8,97.6,64.8,81.72040043055556,126.11172905949931,106.08333587646484,130.0,43.24,133.19672131147541,-46.205282902010055,-13.89999,25.954773869346734,29.0,126.11172905949931,129.4443837252045,0,0,93.92869781141458,93.92869781141458,96.41087702931378
444,2020-02-24T16:18:28,2020-02-24T17:25:43,505,44.0,97.6,53.599999999999994,68.96591051083333,128.6677434903607,67.25,130.0,43.24,133.19672131147541,-61.438224724752466,-7.600006,28.177227722772276,31.0,128.6677434903607,129.4112069048296,0,0,95.83243118235839,95.83243118235839,96.38616675407944
445,2020-02-25T17:34:18,2020-02-25T21:33:55,1797,19.6,97.6,78.0,98.72149376388889,126.56601764601139,239.61666870117188,129.98,43.24,133.1762295081967,-24.720539610461884,-20.0,30.6488592097941,32.0,126.56601764601139,129.37452204188043,0,0,94.26705440742585,94.26705440742585,96.35884366976441
446,2020-02-27T00:41:30,2020-02-27T02:14:30,698,38.8,97.6,58.8,76.15214249166667,129.5104464143991,93.0,130.02,43.25,133.21721311475412,-49.10544646131806,-14.30002,32.29727793696275,34.0,129.5104464143991,129.37452204188043,0,0,96.46008087749067,96.46008087749067,96.35884366976441
447,2020-02-28T13:57:50,2020-02-28T16:06:43,967,14.0,97.6,83.6,104.5161180375,125.01927994916268,128.88333129882812,127.31,42.34,130.4405737704918,-48.637962109617376,-14.0,28.745087900723888,32.0,125.01927994916268,129.35704227825454,0,0,93.11503580610858,93.11503580610858,96.3458246472859
448,2020-02-28T18:38:42,2020-02-28T19:20:12,312,64.4,97.6,33.19999999999999,42.57211572222222,128.22926422356093,41.5,127.4,42.38,130.5327868852459,-61.492314358974376,-14.70001,32.77724358974359,34.0,128.22926422356093,129.35704227825454,0,0,95.50584945316511,95.50584945316511,96.3458246472859
449,2020-02-29T20:44:06,2020-02-29T21:48:48,486,43.6,97.6,53.99999999999999,68.70945089305556,127.23972387602883,64.69999694824219,127.31,42.34,130.4405737704918,-63.670787880658445,-14.30002,30.67283950617284,33.0,127.23972387602883,129.22822952504282,0,0,94.768834450923,94.768834450923,96.24988421207888
450,2020-03-01T12:58:50,2020-03-01T13:31:15,244,72.8,97.6,24.799999999999997,32.18443389027778,129.77594310595882,32.41666793823242,127.36,42.37,130.49180327868854,-59.572137336065566,-46.30002,28.608606557377048,30.0,129.77594310595882,129.22822952504282,0,0,96.65782424916134,96.65782424916134,96.24988421207888
451,2020-03-02T02:45:21,2020-03-02T03:30:27,339,61.6,98.0,36.4,46.19824171666667,126.918246474359,45.099998474121094,127.83,42.52,130.4387755102041,-61.44337026548673,-45.5,28.412979351032448,30.0,126.918246474359,129.08399579433535,0,0,94.52939634362055,94.52939634362055,96.14245814943689
452,2020-03-02T16:04:36,2020-03-02T17:48:16,778,40.8,97.6,56.8,72.34280176805555,127.36408761981612,103.66666412353516,127.36,42.37,130.49180327868854,-41.8712140874036,-39.10001,27.72879177377892,30.0,127.36408761981612,129.08399579433535,0,0,94.86146123985063,94.86146123985063,96.14245814943689
453,2020-03-03T14:47:48,2020-03-03T15:36:46,368,66.8,98.0,31.200000000000003,39.72442851944445,127.32188628027066,48.96666717529297,127.58,42.43,130.18367346938774,-48.67311233695652,-45.60001,24.08016304347826,25.0,127.32188628027066,128.88026676659615,0,0,94.83002945393376,94.83002945393376,95.99071966781715
454,2020-03-03T20:23:40,2020-03-03T21:50:08,649,42.0,97.6,55.599999999999994,71.15730339722222,127.98076150579537,86.46666717529297,127.32,42.35,130.45081967213113,-49.374728844375966,-45.89999,30.189522342064716,32.0,127.98076150579537,128.68038040665778,0,0,95.32076328507915,95.32076328507915,95.84184322595647
455,2020-03-04T16:29:42,2020-03-04T18:06:57,730,44.4,98.0,53.6,67.80904190555555,126.50940654021556,97.25,126.1,41.91,128.6734693877551,-41.81261145205479,-19.5,21.253424657534246,24.0,126.50940654021556,128.56431096244995,0,0,94.2248901496782,94.2248901496782,95.7553940762109
456,2020-03-05T10:17:04,2020-03-05T11:37:56,607,30.8,97.6,66.8,84.35328803055556,126.27737729125086,80.86666870117188,127.07,42.26,130.19467213114754,-62.55190217462933,-13.70001,23.025535420098848,26.0,126.27737729125086,128.34507132905006,0,0,94.05207351024308,94.05207351024308,95.59210321161427
457,2020-03-06T10:43:20,2020-03-06T12:29:16,795,8.8,98.0,89.2,111.88300898750002,125.42938227298208,105.93333435058594,127.85,42.52,130.4591836734694,-63.34252866666668,-13.80002,26.89245283018868,31.0,125.42938227298208,128.2258268879288,0,0,93.42048223470856,93.42048223470856,95.50328930699732
458,2020-03-07T15:13:36,2020-03-07T16:41:00,656,23.2,97.6,74.39999999999999,93.89518539305557,126.20320617346181,87.4000015258789,127.32,42.35,130.45081967213113,-64.42500332317074,-14.0,27.78125,31.0,126.20320617346181,128.17355837394496,0,0,93.99683046059893,93.99683046059893,95.4643594351158
459,2020-03-07T21:06:11,2020-03-07T21:37:24,235,73.6,98.0,24.400000000000006,30.7175449125,125.89157751024587,31.21666717529297,127.83,42.52,130.4387755102041,-58.98638923404255,-14.20001,28.7468085106383,30.0,125.89157751024587,128.1019766998212,0,0,93.7647277469586,93.7647277469586,95.4110450171172
460,2020-03-08T01:48:30,2020-03-08T03:02:49,558,70.4,97.6,27.19999999999999,34.96445337222222,128.5457844566994,74.31666564941406,127.32,42.35,130.45081967213113,-28.224559175627235,-25.5,28.0,29.0,128.5457844566994,128.1019766998212,0,0,95.7415954345372,95.7415954345372,95.4110450171172
461,2020-03-08T15:47:57,2020-03-08T16:57:43,524,39.2,97.6,58.39999999999999,73.97744352777778,126.67370467085237,69.76667022705078,127.36,42.37,130.49180327868854,-63.57728929389313,-14.0,29.130725190839694,31.0,126.67370467085237,128.02999385492228,0,0,94.34726028589515,94.34726028589515,95.35743180495574
462,2020-03-09T00:44:05,2020-03-09T00:58:38,110,31.6,44.8,13.199999999999996,16.993553297222224,128.73904013047144,14.550000190734863,58.29,19.39,130.11160714285717,-69.75908163636363,0.0,28.1,30.0,128.73904013047144,128.1019766998212,0,0,95.88553330548265,95.88553330548265,95.4110450171172
463,2020-03-09T00:59:52,2020-03-09T02:04:35,486,44.8,97.6,52.8,67.66394166388888,128.1514046664562,64.71666717529297,127.31,42.34,130.4405737704918,-62.69073816872427,-14.20001,31.45679012345679,34.0,128.1514046664562,128.1019766998212,0,0,95.44785923397168,95.44785923397168,95.4110450171172
464,2020-03-09T12:41:31,2020-03-09T14:06:06,635,44.4,97.6,53.199999999999996,67.84294133472223,127.52432581714706,84.58333587646484,127.34,42.36,130.47131147540983,-48.098590346456696,-13.70001,29.507874015748033,32.0,127.52432581714706,128.02999385492228,0,0,94.98080751578537,94.98080751578537,95.35743180495574
465,2020-03-10T05:26:37,2020-03-10T06:37:12,530,39.6,97.6,57.99999999999999,73.53855234027779,126.79060748323758,70.58333587646484,127.31,42.34,130.4405737704918,-62.456801528301895,-13.60001,26.09433962264151,29.0,126.79060748323758,127.8700772133354,0,0,94.43433013276604,94.43433013276604,95.23832502547812
466,2020-03-10T13:16:11,2020-03-10T14:07:49,388,56.8,97.6,40.8,52.15696678333334,127.83570290032682,51.63333511352539,127.37,42.37,130.50204918032787,-60.56057682989691,-13.10001,28.84536082474227,30.0,127.83570290032682,127.79754791060112,0,0,95.21272285125423,95.21272285125423,95.18430480856566
467,2020-03-11T02:56:27,2020-03-11T04:22:15,644,24.8,97.6,72.8,91.49166253194444,125.6753606208028,85.80000305175781,127.32,42.35,130.45081967213113,-63.94565900621118,-13.70001,26.68167701863354,30.0,125.6753606208028,127.75666568515561,0,0,93.60368823840788,93.60368823840788,95.15385550596417
468,2020-03-11T11:51:58,2020-03-11T12:29:59,286,54.4,88.4,34.00000000000001,43.63728069444444,128.3449432189542,38.016666412353516,115.31,38.35,130.44117647058823,-68.83147311188812,-45.60001,25.704545454545453,28.0,128.3449432189542,127.75666568515561,0,0,95.59200779452205,95.59200779452205,95.15385550596417
469,2020-03-11T23:21:19,2020-03-12T00:32:58,538,38.0,98.0,60.0,75.4359492777778,125.72658212962966,71.6500015258789,127.83,42.52,130.4387755102041,-63.12602635687732,-13.60001,26.536245353159853,29.0,125.72658212962966,127.72462017019461,0,0,93.6418382951863,93.6418382951863,95.12998783312018
470,2020-03-12T12:50:14,2020-03-12T13:40:15,376,51.6,95.2,43.6,55.550267823611115,127.40887115507137,50.016666412353516,124.25,41.33,130.51470588235293,-66.60824941489362,-45.60001,27.07313829787234,29.0,127.40887115507137,127.60981385405026,0,0,94.89481625909654,94.89481625909654,95.04447946798724
471,2020-03-12T23:32:21,2020-03-13T01:01:45,671,21.2,98.0,76.8,96.47408999027778,125.61730467484085,89.4000015258789,127.83,42.52,130.4387755102041,-64.72043107302535,-14.20001,30.049925484351714,33.0,125.61730467484085,127.4665984861092,0,0,93.56044785589087,93.56044785589087,94.93781188744096
472,2020-03-13T10:59:31,2020-03-13T12:58:16,891,26.8,97.6,70.8,89.33646426944446,126.1814467082549,118.75,127.39,42.37,130.52254098360655,-45.111570067340075,-14.20001,29.38047138047138,32.0,126.1814467082549,127.4665984861092,0,0,93.98062389323839,93.98062389323839,94.93781188744096
473,2020-03-14T10:53:07,2020-03-14T12:18:14,639,50.8,97.6,46.8,59.45015130555555,127.03023783238366,85.11666870117188,126.57,42.09,129.68237704918033,-41.89547040688576,-19.5,22.237089201877936,24.0,127.03023783238366,127.38647938744374,0,0,94.61280811272273,94.61280811272273,94.87813874947358
474,2020-03-15T08:51:08,2020-03-15T10:15:28,633,47.2,97.6,50.39999999999999,64.29596638611112,127.57136187720462,84.33333587646484,126.56,42.08,129.672131147541,-45.7244824328594,-19.80002,22.38783570300158,24.0,127.57136187720462,127.38647938744374,0,0,95.01584022768564,95.01584022768564,94.87813874947358
475,2020-03-17T13:04:31,2020-03-17T15:29:57,1091,11.2,98.0,86.8,109.31952423888889,125.94415234895034,145.43333435058594,127.82,42.52,130.42857142857142,-45.100926590284146,-45.10001,28.064161319890008,31.0,125.94415234895034,127.34298695004338,0,0,93.80388577114861,93.80388577114861,94.84574534689219
477,2020-03-17T20:14:13,2020-03-17T20:40:39,199,84.4,97.6,13.199999999999989,17.211043468944446,130.38669294654895,26.433332443237305,127.37,42.37,130.50204918032787,-38.90452677537688,-0.3000183,27.84170854271357,29.0,130.38669294654895,127.34298695004338,0,0,97.11271403334703,97.11271403334703,94.84574534689219
478,2020-03-18T16:54:26,2020-03-18T17:31:16,277,39.6,73.2,33.6,42.47867282777778,126.42462151124337,36.83333206176758,95.52,31.77,130.4918032786885,-69.1960389169675,-69.10001,26.272563176895307,28.0,126.42462151124337,127.28080507814974,0,0,94.16174180158518,94.16174180158518,94.79943195242838
479,2020-03-18T17:39:16,2020-03-18T18:14:53,268,73.2,97.6,24.39999999999999,31.197228447222223,127.8574936361567,35.61666488647461,127.31,42.34,130.4405737704918,-52.504861231343284,-13.20001,28.354477611940297,29.0,127.8574936361567,127.28080507814974,0,0,95.22895270914388,95.22895270914388,94.79943195242838
480,2020-03-19T09:01:42,2020-03-19T11:12:12,979,52.8,98.0,45.2,57.01432444444445,126.13788593903638,130.5,127.58,42.43,130.18367346938774,-26.188970633299288,0.0,25.0,26.0,126.13788593903638,127.28080507814974,0,0,93.9481795967493,93.9481795967493,94.79943195242838
481,2020-03-19T22:04:18,2020-03-19T23:14:06,524,40.8,98.0,57.2,71.92726949305555,125.74697463820898,69.80000305175781,127.83,42.52,130.4387755102041,-61.796378854961844,-13.89999,25.71087786259542,28.0,125.74697463820898,127.17264871374721,0,0,93.65702674585816,93.65702674585816,94.71887650731546
482,2020-03-20T16:55:20,2020-03-20T18:11:10,570,35.2,98.0,62.8,78.62899994444444,125.2054139242746,75.83333587646484,127.83,42.52,130.4387755102041,-62.181578912280706,0.0,27.67280701754386,30.0,125.2054139242746,127.17264871374721,0,0,93.25366939737808,93.25366939737808,94.71887650731546
483,2020-03-23T12:25:04,2020-03-23T13:21:14,422,50.8,97.6,46.8,59.957001063888896,128.11325013651475,56.16666793823242,127.36,42.37,130.49180327868854,-64.00213383886256,-14.89999,30.97037914691943,33.0,128.11325013651475,127.17264871374721,0,0,95.41944153373292,95.41944153373292,94.71887650731546
484,2020-03-23T22:55:36,2020-03-24T00:00:18,486,43.6,97.6,53.99999999999999,69.03252785138889,127.83801453960908,64.69999694824219,127.36,42.37,130.49180327868854,-64.00186479423868,-45.70001,32.75205761316872,35.0,127.83801453960908,127.17264871374721,0,0,95.21444457269293,95.21444457269293,94.71887650731546
485,2020-03-24T14:23:28,2020-03-24T15:13:46,378,48.8,93.2,44.400000000000006,56.69922935833334,127.70096702327328,50.29999923706055,121.64,40.46,130.51502145922746,-67.60820957671957,-47.10001,32.235449735449734,34.0,127.70096702327328,127.28080507814974,0,0,95.11237084137775,95.11237084137775,94.79943195242838
486,2020-03-25T04:52:55,2020-03-25T05:20:56,211,14.0,39.6,25.6,32.70657143472223,127.7600446668837,28.016666412353516,51.63,17.17,130.37878787878788,-70.04408009478674,-69.89999,28.51658767772512,31.0,127.7600446668837,127.28080507814974,0,0,95.15637218982866,95.15637218982866,94.79943195242838
487,2020-03-25T05:21:24,2020-03-25T06:30:07,516,39.6,97.6,57.99999999999999,73.15887385416666,126.13598940373562,68.71666717529297,127.32,42.35,130.45081967213113,-63.83740211240312,-13.60001,33.04554263565891,35.0,126.13598940373562,127.28080507814974,0,0,93.94676704700089,93.94676704700089,94.79943195242838
488,2020-03-25T17:42:35,2020-03-25T18:53:18,531,37.6,97.6,59.99999999999999,75.95689025555556,126.5948170925926,70.71666717529297,127.31,42.34,130.4405737704918,-64.40546254237287,-13.80002,33.77306967984934,36.0,126.5948170925926,127.28080507814974,0,0,94.28850439098596,94.28850439098596,94.79943195242838
489,2020-03-25T23:51:31,2020-03-26T00:21:09,223,59.6,76.8,17.199999999999996,22.274949383333336,129.5055196705427,29.633333206176758,100.2,33.33,130.46875,-45.10135529147982,-45.10001,32.99103139013453,34.0,129.5055196705427,127.28080507814974,0,0,96.45641141202276,96.45641141202276,94.79943195242838
492,2020-03-26T02:33:32,2020-03-26T02:51:11,133,87.6,97.6,10.0,13.267030674999999,132.67030674999998,17.649999618530273,127.32,42.35,130.45081967213113,-45.10076172932331,-45.0,31.770676691729324,33.0,132.67030674999998,127.34298695004338,0,0,98.81356194386237,98.81356194386237,94.84574534689219
493,2020-03-26T11:38:45,2020-03-26T13:11:12,694,43.6,97.6,53.99999999999999,68.70923764166668,127.23932896604941,92.44999694824219,127.31,42.34,130.4405737704918,-44.570471109510095,-14.10001,28.765129682997117,31.0,127.23932896604941,127.28080507814974,0,0,94.76854031983466,94.76854031983466,94.79943195242838
494,2020-03-27T15:03:34,2020-03-27T17:20:12,1025,16.0,98.0,82.0,102.77437000555554,125.33459756775066,136.63333129882812,127.83,42.52,130.4387755102041,-45.12810757073171,-38.30002,32.05170731707317,35.0,125.33459756775066,127.23952642103913,0,0,93.34988607365977,93.34988607365977,94.76868738537883
495,2020-03-28T04:17:04,2020-03-28T06:59:43,1220,39.2,97.6,58.39999999999999,73.57557175555554,125.98556807458142,162.64999389648438,127.34,42.36,130.47131147540983,-27.13385844262295,-10.30002,26.09467213114754,28.0,125.98556807458142,127.13478339921653,0,0,93.83473242757347,93.83473242757347,94.6906742162787
496,2020-03-30T10:29:33,2020-03-30T16:26:12,2675,21.2,57.2,36.0,41.192672513888894,114.42409031635805,356.6499938964844,72.92,24.22,127.48251748251747,-6.930173881121496,-5.300018,18.36,20.0,114.42409031635805,127.13478339921653,0,0,85.22368126917405,85.22368126917405,94.6906742162787
497,2020-03-30T16:32:36,2020-03-30T18:07:59,716,57.2,63.6,6.399999999999999,7.9258881483333345,123.84200231770838,95.38333129882812,81.11,26.94,127.5314465408805,-4.985762469273744,-4.700012,19.5,20.0,123.84200231770838,126.97424215337134,0,0,92.23819305952442,92.23819305952442,94.57110222817164
498,2020-03-30T18:10:33,2020-03-30T21:54:34,1681,63.2,76.0,12.799999999999997,16.415432497777775,128.2455663888889,224.01666259765625,96.97,32.22,127.59210526315789,-4.396795585960738,-4.0,19.5,20.0,128.2455663888889,127.13478339921653,0,0,95.51799139406295,95.51799139406295,94.6906742162787
500,2020-03-31T12:34:14,2020-03-31T13:39:08,488,23.6,84.0,60.4,75.71944640000001,125.36332185430466,64.9000015258789,109.45,36.39,130.29761904761907,-70.0026657377049,-69.80002,22.15266393442623,26.0,125.36332185430466,126.97424215337134,0,0,93.37128007762514,93.37128007762514,94.57110222817164
501,2020-03-31T18:39:42,2020-03-31T19:29:52,377,50.0,92.8,42.8,54.58378030138889,127.5321969658619,50.16666793823242,120.86,40.19,130.23706896551724,-65.2681727851459,-45.60001,24.02917771883289,27.0,127.5321969658619,127.13478339921653,0,0,94.98666998991509,94.98666998991509,94.6906742162787
502,2020-04-01T15:35:32,2020-04-01T16:48:31,548,41.6,97.6,55.99999999999999,70.34275728055556,125.61206657242066,72.98332977294922,126.59,42.09,129.70286885245903,-57.80146585766423,-19.0,22.927919708029197,25.0,125.61206657242066,126.97424215337134,0,0,93.55654648888083,93.55654648888083,94.57110222817164
503,2020-04-02T00:28:49,2020-04-02T01:18:19,372,56.8,96.0,39.2,49.87572631250001,127.23399569515307,49.5,124.48,41.39,129.66666666666669,-60.4086070967742,-19.0,23.161290322580644,25.0,127.23399569515307,126.97424215337134,0,0,94.76456807082891,94.76456807082891,94.57110222817164
504,2020-04-02T12:44:40,2020-04-02T13:32:18,358,62.8,97.6,34.8,44.57560467361111,128.09081802761816,47.63333511352539,126.1,41.91,129.20081967213113,-56.12738365921789,-21.0,22.696927374301676,24.0,128.09081802761816,126.97424215337134,0,0,95.40273397771466,95.40273397771466,94.57110222817164
505,2020-04-03T12:29:48,2020-04-03T13:38:15,514,16.8,84.0,67.2,84.31435183472223,125.46778546833664,68.44999694824219,109.68,36.48,130.57142857142858,-73.83405071984436,0.0,25.653696498054476,30.0,125.46778546833664,126.91042265781061,0,0,93.44908514229179,93.44908514229179,94.52356912274439
506,2020-04-03T20:43:10,2020-04-03T21:25:51,321,48.8,87.6,38.8,49.348843880555556,127.18774196019474,42.68333435058594,114.05,37.92,130.19406392694066,-69.36045096573208,-62.70001,24.12461059190031,27.0,127.18774196019474,126.91042265781061,0,0,94.73011803889335,94.73011803889335,94.52356912274439
507,2020-04-04T23:30:43,2020-04-05T00:53:18,620,28.4,98.0,69.6,87.13365756666666,125.19203673371646,82.58333587646484,127.83,42.52,130.4387755102041,-63.267916806451616,-14.20001,25.480645161290322,28.0,125.19203673371646,126.73215607704498,0,0,93.24370599350699,93.24370599350699,94.39079520933059
508,2020-04-05T06:45:18,2020-04-05T07:32:47,357,64.8,97.6,32.8,41.56761866944444,126.730544723916,47.483333587646484,126.1,41.91,129.20081967213113,-52.4980487114846,-19.80002,23.285714285714285,26.0,126.730544723916,126.70212469738419,0,0,94.38959506480599,94.38959506480599,94.36842767535057
509,2020-04-05T13:47:26,2020-04-05T15:03:38,572,38.0,97.6,59.599999999999994,75.76378633055556,127.12044686334826,76.19999694824219,127.07,42.26,130.19467213114754,-59.63444729020979,-19.30002,24.06118881118881,27.0,127.12044686334826,126.7605761035768,0,0,94.67999628683252,94.67999628683252,94.411962598786
510,2020-04-05T21:58:11,2020-04-05T22:14:12,121,91.2,97.6,6.3999999999999915,8.22861121111111,128.57205017361125,16.016666412353516,124.6,41.4,127.6639344262295,-30.76115743801653,-19.5,20.834710743801654,22.0,128.57205017361125,126.91042265781061,0,0,95.76115828253722,95.76115828253722,94.52356912274439
511,2020-04-06T12:53:42,2020-04-06T14:27:06,701,52.4,97.6,45.199999999999996,57.52495159861111,127.26759203232548,93.4000015258789,124.59,41.4,127.65368852459017,-36.92010981455064,-5.0,19.55206847360913,21.0,127.26759203232548,127.07534234786596,0,0,94.78959080444277,94.78959080444277,94.64640219977763
512,2020-04-07T19:42:58,2020-04-07T20:49:33,500,39.2,96.0,56.8,71.73141560833334,126.28770353579814,66.58333587646484,125.27,41.67,130.48958333333334,-64.62741156000001,-45.70001,25.388,28.0,126.28770353579814,127.07534234786596,0,0,94.05976455302587,94.05976455302587,94.64640219977763
513,2020-04-08T03:04:27,2020-04-08T04:48:31,781,36.0,97.6,61.599999999999994,77.72066683333333,126.16991369047618,104.06666564941406,127.36,42.37,130.49180327868854,-44.778361177976954,-14.0,26.62035851472471,29.0,126.16991369047618,127.07534234786596,0,0,93.97203403922664,93.97203403922664,94.64640219977763
514,2020-04-08T14:15:58,2020-04-08T15:21:36,493,42.8,97.6,54.8,69.3718699125,126.59100348996353,65.63333129882812,127.34,42.36,130.47131147540983,-63.373233225152134,-14.20001,30.935091277890468,33.0,126.59100348996353,126.91042265781061,0,0,94.28566399912398,94.28566399912398,94.52356912274439
515,2020-04-09T02:47:20,2020-04-09T03:58:59,538,36.8,98.0,61.2,77.45405667500002,126.55891613562095,71.6500015258789,127.83,42.52,130.4387755102041,-64.82026117100372,-14.20001,28.62174721189591,31.0,126.55891613562095,126.91042265781061,0,0,94.26176516408232,94.26176516408232,94.52356912274439
516,2020-04-09T15:18:51,2020-04-09T16:30:13,536,37.2,97.6,60.39999999999999,77.03833867777779,127.54691834069173,71.36666870117188,127.37,42.37,130.50204918032787,-64.75317615671642,-45.5,33.31902985074627,35.0,127.54691834069173,126.91042265781061,0,0,94.99763454950103,94.99763454950103,94.52356912274439
517,2020-04-10T12:29:32,2020-04-10T13:29:03,447,49.2,97.6,48.39999999999999,61.89015826111112,127.87222781221307,59.516666412353516,127.37,42.37,130.50204918032787,-62.34743284116331,-13.80002,28.687919463087248,30.0,127.87222781221307,126.91042265781061,0,0,95.23992680315257,95.23992680315257,94.52356912274439
519,2020-04-10T22:00:11,2020-04-10T23:13:34,551,44.0,87.6,43.599999999999994,55.28245670833334,126.79462547782879,73.38333129882812,114.27,38.01,130.44520547945206,-45.20037301270418,-45.20001,32.26678765880218,34.0,126.79462547782879,126.79261648053318,0,0,94.43732275686675,94.43732275686675,94.4358264448164
520,2020-04-11T16:39:15,2020-04-11T17:51:58,546,50.0,92.8,42.8,54.659039897222215,127.70803714304256,72.71666717529297,121.12,40.29,130.51724137931035,-45.10037630036629,-45.10001,28.4514652014652,30.0,127.70803714304256,126.91243165510622,0,0,95.11763670481687,95.11763670481687,94.52506543479474
521,2020-04-12T02:17:43,2020-04-12T04:03:31,794,7.2,97.6,90.39999999999999,114.25006450555556,126.38281471853492,105.80000305175781,127.32,42.35,130.45081967213113,-64.76385899244332,-13.70001,28.046599496221663,32.0,126.38281471853492,126.7625851008724,0,0,94.13060387628623,94.13060387628623,94.41345891083637
522,2020-04-12T10:08:42,2020-04-12T10:40:11,237,83.6,97.6,14.0,18.036444566666667,128.8317469047619,31.483333587646484,125.61,41.75,128.6987704918033,-34.27679345991561,-5.0,22.88818565400844,24.0,128.8317469047619,126.91243165510622,0,0,95.95458181232924,95.95458181232924,94.52506543479474
523,2020-04-13T11:37:31,2020-04-13T13:02:31,638,26.4,98.0,71.6,89.11973152916669,124.46889878375237,85.0,127.85,42.52,130.4591836734694,-62.8807275862069,-13.5,26.86912225705329,30.0,124.46889878375237,126.7625851008724,0,0,92.70510893766854,92.70510893766854,94.41345891083637
524,2020-04-13T18:00:30,2020-04-13T18:54:33,406,53.6,85.2,31.6,40.69223124166667,128.77288367616035,54.04999923706055,111.19,36.99,130.50469483568074,-45.14360608374385,-22.30002,30.93349753694581,32.0,128.77288367616035,126.91243165510622,0,0,95.91074016133648,95.91074016133648,94.52506543479474
525,2020-04-14T06:10:04,2020-04-14T07:58:25,813,30.8,98.0,67.2,84.09803547222222,125.1458861193783,108.3499984741211,127.83,42.52,130.4387755102041,-46.52769490774908,0.0,25.61131611316113,28.0,125.1458861193783,126.7625851008724,0,0,93.209332766367,93.209332766367,94.41345891083637
526,2020-04-14T14:37:59,2020-04-14T15:39:46,464,46.4,98.0,51.6,65.70011150555555,127.32579749138672,61.78333282470703,127.83,42.52,130.4387755102041,-63.74331935344827,0.0,29.96875,32.0,127.32579749138672,126.91243165510622,0,0,94.83294254512471,94.83294254512471,94.52506543479474
527,2020-04-15T03:06:26,2020-04-15T04:16:45,528,61.6,97.6,35.99999999999999,46.527887793333335,129.2441327592593,70.31666564941406,127.09,42.26,130.21516393442624,-39.66855966666667,-4.899994,25.414772727272727,27.0,129.2441327592593,127.07534234786596,0,0,96.26172902692744,96.26172902692744,94.64640219977763
528,2020-04-15T17:17:35,2020-04-15T18:50:07,697,16.8,48.8,31.999999999999996,40.25101542222223,125.78442319444449,92.53333282470703,63.58,21.15,130.28688524590163,-26.09728403156385,-23.20001,31.02725968436155,33.0,125.78442319444449,126.95753617058853,0,0,93.68491863306286,93.68491863306286,94.55865952184963
529,2020-04-15T18:55:20,2020-04-15T20:08:27,549,48.8,74.0,25.200000000000003,31.806095519444444,126.21466475970017,73.11666870117188,96.52,32.1,130.43243243243242,-26.100374298724958,-26.10001,32.548269581056466,34.0,126.21466475970017,126.7625851008724,0,0,94.0053648775969,94.0053648775969,94.41345891083637
530,2020-04-15T23:29:34,2020-04-16T00:59:15,674,45.2,97.6,52.39999999999999,67.41387605833333,128.652435225827,89.68333435058594,127.37,42.37,130.50204918032787,-45.1013453115727,-45.10001,32.17952522255193,34.0,128.652435225827,126.95753617058853,0,0,95.82102950414712,95.82102950414712,94.55865952184963
531,2020-04-16T07:28:12,2020-04-16T08:05:50,283,68.4,98.0,29.599999999999994,37.685364168055564,127.31541948667423,37.63333511352539,127.83,42.52,130.4387755102041,-60.0780967844523,-45.70001,27.53356890459364,29.0,127.31541948667423,126.95753617058853,0,0,94.82521295109095,94.82521295109095,94.55865952184963
532,2020-04-16T19:22:57,2020-04-16T20:58:05,714,14.8,97.6,82.8,104.504421575,126.21306953502416,95.13333129882812,127.29,42.34,130.42008196721312,-65.90042327731094,-45.70001,34.80812324929972,38.0,126.21306953502416,126.95753617058853,0,0,94.0041767456313,94.0041767456313,94.55865952184963
533,2020-04-17T10:12:37,2020-04-17T11:08:24,419,52.4,98.0,45.6,58.11793601527778,127.45161406859161,55.78333282470703,127.83,42.52,130.4387755102041,-62.4622970405728,-13.5,30.16467780429594,32.0,127.45161406859161,126.95753617058853,0,0,94.92665141223864,94.92665141223864,94.55865952184963
534,2020-04-17T22:29:32,2020-04-17T23:50:15,606,17.2,90.8,73.6,92.26691696388889,125.3626589183273,80.71666717529297,118.5,39.42,130.50660792951544,-68.56749196369637,-45.70001,33.76567656765677,37.0,125.3626589183273,126.95753617058853,0,0,93.37078631932407,93.37078631932407,94.55865952184963
535,2020-04-18T12:28:37,2020-04-18T13:27:27,442,47.2,98.0,50.8,64.3465866763889,126.66650920548994,58.83333206176758,127.83,42.52,130.4387755102041,-65.5760215158371,-13.39999,31.138009049773757,33.0,126.66650920548994,126.95753617058853,0,0,94.34190106438038,94.34190106438038,94.55865952184963
536,2020-04-19T14:14:46,2020-04-19T15:27:06,543,35.6,97.6,61.99999999999999,78.68564083472224,126.91232392697137,72.33333587646484,127.32,42.35,130.45081967213113,-65.22782158379374,-14.39999,34.75506445672192,37.0,126.91232392697137,127.01638539515982,0,0,94.52498519829732,94.52498519829732,94.60249074256492
537,2020-04-20T00:37:12,2020-04-20T01:47:07,525,38.0,98.0,60.0,75.72372063333333,126.20620105555555,69.91666412353516,127.83,42.52,130.4387755102041,-64.97237961904762,-46.10001,34.367619047619044,37.0,126.20620105555555,126.85347470240008,0,0,93.99906106497858,93.99906106497858,94.48115397758204
538,2020-04-20T05:21:18,2020-04-20T05:54:56,253,72.0,98.0,26.0,33.31657167916667,128.1406603044872,33.63333511352539,127.85,42.52,130.4591836734694,-59.33992494071146,0.0,33.33794466403162,35.0,128.1406603044872,126.85347470240008,0,0,95.43985677507206,95.43985677507206,94.48115397758204
539,2020-04-20T17:17:41,2020-04-20T18:23:12,492,42.4,97.6,55.199999999999996,70.42438198055557,127.58040213868763,65.51667022705078,127.4,42.38,130.5327868852459,-64.48293323170732,-45.80002,36.72459349593496,39.0,127.58040213868763,126.85347470240008,0,0,95.0225734633276,95.0225734633276,94.48115397758204
540,2020-04-21T05:24:00,2020-04-21T06:52:03,661,21.6,98.0,76.4,96.47230379722222,126.27264894924375,88.05000305175781,127.82,42.52,130.42857142857142,-65.72496099848715,-45.80002,34.11800302571861,37.0,126.27264894924375,126.7625851008724,0,0,94.04855181554547,94.04855181554547,94.41345891083637
541,2020-04-21T15:03:23,2020-04-21T15:40:41,281,66.4,85.6,19.19999999999999,24.43191319188889,127.24954787442137,37.29999923706055,111.7,37.15,130.49065420560748,-39.23273464839858,-0.2000122,33.5,34.0,127.24954787442137,126.85347470240008,0,0,94.7761514180536,94.7761514180536,94.48115397758204
542,2020-04-22T00:03:50,2020-04-22T02:20:43,1027,25.2,98.0,72.8,90.89206699805555,124.85174038194445,136.88333129882812,127.83,42.52,130.4387755102041,-39.82366007594937,-4.899994,33.21372930866602,35.0,124.85174038194445,126.85347470240008,0,0,92.99025143039621,92.99025143039621,94.48115397758204
543,2020-04-22T14:38:47,2020-04-22T15:56:34,584,30.8,97.6,66.8,84.12431421527778,125.93460211867932,77.78333282470703,127.36,42.37,130.49180327868854,-64.85377378424658,-13.89999,26.50513698630137,30.0,125.93460211867932,126.7625851008724,0,0,93.79677270799543,93.79677270799543,94.41345891083637
544,2020-04-23T17:27:16,2020-04-23T18:31:02,479,42.8,97.6,54.8,69.83484501666666,127.43584857055961,63.766666412353516,127.32,42.35,130.45081967213113,-65.65992747390396,-14.20001,27.342379958246347,29.0,127.43584857055961,126.7625851008724,0,0,94.91490918404513,94.91490918404513,94.41345891083637
545,2020-04-24T05:27:41,2020-04-24T06:43:20,568,35.6,97.6,61.99999999999999,77.74429096388889,125.39401768369177,75.6500015258789,127.32,42.35,130.45081967213113,-61.62060904929578,-13.70001,25.462147887323944,28.0,125.39401768369177,126.69852696470298,0,0,93.39414249735465,93.39414249735465,94.36574806459319
546,2020-04-24T18:24:55,2020-04-24T19:49:54,638,26.4,98.0,71.6,89.25029900000001,124.6512555865922,84.98332977294922,127.83,42.52,130.4387755102041,-62.969293965517245,0.0,25.521943573667713,29.0,124.6512555865922,126.69852696470298,0,0,92.84092927060298,92.84092927060298,94.36574806459319
547,2020-04-25T01:54:31,2020-04-25T02:46:17,389,60.4,97.6,37.199999999999996,47.78735027222222,128.46061901135008,51.766666412353516,126.56,42.08,129.672131147541,-55.36709866323908,-19.10001,24.623393316195372,26.0,128.46061901135008,126.7625851008724,0,0,95.67816375026922,95.67816375026922,94.41345891083637
549,2020-04-26T02:02:10,2020-04-26T02:31:00,174,29.2,56.0,26.8,33.667224958333335,125.62397372512437,28.83333396911621,73.01,24.28,130.375,-70.05920109195402,-69.89999,27.022988505747126,30.0,125.62397372512437,126.7625851008724,0,0,93.56541500060803,93.56541500060803,94.41345891083637
550,2020-04-26T02:31:11,2020-04-26T03:00:21,176,56.4,83.2,26.800000000000004,34.03958451388888,127.01337505182418,29.16666603088379,108.63,36.13,130.56490384615384,-70.02443426136364,-69.89999,29.68465909090909,31.0,127.01337505182418,126.85347470240008,0,0,94.6002486225687,94.6002486225687,94.48115397758204
551,2020-04-26T03:00:32,2020-04-26T03:21:42,128,83.6,97.6,14.0,18.384582569444444,131.31844692460317,21.16666603088379,127.39,42.37,130.52254098360655,-52.1593728125,-45.80002,30.94921875,32.0,131.31844692460317,126.85347470240008,0,0,97.80668943509532,97.80668943509532,94.48115397758204
553,2020-04-26T16:47:43,2020-04-26T17:18:03,183,52.8,70.8,18.0,22.851116166666667,126.95064537037038,30.33333396911621,92.36,30.72,130.45197740112994,-45.20001,-45.20001,30.91256830601093,32.0,126.95064537037038,126.93148464867087,0,0,94.55352721658194,94.55352721658194,94.53925620743962
554,2020-04-26T17:18:14,2020-04-26T17:51:04,198,70.8,90.4,19.60000000000001,24.73444991666667,126.19617304421764,32.83333206176758,117.94,39.23,130.4646017699115,-45.20001,-45.20001,31.71212121212121,33.0,126.19617304421764,126.85347470240008,0,0,93.99159214790296,93.99159214790296,94.48115397758204
557,2020-04-27T02:40:41,2020-04-27T03:11:01,183,39.2,49.6,10.399999999999999,13.043343444444442,125.4167638888889,30.33333396911621,64.63,21.5,130.3024193548387,-25.80002,-25.80002,28.612021857923498,30.0,125.4167638888889,126.85347470240008,0,0,93.41108399399617,93.41108399399617,94.48115397758204
558,2020-04-27T03:11:12,2020-04-27T03:46:22,212,49.6,62.0,12.399999999999999,15.121678388888888,121.94901926523299,35.16666793823242,80.8,26.88,130.32258064516128,-25.800020000000004,-25.80002,29.27122641509434,31.0,121.94901926523299,126.7625851008724,0,0,90.82828904485342,90.82828904485342,94.41345891083637
559,2020-04-27T03:46:33,2020-04-27T04:16:13,179,62.0,72.0,10.0,12.756676555555554,127.56676555555553,29.66666603088379,93.9,31.23,130.41666666666669,-25.800019999999996,-25.80002,29.44413407821229,31.0,127.56676555555553,126.7625851008724,0,0,95.01241686246466,95.01241686246466,94.41345891083637
560,2020-04-27T04:16:24,2020-04-27T04:44:04,167,72.0,81.6,9.599999999999994,11.896675888888886,123.92370717592597,27.66666603088379,106.46,35.41,130.4656862745098,-25.800019999999996,-25.80002,29.0,30.0,123.92370717592597,126.7625851008724,0,0,92.29904727978196,92.29904727978196,94.41345891083637
561,2020-04-27T04:44:15,2020-04-27T05:12:15,169,81.6,90.8,9.200000000000003,12.040009333333332,130.8696666666666,28.0,118.47,39.4,130.47356828193833,-25.800019999999993,-25.80002,29.0,30.0,130.8696666666666,126.7625851008724,0,0,97.47243547199595,97.47243547199595,94.41345891083637
562,2020-04-27T05:12:26,2020-04-27T05:33:06,125,91.2,97.6,6.3999999999999915,8.886673555555554,138.8542743055557,20.66666603088379,127.34,42.36,130.47131147540983,-25.800020000000007,-25.80002,29.0,30.0,138.8542743055557,126.85347470240008,0,0,103.41941442192442,103.41941442192442,94.48115397758204
563,2020-04-27T17:18:41,2020-04-27T17:37:01,111,18.4,25.6,7.200000000000003,9.572362958333336,132.9494855324074,18.33333396911621,33.23,11.05,129.80468749999997,-31.327933963963964,-30.70001,33.94144144144144,35.0,132.9494855324074,126.93148464867087,0,0,99.02149581078869,99.02149581078869,94.53925620743962
564,2020-04-27T17:37:12,2020-04-27T18:00:57,144,26.0,35.2,9.200000000000003,12.082418586111109,131.33063680555549,23.75,45.79,15.23,130.08522727272725,-30.52083826388889,-29.70001,34.232638888888886,35.0,131.33063680555549,126.93148464867087,0,0,97.81576852435107,97.81576852435107,94.53925620743962
565,2020-04-27T18:01:08,2020-04-27T18:36:38,214,35.2,49.2,14.0,17.229447341666667,123.06748101190475,35.5,64.11,21.32,130.30487804878047,-29.12009835514019,-6.800018,34.995327102803735,36.0,123.06748101190475,126.85347470240008,0,0,91.66132540237726,91.66132540237726,94.48115397758204
566,2020-04-27T18:36:49,2020-04-27T19:08:29,191,49.2,61.6,12.399999999999999,14.781529652777778,119.20588429659499,31.66666603088379,80.25,26.7,130.27597402597402,-28.006809790575915,-27.39999,35.67801047120419,37.0,119.20588429659499,126.73056734165937,0,0,88.78518728543214,88.78518728543214,94.38961191062356
567,2020-04-27T19:08:40,2020-04-27T19:40:20,191,61.6,73.2,11.600000000000001,14.251530616666663,122.85802255747122,31.66666603088379,95.43,31.74,130.3688524590164,-27.003670219895284,-4.700012,35.57329842931937,37.0,122.85802255747122,126.73056734165937,0,0,91.50531961277105,91.50531961277105,94.38961191062356
568,2020-04-27T19:40:31,2020-04-27T20:13:41,200,73.2,84.4,11.200000000000003,14.70944798611111,131.33435701884918,33.16666793823242,110.06,36.61,130.4028436018957,-26.610006400000003,-26.30002,35.075,36.0,131.33435701884918,126.85347470240008,0,0,97.818539359331,97.818539359331,94.48115397758204
569,2020-04-27T20:13:52,2020-04-27T20:48:02,206,84.8,96.0,11.200000000000003,14.869725236111108,132.76540389384914,34.16666793823242,125.28,41.68,130.5,-26.112626650485435,-25.80002,35.0,36.0,132.76540389384914,126.93148464867087,0,0,98.88439081088332,98.88439081088332,94.53925620743962
572,2020-04-28T16:29:26,2020-04-28T17:02:46,201,10.4,41.2,30.800000000000004,38.91236279166667,126.33884023268398,33.33333206176758,53.67,17.85,130.26699029126212,-70.04179402985075,-69.80002,37.15422885572139,39.0,126.33884023268398,126.93148464867087,0,0,94.09785144141193,94.09785144141193,94.53925620743962
573,2020-04-28T17:02:57,2020-04-28T17:30:57,169,41.2,67.2,26.0,32.65736251388889,125.60524043803419,28.0,87.6,29.13,130.35714285714283,-69.97929295857988,-69.70001,39.917159763313606,42.0,125.60524043803419,126.85347470240008,0,0,93.55146234707429,93.55146234707429,94.48115397758204
574,2020-04-28T17:31:08,2020-04-28T18:02:18,188,67.6,93.2,25.60000000000001,33.02472438888889,129.0028296440972,31.16666603088379,121.59,40.45,130.46137339055792,-63.547344574468084,-45.60001,41.23936170212766,43.0,129.0028296440972,126.85347470240008,0,0,96.08200516179576,96.08200516179576,94.48115397758204
577,2020-04-29T23:43:20,2020-04-30T00:13:50,184,39.2,67.6,28.39999999999999,35.62541954166667,125.44161810446015,30.5,88.2,29.33,130.4733727810651,-70.08261434782608,-69.80002,33.72554347826087,36.0,125.44161810446015,126.78941656623066,0,0,93.42959554816439,93.42959554816439,94.43344313133885
578,2020-04-30T00:14:01,2020-04-30T00:40:51,162,67.6,91.2,23.60000000000001,29.603752000000004,125.43962711864403,26.83333396911621,119.04,39.6,130.5263157894737,-66.14383166666666,-45.70001,35.51851851851852,37.0,125.43962711864403,126.52466196201243,0,0,93.42811265116134,93.42811265116134,94.23625247033331
580,2020-04-30T16:43:03,2020-04-30T17:06:53,144,33.2,55.2,22.0,27.725973652777785,126.02715296717174,23.83333396911621,71.88,23.91,130.2173913043478,-69.73055916666668,-49.80002,35.08680555555556,37.0,126.02715296717174,126.50267471908697,0,0,93.8657050804644,93.8657050804644,94.21987625289616
581,2020-04-30T17:07:04,2020-04-30T17:36:34,178,55.2,82.4,27.200000000000003,34.334447944444456,126.22958803104578,29.5,107.49,35.75,130.4490291262136,-69.83259134831462,-69.60001,37.13483146067416,39.0,126.22958803104578,126.30574459096385,0,0,94.01647981079965,94.01647981079965,94.0732016284787
582,2020-04-30T17:36:45,2020-04-30T17:58:55,134,82.4,98.0,15.599999999999994,19.60847551388889,125.69535585826216,22.16666603088379,127.85,42.52,130.4591836734694,-52.94030731343285,0.0,38.0,39.0,125.69535585826216,126.30574459096385,0,0,93.61858079940117,93.61858079940117,94.0732016284787
583,2020-05-01T01:25:13,2020-05-01T01:49:33,147,43.2,65.6,22.39999999999999,28.401251347222225,126.79130065724212,24.33333396911621,85.61,28.48,130.50304878048783,-70.03061557823129,-69.80002,33.93197278911565,36.0,126.79130065724212,126.30574459096385,0,0,94.43484641251328,94.43484641251328,94.0732016284787
584,2020-05-01T01:49:44,2020-05-01T02:19:34,180,65.6,91.6,26.0,32.75819609722222,125.99306191239315,29.83333396911621,119.49,39.75,130.44759825327512,-65.83833661111112,-45.70001,35.59166666666667,37.0,125.99306191239315,126.30574459096385,0,0,93.84031387850204,93.84031387850204,94.0732016284787
586,2020-05-01T12:30:28,2020-05-01T12:56:08,155,46.8,70.4,23.60000000000001,29.932776611111112,126.8337991996233,25.66666603088379,91.75999,30.52,130.34089488636363,-69.97290051612903,-69.89999,33.36451612903226,35.0,126.8337991996233,126.30574459096385,0,0,94.46649955670944,94.46649955670944,94.0732016284787
587,2020-05-01T12:56:19,2020-05-01T13:31:29,212,70.4,97.6,27.19999999999999,34.90485881944444,128.32668683619283,35.16666793823242,127.31,42.34,130.4405737704918,-59.54575080188679,-45.89999,34.992924528301884,36.0,128.32668683619283,126.30574459096385,0,0,95.5784103419115,95.5784103419115,94.0732016284787
590,2020-05-02T02:02:10,2020-05-02T02:35:50,203,34.0,54.4,20.4,25.307505611111118,124.05640005446627,33.66666793823242,70.87,23.57,130.27573529411765,-45.102473054187186,-45.10001,32.43103448275862,34.0,124.05640005446627,126.30574459096385,0,0,92.3978776533173,92.3978776533173,94.0732016284787
591,2020-05-02T02:36:01,2020-05-02T03:04:21,171,54.4,71.6,17.199999999999996,21.298060277777783,123.82593184754528,28.33333396911621,93.43,31.08,130.48882681564248,-45.101764385964906,-45.10001,33.99122807017544,35.0,123.82593184754528,126.30574459096385,0,0,92.22622368643839,92.22622368643839,94.0732016284787
592,2020-05-02T03:04:32,2020-05-02T03:31:32,163,71.6,87.6,16.0,20.29944894444445,126.87155590277781,27.0,114.31,38.02,130.4908675799087,-45.109825950920246,-45.10001,34.033742331288344,36.0,126.87155590277781,126.30574459096385,0,0,94.49462095340589,94.49462095340589,94.0732016284787
593,2020-05-02T03:31:43,2020-05-02T03:48:43,103,88.0,97.6,9.599999999999994,12.783058388888888,133.15685821759266,17.0,127.36,42.37,130.49180327868854,-45.116514854368944,-45.10001,34.689320388349515,36.0,133.15685821759266,126.30574459096385,0,0,99.17594810817903,99.17594810817903,94.0732016284787
598,2020-05-03T12:47:22,2020-05-03T13:15:52,172,17.6,44.0,26.4,33.194861763888895,125.73811274200338,28.5,57.37,19.09,130.38636363636363,-69.8837223255814,-69.70001,34.32267441860465,37.0,125.73811274200338,126.30574459096385,0,0,93.65042635763939,93.65042635763939,94.0732016284787
599,2020-05-03T13:16:03,2020-05-03T13:44:03,169,44.0,70.4,26.400000000000006,32.60958515277778,123.52115588173399,28.0,91.87,30.56,130.4971590909091,-69.87751869822486,-69.60001,37.34023668639053,39.0,123.52115588173399,126.25111849014476,0,0,91.9992248988842,91.9992248988842,94.03251581317255
600,2020-05-03T13:44:14,2020-05-03T14:06:14,133,70.4,89.6,19.19999999999999,24.437641875,127.27938476562507,22.0,116.86,38.87,130.42410714285717,-66.5819630075188,-45.60001,38.61278195488722,40.0,127.27938476562507,126.30574459096385,0,0,94.798374095979,94.798374095979,94.0732016284787
602,2020-05-04T01:17:07,2020-05-04T01:49:37,196,37.6,68.0,30.4,37.86722377777779,124.56323611111115,32.5,88.71,29.51,130.45588235294116,-69.90867637755102,-69.70001,37.94387755102041,40.0,124.56323611111115,126.25111849014476,0,0,92.7753718892584,92.7753718892584,94.03251581317255
603,2020-05-04T01:49:48,2020-05-04T02:19:48,181,68.0,93.2,25.200000000000003,32.09250301388889,127.35120243606701,30.0,121.56,40.44,130.42918454935622,-64.14972977900553,-45.5,39.48342541436464,41.0,127.35120243606701,126.25111849014476,0,0,94.85186428531165,94.85186428531165,94.03251581317255
606,2020-05-04T06:47:12,2020-05-04T07:12:32,153,79.2,97.6,18.39999999999999,23.549585222222223,127.98687620772954,25.33333396911621,127.37,42.37,130.50204918032787,-55.79085418300654,-45.80002,36.5,38.0,127.98687620772954,126.30574459096385,0,0,95.32531754814782,95.32531754814782,94.0732016284787
607,2020-05-04T14:16:12,2020-05-04T14:34:42,112,30.0,39.6,9.600000000000001,11.970970077777773,124.69760497685178,18.5,51.55,17.14,130.17676767676767,-38.677671714285715,-4.800018,37.83482142857143,39.0,124.69760497685178,126.25111849014476,0,0,92.87545054712423,92.87545054712423,94.03251581317255
608,2020-05-04T14:34:53,2020-05-04T15:05:03,182,39.6,56.0,16.4,20.066801125,122.35854344512198,30.16666603088379,72.99,24.28,130.3392857142857,-39.91207912087912,-39.89999,38.89835164835165,40.0,122.35854344512198,126.21288053763172,0,0,91.13330486872744,91.13330486872744,94.0040359793513
609,2020-05-04T15:05:14,2020-05-04T15:33:14,169,56.0,70.8,14.799999999999997,18.635135736111106,125.91307929804805,28.0,92.36,30.72,130.45197740112994,-39.93253763313609,-39.89999,39.937869822485204,41.0,125.91307929804805,126.1116630056947,0,0,93.78074239479459,93.78074239479459,93.92864861418369
610,2020-05-04T15:33:25,2020-05-04T16:03:25,181,70.8,86.4,15.600000000000009,19.960551611111114,127.95225391737887,30.0,112.71,37.49,130.45138888888886,-39.92098657458563,-39.89999,40.0,41.0,127.95225391737887,126.1116630056947,0,0,95.29953067905849,95.29953067905849,93.92864861418369
611,2020-05-04T16:03:36,2020-05-04T16:25:16,131,86.8,97.6,10.799999999999997,14.417497305555553,133.49534542181073,21.66666603088379,127.32,42.35,130.45081967213113,-39.925183358778625,-39.89999,40.0,41.0,133.49534542181073,126.21288053763172,0,0,99.42805520840781,99.42805520840781,94.0040359793513
613,2020-05-05T18:46:30,2020-05-05T19:15:10,173,46.8,65.6,18.799999999999997,23.79084263888889,126.5470353132388,28.66666603088379,85.52,28.44,130.3658536585366,-49.79481716763005,-49.70001,38.18208092485549,39.0,126.5470353132388,126.28421413186487,0,0,94.25291626332101,94.25291626332101,94.05716562610579
614,2020-05-05T19:15:21,2020-05-05T19:47:01,191,66.0,86.4,20.400000000000006,26.284454555555566,128.8453654684096,31.66666603088379,112.72,37.49,130.46296296296293,-49.802113403141355,-49.70001,38.026178010471206,39.0,128.8453654684096,126.28421413186487,0,0,95.96472499218277,95.96472499218277,94.05716562610579
615,2020-05-05T19:47:12,2020-05-05T20:05:42,112,86.4,97.6,11.199999999999989,14.500698180555553,129.47051946924614,18.5,127.32,42.35,130.45081967213113,-47.03572642857144,-45.70001,38.0,39.0,129.47051946924614,126.44293777296139,0,0,96.4303430728172,96.4303430728172,94.17538385236648
617,2020-05-06T11:15:48,2020-05-06T11:48:28,197,70.0,96.0,26.0,33.63125458333334,129.3509791666667,32.66666793823242,125.22,41.65,130.4375,-61.755338324873094,-46.30002,34.629441624365484,36.0,129.3509791666667,126.66916798524045,0,0,96.34130880898617,96.34130880898617,94.34388133791714
620,2020-05-06T20:39:59,2020-05-06T21:07:49,168,36.4,62.4,26.0,32.47277816666667,124.89530064102566,27.83333396911621,81.47,27.1,130.56089743589743,-70.00119130952382,-69.80002,38.723214285714285,41.0,124.89530064102566,126.44293777296139,0,0,93.0226953469323,93.0226953469323,94.17538385236648
621,2020-05-06T21:08:00,2020-05-06T21:38:00,181,62.4,89.6,27.199999999999996,34.61055647222223,127.24469291258174,30.0,116.97,38.91,130.546875,-69.15856541436463,-45.70001,40.44198895027624,42.0,127.24469291258174,126.66916798524045,0,0,94.77253541621998,94.77253541621998,94.34388133791714
625,2020-05-07T12:23:55,2020-05-07T12:41:05,104,51.2,62.4,11.199999999999996,14.312639597222223,127.79142497519847,17.16666603088379,81.37,27.06,130.40064102564102,-50.02500249999999,-50.0,36.46634615384615,37.0,127.79142497519847,126.66916798524045,0,0,95.17974441316514,95.17974441316514,94.34388133791714
626,2020-05-07T12:51:05,2020-05-07T13:18:34,166,61.6,79.6,17.999999999999993,22.93776766527777,127.43204258487656,27.483333587646484,103.84,34.54,130.45226130653268,-50.069887710843375,-48.0,37.0933734939759,38.0,127.43204258487656,126.66916798524045,0,0,94.91207446532574,94.91207446532574,94.34388133791714
627,2020-05-07T13:18:45,2020-05-07T13:50:25,191,79.6,97.6,18.0,23.040834638888885,128.00463688271603,31.66666603088379,127.36,42.37,130.49180327868854,-43.595814031413624,-14.0,37.62303664921466,39.0,128.00463688271603,126.66916798524045,0,0,95.33854579492689,95.33854579492689,94.34388133791714
628,2020-05-07T22:54:23,2020-05-07T23:14:23,121,47.6,66.0,18.4,23.342778805555557,126.86292829106281,20.0,86.08,28.63,130.4242424242424,-70.02810223140496,-69.80002,36.03719008264463,38.0,126.86292829106281,126.8125499284327,0,0,94.48819506154273,94.48819506154273,94.45067298461136
629,2020-05-07T23:14:34,2020-05-07T23:45:24,186,66.0,92.4,26.400000000000006,33.65361341666667,127.47580839646464,30.83333396911621,120.62,40.12,130.54112554112555,-65.44677865591397,-45.60001,37.465053763440864,39.0,127.47580839646464,126.84836374534305,0,0,94.94467147848056,94.94467147848056,94.47734730912609
631,2020-05-08T15:43:59,2020-05-08T16:04:29,124,18.0,36.8,18.799999999999997,23.890139597222227,127.07521062352251,20.5,47.85,15.92,130.0271739130435,-69.9217762903226,-69.70001,36.73790322580645,39.0,127.07521062352251,126.86724209692031,0,0,94.64630409077427,94.64630409077427,94.4914080074743
632,2020-05-08T16:04:40,2020-05-08T16:33:40,175,37.2,64.0,26.799999999999997,33.80236159722223,126.12821491500834,29.0,83.46,27.76,130.40625,-69.93600097142857,-69.70001,39.36571428571428,42.0,126.12821491500834,126.84836374534305,0,0,93.94097656575265,93.94097656575265,94.47734730912609
633,2020-05-08T16:33:51,2020-05-08T16:57:51,145,64.4,86.4,22.0,27.966250375,127.11931988636364,24.0,112.82,37.53,130.57870370370367,-69.91517337931035,-69.70001,41.0,42.0,127.11931988636364,126.86724209692031,0,0,94.67915690827972,94.67915690827972,94.4914080074743
635,2020-05-09T11:10:50,2020-05-09T11:41:40,186,15.6,35.6,20.0,25.594175083333337,127.97087541666667,30.83333396911621,46.27,15.39,129.97191011235955,-49.80485510752688,-49.70001,33.844086021505376,35.0,127.97087541666667,126.86724209692031,0,0,95.31340007243247,95.31340007243247,94.4914080074743
636,2020-05-09T11:41:51,2020-05-09T12:19:00,224,35.6,60.4,24.799999999999997,30.83270564722223,124.32542599686384,37.150001525878906,78.75999,26.19,130.3973344370861,-49.79689308035716,-49.70001,36.066964285714285,38.0,124.32542599686384,126.84836374534305,0,0,92.59824963009807,92.59824963009807,94.47734730912609
637,2020-05-09T12:19:11,2020-05-09T12:47:51,173,60.4,79.6,19.199999999999996,23.795008277777782,123.93233478009265,28.66666603088379,103.78,34.52,130.37688442211058,-49.80348554913295,-49.70001,37.46531791907515,38.0,123.93233478009265,126.8125499284327,0,0,92.30547316602308,92.30547316602308,94.45067298461136
638,2020-05-09T12:48:02,2020-05-09T13:14:22,159,79.6,96.0,16.400000000000006,21.162505194444442,129.03966581978312,26.33333396911621,125.32,41.68,130.54166666666666,-48.21573503144655,-45.70001,37.88364779874214,39.0,129.03966581978312,126.8125499284327,0,0,96.1094409446554,96.1094409446554,94.45067298461136
640,2020-05-09T20:42:17,2020-05-09T21:02:17,121,55.6,67.2,11.600000000000001,15.003892208333337,129.34389834770116,20.0,87.61,29.14,130.3720238095238,-44.82645619834712,0.0,38.0,39.0,129.34389834770116,126.84836374534305,0,0,96.33603497672782,96.33603497672782,94.47734730912609
641,2020-05-09T21:02:28,2020-05-09T21:31:28,175,67.2,84.4,17.200000000000003,21.845421500000004,127.00826453488371,29.0,110.19,36.65,130.55687203791467,-45.19715285714286,-45.10001,38.0,39.0,127.00826453488371,126.86724209692031,0,0,94.59644228191394,94.59644228191394,94.4914080074743
642,2020-05-09T21:31:39,2020-05-09T21:54:19,137,84.4,97.6,13.199999999999989,17.061253777777782,129.2519225589227,22.66666603088379,127.39,42.37,130.52254098360655,-45.162053795620444,-45.10001,38.0,39.0,129.2519225589227,126.93991021883076,0,0,96.2675309118437,96.2675309118437,94.54553161765992
643,2020-05-10T05:29:08,2020-05-10T05:58:37,178,31.2,48.8,17.599999999999998,22.213421844444447,126.21262411616163,29.483333587646484,63.58,21.15,130.28688524590163,-45.20562853932585,-45.20001,34.77808988764045,37.0,126.21262411616163,126.86724209692031,0,0,94.00384499525369,94.00384499525369,94.4914080074743
644,2020-05-10T05:58:48,2020-05-10T06:31:47,199,48.8,68.8,20.0,24.848561163888892,124.24280581944446,32.983333587646484,89.7,29.84,130.3779069767442,-45.20202025125627,-45.20001,36.62311557788945,38.0,124.24280581944446,126.84836374534305,0,0,92.53671367514903,92.53671367514903,94.47734730912609
645,2020-05-10T06:31:58,2020-05-10T07:01:28,180,68.8,86.4,17.60000000000001,22.22806094444445,126.29580082070706,29.5,112.66,37.47,130.3935185185185,-45.2094553888889,-45.20001,37.0,38.0,126.29580082070706,126.84836374534305,0,0,94.06579545461588,94.06579545461588,94.47734730912609
646,2020-05-10T07:01:39,2020-05-10T07:27:09,154,86.4,98.8,12.399999999999991,16.31889343055556,131.60397927867396,25.5,128.89,42.87,130.45546558704453,-38.34027038961039,-14.0,37.451298701298704,39.0,131.60397927867396,126.86724209692031,0,0,98.01935547655641,98.01935547655641,94.4914080074743
648,2020-05-10T19:47:43,2020-05-10T20:17:13,178,62.4,72.4,10.000000000000007,12.83250491666667,128.3250491666666,29.5,94.37,31.39,130.34530386740332,-26.100010000000005,-26.10001,30.43820224719101,32.0,128.3250491666666,126.86724209692031,0,0,95.5771905967919,95.5771905967919,94.4914080074743
649,2020-05-10T20:17:24,2020-05-10T20:48:44,189,72.8,83.2,10.400000000000006,13.630005222222227,131.05774252136752,31.33333396911621,108.51,36.09,130.42067307692307,-26.100010000000005,-26.10001,30.174603174603174,32.0,131.05774252136752,126.93991021883076,0,0,97.61251538568494,97.61251538568494,94.54553161765992
650,2020-05-10T20:48:55,2020-05-10T21:31:29,257,83.6,97.6,14.0,18.516507094444453,132.26076496031752,42.56666564941406,127.36,42.37,130.49180327868854,-26.10001,-26.10001,30.636186770428015,32.0,132.26076496031752,127.0417375792031,0,0,98.50853300411893,98.50853300411893,94.6213731863441
652,2020-05-11T13:54:16,2020-05-11T14:13:26,116,37.6,48.8,11.199999999999996,14.432642152777781,128.86287636408738,19.16666603088379,63.63,21.16,130.38934426229508,-45.159493017241374,-40.30002,34.25,36.0,128.86287636408738,127.09726525494307,0,0,95.9777672019819,95.9777672019819,94.66273049952699
653,2020-05-11T14:13:37,2020-05-11T14:41:17,167,49.2,66.0,16.799999999999997,20.842226833333335,124.06087400793653,27.66666603088379,86.04,28.62,130.36363636363637,-45.200010000000006,-45.20001,35.65868263473054,37.0,124.06087400793653,127.09726525494307,0,0,92.40120987805693,92.40120987805693,94.66273049952699
654,2020-05-11T14:41:28,2020-05-11T15:10:58,178,66.0,83.6,17.599999999999994,22.22333825000001,126.26896732954555,29.5,109.09,36.28,130.49043062200957,-45.20001000000001,-45.20001,36.37359550561798,38.0,126.26896732954555,127.09726525494307,0,0,94.04580972528419,94.04580972528419,94.66273049952699
655,2020-05-11T15:11:09,2020-05-11T15:35:29,147,83.6,97.6,14.0,18.33111516666667,130.9365369047619,24.33333396911621,127.31,42.34,130.4405737704918,-45.200010000000006,-45.20001,37.0,38.0,130.9365369047619,127.1820063994727,0,0,97.52224078696128,97.52224078696128,94.72584616224985
656,2020-05-12T07:36:13,2020-05-12T08:05:53,179,59.2,86.4,27.200000000000003,34.788609847222226,127.89930090890523,29.66666603088379,112.74,37.5,130.4861111111111,-70.35809798882681,-70.0,29.83240223463687,31.0,127.89930090890523,127.26203883910341,0,0,95.26009099197927,95.26009099197927,94.78545475609948
657,2020-05-12T08:06:04,2020-05-12T08:23:54,108,86.4,97.6,11.199999999999989,14.200836027777779,126.79317881944458,17.83333396911621,127.34,42.36,130.47131147540983,-47.727786759259246,-14.20001,30.84722222222222,32.0,126.79317881944458,127.26203883910341,0,0,94.43624527787871,94.43624527787871,94.78545475609948
659,2020-05-12T19:10:43,2020-05-12T19:40:23,179,22.4,49.6,27.200000000000003,34.6105555,127.24468933823528,29.66666603088379,64.65,21.5,130.34274193548387,-69.9988825698324,-69.89999,35.857541899441344,39.0,127.24468933823528,127.24469112540851,0,0,94.77253275402741,94.77253275402741,94.7725340851237
660,2020-05-12T19:40:34,2020-05-12T20:11:34,187,50.0,79.2,29.200000000000003,36.16638886111111,123.85749609969557,31.0,103.39,34.39,130.5429292929293,-69.99946518716577,-69.89999,38.74331550802139,40.0,123.85749609969557,127.24469112540851,0,0,92.24973291213833,92.24973291213833,94.7725340851237
661,2020-05-12T20:11:45,2020-05-12T20:37:45,157,79.2,97.6,18.39999999999999,23.540277361111112,127.93629000603872,26.0,127.36,42.37,130.49180327868854,-54.245221974522295,-14.0,39.90127388535032,41.0,127.93629000603872,127.26203883910341,0,0,95.28764067156006,95.28764067156006,94.78545475609948
663,2020-05-13T08:10:53,2020-05-13T08:49:23,232,25.2,61.6,36.400000000000006,45.39209244444446,124.70355067155069,38.5,80.3,26.71,130.35714285714286,-70.74053142241381,-70.60001,34.07327586206897,37.0,124.70355067155069,127.26203883910341,0,0,92.87987893269009,92.87987893269009,94.78545475609948
664,2020-05-13T08:49:34,2020-05-13T09:16:04,160,61.6,86.0,24.4,31.2690345138889,128.15178079462663,26.5,112.26,37.34,130.53488372093025,-70.79751525000002,-70.70001,37.06875,39.0,128.15178079462663,127.26203883910341,0,0,95.44813937626712,95.44813937626712,94.78545475609948
665,2020-05-13T09:16:15,2020-05-13T09:34:05,108,86.4,97.6,11.199999999999989,14.794166319444447,132.09077070932554,17.83333396911621,127.31,42.34,130.4405737704918,-49.85648037037036,-46.39999,38.0,39.0,132.09077070932554,127.31529360084605,0,0,98.38192036665706,98.38192036665706,94.82511919064532
666,2020-05-13T15:58:33,2020-05-13T16:18:03,118,66.0,84.0,18.0,22.87513754166666,127.08409745370368,19.5,109.63,36.46,130.51190476190476,-70.38474169491526,-70.30002,35.970338983050844,38.0,127.08409745370368,127.31529360084605,0,0,94.65292304995288,94.65292304995288,94.82511919064532
668,2020-05-14T01:30:12,2020-05-14T01:53:12,139,8.400001,18.0,9.599999,12.005141402777777,125.05356930534865,23.0,23.26,7.74,129.22222222222223,-31.318711654676257,-30.60001,31.964028776978417,33.0,125.05356930534865,127.29794767432438,0,0,93.14057470403155,93.14057470403155,94.81219985076581
669,2020-05-14T01:53:23,2020-05-14T02:20:43,165,18.0,28.8,10.8,13.732363125,127.15151041666664,27.33333396911621,37.46,12.46,130.06944444444443,-30.143640787878784,-29.39999,31.842424242424244,33.0,127.15151041666664,127.29794767432438,0,0,94.70313258933467,94.70313258933467,94.81219985076581
670,2020-05-14T02:20:54,2020-05-14T02:52:24,190,29.2,41.2,12.000000000000004,15.274447583333332,127.2870631944444,31.5,53.62,17.83,130.14563106796115,-29.093690157894734,-28.5,32.48421052631579,34.0,127.2870631944444,127.26587805351306,0,0,94.80409303128832,94.80409303128832,94.78831422375416
671,2020-05-14T02:52:35,2020-05-14T03:24:15,191,41.2,53.6,12.399999999999999,14.875975263888888,119.96754245071685,31.66666603088379,69.82,23.23,130.2611940298507,-28.185346073298433,-27.60001,33.39528795811518,35.0,119.96754245071685,127.24469112540851,0,0,89.35247439764325,89.35247439764325,94.7725340851237
672,2020-05-14T03:24:26,2020-05-14T03:53:52,178,53.6,64.4,10.800000000000004,13.318558269444445,123.31998397633741,29.433332443237305,83.92,27.91,130.31055900621118,-27.15056741573034,-26.80002,34.0,35.0,123.31998397633741,127.24469112540851,0,0,91.84939097581407,91.84939097581407,94.7725340851237
673,2020-05-14T03:54:03,2020-05-14T04:25:03,187,64.4,75.6,11.199999999999989,13.767226708333332,122.92166703869059,31.0,98.59,32.79,130.41005291005294,-26.645997967914436,-26.39999,34.0,35.0,122.92166703869059,127.24469112540851,0,0,91.55272236657039,91.55272236657039,94.7725340851237
674,2020-05-14T04:25:14,2020-05-14T04:55:04,180,75.6,86.0,10.400000000000006,13.059309166666669,125.57028044871791,29.83333396911621,112.16,37.31,130.41860465116278,-26.26445166666667,-26.0,34.0,35.0,125.57028044871791,127.24469112540851,0,0,93.5254239579691,93.5254239579691,94.7725340851237
675,2020-05-14T04:55:15,2020-05-14T05:26:55,191,86.0,96.4,10.400000000000006,13.629586972222226,131.0537208867521,31.66666603088379,125.76,41.83,130.4564315352697,-25.824614240837704,-25.60001,33.56282722513089,35.0,131.0537208867521,127.24469112540851,0,0,97.60952005047453,97.60952005047453,94.7725340851237
678,2020-05-14T19:49:26,2020-05-14T20:21:26,193,16.8,35.6,18.8,24.09528311111112,128.1663995271868,32.0,46.32,15.41,130.1123595505618,-45.17876647668393,-45.10001,33.7720207253886,35.0,128.1663995271868,127.24469112540851,0,0,95.45902748733553,95.45902748733553,94.7725340851237
679,2020-05-14T20:21:37,2020-05-14T20:50:07,172,35.6,53.2,17.6,21.459726972222224,121.93026688762626,28.5,69.26,23.04,130.18796992481202,-45.17849837209303,-45.10001,35.44767441860465,37.0,121.93026688762626,127.24469112540851,0,0,90.81432217259972,90.81432217259972,94.7725340851237
680,2020-05-14T20:50:18,2020-05-14T21:23:48,202,53.2,73.2,20.0,25.23611669444445,126.18058347222225,33.5,95.50999,31.77,130.47812841530055,-45.1990199009901,-45.10001,36.886138613861384,38.0,126.18058347222225,127.19809987745096,0,0,93.97998095037292,93.97998095037292,94.73783267168105
684,2020-05-14T22:17:51,2020-05-14T22:39:41,132,85.6,97.6,12.0,15.53444779166667,129.45373159722226,21.83333396911621,127.36,42.37,130.49180327868854,-42.59091825757576,-14.0,37.0,38.0,129.45373159722226,127.19809987745096,0,0,96.41783937494557,96.41783937494557,94.73783267168105
685,2020-05-15T13:48:59,2020-05-15T14:16:19,165,23.6,37.6,14.0,17.88666715,127.76190821428571,27.33333396911621,48.9,16.26,130.0531914893617,-39.161819236363634,-5.0,34.333333333333336,36.0,127.76190821428571,127.19809987745096,0,0,95.15776017001168,95.15776017001168,94.73783267168105
686,2020-05-15T14:16:30,2020-05-15T14:45:00,172,37.6,52.8,15.199999999999996,19.0,125.00000000000003,28.5,68.77,22.87,130.2462121212121,-40.0,-40.0,35.71511627906977,37.0,125.00000000000003,127.19809987745096,0,0,93.10067599570694,93.10067599570694,94.73783267168105
687,2020-05-15T14:45:11,2020-05-15T15:10:21,152,52.8,66.4,13.600000000000009,16.77777777777778,123.36601307189535,25.16666603088379,86.58,28.8,130.39156626506022,-40.0,-40.0,36.94736842105263,38.0,123.36601307189535,127.13541515151513,0,0,91.8836736951094,91.8836736951094,94.6911447488072
688,2020-05-15T15:10:32,2020-05-15T15:34:22,144,66.4,79.2,12.799999999999997,15.88888888888889,124.13194444444447,23.83333396911621,103.36,34.38,130.5050505050505,-40.0,-40.0,37.0,38.0,124.13194444444447,127.10170867003366,0,0,92.45414352351453,92.45414352351453,94.6660399791163
689,2020-05-15T15:34:33,2020-05-15T16:07:03,196,79.2,96.0,16.799999999999997,21.666111055555554,128.96494675925925,32.5,125.28,41.68,130.5,-39.998979489795914,-39.89999,37.0,38.0,128.96494675925925,127.10170867003366,0,0,96.0537897842991,96.0537897842991,94.6660399791163
691,2020-05-16T01:12:49,2020-05-16T01:33:39,126,24.0,43.2,19.200000000000003,24.40847330555556,127.12746513310185,20.83333396911621,56.29,18.72,130.3009259259259,-70.29524111111111,-69.89999,36.17063492063492,38.0,127.12746513310185,127.10170867003366,0,0,94.68522353209956,94.68522353209956,94.6660399791163
692,2020-05-16T01:33:50,2020-05-16T02:02:10,171,43.2,70.0,26.799999999999997,33.244162027777776,124.04538070066336,28.33333396911621,91.41,30.41,130.5857142857143,-70.39940538011696,-70.30002,38.53216374269006,41.0,124.04538070066336,127.10170867003366,0,0,92.3896703790126,92.3896703790126,94.6660399791163
693,2020-05-16T02:02:21,2020-05-16T02:33:21,187,70.0,95.2,25.200000000000003,32.07069105555556,127.26464704585538,31.0,124.25,41.33,130.51470588235293,-62.05133032085562,-45.89999,39.5,41.0,127.26464704585538,127.10170867003366,0,0,94.78739736259345,94.78739736259345,94.6660399791163
696,2020-05-16T14:22:49,2020-05-16T14:57:09,207,28.0,50.8,22.799999999999997,28.66833905555556,125.73832919103317,34.33333206176758,66.2,22.02,130.31496062992127,-50.10001,-50.10001,36.7463768115942,39.0,125.73832919103317,127.10170867003366,0,0,93.65058757004734,93.65058757004734,94.6660399791163
697,2020-05-16T14:57:20,2020-05-16T15:29:00,191,51.2,72.4,21.200000000000003,26.441671944444444,124.72486766247378,31.66666603088379,94.42,31.4,130.41436464088397,-50.100010000000005,-50.10001,38.782722513089006,40.0,124.72486766247378,127.10170867003366,0,0,92.89575594281116,92.89575594281116,94.6660399791163
698,2020-05-16T15:29:11,2020-05-16T16:00:11,187,72.4,92.8,20.39999999999999,25.57180995833334,125.3520095996733,31.0,121.07,40.27,130.46336206896552,-49.4861047593583,-46.0,39.43850267379679,40.0,125.3520095996733,127.04618099429369,0,0,93.3628546491994,93.3628546491994,94.6246826659334
701,2020-05-17T13:01:30,2020-05-17T13:29:30,169,46.8,72.8,26.0,32.665416541666666,125.63621746794871,28.0,94.93,31.58,130.39835164835165,-69.99704112426036,-69.89999,33.61538461538461,35.0,125.63621746794871,126.90072167716414,0,0,93.57453420647734,93.57453420647734,94.51634377989632
702,2020-05-17T13:29:41,2020-05-17T13:55:31,156,72.8,94.0,21.200000000000003,26.403475500000003,124.54469575471698,25.83333396911621,122.61,40.78,130.43617021276597,-61.301289615384626,-45.5,35.28525641025641,36.0,124.54469575471698,126.90072167716414,0,0,92.76156293155042,92.76156293155042,94.51634377989632
704,2020-05-17T21:06:09,2020-05-17T21:28:59,138,41.6,55.2,13.600000000000001,17.08763916666667,125.6444056372549,22.83333396911621,71.93999,23.93,130.3260688405797,-44.79855152173913,-16.30002,34.15942028985507,36.0,125.6444056372549,126.90072167716414,0,0,93.58063279925793,93.58063279925793,94.51634377989632
705,2020-05-17T21:29:10,2020-05-17T22:03:40,208,55.2,75.6,20.39999999999999,25.875,126.83823529411771,34.5,98.67,32.82,130.51587301587304,-45.0,-45.0,35.39663461538461,37.0,126.83823529411771,126.81570705678115,0,0,94.46980358387913,94.46980358387913,94.45302443087891
706,2020-05-17T22:03:51,2020-05-17T22:32:31,173,76.0,92.8,16.799999999999997,21.505000499999998,128.00595535714285,28.66666603088379,121.12,40.29,130.51724137931035,-45.010405664739885,-45.0,35.5,37.0,128.00595535714285,126.81570705678115,0,0,95.33952780181025,95.33952780181025,94.45302443087891
709,2020-05-18T03:58:33,2020-05-18T04:33:23,210,52.0,72.4,20.400000000000006,26.13430648611111,128.10934552015246,34.83333206176758,94.42,31.4,130.41436464088397,-45.0161920952381,-45.0,32.63095238095238,34.0,128.10934552015246,126.81570705678115,0,0,95.41653335435025,95.41653335435025,94.45302443087891
710,2020-05-18T04:33:34,2020-05-18T05:02:44,176,72.4,89.6,17.19999999999999,21.90958679166667,127.38131855620166,29.16666603088379,116.91,38.89,130.47991071428572,-45.07102982954545,-45.0,33.22159090909091,35.0,127.38131855620166,126.81570705678115,0,0,94.87429493445488,94.87429493445488,94.45302443087891
713,2020-05-18T17:08:19,2020-05-18T17:35:19,163,15.2,40.4,25.2,31.538752555555554,125.1537799823633,27.0,52.6,17.5,130.19801980198022,-70.08589521472392,-69.80002,34.65644171779141,37.0,125.1537799823633,126.81570705678115,0,0,93.21521215820798,93.21521215820798,94.45302443087891
714,2020-05-18T17:35:30,2020-05-18T18:03:30,169,40.4,66.8,26.4,32.689724041666665,123.8247122790404,28.0,87.18,29.0,130.50898203592817,-70.04970804733728,-69.80002,37.71301775147929,40.0,123.8247122790404,126.81570705678115,0,0,92.22531534522058,92.22531534522058,94.45302443087891
715,2020-05-18T18:03:41,2020-05-18T18:31:41,169,67.2,91.6,24.39999999999999,30.832501541666666,126.36271123633884,28.0,119.47,39.74,130.42576419213975,-66.02189686390533,-45.70001,39.40828402366864,41.0,126.36271123633884,126.81570705678115,0,0,94.11563069402766,94.11563069402766,94.45302443087891
718,2020-05-19T19:44:40,2020-05-19T20:10:50,158,40.8,58.4,17.6,21.715007500000002,123.38072443181818,26.16666603088379,76.06,25.3,130.23972602739727,-49.79242227848101,-49.70001,36.063291139240505,38.0,123.38072443181818,126.5779450278917,0,0,91.89463079553845,91.89463079553845,94.27593798595319
719,2020-05-19T20:11:01,2020-05-19T20:37:11,158,58.4,75.6,17.199999999999996,21.709868986111115,126.22016852390186,26.16666603088379,98.68999,32.83,130.54231481481483,-49.780397784810134,-49.70001,37.0,38.0,126.22016852390186,126.31583928294219,0,0,94.0094641109385,94.0094641109385,94.08072020965592
720,2020-05-19T20:37:22,2020-05-19T21:06:22,175,75.6,94.0,18.400000000000006,23.678202374999998,128.68588247282605,29.0,122.65,40.8,130.47872340425533,-48.9823021142857,-45.70001,37.0,38.0,128.68588247282605,126.31583928294219,0,0,95.84594119459359,95.84594119459359,94.08072020965592
722,2020-05-20T18:20:02,2020-05-20T18:42:22,135,10.4,25.2,14.799999999999999,18.504580847222226,125.03095167042045,22.33333396911621,32.72,10.88,129.84126984126985,-49.5303637037037,0.0,34.6037037037037,36.0,125.03095167042045,126.2445679267237,0,0,93.12372896722164,93.12372896722164,94.02763691811134
723,2020-05-20T18:42:33,2020-05-20T19:15:33,199,25.2,46.8,21.599999999999998,27.447216944444445,127.07044881687246,33.0,61.01,20.29,130.36324786324786,-49.904010502512556,-49.89999,35.41708542713568,37.0,127.07044881687246,126.2445679267237,0,0,94.64275747142962,94.64275747142962,94.02763691811134
724,2020-05-20T19:15:44,2020-05-20T19:45:04,177,47.2,66.8,19.599999999999994,24.396939805555554,124.47418268140592,29.33333396911621,87.11,28.98,130.40419161676647,-49.90281536723164,-49.80002,37.22598870056497,39.0,124.47418268140592,126.2445679267237,0,0,92.70904441321605,92.70904441321605,94.02763691811134
725,2020-05-20T19:45:15,2020-05-20T20:17:05,192,66.8,87.6,20.799999999999997,26.475550333333334,127.28629967948721,31.83333396911621,114.29,38.02,130.46803652968038,-49.901552656250004,-49.89999,37.5,39.0,127.28629967948721,126.29143988012035,0,0,94.80352436121913,94.80352436121913,94.06254740248308
726,2020-05-20T20:17:16,2020-05-20T20:33:46,100,88.0,97.6,9.599999999999994,12.826531375000004,133.60970182291678,16.5,127.4,42.38,130.5327868852459,-46.65401299999999,-45.70001,37.5,39.0,133.60970182291678,126.29143988012035,0,0,99.51322847438709,99.51322847438709,94.06254740248308
731,2020-05-22T08:59:55,2020-05-22T09:21:55,133,35.6,52.8,17.199999999999996,22.033057791666668,128.09917320736437,22.0,68.82,22.89,130.34090909090907,-60.090231654135344,-59.80002,29.195488721804512,31.0,128.09917320736437,126.29143988012035,0,0,95.40895696077418,95.40895696077418,94.06254740248308
732,2020-05-22T09:22:06,2020-05-22T09:55:56,204,53.2,80.4,27.200000000000003,33.85514034722222,124.46742774714049,33.83333206176758,104.88,34.88,130.44776119402982,-60.03823784313726,-59.80002,31.198529411764707,33.0,124.46742774714049,126.20037599806206,0,0,92.70401330164471,92.70401330164471,93.99472253065571
733,2020-05-22T09:56:07,2020-05-22T10:26:47,185,80.4,97.6,17.19999999999999,21.147085777777775,122.94817312661506,30.66666603088379,127.29,42.34,130.42008196721312,-41.351356108108114,-13.70001,32.36756756756757,33.0,122.94817312661506,125.9594563316277,0,0,91.57246424420056,91.57246424420056,93.81528426021012
734,2020-05-22T17:12:31,2020-05-22T17:30:21,108,52.8,69.2,16.400000000000006,20.566808611111117,125.4073695799458,17.83333396911621,90.32,30.05,130.52023121387282,-69.19630657407407,-69.10001,33.72222222222222,35.0,125.4073695799458,125.9594563316277,0,0,93.40408706189123,93.40408706189123,93.81528426021012
735,2020-05-22T17:30:32,2020-05-22T17:52:29,134,69.2,89.2,20.0,25.040074418055557,125.20037209027778,21.950000762939453,116.38,38.71,130.4708520179372,-68.37389417910448,-46.10001,34.61194029850746,36.0,125.20037209027778,125.69136741414404,0,0,93.2499142121512,93.2499142121512,93.61561018465264
737,2020-05-23T03:16:16,2020-05-23T03:35:46,118,30.4,48.4,18.0,22.766668305555555,126.48149058641975,19.5,62.99,20.95,130.14462809917356,-70.05085245762712,-70.0,32.38559322033898,35.0,126.48149058641975,125.9594563316277,0,0,94.20409819632256,94.20409819632256,93.81528426021012
738,2020-05-23T03:35:57,2020-05-23T04:06:37,185,48.4,76.8,28.4,35.780139125000005,125.98640536971834,30.66666603088379,100.3,33.36,130.59895833333331,-70.00432475675676,-69.89999,34.8972972972973,37.0,125.98640536971834,125.86236728037576,0,0,93.8353560495195,93.8353560495195,93.74297180978343
739,2020-05-23T04:06:48,2020-05-23T04:32:48,157,77.2,96.4,19.200000000000003,25.013333,130.27777604166664,26.0,125.83,41.86,130.52904564315352,-57.72483999999999,-45.80002,36.0,37.0,130.27777604166664,125.86236728037576,0,0,97.03159213357179,97.03159213357179,93.74297180978343
743,2020-05-23T10:39:44,2020-05-23T11:03:04,141,46.8,68.4,21.60000000000001,27.192222416666667,125.88991859567896,23.33333396911621,89.24,29.68,130.46783625730993,-69.92269560283688,-69.70001,33.56382978723404,35.0,125.88991859567896,125.81412389335607,0,0,93.76349217841782,93.76349217841782,93.70703987423258
744,2020-05-23T11:03:15,2020-05-23T11:23:25,122,68.4,86.8,18.39999999999999,23.499167388888896,127.71286624396146,20.16666603088379,113.36,37.71,130.59907834101384,-69.91393655737706,-69.60001,34.778688524590166,36.0,127.71286624396146,125.93816198269866,0,0,95.12123344529688,95.12123344529688,93.79942411396866
747,2020-05-23T17:14:45,2020-05-23T17:45:15,184,61.2,89.2,28.0,35.54652898611111,126.9518892361111,30.5,116.5,38.75,130.60538116591928,-69.92826326086957,-69.70001,36.26902173913044,38.0,126.9518892361111,125.93816198269866,0,0,94.55445365451241,94.55445365451241,93.79942411396866
750,2020-05-24T00:37:41,2020-05-24T01:06:01,171,53.2,79.2,26.0,33.100421152777784,127.30931212606839,28.33333396911621,103.31,34.37,130.4419191919192,-70.09474631578948,-70.0,35.26315789473684,37.0,127.30931212606839,125.93816198269866,0,0,94.82066415588332,94.82066415588332,93.79942411396866
751,2020-05-24T01:06:12,2020-05-24T01:31:32,153,79.6,97.6,18.0,23.361810736111114,129.78783742283952,25.33333396911621,127.42,42.39,130.55327868852459,-55.34772470588237,-45.70001,36.20261437908497,38.0,129.78783742283952,126.0834944209703,0,0,96.66668320069813,96.66668320069813,93.90766849994621
753,2020-05-24T06:12:37,2020-05-24T06:40:17,167,63.2,88.4,25.200000000000003,32.397082375000004,128.55985069444446,27.66666603088379,115.42,38.39,130.5656108597285,-70.18742311377245,-46.30002,34.191616766467064,36.0,128.55985069444446,126.20037599806206,0,0,95.75207204447945,95.75207204447945,93.99472253065571
755,2020-05-24T15:20:20,2020-05-24T15:45:00,149,44.8,67.2,22.400000000000006,28.46153315277778,127.06041586061505,24.66666603088379,87.61,29.14,130.3720238095238,-69.2308855704698,-69.20001,34.91275167785235,37.0,127.06041586061505,126.29143988012035,0,0,94.63528487135122,94.63528487135122,94.06254740248308
756,2020-05-24T15:45:11,2020-05-24T16:07:41,136,67.2,87.6,20.39999999999999,25.96583866666667,127.28352287581707,22.5,114.43,38.06,130.62785388127855,-69.24192595588235,-69.20001,36.47794117647059,38.0,127.28352287581707,126.42210091137929,0,0,94.80145618282876,94.80145618282876,94.15986444517512
759,2020-05-24T21:45:03,2020-05-24T22:14:53,180,56.4,84.0,27.6,35.32805805555555,128.00021034621577,29.83333396911621,109.68,36.48,130.57142857142858,-71.05056055555555,-71.0,35.56666666666667,37.0,128.00021034621577,126.42210091137929,0,0,95.33524888660293,95.33524888660293,94.15986444517512
760,2020-05-24T22:15:04,2020-05-24T22:34:44,119,84.4,97.6,13.199999999999989,17.27875268055556,130.89964151936042,19.66666603088379,127.39,42.37,130.52254098360655,-52.7672351260504,-46.80002,36.02521008403362,38.0,130.89964151936042,126.42210091137929,0,0,97.49476090438527,97.49476090438527,94.15986444517512
762,2020-05-25T14:58:03,2020-05-25T15:23:23,153,30.0,54.0,24.0,29.61986536111112,123.41610567129634,25.33333396911621,70.45,23.43,130.46296296296296,-70.15229764705883,-70.10001,34.12091503267974,36.0,123.41610567129634,126.42210091137929,0,0,91.9209829340423,91.9209829340423,94.15986444517512
763,2020-05-25T15:23:34,2020-05-25T15:56:04,196,54.0,84.4,30.400000000000006,37.975144194444454,124.91823748172516,32.5,110.22,36.66,130.59241706161137,-70.10817306122449,-70.0,36.77040816326531,38.0,124.91823748172516,126.42210091137929,0,0,93.03977882992692,93.03977882992692,94.15986444517512
764,2020-05-25T15:56:15,2020-05-25T16:13:35,105,84.4,96.4,12.0,14.859722583333335,123.83102152777779,17.33333396911621,125.76,41.83,130.4564315352697,-51.50000123809523,-45.89999,37.523809523809526,39.0,123.83102152777779,126.29143988012035,0,0,92.23001450780039,92.23001450780039,94.06254740248308
765,2020-05-25T21:46:24,2020-05-25T22:07:44,129,32.8,52.4,19.6,24.873750708333336,126.90689136904763,21.33333396911621,68.37,22.74,130.47709923664124,-69.95659116279069,-69.70001,36.651162790697676,39.0,126.90689136904763,126.29143988012035,0,0,94.52093899977663,94.52093899977663,94.06254740248308
766,2020-05-25T22:07:55,2020-05-25T22:32:45,150,52.4,75.2,22.800000000000004,28.916390916666675,126.82627595029241,24.83333396911621,98.03,32.6,130.3590425531915,-69.86600486666667,-69.60001,38.36333333333334,40.0,126.82627595029241,126.42210091137929,0,0,94.46089619992233,94.46089619992233,94.15986444517512
767,2020-05-25T22:32:56,2020-05-25T22:59:36,161,75.6,96.0,20.400000000000006,26.27097440277778,128.77928628812634,26.66666603088379,125.28,41.68,130.5,-59.10186826086957,-45.60001,39.16770186335404,41.0,128.77928628812634,126.65388326835608,0,0,95.91550886135387,95.91550886135387,94.33249719812244
771,2020-05-26T13:02:35,2020-05-26T13:29:35,163,40.4,65.2,24.800000000000004,31.463612138888895,126.8694037858423,27.0,84.96,28.26,130.30674846625766,-69.91779374233128,-69.70001,35.4601226993865,37.0,126.8694037858423,126.83225562220505,0,0,94.49301804507373,94.49301804507373,94.46534989190073
772,2020-05-26T13:29:46,2020-05-26T13:58:16,172,65.6,90.4,24.80000000000001,31.630279388888894,127.54144914874549,28.5,118.02,39.26,130.55309734513273,-66.5389568604651,-45.60001,37.33720930232558,39.0,127.54144914874549,126.83225562220505,0,0,94.99356106576226,94.99356106576226,94.46534989190073
775,2020-05-27T01:09:28,2020-05-27T01:41:55,196,27.6,58.0,30.4,37.82643139305556,124.42905063505118,32.45000076293945,75.61,25.15,130.36206896551724,-69.94030775510204,-69.70001,35.35204081632653,39.0,124.42905063505118,126.65388326835608,0,0,92.67542982101848,92.67542982101848,94.33249719812244
776,2020-05-27T01:42:06,2020-05-27T02:11:16,176,58.4,85.2,26.800000000000004,33.99236281944445,126.83717469941959,29.16666603088379,111.24,37.0,130.56338028169014,-69.92727619318181,-69.70001,37.9375,40.0,126.83717469941959,126.831725324856,0,0,94.46901364721231,94.46901364721231,94.46495492356732
777,2020-05-27T02:11:27,2020-05-27T02:30:37,116,85.6,97.6,12.0,15.515141208333333,129.29284340277778,19.16666603088379,127.37,42.37,130.50204918032787,-48.511214137931034,-13.70001,38.5,40.0,129.29284340277778,126.831725324856,0,0,96.2980089776455,96.2980089776455,94.46495492356732
779,2020-05-27T11:15:34,2020-05-27T11:43:14,167,66.4,90.4,24.0,30.644452500000007,127.68521875000003,27.66666603088379,117.91,39.22,130.43141592920352,-66.40301149700598,-45.20001,33.4940119760479,35.0,127.68521875000003,126.83770499676865,0,0,95.10064144227772,95.10064144227772,94.46940861554572
782,2020-05-27T19:27:41,2020-05-27T19:55:11,166,26.8,54.0,27.2,33.90888994444445,124.66503656045751,27.5,70.49,23.45,130.537037037037,-73.98253246987952,-73.70001,36.274096385542165,39.0,124.66503656045751,126.83770499676865,0,0,92.85119341446489,92.85119341446489,94.46940861554572
783,2020-05-27T19:55:22,2020-05-27T20:27:42,195,54.4,86.0,31.6,39.855002944444436,126.12342703938113,32.33333206176758,112.28,37.35,130.55813953488374,-73.95795415384616,-73.60001,38.751282051282054,40.0,126.12342703938113,126.83770499676865,0,0,93.93741053009282,93.93741053009282,94.46940861554572
784,2020-05-27T20:27:53,2020-05-27T20:46:13,111,86.4,97.6,11.199999999999989,14.673475083333336,131.0131703869049,18.33333396911621,127.4,42.38,130.5327868852459,-47.98289225225225,-13.5,39.049549549549546,40.0,131.0131703869049,126.85381953998001,0,0,97.57931781889262,97.57931781889262,94.48141081447642
786,2020-05-28T01:18:41,2020-05-28T01:56:27,229,67.6,97.6,30.0,38.44178063333334,128.1392687777778,37.766666412353516,127.37,42.37,130.50204918032787,-61.113105021834066,-45.60001,37.41048034934498,39.0,128.1392687777778,126.88814757744495,0,0,95.43882035845355,95.43882035845355,94.50697852242519
787,2020-05-28T21:41:04,2020-05-28T22:37:55,427,55.6,97.6,41.99999999999999,53.77197702916667,128.02851673611113,56.849998474121094,127.37,42.37,130.50204918032787,-56.744267377049184,-45.70001,34.34426229508197,36.0,128.02851673611113,126.92939030257936,0,0,95.35633163887698,95.35633163887698,94.53769632714452
789,2020-05-29T11:29:29,2020-05-29T11:56:29,163,36.8,46.4,9.600000000000001,11.745004500000004,122.34379687500002,27.0,60.39,20.08,130.15086206896552,-26.100010000000005,-26.10001,32.24233128834356,33.0,122.34379687500002,126.92939030257936,0,0,91.12232154355166,91.12232154355166,94.53769632714452
790,2020-05-29T11:56:40,2020-05-29T12:26:00,177,46.4,56.8,10.399999999999999,12.760004888888894,122.69235470085476,29.33333396911621,74.01,24.62,130.2992957746479,-26.100010000000005,-26.10001,33.155367231638415,34.0,122.69235470085476,126.88814757744495,0,0,91.38192929723704,91.38192929723704,94.50697852242519
791,2020-05-29T12:26:11,2020-05-29T12:51:11,151,57.2,66.0,8.799999999999997,10.87500416666667,123.5795928030304,25.0,86.03,28.62,130.34848484848484,-26.10001,-26.10001,33.5,34.0,123.5795928030304,126.85328924263095,0,0,92.04274903389062,92.04274903389062,94.48101584614301
792,2020-05-29T12:51:22,2020-05-29T13:22:32,188,66.0,76.8,10.799999999999997,13.557505194444449,125.5324555041153,31.16666603088379,100.14,33.31,130.390625,-26.100010000000005,-26.10001,33.5,34.0,125.5324555041153,126.831725324856,0,0,93.49725173467309,93.49725173467309,94.46495492356732
793,2020-05-29T13:22:43,2020-05-29T13:51:33,174,76.8,86.8,10.0,12.542504805555561,125.4250480555556,28.83333396911621,113.23,37.66,130.44930875576037,-26.100010000000008,-26.10001,33.5,34.0,125.4250480555556,126.831725324856,0,0,93.41725408613001,93.41725408613001,94.46495492356732
795,2020-05-29T14:01:40,2020-05-29T14:25:00,141,90.0,97.6,7.599999999999994,10.150003888888891,133.55268274853813,23.33333396911621,127.36,42.37,130.49180327868854,-26.100010000000005,-26.10001,33.5,34.0,133.55268274853813,126.85328924263095,0,0,99.47076035943269,99.47076035943269,94.48101584614301
797,2020-05-30T03:17:07,2020-05-30T03:38:57,132,14.8,30.0,15.2,18.995003638888893,124.9671292032164,21.83333396911621,38.93,12.95,129.76666666666668,-52.200010000000006,-52.20001,32.04545454545455,33.0,124.9671292032164,126.85328924263095,0,0,93.07619364849835,93.07619364849835,94.48101584614301
798,2020-05-30T03:39:08,2020-05-30T04:12:08,199,30.0,52.8,22.799999999999997,28.7100055,125.92107675438598,33.0,68.84,22.9,130.37878787878788,-52.20001,-52.20001,33.71105527638191,36.0,125.92107675438598,126.85328924263095,0,0,93.78669894352505,93.78669894352505,94.48101584614301
799,2020-05-30T04:12:19,2020-05-30T04:40:19,169,52.8,72.4,19.60000000000001,24.36000466666667,124.28573809523805,28.0,94.47,31.43,130.48342541436463,-52.20001,-52.20001,35.73668639053255,37.0,124.28573809523805,126.85328924263095,0,0,92.56868986633636,92.56868986633636,94.48101584614301
800,2020-05-30T04:40:30,2020-05-30T05:14:10,203,72.8,95.6,22.799999999999997,29.29000561111112,128.46493689083826,33.66666793823242,124.77,41.5,130.51255230125523,-52.200010000000006,-52.20001,36.19458128078818,38.0,128.46493689083826,126.85328924263095,0,0,95.68137973026296,95.68137973026296,94.48101584614301
803,2020-05-30T16:11:46,2020-05-30T16:42:46,187,30.8,49.6,18.8,23.353338500000003,124.21988563829788,31.0,64.57,21.48,130.1814516129032,-45.200010000000006,-45.20001,34.144385026737964,36.0,124.21988563829788,126.85328924263095,0,0,92.51964260027951,92.51964260027951,94.48101584614301
804,2020-05-30T16:42:57,2020-05-30T17:10:57,169,49.6,66.8,17.199999999999996,21.093338000000003,122.63568604651168,28.0,87.11,28.98,130.40419161676647,-45.20001000000001,-45.20001,35.319526627218934,37.0,122.63568604651168,126.831725324856,0,0,91.33972217702015,91.33972217702015,94.46495492356732
805,2020-05-30T17:11:08,2020-05-30T17:40:38,178,66.8,84.4,17.60000000000001,22.22333825000001,126.26896732954545,29.5,110.06,36.61,130.4028436018957,-45.20001000000001,-45.20001,35.5,37.0,126.26896732954545,126.831725324856,0,0,94.0458097252841,94.0458097252841,94.46495492356732
806,2020-05-30T17:40:49,2020-05-30T18:03:39,138,84.4,97.6,13.199999999999989,17.20111491666667,130.31147664141426,22.83333396911621,127.37,42.37,130.50204918032787,-45.200010000000006,-45.20001,35.5,37.0,130.31147664141426,126.831725324856,0,0,97.05669252251552,97.05669252251552,94.46495492356732
808,2020-05-31T04:44:16,2020-05-31T05:14:36,183,8.8,26.8,18.0,22.699439388888887,126.10799660493826,30.33333396911621,34.81,11.57,129.88805970149255,-44.899989999999995,-44.89999,32.131147540983605,34.0,126.10799660493826,126.65388326835608,0,0,93.92591785907253,93.92591785907253,94.33249719812244
809,2020-05-31T05:14:47,2020-05-31T05:47:27,197,26.8,46.4,19.599999999999998,24.445550111111107,124.72219444444444,32.66666793823242,60.49,20.12,130.36637931034485,-44.89999,-44.89999,33.78934010152284,36.0,124.72219444444444,126.3752289579826,0,0,92.89376491556624,92.89376491556624,94.12495396080334
810,2020-05-31T05:47:38,2020-05-31T06:17:08,178,46.4,64.4,18.000000000000007,22.07582841666666,122.64349120370362,29.5,84.04,27.95,130.4968944099379,-44.89999,-44.89999,35.668539325842694,37.0,122.64349120370362,126.3752289579826,0,0,91.34553550030674,91.34553550030674,94.12495396080334
811,2020-05-31T06:17:19,2020-05-31T06:47:29,182,64.4,82.4,18.0,22.57471719444444,125.41509552469134,30.16666603088379,107.46,35.75,130.4126213592233,-44.899989999999995,-44.89999,36.0,37.0,125.41509552469134,126.3752289579826,0,0,93.40984138731937,93.40984138731937,94.12495396080334
812,2020-05-31T06:47:40,2020-05-31T07:14:00,159,82.4,98.0,15.599999999999994,19.706106722222223,126.32119693732199,26.33333396911621,127.83,42.52,130.4387755102041,-44.899989999999995,-44.89999,36.905660377358494,38.0,126.32119693732199,126.40134376187086,0,0,94.084710619612,94.084710619612,94.14440440796727
813,2020-05-31T20:07:18,2020-05-31T20:34:18,163,28.8,54.4,25.599999999999998,31.59694851388889,123.42558013237847,27.0,70.91,23.58,130.34926470588235,-70.2153463803681,-70.0,31.616564417177916,34.0,123.42558013237847,126.40134376187086,0,0,91.92803956389383,91.92803956389383,94.14440440796727
814,2020-05-31T20:34:29,2020-05-31T21:03:49,177,54.4,81.6,27.199999999999996,34.317365388888895,126.1667845179739,29.33333396911621,106.5,35.42,130.51470588235296,-70.19435903954803,-69.89999,34.16101694915254,36.0,126.1667845179739,126.29508213343371,0,0,93.96970341462448,93.96970341462448,94.06526017244805
815,2020-05-31T21:04:00,2020-05-31T21:27:30,142,82.0,97.6,15.599999999999994,19.946669027777777,127.86326299857554,23.5,127.36,42.37,130.49180327868854,-50.86409056338029,-13.70001,35.0,36.0,127.86326299857554,126.5737364438072,0,0,95.23324976147394,95.23324976147394,94.27280340976716
816,2020-06-01T03:12:34,2020-06-01T03:30:24,108,66.8,82.8,16.0,20.807501138888895,130.0468821180556,17.83333396911621,107.99,35.92,130.42270531400968,-70.00648527777777,-69.70001,32.2037037037037,34.0,130.0468821180556,126.5737364438072,0,0,96.8596210905999,96.8596210905999,94.27280340976716
818,2020-06-01T15:05:00,2020-06-01T15:48:57,265,24.4,53.6,29.200000000000003,36.71414625555557,125.73337758751906,43.95000076293945,69.88,23.25,130.3731343283582,-50.04340626415095,-8.5,32.43396226415094,35.0,125.73337758751906,126.5737364438072,0,0,93.64689958897192,93.64689958897192,94.27280340976716
819,2020-06-01T15:49:08,2020-06-01T16:22:18,200,54.0,76.4,22.400000000000006,27.749172194444448,123.88023301091268,33.16666793823242,99.68999,33.16,130.48428010471204,-50.19951000000001,-50.10001,34.9325,36.0,123.88023301091268,126.29508213343371,0,0,92.26666748657325,92.26666748657325,94.06526017244805
820,2020-06-01T16:22:29,2020-06-01T16:53:19,186,76.4,96.0,19.599999999999994,25.085421805555562,127.98684594671208,30.83333396911621,125.28,41.68,130.5,-48.81130032258066,-46.10001,35.85215053763441,37.0,127.98684594671208,126.29508213343371,0,0,95.32529500957837,95.32529500957837,94.06526017244805
822,2020-06-02T03:00:40,2020-06-02T03:24:40,145,15.2,31.2,16.0,20.02917068055556,125.18231675347224,24.0,40.55,13.49,129.9679487179487,-50.03932041379311,-40.30002,30.155172413793103,32.0,125.18231675347224,126.21787592375966,0,0,93.23646649965578,93.23646649965578,94.0077565699543
823,2020-06-02T03:24:51,2020-06-02T03:53:51,175,31.2,50.8,19.599999999999998,24.215004833333335,123.54594302721091,29.0,66.15,22.0,130.21653543307087,-50.10001,-50.10001,32.011428571428574,34.0,123.54594302721091,126.1451057786775,0,0,92.01768649888344,92.01768649888344,93.95355697235865
824,2020-06-02T03:54:02,2020-06-02T04:23:42,179,50.8,70.8,20.0,24.771671611111117,123.85835805555558,29.66666603088379,92.32,30.71,130.3954802259887,-50.10001,-50.10001,34.01117318435754,36.0,123.85835805555558,126.1157118221597,0,0,92.2503749015243,92.2503749015243,93.93166419458268
825,2020-06-02T04:23:53,2020-06-02T04:57:23,202,70.8,92.8,22.0,27.670699291666672,125.77590587121215,33.5,121.04,40.26,130.43103448275863,-49.551988861386135,-46.0,34.75,36.0,125.77590587121215,126.01453667966211,0,0,93.67857488465803,93.67857488465803,93.85630840129879
828,2020-06-02T17:02:59,2020-06-02T17:30:49,168,28.8,48.8,19.999999999999996,25.551114722222223,127.75557361111115,27.83333396911621,63.58,21.15,130.28688524590163,-55.08036494047619,-55.0,33.31845238095238,36.0,127.75557361111115,126.01453667966211,0,0,95.15304212330994,95.15304212330994,93.85630840129879
829,2020-06-02T17:31:00,2020-06-02T17:59:40,173,49.2,70.4,21.200000000000003,26.319031555555558,124.1463752620545,28.66666603088379,91.81,30.53,130.4119318181818,-55.08671312138727,-55.0,35.71965317919075,37.0,124.1463752620545,125.84849131279907,0,0,92.46489167451185,92.46489167451185,93.73263691409154
830,2020-06-02T17:59:51,2020-06-02T18:32:31,197,70.4,93.2,22.799999999999997,29.007226472222225,127.22467750974661,32.66666793823242,121.55,40.43,130.41845493562232,-53.2644747715736,-46.0,36.857868020304565,38.0,127.22467750974661,125.84849131279907,0,0,94.75762783594577,94.75762783594577,93.73263691409154
832,2020-06-03T20:35:59,2020-06-03T20:54:49,114,54.0,67.6,13.599999999999994,17.31194740277778,127.29373090277782,18.83333396911621,88.21,29.34,130.48816568047337,-55.15264096491228,-55.0,31.407894736842106,32.0,127.29373090277782,126.01453667966211,0,0,94.80905917651378,94.80905917651378,93.85630840129879
833,2020-06-03T20:55:00,2020-06-03T21:21:20,159,68.0,86.8,18.799999999999997,24.2288935,128.87709308510642,26.33333396911621,113.25,37.67,130.47235023041475,-55.20504194968552,-55.20001,32.15408805031446,33.0,128.87709308510642,126.1157118221597,0,0,95.98835589268043,95.98835589268043,93.93166419458268
837,2020-06-04T02:52:24,2020-06-04T03:24:54,196,66.0,93.2,27.200000000000003,34.64875281944445,127.38512065972222,32.5,121.61,40.45,130.48283261802575,-63.93622964285714,-45.70001,34.88775510204081,36.0,127.38512065972222,126.1451057786775,0,0,94.87712676171864,94.87712676171864,93.95355697235865
840,2020-06-04T14:58:19,2020-06-04T15:27:39,177,13.6,40.4,26.799999999999997,34.30458701388889,128.00219035033172,29.33333396911621,52.54,17.48,130.04950495049505,-70.16780412429381,-69.89999,37.38135593220339,39.0,128.00219035033172,126.1451057786775,0,0,95.33672360437629,95.33672360437629,93.95355697235865
841,2020-06-04T15:27:50,2020-06-04T15:58:00,182,40.4,68.8,28.4,35.26972601388889,124.1891761052426,30.16666603088379,89.75,29.85,130.45058139534885,-70.14945807692307,-69.80002,40.16483516483517,42.0,124.1891761052426,126.1157118221597,0,0,92.49676997398383,92.49676997398383,93.93166419458268
842,2020-06-04T15:58:11,2020-06-04T16:26:21,170,68.8,92.4,23.60000000000001,30.221114736111115,128.055570915725,28.16666603088379,120.57,40.11,130.48701298701297,-64.33941947058824,-45.80002,41.46470588235294,43.0,128.055570915725,126.1157118221597,0,0,95.37648173816147,95.37648173816147,93.93166419458268
844,2020-06-05T01:25:14,2020-06-05T01:47:54,137,18.8,39.6,20.8,26.507915694444446,127.44190237713674,22.66666603088379,51.58,17.16,130.25252525252523,-69.91313613138686,0.0,36.35766423357664,39.0,127.44190237713674,126.1157118221597,0,0,94.91941809192255,94.91941809192255,93.93166419458268
845,2020-06-05T01:48:05,2020-06-05T02:17:15,176,40.0,67.6,27.599999999999994,34.253887194444445,124.10828693639293,29.16666603088379,88.09,29.3,130.31065088757398,-70.46533744318181,-70.39999,39.31818181818182,42.0,124.10828693639293,126.01453667966211,0,0,92.43652328357875,92.43652328357875,93.85630840129879
846,2020-06-05T02:17:26,2020-06-05T02:46:06,173,67.6,92.4,24.80000000000001,31.082778666666666,125.3337849462365,28.66666603088379,120.56,40.1,130.47619047619048,-65.01792092485547,-46.20001,40.858381502890175,43.0,125.3337849462365,126.01453667966211,0,0,93.3492808287614,93.3492808287614,93.85630840129879
849,2020-06-05T18:25:49,2020-06-05T18:54:59,176,33.6,60.8,27.199999999999996,34.071670805555556,125.26349560866015,29.16666603088379,79.28,26.37,130.39473684210526,-70.09034943181818,-70.0,35.00852272727273,38.0,125.26349560866015,125.84849131279907,0,0,93.2969289500122,93.2969289500122,93.73263691409154
850,2020-06-05T18:55:10,2020-06-05T19:21:50,161,61.2,85.6,24.39999999999999,31.146530958333337,127.64971704234979,26.66666603088379,111.72,37.16,130.51401869158877,-70.0795102484472,-70.0,36.90683229813665,39.0,127.64971704234979,125.84849131279907,0,0,95.07419957842781,95.07419957842781,93.73263691409154
851,2020-06-05T19:22:01,2020-06-05T19:40:31,112,86.0,97.6,11.599999999999994,15.099582791666668,130.16881716954032,18.5,127.36,42.37,130.49180327868854,-48.90892696428572,-13.80002,37.5,39.0,130.16881716954032,125.84849131279907,0,0,96.95043897636629,96.95043897636629,93.73263691409154
852,2020-06-06T19:12:55,2020-06-06T20:54:51,765,20.0,98.0,78.0,98.15653179166667,125.84170742521367,101.93333435058594,127.83,42.52,130.4387755102041,-57.73908732026145,0.0,32.58562091503268,36.0,125.84170742521367,125.88139208979982,0,0,93.7275842379309,93.7275842379309,93.75714159072797
853,2020-06-07T02:34:46,2020-06-07T04:20:10,791,19.6,98.0,78.4,99.19863422083334,126.52887017963435,105.4000015258789,127.83,42.52,130.4387755102041,-56.4644806068268,-45.60001,34.67256637168141,38.0,126.52887017963435,125.88139208979982,0,0,94.239386773576,94.239386773576,93.75714159072797
854,2020-06-07T22:10:54,2020-06-08T00:09:15,888,7.6,96.8,89.2,112.39556709861111,126.00399898947434,118.3499984741211,123.65,41.13,127.73760330578513,-56.97286622747748,-45.10001,33.640765765765764,37.0,126.00399898947434,125.88139208979982,0,0,93.84845987265946,93.84845987265946,93.75714159072797
855,2020-06-08T05:32:31,2020-06-08T06:00:51,171,35.6,62.4,26.799999999999997,33.331670361111115,124.37190433250417,28.33333396911621,79.64,26.49,127.62820512820512,-70.58421830409357,-70.39999,34.47076023391813,38.0,124.37190433250417,125.80880664821291,0,0,92.63286694583623,92.63286694583623,93.70307956129446
856,2020-06-08T06:01:02,2020-06-08T06:31:02,181,62.4,90.0,27.6,34.74028251388889,125.87058881843801,30.0,115.01,38.25,127.78888888888889,-69.41879397790056,-46.0,36.46132596685083,39.0,125.87058881843801,125.80880664821291,0,0,93.74909525579397,93.74909525579397,93.70307956129446
858,2020-06-08T18:04:38,2020-06-08T20:09:15,935,2.8,97.6,94.8,117.85706826388888,124.32180196612751,124.61666870117188,124.71,41.48,127.77663934426229,-56.74171735828877,-45.0,35.3235294117647,38.0,124.32180196612751,125.80880664821291,0,0,92.59555043240701,92.59555043240701,93.70307956129446
861,2020-06-09T00:38:25,2020-06-09T01:09:35,188,66.0,84.4,18.400000000000006,23.376250125000002,127.04483763586954,31.16666603088379,107.85,35.88,127.78436018957343,-45.00265984042554,-45.0,34.5,36.0,127.04483763586954,125.85614812182584,0,0,94.62368212531426,94.62368212531426,93.73833974686244
862,2020-06-09T01:09:46,2020-06-09T01:31:56,134,84.8,97.6,12.799999999999997,16.62750025,129.90234570312504,22.16666603088379,124.71,41.48,127.77663934426229,-45.00671708955223,-45.0,34.5,36.0,129.90234570312504,125.895832786412,0,0,96.75196958711165,96.75196958711165,93.7678970996595
863,2020-06-09T14:04:46,2020-06-09T14:28:46,145,27.2,49.6,22.400000000000002,28.19986109722222,125.89223704117062,24.0,63.24,21.03,127.5,-70.49931027586207,-70.39999,32.89655172413793,35.0,125.89223704117062,125.9066568977783,0,0,93.76521896915807,93.76521896915807,93.77595895634155
864,2020-06-09T14:28:57,2020-06-09T15:01:17,195,50.0,80.8,30.799999999999997,38.003751208333334,123.38880262445888,32.33333206176758,103.19,34.32,127.71039603960396,-70.52256635897436,-70.5,35.9,38.0,123.38880262445888,125.9066568977783,0,0,91.90064747710382,91.90064747710382,93.77595895634155
865,2020-06-09T15:01:28,2020-06-09T15:25:28,145,80.8,97.6,16.799999999999997,21.551533000000003,128.28293452380956,24.0,124.68,41.47,127.74590163934427,-53.79932337931035,-14.10001,37.0,38.0,128.28293452380956,125.9066568977783,0,0,95.54582338303743,95.54582338303743,93.77595895634155
867,2020-06-09T20:41:11,2020-06-09T21:10:51,179,69.6,86.8,17.200000000000003,22.299449388888892,129.6479615633075,29.66666603088379,110.82,36.87,127.67281105990783,-45.10001,-45.10001,32.50837988826816,35.0,129.6479615633075,125.96253787193015,0,0,96.56250290407485,96.56250290407485,93.81757940809226
868,2020-06-09T21:11:02,2020-06-09T21:29:12,110,87.2,98.0,10.799999999999997,13.655280805555556,126.43778523662556,18.16666603088379,125.15,41.63,127.70408163265307,-45.100010000000005,-45.10001,33.18181818181818,35.0,126.43778523662556,126.0559977972063,0,0,94.17154621543882,94.17154621543882,93.887188865866
870,2020-06-10T02:42:15,2020-06-10T03:10:05,168,77.2,97.6,20.39999999999999,26.422224902777785,129.5207103077343,27.83333396911621,124.66,41.47,127.72540983606557,-56.961910535714296,-45.20001,31.18452380952381,33.0,129.5207103077343,126.13739056145607,0,0,96.4677254807535,96.4677254807535,93.9478106368485
872,2020-06-10T17:01:51,2020-06-10T17:30:11,171,32.4,50.0,17.6,21.341949166666673,121.26107481060609,28.33333396911621,63.75,21.21,127.5,-45.194746842105275,-45.10001,34.46491228070175,36.0,121.26107481060609,126.0559977972063,0,0,90.31590429466732,90.31590429466732,93.887188865866
874,2020-06-10T17:30:42,2020-06-10T18:00:52,182,50.0,68.8,18.799999999999997,22.72528280555556,120.87916385933809,30.16666603088379,87.89,29.23,127.74709302325583,-45.19946054945055,-45.10001,36.456043956043956,38.0,120.87916385933809,126.0559977972063,0,0,90.03145495280161,90.03145495280161,93.887188865866
876,2020-06-11T11:54:10,2020-06-11T12:12:30,111,22.0,33.2,11.200000000000003,14.092778722222226,125.8283814484127,18.33333396911621,42.3,14.07,127.40963855421685,-46.12793099099098,-45.80002,32.734234234234236,34.0,125.8283814484127,126.0559977972063,0,0,93.71765897834312,93.71765897834312,93.887188865866
877,2020-06-11T12:12:41,2020-06-11T12:42:21,179,33.2,51.2,18.0,22.469028458333337,124.82793587962965,29.66666603088379,65.34,21.74,127.6171875,-45.442459497206706,-44.80002,34.270949720670394,36.0,124.82793587962965,125.94811801532248,0,0,92.97252170833823,92.97252170833823,93.80683942090877
878,2020-06-11T12:42:32,2020-06-11T13:11:22,174,51.6,68.8,17.199999999999996,21.03403015277778,122.2908729812662,28.83333396911621,87.89,29.23,127.74709302325583,-43.77069459770115,-42.89999,36.03735632183908,37.0,122.2908729812662,125.88141292980431,0,0,91.08290354128812,91.08290354128812,93.75715711247602
879,2020-06-11T13:11:33,2020-06-11T13:37:23,156,68.8,83.2,14.400000000000006,18.168752222222224,126.17189043209873,25.83333396911621,106.21,35.33,127.65624999999999,-42.19808198717949,-41.39999,36.5,37.0,126.17189043209873,125.88141292980431,0,0,93.97350632707726,93.97350632707726,93.75715711247602
880,2020-06-11T13:37:34,2020-06-11T14:04:44,164,83.2,97.6,14.399999999999991,18.44680888888889,128.10283950617293,27.16666603088379,124.73,41.49,127.797131147541,-40.741470731707324,-40.0,36.65243902439025,38.0,128.10283950617293,125.94811801532248,0,0,95.411687639954,95.411687639954,93.80683942090877
884,2020-06-11T21:26:19,2020-06-11T21:59:19,199,13.6,33.6,20.0,25.21819726388889,126.09098631944444,33.0,42.82,14.24,127.44047619047619,-45.85176386934673,-45.39999,38.5929648241206,40.0,126.09098631944444,126.04749265445939,0,0,93.91324850644568,93.91324850644568,93.88085418955257
885,2020-06-11T21:59:30,2020-06-11T22:30:50,189,33.6,52.4,18.799999999999997,23.458197624999997,124.77764694148937,31.33333396911621,66.85,22.23,127.57633587786258,-44.9195828042328,-44.20001,40.06613756613756,42.0,124.77764694148937,126.04749265445939,0,0,92.9350662352505,92.9350662352505,93.88085418955257
886,2020-06-11T22:31:01,2020-06-11T23:01:01,181,52.4,70.0,17.6,21.597362652777782,122.71228779987375,30.0,89.34,29.72,127.62857142857145,-43.19503077348067,-42.30002,41.37845303867403,43.0,122.71228779987375,125.94811801532248,0,0,91.39677557718387,91.39677557718387,93.80683942090877
887,2020-06-11T23:01:12,2020-06-11T23:33:02,192,70.0,87.2,17.200000000000003,21.990142680555554,127.84966674741598,31.83333396911621,111.35,37.04,127.69495412844036,-41.44688213541667,-40.5,41.5,43.0,127.84966674741598,126.04749265445939,0,0,95.22312320008224,95.22312320008224,93.88085418955257
888,2020-06-11T23:33:13,2020-06-11T23:53:43,124,87.2,97.6,10.399999999999991,13.679862708333337,131.5371414262822,20.5,124.73,41.49,127.797131147541,-40.03871435483872,-39.5,41.5,43.0,131.5371414262822,126.04749265445939,0,0,97.96957428263823,97.96957428263823,93.88085418955257
889,2020-06-12T18:35:31,2020-06-12T19:03:31,169,14.8,24.4,9.599999999999998,12.121527777777779,126.26591435185189,28.0,31.04,10.32,127.21311475409836,-25.949704142011836,-17.5,38.4792899408284,39.0,126.26591435185189,126.04749265445939,0,0,94.04353585098755,94.04353585098755,93.88085418955257
890,2020-06-12T19:03:42,2020-06-12T19:31:12,166,24.4,34.0,9.600000000000001,11.916666666666666,124.13194444444441,27.5,43.3,14.4,127.35294117647057,-26.0,-26.0,39.06024096385542,40.0,124.13194444444441,125.94811801532248,0,0,92.45414352351449,92.45414352351449,93.80683942090877
891,2020-06-12T19:31:23,2020-06-12T19:59:13,168,34.0,43.6,9.600000000000001,12.061111111111112,125.63657407407406,27.83333396911621,55.56,18.48,127.43119266055047,-26.0,-26.0,40.00297619047619,41.0,125.63657407407406,125.94811801532248,0,0,93.57479980864801,93.57479980864801,93.80683942090877
892,2020-06-12T19:59:24,2020-06-12T20:32:44,201,43.6,55.6,12.0,14.444444444444445,120.37037037037038,33.33333206176758,70.92,23.59,127.55395683453237,-26.0,-26.0,41.02238805970149,42.0,120.37037037037038,125.94811801532248,0,0,89.65250281068074,89.65250281068074,93.80683942090877
893,2020-06-12T20:32:55,2020-06-12T21:08:15,213,55.6,68.4,12.800000000000004,15.311111111111112,119.61805555555553,35.33333206176758,87.31,29.04,127.64619883040935,-26.0,-26.0,41.5,42.0,119.61805555555553,125.88141292980431,0,0,89.09217466811397,89.09217466811397,93.75715711247602
896,2020-06-13T03:21:32,2020-06-13T03:53:42,194,23.6,54.4,30.799999999999997,38.63958715277777,125.45320504148627,32.16666793823242,69.4,23.09,127.57352941176471,-72.07371845360824,-72.0,38.652061855670105,42.0,125.45320504148627,125.88141292980431,0,0,93.4382255615232,93.4382255615232,93.75715711247602
897,2020-06-13T03:53:53,2020-06-13T04:24:03,182,54.8,83.6,28.799999999999997,36.23486440277778,125.81550139853397,30.16666603088379,106.77,35.52,127.7153110047847,-72.0692373076923,-72.0,41.370879120879124,43.0,125.81550139853397,125.88141292980431,0,0,93.70806584753856,93.70806584753856,93.75715711247602
898,2020-06-13T04:24:14,2020-06-13T04:44:24,122,83.6,97.6,14.0,18.01416815277778,128.67262966269843,20.16666603088379,124.73,41.49,127.797131147541,-53.64508639344262,-46.89999,41.82377049180328,44.0,128.67262966269843,125.94811801532248,0,0,95.8360704299398,95.8360704299398,93.80683942090877
899,2020-06-13T13:37:59,2020-06-13T13:59:49,132,35.2,48.8,13.599999999999994,17.08028088888889,125.59030065359482,21.83333396911621,62.25,20.7,127.56147540983606,-46.93788734848485,-46.39999,37.47727272727273,39.0,125.59030065359482,125.94811801532248,0,0,93.54033511483001,93.54033511483001,93.80683942090877
900,2020-06-13T14:00:00,2020-06-13T14:31:10,188,48.8,68.0,19.200000000000003,23.523475013888884,122.51809903067125,31.16666603088379,86.81,28.87,127.66176470588235,-45.28617558510638,-44.20001,38.848404255319146,40.0,122.51809903067125,125.88141292980431,0,0,91.25214273171567,91.25214273171567,93.75715711247602
901,2020-06-13T14:31:21,2020-06-13T14:57:21,157,68.0,83.2,15.200000000000003,18.820280083333333,123.81763212719297,26.0,106.28,35.35,127.7403846153846,-43.43121554140128,-42.60001,39.57324840764331,41.0,123.81763212719297,125.88141292980431,0,0,92.2200420098354,92.2200420098354,93.75715711247602
902,2020-06-13T14:57:32,2020-06-13T15:24:22,162,83.2,97.6,14.399999999999991,18.72444777777778,130.0308873456791,26.83333396911621,124.7,41.48,127.76639344262296,-41.86852598765433,-41.10001,40.0,41.0,130.0308873456791,125.88141292980431,0,0,96.8477080976347,96.8477080976347,93.75715711247602
906,2020-06-15T04:07:51,2020-06-15T04:41:41,204,23.6,56.4,32.8,39.41332983333333,120.16259095528456,33.83333206176758,70.5,23.46,125.00000000000001,-69.8950918627451,-69.70001,30.419117647058822,33.0,120.16259095528456,125.85614812182584,0,0,89.49774757866088,89.49774757866088,93.73833974686244
907,2020-06-15T04:41:52,2020-06-15T05:12:42,186,56.4,86.0,29.6,35.948192041666665,121.44659473536034,30.83333396911621,107.5,35.76,125.0,-69.95322112903226,-69.89999,33.55107526881721,35.0,121.44659473536034,125.83504443681318,0,0,90.45408053790966,90.45408053790966,93.72262160813702
908,2020-06-15T05:12:53,2020-06-15T05:31:43,114,86.0,98.0,12.0,14.872920694444451,123.9410057870371,18.83333396911621,122.51,40.76,125.01020408163266,-47.46843385964913,-44.30002,34.5,35.0,123.9410057870371,125.82194142347333,0,0,92.3119313788878,92.3119313788878,93.71286241294084
910,2020-06-15T07:08:11,2020-06-15T07:37:51,179,66.8,92.4,25.60000000000001,31.844305305555554,124.39181759982635,29.66666603088379,115.53,38.43,125.03246753246752,-64.36368670391062,-44.20001,36.0,37.0,124.39181759982635,125.72603773630402,0,0,92.64769845502806,92.64769845502806,93.64143282809329
912,2020-06-15T10:53:08,2020-06-15T11:13:17,123,79.6,95.2,15.600000000000009,19.08275056666667,122.3253241452991,20.149999618530273,119.07,39.61,125.0735294117647,-56.94471723577236,-44.30002,35.96747967479675,37.0,122.3253241452991,125.72603773630402,0,0,91.10856295457053,91.10856295457053,93.64143282809329
914,2020-06-16T06:02:36,2020-06-16T06:36:06,202,32.0,66.0,34.0,41.256391083333334,121.34232671568627,33.5,82.57,27.47,125.1060606060606,-73.89257816831683,-73.60001,31.88118811881188,34.0,121.34232671568627,125.61343736383444,0,0,90.37642115297855,90.37642115297855,93.55756746173901
915,2020-06-16T06:36:17,2020-06-16T07:11:37,213,66.0,96.0,30.0,37.12625234722223,123.75417449074077,35.33333206176758,120.07,39.94,125.07291666666666,-63.02535615023475,-44.0,34.556338028169016,36.0,123.75417449074077,125.52175284754054,0,0,92.17277841902907,92.17277841902907,93.4892803381766
918,2020-06-16T16:08:29,2020-06-16T16:41:29,199,38.4,70.8,32.4,39.29846956944445,121.29157274519892,33.0,88.57,29.46,125.09887005649718,-71.45175396984925,-71.39999,37.85175879396985,40.0,121.29157274519892,125.52175284754054,0,0,90.33861932128384,90.33861932128384,93.4892803381766
919,2020-06-16T16:41:40,2020-06-16T16:59:50,110,71.2,88.4,17.200000000000003,21.6480555,125.86078779069766,18.16666603088379,110.59,36.79,125.10180995475113,-71.49818163636364,-71.39999,39.586363636363636,41.0,125.86078779069766,125.61343736383444,0,0,93.74179539732934,93.74179539732934,93.55756746173901
920,2020-06-17T05:16:25,2020-06-17T05:34:55,112,46.0,63.6,17.6,21.733471819444446,123.48563533775253,18.5,79.48,26.44,124.9685534591195,-70.48660580357144,-70.39999,32.294642857142854,34.0,123.48563533775253,125.61343736383444,0,0,91.97276900563291,91.97276900563291,93.55756746173901
921,2020-06-17T05:35:06,2020-06-17T06:07:26,195,63.6,92.4,28.800000000000004,35.54597486111111,123.42352382330246,32.33333206176758,115.6,38.46,125.1082251082251,-65.91897928205127,-44.80002,33.766666666666666,35.0,123.42352382330246,125.52175284754054,0,0,91.92650801377357,91.92650801377357,93.4892803381766
923,2020-06-17T14:01:19,2020-06-17T14:26:19,151,77.2,96.4,19.200000000000003,23.770281097222227,123.80354738136575,25.0,120.59,40.12,125.09336099585062,-57.049676887417235,-44.20001,35.47019867549669,36.0,123.80354738136575,125.14057046055797,0,0,92.20955161497346,92.20955161497346,93.20537363493071
925,2020-06-17T19:10:29,2020-06-17T19:32:19,132,65.2,86.0,20.799999999999997,25.503197236111113,122.61152517361114,21.83333396911621,107.53,35.77,125.03488372093024,-70.08485613636364,-70.0,34.753787878787875,36.0,122.61152517361114,124.80279141055951,0,0,91.32172702822267,91.32172702822267,92.95379397179437
926,2020-06-17T19:32:30,2020-06-17T19:50:50,111,86.0,97.6,11.599999999999994,14.820138222222223,127.75981226053648,18.33333396911621,122.01,40.58,125.01024590163935,-48.58107891891892,-44.30002,35.0,36.0,127.75981226053648,124.80279141055951,0,0,95.15619909232441,95.15619909232441,92.95379397179437
928,2020-06-18T16:53:14,2020-06-18T17:22:54,179,16.8,32.8,15.999999999999996,19.739857319444447,123.37410824652781,29.66666603088379,40.88,13.6,124.63414634146343,-39.92345603351955,-39.89999,35.385474860335194,37.0,123.37410824652781,124.58473227065787,0,0,91.88970302495407,91.88970302495407,92.79138234513928
929,2020-06-18T17:23:05,2020-06-18T17:56:45,203,33.2,51.6,18.4,22.395550666666665,121.71494927536232,33.66666793823242,64.45,21.44,124.9031007751938,-39.912799162561576,-39.89999,36.95566502463054,39.0,121.71494927536232,124.58473227065787,0,0,90.65395245055528,90.65395245055528,92.79138234513928
930,2020-06-18T17:56:56,2020-06-18T18:28:16,189,51.6,68.8,17.199999999999996,20.838606083333328,121.15468653100775,31.33333396911621,85.95,28.59,124.92732558139537,-39.903694074074075,-39.89999,38.08465608465608,39.0,121.15468653100775,124.35680978297694,0,0,90.23666572867832,90.23666572867832,92.62162444371754
931,2020-06-18T18:28:27,2020-06-18T19:01:07,197,68.8,86.4,17.60000000000001,21.74194086111111,123.53375489267671,32.66666793823242,107.99,35.92,124.98842592592591,-39.93451121827411,-39.89999,38.48984771573604,39.0,123.53375489267671,124.26188102213538,0,0,92.00860871036936,92.00860871036936,92.55092098927128
932,2020-06-18T19:01:18,2020-06-18T19:23:18,133,86.4,97.6,11.199999999999989,14.640275138888887,130.71674231150806,22.0,122.05,40.6,125.05122950819673,-39.92781233082707,-39.89999,38.5,39.0,130.71674231150806,124.26188102213538,0,0,97.3585365852642,97.3585365852642,92.55092098927128
933,2020-06-18T23:16:09,2020-06-18T23:35:09,115,64.0,82.0,18.0,22.14972433333333,123.05402407407406,19.0,102.65,34.14,125.18292682926831,-69.94696313043478,-69.60001,38.095652173913045,40.0,123.05402407407406,124.03647511574076,0,0,91.6513026023063,91.6513026023063,92.38303745120115
934,2020-06-18T23:35:20,2020-06-18T23:57:30,134,82.4,98.0,15.599999999999994,19.434447111111112,124.57978917378922,22.16666603088379,122.53,40.76,125.03061224489797,-52.47314149253732,0.0,38.5,40.0,124.57978917378922,124.03647511574076,0,0,92.78770069985941,92.78770069985941,92.38303745120115
936,2020-06-19T05:59:47,2020-06-19T06:31:07,189,48.8,78.4,29.60000000000001,36.55388872222223,123.4928673048048,31.33333396911621,97.98,32.59,124.97448979591837,-69.99682507936508,-69.89999,37.301587301587304,39.0,123.4928673048048,124.03647511574076,0,0,91.97815541380369,91.97815541380369,92.38303745120115
937,2020-06-19T06:31:18,2020-06-19T06:57:18,157,78.8,97.6,18.799999999999997,24.02527901388889,127.79403730791965,26.0,122.07,40.6,125.0717213114754,-55.45350605095542,-44.20001,38.47133757961783,40.0,127.79403730791965,124.03647511574076,0,0,95.18169009270328,95.18169009270328,92.38303745120115
938,2020-06-19T19:47:25,2020-06-19T20:10:45,141,42.8,57.2,14.400000000000006,17.49333640277778,121.48150279706786,23.33333396911621,71.5,23.79,124.99999999999999,-44.98440510638299,-44.10001,38.202127659574465,39.0,121.48150279706786,123.87931895711503,0,0,90.48008025105104,90.48008025105104,92.2659866943616
939,2020-06-19T20:10:56,2020-06-19T20:37:36,161,57.2,72.8,15.599999999999994,19.246531333333337,123.37520085470092,26.66666603088379,91.02,30.28,125.02747252747253,-43.30497695652174,-42.5,38.95031055900621,40.0,123.37520085470092,123.81058975427936,0,0,91.8905168054302,91.8905168054302,92.21479681240443
940,2020-06-19T20:37:47,2020-06-19T21:01:27,143,72.8,86.4,13.600000000000009,16.51014054166667,121.39809221813718,23.66666603088379,108.02,35.93,125.02314814814812,-41.85664755244755,-41.20001,39.0,40.0,121.39809221813718,123.77886093605326,0,0,90.41795560078191,90.41795560078191,92.19116501700127
941,2020-06-20T04:16:23,2020-06-20T04:33:33,104,21.2,37.6,16.400000000000002,19.99833327777778,121.9410565718157,17.16666603088379,46.85,15.58,124.60106382978724,-69.89711509615384,-69.70001,35.37980769230769,37.0,121.9410565718157,123.77886093605326,0,0,90.82235838773425,90.82235838773425,92.19116501700127
942,2020-06-20T04:33:44,2020-06-20T05:03:04,177,37.6,66.0,28.4,34.16680618055556,120.3056555653365,29.33333396911621,82.56,27.46,125.0909090909091,-69.88644197740112,-69.70001,37.83898305084746,40.0,120.3056555653365,123.77886093605326,0,0,89.60430287391607,89.60430287391607,92.19116501700127
943,2020-06-20T05:03:15,2020-06-20T05:35:05,192,66.4,93.6,27.19999999999999,33.832085097222226,124.38266579861117,31.83333396911621,117.09,38.94,125.09615384615385,-63.732295,-44.0,39.3203125,41.0,124.38266579861117,123.77886093605326,0,0,92.64088214399035,92.64088214399035,92.19116501700127
945,2020-06-20T18:37:19,2020-06-20T18:59:29,134,43.2,64.4,21.200000000000003,25.990557361111115,122.59696868448638,22.16666603088379,80.43,26.75,124.8913043478261,-70.35075104477612,-70.30002,40.134328358208954,42.0,122.59696868448638,123.64396469170873,0,0,91.31088527640155,91.31088527640155,92.09069356469922
946,2020-06-20T18:59:40,2020-06-20T19:16:10,100,64.4,80.0,15.599999999999994,19.351527569444443,124.04825365028493,16.5,99.99,33.26,124.98749999999998,-70.3689993,-70.30002,41.57,43.0,124.04825365028493,123.77886093605326,0,0,92.39181016742756,92.39181016742756,92.19116501700127
947,2020-06-20T20:41:06,2020-06-20T21:02:36,130,68.8,83.2,14.400000000000006,17.880414652777777,124.16954619984563,21.5,104.03,34.6,125.03605769230768,-49.89845600000001,-49.80002,40.0,41.0,124.16954619984563,123.77886093605326,0,0,92.48214951428632,92.48214951428632,92.19116501700127
948,2020-06-20T21:02:47,2020-06-20T21:25:47,139,83.2,97.6,14.399999999999991,18.07972415277778,125.55363994984576,23.0,122.04,40.6,125.04098360655739,-47.164033812949654,-44.20001,40.0,41.0,125.55363994984576,123.77886093605326,0,0,93.51303002441787,93.51303002441787,92.19116501700127
950,2020-06-21T14:18:45,2020-06-21T14:50:45,193,46.8,77.6,30.799999999999997,37.774589625,122.64477150974025,32.0,97.1,32.3,125.12886597938144,-70.82747290155442,-70.80002,39.42227979274612,41.0,122.64477150974025,123.64396469170873,0,0,91.34648907916667,91.34648907916667,92.09069356469922
951,2020-06-21T14:50:56,2020-06-21T15:17:36,161,78.0,97.6,19.599999999999994,25.221804458333335,128.68267580782316,26.66666603088379,122.1,40.62,125.10245901639344,-56.756519254658386,-45.0,40.61180124223603,42.0,128.68267580782316,123.64396469170873,0,0,95.8435528531579,95.8435528531579,92.09069356469922
953,2020-06-22T00:29:45,2020-06-22T00:59:15,178,56.8,84.8,28.0,34.54945280555557,123.39090287698416,29.5,106.12,35.3,125.14150943396227,-70.27024174157303,-70.20001,38.646067415730336,40.0,123.39090287698416,123.64396469170873,0,0,91.90221175654274,91.90221175654274,92.09069356469922
955,2020-06-22T04:43:59,2020-06-22T05:05:09,128,58.8,78.8,20.0,24.64986181944445,123.24930909722224,21.16666603088379,98.61,32.8,125.13959390862945,-69.87343953125,-69.70001,38.03125,40.0,123.24930909722224,123.51331109874076,0,0,91.79675194364177,91.79675194364177,91.99338206208652
956,2020-06-22T05:05:20,2020-06-22T05:29:50,148,79.2,97.2,18.0,22.922920097222224,127.34955609567903,24.5,121.52,40.42,125.02057613168724,-56.1432516891892,-44.0,38.5,40.0,127.34955609567903,123.51331109874076,0,0,94.85063808208733,94.85063808208733,91.99338206208652
959,2020-06-22T15:54:01,2020-06-22T16:28:41,209,21.6,42.4,20.799999999999997,26.0,125.00000000000003,34.66666793823242,52.9,17.6,124.76415094339623,-45.0,-45.0,38.2799043062201,40.0,125.00000000000003,123.51331109874076,0,0,93.10067599570694,93.10067599570694,91.99338206208652
960,2020-06-22T16:28:52,2020-06-22T16:58:52,181,42.8,61.6,18.800000000000004,22.5,119.68085106382975,30.0,77.02,25.62,125.03246753246752,-45.0,-45.0,39.82044198895028,41.0,119.68085106382975,123.48925132127866,0,0,89.13894510227254,89.13894510227254,91.9754622097183
961,2020-06-22T16:59:03,2020-06-22T17:30:23,189,61.6,80.8,19.199999999999996,23.5,122.39583333333337,31.33333396911621,101.06,33.62,125.07425742574259,-45.0,-45.0,40.0,41.0,122.39583333333337,123.4545795805275,0,0,91.16107857912972,91.16107857912972,91.94963850970325
963,2020-06-22T23:21:39,2020-06-22T23:40:49,116,17.6,24.4,6.799999999999997,8.290970763888888,121.92604064542486,19.16666603088379,30.32,10.09,124.26229508196722,-25.954305775862064,-25.89999,36.84051724137931,38.0,121.92604064542486,123.4545795805275,0,0,90.81117444455275,90.81117444455275,91.94963850970325
964,2020-06-22T23:41:00,2020-06-23T00:09:10,170,24.4,34.4,10.0,12.18694258333333,121.8694258333333,28.16666603088379,42.88,14.26,124.6511627906977,-25.960584294117645,-25.89999,37.0,38.0,121.8694258333333,123.4545795805275,0,0,90.76900742633597,90.76900742633597,91.94963850970325
965,2020-06-23T00:09:21,2020-06-23T00:38:51,178,34.4,44.8,10.399999999999999,12.777916124999999,122.86457812500001,29.5,55.87,18.58,124.70982142857143,-25.98876292134831,-25.89999,37.28370786516854,39.0,122.86457812500001,123.40721335014331,0,0,91.51020223491876,91.51020223491876,91.91435988515815
966,2020-06-23T00:39:02,2020-06-23T01:04:52,156,44.8,54.4,9.600000000000001,11.188471625,116.54657942708332,25.83333396911621,67.89,22.59,124.79779411764706,-25.98589602564103,-25.89999,38.0,39.0,116.54657942708332,123.38305186584253,0,0,86.80452263719044,86.80452263719044,91.89636428098646
967,2020-06-23T01:05:03,2020-06-23T01:39:23,207,54.4,66.8,12.399999999999999,14.872082763888889,119.9361513216846,34.33333206176758,83.47,27.77,124.95508982035929,-25.989854057971012,-25.89999,38.0,39.0,119.9361513216846,123.37465455061437,0,0,89.32909411497788,89.32909411497788,91.89010991519214
968,2020-06-23T01:39:34,2020-06-23T02:09:34,181,66.8,77.2,10.400000000000006,12.991249125,124.91585697115379,30.0,96.5,32.1,125.0,-25.98231867403315,-25.89999,38.0,39.0,124.91585697115379,123.37465455061437,0,0,93.03800581277964,93.03800581277964,91.89010991519214
969,2020-06-23T02:09:45,2020-06-23T02:42:25,197,77.2,88.4,11.200000000000003,14.143609916666664,126.28223139880947,32.66666793823242,110.48,36.75,124.97737556561086,-25.978170406091373,-25.89999,37.54060913705584,39.0,126.28223139880947,123.38305186584253,0,0,94.05568887580358,94.05568887580358,91.89636428098646
970,2020-06-23T02:42:36,2020-06-23T03:10:46,170,88.4,97.6,9.199999999999989,12.184164527777778,132.43657095410646,28.16666603088379,122.04,40.6,125.04098360655739,-25.95470135294118,-25.89999,37.0,38.0,132.43657095410646,123.38305186584253,0,0,98.63947425904573,98.63947425904573,91.89636428098646
977,2020-06-23T16:03:14,2020-06-23T16:20:14,103,34.4,44.8,10.399999999999999,12.806808402777776,123.14238848824786,17.0,55.89,18.59,124.7544642857143,-45.20098097087376,-45.20001,41.49029126213592,43.0,123.14238848824786,123.37465455061437,0,0,91.71711689585467,91.71711689585467,91.89010991519214
983,2020-06-24T00:55:40,2020-06-24T01:30:21,210,27.2,48.8,21.599999999999998,26.059061336111117,120.64380248199593,34.68333435058594,60.97,20.28,124.93852459016394,-45.059533809523806,-36.20001,38.371428571428574,40.0,120.64380248199593,123.37465455061437,0,0,89.85615652613093,89.85615652613093,91.89010991519214
986,2020-06-24T01:59:13,2020-06-24T02:15:53,101,50.8,60.8,10.0,12.528197222222223,125.28197222222222,16.66666603088379,75.98,25.27,124.9671052631579,-45.101990198019806,-45.10001,39.727722772277225,41.0,125.28197222222222,123.38305186584253,0,0,93.31069043171412,93.31069043171412,91.89636428098646
987,2020-06-24T02:51:21,2020-06-24T03:14:31,140,61.2,76.4,15.200000000000003,17.414864972222222,114.57148008040934,23.16666603088379,95.5,31.76,125.0,-45.10358142857143,-45.10001,39.43928571428572,41.0,114.57148008040934,123.37465455061437,0,0,85.33345796251824,85.33345796251824,91.89010991519214
988,2020-06-24T03:14:42,2020-06-24T03:41:32,162,76.8,92.8,16.0,20.169726694444446,126.06079184027779,26.83333396911621,116.0,38.58,125.00000000000001,-45.10001,-45.10001,39.78395061728395,41.0,126.06079184027779,123.37465455061437,0,0,93.89075949507165,93.89075949507165,91.89010991519214
990,2020-06-24T12:26:52,2020-06-24T12:59:50,199,29.6,61.2,31.6,38.5718118388889,122.06269569268639,32.96666717529297,76.50999,25.45,125.01632352941176,-70.20151899497488,-70.0,38.54773869346734,41.0,122.06269569268639,123.37465455061437,0,0,90.91295586277893,90.91295586277893,91.89010991519214
991,2020-06-24T13:00:01,2020-06-24T13:27:23,166,61.2,87.2,26.0,32.03747865833334,123.22107176282054,27.366666793823242,109.1,36.29,125.11467889908256,-70.24037554216868,-70.10001,40.96084337349398,42.0,123.22107176282054,123.37465455061437,0,0,91.77572062427285,91.77572062427285,91.89010991519214
993,2020-06-24T18:16:47,2020-06-24T18:37:47,127,49.6,69.2,19.6,24.49513840277777,124.97519593253963,21.0,86.43999,28.75,124.91328034682078,-69.98582535433071,-69.89999,41.97244094488189,43.0,124.97519593253963,123.37465455061437,0,0,93.0822017921229,93.0822017921229,91.89010991519214
994,2020-06-24T18:37:58,2020-06-24T19:06:48,174,69.6,94.0,24.400000000000006,30.516527944444448,125.06773747723132,28.83333396911621,117.6,39.12,125.1063829787234,-63.46609235632182,-44.30002,42.910919540229884,44.0,125.06773747723132,123.38305186584253,0,0,93.15112723507075,93.15112723507075,91.89636428098646
997,2020-06-27T18:46:52,2020-06-27T19:19:12,195,37.2,57.2,20.0,24.358474555555553,121.79237277777776,32.33333206176758,71.47,23.77,124.94755244755243,-45.20103,-44.10001,35.2,37.0,121.79237277777776,123.37465455061437,0,0,90.71161789385795,90.71161789385795,91.89010991519214
998,2020-06-27T19:19:23,2020-06-27T19:43:43,147,57.6,72.0,14.399999999999999,17.609584277777778,122.28877970679014,24.33333396911621,89.98,29.93,124.97222222222223,-43.42109081632653,-42.70001,36.5,37.0,122.28877970679014,123.31170867187502,0,0,91.08134445913798,91.08134445913798,91.84322748429793
999,2020-06-27T19:43:54,2020-06-27T20:29:00,272,72.0,96.8,24.799999999999997,31.160143891666667,125.64574149865594,45.099998474121094,121.05,40.27,125.05165289256199,-41.454418455882355,-40.30002,37.30514705882353,38.0,125.64574149865594,123.31170867187502,0,0,93.5816277560537,93.5816277560537,91.84322748429793
1002,2020-06-28T03:18:21,2020-06-28T03:47:51,178,16.0,44.0,28.0,34.707225972222226,123.95437847222222,29.5,54.99,18.29,124.97727272727273,-70.59045702247191,-70.39999,39.44662921348315,42.0,123.95437847222222,123.31170867187502,0,0,92.32189142713271,92.32189142713271,91.84322748429793
1003,2020-06-28T03:48:02,2020-06-28T04:17:12,176,44.4,72.4,28.000000000000007,34.09000270833333,121.750009672619,29.16666603088379,90.48,30.1,124.97237569060772,-70.12330102272728,-67.89999,42.28125,45.0,121.750009672619,123.31170867187502,0,0,90.68006562403748,90.68006562403748,91.84322748429793
1004,2020-06-28T04:17:23,2020-06-28T04:47:23,181,72.4,94.8,22.39999999999999,27.75875179166667,123.92299906994053,30.0,118.62,39.45,125.12658227848102,-55.52210303867404,-44.70001,43.43922651933702,45.0,123.92299906994053,123.31170867187502,0,0,92.29851987861458,92.29851987861458,91.84322748429793
1007,2020-06-28T17:54:04,2020-06-28T18:24:04,181,25.2,54.0,28.8,35.06639388888889,121.75831211419752,30.0,67.39,22.41,124.79629629629629,-70.13260668508288,-70.10001,41.34254143646409,44.0,121.75831211419752,123.23519043002139,0,0,90.68624932742449,90.68624932742449,91.78623628395731
1008,2020-06-28T18:24:15,2020-06-28T18:52:25,170,54.0,80.4,26.400000000000006,32.051391402777774,121.40678561658245,28.16666603088379,100.49,33.43,124.98756218905471,-68.27824064705882,-67.5,43.90294117647059,45.0,121.40678561658245,123.23519043002139,0,0,90.42443049095755,90.42443049095755,91.78623628395731
1009,2020-06-28T18:52:36,2020-06-28T19:19:26,162,80.4,97.6,17.19999999999999,22.16888883333333,128.88888856589156,26.83333396911621,122.08,40.61,125.08196721311475,-49.609876419753085,-44.39999,44.5,45.0,128.88888856589156,123.31225497596158,0,0,95.99714123055875,95.99714123055875,91.84363437453598
1011,2020-06-29T18:34:06,2020-06-29T19:00:56,162,14.4,40.0,25.6,31.327918430555556,122.37468136935763,26.83333396911621,50.03,16.64,125.075,-70.05000395061728,-69.89999,40.120370370370374,42.0,122.37468136935763,123.23519043002139,0,0,91.14532448197149,91.14532448197149,91.78623628395731
1012,2020-06-29T19:01:07,2020-06-29T19:27:17,158,40.4,64.8,24.4,30.55139069444445,125.21061760018218,26.16666603088379,80.98,26.93,124.96913580246914,-70.05443455696202,-69.89999,42.598101265822784,44.0,125.21061760018218,123.23519043002139,0,0,93.25754512333535,93.25754512333535,91.78623628395731
1013,2020-06-29T19:27:28,2020-06-29T19:58:38,188,65.2,90.4,25.200000000000003,31.915694236111115,126.64958030202823,31.16666603088379,112.99,37.59,124.98893805309734,-61.41968053191489,-44.20001,43.984042553191486,45.0,126.64958030202823,123.31225497596158,0,0,94.32929232553117,94.32929232553117,91.84363437453598
1015,2020-06-30T10:48:42,2020-06-30T11:22:02,201,76.0,97.2,21.200000000000003,26.665553569444437,125.78091306341715,33.33333206176758,121.56,40.44,125.06172839506173,-47.99402626865671,-44.39999,36.101990049751244,37.0,125.78091306341715,123.31225497596158,0,0,93.68230426849104,93.68230426849104,91.84363437453598
1018,2020-06-30T18:41:42,2020-06-30T19:08:32,162,47.6,72.8,25.199999999999996,31.375837888888896,124.5072932098766,26.83333396911621,91.0,30.27,125.0,-70.15741759259261,-70.10001,40.80555555555556,43.0,124.5072932098766,123.31225497596158,0,0,92.73370531388161,92.73370531388161,91.84363437453598
1019,2020-06-30T19:08:43,2020-06-30T19:36:53,170,73.2,95.6,22.39999999999999,28.27625381944445,126.23327597966276,28.16666603088379,119.53,39.76,125.03138075313808,-60.21647870588236,-44.5,41.991176470588236,43.0,126.23327597966276,123.31225497596158,0,0,94.01922661487389,94.01922661487389,91.84363437453598
1022,2020-07-01T15:18:11,2020-07-01T15:44:31,159,26.4,51.6,25.200000000000003,30.72694566666667,121.93232407407409,26.33333396911621,64.47,21.44,124.94186046511628,-70.01195251572328,-69.80002,38.67610062893082,41.0,121.93232407407409,123.31225497596158,0,0,90.81585437619125,90.81585437619125,91.84363437453598
1023,2020-07-01T15:44:42,2020-07-01T16:15:12,184,51.6,80.8,29.199999999999996,35.576252125,121.836479880137,30.5,101.14,33.64,125.17326732673268,-69.98587369565217,-69.70001,41.55978260869565,43.0,121.836479880137,123.23519043002139,0,0,90.7444691022248,90.7444691022248,91.78623628395731
1026,2020-07-02T00:13:23,2020-07-02T00:42:53,178,36.4,65.2,28.800000000000004,34.78806319444445,120.79188609182098,29.5,81.42,27.08,124.87730061349693,-70.75507168539326,-70.70001,39.991573033707866,43.0,120.79188609182098,123.23519043002139,0,0,89.9664499995597,89.9664499995597,91.78623628395731
1027,2020-07-02T00:43:04,2020-07-02T01:08:14,152,65.2,89.2,24.0,29.698340111111122,123.74308379629635,25.16666603088379,111.53,37.1,125.03363228699551,-70.80396355263159,-70.70001,41.921052631578945,44.0,123.74308379629635,123.3201059871032,0,0,92.16451800982878,92.16451800982878,91.84948185009225
1030,2020-07-02T14:11:41,2020-07-02T14:41:51,182,40.8,70.0,29.200000000000003,35.45472311111111,121.42028462709281,30.16666603088379,87.47,29.09,124.95714285714287,-70.51758417582417,-70.5,36.42307692307692,38.0,121.42028462709281,123.3201059871032,0,0,90.43448462698785,90.43448462698785,91.84948185009225
1031,2020-07-02T14:42:02,2020-07-02T15:01:01,116,70.0,88.0,18.0,22.308986468055558,123.93881371141977,18.983333587646484,110.02,36.59,125.02272727272727,-70.51120801724137,-70.5,38.0301724137931,39.0,123.93881371141977,123.3201059871032,0,0,92.31029870911335,92.31029870911335,91.84948185009225
1032,2020-07-03T08:26:05,2020-07-03T08:52:05,157,44.8,69.6,24.799999999999997,30.373753013888887,122.47481053987455,26.0,87.04,28.95,125.05747126436783,-70.0930005732484,-69.70001,31.519108280254777,33.0,122.47481053987455,123.3201059871032,0,0,91.21990122966761,91.21990122966761,91.84948185009225
1033,2020-07-03T08:52:16,2020-07-03T09:19:26,164,69.6,92.8,23.200000000000003,28.742085263888892,123.8882985512452,27.16666603088379,116.07,38.61,125.07543103448276,-63.442077439024395,-44.20001,33.076219512195124,34.0,123.8882985512452,123.3201059871032,0,0,92.27267474463109,92.27267474463109,91.84948185009225
1035,2020-07-03T17:26:38,2020-07-03T17:43:38,103,37.6,54.0,16.4,19.95888794444444,121.70053624661246,17.0,67.45,22.43,124.9074074074074,-70.44271504854369,-70.30002,34.55339805825243,37.0,121.70053624661246,123.23519043002139,0,0,90.64321754879721,90.64321754879721,91.78623628395731
1036,2020-07-03T17:43:49,2020-07-03T18:16:09,195,54.0,84.8,30.799999999999997,37.97499833333333,123.29544913419913,32.33333206176758,106.01,35.26,125.01179245283019,-70.46871482051283,-70.39999,36.782051282051285,39.0,123.29544913419913,123.23519043002139,0,0,91.83111729270588,91.83111729270588,91.78623628395731
1037,2020-07-03T18:16:20,2020-07-03T18:35:20,115,85.2,97.6,12.399999999999991,16.08097555555556,129.68528673835138,19.0,122.08,40.61,125.08196721311475,-50.84174965217392,-44.80002,37.98695652173913,39.0,129.68528673835138,123.27237911571069,0,0,96.5903028963008,96.5903028963008,91.81393461817382
1039,2020-07-04T03:27:15,2020-07-04T03:52:55,155,16.8,44.8,27.999999999999996,34.207359624999995,122.16914151785714,25.66666603088379,55.86,18.58,124.68750000000001,-79.96515780645161,-79.89999,34.1258064516129,37.0,122.16914151785714,123.23519043002139,0,0,90.99223728902147,90.99223728902147,91.78623628395731
1040,2020-07-04T03:53:06,2020-07-04T04:21:16,170,44.8,75.6,30.799999999999997,37.52708081944445,121.84117149170277,28.16666603088379,94.63,31.48,125.17195767195768,-79.9394064117647,-79.80002,37.65882352941176,40.0,121.84117149170277,123.1817301255342,0,0,90.74796343989105,90.74796343989105,91.74641876006376
1041,2020-07-04T04:21:27,2020-07-04T04:43:47,135,76.0,94.8,18.799999999999997,23.57597241666667,125.40410859929081,22.33333396911621,118.51,39.42,125.01054852320677,-63.329630222222235,-44.20001,39.01851851851852,41.0,125.40410859929081,123.1817301255342,0,0,93.40165826586414,93.40165826586414,91.74641876006376
1042,2020-07-04T10:52:07,2020-07-04T11:22:30,184,46.0,74.8,28.799999999999997,35.45925118888889,123.12239996141977,30.383333206176758,93.6,31.13,125.13368983957218,-70.02445891304347,-69.89999,34.55163043478261,37.0,123.12239996141977,123.13239422483382,0,0,91.70222933297585,91.70222933297585,91.70967311441527
1043,2020-07-04T11:22:41,2020-07-04T11:52:51,182,75.2,97.6,22.39999999999999,28.45611254166667,127.0362167038691,30.16666603088379,122.12,40.62,125.12295081967214,-56.6011017032967,-44.20001,35.5989010989011,38.0,127.0362167038691,123.13239422483382,0,0,94.61726120853862,94.61726120853862,91.70967311441527
1045,2020-07-04T18:10:59,2020-07-04T18:36:49,156,60.4,84.8,24.4,30.19972652777778,123.7693710154827,25.83333396911621,106.0,35.26,125.0,-70.14103564102564,-70.10001,36.25961538461539,38.0,123.7693710154827,123.1817301255342,0,0,92.18409687283915,92.18409687283915,91.74641876006376
1048,2020-07-05T01:36:51,2020-07-05T02:06:51,181,34.4,63.2,28.800000000000004,34.95069306944444,121.35657315779318,30.0,79.07,26.3,125.11075949367087,-69.9016546961326,-69.80002,35.828729281767956,39.0,121.35657315779318,123.1817301255342,0,0,90.38703198010406,90.38703198010406,91.74641876006376
1049,2020-07-05T02:07:02,2020-07-05T02:36:32,178,63.6,90.4,26.800000000000004,33.54944501388889,125.18449632048093,29.5,113.0,37.59,125.0,-68.17359668539326,-44.20001,38.014044943820224,40.0,125.18449632048093,123.25826044850984,0,0,93.23808985295088,93.23808985295088,91.80341895848937
1052,2020-07-05T16:03:01,2020-07-05T16:24:01,127,75.2,92.8,17.599999999999994,22.14735966666667,125.8372708333334,21.0,116.11,38.62,125.11853448275863,-63.22912976377951,-44.20001,34.94881889763779,36.0,125.8372708333334,123.51926646524774,0,0,93.72427984030554,93.72427984030554,91.99781765126733
1055,2020-07-05T23:45:15,2020-07-06T00:06:15,127,39.2,54.8,15.599999999999994,19.254167083333336,123.42414797008553,21.0,68.52,22.79,125.03649635036497,-55.01181220472441,-54.89999,34.338582677165356,36.0,123.42414797008553,123.58361588319093,0,0,91.92697288167297,91.92697288167297,92.04574544575087
1056,2020-07-06T00:06:26,2020-07-06T00:36:16,180,54.8,77.2,22.400000000000006,27.329998500000002,122.00892187499997,29.83333396911621,96.54,32.12,125.0518134715026,-54.965552555555554,-54.80002,35.516666666666666,37.0,122.00892187499997,123.58361588319093,0,0,90.87290483255912,90.87290483255912,92.04574544575087
1057,2020-07-06T00:36:27,2020-07-06T01:07:07,185,77.2,97.6,20.39999999999999,25.698889541666667,125.97494873366018,30.66666603088379,122.05,40.6,125.05122950819673,-50.27675805405404,-44.30002,36.0,37.0,125.97494873366018,123.75622740588952,0,0,93.82682308502629,93.82682308502629,92.17430744133397
1058,2020-07-06T23:22:17,2020-07-06T23:39:37,105,12.4,28.8,16.4,20.26222511111111,123.55015311653118,17.33333396911621,36.0,11.98,124.99999999999999,-70.13810523809525,-70.10001,36.47142857142857,38.0,123.55015311653118,123.64661845641376,0,0,92.02082219617719,92.02082219617719,92.09267010300299
1059,2020-07-06T23:39:48,2020-07-07T00:10:58,188,29.2,59.2,30.000000000000004,36.41944944444445,121.39816481481482,31.16666603088379,73.95,24.6,124.91554054054053,-70.11224367021276,-70.0,38.465425531914896,41.0,121.39816481481482,123.48715054330836,0,0,90.41800967118002,90.41800967118002,91.97389753892509
1060,2020-07-07T00:11:09,2020-07-07T00:40:29,177,59.2,86.8,27.599999999999994,34.280143666666675,124.20341908212565,29.33333396911621,108.48,36.08,124.97695852534562,-70.11865384180791,-70.0,40.61581920903955,42.0,124.20341908212565,123.48715054330836,0,0,92.50737822019187,92.50737822019187,91.97389753892509
1065,2020-07-07T22:43:47,2020-07-07T23:14:07,183,35.2,64.0,28.799999999999997,35.451810611111114,123.0965646219136,30.33333396911621,80.0,26.61,125.0,-70.12460016393443,-70.10001,38.48907103825137,41.0,123.0965646219136,123.48715054330836,0,0,91.68298703239502,91.68298703239502,91.97389753892509
1066,2020-07-07T23:14:18,2020-07-07T23:41:58,167,64.4,90.0,25.599999999999994,31.890004611111113,124.57033051215281,27.66666603088379,112.59,37.45,125.1,-69.08863275449103,-44.60001,40.48502994011976,42.0,124.57033051215281,123.64661845641376,0,0,92.7806558375205,92.7806558375205,92.09267010300299
1068,2020-07-08T05:32:48,2020-07-08T05:56:18,142,52.8,66.8,14.0,17.222086555555556,123.01490396825396,23.5,83.50999,27.77,125.01495508982038,-43.97254345070422,-43.20001,36.70070422535211,38.0,123.01490396825396,123.48715054330836,0,0,91.6221657359313,91.6221657359313,91.97389753892509
1070,2020-07-08T06:10:09,2020-07-08T06:41:09,187,74.8,92.0,17.200000000000003,21.486808972222224,124.92330797803616,31.0,114.99,38.25,124.9891304347826,-41.58717235294118,-40.70001,36.43048128342246,38.0,124.92330797803616,123.64661845641376,0,0,93.04355536300044,93.04355536300044,92.09267010300299
1072,2020-07-10T16:59:42,2020-07-10T17:24:32,150,53.6,77.2,23.6,29.12874990277778,123.42690636770246,24.83333396911621,96.46,32.09,124.9481865284974,-70.37799980000001,-70.20001,36.58,38.0,123.42690636770246,123.48852974211681,0,0,91.92902735113537,91.92902735113537,91.97492477365628
1073,2020-07-10T17:24:43,2020-07-10T17:51:43,163,77.6,97.6,20.0,25.521529750000006,127.60764875000002,27.0,122.1,40.62,125.10245901639344,-56.71963625766872,-44.70001,37.785276073619634,39.0,127.60764875000002,123.64661845641376,0,0,95.04286688678182,95.04286688678182,92.09267010300299
1075,2020-07-11T03:07:36,2020-07-11T03:40:06,196,33.2,54.4,21.199999999999996,25.95138888888889,122.41221174004195,32.5,68.01,22.62,125.01838235294117,-47.87755102040816,-35.0,35.00765306122449,37.0,122.41221174004195,123.64661845641376,0,0,91.17327730502012,91.17327730502012,92.09267010300299
1076,2020-07-11T03:40:17,2020-07-11T04:09:07,174,54.8,73.6,18.799999999999997,23.06583325,122.69060239361704,28.83333396911621,91.97,30.59,124.95923913043478,-47.99827568965517,-47.89999,36.0,37.0,122.69060239361704,123.48852974211681,0,0,91.38062416932995,91.38062416932995,91.97492477365628
1077,2020-07-11T04:09:18,2020-07-11T04:39:48,184,73.6,93.2,19.60000000000001,24.170555041666667,123.31915837585028,30.5,116.56,38.77,125.06437768240343,-47.54130331521739,-44.30002,36.59510869565217,38.0,123.31915837585028,123.42552716889399,0,0,91.84877606410643,91.84877606410643,91.92800011640418
1079,2020-07-11T09:58:26,2020-07-11T10:22:56,148,57.6,80.8,23.199999999999996,28.912642333333334,124.62345833333336,24.5,101.04,33.61,125.04950495049506,-70.80608945945946,-70.60001,36.83445945945946,38.0,124.62345833333336,123.48852974211681,0,0,92.8202257260492,92.8202257260492,91.97492477365628
1080,2020-07-11T10:23:07,2020-07-11T10:46:27,141,80.8,97.6,16.799999999999997,21.069582791666665,125.41418328373017,23.33333396911621,122.07,40.6,125.0717213114754,-54.20567234042554,-44.89999,37.93262411347518,39.0,125.41418328373017,123.64661845641376,0,0,93.40916194531812,93.40916194531812,92.09267010300299
1082,2020-07-11T16:09:22,2020-07-11T16:40:02,185,59.2,88.0,28.799999999999997,35.74958473611111,124.13050255594136,30.66666603088379,110.06,36.62,125.06818181818183,-69.9443270810811,-69.70001,42.913513513513514,44.0,124.13050255594136,123.64661845641376,0,0,92.45306959715973,92.45306959715973,92.09267010300299
1086,2020-07-11T20:47:54,2020-07-11T21:15:24,166,68.8,92.8,24.0,29.87360883333333,124.47337013888887,27.5,116.02,38.59,125.02155172413794,-65.1325251807229,-44.60001,42.34939759036145,44.0,124.47337013888887,123.64661845641376,0,0,92.70843922715515,92.70843922715515,92.09267010300299
1089,2020-07-13T14:50:21,2020-07-13T15:20:31,182,18.0,36.8,18.799999999999997,23.339864125000005,124.14821343085111,30.16666603088379,45.86,15.25,124.61956521739131,-46.42198395604395,-46.0,38.94505494505494,41.0,124.14821343085111,123.75622740588952,0,0,92.46626075257231,92.46626075257231,92.17430744133397
1090,2020-07-13T15:20:42,2020-07-13T15:49:42,175,37.2,54.8,17.599999999999994,21.983753569444445,124.90769073547985,29.0,68.52,22.79,125.03649635036497,-45.48286451428571,-44.70001,40.88,43.0,124.90769073547985,123.75622740588952,0,0,93.03192355628698,93.03192355628698,92.17430744133397
1091,2020-07-13T15:49:53,2020-07-13T16:21:53,193,55.2,74.0,18.799999999999997,23.284865958333338,123.85566999113479,32.0,92.46,30.76,124.94594594594594,-43.65959461139897,-42.70001,42.36010362694301,43.0,123.85566999113479,123.81252050330875,0,0,92.24837281660673,92.24837281660673,92.21623484472295
1092,2020-07-13T16:22:04,2020-07-13T16:51:24,177,74.0,90.4,16.400000000000006,20.475836083333334,124.85265904471541,29.33333396911621,113.06,37.61,125.06637168141593,-41.88249152542373,-41.0,42.91525423728814,44.0,124.85265904471541,123.87198427119,0,0,92.99093565539613,92.99093565539613,92.26052378061891
1095,2020-07-13T22:20:04,2020-07-13T22:46:54,162,61.6,86.8,25.199999999999996,31.36431002777778,124.46154772927693,26.83333396911621,108.53,36.11,125.03456221198157,-70.13149148148149,-70.10001,41.96913580246913,43.0,124.46154772927693,123.87198427119,0,0,92.69963383254098,92.69963383254098,92.26052378061891
1098,2020-07-14T10:50:16,2020-07-14T11:11:06,126,68.8,88.8,20.0,24.483333750000003,122.41666875000001,20.83333396911621,111.0,36.92,125.0,-70.51190595238096,-70.39999,37.65079365079365,39.0,122.41666875000001,123.87198427119,0,0,91.17659691014025,91.17659691014025,92.26052378061891
1100,2020-07-14T21:33:01,2020-07-14T22:04:11,188,30.4,60.4,30.0,36.62680615277778,122.08935384259262,31.16666603088379,75.59,25.14,125.14900662251657,-70.51117132978723,-70.39999,40.795212765957444,43.0,122.08935384259262,123.81252050330875,0,0,90.93281099699546,90.93281099699546,92.21623484472295
1101,2020-07-14T22:04:22,2020-07-14T22:33:52,178,60.8,88.8,28.0,34.67847381944444,123.85169221230157,29.5,111.08,36.95,125.09009009009009,-70.5320256741573,-70.39999,42.943820224719104,44.0,123.85169221230157,123.81053161389214,0,0,92.24541014542005,92.24541014542005,92.2147535091296
1103,2020-07-15T03:15:02,2020-07-15T03:33:32,112,69.2,80.4,11.200000000000003,13.844858097222222,123.61480443948409,18.5,100.46,33.42,124.95024875621888,-44.90266883928572,-44.89999,39.0625,41.0,123.61480443948409,123.75622740588952,0,0,92.06897485114465,92.06897485114465,92.17430744133397
1104,2020-07-15T03:33:43,2020-07-15T04:02:23,173,80.8,97.6,16.799999999999997,21.346389402777778,127.06184168320107,28.66666603088379,122.08,40.61,125.08196721311475,-44.67803578034683,-44.30002,39.0,40.0,127.06184168320107,123.75622740588952,0,0,94.63634683172408,94.63634683172408,92.17430744133397
1106,2020-07-15T08:18:38,2020-07-15T08:48:38,181,58.0,78.0,20.0,24.749166583333334,123.74583291666667,30.0,97.53,32.44,125.03846153846153,-49.498342375690605,-49.39999,37.63259668508287,39.0,123.74583291666667,123.74445835648152,0,0,92.16656556954774,92.16656556954774,92.16554178968826
1107,2020-07-15T08:48:49,2020-07-15T09:18:39,180,78.0,96.8,18.799999999999997,23.54749815277778,125.252649748818,29.83333396911621,121.06,40.27,125.06198347107438,-47.35444072222222,-43.89999,38.0,39.0,125.252649748818,123.75760196607469,0,0,93.28885089494773,93.28885089494773,92.17533122119345
1113,2020-07-15T21:30:52,2020-07-15T21:58:52,169,32.4,49.6,17.200000000000003,20.990280222222225,122.03651291989662,28.0,61.97,20.62,124.93951612903226,-44.97870337278107,-44.30002,43.57988165680474,45.0,122.03651291989662,123.75760196607469,0,0,90.89345479200958,90.89345479200958,92.17533122119345
1114,2020-07-15T21:59:03,2020-07-15T22:30:03,187,49.6,68.4,18.800000000000004,22.397780055555558,119.13712795508272,31.0,85.49,28.44,124.98538011695905,-43.35080657754011,-42.39999,44.92780748663102,46.0,119.13712795508272,123.75760196607469,0,0,88.73397719044188,88.73397719044188,92.17533122119345
1115,2020-07-15T22:30:14,2020-07-15T22:56:24,158,68.4,83.2,14.799999999999997,18.2137535,123.06590202702705,26.16666603088379,104.01,34.6,125.01201923076923,-41.76393202531646,-41.0,45.0,46.0,123.06590202702705,123.75760196607469,0,0,91.66014936590126,91.66014936590126,92.17533122119345
1116,2020-07-15T22:56:35,2020-07-15T23:24:15,167,83.2,97.6,14.399999999999991,18.602502027777778,129.184041859568,27.66666603088379,122.04,40.6,125.04098360655739,-40.343118203592816,-39.60001,45.0,46.0,129.184041859568,123.81053161389214,0,0,96.21697299986785,96.21697299986785,92.2147535091296
1119,2020-07-16T12:42:59,2020-07-16T13:12:09,176,44.4,66.4,22.000000000000007,26.76736401388889,121.66983642676763,29.16666603088379,82.92,27.58,124.87951807228916,-55.06421051136363,-55.0,40.96875,42.0,121.66983642676763,123.75760196607469,0,0,90.62035215695322,90.62035215695322,92.17533122119345
1120,2020-07-16T13:12:20,2020-07-16T13:40:10,168,66.4,87.2,20.799999999999997,25.565281722222217,122.91000827991452,27.83333396911621,109.07,36.28,125.0802752293578,-55.110722797619054,-55.0,41.86011904761905,43.0,122.91000827991452,123.75760196607469,0,0,91.54403885998381,91.54403885998381,92.17533122119345
1121,2020-07-16T13:40:21,2020-07-16T13:57:31,104,87.2,97.6,10.399999999999991,13.331110902777779,128.18375868055568,17.16666603088379,122.01,40.58,125.01024590163935,-46.624999326923074,-44.39999,42.29807692307692,43.0,128.18375868055568,123.75760196607469,0,0,95.47195667864239,95.47195667864239,92.17533122119345
1123,2020-07-16T20:36:39,2020-07-16T21:02:39,157,60.0,68.8,8.799999999999997,11.223328999999996,127.53782954545454,26.0,85.98,28.6,124.97093023255816,-25.899989999999992,-25.89999,41.0,42.0,127.53782954545454,123.81053161389214,0,0,94.99086516565647,94.99086516565647,92.2147535091296
1124,2020-07-16T21:02:50,2020-07-16T21:32:30,179,69.2,79.2,10.0,12.806106166666662,128.0610616666666,29.66666603088379,99.0,32.93,125.0,-25.899989999999995,-25.89999,41.0,42.0,128.0610616666666,123.85368110171818,0,0,95.38057127915657,95.38057127915657,92.24689148101339
1127,2020-07-17T07:05:31,2020-07-17T07:51:43,279,11.6,40.0,28.4,34.7270077,122.27819612676058,46.20000076293945,49.96,16.61,124.89999999999999,-45.10001,-45.10001,36.45340501792115,39.0,122.27819612676058,123.81053161389214,0,0,91.07346175149632,91.07346175149632,92.2147535091296
1129,2020-07-17T08:05:44,2020-07-17T08:27:14,130,43.6,56.8,13.199999999999996,16.162920250000006,122.44636553030313,21.5,71.01,23.62,125.01760563380283,-45.10616384615385,-45.10001,38.526923076923076,40.0,122.44636553030313,123.81053161389214,0,0,91.19871523270918,91.19871523270918,92.2147535091296
1130,2020-07-17T08:27:25,2020-07-17T08:57:25,181,56.8,75.2,18.400000000000006,22.550005000000002,122.55437499999998,30.0,94.00999,31.27,125.01328457446809,-45.10001,-45.10001,39.4060773480663,41.0,122.55437499999998,123.81053161389214,0,0,91.27916126985089,91.27916126985089,92.2147535091296
1131,2020-07-17T08:57:36,2020-07-17T09:32:56,213,75.2,96.4,21.200000000000003,26.458059763888894,124.80216869758911,35.33333206176758,120.54,40.09,125.0414937759336,-44.928176150234734,-44.5,39.997652582159624,41.0,124.80216869758911,123.81053161389214,0,0,92.9533301718064,92.9533301718064,92.2147535091296
1134,2020-07-17T17:06:21,2020-07-17T17:41:41,213,37.2,70.4,33.2,40.33014006944445,121.47632551037483,35.33333206176758,88.03,29.28,125.04261363636363,-68.48920389671362,-67.89999,44.83098591549296,47.0,121.47632551037483,123.81053161389214,0,0,90.47622417992346,90.47622417992346,92.2147535091296
1135,2020-07-17T17:41:52,2020-07-17T18:07:42,156,70.4,91.2,20.799999999999997,25.859444416666665,124.32425200320515,25.83333396911621,114.0,37.92,125.0,-60.037820448717945,-44.89999,46.631410256410255,48.0,124.32425200320515,123.81053161389214,0,0,92.59737523327215,92.59737523327215,92.2147535091296
1137,2020-07-18T02:08:25,2020-07-18T03:12:43,483,32.4,92.0,59.6,73.36842039166666,123.10137649608501,64.30000305175781,115.05,38.27,125.05434782608695,-68.43789165631469,-44.10001,40.237060041407865,43.0,123.10137649608501,123.79876256448412,0,0,91.68657094230032,91.68657094230032,92.2059878574839
1139,2020-07-18T07:29:13,2020-07-18T07:53:33,147,47.6,62.8,15.199999999999996,18.33111516666667,120.59944188596496,24.33333396911621,78.41,26.08,124.85668789808916,-45.200010000000006,-45.20001,39.13265306122449,42.0,120.59944188596496,123.79876256448412,0,0,89.82311651430648,89.82311651430648,92.2059878574839
1140,2020-07-18T07:53:44,2020-07-18T08:19:04,153,62.8,78.4,15.600000000000009,19.021670875000005,121.93378766025639,25.33333396911621,97.95,32.58,124.93622448979592,-44.90458509803923,0.0,39.5,42.0,121.93378766025639,123.68031867807538,0,0,90.81694446309486,90.81694446309486,92.1177702103462
1141,2020-07-18T08:26:35,2020-07-18T08:53:25,162,78.4,94.8,16.39999999999999,20.151810097222228,122.87689083672096,26.83333396911621,118.52,39.43,125.0210970464135,-45.05001018518519,-42.30002,39.0,41.0,122.87689083672096,123.58247877800764,0,0,91.51937280919526,91.51937280919526,92.04489852366092
1146,2020-07-19T00:39:11,2020-07-19T01:06:51,167,28.0,54.4,26.4,32.26916858333333,122.23169917929292,27.66666603088379,67.92,22.59,124.85294117647058,-69.98084239520958,-69.70001,37.34131736526946,40.0,122.23169917929292,123.58247877800764,0,0,91.03883057356852,91.03883057356852,92.04489852366092
1147,2020-07-19T01:07:02,2020-07-19T01:36:22,177,54.8,82.4,27.60000000000001,34.206113611111114,123.93519424315618,29.33333396911621,102.98,34.26,124.9757281553398,-69.9666718079096,-69.70001,40.045197740113,42.0,123.93519424315618,123.68031867807538,0,0,92.30760290957669,92.30760290957669,92.1177702103462
1150,2020-07-19T13:50:46,2020-07-19T14:20:36,180,27.6,56.4,28.799999999999997,34.796112722222226,120.81983584104941,29.83333396911621,70.46,23.43,124.9290780141844,-69.98055872222223,-69.70001,41.827777777777776,44.0,120.81983584104941,123.58247877800764,0,0,89.9872671239363,89.9872671239363,92.04489852366092
1151,2020-07-19T14:20:47,2020-07-19T14:39:17,112,56.4,73.6,17.199999999999996,20.798611875000002,120.92216206395354,18.5,92.1,30.64,125.13586956521739,-67.46518107142857,-67.10001,43.986607142857146,45.0,120.92216206395354,123.52085540359327,0,0,90.06348024813201,90.06348024813201,91.99900110114001
1153,2020-07-19T16:07:36,2020-07-19T16:27:26,120,83.6,97.6,14.0,17.966668555555557,128.33334682539683,19.83333396911621,122.1,40.62,125.10245901639344,-54.37583908333334,-44.10001,43.27916666666667,44.0,128.33334682539683,123.68031867807538,0,0,95.58337073788763,95.58337073788763,92.1177702103462
1154,2020-07-19T22:02:40,2020-07-19T22:20:10,106,59.6,76.0,16.4,20.45472429166667,124.72392860772361,17.5,94.93999,31.58,124.9210394736842,-70.13113924528302,-69.80002,40.52358490566038,42.0,124.72392860772361,123.68031867807538,0,0,92.89505652975485,92.89505652975485,92.1177702103462
1155,2020-07-19T22:20:21,2020-07-19T22:49:01,173,76.0,98.0,22.0,27.168336833333335,123.49244015151515,28.66666603088379,122.51,40.76,125.01020408163266,-56.73757953757225,0.0,41.03468208092485,43.0,123.49244015151515,123.68031867807538,0,0,91.97783726772352,91.97783726772352,92.1177702103462
1156,2020-07-20T01:43:45,2020-07-20T02:05:25,131,66.8,87.2,20.400000000000006,25.298891583333333,124.01417442810452,21.66666603088379,108.98,36.25,124.9770642201835,-70.05725938931299,-69.70001,39.465648854961835,41.0,124.01417442810452,123.68031867807538,0,0,92.36642777844834,92.36642777844834,92.1177702103462
1160,2020-07-20T15:01:58,2020-07-20T15:25:43,144,3.6,26.0,22.4,27.471385208333338,122.64011253720241,23.75,32.38,10.77,124.53846153846155,-69.40137958333334,-69.30002,41.12847222222222,43.0,122.64011253720241,123.68031867807538,0,0,91.34301905122493,91.34301905122493,92.1177702103462
1161,2020-07-20T15:25:54,2020-07-20T15:51:04,152,26.0,49.6,23.6,28.765134861111115,121.88616466572505,25.16666603088379,61.88,20.58,124.75806451612904,-68.57630618421052,-66.80002,43.14473684210526,45.0,121.88616466572505,123.55362229549962,0,0,90.78147459922438,90.78147459922438,92.02340605943408
1162,2020-07-20T15:51:15,2020-07-20T16:24:25,200,50.0,79.6,29.599999999999994,36.97582930555554,124.91834224849849,33.16666793823242,99.59,33.13,125.11306532663318,-66.89099270000001,-66.80002,45.9825,48.0,124.91834224849849,123.68031867807538,0,0,93.03985686078627,93.03985686078627,92.1177702103462
1165,2020-07-20T22:10:15,2020-07-20T22:37:15,163,41.2,60.0,18.799999999999997,22.58889338888889,120.15368823877071,27.0,74.91,24.91,124.85,-50.19755601226994,-50.10001,41.20552147239264,44.0,120.15368823877071,123.55362229549962,0,0,89.49111678725579,89.49111678725579,92.02340605943408
1166,2020-07-20T22:37:26,2020-07-20T23:09:36,194,60.0,82.0,22.0,26.912227583333337,122.32830719696972,32.16666793823242,102.59,34.12,125.10975609756099,-50.19897907216495,-50.10001,42.45103092783505,44.0,122.32830719696972,123.55362229549962,0,0,91.11078474758705,91.11078474758705,92.02340605943408
1167,2020-07-20T23:09:47,2020-07-20T23:34:47,151,82.0,97.6,15.599999999999994,19.83555972222222,127.15102386039891,25.0,122.08,40.61,125.08196721311475,-47.60398350993378,-44.60001,42.5,44.0,127.15102386039891,123.68031867807538,0,0,94.7027701995952,94.7027701995952,92.1177702103462
1168,2020-07-21T17:58:23,2020-07-21T18:20:43,135,24.8,40.0,15.2,18.507226555555555,121.75806944444444,22.33333396911621,49.98,16.63,124.94999999999999,-49.72149303703704,-49.70001,35.27777777777778,37.0,121.75806944444444,123.68031867807538,0,0,90.68606858568003,90.68606858568003,92.1177702103462
1169,2020-07-21T18:20:54,2020-07-21T18:52:34,191,40.0,62.0,22.0,26.23056083333333,119.22982196969696,31.66666603088379,77.49,25.78,124.98387096774192,-49.70001,-49.70001,37.32722513089005,39.0,119.22982196969696,123.55362229549962,0,0,88.8030161938126,88.8030161938126,92.02340605943408
1170,2020-07-21T18:52:45,2020-07-21T19:22:45,181,62.4,82.4,20.000000000000007,24.850005000000003,124.25002499999998,30.0,103.01,34.27,125.01213592233009,-49.70000999999999,-49.70001,38.5,39.0,124.25002499999998,123.55362229549962,0,0,92.54209055986786,92.54209055986786,92.02340605943408
1174,2020-07-22T22:15:01,2020-07-22T22:42:01,163,57.6,76.0,18.4,22.454995499999995,122.0380190217391,27.0,95.07999,31.63,125.10525,-49.89999,-49.89999,34.74846625766871,36.0,122.0380190217391,123.29690832380008,0,0,90.89457654480681,90.89457654480681,91.83220410501193
1175,2020-07-22T22:42:12,2020-07-22T23:12:22,182,76.0,95.6,19.599999999999994,24.45457830555555,124.76825666099774,30.16666603088379,119.56,39.77,125.06276150627616,-48.63075923076923,-44.39999,35.362637362637365,36.0,124.76825666099774,123.29690832380008,0,0,92.92807230355803,92.92807230355803,91.83220410501193
1178,2020-07-23T06:01:28,2020-07-23T06:31:08,179,39.6,68.0,28.4,34.772921513888896,122.4398644855243,29.66666603088379,84.96,28.26,124.94117647058822,-70.3273840782123,-70.20001,37.20949720670391,40.0,122.4398644855243,123.08363926155603,0,0,91.19387321940047,91.19387321940047,91.67336015410079
1179,2020-07-23T06:31:19,2020-07-23T06:58:39,165,68.4,92.4,24.0,29.962918138888895,124.8454922453704,27.33333396911621,115.53,38.43,125.03246753246752,-65.72303345454546,-44.80002,38.95151515151515,41.0,124.8454922453704,123.08363926155603,0,0,92.98559778448616,92.98559778448616,91.67336015410079
1181,2020-07-23T14:06:52,2020-07-23T14:31:52,151,28.8,52.8,23.999999999999996,29.162360680555558,121.50983616898151,25.0,66.04,21.97,125.07575757575758,-69.99006523178808,-69.89999,40.688741721854306,43.0,121.50983616898151,122.98795515347078,0,0,90.50118309967822,90.50118309967822,91.60209411294254
1182,2020-07-23T14:32:03,2020-07-23T15:01:23,177,53.2,80.8,27.599999999999994,34.19791423611111,123.90548636272143,29.33333396911621,101.14,33.64,125.17326732673268,-69.9502775141243,-69.89999,43.02824858757062,44.0,123.90548636272143,122.98795515347078,0,0,92.28547631956968,92.28547631956968,91.60209411294254
1183,2020-07-23T15:01:34,2020-07-23T15:26:04,148,81.2,97.6,16.39999999999999,21.468470277777776,130.90530657181577,24.5,122.02,40.59,125.02049180327869,-52.6067520945946,-44.30002,43.851351351351354,45.0,130.90530657181577,122.98795515347078,0,0,97.49898026609043,97.49898026609043,91.60209411294254
1185,2020-07-24T01:10:02,2020-07-24T01:39:22,177,18.0,46.4,28.4,34.245418875,120.5824608274648,29.33333396911621,57.92,19.26,124.82758620689657,-70.04746214689266,-70.0,41.01129943502825,44.0,120.5824608274648,122.98795515347078,0,0,89.81046893010257,89.81046893010257,91.60209411294254
1186,2020-07-24T01:39:33,2020-07-24T02:10:43,188,46.4,75.2,28.800000000000004,35.40000212499999,122.91667404513885,31.16666603088379,94.12,31.3,125.15957446808511,-68.15319558510639,-67.39999,43.577127659574465,45.0,122.91667404513885,122.99128803608295,0,0,91.54900355797112,91.54900355797112,91.60457646193619
1187,2020-07-24T02:10:54,2020-07-24T02:27:34,101,75.2,88.4,13.200000000000003,16.74486184722222,126.85501399410771,16.66666603088379,110.59,36.79,125.10180995475113,-60.23960663366336,-44.39999,44.32673267326733,46.0,126.85501399410771,122.99128803608295,0,0,94.4823004503703,94.4823004503703,91.60457646193619
1188,2020-07-24T07:05:25,2020-07-24T07:23:35,110,40.8,58.4,17.6,21.354445305555554,121.33207559974745,18.16666603088379,72.98,24.27,124.96575342465755,-70.52818463636363,-70.39999,39.43636363636364,42.0,121.33207559974745,122.91334116252668,0,0,90.36878606638965,90.36878606638965,91.54652120897747
1189,2020-07-24T07:23:46,2020-07-24T07:57:06,201,58.4,90.0,31.6,38.82597663888889,122.86701468002813,33.33333206176758,112.54,37.43,125.04444444444445,-69.82637606965173,-45.0,41.11194029850746,43.0,122.86701468002813,122.89344955831774,0,0,91.51201699428051,91.51201699428051,91.53170583458953
1194,2020-07-24T15:41:31,2020-07-24T16:09:51,171,46.4,73.2,26.800000000000004,33.197782666666676,123.8723233830846,28.33333396911621,91.50999,30.44,125.01364754098361,-70.30176473684212,-69.0,43.514619883040936,45.0,123.8723233830846,122.89344955831774,0,0,92.26077635299191,92.26077635299191,91.53170583458953
1195,2020-07-24T16:10:02,2020-07-24T16:41:22,189,73.2,96.4,23.200000000000003,29.02597727777778,125.11197102490421,31.33333396911621,120.62,40.12,125.12448132780082,-55.59101497354497,-45.60001,44.01058201058201,45.0,125.11197102490421,122.89344955831774,0,0,93.18407262059102,93.18407262059102,91.53170583458953
1198,2020-07-24T23:37:00,2020-07-25T00:03:40,161,75.6,96.4,20.80000000000001,25.859168541666666,124.32292568108967,26.66666603088379,120.52,40.09,125.0207468879668,-58.17702291925466,-44.20001,41.0,42.0,124.32292568108967,122.91334116252668,0,0,92.59638738138784,92.59638738138784,91.54652120897747
1200,2020-07-25T04:22:36,2020-07-25T04:49:06,160,47.6,72.8,25.199999999999996,30.96250368055556,122.86707809744273,26.5,91.05,30.28,125.06868131868131,-70.10375831249999,-70.0,40.1,42.0,122.86707809744273,122.91334116252668,0,0,91.51206422791387,91.51206422791387,91.54652120897747
1201,2020-07-25T04:49:17,2020-07-25T05:18:37,177,72.8,96.4,23.60000000000001,29.313473583333334,124.20963382768356,29.33333396911621,120.59,40.12,125.09336099585062,-59.94407056497175,-44.39999,40.652542372881356,43.0,124.20963382768356,122.91334116252668,0,0,92.51200699629251,92.51200699629251,91.54652120897747
1203,2020-07-25T13:58:27,2020-07-25T14:35:37,224,36.0,61.2,25.200000000000003,30.662777805555557,121.67768970458555,37.16666793823242,76.43,25.42,124.88562091503269,-49.50044647321429,-49.39999,41.720982142857146,44.0,121.67768970458555,122.89344955831774,0,0,90.62620132074227,90.62620132074227,91.53170583458953
1204,2020-07-25T14:35:48,2020-07-25T15:12:45,223,61.6,86.0,24.4,30.484305611111115,124.93567873406195,36.95000076293945,107.56,35.78,125.06976744186046,-49.50089695067265,-49.5,43.15470852017937,44.0,124.93567873406195,122.91334116252668,0,0,93.05276916898907,93.05276916898907,91.54652120897747
1205,2020-07-25T15:12:56,2020-07-25T15:32:06,116,86.0,97.6,11.599999999999994,14.72138901388889,126.90852598180085,19.16666603088379,122.05,40.6,125.05122950819673,-46.090517672413796,-44.0,43.5,44.0,126.90852598180085,123.00902527061193,0,0,94.52215646819515,94.52215646819515,91.61778725013572
1208,2020-07-26T01:01:55,2020-07-26T01:22:15,123,50.4,62.8,12.399999999999999,15.325978736111118,123.59660271057355,20.33333396911621,78.48,26.1,124.96815286624205,-45.14717365853659,-26.20001,40.28048780487805,42.0,123.59660271057355,123.00902527061193,0,0,92.05541810501776,92.05541810501776,91.61778725013572
1209,2020-07-26T01:22:26,2020-07-26T01:50:26,169,63.2,80.0,16.799999999999997,21.140009333333335,125.83338888888892,28.0,100.0,33.27,125.0,-45.30002000000002,-45.30002,40.798816568047336,42.0,125.83338888888892,123.00902527061193,0,0,93.72138854708987,93.72138854708987,91.61778725013572
1211,2020-07-26T06:35:46,2020-07-26T07:24:10,365,46.4,91.2,44.800000000000004,55.24851627638889,123.32258097408233,48.400001525878906,114.05,37.94,125.0548245614035,-68.47123580821918,-44.10001,39.394520547945206,41.0,123.32258097408233,123.00902527061193,0,0,91.85132523377895,91.85132523377895,91.61778725013572
1212,2020-07-26T16:07:47,2020-07-26T17:11:09,476,25.2,84.4,59.2,72.71236581111111,122.82494224849849,63.36666488647461,105.48,35.08,124.97630331753554,-68.84874394957984,-67.20001,42.627100840336134,45.0,122.82494224849849,123.00902527061193,0,0,91.48068121975098,91.48068121975098,91.61778725013572
1213,2020-07-26T23:53:39,2020-07-27T00:15:09,130,35.6,56.0,20.4,25.0755555,122.91938970588237,21.5,69.99,23.28,124.98214285714283,-69.97769223076924,-69.80002,39.26923076923077,41.0,122.91938970588237,123.01038310098369,0,0,91.55102619677909,91.55102619677909,91.6187985695397
1214,2020-07-27T00:15:20,2020-07-27T00:44:30,176,56.0,83.6,27.599999999999994,34.027916680555556,123.2895531904187,29.16666603088379,104.56,34.78,125.07177033492823,-70.00056823863636,-69.89999,40.69034090909091,43.0,123.2895531904187,123.19546484325186,0,0,91.82672596189316,91.82672596189316,91.75664845209674
1215,2020-07-27T00:44:41,2020-07-27T01:05:01,123,84.0,97.6,13.599999999999994,17.705418027777778,130.18689726307196,20.33333396911621,122.02,40.59,125.02049180327869,-52.28536991869918,-44.30002,41.13008130081301,43.0,130.18689726307196,123.19546484325186,0,0,96.96390512780518,96.96390512780518,91.75664845209674
1216,2020-07-27T14:35:36,2020-07-27T15:01:36,157,34.0,59.2,25.200000000000003,30.79319709722222,122.19522657627864,26.0,74.03,24.62,125.05067567567566,-71.06115261146496,-71.0,39.382165605095544,42.0,122.19522657627864,123.19546484325186,0,0,91.01166558160091,91.01166558160091,91.75664845209674
1217,2020-07-27T15:01:47,2020-07-27T15:33:57,194,59.6,90.0,30.4,37.730004569444446,124.11185713633041,32.16666793823242,112.56,37.44,125.06666666666666,-70.31495695876289,-45.5,41.56185567010309,43.0,124.11185713633041,123.19546484325186,0,0,92.43918238779972,92.43918238779972,91.75664845209674
1220,2020-07-28T00:47:24,2020-07-28T01:14:14,162,33.2,58.8,25.599999999999994,31.339308791666667,122.41917496744794,26.83333396911621,73.43999,24.43,124.89794217687074,-70.07531586419753,-70.0,39.50617283950617,42.0,122.41917496744794,123.10447144815053,0,0,91.17846355444901,91.17846355444901,91.68887607933613
1221,2020-07-28T01:14:25,2020-07-28T01:39:45,153,59.2,83.2,24.0,29.586669666666673,123.27779027777781,25.33333396911621,104.01,34.6,125.01201923076923,-70.07386333333334,-70.0,41.40196078431372,43.0,123.27779027777781,123.28367173409825,0,0,91.8179648809448,91.8179648809448,91.82234542141899
1223,2020-07-28T13:10:29,2020-07-28T13:32:59,136,14.4,36.0,21.6,26.174728472222228,121.1792984825103,22.5,44.83,14.91,124.52777777777777,-69.79928139705883,-69.70001,39.591911764705884,42.0,121.1792984825103,123.28367173409825,0,0,90.25499684325801,90.25499684325801,91.82234542141899
1224,2020-07-28T13:33:10,2020-07-28T14:07:30,207,36.0,68.8,32.8,39.64806470833334,120.8782460619919,34.33333206176758,86.03,28.62,125.04360465116281,-69.28455700483093,-67.30002,42.67874396135266,45.0,120.8782460619919,123.28367173409825,0,0,90.03077137237476,90.03077137237476,91.82234542141899
1225,2020-07-28T14:07:41,2020-07-28T14:36:01,171,68.8,91.2,22.400000000000006,27.995421236111117,124.97955908978174,28.33333396911621,114.01,37.92,125.0109649122807,-59.26433713450293,-44.30002,44.30409356725146,45.0,124.97955908978174,123.30606708225051,0,0,93.08545149523262,93.08545149523262,91.83902559783606
1227,2020-07-28T21:58:59,2020-07-28T22:33:57,263,52.4,85.2,32.800000000000004,40.741015606944444,124.2104134358062,34.96666717529297,106.61,35.47,125.12910798122066,-69.90836790874525,-69.70001,40.4828897338403,42.0,124.2104134358062,123.30606708225051,0,0,92.51258765263836,92.51258765263836,91.83902559783606
1228,2020-07-29T15:42:33,2020-07-29T16:10:42,212,50.0,76.4,26.400000000000006,32.77252986388889,124.1383706965488,28.149999618530273,95.52,31.77,125.0261780104712,-69.8528345754717,-69.60001,39.31367924528302,41.0,124.1383706965488,123.40751056279873,0,0,92.45892983083479,92.45892983083479,91.91458125075124
1230,2020-07-30T08:05:55,2020-07-30T08:27:15,129,35.2,56.0,20.799999999999997,24.87986020833333,119.6147125400641,21.33333396911621,69.99,23.28,124.98214285714283,-69.97441604651162,-69.89999,35.17829457364341,37.0,119.6147125400641,123.40751056279873,0,0,89.08968477209703,89.08968477209703,91.91458125075124
1231,2020-07-30T08:34:56,2020-07-30T09:00:36,155,55.6,80.0,24.4,29.936249180555556,122.68954582194901,25.66666603088379,99.96,33.25,124.94999999999999,-69.98064322580646,-69.89999,36.76129032258064,38.0,122.68954582194901,123.30606708225051,0,0,91.37983722903769,91.37983722903769,91.83902559783606
1232,2020-07-30T09:00:47,2020-07-30T09:26:27,155,80.0,97.6,17.599999999999994,22.119584972222224,125.6794600694445,25.66666603088379,122.12,40.62,125.12295081967214,-51.64322967741937,-13.30002,37.12258064516129,38.0,125.6794600694445,123.30606708225051,0,0,93.60674152992591,93.60674152992591,91.83902559783606
1233,2020-07-30T15:56:32,2020-07-30T16:23:22,162,39.2,65.2,26.0,31.747638708333334,122.10630272435897,26.83333396911621,81.59,27.14,125.13803680981596,-70.9882711728395,-70.80002,41.69135802469136,44.0,122.10630272435897,123.28367173409825,0,0,90.945434615794,90.945434615794,91.82234542141899
1234,2020-07-30T16:23:33,2020-07-30T16:52:43,176,65.2,90.4,25.200000000000003,30.95333501388889,122.83069449955909,29.16666603088379,113.03,37.6,125.03318584070796,-63.64375346590909,-45.20001,43.62215909090909,45.0,122.83069449955909,123.0985899918301,0,0,91.48496552744888,91.48496552744888,91.68449553886194
1236,2020-07-31T01:30:22,2020-07-31T01:51:52,130,17.6,38.4,20.799999999999997,25.529450125000007,122.73774098557698,21.5,47.95,15.95,124.86979166666667,-71.24386192307692,-70.89999,38.48076923076923,41.0,122.73774098557698,123.0985899918301,0,0,91.41573324754559,91.41573324754559,91.68449553886194
1237,2020-07-31T01:52:03,2020-07-31T02:24:53,198,38.4,70.4,32.00000000000001,39.01875840277778,121.93362000868053,32.83333206176758,88.0,29.27,124.99999999999999,-71.30355065656566,-71.20001,41.398989898989896,44.0,121.93362000868053,123.0985899918301,0,0,90.8168195952945,90.8168195952945,91.68449553886194
1238,2020-07-31T02:25:04,2020-07-31T02:47:24,135,70.8,90.8,20.0,25.095555749999995,125.47777874999997,22.33333396911621,113.49,37.75,124.98898678414098,-67.35481533333333,-45.60001,42.803703703703704,45.0,125.47777874999997,123.0985899918301,0,0,93.45652819251796,93.45652819251796,91.68449553886194
1239,2020-07-31T12:38:30,2020-07-31T13:01:50,141,44.4,66.8,22.4,27.245973958333337,121.63381231398813,23.33333396911621,83.58,27.8,125.11976047904193,-70.06099737588653,-69.80002,35.340425531914896,37.0,121.63381231398813,123.0985899918301,0,0,90.5935212029379,90.5935212029379,91.68449553886194
1240,2020-07-31T13:02:01,2020-07-31T13:32:21,183,66.8,92.8,26.0,32.3490285,124.4193403846154,30.33333396911621,116.02,38.59,125.02155172413794,-63.94972825136612,-44.20001,36.81967213114754,38.0,124.4193403846154,123.28367173409825,0,0,92.6681975739812,92.6681975739812,91.82234542141899
1242,2020-08-01T01:15:41,2020-08-01T01:42:41,163,14.4,40.0,25.6,31.564309319444444,123.29808327907986,27.0,49.92,16.61,124.8,-70.14233963190185,-69.89999,34.41104294478528,37.0,123.29808327907986,123.28367173409825,0,0,91.83307921805842,91.83307921805842,91.82234542141899
1243,2020-08-01T01:42:52,2020-08-01T02:14:42,192,40.4,71.2,30.800000000000004,37.18875294444445,120.74270436507938,31.83333396911621,89.07999,29.64,125.11234550561795,-70.09427640625,-69.80002,37.466145833333336,40.0,120.74270436507938,123.28367173409825,0,0,89.92981918350947,89.92981918350947,91.82234542141899
1244,2020-08-01T02:14:53,2020-08-01T02:45:13,183,71.2,95.6,24.39999999999999,30.481808527777783,124.92544478597456,30.33333396911621,119.52,39.76,125.02092050209205,-60.27596224043716,-44.20001,39.0,40.0,124.92544478597456,123.29381823474928,0,0,93.04514686910875,93.04514686910875,91.82990258997579
1247,2020-08-01T09:46:03,2020-08-01T10:15:13,176,48.4,76.4,28.000000000000007,34.071947819444446,121.68552792658727,29.16666603088379,95.45,31.75,124.93455497382199,-70.09091602272728,-69.80002,38.21875,40.0,121.68552792658727,123.28367173409825,0,0,90.63203927087798,90.63203927087798,91.82234542141899
1248,2020-08-01T10:15:24,2020-08-01T10:43:34,170,76.8,97.6,20.799999999999997,26.383753069444445,126.8449666800214,28.16666603088379,122.01,40.58,125.01024590163935,-56.20883005882354,-44.20001,39.14411764705882,41.0,126.8449666800214,123.29381823474928,0,0,94.47481715650329,94.47481715650329,91.82990258997579
1249,2020-08-01T15:06:35,2020-08-01T15:29:05,136,57.2,70.8,13.599999999999994,16.87763915277778,124.10028788807195,22.5,88.49,29.44,124.98587570621469,-45.007353676470586,-45.0,36.0,38.0,124.10028788807195,123.29381823474928,0,0,92.4305655491307,92.4305655491307,91.82990258997579
1250,2020-08-01T15:29:16,2020-08-01T16:01:06,192,70.8,90.0,19.200000000000003,23.875,124.34895833333331,31.83333396911621,112.52,37.43,125.02222222222221,-45.0,-45.0,36.473958333333336,38.0,124.34895833333331,123.3103321265811,0,0,92.6157766415626,92.6157766415626,91.84220222591868
1253,2020-08-02T02:50:03,2020-08-02T03:18:33,172,9.6,27.2,17.6,21.375,121.44886363636363,28.5,33.93,11.29,124.74264705882352,-45.0,-45.0,30.808139534883722,32.0,121.44886363636363,123.29381823474928,0,0,90.45577042764705,90.45577042764705,91.82990258997579
1254,2020-08-02T03:18:44,2020-08-02T03:52:24,203,27.2,48.0,20.8,25.25,121.39423076923076,33.66666793823242,59.88,19.92,124.75000000000001,-45.0,-45.0,31.88423645320197,34.0,121.39423076923076,123.29381823474928,0,0,90.41507957275383,90.41507957275383,91.82990258997579
1255,2020-08-02T03:52:35,2020-08-02T04:20:15,167,48.0,65.2,17.200000000000003,20.75,120.6395348837209,27.66666603088379,81.54,27.13,125.06134969325154,-45.0,-45.0,33.65568862275449,35.0,120.6395348837209,123.28367173409825,0,0,89.85297799585665,89.85297799585665,91.82234542141899
1256,2020-08-02T04:20:26,2020-08-02T04:47:56,166,65.2,82.0,16.799999999999997,20.625,122.76785714285715,27.5,102.5,34.09,125.00000000000001,-45.0,-45.0,34.174698795180724,36.0,122.76785714285715,123.0985899918301,0,0,91.43816392435502,91.43816392435502,91.68449553886194
1257,2020-08-02T04:48:07,2020-08-02T05:14:47,161,82.0,97.6,15.599999999999994,19.897916666666667,127.5507478632479,26.66666603088379,122.04,40.6,125.04098360655739,-44.77018633540373,-44.5,34.79503105590062,36.0,127.5507478632479,123.28367173409825,0,0,95.0004867986108,95.0004867986108,91.82234542141899
1258,2020-08-02T12:30:14,2020-08-02T12:50:13,121,52.0,64.4,12.400000000000006,14.999558858333339,120.96418434139784,19.983333587646484,80.43,26.75,124.8913043478261,-44.96777842975206,-28.39999,33.33471074380165,34.0,120.96418434139784,123.28367173409825,0,0,90.09477866762757,90.09477866762757,91.82234542141899
1260,2020-08-02T12:53:22,2020-08-02T13:24:52,190,66.4,85.2,18.799999999999997,23.678338583333336,125.94860948581564,31.5,106.54,35.44,125.04694835680752,-45.10158894736842,-45.10001,33.90526315789474,35.0,125.94860948581564,123.28367173409825,0,0,93.80720547078992,93.80720547078992,91.82234542141899
1261,2020-08-02T13:25:03,2020-08-02T13:45:43,125,85.6,98.0,12.400000000000006,15.431253444444446,124.44559229390677,20.66666603088379,122.51,40.76,125.01020408163266,-44.80081,-44.60001,34.476,35.0,124.44559229390677,123.29381823474928,0,0,92.68775013799085,92.68775013799085,91.82990258997579
1264,2020-08-03T00:23:58,2020-08-03T00:50:28,160,28.8,45.2,16.400000000000002,19.96333775,121.72766920731705,26.5,56.48,18.79,124.95575221238937,-45.200010000000006,-45.20001,33.44375,35.0,121.72766920731705,123.29381823474928,0,0,90.66342632466412,90.66342632466412,91.82990258997579
1265,2020-08-03T00:50:39,2020-08-03T01:19:39,175,45.2,63.6,18.4,21.84556038888889,118.72587167874399,29.0,79.52,26.45,125.0314465408805,-45.19772428571429,-45.10001,35.06857142857143,37.0,118.72587167874399,123.28367173409825,0,0,88.42767129176497,88.42767129176497,91.82234542141899
1266,2020-08-03T01:19:50,2020-08-03T01:53:00,200,63.6,84.0,20.4,24.985561083333337,122.47824060457519,33.16666793823242,105.0,34.93,125.0,-45.20001000000001,-45.20001,36.0,37.0,122.47824060457519,123.0985899918301,0,0,91.22245596040632,91.22245596040632,91.68449553886194
1267,2020-08-03T01:53:11,2020-08-03T02:16:11,139,84.0,97.6,13.599999999999994,17.231531611111116,126.70243831699354,23.0,122.1,40.62,125.10245901639344,-44.95180856115108,-44.70001,36.0,37.0,126.70243831699354,123.0985899918301,0,0,94.36866126093165,94.36866126093165,91.68449553886194
1268,2020-08-03T07:56:00,2020-08-03T08:25:30,178,50.0,78.0,28.0,34.71833754166667,123.99406264880953,29.5,97.50999,32.44,125.01280769230769,-70.61349168539326,-70.5,35.03932584269663,37.0,123.99406264880953,123.28367173409825,0,0,92.35144841646562,92.35144841646562,91.82234542141899
1269,2020-08-03T08:25:41,2020-08-03T08:51:51,158,78.4,97.6,19.19999999999999,24.299168958333336,126.5581716579862,26.16666603088379,122.01,40.58,125.01024590163935,-55.731017911392414,-45.0,36.43037974683544,38.0,126.5581716579862,123.28367173409825,0,0,94.26121067311385,94.26121067311385,91.82234542141899
1270,2020-08-04T04:40:57,2020-08-04T05:07:17,159,23.2,39.2,16.000000000000004,19.975143402777775,124.84464626736107,26.33333396911621,48.93,16.27,124.82142857142857,-45.51321779874215,-45.10001,30.60691823899371,32.0,124.84464626736107,123.29381823474928,0,0,92.9849676954898,92.9849676954898,91.82990258997579
1271,2020-08-04T05:07:28,2020-08-04T05:37:28,181,39.6,58.8,19.199999999999996,22.167918750000002,115.45791015625004,30.0,73.43999,24.43,124.89794217687074,-44.33536325966851,-43.39999,32.574585635359114,34.0,115.45791015625004,123.28367173409825,0,0,85.99367587678779,85.99367587678779,91.82234542141899
1272,2020-08-04T05:37:39,2020-08-04T06:07:19,179,58.8,76.4,17.60000000000001,21.014169847222224,119.39869231376258,29.66666603088379,95.54,31.78,125.05235602094241,-42.50056513966481,-41.70001,33.69553072625698,35.0,119.39869231376258,123.0985899918301,0,0,88.92879173931769,88.92879173931769,91.68449553886194
1273,2020-08-04T06:07:30,2020-08-04T06:37:20,180,76.4,92.8,16.39999999999999,20.320558944444443,123.90584722222226,29.83333396911621,116.0,38.58,125.00000000000001,-40.86834016666667,-40.0,34.0,35.0,123.90584722222226,123.0985899918301,0,0,92.28574508967742,92.28574508967742,91.68449553886194
1276,2020-08-04T17:15:38,2020-08-04T17:51:28,216,19.2,41.2,22.000000000000004,26.756261736111124,121.61937152777782,35.83333206176758,51.42,17.1,124.80582524271844,-44.80140847222223,-44.80002,36.236111111111114,38.0,121.61937152777782,122.87504210272073,0,0,90.58276562727316,90.58276562727316,91.51799586211399
1277,2020-08-04T17:51:39,2020-08-04T18:23:19,191,41.2,61.6,20.4,23.644455000000008,115.90419117647063,31.66666603088379,77.02,25.62,125.03246753246752,-44.800019999999996,-44.80002,38.15706806282723,40.0,115.90419117647063,122.8278183740288,0,0,86.32606839412053,86.32606839412053,91.48282337359993
1278,2020-08-04T18:23:30,2020-08-04T18:56:20,198,61.6,82.0,20.4,24.51556650000001,120.17434558823534,32.83333206176758,102.51,34.1,125.01219512195124,-44.800019999999996,-44.80002,39.0,40.0,120.17434558823534,122.79927582120811,0,0,89.50650249285128,89.50650249285128,91.46156472590195
1281,2020-08-05T03:10:36,2020-08-05T03:39:46,176,32.4,53.2,20.800000000000004,24.35917141666667,117.11140104166665,29.16666603088379,66.42,22.1,124.84962406015038,-50.11023704545455,-50.0,33.58522727272727,36.0,117.11140104166665,122.75279906421707,0,0,87.22520483026801,87.22520483026801,91.4269485859503
1282,2020-08-05T03:39:57,2020-08-05T04:11:17,189,53.2,75.2,22.0,26.172227416666672,118.9646700757576,31.33333396911621,94.00999,31.27,125.01328457446809,-50.11694116402116,-50.0,35.388888888888886,37.0,118.9646700757576,122.713643403763,0,0,88.60552962927423,88.60552962927423,91.39778523829165
1283,2020-08-05T04:11:28,2020-08-05T04:38:28,163,75.2,93.2,18.0,22.098615611111114,122.77008672839509,27.0,116.52,38.76,125.0214592274678,-49.09448852760736,-43.60001,36.05521472392638,38.0,122.77008672839509,122.713643403763,0,0,91.43982453172119,91.43982453172119,91.39778523829165
1285,2020-08-05T13:03:55,2020-08-05T13:33:15,177,40.0,68.4,28.400000000000006,33.99597404166666,119.70413394953049,29.33333396911621,85.49,28.44,124.98538011695905,-69.53729186440678,-69.5,32.38135593220339,35.0,119.70413394953049,122.713643403763,0,0,89.15628632145551,89.15628632145551,91.39778523829165
1286,2020-08-05T13:33:26,2020-08-05T14:04:56,190,68.4,94.8,26.39999999999999,32.07764325000001,121.50622443181825,31.5,118.57,39.44,125.07383966244726,-61.07527147368422,-43.0,34.257894736842104,36.0,121.50622443181825,122.5838932132621,0,0,90.49849305830688,90.49849305830688,91.30114659472201
1288,2020-08-05T20:58:48,2020-08-05T21:20:38,132,45.6,66.8,21.199999999999996,25.60874906944445,120.79598617662478,21.83333396911621,83.49,27.77,124.98502994011977,-70.3749975,-70.30002,31.803030303030305,34.0,120.79598617662478,122.5838932132621,0,0,89.96950376489468,89.96950376489468,91.30114659472201
1289,2020-08-05T21:20:49,2020-08-05T21:50:59,182,67.2,93.6,26.39999999999999,31.962775708333332,121.07112010732327,30.16666603088379,117.07,38.94,125.07478632478633,-63.53680912087913,-43.80002,33.214285714285715,35.0,121.07112010732327,122.29227166446708,0,0,90.17442500439377,90.17442500439377,91.08394528810015
1294,2020-08-06T06:18:09,2020-08-06T06:50:59,198,44.0,76.0,32.0,38.36528280555556,119.89150876736112,32.83333206176758,95.06,31.62,125.07894736842105,-70.1091001010101,-70.0,33.601010101010104,36.0,119.89150876736112,122.29227166446708,0,0,89.29584409909235,89.29584409909235,91.08394528810015
1295,2020-08-06T06:51:10,2020-08-06T07:19:20,170,76.0,97.6,21.599999999999994,26.525975,122.80543981481485,28.16666603088379,122.02,40.59,125.02049180327869,-56.50706476470589,-43.39999,35.108823529411765,37.0,122.80543981481485,122.5838932132621,0,0,91.46615570167491,91.46615570167491,91.30114659472201
1299,2020-08-06T16:34:03,2020-08-06T16:50:43,101,54.8,69.6,14.799999999999997,18.008336166666673,121.67794707207214,16.66666603088379,87.04,28.95,125.05747126436783,-64.82971326732672,-64.70001,38.55940594059406,40.0,121.67794707207214,122.29227166446708,0,0,90.62639300943812,90.62639300943812,91.08394528810015
1302,2020-08-07T00:57:58,2020-08-07T01:54:33,425,21.2,76.4,55.2,66.22091220833333,119.96542066727052,56.58333206176758,95.50999,31.77,125.01307591623036,-70.21930411764707,-70.0,37.656470588235294,41.0,119.96542066727052,122.01996136651975,0,0,89.35089408185787,89.35089408185787,90.88112710554425
1303,2020-08-07T02:08:49,2020-08-07T02:30:58,167,76.4,95.6,19.19999999999999,22.227169159722227,115.76650604022,22.149999618530273,119.54,39.76,125.0418410041841,-60.180845029940116,-43.39999,39.874251497005986,41.0,115.76650604022,121.83064460799879,0,0,86.22351976004455,86.22351976004455,90.74012295997932
1305,2020-08-07T16:10:29,2020-08-07T16:41:29,187,36.4,66.8,30.4,36.24667183333334,119.23247313596492,31.0,83.46,27.76,124.94011976047905,-70.15509021390375,-70.10001,39.12032085561497,41.0,119.23247313596492,121.83064460799879,0,0,88.8049907967864,88.8049907967864,90.74012295997932
1306,2020-08-07T16:41:40,2020-08-07T17:09:00,165,67.2,92.0,24.799999999999997,30.29278188888889,122.14831406810038,27.33333396911621,115.0,38.25,125.0,-66.43819084848487,-43.5,41.11818181818182,42.0,122.14831406810038,121.83064460799879,0,0,90.9767248918085,90.9767248918085,90.74012295997932
1307,2020-08-08T00:35:50,2020-08-08T01:32:50,428,28.4,83.6,55.199999999999996,66.40977971666668,120.30757195048312,57.0,104.57,34.78,125.08373205741627,-69.90490859813085,-69.70001,39.595794392523366,43.0,120.30757195048312,121.70659856695215,0,0,89.60573020793701,89.60573020793701,90.64773279777106
1308,2020-08-08T12:58:54,2020-08-08T13:34:47,270,59.6,92.0,32.4,39.70872379444445,122.55778948902608,35.88333511352539,115.02,38.26,125.02173913043477,-66.35852114814813,-43.10001,36.84074074074074,38.0,122.55778948902608,121.70659856695215,0,0,91.28170439974298,91.28170439974298,90.64773279777106
1310,2020-08-08T22:43:31,2020-08-08T23:12:11,173,32.8,61.2,28.400000000000006,33.47028026388889,117.85309952073551,28.66666603088379,76.55,25.46,125.08169934640523,-70.05434046242775,-70.0,38.73410404624278,41.0,117.85309952073551,121.6817374993297,0,0,87.7776258685584,87.7776258685584,90.62921614015805
1311,2020-08-08T23:12:22,2020-08-08T23:39:22,163,61.2,87.2,26.0,31.517501722222224,121.22116047008548,27.0,109.1,36.29,125.11467889908256,-70.03865411042945,-69.89999,40.52760736196319,42.0,121.22116047008548,121.65587969303013,0,0,90.28617587799219,90.28617587799219,90.609957106188
1312,2020-08-08T23:39:33,2020-08-08T23:56:23,102,87.6,98.0,10.400000000000006,13.21416697222222,127.05929780982898,16.83333396911621,122.53,40.76,125.03061224489797,-46.98137362745098,0.0,40.661764705882355,42.0,127.05929780982898,121.65587969303013,0,0,94.63445214107938,94.63445214107938,90.609957106188
1314,2020-08-09T06:26:33,2020-08-09T06:53:23,162,25.2,42.0,16.8,20.21444891666667,120.32410069444445,26.83333396911621,52.37,17.42,124.69047619047619,-45.200010000000006,-45.20001,35.5679012345679,37.0,120.32410069444445,121.62659192088297,0,0,89.61804090582629,89.61804090582629,90.58814341510552
1315,2020-08-09T06:53:34,2020-08-09T07:23:34,181,42.0,61.2,19.200000000000003,22.600005000000003,117.708359375,30.0,76.46,25.43,124.93464052287581,-45.200010000000006,-45.20001,37.01933701657459,39.0,117.708359375,121.56279797979803,0,0,87.66982262526484,87.66982262526484,90.54062934279003
1316,2020-08-09T07:23:45,2020-08-09T07:51:55,170,61.6,79.2,17.6,21.218893583333337,120.56189535984849,28.16666603088379,99.05,32.95,125.06313131313131,-45.200010000000006,-45.20001,37.5,39.0,120.56189535984849,121.47754403409094,0,0,89.79515165860461,89.79515165860461,90.47713174297697
1317,2020-08-09T07:52:06,2020-08-09T08:23:16,188,79.2,97.6,18.39999999999999,23.19347741666667,126.05150769927545,31.16666603088379,122.1,40.62,125.10245901639344,-44.64947808510638,-43.70001,37.795212765957444,39.0,126.05150769927545,121.47754403409094,0,0,93.8838446166448,93.8838446166448,90.47713174297697
1318,2020-08-09T16:25:25,2020-08-09T16:47:55,136,24.0,45.6,21.6,26.126251569444445,120.95486837705761,22.5,57.02,18.96,125.04385964912281,-69.43015125,-8.0,42.31617647058823,45.0,120.95486837705761,121.47754403409094,0,0,90.08784008700653,90.08784008700653,90.47713174297697
1319,2020-08-09T16:48:06,2020-08-09T17:17:46,179,46.0,73.2,27.200000000000003,32.641251875,120.00460248161764,29.66666603088379,91.46,30.42,124.94535519125682,-66.01564631284916,-65.70001,44.55865921787709,46.0,120.00460248161764,121.4215472027972,0,0,89.38007690907752,89.38007690907752,90.43542500020044
1320,2020-08-09T17:17:57,2020-08-09T17:47:47,180,73.2,94.8,21.599999999999994,27.00389151388889,125.01801626800416,29.83333396911621,118.51,39.42,125.01054852320677,-54.310560888888894,-43.10001,45.21388888888889,47.0,125.01801626800416,121.4215472027972,0,0,93.11409460954778,93.11409460954778,90.43542500020044
1323,2020-08-10T03:24:57,2020-08-10T03:52:17,165,15.6,42.0,26.4,31.916529916666672,120.89594665404042,27.33333396911621,52.55,17.48,125.11904761904762,-70.06061072727272,-69.80002,38.54242424242424,41.0,120.89594665404042,121.30769561965812,0,0,90.04395486905668,90.04395486905668,90.35062772537302
1324,2020-08-10T03:52:28,2020-08-10T04:22:38,182,42.4,72.0,29.6,35.20722388888889,118.94332394894894,30.16666603088379,90.06,29.96,125.08333333333334,-70.02527802197802,-69.80002,41.222527472527474,44.0,118.94332394894894,121.14614028870437,0,0,88.58963091858803,88.58963091858803,90.23030044119298
1325,2020-08-10T04:22:49,2020-08-10T04:52:09,177,72.0,95.6,23.599999999999994,29.32305665277778,124.25024005414318,29.33333396911621,119.54,39.76,125.0418410041841,-59.96101920903954,-43.30002,42.48870056497175,44.0,124.25024005414318,121.14614028870437,0,0,92.54225073335672,92.54225073335672,90.23030044119298
1327,2020-08-10T16:22:07,2020-08-10T16:54:07,193,10.8,42.0,31.2,37.359029625,119.74047956730769,32.0,52.49,17.46,124.97619047619048,-70.04819,-69.80002,40.63212435233161,43.0,119.74047956730769,121.01765222436055,0,0,89.18335673413182,89.18335673413182,90.13460183601066
1328,2020-08-10T16:54:18,2020-08-10T17:22:18,169,42.0,68.8,26.799999999999997,31.636808319444448,118.04779223673303,28.0,85.93999,28.59,124.9127761627907,-67.7946804733728,-65.89999,43.47041420118343,45.0,118.04779223673303,120.95952635922772,0,0,87.92263405632487,87.92263405632487,90.09130937731705
1329,2020-08-10T17:22:29,2020-08-10T17:49:49,165,68.8,90.8,22.0,27.065002569444445,123.0227389520202,27.33333396911621,113.62,37.79,125.13215859030839,-59.38242981818182,-43.30002,44.74848484848485,46.0,123.0227389520202,121.01765222436055,0,0,91.62800127421173,91.62800127421173,90.13460183601066
1331,2020-08-11T01:53:45,2020-08-11T03:59:58,947,19.6,98.0,78.4,94.38572236666666,120.3899519982993,126.21666717529297,122.51,40.76,125.01020408163266,-44.86779310454065,-43.5,39.17951425554382,42.0,120.3899519982993,120.95952635922772,0,0,89.66708731305897,89.66708731305897,90.09130937731705
1333,2020-08-11T16:27:23,2020-08-11T16:57:13,180,34.4,63.6,29.200000000000003,34.98569509722223,119.81402430555555,29.83333396911621,79.56,26.47,125.09433962264151,-70.36222355555556,-70.30002,38.81666666666667,41.0,119.81402430555555,120.92540751554901,0,0,89.23813325290625,89.23813325290625,90.0658974780316
1334,2020-08-11T16:57:24,2020-08-11T17:31:14,204,63.6,93.6,29.999999999999993,36.77319172222222,122.57730574074077,33.83333206176758,117.09,38.94,125.09615384615385,-65.17352460784313,-43.70001,40.872549019607845,42.0,122.57730574074077,120.92540751554901,0,0,91.2962402095633,91.2962402095633,90.0658974780316
1337,2020-08-12T03:29:43,2020-08-12T03:57:43,169,21.2,36.8,15.599999999999998,18.666666666666668,119.65811965811969,28.0,45.94,15.28,124.83695652173913,-40.0,-40.0,34.00295857988166,36.0,119.65811965811969,120.8459664153326,0,0,89.12201462836904,89.12201462836904,90.00672931697568
1338,2020-08-12T03:57:54,2020-08-12T04:27:34,179,36.8,53.6,16.800000000000004,19.77777777777778,117.7248677248677,29.66666603088379,66.91,22.25,124.8320895522388,-40.0,-40.0,35.279329608938546,38.0,117.7248677248677,120.67894076823663,0,0,87.6821181335229,87.6821181335229,89.88232771174964
1339,2020-08-12T04:27:45,2020-08-12T04:58:05,183,53.6,70.8,17.199999999999996,20.22222222222222,117.57105943152457,30.33333396911621,88.43,29.41,124.90112994350284,-40.0,-40.0,36.45628415300546,38.0,117.57105943152457,120.4759236790739,0,0,87.56756088485098,87.56756088485098,89.73111948583178
1340,2020-08-12T04:58:16,2020-08-12T05:29:26,188,70.8,88.0,17.200000000000003,20.77777777777778,120.80103359173124,31.16666603088379,109.99,36.59,124.98863636363636,-40.0,-40.0,36.5,38.0,120.80103359173124,120.67894076823663,0,0,89.97326310696222,89.97326310696222,89.88232771174964
1344,2020-08-13T08:55:22,2020-08-13T09:20:22,151,50.4,74.4,24.000000000000007,29.22097638888889,121.754068287037,25.0,93.03,30.94,125.04032258064514,-70.13047357615895,-70.10001,30.688741721854306,32.0,121.754068287037,120.67894076823663,0,0,90.68308850200485,90.68308850200485,89.88232771174964
1345,2020-08-13T09:20:33,2020-08-13T09:50:33,181,74.8,97.6,22.799999999999997,28.526949430555558,125.11819925682263,30.0,122.08,40.61,125.08196721311475,-57.05360116022101,-43.70001,32.35635359116022,33.0,125.11819925682263,120.67894076823663,0,0,93.18871144140594,93.18871144140594,89.88232771174964
1346,2020-08-13T20:40:53,2020-08-13T21:06:33,155,34.4,59.6,25.200000000000003,29.89527911111112,118.63205996472666,25.66666603088379,74.46,24.77,124.93288590604027,-69.88516432258065,-69.60001,34.39354838709677,37.0,118.63205996472666,120.4759236790739,0,0,88.35779981983434,88.35779981983434,89.73111948583178
1347,2020-08-13T21:06:44,2020-08-13T21:36:14,178,59.6,88.0,28.4,34.32500347222223,120.86268828247265,29.5,109.99,36.59,124.98863636363636,-69.8123666292135,-69.60001,36.45505617977528,38.0,120.86268828247265,120.4759236790739,0,0,90.01918385405287,90.01918385405287,89.73111948583178
1350,2020-08-14T22:24:42,2020-08-14T22:58:42,205,3.6,27.2,23.599999999999998,28.276660999999997,119.81636016949152,34.0,33.82,11.25,124.33823529411764,-49.89999,-49.89999,36.0,37.0,119.81636016949152,120.35702634637187,0,0,89.23987301699803,89.23987301699803,89.64256410944263
1351,2020-08-14T22:58:53,2020-08-14T23:29:53,187,27.2,48.8,21.599999999999998,25.7816615,119.3595439814815,31.0,60.92,20.26,124.8360655737705,-49.899989999999995,-49.89999,37.163101604278076,39.0,119.3595439814815,120.35702634637187,0,0,88.89963384972191,88.89963384972191,89.64256410944263
1352,2020-08-14T23:30:04,2020-08-14T23:59:24,177,48.8,69.2,20.400000000000006,24.39555066666666,119.5860326797385,29.33333396911621,86.45,28.76,124.92774566473987,-49.89999,-49.89999,38.929378531073446,41.0,119.5860326797385,120.35702634637187,0,0,89.06832385702683,89.06832385702683,89.64256410944263
1353,2020-08-14T23:59:35,2020-08-15T00:23:50,147,69.2,85.2,16.0,20.167912625,126.04945390625,24.25,106.55,35.44,125.05868544600939,-49.89999,-49.89999,39.5,41.0,126.04945390625,120.35702634637187,0,0,93.88231494049259,93.88231494049259,89.64256410944263
1354,2020-08-15T00:24:01,2020-08-15T00:44:33,125,85.6,97.6,12.0,15.698024955555555,130.81687462962964,20.53333282470703,122.04,40.6,125.04098360655739,-45.861591759999996,-43.39999,39.5,41.0,130.81687462962964,120.35702634637187,0,0,97.43311567731328,97.43311567731328,89.64256410944263
1355,2020-08-15T05:05:07,2020-08-15T05:21:47,101,66.8,82.8,16.0,19.33333581944445,120.8333488715278,16.66666603088379,103.55,34.44,125.06038647342996,-69.6009991089109,-69.5,36.618811881188115,38.0,120.8333488715278,120.4759236790739,0,0,89.99733170211462,89.99733170211462,89.73111948583178
1356,2020-08-15T05:21:58,2020-08-15T05:42:58,127,82.8,97.6,14.799999999999997,18.490556444444444,124.93619219219222,21.0,122.07,40.6,125.0717213114754,-52.859057637795274,-43.10001,37.01574803149607,39.0,124.93619219219222,120.67894076823663,0,0,93.05315159538125,93.05315159538125,89.88232771174964
1358,2020-08-15T10:52:37,2020-08-15T11:10:10,107,78.0,92.8,14.799999999999997,17.884652681944445,120.84224785097601,17.549999237060547,116.0,38.58,125.00000000000001,-60.98504654205607,-43.20001,35.6588785046729,37.0,120.84224785097601,120.798509884178,0,0,90.00395971013302,90.00395971013302,89.97138343592846
1360,2020-08-15T16:10:51,2020-08-15T16:39:51,175,40.4,68.8,28.4,33.96667312500001,119.60096170774652,29.0,86.1,28.64,125.1453488372093,-70.27544182857145,-70.0,39.18,41.0,119.60096170774652,120.798509884178,0,0,89.07944307782287,89.07944307782287,89.97138343592846
1361,2020-08-15T16:40:02,2020-08-15T17:09:52,180,68.8,94.4,25.60000000000001,31.29444311111111,122.24391840277775,29.83333396911621,118.05,39.27,125.0529661016949,-62.904997277777774,-43.39999,40.38333333333333,42.0,122.24391840277775,120.798509884178,0,0,91.04793151730117,91.04793151730117,89.97138343592846
1363,2020-08-16T00:43:07,2020-08-16T01:06:27,141,49.6,65.6,15.999999999999993,19.523059527777775,122.01912204861115,23.33333396911621,81.98,27.26,124.96951219512198,-50.20213787234044,-50.20001,36.0,37.0,122.01912204861115,120.81719123162952,0,0,90.88050197702692,90.88050197702692,89.98529740453841
1364,2020-08-16T01:06:38,2020-08-16T01:35:38,175,65.6,86.0,20.400000000000006,24.272783555555556,118.98423311546837,29.0,107.53,35.77,125.03488372093024,-50.219440514285715,-50.20001,36.0,37.0,118.98423311546837,120.798509884178,0,0,88.62010028704705,88.62010028704705,89.97138343592846
1365,2020-08-16T01:35:49,2020-08-16T01:54:49,115,86.0,97.6,11.599999999999994,14.631809527777776,126.1362890325671,19.0,122.08,40.61,125.08196721311475,-46.212186434782616,-43.70001,36.030434782608694,38.0,126.1362890325671,120.81719123162952,0,0,93.94699021217497,93.94699021217497,89.98529740453841
1367,2020-08-16T06:57:20,2020-08-16T07:35:30,230,24.0,50.4,26.4,31.642092430555568,119.85641072180138,38.16666793823242,62.88,20.91,124.76190476190476,-49.743057782608695,-49.70001,35.095652173913045,38.0,119.85641072180138,120.68146447578987,0,0,89.26970288495043,89.26970288495043,89.88420738278342
1368,2020-08-16T07:35:41,2020-08-16T08:01:21,155,50.8,68.8,18.0,21.293201986111114,118.2955665895062,25.66666603088379,85.99,28.61,124.98546511627907,-49.7761466451613,-49.70001,37.145161290322584,39.0,118.2955665895062,120.68146447578987,0,0,88.1071777342255,88.1071777342255,89.88420738278342
1369,2020-08-16T08:01:32,2020-08-16T08:30:12,173,68.8,88.0,19.200000000000003,23.78792568055556,123.89544625289352,28.66666603088379,110.04,36.6,125.04545454545455,-49.78845815028901,-49.70001,37.5,39.0,123.89544625289352,120.68146447578987,0,0,92.27799839147328,92.27799839147328,89.88420738278342
1372,2020-08-16T15:56:25,2020-08-16T16:25:35,176,37.2,65.6,28.39999999999999,34.416676388888895,121.18548024256657,29.16666603088379,81.99,27.27,124.98475609756099,-70.80002,-70.80002,40.76420454545455,43.0,121.18548024256657,120.68146447578987,0,0,90.25960105157867,90.25960105157867,89.88420738278342
1373,2020-08-16T16:25:46,2020-08-16T16:56:16,184,66.0,93.2,27.200000000000003,33.53667043055555,123.29658246527777,30.5,116.58,38.78,125.08583690987123,-65.92772483695653,-44.20001,42.6875,44.0,123.29658246527777,120.81719123162952,0,0,91.83196140382228,91.83196140382228,89.98529740453841
1376,2020-08-17T02:26:58,2020-08-17T02:47:58,127,40.4,61.2,20.800000000000004,24.64610888888889,118.4909081196581,21.0,76.41,25.42,124.85294117647058,-70.41731645669292,-70.30002,37.10629921259842,39.0,118.4909081196581,120.81719123162952,0,0,88.25266916228294,88.25266916228294,89.98529740453841
1379,2020-08-17T03:02:19,2020-08-17T03:21:09,114,72.4,90.0,17.599999999999994,21.331943069444442,121.20422198547983,18.83333396911621,112.6,37.46,125.1111111111111,-67.86490798245615,-43.80002,38.771929824561404,40.0,121.20422198547983,120.83779836125191,0,0,90.27356000305517,90.27356000305517,90.00064570612382
1381,2020-08-17T08:35:36,2020-08-17T08:59:06,142,56.4,71.2,14.800000000000004,17.700142902777777,119.59556015390386,23.5,88.96,29.59,124.94382022471908,-45.181700422535215,-42.30002,35.5,37.0,119.59556015390386,120.81719123162952,0,0,89.07541997130944,89.07541997130944,89.98529740453841
1383,2020-08-17T10:40:40,2020-08-17T11:00:30,120,78.8,91.2,12.400000000000006,14.919170069444442,120.31588765680996,19.83333396911621,114.05,37.94,125.0548245614035,-45.12834366666667,-43.70001,34.0,35.0,120.31588765680996,120.81719123162952,0,0,89.6119237909803,89.6119237909803,89.98529740453841
1385,2020-08-17T19:53:58,2020-08-17T20:22:58,175,34.4,52.8,18.4,21.684584013888895,117.85100007548313,29.0,65.89,21.92,124.79166666666666,-44.86514422857143,-44.80002,34.705714285714286,37.0,117.85100007548313,120.68146447578987,0,0,87.77606219038069,87.77606219038069,89.88420738278342
1386,2020-08-17T20:23:09,2020-08-17T20:41:39,112,52.8,64.4,11.600000000000009,13.833611194444448,119.25526891762446,18.5,80.49,26.78,124.98447204968943,-44.86517901785715,-44.80002,36.0,37.0,119.25526891762446,120.68146447578987,0,0,88.82196921824523,88.82196921824523,89.88420738278342
1388,2020-08-18T08:45:03,2020-08-18T09:15:43,185,71.2,90.0,18.799999999999997,22.91070079166667,121.86542974290784,30.66666603088379,112.56,37.44,125.06666666666666,-44.82541778378379,-44.80002,31.664864864864864,33.0,121.86542974290784,120.68146447578987,0,0,90.76603111657639,90.76603111657639,89.88420738278342
1391,2020-08-18T17:23:11,2020-08-18T17:57:04,205,52.0,84.8,32.8,39.49689996805555,120.41737795138889,33.88333511352539,106.05,35.27,125.05896226415095,-69.94048282926829,-69.80002,38.97560975609756,41.0,120.41737795138889,120.48963665561868,0,0,89.68751431123871,89.68751431123871,89.74133298492166
1392,2020-08-18T17:57:15,2020-08-18T18:16:55,119,84.8,97.6,12.799999999999997,16.324165180555557,127.53254047309031,19.66666603088379,122.04,40.6,125.04098360655739,-49.8596594117647,-43.30002,40.0,41.0,127.53254047309031,120.68146447578987,0,0,94.98692583595648,94.98692583595648,89.88420738278342
1394,2020-08-18T23:41:17,2020-08-19T00:13:27,194,66.8,81.2,14.400000000000006,17.038469152777772,118.32270244984561,32.16666793823242,101.55,33.78,125.06157635467979,-31.818550979381442,-25.89999,33.615979381443296,36.0,118.32270244984561,120.68146447578987,0,0,88.1273886697561,88.1273886697561,89.88420738278342
1397,2020-08-19T08:07:04,2020-08-19T08:41:04,205,27.2,48.8,21.599999999999998,25.500277805555555,118.05684169238684,34.0,61.0,20.29,125.0,-45.000487853658534,-45.0,29.597560975609756,32.0,118.05684169238684,120.60920577156006,0,0,87.92937413983498,87.92937413983498,89.83038870910048
1398,2020-08-19T08:41:15,2020-08-19T09:13:25,194,48.8,69.2,20.400000000000006,24.130000499999998,118.28431617647054,32.16666793823242,86.43999,28.75,124.91328034682078,-45.00927927835052,-45.0,31.70876288659794,33.0,118.28431617647054,120.40366497484409,0,0,88.0987983657547,88.0987983657547,89.67730081214884
1399,2020-08-19T09:13:36,2020-08-19T09:40:36,163,69.6,86.0,16.400000000000006,20.284725694444447,123.68735179539291,27.0,107.59,35.79,125.1046511627907,-45.07730834355828,-45.0,32.469325153374236,34.0,123.68735179539291,120.40366497484409,0,0,92.12300851415915,92.12300851415915,89.67730081214884
1400,2020-08-19T09:40:47,2020-08-19T10:00:27,119,86.4,97.6,11.199999999999989,14.472224236111108,129.21628782242072,19.66666603088379,122.12,40.62,125.12295081967214,-44.15378764705882,-43.5,32.936974789915965,34.0,129.21628782242072,120.60920577156006,0,0,96.24098996738562,96.24098996738562,89.83038870910048
1401,2020-08-19T19:49:05,2020-08-19T20:57:40,515,44.4,98.0,53.6,64.63339402638888,120.58469034774045,68.58333587646484,122.51,40.76,125.01020408163266,-56.49029574757282,0.0,31.500970873786407,34.0,120.58469034774045,120.50103414956467,0,0,89.81212948886105,89.81212948886105,89.74982190004988
1403,2020-08-20T18:53:44,2020-08-20T19:24:44,187,35.2,66.0,30.799999999999997,36.739727388888895,119.28482918470421,31.0,82.57,27.47,125.1060606060606,-71.10910090909091,-71.10001,38.06951871657754,41.0,119.28482918470421,120.40366497484409,0,0,88.84398586502714,88.84398586502714,89.67730081214884
1404,2020-08-20T19:24:55,2020-08-20T19:52:45,168,66.0,92.0,26.0,31.491254430555564,121.12020934829063,27.83333396911621,115.05,38.27,125.05434782608695,-67.82560476190477,-44.5,40.208333333333336,42.0,121.12020934829063,120.50103414956467,0,0,90.21098693653919,90.21098693653919,89.74982190004988
1405,2020-08-21T03:46:19,2020-08-21T04:18:49,196,16.4,48.0,31.6,37.81334144444444,119.66247292545708,32.5,60.05,19.97,125.10416666666667,-69.8091986734694,-69.70001,35.048469387755105,38.0,119.66247292545708,120.40366497484409,0,0,89.12525696542424,89.12525696542424,89.67730081214884
1406,2020-08-21T04:19:00,2020-08-21T04:48:40,179,48.0,77.2,29.200000000000003,34.53541959722223,118.27198492199392,29.66666603088379,96.46,32.09,124.9481865284974,-69.84693329608939,-69.80002,38.23184357541899,40.0,118.27198492199392,120.40366497484409,0,0,88.08961398073352,88.08961398073352,89.67730081214884
1407,2020-08-21T04:48:51,2020-08-21T05:16:31,167,77.2,97.6,20.39999999999999,25.746807166666663,126.20983905228762,27.66666603088379,122.08,40.61,125.08196721311475,-55.84072203592815,-43.20001,39.39221556886228,41.0,126.20983905228762,120.50103414956467,0,0,94.00177066461877,94.00177066461877,89.74982190004988
1408,2020-08-21T17:51:52,2020-08-21T18:11:22,118,13.2,32.4,19.2,22.771807625,118.60316471354167,19.5,40.37,13.43,124.59876543209876,-70.06695550847458,-70.0,39.33050847457627,41.0,118.60316471354167,120.40366497484409,0,0,88.33627848048722,88.33627848048722,89.67730081214884
1409,2020-08-21T18:11:33,2020-08-21T18:33:36,134,32.4,54.0,21.6,25.74226553194444,119.1771552404835,22.049999237060547,67.49,22.45,124.98148148148147,-70.04701940298507,-69.89999,41.41417910447761,43.0,119.1771552404835,120.36663280409942,0,0,88.76378972907455,88.76378972907455,89.64971905110951
1410,2020-08-21T18:33:47,2020-08-21T19:07:52,206,54.4,86.4,32.00000000000001,38.76382243055555,121.13694509548607,34.08333206176758,108.08,35.95,125.09259259259258,-68.18884024271844,-43.5,43.53398058252427,45.0,121.13694509548607,120.50103414956467,0,0,90.2234518115567,90.2234518115567,89.74982190004988
1411,2020-08-21T19:08:03,2020-08-21T19:27:53,120,86.4,97.6,11.199999999999989,14.454028430555555,129.0538252728176,19.83333396911621,122.04,40.6,125.04098360655739,-43.725002,-43.39999,43.708333333333336,45.0,129.0538252728176,120.50103414956467,0,0,96.11998698184931,96.11998698184931,89.74982190004988
1412,2020-08-22T15:02:59,2020-08-22T16:17:50,562,25.2,88.0,62.8,74.68003180833334,118.91724810244162,74.8499984741211,110.01,36.59,125.01136363636364,-59.86370430604982,-59.70001,35.304270462633454,38.0,118.91724810244162,120.50103414956467,0,0,88.57020948709209,88.57020948709209,89.74982190004988
1413,2020-08-22T22:57:57,2020-08-22T23:18:47,126,38.0,55.2,17.200000000000003,20.760974444444454,120.70333979328169,20.83333396911621,68.96,22.94,124.92753623188403,-59.776196904761896,-57.10001,33.44444444444444,36.0,120.70333979328169,120.64401507051107,0,0,89.90050023755228,89.90050023755228,89.85631486320666
1414,2020-08-22T23:18:58,2020-08-22T23:50:18,189,55.6,80.0,24.4,29.707225263888887,121.75092321265937,31.33333396911621,100.04,33.27,125.05,-56.88677835978835,-55.20001,35.198412698412696,37.0,121.75092321265937,120.75218669250646,0,0,90.68074603359995,90.68074603359995,89.93688167225724
1415,2020-08-22T23:50:29,2020-08-23T00:13:49,141,80.4,96.0,15.599999999999994,19.47499958333333,124.83974091880343,23.33333396911621,120.11,39.96,125.11458333333334,-50.07375787234042,-43.39999,35.758865248226954,37.0,124.83974091880343,120.76834433240475,0,0,92.98131416535611,92.98131416535611,89.94891596983345
1417,2020-08-23T06:19:17,2020-08-23T06:46:57,167,29.2,44.4,15.2,18.39832872222222,121.04163633040935,27.66666603088379,55.41,18.43,124.79729729729729,-39.899989999999995,-39.89999,33.362275449101794,35.0,121.04163633040935,120.76834433240475,0,0,90.15246532790103,90.15246532790103,89.94891596983345
1418,2020-08-23T06:47:08,2020-08-23T07:16:38,178,44.4,61.2,16.800000000000004,19.616939694444444,116.7674981812169,29.5,76.43999,25.42,124.90194444444444,-39.89886674157303,-39.80002,34.7247191011236,37.0,116.7674981812169,120.64401507051107,0,0,86.96906411999016,86.96906411999016,89.85631486320666
1419,2020-08-23T07:16:49,2020-08-23T07:52:09,213,61.2,80.8,19.599999999999994,23.49346729166667,119.86462903911568,35.33333206176758,101.07,33.62,125.08663366336634,-39.89435788732395,-39.80002,35.5,37.0,119.86462903911568,120.64401507051107,0,0,89.27582393213049,89.27582393213049,89.85631486320666
1420,2020-08-23T07:52:20,2020-08-23T08:18:20,157,80.8,94.8,14.0,17.286524486111112,123.47517490079365,26.0,118.58,39.45,125.084388185654,-39.891712229299365,-39.80002,35.5,37.0,123.47517490079365,120.64401507051107,0,0,91.96497801561627,91.96497801561627,89.85631486320666
1422,2020-08-23T17:48:27,2020-08-23T18:07:07,113,14.8,27.6,12.8,15.566112125,121.6102509765625,18.66666603088379,34.44,11.46,124.78260869565216,-50.03451654867256,-50.0,38.849557522123895,40.0,121.6102509765625,120.76834433240475,0,0,90.57597259140437,90.57597259140437,89.94891596983345
1423,2020-08-23T18:07:18,2020-08-23T18:38:28,188,28.0,49.6,21.6,25.972916736111113,120.24498488940328,31.16666603088379,61.92,20.59,124.83870967741936,-50.00159590425532,-50.0,40.15425531914894,42.0,120.24498488940328,120.76834433240475,0,0,89.55911502637608,89.55911502637608,89.94891596983345
1424,2020-08-23T18:38:39,2020-08-23T19:12:19,203,49.6,73.2,23.6,28.055555555555557,118.87947269303201,33.66666793823242,91.55,30.45,125.06830601092896,-50.0,-50.0,41.88423645320197,43.0,118.87947269303201,120.76834433240475,0,0,88.54207415787569,88.54207415787569,89.94891596983345
1425,2020-08-23T19:12:30,2020-08-23T19:31:50,117,73.6,86.4,12.800000000000011,16.111944527777776,125.87456662326376,19.33333396911621,108.0,35.93,124.99999999999999,-50.00256435897436,-50.0,42.166666666666664,43.0,125.87456662326376,120.76834433240475,0,0,93.75205794634003,93.75205794634003,89.94891596983345
1426,2020-08-24T00:54:41,2020-08-24T01:20:01,153,38.8,56.8,18.0,21.112361236111113,117.29089575617286,25.33333396911621,70.91,23.58,124.84154929577466,-50.0032683006536,-50.0,38.95424836601307,41.0,117.29089575617286,120.64401507051107,0,0,87.35889346433348,87.35889346433348,89.85631486320666
1427,2020-08-24T01:20:12,2020-08-24T01:53:32,201,56.8,80.0,23.200000000000003,27.77777777777778,119.73180076628351,33.33333206176758,100.0,33.27,125.0,-50.0,-50.0,40.069651741293534,42.0,119.73180076628351,120.50103414956467,0,0,89.17689271619436,89.17689271619436,89.74982190004988
1428,2020-08-24T01:53:43,2020-08-24T02:21:43,169,80.0,97.6,17.599999999999994,22.16875,125.95880681818186,28.0,122.1,40.62,125.10245901639344,-47.5,-43.5,40.5,42.0,125.95880681818186,120.50103414956467,0,0,93.8148004990831,93.8148004990831,89.74982190004988
1430,2020-08-24T13:59:53,2020-08-24T14:28:03,170,41.2,59.2,18.0,21.171949138888895,117.62193966049387,28.16666603088379,74.0,24.62,124.99999999999999,-45.10001,-45.10001,39.12647058823529,41.0,117.62193966049387,120.36663280409942,0,0,87.60545675454583,87.60545675454583,89.64971905110951
1431,2020-08-24T14:28:14,2020-08-24T14:56:14,169,59.2,76.8,17.599999999999994,21.046671333333336,119.5833598484849,28.0,95.97,31.92,124.9609375,-45.10001,-45.10001,40.0,41.0,119.5833598484849,120.36663280409942,0,0,89.06633311785457,89.06633311785457,89.64971905110951
1436,2020-08-24T22:57:40,2020-08-24T23:24:30,162,41.2,67.6,26.39999999999999,31.394866222222227,118.91994781144787,26.83333396911621,84.43,28.08,124.89644970414203,-70.19939413580246,-70.0,39.21913580246913,42.0,118.91994781144787,120.28043627310663,0,0,88.57222024495988,88.57222024495988,89.58551940867818
1437,2020-08-24T23:24:41,2020-08-24T23:58:01,201,67.6,95.6,28.0,34.365143958333334,122.73265699404762,33.33333206176758,119.58,39.78,125.0836820083682,-61.83234741293533,-43.5,40.5,42.0,122.73265699404762,120.28043627310663,0,0,91.41194666316048,91.41194666316048,89.58551940867818
1439,2020-08-25T06:34:05,2020-08-25T06:54:05,121,58.4,77.6,19.199999999999996,23.360001944444445,121.66667679398152,20.0,97.13,32.31,125.16752577319589,-70.0801711570248,-69.70001,36.88429752066116,39.0,121.66667679398152,120.36663280409942,0,0,90.61799884536694,90.61799884536694,89.64971905110951
1440,2020-08-25T06:54:16,2020-08-25T07:18:06,144,77.6,96.4,18.80000000000001,22.972501513888886,122.1941569887706,23.83333396911621,120.59,40.12,125.09336099585062,-57.82569826388889,-43.20001,37.5,39.0,122.1941569887706,120.36663280409942,0,0,91.01086894704062,91.01086894704062,89.64971905110951
1442,2020-08-26T03:26:44,2020-08-26T03:59:14,196,16.8,48.4,31.599999999999998,37.963893527777785,120.13890356891704,32.5,60.43,20.1,124.85537190082646,-70.08725346938775,-70.0,36.09438775510204,39.0,120.13890356891704,120.36663280409942,0,0,89.48010508519378,89.48010508519378,89.64971905110951
1443,2020-08-26T03:59:43,2020-08-26T04:19:03,117,48.4,67.6,19.199999999999996,22.577641041666663,117.59188042534723,19.33333396911621,84.48,28.1,124.97041420118344,-70.06838273504273,-70.0,38.8034188034188,40.0,117.59188042534723,120.36663280409942,0,0,87.5830684736493,87.5830684736493,89.64971905110951
1444,2020-08-26T04:19:14,2020-08-26T04:40:14,127,67.6,88.0,20.400000000000006,24.520835361111118,120.20017333877995,21.0,110.08,36.62,125.0909090909091,-70.05984834645669,-69.89999,39.94488188976378,41.0,120.20017333877995,120.28043627310663,0,0,89.52573914113249,89.52573914113249,89.58551940867818
1446,2020-08-26T14:05:53,2020-08-26T14:35:43,180,32.0,61.2,29.200000000000003,34.76763654166667,119.06724843036528,29.83333396911621,76.56,25.47,125.09803921568628,-69.92388416666667,-69.80002,40.69722222222222,43.0,119.06724843036528,120.22257911409162,0,0,88.68193054252626,88.68193054252626,89.54242708375429
1448,2020-08-26T14:46:35,2020-08-26T15:18:57,196,68.8,95.6,26.799999999999997,32.68012323194444,121.94075832815092,32.36666488647461,119.54,39.76,125.0418410041841,-60.5989762755102,-43.30002,43.08673469387755,44.0,121.94075832815092,120.22257911409162,0,0,90.82213625423982,90.82213625423982,89.54242708375429
1451,2020-08-26T21:27:20,2020-08-26T21:51:40,147,56.8,72.0,15.200000000000003,18.17667073611111,119.58336010599412,24.33333396911621,90.05,29.95,125.06944444444444,-44.80341142857144,-40.20001,34.54421768707483,37.0,119.58336010599412,120.22257911409162,0,0,89.06633330964883,89.06633330964883,89.54242708375429
1452,2020-08-26T21:51:51,2020-08-26T22:20:01,170,72.0,89.2,17.200000000000003,21.043755597222223,122.34741626291986,28.16666603088379,111.52,37.1,125.02242152466367,-44.82707070588236,-44.80002,34.82058823529412,37.0,122.34741626291986,120.22257911409162,0,0,91.12501728324789,91.12501728324789,89.54242708375429
1455,2020-08-27T10:23:50,2020-08-27T10:59:30,215,43.6,66.0,22.4,26.69054961111111,119.15423933531747,35.66666793823242,82.50999,27.44,125.01513636363636,-44.899989999999995,-44.89999,32.937209302325584,34.0,119.15423933531747,120.22257911409162,0,0,88.74672183897847,88.74672183897847,89.54242708375429
1456,2020-08-27T10:59:41,2020-08-27T11:33:51,206,66.0,87.2,21.200000000000003,25.568049861111106,120.60400877882596,34.16666793823242,109.04,36.27,125.04587155963304,-44.899989999999995,-44.89999,33.73543689320388,35.0,120.60400877882596,120.22257911409162,0,0,89.82651796080695,89.82651796080695,89.54242708375429
1457,2020-08-27T11:34:02,2020-08-27T11:52:02,109,87.2,97.6,10.399999999999991,13.176246999999998,126.69468269230778,18.0,122.08,40.61,125.08196721311475,-43.92292577981651,-43.39999,34.27064220183486,35.0,126.69468269230778,120.33118142039609,0,0,94.36288482972355,94.36288482972355,89.6233146688074
1459,2020-08-27T21:04:22,2020-08-27T21:33:42,177,34.0,62.8,28.799999999999997,34.230973097222225,118.85754547646607,29.33333396911621,78.58,26.14,125.12738853503184,-70.01751587570621,-69.89999,38.22316384180791,41.0,118.85754547646607,120.33118142039609,0,0,88.52574264839575,88.52574264839575,89.6233146688074
1460,2020-08-27T21:33:53,2020-08-27T22:05:53,193,62.8,92.0,29.200000000000003,35.63541983333334,122.03910901826484,32.0,115.04,38.27,125.04347826086956,-66.76425461139897,-43.5,40.38341968911917,42.0,122.03910901826484,120.33118142039609,0,0,90.89538838011383,90.89538838011383,89.6233146688074
1463,2020-08-28T12:54:21,2020-08-28T13:21:51,166,51.6,68.8,17.199999999999996,20.71667125,120.44576308139538,27.5,85.95,28.59,124.92732558139537,-45.200010000000006,-45.20001,37.40963855421687,39.0,120.44576308139538,120.34537398539933,0,0,89.70865570957336,89.70865570957336,89.63388536797473
1464,2020-08-28T13:22:02,2020-08-28T13:53:22,189,68.8,88.0,19.200000000000003,23.60444966666667,122.93984201388889,31.33333396911621,110.02,36.59,125.02272727272727,-45.20000999999999,-45.20001,38.2037037037037,39.0,122.93984201388889,120.34537398539933,0,0,91.56625918638774,91.56625918638774,89.63388536797473
1467,2020-08-29T09:01:24,2020-08-29T09:33:24,193,28.8,60.0,31.2,36.92292362500001,118.34270392628208,32.0,75.03,24.96,125.05000000000001,-69.23058300518136,-69.20001,36.652849740932645,39.0,118.34270392628208,120.34537398539933,0,0,88.14228587757329,88.14228587757329,89.63388536797473
1468,2020-08-29T09:33:35,2020-08-29T10:04:45,188,60.4,89.6,29.199999999999996,35.61708863888889,121.97633095509893,31.16666603088379,111.99,37.26,124.98883928571429,-68.5010739893617,-42.80002,38.71010638297872,40.0,121.97633095509893,120.51522671456792,0,0,90.84863093916626,90.84863093916626,89.7603925992172
1470,2020-08-29T15:56:46,2020-08-29T16:30:26,203,41.2,74.0,32.8,39.28166880555556,119.76118538279137,33.66666793823242,92.62,30.81,125.16216216216218,-70.00640778325123,-69.70001,41.95566502463054,44.0,119.76118538279137,120.51522671456792,0,0,89.19877853748041,89.19877853748041,89.7603925992172
1471,2020-08-29T16:30:37,2020-08-29T16:57:47,164,74.0,96.0,22.0,26.866807694444446,122.12185315656566,27.16666603088379,120.1,39.95,125.10416666666667,-59.32195591463416,-43.20001,43.0,44.0,122.12185315656566,120.51522671456792,0,0,90.95701666179774,90.95701666179774,89.7603925992172
1474,2020-08-30T01:31:51,2020-08-30T02:05:01,200,36.4,68.8,32.4,38.711946194444444,119.48131541495198,33.16666793823242,86.04,28.62,125.05813953488374,-70.0320032,-70.0,38.39,41.0,119.48131541495198,120.34537398539933,0,0,88.99032987190645,88.99032987190645,89.63388536797473
1475,2020-08-30T02:05:12,2020-08-30T02:33:32,171,69.2,93.6,24.39999999999999,30.109725763888896,123.40051542577422,28.33333396911621,117.02,38.93,125.02136752136752,-63.72106011695906,-43.5,39.985380116959064,42.0,123.40051542577422,120.34537398539933,0,0,91.90937123486592,91.90937123486592,89.63388536797473
1478,2020-08-30T05:37:28,2020-08-30T06:05:28,169,79.6,97.6,18.0,22.03653227777778,122.42517932098768,28.0,122.08,40.61,125.08196721311475,-47.21894455621302,-43.5,38.5,40.0,122.42517932098768,120.52488593011067,0,0,91.18293562943674,91.18293562943674,89.76758683519016
1480,2020-08-30T14:28:19,2020-08-30T14:56:09,168,29.6,53.2,23.6,27.67903026388889,117.28402654190207,27.83333396911621,66.41,22.09,124.83082706766916,-59.66667202380952,-58.5,41.81547619047619,44.0,117.28402654190207,120.34537398539933,0,0,87.35377723639611,87.35377723639611,89.63388536797473
1481,2020-08-30T14:56:20,2020-08-30T15:25:00,173,53.2,76.0,22.799999999999997,27.204169166666663,119.31653143274853,28.66666603088379,94.96,31.58,124.94736842105262,-56.93931156069366,-55.39999,43.60693641618497,45.0,119.31653143274853,120.34537398539933,0,0,88.8675978708152,88.8675978708152,89.63388536797473
1483,2020-08-31T00:08:19,2020-08-31T00:28:09,120,24.4,44.0,19.6,23.461249958333337,119.70025488945579,19.83333396911621,54.95,18.28,124.88636363636364,-70.97499983333334,-70.80002,38.1875,41.0,119.70025488945579,120.34537398539933,0,0,89.15339717653406,89.15339717653406,89.63388536797473
1484,2020-08-31T00:28:20,2020-08-31T00:59:20,187,44.4,74.8,30.4,36.663192430555554,120.60260667945906,31.0,93.48,31.1,124.97326203208557,-70.96095866310161,-70.89999,40.85828877005348,43.0,120.60260667945906,120.34537398539933,0,0,89.82547366961597,89.82547366961597,89.63388536797473
1485,2020-08-31T00:59:31,2020-08-31T01:17:21,108,74.8,91.2,16.400000000000006,20.106667263888895,122.60162965785906,17.83333396911621,114.05,37.94,125.0548245614035,-67.55555759259258,-44.20001,42.22222222222222,44.0,122.60162965785906,120.52418488042721,0,0,91.31435679457591,91.31435679457591,89.76706468959466
1486,2020-08-31T10:53:33,2020-08-31T11:18:13,149,35.6,59.6,24.0,29.086395069444453,121.19331278935189,24.66666603088379,74.6,24.81,125.16778523489933,-70.74900832214765,-70.20001,35.86577181208054,38.0,121.19331278935189,120.6033077291425,0,0,90.26543477478252,90.26543477478252,89.82599581521146
1487,2020-08-31T11:18:24,2020-08-31T11:48:24,181,60.0,89.2,29.200000000000003,35.437499805555554,121.36130070395735,30.0,111.6,37.12,125.11210762331838,-70.87513779005525,-70.80002,38.14364640883978,40.0,121.36130070395735,120.6033077291425,0,0,90.39055308205354,90.39055308205354,89.82599581521146
1489,2020-08-31T21:56:57,2020-08-31T23:07:48,532,19.2,88.0,68.8,82.64243347638889,120.11981609940246,70.8499984741211,110.02,36.59,125.02272727272727,-69.98646862781953,-69.70001,39.17951127819549,43.0,120.11981609940246,120.52418488042721,0,0,89.46588863467494,89.46588863467494,89.76706468959466
1490,2020-09-01T14:31:39,2020-09-01T14:49:49,110,14.0,31.6,17.6,21.323053777777773,121.1537146464646,18.16666603088379,39.37,13.1,124.5886075949367,-70.42453972727272,-70.30002,40.586363636363636,42.0,121.1537146464646,120.6033077291425,0,0,90.23594186381466,90.23594186381466,89.82599581521146
1491,2020-09-01T14:50:00,2020-09-01T15:30:40,245,32.0,70.8,38.8,46.194578569444445,119.05819218928983,40.66666793823242,88.58,29.46,125.11299435028249,-68.1571358367347,-66.30002,43.785714285714285,46.0,119.05819218928983,120.52418488042721,0,0,88.67518540519741,88.67518540519741,89.76706468959466
1493,2020-09-01T19:27:41,2020-09-01T19:51:11,142,52.0,74.4,22.400000000000006,27.243057250000003,121.62079129464284,23.5,93.03,30.94,125.04032258064514,-69.54577894366197,-65.70001,42.83450704225352,45.0,121.62079129464284,120.52418488042721,0,0,90.58382307731229,90.58382307731229,89.76706468959466
1494,2020-09-01T19:51:22,2020-09-01T20:20:22,175,74.4,95.6,21.19999999999999,25.841529583333337,121.89400746855354,29.0,119.54,39.76,125.0418410041841,-53.471432285714286,-42.89999,43.44571428571429,45.0,121.89400746855354,120.52418488042721,0,0,90.78731596118466,90.78731596118466,89.76706468959466
1497,2020-09-02T14:27:24,2020-09-02T14:54:34,164,36.4,62.8,26.4,31.68222394444445,120.00842403198654,27.16666603088379,78.46,26.1,124.93630573248407,-69.97317451219513,-69.60001,39.8780487804878,42.0,120.00842403198654,120.34537398539933,0,0,89.38292322045909,89.38292322045909,89.63388536797473
1498,2020-09-02T14:54:45,2020-09-02T15:14:35,120,63.2,82.4,19.200000000000003,23.118195930555558,120.40727047164351,19.83333396911621,103.04,34.27,125.04854368932038,-69.93750458333334,-69.60001,41.920833333333334,43.0,120.40727047164351,120.42651677651945,0,0,89.67998620566345,89.67998620566345,89.6943209576184
1500,2020-09-02T22:58:30,2020-09-02T23:30:50,195,17.6,48.8,31.199999999999996,37.66222205555555,120.71225017806269,32.33333206176758,60.9,20.26,124.79508196721311,-69.88153815384615,-66.39999,42.38461538461539,45.0,120.71225017806269,120.52418488042721,0,0,89.90713674032423,89.90713674032423,89.76706468959466
1501,2020-09-02T23:31:01,2020-09-03T00:00:11,176,49.2,76.0,26.799999999999997,32.32388863888889,120.61152477197348,29.16666603088379,95.02,31.61,125.02631578947367,-66.49488585227273,-66.39999,45.07670454545455,47.0,120.61152477197348,120.52418488042721,0,0,89.83211591314945,89.83211591314945,89.76706468959466
1504,2020-09-03T05:01:59,2020-09-03T05:34:09,194,64.4,93.2,28.799999999999997,35.06958625000001,121.76939670138893,32.16666793823242,116.56,38.77,125.06437768240343,-65.37010850515465,-43.20001,40.654639175257735,43.0,121.76939670138893,120.52418488042721,0,0,90.6945051879097,90.6945051879097,89.76706468959466
1507,2020-09-03T15:20:14,2020-09-03T15:48:24,170,22.8,51.2,28.400000000000002,33.95181165277779,119.54863258020347,28.16666603088379,64.01,21.29,125.01953125000001,-72.32354235294117,-72.30002,41.826470588235296,44.0,119.54863258020347,120.52418488042721,0,0,89.04046806063468,89.04046806063468,89.76706468959466
1508,2020-09-03T15:48:35,2020-09-03T16:21:35,199,51.6,82.8,31.199999999999996,37.59403606944444,120.49370535078349,33.0,103.58,34.45,125.09661835748793,-68.3628290954774,-68.20001,44.688442211055275,46.0,120.49370535078349,120.54815601512126,0,0,89.74436337108376,89.74436337108376,89.78491852034986
1510,2020-09-04T14:43:15,2020-09-04T15:10:15,163,22.8,49.2,26.400000000000002,31.77028227777778,120.34197832491583,27.0,61.54,20.47,125.08130081300811,-70.60062349693251,-70.60001,36.8159509202454,39.0,120.34197832491583,120.46973421608944,0,0,89.631356261683,89.631356261683,89.72650954032856
1511,2020-09-04T15:10:26,2020-09-04T15:38:36,170,49.6,77.2,27.6,33.141393444444454,120.0775124798712,28.16666603088379,96.64,32.14,125.18134715025907,-70.59706852941177,-70.5,39.77647058823529,41.0,120.0775124798712,120.46973421608944,0,0,89.43438067007155,89.43438067007155,89.72650954032856
1512,2020-09-04T15:38:47,2020-09-04T16:05:37,162,77.6,97.6,20.0,25.207365583333335,126.03682791666667,26.83333396911621,122.05,40.6,125.05122950819673,-56.37038037037036,-44.10001,40.91358024691358,42.0,126.03682791666667,120.54815601512126,0,0,93.87291103517002,93.87291103517002,89.78491852034986
1513,2020-09-04T22:27:25,2020-09-04T22:50:05,137,58.4,80.4,22.000000000000007,26.415420486111113,120.07009311868683,22.66666603088379,100.61,33.47,125.136815920398,-69.66862321167883,0.0,35.61678832116788,38.0,120.07009311868683,120.46973421608944,0,0,89.42885468973778,89.42885468973778,89.72650954032856
1514,2020-09-04T22:50:16,2020-09-04T23:14:06,144,80.4,98.0,17.599999999999994,21.493614513888893,122.12280973800512,23.83333396911621,122.51,40.76,125.01020408163266,-53.97778631944445,0.0,36.5,38.0,122.12280973800512,120.54815601512126,0,0,90.95772912882701,90.95772912882701,89.78491852034986
1516,2020-09-05T04:28:07,2020-09-05T04:54:27,159,50.4,76.0,25.6,30.790560041666666,120.2756251627604,26.33333396911621,94.93999,31.58,124.9210394736842,-70.15598509433963,-70.0,35.40251572327044,37.0,120.2756251627604,120.54815601512126,0,0,89.58193606767401,89.58193606767401,89.78491852034986
1517,2020-09-05T04:54:38,2020-09-05T05:22:18,168,76.0,97.2,21.200000000000003,25.939724708333337,122.35719202044025,27.66666603088379,121.54,40.42,125.0411522633745,-56.18274351190476,-43.39999,36.44642857142857,38.0,122.35719202044025,120.6033077291425,0,0,91.13229832031602,91.13229832031602,89.82599581521146
1518,2020-09-05T17:29:24,2020-09-05T17:47:54,112,14.0,30.4,16.4,19.98083841666667,121.83438058943094,18.5,37.93,12.62,124.76973684210526,-64.8026949107143,-64.70001,35.330357142857146,37.0,121.83438058943094,120.6033077291425,0,0,90.74290553915402,90.74290553915402,89.82599581521146
1519,2020-09-05T17:48:05,2020-09-05T18:15:35,166,30.4,55.6,25.200000000000003,29.697508138888896,117.84725451940038,27.5,69.57,23.14,125.12589928057551,-64.79459608433734,-64.70001,37.59036144578313,40.0,117.84725451940038,120.54815601512126,0,0,87.77327247995443,87.77327247995443,89.78491852034986
1520,2020-09-05T18:15:46,2020-09-05T18:43:16,166,55.6,80.4,24.800000000000004,29.704173583333343,119.77489348118281,27.5,100.51,33.43,125.01243781094527,-64.80905126506023,-64.70001,39.78012048192771,41.0,119.77489348118281,120.46973421608944,0,0,89.20898840329528,89.20898840329528,89.72650954032856
1521,2020-09-05T18:43:27,2020-09-05T19:00:07,101,80.4,93.2,12.799999999999997,15.77069691666667,123.20856966145838,16.66666603088379,116.58,38.78,125.08583690987123,-56.747533762376236,-43.30002,40.133663366336634,41.0,123.20856966145838,120.54815601512126,0,0,91.76640899156739,91.76640899156739,89.78491852034986
1523,2020-09-06T09:52:25,2020-09-06T10:27:15,210,40.8,52.8,12.0,14.049450250000005,117.07875208333338,34.83333206176758,65.89,21.92,124.79166666666666,-24.20001,-24.20001,31.478571428571428,33.0,117.07875208333338,120.54815601512126,0,0,87.20088770953694,87.20088770953694,89.78491852034986
1525,2020-09-06T10:27:46,2020-09-06T10:56:46,175,53.2,63.2,10.0,11.696671500000003,116.96671500000002,29.0,78.93,26.26,124.88924050632912,-24.200009999999995,-24.20001,32.5,33.0,116.96671500000002,120.54815601512126,0,0,87.11744188397755,87.11744188397755,89.78491852034986
1526,2020-09-06T10:56:57,2020-09-06T11:27:57,187,63.2,73.6,10.399999999999991,12.503338500000003,120.22440865384628,31.0,91.97,30.59,124.95923913043478,-24.20001,-24.20001,32.5,33.0,120.22440865384628,120.54815601512126,0,0,89.54378973485765,89.54378973485765,89.78491852034986
1527,2020-09-06T11:28:08,2020-09-06T11:59:38,190,73.6,84.0,10.400000000000006,12.705005250000003,122.16351201923074,31.5,105.02,34.93,125.02380952380952,-24.200009999999995,-24.20001,32.5,33.0,122.16351201923074,120.54815601512126,0,0,90.98804440800039,90.98804440800039,89.78491852034986
1528,2020-09-06T11:59:49,2020-09-06T12:28:39,174,84.0,93.2,9.200000000000003,11.605143347222224,126.14286246980674,28.83333396911621,116.52,38.76,125.0214592274678,-24.147710402298845,-23.5,32.9367816091954,34.0,126.14286246980674,120.6033077291425,0,0,93.95188614377997,93.95188614377997,89.82599581521146
1530,2020-09-06T23:22:36,2020-09-06T23:45:16,137,21.2,43.2,22.000000000000004,26.47944752777778,120.36112512626262,22.66666603088379,54.02,17.97,125.04629629629629,-70.09197890510949,-70.0,35.63138686131387,38.0,120.36112512626262,120.54815601512126,0,0,89.64561690287132,89.64561690287132,89.78491852034986
1531,2020-09-06T23:45:27,2020-09-07T00:11:37,158,43.2,69.2,26.0,30.551391249999998,117.50535096153845,26.16666603088379,86.53,28.78,125.04335260115606,-70.05380284810127,-70.0,38.33227848101266,40.0,117.50535096153845,120.54815601512126,0,0,87.51862086105616,87.51862086105616,89.78491852034986
1533,2020-09-07T14:59:28,2020-09-07T15:24:08,149,36.0,60.0,24.0,28.818059416666664,120.07524756944444,24.66666603088379,74.91,24.91,124.85,-70.09799597315437,-70.0,37.848993288590606,40.0,120.07524756944444,120.46973421608944,0,0,89.43269375253713,89.43269375253713,89.72650954032856
1534,2020-09-07T15:24:19,2020-09-07T15:53:49,178,60.0,88.8,28.799999999999997,34.45569823611111,119.63784109760803,29.5,110.98,36.92,124.97747747747748,-70.07922117977529,-70.0,39.74438202247191,41.0,119.63784109760803,120.42651677651945,0,0,89.1069110468342,89.1069110468342,89.6943209576184
1536,2020-09-08T05:16:46,2020-09-08T05:40:26,143,32.0,49.2,17.200000000000003,20.25625234722222,117.76890899547799,23.66666603088379,61.47,20.44,124.93902439024389,-51.351054825174835,-49.10001,30.93006993006993,33.0,117.76890899547799,120.42651677651945,0,0,87.71492031004712,87.71492031004712,89.6943209576184
1537,2020-09-08T05:40:37,2020-09-08T06:08:57,171,49.2,69.2,20.0,23.48444729166667,117.42223645833334,28.33333396911621,86.45,28.76,124.92774566473987,-49.73333941520468,-48.60001,32.83040935672515,34.0,117.42223645833334,120.38419779895307,0,0,87.4567167295886,87.4567167295886,89.66280155426739
1538,2020-09-08T06:09:08,2020-09-08T06:37:08,169,69.2,88.4,19.200000000000003,23.490002819444445,122.34376468460647,28.0,110.59,36.79,125.10180995475113,-50.33787591715977,-49.5,33.67455621301775,35.0,122.34376468460647,120.38419779895307,0,0,91.12229756797245,91.12229756797245,89.66280155426739
1539,2020-09-08T06:37:19,2020-09-08T06:55:09,108,88.4,97.6,9.199999999999989,11.784168819444446,128.08879151570065,17.83333396911621,122.07,40.6,125.0717213114754,-39.68982212962962,-36.70001,34.0,35.0,128.08879151570065,120.38419779895307,0,0,95.40122462067919,95.40122462067919,89.66280155426739
1540,2020-09-08T14:46:09,2020-09-08T15:44:43,440,35.2,84.4,49.2,58.54196068472222,118.98772496894759,58.56666564941406,105.52,35.1,125.02369668246443,-59.97454788636364,-59.70001,33.538636363636364,36.0,118.98772496894759,120.38419779895307,0,0,88.62270103840221,88.62270103840221,89.66280155426739
1541,2020-09-09T14:08:14,2020-09-09T14:34:04,156,24.4,46.4,22.0,26.136669444444443,118.80304292929293,25.83333396911621,57.97,19.28,124.9353448275862,-60.705134615384615,-59.80002,33.02564102564103,35.0,118.80304292929293,120.35155172558922,0,0,88.48514885651329,88.48514885651329,89.63848658227715
1542,2020-09-09T14:34:15,2020-09-09T15:05:55,191,46.4,72.4,26.000000000000007,30.679031250000005,117.99627403846152,31.66666603088379,90.48,30.1,124.97237569060772,-58.12880230366493,-56.39999,35.64921465968586,37.0,117.99627403846152,120.35155172558922,0,0,87.8842630236436,87.8842630236436,89.63848658227715
1543,2020-09-09T15:06:06,2020-09-09T15:24:36,112,72.4,86.4,14.0,17.111112916666666,122.22223511904761,18.5,108.1,35.95,125.11574074074072,-55.49554151785715,-54.5,36.78125,38.0,122.22223511904761,120.35155172558922,0,0,91.0317816903165,91.0317816903165,89.63848658227715
1546,2020-09-10T13:24:38,2020-09-10T14:35:53,535,28.0,94.0,66.0,79.57014875277778,120.5608314436027,71.25,117.51,39.09,125.01063829787235,-66.98542887850468,-43.39999,36.52616822429906,39.0,120.5608314436027,120.38419779895307,0,0,89.79435924803111,89.79435924803111,89.66280155426739
1547,2020-09-11T01:03:41,2020-09-11T01:32:11,172,32.8,60.8,28.0,33.23986065277778,118.71378804563491,28.5,75.95,25.27,124.91776315789474,-69.97848738372093,-69.80002,35.48837209302326,38.0,118.71378804563491,120.35155172558922,0,0,88.41867133647744,88.41867133647744,89.63848658227715
1548,2020-09-11T01:32:22,2020-09-11T01:59:52,166,60.8,87.2,26.400000000000006,32.10222411111111,121.59933375420873,27.5,109.04,36.27,125.04587155963304,-70.04096795180723,-70.0,37.73192771084337,39.0,121.59933375420873,120.35155172558922,0,0,90.56784138515532,90.56784138515532,89.63848658227715
1549,2020-09-11T02:00:03,2020-09-11T02:16:53,102,87.6,97.6,10.0,12.964582305555558,129.64582305555558,16.83333396911621,122.05,40.6,125.05122950819673,-46.31372186274509,-43.30002,38.03431372549019,40.0,129.64582305555558,120.38419779895307,0,0,96.56091013193624,96.56091013193624,89.66280155426739
1551,2020-09-11T14:59:09,2020-09-11T15:27:49,173,50.8,78.8,28.0,33.71403048611111,120.4072517361111,28.66666603088379,98.50999,32.77,125.01267766497463,-70.56358942196532,-70.39999,38.017341040462426,39.0,120.4072517361111,120.40726110387732,0,0,89.67997225133759,89.67997225133759,89.67997922850051
1552,2020-09-11T15:28:00,2020-09-11T15:53:30,154,78.8,97.6,18.799999999999997,23.44597534722222,124.71263482565013,25.5,122.08,40.61,125.08196721311475,-55.179228116883124,-43.5,39.12987012987013,40.0,124.71263482565013,120.4504879112135,0,0,92.88664485979014,92.88664485979014,89.7121747883736
1554,2020-09-11T21:20:32,2020-09-11T21:51:42,188,62.8,91.2,28.400000000000006,34.75013722222222,122.35963810641626,31.16666603088379,114.05,37.94,125.0548245614035,-66.84414579787234,-43.5,38.57446808510638,40.0,122.35963810641626,120.4504879112135,0,0,91.1341201783793,91.1341201783793,89.7121747883736
1557,2020-09-12T02:35:08,2020-09-12T03:03:48,173,58.8,86.4,27.60000000000001,33.42624829166667,121.1095952596618,28.66666603088379,108.04,35.94,125.04629629629629,-69.96184612716762,-69.80002,37.176300578034684,39.0,121.1095952596618,120.4504879112135,0,0,90.20308150592781,90.20308150592781,89.7121747883736
1560,2020-09-12T12:02:13,2020-09-12T13:19:13,578,28.8,90.0,61.2,73.81582717361111,120.61409668890705,77.0,112.59,37.45,125.1,-57.51799911764705,-53.70001,35.38581314878893,38.0,120.61409668890705,120.4504879112135,0,0,89.83403149079042,89.83403149079042,89.7121747883736
1561,2020-09-12T18:00:47,2020-09-12T18:40:32,241,48.8,86.8,38.0,46.42125456944444,122.16119623538012,39.75,108.52,36.1,125.02304147465438,-70.06971643153526,-70.0,39.504149377593365,41.0,122.16119623538012,120.4504879112135,0,0,90.98631959966477,90.98631959966477,89.7121747883736
1562,2020-09-12T18:40:43,2020-09-12T18:57:43,103,87.2,97.6,10.399999999999991,13.326806361111114,128.14236885683775,17.0,122.08,40.61,125.08196721311475,-47.131070873786406,-43.5,40.0873786407767,41.0,128.14236885683775,120.5272683971931,0,0,95.44112931410253,95.44112931410253,89.76936130955744
1563,2020-09-13T06:20:10,2020-09-13T06:39:50,119,35.6,46.0,10.399999999999999,12.756248547222224,122.65623603098295,19.66666603088379,57.44,19.11,124.8695652173913,-38.77898717647059,-4.899994,31.361344537815125,33.0,122.65623603098295,120.5272683971931,0,0,91.35502791658797,91.35502791658797,89.76936130955744
1564,2020-09-13T06:40:01,2020-09-13T07:11:31,190,46.4,64.0,17.6,20.983192763888887,119.22268615845958,31.5,79.98,26.6,124.96875,-39.96789152631579,-39.89999,32.776315789473685,35.0,119.22268615845958,120.5272683971931,0,0,88.79770140301278,88.79770140301278,89.76936130955744
1565,2020-09-13T07:11:42,2020-09-13T07:39:52,170,64.0,79.6,15.599999999999994,18.76027602777778,120.25817966524222,28.16666603088379,99.54,33.12,125.05025125628143,-39.96293747058824,-39.89999,33.55882352941177,35.0,120.25817966524222,120.4504879112135,0,0,89.5689425667778,89.5689425667778,89.7121747883736
1566,2020-09-13T07:40:03,2020-09-13T08:13:03,199,80.0,97.6,17.599999999999994,21.97596981944444,124.8634648832071,33.0,122.02,40.59,125.02049180327869,-39.95627703517588,-39.89999,34.0,35.0,124.8634648832071,120.4504879112135,0,0,92.99898390234235,92.99898390234235,89.7121747883736
1568,2020-09-13T15:35:34,2020-09-13T15:58:04,136,40.4,62.4,22.0,26.313336874999997,119.60607670454544,22.5,78.07,25.97,125.11217948717947,-70.1683917647059,-70.0,36.89705882352941,39.0,119.60607670454544,120.4504879112135,0,0,89.08325275510045,89.08325275510045,89.7121747883736
1569,2020-09-13T15:58:15,2020-09-13T16:24:45,160,62.4,88.0,25.6,31.005282222222224,121.11438368055556,26.5,110.09,36.62,125.10227272727273,-70.20063506250001,-70.20001,38.50625,40.0,121.11438368055556,120.5272683971931,0,0,90.2066479477051,90.2066479477051,89.76936130955744
1571,2020-09-14T12:23:05,2020-09-14T12:52:25,177,38.0,66.4,28.400000000000006,33.78000461111112,118.94367820813773,29.33333396911621,83.12,27.65,125.18072289156626,-69.09548966101696,-69.0,34.42372881355932,37.0,118.94367820813773,120.4504785434473,0,0,88.58989477274764,88.58989477274764,89.71216781121068
1572,2020-09-14T12:52:36,2020-09-14T13:24:46,194,66.4,94.0,27.599999999999994,33.568616472222224,121.62542200080517,32.16666793823242,117.55,39.1,125.05319148936171,-62.58042237113402,-42.70001,36.600515463917525,38.0,121.62542200080517,120.4504785434473,0,0,90.58727205230468,90.58727205230468,89.71216781121068
1575,2020-09-15T00:55:35,2020-09-15T01:24:15,173,24.4,52.0,27.6,33.30847793055556,120.68289105273753,28.66666603088379,64.89,21.59,124.78846153846153,-69.7156189017341,-69.60001,32.835260115606935,36.0,120.68289105273753,120.4504785434473,0,0,89.88526990500891,89.88526990500891,89.71216781121068
1576,2020-09-15T01:24:26,2020-09-15T01:54:36,182,52.4,81.6,29.199999999999996,35.04986695833334,120.03379095319637,30.16666603088379,101.96,33.91,124.95098039215686,-69.712649010989,-69.60001,35.74175824175824,38.0,120.03379095319637,120.4504785434473,0,0,89.40181664055962,89.40181664055962,89.71216781121068
1577,2020-09-15T01:54:47,2020-09-15T02:17:37,138,81.6,98.0,16.400000000000006,19.93333425,121.54472103658533,22.83333396911621,122.51,40.76,125.01020408163266,-52.25290101449276,0.0,36.61231884057971,38.0,121.54472103658533,120.4840415898569,0,0,90.52716553772571,90.52716553772571,89.73716574968435
1578,2020-09-15T16:02:53,2020-09-15T16:29:03,158,35.2,61.2,26.0,30.76278005555556,118.31838482905984,26.16666603088379,76.43,25.42,124.88562091503269,-70.53797993670887,-70.30002,31.981012658227847,35.0,118.31838482905984,120.4840415898569,0,0,88.12417288244532,88.12417288244532,89.73716574968435
1579,2020-09-15T16:29:14,2020-09-15T16:56:34,165,61.2,88.0,26.799999999999997,32.155559333333336,119.98343034825874,27.33333396911621,110.01,36.59,125.01136363636364,-70.58546284848485,-70.5,34.21515151515152,36.0,119.98343034825874,120.4840415898569,0,0,89.36430778965364,89.36430778965364,89.73716574968435
1581,2020-09-16T00:24:32,2020-09-16T00:56:52,195,51.6,83.2,31.6,38.18305531944445,120.83245354254572,32.33333206176758,103.96,34.58,124.95192307692305,-70.85435851282051,-70.39999,33.56153846153846,36.0,120.83245354254572,120.4840415898569,0,0,89.99666485624687,89.99666485624687,89.73716574968435
1582,2020-09-16T00:57:03,2020-09-16T01:17:33,124,83.6,97.6,14.0,17.595557625,125.68255446428572,20.5,122.05,40.6,125.05122950819673,-51.5483931451613,-44.10001,34.564516129032256,36.0,125.68255446428572,120.58746406625488,0,0,93.60904625193803,93.60904625193803,89.81419536941077
1584,2020-09-16T16:44:34,2020-09-16T17:12:24,168,35.2,62.4,27.199999999999996,32.458887555555556,119.33414542483662,27.83333396911621,78.07,25.97,125.11217948717947,-69.97142571428572,-69.89999,36.00595238095238,38.0,119.33414542483662,120.4840415898569,0,0,88.88071686737828,88.88071686737828,89.73716574968435
1585,2020-09-16T17:12:35,2020-09-16T17:38:45,158,62.8,88.0,25.200000000000003,30.529027902777777,121.14693612213404,26.16666603088379,110.02,36.59,125.02272727272727,-70.00253189873418,-69.89999,37.825949367088604,39.0,121.14693612213404,120.58746406625488,0,0,90.23089318223523,90.23089318223523,89.81419536941077
1588,2020-09-17T17:54:10,2020-09-17T18:25:10,187,28.4,59.6,31.200000000000003,36.70319643055555,117.63845009793444,31.0,74.46,24.77,124.93288590604027,-71.03850652406418,-71.0,36.32620320855615,39.0,117.63845009793444,120.4840415898569,0,0,87.61775381763944,87.61775381763944,89.73716574968435
1589,2020-09-17T18:25:21,2020-09-17T18:56:11,186,59.6,89.6,29.999999999999993,36.167502513888884,120.55834171296297,30.83333396911621,112.06,37.28,125.0669642857143,-70.31237048387096,-44.5,38.62096774193548,40.0,120.55834171296297,120.48279672453704,0,0,89.79250488318627,89.79250488318627,89.73623856726192
1591,2020-09-18T01:34:57,2020-09-18T01:56:57,133,49.2,70.8,21.599999999999994,25.904725347222225,119.92928401491774,22.0,88.43999,29.42,124.91524011299435,-70.64888067669173,-70.39999,35.755639097744364,38.0,119.92928401491774,120.48279672453704,0,0,89.32397930775976,89.32397930775976,89.73623856726192
1592,2020-09-18T01:57:08,2020-09-18T02:27:28,183,70.8,96.0,25.200000000000003,30.565006,121.28970634920636,30.33333396911621,120.03,39.93,125.03125,-60.44044901639343,-43.70001,36.78142076502732,38.0,121.28970634920636,120.55958657828283,0,0,90.33722921945517,90.33722921945517,89.7934320656087
1595,2020-09-18T14:15:28,2020-09-18T14:47:18,192,18.4,49.6,31.200000000000003,37.16847518055556,119.12972814280626,31.83333396911621,62.04,20.63,125.08064516129032,-70.05573473958333,-70.0,35.40625,38.0,119.12972814280626,120.48279672453704,0,0,88.72846577024043,88.72846577024043,89.73623856726192
1596,2020-09-18T14:47:29,2020-09-18T15:16:39,176,49.6,78.0,28.4,33.99041359722222,119.68455491979657,29.16666603088379,97.57,32.45,125.08974358974358,-69.92328914772727,-69.80002,38.40056818181818,40.0,119.68455491979657,120.48279672453704,0,0,89.14170375422697,89.14170375422697,89.73623856726192
1597,2020-09-18T15:16:50,2020-09-18T15:43:30,161,78.4,97.6,19.19999999999999,24.29125094444445,126.51693200231492,26.66666603088379,122.04,40.6,125.04098360655739,-54.66708285714286,-43.20001,39.08695652173913,41.0,126.51693200231492,120.55958657828283,0,0,94.23049515454724,94.23049515454724,89.7934320656087
1598,2020-09-18T20:09:14,2020-09-18T20:35:44,160,66.0,90.4,24.400000000000006,29.549864361111116,121.10600147996357,26.5,112.99,37.59,124.98893805309734,-66.84063243750002,-43.20001,34.80625,37.0,121.10600147996357,120.58746406625488,0,0,90.20040483937353,90.20040483937353,89.81419536941077
1601,2020-09-19T17:35:18,2020-09-19T18:05:18,181,54.4,83.2,28.800000000000004,34.873479569444456,121.08847072723768,30.0,104.1,34.63,125.12019230769229,-69.74697602209945,-69.70001,32.925414364640886,35.0,121.08847072723768,120.58746406625488,0,0,90.18734783993757,90.18734783993757,89.81419536941077
1602,2020-09-19T18:05:29,2020-09-19T18:26:49,129,83.2,97.6,14.399999999999991,17.972362333333336,124.80807175925936,21.33333396911621,122.05,40.6,125.05122950819673,-50.59457713178295,-43.20001,34.0,35.0,124.80807175925936,120.58746406625488,0,0,92.95772680406196,92.95772680406196,89.81419536941077
1603,2020-09-20T00:09:43,2020-09-20T00:27:08,108,61.2,78.8,17.599999999999994,20.373600138888893,115.7590916982324,17.41666603088379,98.64,32.81,125.1776649746193,-70.18704712962962,-70.10001,33.02777777777778,35.0,115.7590916982324,120.58746406625488,0,0,86.21799751803569,86.21799751803569,89.81419536941077
1604,2020-09-20T00:27:19,2020-09-20T00:44:09,102,78.8,93.2,14.400000000000006,17.227086333333332,119.63254398148143,16.83333396911621,116.56,38.77,125.06437768240343,-61.35981460784311,-43.60001,34.0,35.0,119.63254398148143,120.58746406625488,0,0,89.10296572609649,89.10296572609649,89.81419536941077
1605,2020-09-20T22:30:13,2020-09-20T23:46:56,576,10.4,84.4,74.0,89.39477997777776,120.8037567267267,76.71666717529297,104.26,34.68,123.53080568720378,-69.85486282986112,0.0,36.49652777777778,40.0,120.8037567267267,120.64849387082229,0,0,89.97529131263346,89.97529131263346,89.85965069789967
1607,2020-09-21T14:13:48,2020-09-21T14:43:08,177,45.6,74.8,29.199999999999996,34.71222233333333,118.87747374429223,29.33333396911621,91.23,30.35,121.96524064171123,-71.00226011299435,-70.89999,36.90112994350282,39.0,118.87747374429223,120.64849387082229,0,0,88.54058533004407,88.54058533004407,89.85965069789967
1608,2020-09-21T14:43:19,2020-09-21T15:12:59,179,74.8,97.6,22.799999999999997,28.508475486111113,125.03717318469788,29.66666603088379,119.19,39.65,122.12090163934427,-57.65698983240223,-44.0,38.444134078212294,39.0,125.03717318469788,120.74332388973212,0,0,93.1283627847012,93.1283627847012,89.93028060882119
1609,2020-09-22T01:24:44,2020-09-22T01:52:54,170,0.8,20.8,20.0,23.53639358333334,117.6819679166667,28.16666603088379,25.22,8.389999,121.24999999999999,-50.13706882352941,-50.10001,35.338235294117645,37.0,117.6819679166667,120.74332388973212,0,0,87.6501661243741,87.6501661243741,89.93028060882119
1610,2020-09-22T01:53:05,2020-09-22T02:23:45,185,20.8,42.4,21.599999999999998,25.617921777777784,118.6014897119342,30.66666603088379,51.7,17.19,121.93396226415095,-50.12217216216216,-50.10001,35.79189189189189,38.0,118.6014897119342,120.64849387082229,0,0,88.33503093023162,88.33503093023162,89.85965069789967
1611,2020-09-22T02:23:56,2020-09-22T02:54:06,182,42.8,63.2,20.400000000000006,25.19167152777778,123.48858592047927,30.16666603088379,77.08,25.64,121.9620253164557,-50.10495472527473,-50.0,37.87362637362637,40.0,123.48858592047927,120.64849387082229,0,0,91.97496661560444,91.97496661560444,89.85965069789967
1612,2020-09-22T02:54:17,2020-09-22T03:26:17,193,63.6,85.2,21.6,26.723338638888897,123.71916036522636,32.0,103.95,34.57,122.00704225352113,-50.10622756476684,-50.0,38.73056994818653,41.0,123.71916036522636,120.74332388973212,0,0,92.14669970899075,92.14669970899075,89.93028060882119
1613,2020-09-22T03:26:28,2020-09-22T03:46:58,124,85.2,97.6,12.399999999999991,15.735556875000002,126.89965221774204,20.5,119.16,39.63,122.09016393442623,-46.061294193548385,-43.5,39.48790322580645,41.0,126.89965221774204,120.81810513463621,0,0,94.51554724073515,94.51554724073515,89.98597808444016
1616,2020-09-22T16:21:14,2020-09-22T16:39:54,113,8.400001,26.8,18.399999,21.805002444444447,118.5054545081467,18.66666603088379,32.58,10.83,121.56716417910447,-70.08761849557523,-70.0,35.96017699115044,37.0,118.5054545081467,120.81810513463621,0,0,88.26350339109561,88.26350339109561,89.98597808444016
1617,2020-09-22T16:40:05,2020-09-22T17:09:15,176,26.8,55.2,28.400000000000002,34.052919152777775,119.90464490414709,29.16666603088379,67.28,22.38,121.88405797101449,-70.0517096590909,-69.89999,37.74431818181818,40.0,119.90464490414709,120.74332388973212,0,0,89.30562796481031,89.30562796481031,89.93028060882119
1618,2020-09-22T17:09:26,2020-09-22T17:39:56,184,55.6,84.8,29.199999999999996,35.607085624999996,121.94207405821918,30.5,103.47,34.42,122.01650943396227,-70.04674364130435,-70.0,40.42934782608695,42.0,121.94207405821918,120.81810513463621,0,0,90.82311621711008,90.82311621711008,89.98597808444016
1619,2020-09-22T17:40:07,2020-09-22T17:59:37,118,85.2,97.6,12.399999999999991,16.067638055555555,129.57772625448038,19.5,119.11,39.62,122.03893442622952,-49.50084491525424,-43.30002,41.0,42.0,129.57772625448038,120.9604621348917,0,0,96.51019126623027,96.51019126623027,90.09200634809221
1621,2020-09-23T00:01:30,2020-09-23T00:30:50,177,57.6,75.6,17.999999999999993,21.983887499999998,122.13270833333337,29.33333396911621,92.3,30.7,122.0899470899471,-44.96722881355932,-44.80002,36.99152542372882,38.0,122.13270833333337,120.9604621348917,0,0,90.96510165615875,90.96510165615875,90.09200634809221
1622,2020-09-23T00:31:01,2020-09-23T00:57:11,158,76.0,92.0,16.0,19.56027715277778,122.25173220486111,26.16666603088379,112.34,37.37,122.1086956521739,-44.847466898734176,-43.30002,37.16772151898734,39.0,122.25173220486111,120.9604621348917,0,0,91.05375127934963,91.05375127934963,90.09200634809221
1624,2020-09-23T07:00:46,2020-09-23T07:31:46,187,54.4,73.6,19.199999999999996,23.198744874999996,120.82679622395834,31.0,89.77,29.86,121.97010869565217,-44.901059625668445,-44.89999,34.94919786096256,36.0,120.82679622395834,120.9604621348917,0,0,89.9924512547684,89.9924512547684,90.09200634809221
1625,2020-09-23T07:31:57,2020-09-23T07:57:47,156,73.6,89.6,16.0,19.331940138888886,120.82462586805553,25.83333396911621,109.32,36.36,122.00892857142857,-44.89999,-44.89999,35.40064102564103,37.0,120.82462586805553,120.82962488325202,0,0,89.99083476195477,89.99083476195477,89.99455805550764
1628,2020-09-23T21:07:01,2020-09-23T21:41:51,210,34.0,56.4,22.4,26.241116916666677,117.14784337797624,34.83333206176758,68.74,22.86,121.87943262411348,-45.200010000000006,-45.20001,31.60952380952381,34.0,117.14784337797624,120.82571104600694,0,0,87.2523472794303,87.2523472794303,89.99164300836159
1629,2020-09-23T21:42:02,2020-09-23T22:14:22,195,56.4,76.8,20.4,24.35778316666667,119.40089787581702,32.33333206176758,93.68,31.16,121.97916666666667,-45.200010000000006,-45.20001,33.0,34.0,119.40089787581702,120.81419129739112,0,0,88.93043445386346,88.93043445386346,89.98306303729412
1630,2020-09-23T22:14:33,2020-09-23T22:43:13,173,76.8,94.4,17.60000000000001,21.45111588888889,121.88134027777772,28.66666603088379,115.28,38.35,122.11864406779661,-44.89480768786128,-43.60001,33.41907514450867,35.0,121.88134027777772,120.82571104600694,0,0,90.7778813689911,90.7778813689911,89.99164300836159
1632,2020-09-24T13:24:18,2020-09-24T14:26:28,467,36.0,93.2,57.2,69.0191133,120.66278548951048,62.16666793823242,113.75,37.84,122.04935622317596,-66.59036614561029,-43.10001,33.03961456102784,35.0,120.66278548951048,120.81419129739112,0,0,89.87029517278722,89.87029517278722,89.98306303729412
1635,2020-09-24T22:59:54,2020-09-24T23:27:54,169,33.6,61.2,27.6,32.71041972222222,118.51601348631237,28.0,74.67,24.84,122.00980392156863,-70.09408940828403,-69.80002,33.789940828402365,36.0,118.51601348631237,120.74332388973212,0,0,88.271367775136,88.271367775136,89.93028060882119
1636,2020-09-24T23:28:05,2020-09-24T23:58:25,183,61.2,90.0,28.799999999999997,34.788058013888886,120.79186810378086,30.33333396911621,109.81,36.53,122.0111111111111,-68.74590650273225,-43.30002,36.27322404371585,38.0,120.79186810378086,120.7373795782592,0,0,89.96643660197013,89.96643660197013,89.92585325348952
1639,2020-09-25T06:17:47,2020-09-25T06:46:37,174,72.8,81.6,8.799999999999997,10.714037152777774,121.75042219065656,28.83333396911621,99.59,33.13,122.046568627451,-22.294847068965513,-22.20001,31.5,33.0,121.75042219065656,120.79781241525379,0,0,90.68037286970274,90.68037286970274,89.97086395730179
1640,2020-09-25T06:46:48,2020-09-25T07:09:07,136,81.6,88.4,6.800000000000011,8.29381293888889,121.96783733660111,22.316667556762695,107.89,35.89,122.0475113122172,-22.29854926470588,-22.20001,31.5,33.0,121.96783733660111,120.81419129739112,0,0,90.84230484617588,90.84230484617588,89.98306303729412
1641,2020-09-25T07:09:18,2020-09-25T07:33:08,144,88.4,95.6,7.199999999999989,8.753616361111112,121.57800501543231,23.83333396911621,116.71,38.82,122.081589958159,-22.036124305555557,-21.5,31.5,33.0,121.57800501543231,120.81419129739112,0,0,90.55195562516955,90.55195562516955,89.98306303729412
1643,2020-09-25T15:42:17,2020-09-25T16:12:37,183,23.2,52.8,29.599999999999998,35.36263976388889,119.46837758070572,30.33333396911621,64.39,21.41,121.95075757575758,-69.9486356284153,-69.70001,36.75409836065574,40.0,119.46837758070572,120.81419129739112,0,0,88.98069370299247,88.98069370299247,89.98306303729412
1644,2020-09-25T16:12:48,2020-09-25T16:45:38,198,52.8,84.8,32.0,38.257916791666666,119.55598997395833,32.83333206176758,103.62,34.47,122.1933962264151,-69.91262651515152,-69.60001,39.50757575757576,41.0,119.55598997395833,120.79781241525379,0,0,89.04594788729183,89.04594788729183,89.97086395730179
1645,2020-09-25T16:45:49,2020-09-25T17:05:29,119,84.8,97.6,12.799999999999997,16.062085875,125.48504589843753,19.66666603088379,119.16,39.63,122.09016393442623,-49.06555403361343,-43.0,40.0,41.0,125.48504589843753,120.81419129739112,0,0,93.46194080397476,93.46194080397476,89.98306303729412
1647,2020-09-26T00:57:01,2020-09-26T01:24:01,163,48.4,74.4,26.000000000000007,31.502778055555552,121.16453098290594,27.0,90.87,30.23,122.13709677419354,-70.00613558282208,-69.89999,35.4601226993865,37.0,121.16453098290594,120.81419129739112,0,0,90.24399792969055,90.24399792969055,89.98306303729412
1650,2020-09-26T07:52:40,2020-09-26T08:21:10,172,48.4,66.4,18.000000000000007,21.51348168055556,119.51934266975306,28.5,81.06,26.96,122.07831325301204,-45.28315936046513,-42.39999,33.59593023255814,35.0,119.51934266975306,120.81419129739112,0,0,89.01865277693238,89.01865277693238,89.98306303729412
1651,2020-09-26T08:21:21,2020-09-26T08:52:01,185,66.4,85.6,19.19999999999999,23.15334355555556,120.5903310185186,30.66666603088379,104.47,34.75,122.0443925233645,-45.30002,-45.30002,34.21081081081081,36.0,120.5903310185186,120.81419129739112,0,0,89.81633069096117,89.81633069096117,89.98306303729412
1652,2020-09-26T08:52:12,2020-09-26T09:12:12,121,85.6,97.6,12.0,14.791115847222224,123.25929872685188,20.0,119.21,39.66,122.14139344262294,-44.37439438016529,-43.70001,34.71487603305785,36.0,123.25929872685188,120.81419129739112,0,0,91.8041922738135,91.8041922738135,89.98306303729412
1653,2020-09-27T00:42:39,2020-09-27T01:17:19,209,30.4,64.4,34.00000000000001,40.52236634722222,119.18343043300649,34.66666793823242,78.55,26.13,121.97204968944098,-70.13445880382775,-69.89999,28.832535885167463,32.0,119.18343043300649,120.81419129739112,0,0,88.7684635264017,88.7684635264017,89.98306303729412
1654,2020-09-27T01:17:30,2020-09-27T01:43:50,159,64.8,89.6,24.799999999999997,29.853059041666672,120.3752380712366,26.33333396911621,109.4,36.39,122.0982142857143,-67.9484355345912,-43.30002,31.57861635220126,33.0,120.3752380712366,120.81419129739112,0,0,89.65612830061026,89.65612830061026,89.98306303729412
1656,2020-09-27T06:51:47,2020-09-27T07:08:57,104,56.4,66.8,10.399999999999999,12.895140888888891,123.99173931623936,17.16666603088379,81.48,27.1,121.97604790419163,-45.07116086538461,-45.0,31.076923076923077,33.0,123.99173931623936,120.81419129739112,0,0,92.34971798580285,92.34971798580285,89.98306303729412
1657,2020-09-27T07:09:08,2020-09-27T07:40:48,191,66.8,86.4,19.60000000000001,23.788476069444442,121.3697758645124,31.66666603088379,105.45,35.08,122.0486111111111,-45.072782146596865,-45.0,31.60994764397906,33.0,121.3697758645124,120.81419129739112,0,0,90.39686542746831,90.39686542746831,89.98306303729412
1658,2020-09-27T07:40:59,2020-09-27T07:59:39,113,86.8,97.6,10.799999999999997,13.680834124999999,126.67439004629632,18.66666603088379,119.1,39.61,122.02868852459017,-43.97699371681416,-43.5,32.0,33.0,126.67439004629632,120.82571104600694,0,0,94.34777075723228,94.34777075723228,89.99164300836159
1660,2020-09-27T13:51:44,2020-09-27T14:19:34,168,61.6,88.4,26.800000000000004,32.44277711111111,121.05513847429519,27.83333396911621,107.89,35.89,122.0475113122172,-69.93630815476192,-69.80002,33.330357142857146,35.0,121.05513847429519,120.82571104600694,0,0,90.16252179768634,90.16252179768634,89.99164300836159
1665,2020-09-27T20:42:09,2020-09-27T21:03:29,129,76.4,90.8,14.399999999999991,17.62055879166667,122.3649916087964,21.33333396911621,110.88,36.89,122.11453744493393,-49.536443178294576,-43.5,32.0,33.0,122.3649916087964,120.94096734912677,0,0,91.1381074959036,91.1381074959036,90.07748652622737
1667,2020-09-28T05:27:08,2020-09-28T05:58:38,190,65.6,93.2,27.60000000000001,33.59875375,121.73461503623184,31.5,113.77,37.84,122.07081545064376,-63.959480789473695,-43.30002,29.428947368421053,31.0,121.73461503623184,121.07180460076643,0,0,90.66859961560266,90.66859961560266,90.17493481881195
1670,2020-09-28T17:56:24,2020-09-28T18:23:24,163,73.2,90.0,16.799999999999997,20.250277805555555,120.53736789021166,27.0,109.9,36.56,122.11111111111111,-45.00061355828221,-45.0,28.549079754601227,29.0,120.53736789021166,121.07180460076643,0,0,89.77688346657537,89.77688346657537,90.17493481881195
1671,2020-09-29T00:38:17,2020-09-29T00:57:57,119,31.2,50.4,19.2,22.971113777777784,119.64121759259262,19.66666603088379,61.51,20.46,122.04365079365078,-70.08152075630252,-70.0,32.226890756302524,34.0,119.64121759259262,120.94096734912677,0,0,89.1094258785587,89.1094258785587,90.07748652622737
1672,2020-09-29T00:58:08,2020-09-29T01:52:56,331,50.8,97.6,46.8,57.02756101944445,121.85376286206079,54.79999923706055,119.17,39.64,122.10040983606558,-62.43323864048338,-43.30002,35.47885196374622,37.0,121.85376286206079,121.07180460076643,0,0,90.75734156062741,90.75734156062741,90.17493481881195
1673,2020-09-29T17:21:48,2020-09-29T17:49:08,165,17.2,36.8,19.599999999999998,23.508615138888885,119.9419139739229,27.33333396911621,44.85,14.92,121.875,-51.604857333333335,-51.5,35.20909090909091,37.0,119.9419139739229,121.07180460076643,0,0,89.33338616952918,89.33338616952918,90.17493481881195
1674,2020-09-29T17:49:19,2020-09-29T18:14:59,155,36.8,55.6,18.800000000000004,22.068892472222224,117.38772591607562,25.66666603088379,67.82,22.56,121.97841726618702,-51.58968580645161,-51.5,37.061290322580646,39.0,117.38772591607562,120.94096734912677,0,0,87.43101309108324,87.43101309108324,90.07748652622737
1675,2020-09-29T18:15:10,2020-09-29T18:43:40,172,56.0,76.4,20.400000000000006,24.504726444444447,120.12120806100215,28.5,93.29,31.03,122.10732984293195,-51.588962383720926,-51.5,38.5,40.0,120.12120806100215,120.82571104600694,0,0,89.46692537520208,89.46692537520208,89.99164300836159
1676,2020-09-29T18:43:51,2020-09-29T19:11:41,168,76.4,95.2,18.799999999999997,23.10139215277778,122.87974549349885,27.83333396911621,116.23,38.66,122.09033613445378,-49.79048321428571,-45.0,39.0,40.0,122.87974549349885,120.82571104600694,0,0,91.5214989730013,91.5214989730013,89.99164300836159
1679,2020-09-30T11:54:52,2020-09-30T12:24:32,179,50.4,79.6,29.199999999999996,34.65778041666667,118.69102882420093,29.66666603088379,97.11,32.3,121.99748743718594,-70.09441877094973,-69.89999,35.69553072625698,37.0,118.69102882420093,120.81419129739112,0,0,88.40172014527234,88.40172014527234,89.98306303729412
1683,2020-10-01T00:00:03,2020-10-01T00:27:43,167,22.0,49.2,27.200000000000003,32.53805808333333,119.62521354166665,27.66666603088379,59.97,19.95,121.89024390243901,-70.56407730538922,-70.5,32.541916167664674,35.0,119.62521354166665,120.81419129739112,0,0,89.09750597487968,89.09750597487968,89.98306303729412
1684,2020-10-01T00:27:54,2020-10-01T01:01:04,200,49.2,82.0,32.8,39.00986430555556,118.93251312669379,33.16666793823242,100.17,33.32,122.15853658536587,-70.57100580000001,-70.39999,35.4925,37.0,118.93251312669379,120.81419129739112,0,0,88.58157895970783,88.58157895970783,89.98306303729412
1687,2020-10-01T14:34:46,2020-10-01T15:02:06,165,18.8,45.6,26.8,31.613468736111113,117.96070423922056,27.33333396911621,55.58,18.49,121.8859649122807,-69.39514393939393,-69.30002,33.56363636363636,36.0,117.96070423922056,120.8082469859182,0,0,87.85777044480868,87.85777044480868,89.97863568196246
1689,2020-10-01T15:14:18,2020-10-01T15:44:58,185,57.2,86.4,29.200000000000003,35.48819193055555,121.53490387176556,30.66666603088379,105.5,35.09,122.10648148148147,-69.4335085945946,-69.30002,37.497297297297294,39.0,121.53490387176556,120.82571104600694,0,0,90.51985366027706,90.51985366027706,89.99164300836159
1690,2020-10-01T15:45:09,2020-10-01T16:03:19,110,86.8,97.6,10.799999999999997,13.899723666666667,128.70114506172843,18.16666603088379,119.19,39.65,122.12090163934427,-45.999095636363634,-42.5,38.0,39.0,128.70114506172843,120.82571104600694,0,0,95.85730885334763,95.85730885334763,89.99164300836159
1692,2020-10-02T01:02:31,2020-10-02T01:31:31,175,23.6,54.0,30.4,36.325143694444456,119.49060425804097,29.0,65.9,21.92,122.03703703703704,-75.15543851428572,-75.0,34.30285714285714,38.0,119.49060425804097,120.82571104600694,0,0,88.99724825247289,88.99724825247289,89.99164300836159
1693,2020-10-02T01:31:42,2020-10-02T01:49:31,109,54.0,72.8,18.799999999999997,22.328002969444448,118.7659732417258,17.816667556762695,88.98,29.59,122.22527472527473,-75.19267055045871,-75.10001,37.178899082568805,39.0,118.7659732417258,120.82571104600694,0,0,88.45753915274169,88.45753915274169,89.99164300836159
1694,2020-10-02T01:49:42,2020-10-02T02:16:12,160,72.8,95.2,22.400000000000006,27.333476847222233,122.02445021081351,26.5,116.26,38.67,122.12184873949579,-61.87063550000001,-43.30002,38.265625,40.0,122.02445021081351,120.82571104600694,0,0,90.88447042104976,90.88447042104976,89.99164300836159
1696,2020-10-02T14:30:48,2020-10-02T14:51:38,126,16.0,36.4,20.4,24.58472563888889,120.51336097494556,20.83333396911621,44.34,14.75,121.81318681318683,-70.80397801587306,-70.60001,35.257936507936506,37.0,120.51336097494556,120.8082469859182,0,0,89.7590029862566,89.7590029862566,89.97863568196246
1697,2020-10-02T14:51:49,2020-10-02T15:16:07,147,36.8,60.8,24.0,28.674839294444446,119.47849706018519,24.299999237060547,74.09,24.65,121.85855263157896,-70.8020555782313,-70.70001,37.74829931972789,40.0,119.47849706018519,120.72732679664567,0,0,88.98823074603457,88.98823074603457,89.91836588737868
1698,2020-10-02T15:16:18,2020-10-02T15:43:48,166,61.2,88.0,26.799999999999997,32.48652665277778,121.21838303275294,27.5,107.47,35.75,122.125,-70.8795156626506,-70.80002,39.61144578313253,41.0,121.21838303275294,120.8082469859182,0,0,90.28410722764663,90.28410722764663,89.97863568196246
1699,2020-10-02T18:34:40,2020-10-02T19:04:50,182,60.8,81.2,20.400000000000006,25.04056511111112,122.74786819172114,30.16666603088379,99.11,32.96,122.05665024630541,-49.80496401098901,-49.80002,39.214285714285715,41.0,122.74786819172114,120.82571104600694,0,0,91.42327604544936,91.42327604544936,89.99164300836159
1700,2020-10-02T19:05:01,2020-10-02T19:30:41,155,81.6,97.6,16.0,19.993758500000002,124.96099062500001,25.66666603088379,119.2,39.65,122.13114754098362,-46.73743922580647,-43.20001,40.0,41.0,124.96099062500001,120.82571104600694,0,0,93.07162160224557,93.07162160224557,89.99164300836159
1702,2020-10-03T03:36:43,2020-10-03T04:05:33,174,42.8,71.2,28.400000000000006,33.74639483333334,118.8253339201878,28.83333396911621,86.93999,28.92,122.10672752808986,-70.22357557471264,-70.20001,37.33045977011494,40.0,118.8253339201878,120.8082469859182,0,0,88.5017513070807,88.5017513070807,89.97863568196246
1703,2020-10-03T04:05:44,2020-10-03T04:34:54,176,71.6,95.6,24.0,29.379312430555554,122.41380179398148,29.16666603088379,116.66,38.81,122.02928870292887,-60.41762778409091,-43.5,38.55397727272727,40.0,122.41380179398148,120.8082469859182,0,0,91.17446158579324,91.17446158579324,89.97863568196246
1705,2020-10-03T17:41:10,2020-10-03T17:59:20,110,24.8,42.8,17.999999999999996,21.654028319444446,120.30015733024695,18.16666603088379,52.2,17.36,121.96261682242992,-71.51727445454546,-71.39999,37.53181818181818,39.0,120.30015733024695,120.72732679664567,0,0,89.6002077586871,89.6002077586871,89.91836588737868
1706,2020-10-03T17:59:31,2020-10-03T18:29:51,183,43.2,73.6,30.39999999999999,36.16416836111111,118.96108013523394,30.33333396911621,89.81,29.87,122.02445652173914,-71.53333666666667,-71.5,40.03825136612022,42.0,118.96108013523394,120.62655825401454,0,0,88.60285582215793,88.60285582215793,89.8433129318742
1707,2020-10-03T18:30:02,2020-10-03T18:57:42,167,73.6,96.0,22.400000000000006,27.82375425,124.21318861607139,27.66666603088379,117.17,38.97,122.05208333333334,-60.32755413173652,-44.70001,41.40718562874252,43.0,124.21318861607139,120.62655825401454,0,0,92.51465462190795,92.51465462190795,89.8433129318742
1709,2020-10-04T06:15:04,2020-10-04T06:44:13,176,43.2,63.6,20.4,24.30665555416666,119.15027232434637,29.149999618530273,77.63,25.82,122.05974842767294,-50.030119375,-49.70001,34.14772727272727,36.0,119.15027232434637,120.62655825401454,0,0,88.74376718775373,88.74376718775373,89.8433129318742
1710,2020-10-04T06:44:24,2020-10-04T07:15:24,187,63.6,85.2,21.6,25.888616277777782,119.85470498971193,31.0,104.06,34.62,122.13615023474179,-50.10696187165775,-50.10001,35.0,36.0,119.85470498971193,120.62655825401454,0,0,89.26843244646567,89.26843244646567,89.8433129318742
1712,2020-10-04T15:56:59,2020-10-04T16:18:39,131,36.0,47.6,11.600000000000001,14.06777425,121.27391594827584,21.66666603088379,57.97,19.28,121.78571428571428,-38.830524595419845,-4.899994,37.458015267175576,39.0,121.27391594827584,120.62655825401454,0,0,90.32546844344819,90.32546844344819,89.8433129318742
1713,2020-10-04T16:18:50,2020-10-04T16:48:20,178,47.6,64.4,16.800000000000004,19.617495083333335,116.7708040674603,29.5,78.58,26.14,122.01863354037266,-39.89999,-39.89999,38.27808988764045,39.0,116.7708040674603,120.56384945436513,0,0,86.97152636194238,86.97152636194238,89.79660707876826
1714,2020-10-04T16:48:31,2020-10-04T17:17:01,172,64.4,80.0,15.599999999999994,18.952495250000002,121.49035416666672,28.5,97.62,32.47,122.025,-39.89999,-39.89999,38.5,39.0,121.49035416666672,120.69109956114973,0,0,90.48667279899615,90.48667279899615,89.89138364646564
1715,2020-10-04T17:17:12,2020-10-04T17:49:32,195,80.0,97.6,17.599999999999994,21.5027725,122.17484375000004,32.33333206176758,119.16,39.63,122.09016393442623,-39.90204148717949,-39.89999,38.07692307692308,39.0,122.17484375000004,120.8227347464069,0,0,90.99648434235897,90.99648434235897,89.98942624432375
1717,2020-10-05T10:27:43,2020-10-05T10:57:53,182,5.2,21.6,16.400000000000002,19.740691441666666,120.37006976626013,30.16666603088379,26.22,8.72,121.38888888888887,-39.17087315384615,-5.0,31.796703296703296,33.0,120.37006976626013,120.56384945436513,0,0,89.65227891911377,89.65227891911377,89.79660707876826
1718,2020-10-05T10:58:04,2020-10-05T11:28:54,186,22.0,39.2,17.200000000000003,20.51360691666666,119.265156492248,30.83333396911621,47.7,15.87,121.68367346938776,-39.918271397849466,-39.89999,32.43817204301075,34.0,119.265156492248,120.52536443257861,0,0,88.82933353729649,88.82933353729649,89.76794322641598
1719,2020-10-05T11:29:05,2020-10-05T11:59:25,183,39.2,56.0,16.799999999999997,20.18360725,120.14051934523812,30.33333396911621,68.33,22.73,122.01785714285712,-39.92348961748634,-39.89999,33.96994535519126,36.0,120.14051934523812,120.44429952309108,0,0,89.48130852413578,89.48130852413578,89.70756564343344
1720,2020-10-05T11:59:36,2020-10-05T12:32:56,201,56.0,74.4,18.400000000000006,22.182079319444444,120.55477891002411,33.33333206176758,90.75,30.19,121.97580645161288,-39.92785348258707,-39.89999,35.0,36.0,120.55477891002411,120.52536443257861,0,0,89.7898512882899,89.7898512882899,89.76794322641598
1721,2020-10-05T12:33:07,2020-10-05T13:04:17,188,74.4,91.2,16.799999999999997,20.742079763888885,123.46476049933861,31.16666603088379,111.27,37.01,122.00657894736841,-39.93137611702128,-39.89999,35.0,36.0,123.46476049933861,120.54607340011788,0,0,91.95722131309182,91.95722131309182,89.78336737743263
1724,2020-10-05T19:55:41,2020-10-05T20:23:51,170,57.6,84.8,27.199999999999996,32.834306069444445,120.71436054942812,28.16666603088379,103.48,34.42,122.02830188679246,-69.94235405882353,-69.60001,35.26470588235294,37.0,120.71436054942812,120.54607340011788,0,0,89.90870855633003,89.90870855633003,89.78336737743263
1725,2020-10-05T20:24:02,2020-10-05T20:43:32,118,85.2,97.6,12.399999999999991,15.809863222222223,127.49889695340511,19.5,119.11,39.62,122.03893442622952,-48.7135656779661,-43.0,36.0,37.0,127.49889695340511,120.54607340011788,0,0,94.96186796055196,94.96186796055196,89.78336737743263
1727,2020-10-06T00:59:03,2020-10-06T01:31:23,195,49.2,74.8,25.599999999999994,30.870280208333334,120.58703206380211,32.33333206176758,91.35,30.38,122.12566844919786,-57.284619948717946,-55.60001,36.3,38.0,120.58703206380211,120.57090548691312,0,0,89.8138736116477,89.8138736116477,89.8018624499688
1728,2020-10-06T01:31:34,2020-10-06T02:03:54,195,75.2,97.2,22.0,27.128613791666666,123.31188087121213,32.33333206176758,118.66,39.47,122.07818930041152,-50.337953692307686,-43.20001,37.04102564102564,39.0,123.31188087121213,120.57090548691312,0,0,91.84335573929545,91.84335573929545,89.8018624499688
1730,2020-10-06T12:07:57,2020-10-06T12:31:27,142,22.0,45.2,23.200000000000003,27.41583502777778,118.1717027059387,23.5,55.15,18.34,122.01327433628317,-69.99718746478874,-69.70001,31.901408450704224,34.0,118.1717027059387,120.54607340011788,0,0,88.01492324389281,88.01492324389281,89.78336737743263
1731,2020-10-06T12:31:38,2020-10-06T12:59:38,169,45.2,73.2,28.0,32.65166813888889,116.61310049603173,28.0,89.34,29.72,122.04918032786885,-69.96805047337278,-69.70001,34.80769230769231,37.0,116.61310049603173,120.54607340011788,0,0,86.85406788908688,86.85406788908688,89.78336737743263
1732,2020-10-06T12:59:49,2020-10-06T13:31:19,190,73.2,97.6,24.39999999999999,29.952085888888888,122.75445036429876,31.5,119.16,39.63,122.09016393442623,-57.05000484210527,-43.0,36.036842105263155,38.0,122.75445036429876,120.57090548691312,0,0,91.42817848318133,91.42817848318133,89.8018624499688
1733,2020-10-06T20:34:56,2020-10-06T21:55:39,606,47.6,97.6,49.99999999999999,61.03290040833333,122.06580081666668,80.71666717529297,119.1,39.61,122.02868852459017,-45.367335297029705,-44.0,33.57095709570957,36.0,122.06580081666668,120.57090548691312,0,0,90.91526857591185,90.91526857591185,89.8018624499688
1735,2020-10-07T03:42:23,2020-10-07T04:05:43,141,61.2,77.6,16.39999999999999,19.631665944444443,119.70528014905153,23.33333396911621,94.68999,31.5,122.02318298969072,-50.481558439716316,-50.39999,30.120567375886523,32.0,119.70528014905153,120.54607340011788,0,0,89.15714001705739,89.15714001705739,89.78336737743263
1736,2020-10-07T04:05:54,2020-10-07T04:36:24,184,78.0,97.6,19.599999999999994,24.385555069444447,124.41609729308394,30.5,119.11,39.62,122.03893442622952,-47.967390326086964,-43.80002,30.60054347826087,32.0,124.41609729308394,120.54607340011788,0,0,92.66578210187005,92.66578210187005,89.78336737743263
1819,2020-10-08T23:58:13,2020-10-09T01:08:08,525,43.6,97.6,53.99999999999999,65.87436570138888,121.98956611368313,69.91666412353516,119.1,39.61,122.02868852459017,-56.51943253333334,-43.20001,33.392380952380954,36.0,121.98956611368313,120.54607340011788,0,0,90.85848855685505,90.85848855685505,89.78336737743263
1820,2020-10-09T05:37:58,2020-10-09T06:47:37,523,40.0,93.6,53.599999999999994,64.64164600277778,120.60008582607796,69.6500015258789,114.29,38.02,122.10470085470087,-55.677252772466545,-43.0,31.933078393881452,34.0,120.60008582607796,120.54607340011788,0,0,89.82359612438503,89.82359612438503,89.78336737743263
1822,2020-10-09T14:20:39,2020-10-09T14:44:09,142,62.4,76.4,14.000000000000007,16.941113694444446,121.00795496031742,23.5,93.22,31.01,122.01570680628272,-43.255640352112685,-42.60001,31.140845070422536,32.0,121.00795496031742,120.54607340011788,0,0,90.12737926130886,90.12737926130886,89.78336737743263
1823,2020-10-09T14:44:20,2020-10-09T15:14:10,180,76.4,93.6,17.19999999999999,20.744863638888887,120.60967231912153,29.83333396911621,114.32,38.02,122.13675213675214,-41.721671722222226,-40.89999,31.822222222222223,33.0,120.60967231912153,120.57090548691312,0,0,89.83073619624732,89.83073619624732,89.8018624499688
1825,2020-10-09T22:22:24,2020-10-09T22:48:44,159,56.8,75.2,18.400000000000006,22.244448833333333,120.89374365942025,26.33333396911621,91.71,30.51,121.95478723404254,-50.683657798742125,-50.60001,30.971698113207548,33.0,120.89374365942025,120.59355894494004,0,0,90.04231406674987,90.04231406674987,89.81873486801636
1826,2020-10-09T22:48:55,2020-10-09T23:16:35,167,75.6,94.4,18.80000000000001,22.763893500000002,121.08453989361696,27.66666603088379,115.19,38.31,122.02330508474576,-49.355698622754495,-44.10001,31.790419161676645,33.0,121.08453989361696,120.59355894494004,0,0,90.18442013379905,90.18442013379905,89.81873486801636
1829,2020-10-10T05:28:08,2020-10-10T05:55:08,163,22.4,49.2,26.800000000000004,31.572365680555563,117.80733462893866,27.0,59.92,19.93,121.78861788617886,-70.16135987730063,-70.10001,31.957055214723926,35.0,117.80733462893866,120.59355894494004,0,0,87.74353992965314,87.74353992965314,89.81873486801636
1830,2020-10-10T05:55:19,2020-10-10T06:28:19,199,49.2,81.6,32.39999999999999,38.5762552777778,119.06251628943768,33.0,99.61,33.14,122.07107843137256,-70.13870306532662,-70.0,35.040201005025125,37.0,119.06251628943768,120.59355894494004,0,0,88.67840601837212,88.67840601837212,89.81873486801636
1834,2020-10-11T01:05:53,2020-10-11T01:33:23,166,42.4,69.6,27.199999999999996,32.08583358333334,117.9626234681373,27.5,84.92,28.24,122.01149425287358,-70.00542222891566,-69.89999,31.58132530120482,34.0,117.9626234681373,120.59355894494004,0,0,87.85919989688499,87.85919989688499,89.81873486801636
1835,2020-10-11T01:33:34,2020-10-11T02:03:44,182,69.6,94.8,25.200000000000003,30.496805166666665,121.01906812169311,30.16666603088379,115.71,38.49,122.05696202531645,-60.63461467032967,-43.30002,33.0,34.0,121.01906812169311,120.59355894494004,0,0,90.13565640400107,90.13565640400107,89.81873486801636
1837,2020-10-11T06:43:46,2020-10-11T07:10:46,163,55.2,81.2,26.0,31.48319276388889,121.08920293803419,27.0,99.2,33.0,122.16748768472905,-69.96318650306749,-69.89999,32.0398773006135,34.0,121.08920293803419,120.60487907259974,0,0,90.18789319449859,90.18789319449859,89.82716616031618
1838,2020-10-11T07:10:57,2020-10-11T07:34:17,141,81.6,97.6,16.0,20.041805222222223,125.26128263888889,23.33333396911621,119.2,39.65,122.13114754098362,-51.57304879432625,-43.39999,32.5,34.0,125.26128263888889,120.66201643427482,0,0,93.2952807181589,93.2952807181589,89.86972237628868
1839,2020-10-11T17:51:07,2020-10-11T18:13:27,135,23.2,44.8,21.599999999999998,26.13403169444445,120.99088747427987,22.33333396911621,54.66,18.18,122.00892857142857,-70.21038088888889,-70.0,34.30740740740741,36.0,120.99088747427987,120.80405210442419,0,0,90.11466730540772,90.11466730540772,89.97551131153995
1840,2020-10-11T18:13:38,2020-10-11T18:45:18,191,45.2,76.4,31.200000000000003,37.035977083333336,118.70505475427349,31.66666603088379,93.25999,31.02,122.0680497382199,-70.17330764397906,-70.0,37.29319371727749,39.0,118.70505475427349,120.80405210442419,0,0,88.41216673384213,88.41216673384213,89.97551131153995
1841,2020-10-11T18:45:29,2020-10-11T19:13:59,172,76.4,98.0,21.599999999999994,26.477364305555557,122.58039030349798,28.5,119.6,39.79,122.0408163265306,-55.747681104651164,-43.30002,38.633720930232556,40.0,122.58039030349798,120.80405210442419,0,0,91.29853760858607,91.29853760858607,89.97551131153995
1843,2020-10-12T13:07:38,2020-10-12T13:32:38,151,79.6,97.6,18.0,22.375974180555556,124.3109676697531,25.0,119.17,39.64,122.10040983606558,-53.72318350993378,-43.30002,32.79139072847682,34.0,124.3109676697531,120.80405210442419,0,0,92.58748098987584,92.58748098987584,89.97551131153995
1844,2020-10-13T08:03:42,2020-10-13T08:22:52,116,37.6,56.4,18.799999999999997,22.41139205555556,119.20953221040193,19.16666603088379,68.75,22.87,121.89716312056738,-70.15863051724138,-69.80002,29.42241379310345,31.0,119.20953221040193,120.80405210442419,0,0,88.78790427136335,88.78790427136335,89.97551131153995
1845,2020-10-13T08:23:03,2020-10-13T08:51:53,174,56.4,84.4,28.000000000000007,33.65541818055556,120.19792207341267,28.83333396911621,103.04,34.27,122.08530805687204,-70.03448591954022,-69.80002,31.724137931034484,33.0,120.19792207341267,120.80405210442419,0,0,89.52406238651217,89.52406238651217,89.97551131153995
1846,2020-10-13T08:52:04,2020-10-13T09:11:54,120,84.8,97.6,12.799999999999997,16.22333395833333,126.74479654947918,19.83333396911621,119.16,39.63,122.09016393442623,-49.14250200000001,-43.20001,32.525,34.0,126.74479654947918,120.80405210442419,0,0,94.40020990155882,94.40020990155882,89.97551131153995
1847,2020-10-13T16:38:04,2020-10-13T17:21:34,327,46.8,82.8,36.0,43.49255683333333,120.81265787037037,43.5,101.11,33.63,122.11352657004832,-59.98960418960245,-59.70001,32.95412844036697,35.0,120.81265787037037,120.85320076489532,0,0,89.98192093255635,89.98192093255635,90.0121174996531
1848,2020-10-14T06:53:43,2020-10-14T08:25:55,692,24.4,97.6,73.19999999999999,87.90061785694445,120.08281127997878,92.19999694824219,119.14,39.63,122.06967213114754,-57.195380115606945,-43.20001,30.495664739884393,33.0,120.08281127997878,120.85320076489532,0,0,89.4383272450474,89.4383272450474,90.0121174996531
1852,2020-10-15T08:46:20,2020-10-15T09:06:10,120,48.8,68.0,19.200000000000003,23.029170013888898,119.94359382233799,19.83333396911621,82.7,27.51,121.61764705882352,-69.66751008333334,-69.5,32.1375,34.0,119.94359382233799,120.76350920989924,0,0,89.3346373297133,89.3346373297133,89.94531474444318
1853,2020-10-15T09:06:21,2020-10-15T09:36:01,179,68.0,93.6,25.599999999999994,30.793615083333336,120.28755891927086,29.66666603088379,113.89,37.89,121.67735042735043,-62.24581804469275,-42.89999,33.486033519553075,35.0,120.28755891927086,120.66201643427482,0,0,89.59082439406035,89.59082439406035,89.86972237628868
1855,2020-10-16T11:54:02,2020-10-16T12:50:29,424,41.6,93.6,51.99999999999999,62.344224749999995,119.89273990384616,56.45000076293945,113.95,37.9,121.741452991453,-66.24646492924529,-42.89999,32.24764150943396,34.0,119.89273990384616,120.60487907259974,0,0,89.29676105620435,89.29676105620435,89.82716616031618
1856,2020-10-16T19:59:40,2020-10-16T20:16:40,103,55.6,65.6,9.999999999999993,12.224307374999997,122.24307375000006,17.0,79.77,26.53,121.60060975609757,-43.14855009708738,-42.60001,33.41747572815534,34.0,122.24307375000006,120.66201643427482,0,0,91.04730241534449,91.04730241534449,89.86972237628868
1857,2020-10-16T20:16:51,2020-10-16T20:47:31,185,66.0,83.6,17.599999999999994,21.338197583333336,121.23975899621219,30.66666603088379,101.73,33.84,121.6866028708134,-41.74865475675676,-40.80002,33.62972972972973,35.0,121.23975899621219,120.66201643427482,0,0,90.30002816083156,90.30002816083156,89.86972237628868
1861,2020-10-17T01:13:53,2020-10-17T01:34:34,156,62.8,80.4,17.60000000000001,19.430863447222222,110.4026332228535,20.683332443237305,97.85,32.55,121.70398009950247,-56.221160641025634,-11.70001,32.5,34.0,110.4026332228535,120.66201643427482,0,0,82.22847827803001,82.22847827803001,89.86972237628868
1863,2020-10-17T03:48:57,2020-10-17T04:18:23,178,68.0,93.6,25.599999999999994,30.70330823888889,119.93479780815976,29.433332443237305,113.97,37.91,121.76282051282053,-62.57247741573035,-43.10001,33.82865168539326,36.0,119.93479780815976,120.66201643427482,0,0,89.32808601078482,89.32808601078482,89.86972237628868
1865,2020-10-17T14:24:48,2020-10-17T14:56:38,192,44.8,76.0,31.200000000000003,37.17083572222222,119.13729398148146,31.83333396911621,92.59,30.8,121.82894736842105,-70.0599003125,-69.80002,32.747395833333336,35.0,119.13729398148146,120.60487907259974,0,0,88.73410084780153,88.73410084780153,89.82716616031618
1866,2020-10-17T14:56:49,2020-10-17T15:25:29,173,76.4,97.6,21.19999999999999,26.446252444444447,124.74647379454935,28.66666603088379,118.86,39.54,121.7827868852459,-55.36012075144509,-43.0,34.358381502890175,35.0,124.74647379454935,120.66201643427482,0,0,92.91184830682626,92.91184830682626,89.86972237628868
1867,2020-10-17T23:57:46,2020-10-18T00:19:06,129,48.4,69.2,20.800000000000004,24.939725666666664,119.9025272435897,21.33333396911621,84.12,27.98,121.5606936416185,-70.14264534883723,-70.0,30.267441860465116,32.0,119.9025272435897,120.66201643427482,0,0,89.30405071977493,89.30405071977493,89.86972237628868
1868,2020-10-18T00:19:17,2020-10-18T00:46:37,165,69.2,93.2,24.0,28.712504027777783,119.6354334490741,27.33333396911621,113.48,37.74,121.75965665236052,-62.98970575757576,-43.30002,31.736363636363638,33.0,119.6354334490741,120.60487907259974,0,0,89.10511781718564,89.10511781718564,89.82716616031618
1871,2020-10-18T05:18:46,2020-10-18T05:45:56,164,62.0,83.2,21.200000000000003,25.511808236111108,120.33871809486371,27.16666603088379,101.24,33.68,121.68269230769229,-56.34512786585367,-54.89999,30.5,32.0,120.33871809486371,120.60487907259974,0,0,89.62892802470896,89.62892802470896,89.82716616031618
1872,2020-10-18T05:46:07,2020-10-18T06:08:17,134,83.2,97.6,14.399999999999991,17.666668958333332,122.68520109953711,22.16666603088379,118.83,39.53,121.75204918032787,-47.8291106716418,-43.30002,31.324626865671643,33.0,122.68520109953711,120.60487907259974,0,0,91.3766012562892,91.3766012562892,89.82716616031618
1874,2020-10-18T10:18:35,2020-10-18T10:36:15,107,86.4,97.6,11.199999999999989,13.74347516666667,122.7095997023811,17.66666603088379,118.85,39.53,121.77254098360656,-46.77010336448598,-43.10001,29.0,30.0,122.7095997023811,120.60487907259974,0,0,91.39477346763421,91.39477346763421,89.82716616031618
1875,2020-10-18T16:42:17,2020-10-18T17:07:07,150,80.0,97.6,17.599999999999994,21.63305779166667,122.91510108901521,24.83333396911621,118.85,39.53,121.77254098360656,-52.29133873333333,-42.5,30.3,31.0,122.91510108901521,120.66201643427482,0,0,91.54783201174375,91.54783201174375,89.86972237628868
1876,2020-10-19T02:36:35,2020-10-19T03:54:54,588,27.2,97.6,70.39999999999999,84.43368911944445,119.93421749921087,78.31666564941406,118.85,39.53,121.77254098360656,-64.66922425170068,-43.10001,30.483843537414966,34.0,119.93421749921087,120.66201643427482,0,0,89.3276537935414,89.3276537935414,89.86972237628868
1880,2020-10-19T17:00:08,2020-10-19T17:32:18,194,34.8,66.8,32.0,37.52777777777778,117.27430555555556,32.16666793823242,81.36,27.06,121.79640718562875,-70.0,-70.0,33.422680412371136,36.0,117.27430555555556,120.66201643427482,0,0,87.34653699319448,87.34653699319448,89.86972237628868
1882,2020-10-19T17:43:44,2020-10-19T18:10:30,163,78.0,97.6,19.599999999999994,24.157698155555554,123.25356201814061,26.766666412353516,118.85,39.53,121.77254098360656,-54.073014478527604,-43.10001,35.97546012269939,37.0,123.25356201814061,120.76350920989924,0,0,91.79991954214142,91.79991954214142,89.94531474444318
1884,2020-10-20T03:45:28,2020-10-20T04:17:18,192,39.6,70.8,31.199999999999996,37.08000088888889,118.84615669515672,31.83333396911621,86.2,28.67,121.75141242937855,-69.88854333333335,-69.60001,28.893229166666668,32.0,118.84615669515672,120.66201643427482,0,0,88.5172602224864,88.5172602224864,89.86972237628868
1885,2020-10-20T04:17:29,2020-10-20T04:43:49,159,71.2,93.2,22.0,26.98042016666667,122.6382734848485,26.33333396911621,113.49,37.75,121.7703862660944,-61.443404150943394,-43.0,30.836477987421382,32.0,122.6382734848485,120.71116509474595,0,0,91.34164931508619,91.34164931508619,89.90632856440183
1888,2020-10-20T17:53:57,2020-10-20T18:24:47,186,33.6,64.4,30.800000000000004,36.02319794444445,116.95843488455988,30.83333396911621,78.3,26.04,121.583850931677,-70.09946919354839,-69.89999,31.475806451612904,34.0,116.95843488455988,120.60487907259974,0,0,87.11127480921915,87.11127480921915,89.82716616031618
1889,2020-10-20T18:24:58,2020-10-20T18:53:48,174,64.4,90.8,26.39999999999999,31.85416969444445,120.6597336910775,28.83333396911621,110.59,36.79,121.79515418502204,-66.2310408045977,-43.10001,33.589080459770116,35.0,120.6597336910775,120.63470300509951,0,0,89.86802217681031,89.86802217681031,89.84937918652881
1891,2020-10-21T00:06:24,2020-10-21T00:30:27,182,76.0,90.8,14.799999999999997,17.782011970833334,120.1487295326577,24.049999237060547,110.5,36.75,121.69603524229076,-44.3598854945055,-42.80002,30.604395604395606,32.0,120.1487295326577,120.60487907259974,0,0,89.4874235161263,89.4874235161263,89.82716616031618
1892,2020-10-21T05:47:52,2020-10-21T07:12:20,634,59.2,99.6,40.39999999999999,51.58270258055556,127.6799568825633,84.46666717529297,121.22,40.32,121.70682730923694,-36.62902787066246,-13.10001,27.634069400630914,29.0,127.6799568825633,120.63470300509951,0,0,95.09672237495485,95.09672237495485,89.84937918652881
1893,2020-10-21T20:02:03,2020-10-21T20:38:34,221,32.0,52.4,20.4,24.047112974999997,117.87800477941175,36.516666412353516,63.66,21.18,121.4885496183206,-39.397288144796384,-5.0,28.692307692307693,30.0,117.87800477941175,120.63470300509951,0,0,87.79617543990724,87.79617543990724,89.84937918652881
1894,2020-10-21T20:38:45,2020-10-21T21:14:25,215,52.4,72.8,20.4,23.81958751388889,116.76268389161221,35.66666793823242,88.57,29.46,121.66208791208791,-40.07023958139535,-40.0,30.413953488372094,32.0,116.76268389161221,120.60487907259974,0,0,86.96547841105709,86.96547841105709,89.82716616031618
1896,2020-10-21T21:21:56,2020-10-21T21:45:06,140,75.2,88.8,13.599999999999994,15.115001083333334,111.13971384803926,23.16666603088379,108.04,35.94,121.66666666666667,-39.027859928571424,-5.0,30.939285714285713,32.0,111.13971384803926,120.46940196047083,0,0,82.77745991377508,82.77745991377508,89.726262074547
1898,2020-10-22T03:33:58,2020-10-22T03:59:58,157,48.8,74.0,25.200000000000003,30.42097747222223,120.71816457231044,26.0,90.13,29.98,121.79729729729729,-70.2019229299363,-70.0,29.312101910828027,31.0,120.71816457231044,120.60487907259974,0,0,89.91154181314481,89.91154181314481,89.82716616031618
1899,2020-10-22T04:00:09,2020-10-22T04:30:49,185,74.0,97.6,23.599999999999994,28.968060333333337,122.74601836158197,30.66666603088379,118.86,39.54,121.7827868852459,-56.677847189189194,-43.5,30.83783783783784,32.0,122.74601836158197,120.60487907259974,0,0,91.42189828195788,91.42189828195788,89.82716616031618
1901,2020-10-22T15:23:47,2020-10-22T15:55:37,192,58.0,88.8,30.799999999999997,36.95625016666668,119.98782521645025,31.83333396911621,108.07,35.95,121.70045045045045,-69.58854197916666,-43.30002,31.111979166666668,33.0,119.98782521645025,120.46940196047083,0,0,89.36758111124998,89.36758111124998,89.726262074547
1903,2020-10-23T05:42:24,2020-10-23T05:59:04,101,27.2,37.6,10.400000000000002,12.500138902777778,120.19364329594015,16.66666603088379,45.68,15.2,121.48936170212765,-45.00099019801981,-45.0,25.95049504950495,27.0,120.19364329594015,120.3131385070673,0,0,89.52087552991117,89.52087552991117,89.60987620938465
1904,2020-10-23T05:59:15,2020-10-23T06:28:35,177,38.0,56.8,18.799999999999997,22.0,117.0212765957447,29.33333396911621,69.01,22.95,121.49647887323945,-45.0,-45.0,27.55367231638418,29.0,117.0212765957447,120.24274049634177,0,0,87.15807965555543,87.15807965555543,89.55744339028627
1906,2020-10-23T06:41:25,2020-10-23T07:08:05,161,63.2,80.0,16.799999999999997,20.000138902777778,119.04844584986773,26.66666603088379,97.39,32.39,121.7375,-45.00062118012423,-45.0,29.0,30.0,119.04844584986773,120.1957826846764,0,0,88.66792627888796,88.66792627888796,89.52246895821168
1907,2020-10-23T07:08:16,2020-10-23T07:33:46,154,80.0,95.6,15.599999999999994,18.87708625,121.0069631410257,25.5,116.41,38.72,121.76778242677824,-44.414941948051954,-43.30002,29.642857142857142,31.0,121.0069631410257,120.1957826846764,0,0,90.12664054893666,90.12664054893666,89.52246895821168
1911,2020-10-23T11:46:15,2020-10-23T12:16:35,183,78.4,89.2,10.799999999999997,13.093883833333328,121.23966512345677,30.33333396911621,108.58,36.12,121.72645739910314,-25.899989999999992,-25.89999,29.0,30.0,121.23966512345677,120.1957826846764,0,0,90.29995824389566,90.29995824389566,89.52246895821168
1913,2020-10-23T17:01:14,2020-10-23T17:29:04,168,62.8,78.0,15.200000000000003,18.207777027777773,119.78800676169585,27.83333396911621,94.97,31.59,121.75641025641025,-39.150593630952386,-5.0,31.669642857142858,33.0,119.78800676169585,120.1957826846764,0,0,89.21875524553757,89.21875524553757,89.52246895821168
1914,2020-10-23T17:29:15,2020-10-23T17:59:05,180,78.0,94.4,16.400000000000006,19.86791456944444,121.14582054539288,29.83333396911621,114.98,38.25,121.80084745762711,-39.957773555555555,-39.89999,32.0,33.0,121.14582054539288,120.24274049634177,0,0,90.23006229464542,90.23006229464542,89.55744339028627
1916,2020-10-23T23:39:05,2020-10-23T23:55:55,102,27.2,38.8,11.599999999999998,14.001525708333334,120.7028078304598,16.83333396911621,47.08,15.66,121.34020618556701,-49.906855392156864,-49.80002,31.96078431372549,34.0,120.7028078304598,120.3131385070673,0,0,89.90010402876571,89.90010402876571,89.60987620938465
1917,2020-10-23T23:56:06,2020-10-24T00:23:46,167,39.2,58.8,19.599999999999994,23.00666288888889,117.380933106576,27.66666603088379,71.57,23.81,121.71768707482993,-49.894003772455086,-49.80002,33.57784431137725,36.0,117.380933106576,120.24274049634177,0,0,87.42595376983263,87.42595376983263,89.55744339028627
1918,2020-10-24T00:23:57,2020-10-24T00:49:17,153,58.8,76.8,18.0,21.064996944444445,117.02776080246915,25.33333396911621,93.5,31.1,121.74479166666666,-49.890189019607845,-49.80002,34.84640522875817,36.0,117.02776080246915,120.1957826846764,0,0,87.16290912779017,87.16290912779017,89.52246895821168
1919,2020-10-24T00:49:28,2020-10-24T01:16:58,166,76.8,94.8,18.0,22.054860861111113,122.52700478395063,27.5,115.47,38.41,121.80379746835443,-48.110240421686754,-43.20001,35.11746987951807,37.0,122.52700478395063,120.1957826846764,0,0,91.25877578492016,91.25877578492016,89.52246895821168
1921,2020-10-24T11:16:23,2020-10-24T11:37:13,126,32.0,52.8,20.799999999999997,24.321390333333337,116.92976121794875,20.83333396911621,64.23,21.36,121.64772727272728,-70.04603595238096,-69.80002,29.206349206349206,32.0,116.92976121794875,120.17118641429892,0,0,87.08991850726099,87.08991850726099,89.50414952301873
1924,2020-10-24T11:43:58,2020-10-24T12:16:08,194,59.2,90.0,30.799999999999997,36.67264073611111,119.06701537698413,32.16666793823242,109.55,36.44,121.72222222222221,-68.34484886597937,-43.10001,32.41237113402062,34.0,119.06701537698413,120.17118641429892,0,0,88.68175696310763,88.68175696310763,89.50414952301873
1927,2020-10-24T19:11:24,2020-10-24T19:42:54,190,54.0,71.2,17.200000000000003,20.960690513888892,121.86447973191213,31.5,86.62,28.81,121.65730337078651,-39.92525568421052,-39.89999,32.0,33.0,121.86447973191213,120.17118641429892,0,0,90.76532354324915,90.76532354324915,89.50414952301873
1928,2020-10-24T19:43:05,2020-10-24T20:15:25,195,71.2,89.2,18.0,21.524858041666665,119.58254467592592,32.33333206176758,108.62,36.13,121.7713004484305,-39.943071230769235,-39.89999,32.78974358974359,34.0,119.58254467592592,120.11577040631823,0,0,89.06572597292421,89.06572597292421,89.46287538058685
1930,2020-10-25T05:12:26,2020-10-25T05:34:36,134,24.8,36.8,11.999999999999996,14.400551877777778,120.00459898148151,22.16666603088379,44.7,14.87,121.46739130434784,-38.855213940298505,-4.899994,29.05223880597015,31.0,120.00459898148151,120.11577040631823,0,0,89.3800743021572,89.3800743021572,89.46287538058685
1932,2020-10-25T05:41:47,2020-10-25T06:07:57,158,40.4,55.2,14.800000000000004,17.40082897222222,117.57316873123119,26.16666603088379,67.15,22.33,121.64855072463769,-39.899989999999995,-39.89999,30.832278481012658,33.0,117.57316873123119,120.04370513073015,0,0,87.56913190267947,87.56913190267947,89.4092007736023
1933,2020-10-25T06:08:08,2020-10-25T06:35:28,165,55.2,70.4,15.200000000000003,18.176939916666665,119.58513103070173,27.33333396911621,85.62,28.48,121.61931818181817,-39.90059612121212,-39.89999,32.0,33.0,119.58513103070173,119.99621209896588,0,0,89.06765230394815,89.06765230394815,89.3738277067036
1934,2020-10-25T06:35:39,2020-10-25T07:05:09,178,70.8,86.8,16.0,19.618328499999997,122.61455312499997,29.5,105.7,35.16,121.7741935483871,-39.90167556179776,-39.89999,32.2247191011236,34.0,122.61455312499997,119.99621209896588,0,0,91.32398226279213,91.32398226279213,89.3738277067036
1935,2020-10-25T07:05:20,2020-10-25T07:25:30,122,86.8,97.6,10.799999999999997,13.41082997222222,124.17435159465022,20.16666603088379,118.79,39.51,121.7110655737705,-39.89999,-39.89999,33.0,34.0,124.17435159465022,119.99621209896588,0,0,92.48572859832419,92.48572859832419,89.3738277067036
1937,2020-10-26T00:51:07,2020-10-26T01:18:37,166,50.8,77.6,26.799999999999997,31.86861255555555,118.91273341625207,27.5,94.42,31.4,121.67525773195878,-69.53132843373496,-69.39999,30.91867469879518,32.0,118.91273341625207,119.99621209896588,0,0,88.56684692440284,88.56684692440284,89.3738277067036
1939,2020-10-26T14:16:39,2020-10-26T14:38:39,133,14.4,36.0,21.6,25.629719305555554,118.65610789609052,22.0,43.64,14.51,121.22222222222223,-69.89924015037595,-69.80002,34.63157894736842,37.0,118.65610789609052,119.961311512305,0,0,88.3757108491645,88.3757108491645,89.3478335610174
1940,2020-10-26T14:38:50,2020-10-26T14:55:30,101,36.0,52.4,16.4,19.31791440277777,117.7921609925474,16.66666603088379,63.73,21.2,121.62213740458014,-69.20197207920792,0.0,36.975247524752476,39.0,117.7921609925474,119.961311512305,0,0,87.73223852321041,87.73223852321041,89.3478335610174
1941,2020-10-26T15:19:01,2020-10-26T15:39:36,125,52.4,72.4,20.000000000000007,23.977358458333327,119.8867922916666,20.58333396911621,88.14,29.32,121.7403314917127,-69.89359224,-69.80002,38.708,40.0,119.8867922916666,119.93450765368532,0,0,89.29233124248852,89.29233124248852,89.32786990216312
1942,2020-10-26T15:39:47,2020-10-26T16:12:07,195,72.8,97.6,24.799999999999997,30.78555588888889,124.13530600358425,32.33333206176758,118.88,39.54,121.80327868852459,-57.12461600000001,-43.10001,39.81025641025641,41.0,124.13530600358425,119.93450765368532,0,0,92.45664723094103,92.45664723094103,89.32786990216312
1944,2020-10-27T01:57:37,2020-10-27T02:30:59,202,60.4,91.2,30.800000000000004,37.05722309722222,120.31565940656563,33.36666488647461,111.01,36.92,121.72149122807018,-66.6004965841584,-43.30002,34.42821782178218,36.0,120.31565940656563,119.961311512305,0,0,89.61175378896395,89.61175378896395,89.3478335610174
1946,2020-10-27T12:43:34,2020-10-27T13:35:44,392,52.4,97.2,44.800000000000004,54.347920425,121.31232237723212,52.16666793823242,118.36,39.37,121.76954732510288,-62.48852474489796,-43.0,32.933673469387756,34.0,121.31232237723212,119.99621209896588,0,0,90.35407375943547,90.35407375943547,89.3738277067036
1947,2020-10-27T20:28:31,2020-10-27T20:55:31,163,47.2,73.2,26.0,31.552226444444447,121.3547170940171,27.0,89.09,29.64,121.70765027322405,-70.11596030674848,-70.0,35.122699386503065,37.0,121.3547170940171,120.07666425706961,0,0,90.3856495737661,90.3856495737661,89.43374890914174
1948,2020-10-27T20:55:42,2020-10-27T21:24:32,174,73.6,96.4,22.80000000000001,28.007225708333337,122.83870924707597,28.83333396911621,117.37,39.04,121.75311203319501,-58.27184637931035,-43.20001,36.077586206896555,38.0,122.83870924707597,120.07666425706961,0,0,91.49093495474294,91.49093495474294,89.43374890914174
1950,2020-10-28T02:51:06,2020-10-28T03:10:46,119,46.4,65.6,19.199999999999996,22.98930870833334,119.73598285590285,19.66666603088379,79.75,26.53,121.57012195121953,-70.13614403361345,-70.0,34.516806722689076,37.0,119.73598285590285,120.07666425706961,0,0,89.18000755915944,89.18000755915944,89.43374890914174
1951,2020-10-28T03:10:57,2020-10-28T03:34:41,144,65.6,88.8,23.200000000000003,27.629281469444443,119.09173047174328,23.733333587646484,108.09,35.95,121.72297297297297,-69.75903715277778,-43.30002,35.736111111111114,38.0,119.09173047174328,120.07666425706961,0,0,88.70016489934261,88.70016489934261,89.43374890914174
1953,2020-10-28T10:39:40,2020-10-28T11:12:20,197,60.4,89.2,28.800000000000004,35.03528323611112,121.6502890142747,32.66666793823242,108.59,36.12,121.73766816143498,-64.29899472081219,-43.39999,32.69035532994924,34.0,121.6502890142747,120.07666425706961,0,0,90.60579313841676,90.60579313841676,89.43374890914174
1955,2020-10-28T18:33:25,2020-10-28T18:51:05,107,55.2,72.4,17.200000000000003,20.487085319444446,119.1109611595607,17.66666603088379,88.08,29.3,121.6574585635359,-69.57851140186915,-69.39999,32.96261682242991,35.0,119.1109611595607,119.99621209896588,0,0,88.71448801962794,88.71448801962794,89.3738277067036
1956,2020-10-28T18:51:16,2020-10-28T19:09:56,113,72.4,90.0,17.599999999999994,20.963752902777777,119.1122324021465,18.66666603088379,109.55,36.44,121.72222222222221,-67.28496513274337,-42.80002,34.0,35.0,119.1122324021465,119.96102135783056,0,0,88.71543484798067,88.71543484798067,89.3476174523957
1958,2020-10-29T12:04:08,2020-10-29T12:32:38,172,48.8,76.4,27.60000000000001,33.25041872222223,120.47253160225442,28.5,92.99,30.93,121.71465968586386,-70.00174854651162,-69.70001,27.781976744186046,30.0,120.47253160225442,119.96102135783056,0,0,89.72859304867241,89.72859304867241,89.3476174523957
1959,2020-10-29T12:32:49,2020-10-29T12:52:39,120,76.8,92.8,16.0,19.528334736111113,122.05209210069445,19.83333396911621,112.97,37.58,121.73491379310346,-59.057504166666675,-43.0,29.3375,30.0,122.05209210069445,119.99621209896588,0,0,90.90505825011948,90.90505825011948,89.3738277067036
1961,2020-10-29T17:53:24,2020-10-29T18:21:14,168,13.2,40.0,26.8,32.45791523611111,121.11162401533997,27.83333396911621,48.6,16.17,121.5,-69.96963982142857,-69.89999,29.19345238095238,32.0,121.11162401533997,120.07666425706961,0,0,90.20459253412835,90.20459253412835,89.43374890914174
1962,2020-10-29T18:21:25,2020-10-29T18:53:05,191,40.4,71.2,30.800000000000004,36.92124790277777,119.87418150252522,31.66666603088379,86.58,28.8,121.6011235955056,-69.95601696335078,-69.80002,32.23298429319372,35.0,119.87418150252522,119.99621209896588,0,0,89.28293865853732,89.28293865853732,89.3738277067036
1963,2020-10-29T18:53:16,2020-10-29T19:21:06,168,71.2,94.0,22.799999999999997,28.171250777777775,123.55811744639377,27.83333396911621,114.4,38.05,121.70212765957449,-60.7035730952381,-43.0,33.544642857142854,36.0,123.55811744639377,120.07666425706961,0,0,92.02675407212966,92.02675407212966,89.43374890914174
1966,2020-10-30T02:47:44,2020-10-30T03:12:44,151,52.0,76.0,24.0,28.91444183333333,120.47684097222222,25.0,92.46,30.75,121.6578947368421,-69.39469569536425,-69.30002,30.387417218543046,33.0,120.47684097222222,120.07666425706961,0,0,89.73180269072935,89.73180269072935,89.43374890914174
1967,2020-10-30T03:12:55,2020-10-30T03:34:05,128,76.0,93.2,17.200000000000003,20.876944055555562,121.37758171834626,21.16666603088379,113.48,37.74,121.75965665236052,-59.153905156250005,-42.5,31.75390625,33.0,121.37758171834626,120.17118641429892,0,0,90.40267926961756,90.40267926961756,89.50414952301873
1968,2020-10-30T13:28:50,2020-10-30T13:49:40,126,44.4,64.8,20.4,24.333335986111116,119.28105875544665,20.83333396911621,78.75999,26.19,121.54319444444444,-70.08016634920635,-70.0,28.785714285714285,31.0,119.28105875544665,120.07666425706961,0,0,88.84117762892575,88.84117762892575,89.43374890914174
1969,2020-10-30T13:49:51,2020-10-30T14:23:31,203,64.8,94.0,29.200000000000003,35.08403144444444,120.1507926179604,33.66666793823242,114.44,38.07,121.74468085106383,-62.49754344827587,-43.39999,30.613300492610836,32.0,120.1507926179604,120.07769579972096,0,0,89.48896011321685,89.48896011321685,89.43451720768702
1972,2020-10-31T11:41:20,2020-10-31T12:14:10,198,32.4,64.8,32.4,38.338475513888895,118.32862812928671,32.83333206176758,78.79,26.21,121.5895061728395,-70.06010702020203,-70.0,29.517676767676768,32.0,118.32862812928671,119.99621209896588,0,0,88.13180214784971,88.13180214784971,89.3738277067036
1973,2020-10-31T12:14:21,2020-10-31T12:41:51,166,64.8,90.4,25.60000000000001,30.90250331944445,120.71290359157985,27.5,110.01,36.59,121.6924778761062,-67.35964578313252,-43.39999,32.06927710843374,33.0,120.71290359157985,120.07769579972096,0,0,89.90762340624545,89.90762340624545,89.43451720768702
1975,2020-10-31T19:09:02,2020-10-31T19:38:52,180,73.6,97.2,23.60000000000001,28.284307847222227,119.84876206450092,29.83333396911621,118.3,39.35,121.70781893004116,-56.8827823888889,-42.89999,31.81388888888889,33.0,119.84876206450092,120.07769579972096,0,0,89.26400612362937,89.26400612362937,89.43451720768702
1978,2020-11-01T00:51:24,2020-11-01T01:19:54,172,34.8,62.8,28.0,33.255278027777784,118.76885009920636,28.5,76.42,25.42,121.68789808917198,-70.01104703488372,-69.89999,33.781976744186046,37.0,118.76885009920636,120.07769579972096,0,0,88.45968185175116,88.45968185175116,89.43451720768702
1979,2020-11-01T01:20:05,2020-11-01T01:51:25,189,63.2,91.6,28.39999999999999,34.36597431944445,121.00695182902977,31.33333396911621,111.51,37.09,121.73580786026203,-65.75820507936508,-43.10001,35.94973544973545,38.0,121.00695182902977,120.07769579972096,0,0,90.12663212370093,90.12663212370093,89.43451720768702
1981,2020-11-01T14:53:18,2020-11-01T15:19:28,158,18.0,27.6,9.600000000000001,11.384032138888893,118.58366811342594,26.16666603088379,33.45,11.12,121.19565217391305,-26.103807468354436,-26.10001,31.962025316455698,33.0,118.58366811342594,119.99621209896588,0,0,88.32175730728409,88.32175730728409,89.3738277067036
1982,2020-11-01T15:19:39,2020-11-01T15:48:29,174,27.6,38.0,10.399999999999999,12.542504805555561,120.60100774572658,28.83333396911621,46.1,15.33,121.31578947368422,-26.100010000000008,-26.10001,32.514367816091955,34.0,120.60100774572658,120.07769579972096,0,0,89.82428277512504,89.82428277512504,89.43451720768702
1983,2020-11-01T15:48:40,2020-11-01T16:18:40,181,38.0,49.2,11.200000000000003,13.050005000000006,116.5179017857143,30.0,59.82,19.9,121.58536585365853,-26.100010000000005,-26.10001,33.45303867403315,34.0,116.5179017857143,119.94569563657404,0,0,86.7831633748111,86.7831633748111,89.33620277232285
1984,2020-11-01T16:18:51,2020-11-01T16:47:31,173,49.2,60.0,10.799999999999997,12.470004777777783,115.46300720164616,28.66666603088379,72.93999,24.26,121.56665,-26.100010000000005,-26.10001,34.286127167630056,35.0,115.46300720164616,119.94569563657404,0,0,85.99747218376346,85.99747218376346,89.33620277232285
1985,2020-11-01T16:47:42,2020-11-01T17:14:46,164,60.4,70.4,10.000000000000007,11.774004511111114,117.74004511111106,27.066667556762695,85.65,28.49,121.66193181818181,-26.100010000000005,-26.10001,34.5,35.0,117.74004511111106,119.94569563657404,0,0,87.69342233287574,87.69342233287574,89.33620277232285
1986,2020-11-01T17:14:57,2020-11-01T17:44:47,180,70.4,81.2,10.799999999999997,12.977504972222228,120.16208307613176,29.83333396911621,98.78,32.86,121.65024630541872,-26.100010000000005,-26.10001,34.022222222222226,35.0,120.16208307613176,119.94569563657404,0,0,89.4973693075213,89.4973693075213,89.33620277232285
1987,2020-11-01T17:44:58,2020-11-01T18:07:18,135,81.2,88.8,7.599999999999994,9.678753708333335,127.3520224780703,22.33333396911621,108.09,35.95,121.72297297297297,-25.9066765925926,0.0,34.0,35.0,127.3520224780703,119.94569563657404,0,0,94.85247505703046,94.85247505703046,89.33620277232285
1988,2020-11-01T22:09:46,2020-11-01T22:37:46,169,56.4,83.6,27.199999999999996,32.672639486111116,120.11999811070265,28.0,101.74,33.84,121.69856459330144,-70.01301905325444,-69.89999,32.914201183431956,35.0,120.11999811070265,120.06229854609208,0,0,89.46602419767564,89.46602419767564,89.42304924991642
1989,2020-11-01T22:37:57,2020-11-01T22:54:37,101,83.6,95.2,11.600000000000009,14.354585166666666,123.74642385057462,16.66666603088379,115.87,38.54,121.71218487394958,-51.725749009900994,-43.10001,33.7029702970297,35.0,123.74642385057462,120.06229854609208,0,0,92.16700570031813,92.16700570031813,89.42304924991642
1991,2020-11-02T01:29:04,2020-11-02T01:54:34,154,78.8,97.6,18.799999999999997,23.134447708333333,123.05557291666668,25.5,118.83,39.53,121.75204918032787,-54.46169603896104,-43.10001,33.48701298701299,35.0,123.05557291666668,120.06229854609208,0,0,91.65245618864537,91.65245618864537,89.42304924991642
1993,2020-11-02T12:31:22,2020-11-02T13:01:42,183,45.6,67.2,21.6,25.224440222222224,116.77981584362139,30.33333396911621,81.78,27.2,121.69642857142857,-49.89452715846994,-49.80002,31.508196721311474,33.0,116.77981584362139,120.06229854609208,0,0,86.97823838156253,86.97823838156253,89.42304924991642
1994,2020-11-02T13:01:53,2020-11-02T13:30:53,175,67.2,87.2,20.0,24.117495416666667,120.58747708333333,29.0,106.1,35.29,121.6743119266055,-49.898276228571426,-49.80002,32.48571428571429,33.0,120.58747708333333,120.13539536433153,0,0,89.8142050646012,89.8142050646012,89.47749215544624
1997,2020-11-02T19:49:00,2020-11-02T20:16:40,167,52.0,71.2,19.200000000000003,23.148338,120.56426041666664,27.66666603088379,86.65,28.82,121.69943820224718,-50.2012077245509,-50.20001,32.74850299401198,34.0,120.56426041666664,120.13539536433153,0,0,89.79691316571291,89.79691316571291,89.47749215544624
1998,2020-11-02T20:16:51,2020-11-02T20:46:01,176,71.2,91.2,20.0,24.153199097222224,120.76599548611111,29.16666603088379,111.03,36.93,121.74342105263158,-49.6704640909091,-43.5,33.19886363636363,35.0,120.76599548611111,120.15643784704608,0,0,89.94716653641149,89.94716653641149,89.49316471036907
2000,2020-11-03T21:10:53,2020-11-03T22:12:48,465,35.6,93.2,57.6,68.76446192777777,119.38274640239196,61.91666793823242,113.48,37.74,121.75965665236052,-66.61871316129032,-43.0,31.15268817204301,34.0,119.38274640239196,120.15643784704608,0,0,88.91691513829392,88.91691513829392,89.49316471036907
2003,2020-11-04T12:31:50,2020-11-04T13:00:20,172,31.2,55.2,24.000000000000004,28.548196847222222,118.95082019675924,28.5,67.1,22.32,121.55797101449274,-60.10000505813954,-58.5,28.031976744186046,30.0,118.95082019675924,120.13539536433153,0,0,88.59521416449658,88.59521416449658,89.47749215544624
2004,2020-11-04T13:00:31,2020-11-04T13:29:21,174,55.6,78.4,22.800000000000004,27.426808333333337,120.29301900584795,28.83333396911621,95.47,31.76,121.77295918367346,-57.0735690229885,-55.5,30.416666666666668,32.0,120.29301900584795,120.15643784704608,0,0,89.59489109607091,89.59489109607091,89.49316471036907
2005,2020-11-04T13:29:32,2020-11-04T13:53:22,144,78.8,95.2,16.400000000000006,20.049030347222224,122.2501850440379,23.83333396911621,115.92,38.56,121.76470588235293,-50.46528423611111,-43.20001,31.427083333333332,32.0,122.2501850440379,120.22755104098985,0,0,91.05259894560152,91.05259894560152,89.5461302017961
2008,2020-11-05T00:18:50,2020-11-05T00:51:50,199,38.8,71.6,32.8,38.504028375,117.39033041158537,33.0,87.09,28.97,121.63407821229052,-70.00653376884422,-69.80002,30.992462311557787,33.0,117.39033041158537,120.22755104098985,0,0,87.43295293342392,87.43295293342392,89.5461302017961
2010,2020-11-05T15:36:07,2020-11-05T17:15:17,745,5.2,88.0,82.8,99.15231878750001,119.74917727958939,99.16666412353516,107.07,35.62,121.67045454545453,-59.99127476510067,-59.80002,33.04697986577181,36.0,119.74917727958939,120.22755104098985,0,0,89.18983483727617,89.18983483727617,89.5461302017961
2012,2020-11-05T21:17:22,2020-11-05T21:50:32,200,65.2,88.0,22.799999999999997,27.645556222222222,121.2524395711501,33.16666793823242,107.1,35.62,121.70454545454545,-50.01200119999999,-49.89999,34.235,36.0,121.2524395711501,120.22755104098985,0,0,90.30947272162143,90.30947272162143,89.5461302017961
2015,2020-11-06T02:32:43,2020-11-06T03:03:03,183,17.6,36.8,19.199999999999996,22.851116166666667,119.01623003472226,30.33333396911621,44.66,14.85,121.3586956521739,-45.20001,-45.20001,34.14207650273224,37.0,119.01623003472226,120.15643784704608,0,0,88.64393176554559,88.64393176554559,89.49316471036907
2016,2020-11-06T03:03:14,2020-11-06T03:32:24,176,36.8,55.6,18.800000000000004,21.972227083333333,116.8735483156028,29.16666603088379,67.64,22.5,121.6546762589928,-45.20001000000001,-45.20001,35.50284090909091,38.0,116.8735483156028,120.15643784704608,0,0,87.04805083359628,87.04805083359628,89.49316471036907
2017,2020-11-06T03:32:35,2020-11-06T04:04:45,194,55.6,76.4,20.800000000000004,24.232227583333337,116.50109415064102,32.16666793823242,93.04,30.94,121.78010471204189,-45.200010000000006,-45.20001,36.0,38.0,116.50109415064102,120.15643784704608,0,0,86.77064495731341,86.77064495731341,89.49316471036907
2018,2020-11-06T04:04:56,2020-11-06T04:33:06,170,76.4,93.6,17.19999999999999,21.055975958333338,122.41846487403113,28.16666603088379,113.91,37.89,121.69871794871796,-44.85000794117647,-43.5,36.0,38.0,122.41846487403113,120.22755104098985,0,0,91.177934673032,91.177934673032,89.5461302017961
2020,2020-11-06T19:17:34,2020-11-06T19:48:14,185,25.2,44.8,19.599999999999998,23.357921791666676,119.17307036564632,30.66666603088379,54.4,18.09,121.42857142857144,-45.70055059459461,-45.70001,31.38918918918919,33.0,119.17307036564632,120.22755104098985,0,0,88.76074729220497,88.76074729220497,89.5461302017961
2021,2020-11-06T19:48:25,2020-11-06T20:19:05,185,44.8,65.2,20.400000000000006,23.3577828888889,114.4989357298475,30.66666603088379,79.37,26.4,121.73312883435582,-45.700010000000006,-45.70001,33.372972972972974,35.0,114.4989357298475,120.15643784704608,0,0,85.27942653790242,85.27942653790242,89.49316471036907
2022,2020-11-06T20:19:16,2020-11-06T20:48:26,176,65.2,84.0,18.799999999999997,22.21528263888889,118.16639701536646,29.16666603088379,102.24,34.01,121.71428571428571,-45.70001000000001,-45.70001,34.19886363636363,35.0,118.16639701536646,120.13539536433153,0,0,88.01097153686162,88.01097153686162,89.47749215544624
2023,2020-11-06T20:48:37,2020-11-06T21:10:07,130,84.0,96.8,12.799999999999997,16.07597404166667,125.59354720052087,21.5,117.88,39.21,121.77685950413223,-44.863082000000006,-44.0,34.715384615384615,36.0,125.59354720052087,120.13539536433153,0,0,93.54275316053774,93.54275316053774,89.47749215544624
2024,2020-11-07T20:47:26,2020-11-07T21:07:36,122,60.4,80.0,19.6,23.54166797222222,120.1105508786848,20.16666603088379,97.43999,32.41,121.79998749999999,-70.04098745901639,-69.89999,30.491803278688526,32.0,120.1105508786848,120.11527449469372,0,0,89.45898784817844,89.45898784817844,89.46250602292704
2025,2020-11-07T21:07:47,2020-11-07T21:32:07,147,80.0,97.6,17.599999999999994,21.89778048611111,124.41920730744954,24.33333396911621,118.78,39.51,121.70081967213115,-54.01225156462585,-43.10001,31.5,32.0,124.41920730744954,120.11527449469372,0,0,92.66809845738841,92.66809845738841,89.46250602292704
2027,2020-11-08T19:26:54,2020-11-08T19:56:44,180,43.6,64.4,20.800000000000004,24.75973197222223,119.03717294337608,29.83333396911621,78.42,26.09,121.77018633540372,-49.796130722222216,-49.70001,31.819444444444443,33.0,119.03717294337608,120.11527449469372,0,0,88.65953015716948,88.65953015716948,89.46250602292704
2028,2020-11-08T19:56:55,2020-11-08T20:24:45,168,64.8,84.0,19.200000000000003,23.101398027777783,120.31978139467593,27.83333396911621,102.31,34.03,121.79761904761905,-49.799424464285735,-49.70001,32.898809523809526,34.0,120.31978139467593,120.13539536433153,0,0,89.61482386800007,89.61482386800007,89.47749215544624
2029,2020-11-08T20:24:56,2020-11-08T20:45:16,123,84.0,96.8,12.799999999999997,15.661532402777778,122.35572189670143,20.33333396911621,117.83,39.2,121.72520661157024,-46.21627382113821,-43.10001,33.073170731707314,34.0,122.35572189670143,120.13539536433153,0,0,91.13120336420496,91.13120336420496,89.47749215544624
2030,2020-11-09T02:20:12,2020-11-09T03:05:14,272,44.4,88.0,43.6,52.60067642222222,120.64375326197758,45.03333282470703,107.1,35.62,121.70454545454545,-70.03420415441177,-43.60001,33.450367647058826,36.0,120.64375326197758,120.15643784704608,0,0,89.85611986679507,89.85611986679507,89.49316471036907
2033,2020-11-09T07:32:19,2020-11-09T08:00:59,173,58.8,86.8,28.0,33.48972656944445,119.60616631944445,28.66666603088379,105.78,35.19,121.86635944700461,-70.09480676300576,-70.0,32.44219653179191,35.0,119.60616631944445,120.15643784704608,0,0,89.08331950076185,89.08331950076185,89.49316471036907
2035,2020-11-09T08:04:10,2020-11-09T08:21:32,106,87.6,97.6,10.0,12.147641333333336,121.47641333333335,17.366666793823242,118.85,39.53,121.77254098360656,-41.61981971698114,-13.0,33.18867924528302,35.0,121.47641333333335,120.15643784704608,0,0,90.47628959093792,90.47628959093792,89.49316471036907
2037,2020-11-10T08:33:11,2020-11-10T09:01:31,171,60.4,78.0,17.6,21.25055561111111,120.74179324494948,28.33333396911621,94.73,31.5,121.44871794871796,-45.001169707602344,-45.0,25.087719298245613,26.0,120.74179324494948,120.15643784704608,0,0,89.92914057630941,89.92914057630941,89.49316471036907
2038,2020-11-10T09:01:42,2020-11-10T09:33:42,193,78.4,97.6,19.19999999999999,23.64319519444445,123.14164163773157,32.0,118.83,39.53,121.75204918032787,-44.33005326424871,-43.30002,26.080310880829014,27.0,123.14164163773157,120.15643784704608,0,0,91.7165606375512,91.7165606375512,89.49316471036907
2039,2020-11-13T10:39:48,2020-11-13T10:59:58,122,19.6,39.2,19.6,23.563475250000003,120.22181250000001,20.16666603088379,47.63,15.84,121.50510204081633,-70.10656639344263,-70.0,25.39344262295082,27.0,120.22181250000001,120.19194778806589,0,0,89.54185610543304,89.54185610543304,89.51961270647718
2040,2020-11-13T11:00:09,2020-11-13T11:28:19,170,39.6,68.0,28.4,32.890697402777775,115.8123147985133,28.16666603088379,82.84,27.55,121.8235294117647,-70.06294747058823,-70.0,28.685294117647057,31.0,115.8123147985133,120.15643784704608,0,0,86.2576383709536,86.2576383709536,89.49316471036907
2041,2020-11-13T11:28:30,2020-11-13T11:51:50,141,68.0,89.6,21.599999999999994,25.868335375,119.76081192129634,23.33333396911621,109.04,36.27,121.6964285714286,-66.44823219858156,-43.20001,30.819148936170212,32.0,119.76081192129634,120.13539536433153,0,0,89.19850038133924,89.19850038133924,89.47749215544624
2044,2020-11-13T16:27:50,2020-11-13T16:46:00,110,72.8,90.0,17.200000000000003,20.40861098611112,118.65471503552975,18.16666603088379,109.55,36.44,121.72222222222221,-67.30636327272725,-43.20001,32.39090909090909,33.0,118.65471503552975,120.11527449469372,0,0,88.37467343908631,88.37467343908631,89.46250602292704
2045,2020-11-13T16:47:47,2020-11-13T17:06:52,116,89.6,98.8,9.200000000000003,11.282087375,122.63138451086952,19.08333396911621,120.26,40.0,121.72064777327935,-35.44225405172415,-13.10001,32.5,33.0,122.63138451086952,120.13539536433153,0,0,91.33651837001132,91.33651837001132,89.47749215544624
2046,2020-11-14T01:35:19,2020-11-14T01:51:49,100,32.0,48.0,16.0,19.280558305555562,120.50348940972226,16.5,58.42,19.43,121.70833333333334,-70.11101000000001,-70.10001,30.78,33.0,120.50348940972226,120.14104059341722,0,0,89.75165059109322,89.75165059109322,89.48169675259847
2047,2020-11-14T01:52:00,2020-11-14T02:24:00,193,48.4,79.6,31.199999999999996,37.39472750000001,119.85489583333339,32.0,96.88,32.22,121.70854271356784,-70.11503580310881,-70.0,33.23834196891192,35.0,119.85489583333339,120.14104059341722,0,0,89.268574587827,89.268574587827,89.48169675259847
2049,2020-11-14T05:23:40,2020-11-14T05:42:20,113,62.0,73.6,11.599999999999994,14.000138902777778,120.69085261015333,18.66666603088379,89.54,29.78,121.65760869565219,-45.00088504424779,-45.0,31.5,33.0,120.69085261015333,120.14104059341722,0,0,89.89119971602803,89.89119971602803,89.48169675259847
2050,2020-11-14T05:42:31,2020-11-14T06:11:41,176,73.6,91.6,18.0,21.844305916666666,121.3572550925926,29.16666603088379,111.47,37.08,121.69213973799127,-44.932387159090915,-43.30002,32.27556818181818,34.0,121.3572550925926,120.19194778806589,0,0,90.38753988883053,90.38753988883053,89.51961270647718
2053,2020-11-14T11:33:09,2020-11-14T12:03:19,182,68.8,94.4,25.60000000000001,30.79833261111111,120.30598676215274,30.16666603088379,114.95,38.23,121.76906779661016,-61.23241620879122,-43.39999,30.74175824175824,32.0,120.30598676215274,120.25741575292398,0,0,89.6045495510959,89.6045495510959,89.56837360075198
2055,2020-11-14T21:40:29,2020-11-14T22:47:44,505,38.8,97.6,58.8,71.05986651111112,120.85011311413457,67.25,118.85,39.53,121.77254098360656,-63.361588970297035,-43.0,28.7980198019802,31.0,120.85011311413457,120.25741575292398,0,0,90.0098178006686,90.0098178006686,89.56837360075198
2057,2020-11-15T23:13:46,2020-11-15T23:43:56,182,44.0,74.0,30.0,35.195972375,117.31990791666666,30.16666603088379,90.1,29.97,121.75675675675674,-70.00329703296704,-69.89999,28.708791208791208,31.0,117.31990791666666,120.25741575292398,0,0,87.38050187836603,87.38050187836603,89.56837360075198
2058,2020-11-15T23:44:07,2020-11-16T00:12:37,172,74.0,96.4,22.400000000000006,27.044863416666672,120.73599739583332,28.5,117.33,39.03,121.71161825726139,-56.93430715116279,-43.20001,30.36918604651163,31.0,120.73599739583332,120.25741575292398,0,0,89.92482379654393,89.92482379654393,89.56837360075198
2060,2020-11-16T06:50:02,2020-11-16T07:21:22,189,56.0,75.6,19.599999999999994,23.44777255555555,119.63149263038548,31.33333396911621,92.00999,30.61,121.706335978836,-44.899989999999995,-44.89999,28.034391534391535,30.0,119.63149263038548,120.25741575292398,0,0,89.10218267411454,89.10218267411454,89.56837360075198
2061,2020-11-16T07:21:33,2020-11-16T07:54:33,199,75.6,95.6,20.0,24.44708074999999,122.23540374999995,33.0,116.43,38.73,121.78870292887031,-44.44723150753768,-43.20001,28.886934673366834,30.0,122.23540374999995,120.29950288400035,0,0,91.04158975786531,91.04158975786531,89.5997203235834
2064,2020-11-16T16:52:05,2020-11-16T17:22:03,181,48.4,78.0,29.6,34.92185729722222,117.97924762575072,29.96666717529297,94.96,31.58,121.74358974358974,-69.92153933701658,-69.80002,34.171270718232044,36.0,117.97924762575072,120.29950288400035,0,0,87.87158165937834,87.87158165937834,89.5997203235834
2065,2020-11-16T17:22:14,2020-11-16T17:47:44,154,78.0,97.2,19.200000000000003,23.420000527777773,121.97916941550922,25.5,118.3,39.35,121.70781893004116,-55.114936298701295,-43.0,35.438311688311686,36.0,121.97916941550922,120.31288407841433,0,0,90.85074503983014,90.85074503983014,89.60968670954799
2067,2020-11-17T03:27:21,2020-11-17T03:55:31,170,30.8,59.2,28.400000000000002,33.22250797222223,116.98066187402193,28.16666603088379,71.99,23.94,121.6047297297297,-70.77001700000001,-70.70001,31.273529411764706,34.0,116.98066187402193,120.29950288400035,0,0,87.1278295911733,87.1278295911733,89.5997203235834
2068,2020-11-17T03:55:42,2020-11-17T04:24:02,171,59.2,87.2,28.0,33.42834161111112,119.38693432539685,28.33333396911621,106.08,35.29,121.65137614678899,-70.78949122807018,-70.70001,33.9766081871345,36.0,119.38693432539685,120.29950288400035,0,0,88.9200343259961,88.9200343259961,89.5997203235834
2069,2020-11-17T04:24:13,2020-11-17T04:41:23,104,87.2,98.0,10.799999999999997,13.025837722222231,120.60960853909476,17.16666603088379,119.26,39.67,121.69387755102042,-45.640400000000014,-43.80002,34.74519230769231,36.0,120.60960853909476,120.29950288400035,0,0,89.83068869253846,89.83068869253846,89.5997203235834
2070,2020-11-17T16:20:42,2020-11-17T16:42:45,134,9.2,30.8,21.6,25.769253452777775,119.30209931841561,22.049999237060547,37.38,12.43,121.36363636363637,-70.12015865671643,-70.0,31.242537313432837,33.0,119.30209931841561,120.25741575292398,0,0,88.85684875401168,88.85684875401168,89.56837360075198
2071,2020-11-17T16:42:56,2020-11-17T17:11:16,171,30.8,58.8,27.999999999999996,33.112782111111116,118.25993611111114,28.33333396911621,71.54,23.79,121.66666666666669,-70.1210618128655,-70.0,33.78362573099415,36.0,118.25993611111114,120.25741575292398,0,0,88.08063996122847,88.08063996122847,89.56837360075198
2072,2020-11-17T17:11:27,2020-11-17T17:39:57,172,59.2,86.8,27.599999999999994,33.3036155,120.66527355072465,28.5,105.77,35.18,121.85483870967741,-70.1133813372093,-70.0,36.30813953488372,38.0,120.66527355072465,120.25741575292398,0,0,89.87214829423488,89.87214829423488,89.56837360075198
2073,2020-11-17T17:40:08,2020-11-17T17:57:38,106,87.2,97.6,10.399999999999991,13.353194930555555,128.39610510149583,17.5,118.88,39.54,121.80327868852459,-45.88585084905662,-43.30002,37.0,38.0,128.39610510149583,120.25741575292398,0,0,95.63011344132076,95.63011344132076,89.56837360075198
2074,2020-11-18T03:27:51,2020-11-18T04:52:35,636,45.2,97.6,52.39999999999999,63.48965099722223,121.16345610156915,84.73332977294922,118.85,39.53,121.77254098360656,-44.956455110062905,-43.5,31.22012578616352,33.0,121.16345610156915,120.25741575292398,0,0,90.243197352258,90.243197352258,89.56837360075198
2075,2020-11-18T12:56:19,2020-11-18T14:06:22,526,50.0,93.2,43.2,52.27685123611111,121.01122971322016,70.05000305175781,113.49,37.75,121.7703862660944,-44.768812870722435,-38.10001,32.88022813688213,34.0,121.01122971322016,120.29950288400035,0,0,90.12981831498058,90.12981831498058,89.5997203235834
2077,2020-11-18T20:55:27,2020-11-18T21:28:37,200,48.8,69.6,20.799999999999997,24.93028330555556,119.85713127670944,33.16666793823242,84.71,28.18,121.70977011494253,-45.100010000000005,-45.10001,34.61,36.0,119.85713127670944,120.29950288400035,0,0,89.27023955814268,89.27023955814268,89.5997203235834
2078,2020-11-18T21:28:48,2020-11-18T21:58:38,180,69.6,88.4,18.80000000000001,22.424727194444447,119.28046380023635,29.83333396911621,107.58,35.78,121.69683257918551,-45.10001,-45.10001,35.0,36.0,119.28046380023635,120.26389963107638,0,0,88.84073450306762,88.84073450306762,89.57320282826447
2081,2020-11-19T14:24:59,2020-11-19T14:54:49,180,39.2,68.4,29.200000000000003,34.908338972222225,119.54910606925418,29.83333396911621,83.21,27.67,121.6520467836257,-70.206678,-70.10001,33.74166666666667,36.0,119.54910606925418,120.16618168934241,0,0,89.04082071784026,89.04082071784026,89.50042197680574
2082,2020-11-19T14:55:00,2020-11-19T15:22:50,168,68.4,92.8,24.39999999999999,29.62055933333334,121.39573497267767,27.83333396911621,112.98,37.58,121.74568965517243,-63.8107223809524,-43.30002,35.70238095238095,37.0,121.39573497267767,120.26389963107638,0,0,90.41619991161576,90.41619991161576,89.57320282826447
2085,2020-11-19T20:37:38,2020-11-19T21:06:48,176,62.4,82.4,20.000000000000007,24.254995722222223,121.27497861111107,29.16666603088379,100.33,33.37,121.75970873786406,-49.89601392045454,-49.80002,34.33238636363637,36.0,121.27497861111107,120.31288407841433,0,0,90.32625992047471,90.32625992047471,89.60968670954799
2086,2020-11-19T21:06:59,2020-11-19T21:25:09,110,82.4,94.4,12.0,14.333888166666663,119.44906805555553,18.16666603088379,114.89,38.22,121.70550847457626,-47.33363399999999,-43.10001,35.0,36.0,119.44906805555553,120.26389963107638,0,0,88.96631186423537,88.96631186423537,89.57320282826447
2088,2020-11-20T13:20:33,2020-11-20T13:47:23,162,11.6,24.0,12.4,14.879724833333334,119.9977809139785,26.83333396911621,28.79,9.58,119.95833333333333,-33.27716635802469,-30.60001,32.31481481481482,33.0,119.9977809139785,120.26389963107638,0,0,89.37499616860909,89.37499616860909,89.57320282826447
2089,2020-11-20T13:47:34,2020-11-20T14:17:54,183,24.4,37.6,13.200000000000003,15.702502694444448,118.95835374579124,30.33333396911621,45.26,15.05,120.3723404255319,-31.055743005464482,-28.5,32.986338797814206,34.0,118.95835374579124,120.26389963107638,0,0,88.60082519255678,88.60082519255678,89.57320282826447
2090,2020-11-20T14:18:05,2020-11-20T14:49:25,189,37.6,50.4,12.799999999999997,14.838891875,115.92884277343752,31.33333396911621,60.68,20.18,120.39682539682539,-28.413233227513228,-25.60001,34.095238095238095,35.0,115.92884277343752,120.26389963107638,0,0,86.34442903685645,86.34442903685645,89.57320282826447
2091,2020-11-20T14:49:36,2020-11-20T15:20:06,184,50.4,61.6,11.200000000000003,13.373197611111111,119.40355009920631,30.5,74.22,24.68,120.48701298701299,-26.310332282608698,-24.80002,34.98641304347826,36.0,119.40355009920631,120.16618168934241,0,0,88.93240984418692,88.93240984418692,89.50042197680574
2092,2020-11-20T15:20:17,2020-11-20T15:48:37,171,61.6,72.0,10.399999999999999,12.637919486111112,121.51845659722225,28.33333396911621,86.77,28.86,120.51388888888889,-26.763163859649122,-25.30002,35.0,36.0,121.51845659722225,120.26389963107638,0,0,90.5076036412509,90.5076036412509,89.57320282826447
2093,2020-11-20T15:48:48,2020-11-20T16:12:08,141,72.0,80.8,8.799999999999997,10.643335722222222,120.94699684343439,23.33333396911621,97.45,32.42,120.60643564356437,-27.367382056737586,-26.0,35.0,36.0,120.94699684343439,120.31288407841433,0,0,90.08197732619499,90.08197732619499,89.60968670954799
2098,2020-11-21T02:00:11,2020-11-21T02:19:46,120,21.6,41.2,19.6,22.88227985694445,116.74632580073698,19.58333396911621,49.59,16.49,120.36407766990291,-70.11000658333334,-69.89999,33.00416666666667,35.0,116.74632580073698,120.31288407841433,0,0,86.95329481650921,86.95329481650921,89.60968670954799
2100,2020-11-21T02:35:33,2020-11-21T02:57:43,134,56.8,78.4,21.60000000000001,25.86958486111111,119.76659657921806,22.16666603088379,94.49,31.43,120.52295918367346,-70.0238847761194,-69.80002,36.91417910447761,39.0,119.76659657921806,120.26389963107638,0,0,89.20280882584257,89.20280882584257,89.57320282826447
2103,2020-11-21T11:59:53,2020-11-21T12:29:13,177,30.4,51.2,20.800000000000004,24.493338222222228,117.75643376068376,29.33333396911621,61.66,20.51,120.42968749999999,-50.10001,-50.10001,32.40112994350282,34.0,117.75643376068376,120.26389963107638,0,0,87.70562868770674,87.70562868770674,89.57320282826447
2104,2020-11-21T12:29:24,2020-11-21T12:57:54,172,51.6,71.6,19.999999999999993,23.799726972222224,118.99863486111117,28.5,86.33,28.72,120.57262569832403,-50.1046611627907,-50.10001,34.56686046511628,36.0,118.99863486111117,120.10979670698926,0,0,88.63082678508596,88.63082678508596,89.45842613702106
2105,2020-11-21T12:58:05,2020-11-21T13:16:45,113,72.0,84.8,12.799999999999997,15.587780888888894,121.7795381944445,18.66666603088379,102.35,34.04,120.69575471698113,-50.10354982300885,-50.10001,35.07964601769911,36.0,121.7795381944445,120.26389963107638,0,0,90.70205862678235,90.70205862678235,89.57320282826447
2106,2020-11-21T20:15:30,2020-11-21T20:35:50,123,44.0,58.8,14.799999999999997,17.31236404166667,116.97543271396401,20.33333396911621,70.86,23.57,120.51020408163266,-51.08374845528455,-50.5,32.642276422764226,35.0,116.97543271396401,120.10979670698926,0,0,87.12393488448303,87.12393488448303,89.45842613702106
2107,2020-11-21T20:36:01,2020-11-21T21:09:31,202,58.8,82.8,24.0,28.596256875,119.15107031250001,33.5,99.84,33.21,120.57971014492755,-51.217339059405944,-51.10001,33.92079207920792,35.0,119.15107031250001,119.92745609534397,0,0,88.74436153364606,88.74436153364606,89.32261786337588
2108,2020-11-21T21:09:42,2020-11-21T21:32:42,139,82.8,97.6,14.799999999999997,18.263755097222223,123.40375065690694,23.0,117.75,39.17,120.64549180327869,-47.645337050359714,-44.10001,34.618705035971225,36.0,123.40375065690694,119.92745609534397,0,0,91.91178085250958,91.91178085250958,89.32261786337588
2110,2020-11-22T18:21:40,2020-11-22T18:49:50,170,46.0,73.6,27.599999999999994,32.85569576388889,119.04237595611917,28.16666603088379,88.68999,29.5,120.50270380434782,-69.98882635294119,-69.70001,35.120588235294115,37.0,119.04237595611917,119.92745609534397,0,0,88.66340538919826,88.66340538919826,89.32261786337588
2111,2020-11-22T18:50:01,2020-11-22T19:21:21,190,74.0,97.6,23.599999999999994,29.130502383333337,123.4343321327684,31.33333396911621,117.79,39.18,120.68647540983608,-55.71684657894736,-42.70001,36.376315789473686,38.0,123.4343321327684,119.92745609534397,0,0,91.93455810111477,91.93455810111477,89.32261786337588
2112,2020-11-23T00:01:30,2020-11-23T00:25:30,145,62.8,86.4,23.60000000000001,28.025696694444445,118.75295209510354,24.0,104.18,34.65,120.5787037037037,-70.06483324137932,-69.80002,33.1,35.0,118.75295209510354,119.8560135550214,0,0,88.44784093231952,88.44784093231952,89.26940707298485
2113,2020-11-23T00:25:41,2020-11-23T00:43:51,110,86.4,98.0,11.599999999999994,14.10541826388889,121.59843330938705,18.16666603088379,118.19,39.32,120.60204081632654,-46.677277999999994,-42.80002,33.5,35.0,121.59843330938705,119.8560135550214,0,0,90.56717072898256,90.56717072898256,89.26940707298485
2114,2020-11-23T14:16:12,2020-11-23T15:43:36,656,18.4,98.0,79.6,94.41813182916667,118.61574350397824,87.4000015258789,118.18,39.31,120.59183673469389,-64.80640713414635,-42.70001,30.21875,33.0,118.61574350397824,119.81074620627572,0,0,88.34564723163004,88.34564723163004,89.23569170683479
2115,2020-11-23T23:53:46,2020-11-24T00:16:26,137,44.4,66.4,22.000000000000007,26.45777911111111,120.26263232323227,22.66666603088379,80.08,26.63,120.6024096385542,-70.03504000000001,-69.89999,28.05109489051095,30.0,120.26263232323227,119.8560135550214,0,0,89.57225893052862,89.57225893052862,89.26940707298485
2116,2020-11-24T00:16:37,2020-11-24T00:44:57,171,66.8,92.0,25.200000000000003,30.448198513888894,120.82618457892418,28.33333396911621,110.99,36.92,120.64130434782608,-64.43217233918129,-43.0,29.95906432748538,32.0,120.82618457892418,119.92745609534397,0,0,89.99199569823921,89.99199569823921,89.32261786337588
2118,2020-11-24T15:56:24,2020-11-24T16:43:38,355,36.4,82.8,46.4,55.00214135833333,118.53909775502875,47.233333587646484,99.89,33.22,120.64009661835749,-69.86845388732395,-69.70001,29.42394366197183,32.0,118.53909775502875,119.92745609534397,0,0,88.28856106331489,88.28856106331489,89.32261786337588
2119,2020-11-24T21:16:30,2020-11-24T22:21:20,487,40.8,98.0,57.2,68.44188010694444,119.65363655060216,64.83333587646484,118.18,39.31,120.59183673469389,-63.28255092402464,-31.5,31.44147843942505,34.0,119.65363655060216,119.8560135550214,0,0,89.11867558564549,89.11867558564549,89.26940707298485
2120,2020-11-25T06:27:17,2020-11-25T07:12:07,337,60.4,97.6,37.199999999999996,45.307670038888894,121.79481193249704,44.83333206176758,117.76,39.17,120.65573770491804,-60.61602821958457,-42.80002,28.364985163204746,30.0,121.79481193249704,119.8560135550214,0,0,90.71343458948374,90.71343458948374,89.26940707298485
2123,2020-11-25T16:22:01,2020-11-25T16:54:21,195,58.8,89.6,30.799999999999997,36.98042165277778,120.06630406746032,32.33333206176758,108.04,35.94,120.58035714285717,-68.5641117948718,-43.5,32.46923076923077,34.0,120.06630406746032,119.92745609534397,0,0,89.42603258389322,89.42603258389322,89.32261786337588
2126,2020-11-25T23:57:06,2020-11-26T00:19:25,135,48.0,69.6,21.599999999999994,26.036543981944444,120.53955547196504,22.316667556762695,84.05,27.95,120.76149425287356,-70.0014877037037,-69.70001,32.34444444444444,34.0,120.53955547196504,119.92745609534397,0,0,89.77851278929568,89.77851278929568,89.32261786337588
2129,2020-11-26T07:16:28,2020-11-26T07:40:18,144,80.8,97.6,16.799999999999997,20.81680740277778,123.90956787367728,23.83333396911621,117.69,39.15,120.58401639344262,-52.434726874999996,-42.80002,29.17361111111111,31.0,123.90956787367728,119.92745609534397,0,0,92.28851625100226,92.28851625100226,89.32261786337588
2130,2020-11-26T14:17:32,2020-11-26T14:39:12,131,56.4,71.2,14.800000000000004,17.907643083333333,120.99758840090087,21.66666603088379,85.8,28.54,120.50561797752808,-49.4633703816794,-16.20001,32.88549618320611,34.0,120.99758840090087,119.92745609534397,0,0,90.11965819179342,90.11965819179342,89.32261786337588
2131,2020-11-26T14:39:23,2020-11-26T15:10:23,187,71.6,92.4,20.80000000000001,25.19625848611112,121.1358581063034,31.0,111.45,37.08,120.61688311688312,-48.75349235294118,-42.80002,33.657754010695186,35.0,121.1358581063034,119.92745609534397,0,0,90.22264221613504,90.22264221613504,89.32261786337588
2134,2020-11-26T20:50:44,2020-11-26T21:19:34,174,60.8,88.8,28.0,33.69458766666666,120.33781309523808,28.83333396911621,107.16,35.65,120.67567567567568,-70.1161009770115,-70.0,32.252873563218394,34.0,120.33781309523808,120.03204249071942,0,0,89.62825397609357,89.62825397609357,89.40051437625115
2137,2020-11-27T02:35:23,2020-11-27T03:00:33,152,50.4,74.8,24.4,29.35333255555556,120.30054326047362,25.16666603088379,90.18999,30.0,120.57485294117646,-69.98157710526316,-69.89999,29.736842105263158,32.0,120.30054326047362,120.03204249071942,0,0,89.60049520160702,89.60049520160702,89.40051437625115
2138,2020-11-27T03:00:44,2020-11-27T03:30:44,181,75.2,98.0,22.799999999999997,27.550001249999998,120.83333881578947,30.0,118.18,39.31,120.59183673469389,-55.107737292817674,-42.89999,30.591160220994475,33.0,120.83333881578947,120.1644681953463,0,0,89.99732421254633,89.99732421254633,89.49914575721093
2139,2020-11-27T05:59:16,2020-11-27T06:26:29,205,82.4,97.6,15.199999999999989,18.724710945833333,123.18888780153519,27.21666717529297,117.72,39.16,120.61475409836066,-41.28244482926829,-37.10001,28.465853658536584,30.0,123.18888780153519,120.1644681953463,0,0,91.75174983585775,91.75174983585775,89.49914575721093
2141,2020-11-27T18:07:47,2020-11-27T19:15:51,410,13.6,84.8,71.2,84.19645557777778,118.2534488451935,68.06666564941406,102.27,34.02,120.60141509433961,-74.21854643902441,-74.0,30.39268292682927,34.0,118.2534488451935,120.1644681953463,0,0,88.07580821049011,88.07580821049011,89.49914575721093
2142,2020-11-27T19:16:02,2020-11-27T19:36:02,121,84.8,97.6,12.799999999999997,16.039168180555556,125.30600141059031,20.0,117.78,39.17,120.67622950819673,-48.20413677685951,-42.89999,33.16528925619835,35.0,125.30600141059031,120.1644681953463,0,0,93.3285875011597,93.3285875011597,89.49914575721093
2144,2020-11-28T09:42:37,2020-11-28T10:11:57,177,66.4,86.4,20.0,24.24611572222223,121.23057861111114,29.33333396911621,103.62,34.45,119.93055555555554,-49.594359717514116,-49.5,23.875706214689266,25.0,121.23057861111114,120.28158779185294,0,0,90.29319056036108,90.29319056036108,89.58637706606783
2146,2020-11-28T16:54:35,2020-11-28T18:13:35,593,49.2,98.0,48.8,58.78955556666667,120.47040075136613,79.0,118.18,39.31,120.59183673469389,-44.64940979763912,-43.0,28.586846543001688,30.0,120.47040075136613,120.31917817785585,0,0,89.72700597940724,89.72700597940724,89.6143745888503
2147,2020-11-29T10:26:15,2020-11-29T10:47:55,131,50.4,71.2,20.800000000000004,24.955975722222227,119.98065251068375,21.66666603088379,84.62,28.13,118.84831460674157,-69.10917,-69.0,21.66793893129771,23.0,119.98065251068375,120.28158779185294,0,0,89.36223884120534,89.36223884120534,89.58637706606783
2148,2020-11-29T10:48:06,2020-11-29T11:18:26,183,71.6,95.2,23.60000000000001,28.510420833333338,120.80686793785308,30.33333396911621,114.21,37.97,119.96848739495796,-56.390718579234964,-42.20001,23.415300546448087,25.0,120.80686793785308,120.31917817785585,0,0,89.97760855950571,89.97760855950571,89.6143745888503
2150,2020-11-30T15:32:04,2020-11-30T16:02:14,182,49.6,68.0,18.4,22.110974847222217,120.16834156099031,30.16666603088379,81.82,27.21,120.32352941176468,-43.978027197802206,-43.0,24.95054945054945,26.0,120.16834156099031,120.31917817785585,0,0,89.5020306608896,89.5020306608896,89.6143745888503
2151,2020-11-30T16:02:25,2020-11-30T16:25:39,141,68.4,82.0,13.599999999999994,16.403085155555555,120.61092026143794,23.233333587646484,98.85,32.88,120.54878048780488,-42.36099758865248,-41.5,25.843971631205672,27.0,120.61092026143794,120.31917817785585,0,0,89.83166567043341,89.83166567043341,89.6143745888503
2152,2020-11-30T16:25:50,2020-11-30T16:54:10,171,82.0,97.6,15.599999999999994,19.30111415277778,123.72509072293454,28.33333396911621,117.73,39.16,120.625,-40.87252105263158,-40.0,26.596491228070175,28.0,123.72509072293454,120.31917817785585,0,0,92.15111667148298,92.15111667148298,89.6143745888503
2154,2020-12-01T01:38:22,2020-12-01T02:07:02,173,27.2,47.6,20.400000000000002,23.65,115.9313725490196,28.66666603088379,56.72,18.85,119.15966386554621,-49.5,-49.5,22.893063583815028,25.0,115.9313725490196,120.28158779185294,0,0,86.34631322739092,86.34631322739092,89.58637706606783
2155,2020-12-01T02:07:13,2020-12-01T02:38:53,191,47.6,70.0,22.4,26.12930598611111,116.64868743799603,31.66666603088379,84.29,28.03,120.41428571428573,-49.50837780104712,-49.5,25.287958115183248,27.0,116.64868743799603,120.21548694211128,0,0,86.88057323591485,86.88057323591485,89.53714479570911
2156,2020-12-01T02:39:04,2020-12-01T03:06:44,167,70.0,89.2,19.200000000000003,22.837501250000003,118.94531901041665,27.66666603088379,107.61,35.8,120.6390134529148,-49.526948802395204,-49.5,26.131736526946106,28.0,118.94531901041665,120.21548694211128,0,0,88.5911168511584,88.5911168511584,89.53714479570911
2159,2020-12-01T11:14:14,2020-12-01T11:44:24,182,34.4,56.0,21.6,25.124720805555555,116.31815187757199,30.16666603088379,67.31,22.38,120.19642857142857,-49.97197521978022,-49.89999,23.912087912087912,26.0,116.31815187757199,120.21548694211128,0,0,86.63438856298606,86.63438856298606,89.53714479570911
2162,2020-12-01T13:30:49,2020-12-01T13:48:39,108,75.6,88.0,12.400000000000006,14.835553000000003,119.64155645161287,17.83333396911621,106.14,35.31,120.61363636363636,-49.91388027777777,-49.89999,26.537037037037038,28.0,119.64155645161287,120.21548694211128,0,0,89.10967826258951,89.10967826258951,89.53714479570911
2164,2020-12-01T22:20:01,2020-12-01T22:49:01,175,47.2,76.0,28.799999999999997,33.83166852777777,117.47107127700616,29.0,91.57999,30.46,120.49998684210526,-69.99657525714287,-69.70001,27.18,29.0,117.47107127700616,120.11732281422532,0,0,87.49308916663315,87.49308916663315,89.46403162239142
2165,2020-12-01T22:49:12,2020-12-01T23:17:02,168,76.0,97.2,21.200000000000003,25.527084625000004,120.41077653301888,27.83333396911621,117.31,39.02,120.68930041152264,-55.03631232142858,-42.70001,28.901785714285715,30.0,120.41077653301888,120.11732281422532,0,0,89.6825975391365,89.6825975391365,89.46403162239142
2167,2020-12-02T04:27:54,2020-12-02T04:53:24,154,37.6,63.2,25.6,29.815559236111117,116.46702826605905,25.5,76.25,25.37,120.64873417721519,-70.15455415584417,-69.89999,25.13961038961039,28.0,116.46702826605905,120.11732281422532,0,0,86.74527250224962,86.74527250224962,89.46403162239142
2168,2020-12-02T04:53:35,2020-12-02T05:23:05,178,63.2,90.8,27.599999999999994,32.871670208333335,119.10025437801934,29.5,109.49,36.42,120.58370044052865,-66.80000719101125,-42.89999,27.679775280898877,30.0,119.10025437801934,120.11732281422532,0,0,88.70651355083403,88.70651355083403,89.46403162239142
2171,2020-12-02T15:52:20,2020-12-02T16:17:10,150,50.8,75.2,24.400000000000006,28.958057222222223,118.68056238615662,24.83333396911621,90.62,30.15,120.50531914893618,-69.96600400000001,-69.70001,29.53,31.0,118.68056238615662,120.11732281422532,0,0,88.3939246856148,88.3939246856148,89.46403162239142
2172,2020-12-02T16:17:21,2020-12-02T16:43:21,157,75.6,95.6,20.0,24.502085763888893,122.51042881944446,26.0,115.3,38.35,120.60669456066945,-56.54331770700639,-42.70001,30.843949044585987,32.0,122.51042881944446,120.21548694211128,0,0,91.24642991691371,91.24642991691371,89.53714479570911
2174,2020-12-02T22:25:41,2020-12-02T22:44:11,112,57.2,75.6,18.39999999999999,21.97069915277779,119.40597365640109,18.5,91.11,30.3,120.51587301587303,-71.25626526785716,-71.20001,26.732142857142858,29.0,119.40597365640109,120.21548694211128,0,0,88.9342149226921,88.9342149226921,89.53714479570911
2175,2020-12-02T22:44:22,2020-12-02T23:11:02,161,75.6,96.4,20.80000000000001,25.30361615277778,121.6520007345085,26.66666603088379,116.35,38.7,120.69502074688795,-56.9378995652174,-44.0,27.68944099378882,29.0,121.6520007345085,120.21548694211128,0,0,90.60706803690381,90.60706803690381,89.53714479570911
2178,2020-12-03T15:22:53,2020-12-03T15:56:03,200,62.8,92.0,29.200000000000003,35.01805216666667,119.92483618721461,33.16666793823242,110.7,36.82,120.32608695652173,-63.316993849999996,-43.30002,24.615,26.0,119.92483618721461,120.11732281422532,0,0,89.32066654163276,89.32066654163276,89.46403162239142
2180,2020-12-04T01:37:35,2020-12-04T01:59:55,135,26.0,48.4,22.4,26.095837055555556,116.49927256944446,22.33333396911621,57.62,19.15,119.0495867768595,-70.10815814814815,-70.10001,21.044444444444444,24.0,116.49927256944446,120.11732281422532,0,0,86.76928823378715,86.76928823378715,89.46403162239142
2181,2020-12-04T02:00:06,2020-12-04T02:26:26,159,48.4,74.8,26.4,30.770143277777777,116.55357302188551,26.33333396911621,90.07999,29.95,120.42779411764705,-70.10944396226417,-70.10001,24.257861635220127,26.0,116.55357302188551,120.11732281422532,0,0,86.80973150442024,86.80973150442024,89.46403162239142
2183,2020-12-04T02:26:57,2020-12-04T02:55:57,175,75.2,97.2,22.0,26.674727055555557,121.24875934343436,29.0,117.22,38.99,120.59670781893004,-55.197152857142875,-43.10001,25.905714285714286,27.0,121.24875934343436,120.21548694211128,0,0,90.30673166811619,90.30673166811619,89.53714479570911
2186,2020-12-04T05:23:54,2020-12-04T05:40:24,100,80.8,90.0,9.200000000000003,10.999166583333334,119.55615851449274,16.5,107.46,35.72,119.39999999999999,-39.996999699999996,-39.89999,24.0,26.0,119.55615851449274,120.21548694211128,0,0,89.04607341719333,89.04607341719333,89.53714479570911
2193,2020-12-04T10:58:23,2020-12-04T11:15:04,102,84.8,94.8,10.0,11.599154595833333,115.99154595833333,16.683332443237305,113.25,37.64,119.46202531645571,-41.83726137254902,-18.39999,22.99019607843137,24.0,115.99154595833333,120.11732281422532,0,0,86.39113070806353,86.39113070806353,89.46403162239142
2197,2020-12-04T18:13:02,2020-12-04T18:43:02,181,60.0,80.4,20.400000000000006,24.822921611111113,121.68098828976032,30.0,96.34,32.03,119.82587064676616,-49.64586624309391,-49.5,23.62707182320442,25.0,121.68098828976032,120.21548694211128,0,0,90.62865812481907,90.62865812481907,89.53714479570911
2198,2020-12-04T18:43:13,2020-12-04T19:07:43,148,80.8,96.4,15.600000000000009,18.82680926388889,120.68467476851846,24.5,116.0,38.58,120.33195020746886,-46.0229820945946,-17.80002,24.679054054054053,26.0,120.68467476851846,120.28158779185294,0,0,89.88659842616883,89.88659842616883,89.58637706606783
2199,2020-12-05T13:41:58,2020-12-05T14:11:08,176,22.4,38.8,16.4,19.434997244861112,118.50608076134826,29.16666603088379,45.46,15.1,117.16494845360826,-39.870448933522724,-0.3000183,18.616477272727273,20.0,118.50608076134826,120.21548694211128,0,0,88.2639698278669,88.2639698278669,89.53714479570911
2200,2020-12-05T14:11:19,2020-12-05T14:41:39,183,38.8,57.6,18.800000000000004,20.68707926388889,110.03765565898343,30.33333396911621,68.46,22.75,118.85416666666664,-40.919664098360656,-40.89999,20.770491803278688,23.0,110.03765565898343,120.21548694211128,0,0,81.95664101467347,81.95664101467347,89.53714479570911
2201,2020-12-05T14:41:50,2020-12-05T15:10:30,173,57.6,74.8,17.199999999999996,19.551801847222222,113.6732665536176,28.66666603088379,89.03,29.59,119.024064171123,-40.922535606936414,-40.89999,22.216763005780347,23.0,113.6732665536176,120.11732281422532,0,0,84.66446367025584,84.66446367025584,89.46403162239142
2202,2020-12-05T15:10:41,2020-12-05T15:43:51,200,74.8,93.6,18.799999999999997,22.616939749999997,120.3028710106383,33.16666793823242,111.82,37.16,119.46581196581197,-40.9149915,-40.89999,22.9525,24.0,120.3028710106383,120.21548694211128,0,0,89.60222892251807,89.60222892251807,89.53714479570911
2204,2020-12-06T07:15:49,2020-12-06T07:34:49,115,35.2,48.0,12.799999999999997,14.761114291666669,115.32120540364588,19.0,56.32,18.7,117.33333333333334,-46.61479269565217,-46.60001,18.473913043478262,20.0,115.32120540364588,120.11732281422532,0,0,85.8918574377536,85.8918574377536,89.46403162239142
2205,2020-12-06T07:35:00,2020-12-06T08:02:50,168,48.0,66.4,18.400000000000006,21.626810194444445,117.53701192632847,27.83333396911621,78.63,26.13,118.41867469879517,-46.62084333333333,-46.60001,20.125,21.0,117.53701192632847,120.11732281422532,0,0,87.54220211885317,87.54220211885317,89.46403162239142
2206,2020-12-06T08:03:01,2020-12-06T08:32:11,176,66.8,85.6,18.799999999999997,22.687921527777778,120.68043365839246,29.16666603088379,101.49,33.73,118.56308411214953,-46.6721690909091,-46.60001,21.125,22.0,120.68043365839246,120.11732281422532,0,0,89.8834396244112,89.8834396244112,89.46403162239142
2207,2020-12-06T08:32:22,2020-12-06T08:57:02,149,85.6,97.6,12.0,15.009311125,125.07759270833334,24.66666603088379,116.14,38.61,118.99590163934427,-36.48860416107383,-20.30002,21.802013422818792,23.0,125.07759270833334,120.11732281422532,0,0,93.15846746449229,93.15846746449229,89.46403162239142
2213,2020-12-07T15:10:41,2020-12-07T15:39:41,175,75.2,96.4,21.200000000000003,25.48583822222222,120.21621802935009,29.0,116.3,38.69,120.64315352697095,-52.66915297142858,-13.70001,26.122857142857143,27.0,120.21621802935009,120.19227979517021,0,0,89.53768931343826,89.53768931343826,89.51985998716393
2214,2020-12-08T06:00:35,2020-12-08T06:18:15,107,27.2,36.8,9.599999999999998,11.465141625000001,119.42855859375004,17.66666603088379,43.11,14.32,117.14673913043478,-38.78505598130841,-5.0,18.710280373831775,20.0,119.42855859375004,120.19227979517021,0,0,88.95103630616818,88.95103630616818,89.51985998716393
2215,2020-12-08T06:18:26,2020-12-08T06:45:56,166,36.8,52.8,16.0,18.340695180555556,114.62934487847222,27.5,62.5,20.77,118.37121212121211,-40.01626668674699,-40.0,20.34036144578313,22.0,114.62934487847222,120.11732281422532,0,0,85.37655597704631,85.37655597704631,89.46403162239142
2216,2020-12-08T06:46:07,2020-12-08T07:19:37,202,52.8,72.0,19.200000000000003,22.384310569444448,116.58495088252315,33.5,85.6,28.45,118.88888888888889,-40.09109806930693,-40.0,21.905940594059405,23.0,116.58495088252315,120.07449703583703,0,0,86.83310190471354,86.83310190471354,89.43213475104747
2217,2020-12-08T07:19:48,2020-12-08T07:53:08,201,72.4,90.8,18.39999999999999,22.253197541666665,120.9412909873189,33.33333206176758,108.41,36.03,119.39427312775331,-40.05572696517413,-40.0,22.915422885572138,24.0,120.9412909873189,120.07449703583703,0,0,90.07772757370309,90.07772757370309,89.43213475104747
2219,2020-12-08T22:25:34,2020-12-08T22:54:24,174,19.2,48.0,28.8,33.79014173611112,117.32688102816358,28.83333396911621,57.85,19.24,120.52083333333334,-70.31494844827586,-70.0,23.686781609195403,26.0,117.32688102816358,119.95274434894918,0,0,87.38569548951929,87.38569548951929,89.34145269141905
2220,2020-12-08T22:54:35,2020-12-08T23:22:25,168,48.0,76.0,28.0,32.58417015277778,116.37203625992063,27.83333396911621,91.64,30.48,120.57894736842105,-70.2404836904762,-70.0,27.142857142857142,29.0,116.37203625992063,119.78319631941375,0,0,86.67452194236422,86.67452194236422,89.21517240211114
2221,2020-12-08T23:22:36,2020-12-08T23:46:46,146,76.4,95.2,18.799999999999997,22.619308847222225,120.3154725916076,24.16666603088379,114.79,38.18,120.57773109243698,-56.16233698630137,-43.0,28.472602739726028,30.0,120.3154725916076,119.78319631941375,0,0,89.61161464817292,89.61161464817292,89.21517240211114
2223,2020-12-09T04:32:41,2020-12-09T04:55:41,139,86.4,97.6,11.199999999999989,13.86222451388889,123.76986173115093,23.0,117.01,38.9,119.88729508196722,-36.179862086330935,-18.20001,25.294964028776977,27.0,123.76986173115093,119.78319631941375,0,0,92.18446236052262,92.18446236052262,89.21517240211114
2224,2020-12-09T23:19:50,2020-12-09T23:41:20,130,2.8,24.4,21.599999999999998,25.296391972222224,117.11292579732513,21.5,29.29,9.74,120.04098360655738,-70.594624,-70.5,26.165384615384614,28.0,117.11292579732513,119.5988574830528,0,0,87.22634047652826,87.22634047652826,89.07787583989142
2225,2020-12-09T23:41:31,2020-12-10T00:15:11,203,24.4,58.0,33.6,39.61306077777778,117.89601421957673,33.66666793823242,69.97,23.28,120.63793103448276,-70.59754625615763,-70.5,28.73152709359606,32.0,117.89601421957673,119.49235855412138,0,0,87.80958896833656,87.80958896833656,88.99855486168076
2226,2020-12-10T00:15:22,2020-12-10T00:57:32,255,58.4,94.8,36.4,44.480644375,122.19957245879121,42.16666793823242,114.37,38.05,120.64345991561183,-63.296870549019616,-43.5,31.78235294117647,33.0,122.19957245879121,119.49235855412138,0,0,91.01490241839865,91.01490241839865,88.99855486168076
2228,2020-12-10T08:22:30,2020-12-10T08:57:00,208,57.6,78.8,21.199999999999996,25.76237190277779,121.52062218291412,34.5,95.00999,31.6,120.5710532994924,-44.80434562500001,-44.80002,26.307692307692307,28.0,121.52062218291412,119.5988574830528,0,0,90.50921658118563,90.50921658118563,89.07787583989142
2229,2020-12-10T08:57:11,2020-12-10T09:24:11,163,79.2,95.6,16.39999999999999,19.90444261111111,121.36855250677513,27.0,115.31,38.35,120.6171548117155,-44.23005723926381,-42.80002,26.849693251533743,28.0,121.36855250677513,119.5988574830528,0,0,90.39595426400972,90.39595426400972,89.07787583989142
2232,2020-12-11T14:55:22,2020-12-11T15:39:14,265,25.6,69.2,43.6,51.210976181944446,117.45636738978084,43.86666488647461,83.54,27.79,120.72254335260115,-70.04528841509435,-69.80002,28.866037735849055,32.0,117.45636738978084,119.49235855412138,0,0,87.48213763190962,87.48213763190962,88.99855486168076
2233,2020-12-11T15:39:25,2020-12-11T16:09:15,180,69.6,94.4,24.80000000000001,30.12139122222222,121.45722267025083,29.83333396911621,113.91,37.89,120.66737288135592,-60.55667133333334,-42.70001,32.21388888888889,33.0,121.45722267025083,119.49235855412138,0,0,90.46199628129162,90.46199628129162,88.99855486168076
2235,2020-12-11T22:55:35,2020-12-12T00:13:31,586,49.6,97.6,47.99999999999999,57.93238012777778,120.69245859953706,77.93333435058594,117.78,39.17,120.67622950819673,-44.59828679180888,-42.89999,29.407849829351537,32.0,120.69245859953706,119.49235855412138,0,0,89.89239586560616,89.89239586560616,88.99855486168076
2236,2020-12-12T04:30:48,2020-12-12T04:50:28,119,68.4,87.6,19.19999999999999,22.94166697222222,119.48784881365745,19.66666603088379,105.68,35.16,120.63926940639271,-69.99075731092437,-69.80002,27.449579831932773,29.0,119.48784881365745,119.45820370370375,0,0,88.9951959825947,88.9951959825947,88.97311614438144
2238,2020-12-12T11:39:42,2020-12-12T12:07:42,169,57.6,84.8,27.199999999999996,32.675557680555556,120.13072676674838,28.0,102.3,34.03,120.63679245283019,-70.02012295857989,-69.70001,27.266272189349113,29.0,120.13072676674838,119.45820370370375,0,0,89.47401495871871,89.47401495871871,88.97311614438144
2242,2020-12-13T04:57:23,2020-12-13T05:28:03,185,70.4,95.6,25.19999999999999,30.108059777777783,119.47642768959443,30.66666603088379,115.3,38.35,120.60669456066945,-58.89352167567568,-42.80002,26.37837837837838,28.0,119.47642768959443,119.45249314167224,0,0,88.9866894676275,88.9866894676275,88.96886288689784
2245,2020-12-13T17:36:02,2020-12-13T18:09:12,200,24.8,43.2,18.400000000000002,21.75958083611111,118.25859150060384,33.16666793823242,51.95,17.27,120.25462962962962,-39.27949549,-4.899994,25.675,28.0,118.25859150060384,119.41726612507557,0,0,88.07963848805103,88.07963848805103,88.94262561443014
2246,2020-12-13T18:09:23,2020-12-13T18:32:13,138,43.6,57.2,13.600000000000001,15.204442666666665,111.79737254901958,22.83333396911621,68.95,22.94,120.54195804195804,-39.95289384057971,-39.89999,27.53985507246377,29.0,111.79737254901958,119.41726612507557,0,0,83.2672876708609,83.2672876708609,88.94262561443014
2248,2020-12-13T18:34:17,2020-12-13T18:58:27,146,58.4,72.0,13.600000000000001,16.095276194444445,118.34761907679737,24.16666603088379,86.77,28.86,120.51388888888889,-39.960955,-39.89999,28.5,29.0,118.34761907679737,119.41726612507557,0,0,88.14594670825804,88.14594670825804,88.94262561443014
2249,2020-12-14T20:30:54,2020-12-14T20:57:34,161,19.2,36.8,17.599999999999998,20.705698347222224,117.64601333648991,26.66666603088379,43.79,14.55,118.9945652173913,-46.57330074534162,-38.30002,20.698757763975156,25.0,117.64601333648991,119.41726612507557,0,0,87.6233869586173,87.6233869586173,88.94262561443014
2250,2020-12-14T20:57:45,2020-12-14T21:23:05,153,36.8,55.2,18.400000000000006,21.197782222222223,115.20533816425117,25.33333396911621,66.43999,22.09,120.36230072463766,-50.205239281045756,-50.20001,24.49019607843137,27.0,115.20533816425117,119.41726612507557,0,0,85.80555889124638,85.80555889124638,88.94262561443014
2251,2020-12-14T21:23:16,2020-12-14T21:50:26,164,55.6,75.2,19.6,22.73764423611111,116.00838895975055,27.16666603088379,90.71,30.18,120.62499999999999,-50.21830451219513,-50.20001,25.996951219512194,27.0,116.00838895975055,119.25311401721021,0,0,86.40367546660543,86.40367546660543,88.82036423676307
2252,2020-12-14T21:50:37,2020-12-14T22:21:57,189,75.2,96.0,20.799999999999997,24.8330635,119.38972836538464,31.33333396911621,115.84,38.53,120.66666666666667,-47.54869248677249,-43.20001,26.780423280423282,28.0,119.38972836538464,119.39785101089286,0,0,88.92211534208909,88.92211534208909,88.9281651323906
2255,2020-12-15T02:07:11,2020-12-15T02:37:41,184,53.6,72.8,19.199999999999996,22.875,119.14062500000003,30.5,86.57,28.77,118.91483516483515,-45.0,-45.0,22.9375,25.0,119.14062500000003,119.26517668269233,0,0,88.73658180840818,88.73658180840818,88.82934857524863
2256,2020-12-15T02:37:52,2020-12-15T03:09:22,190,72.8,92.4,19.60000000000001,23.433333333333334,119.55782312925164,31.5,109.95,36.55,118.99350649350649,-44.63157894736842,-43.0,23.305263157894736,25.0,119.55782312925164,119.39785101089286,0,0,89.04731323126794,89.04731323126794,88.9281651323906
2259,2020-12-15T06:38:23,2020-12-15T07:07:33,176,71.2,93.2,22.0,26.36791990277778,119.85418137626263,29.16666603088379,109.99,36.54,118.01502145922746,-54.25682488636364,-43.10001,20.96590909090909,23.0,119.85418137626263,119.41726612507557,0,0,89.26804245633694,89.26804245633694,88.94262561443014
2261,2020-12-15T12:02:37,2020-12-15T12:29:41,164,55.6,64.0,8.399999999999999,10.11410752222222,120.40604193121692,27.066667556762695,74.56,24.76,116.5,-22.4207237804878,-22.39999,17.5,19.0,120.40604193121692,119.45249314167224,0,0,89.67907118210982,89.67907118210982,88.96886288689784
2262,2020-12-15T12:29:52,2020-12-15T13:00:52,187,64.0,73.6,9.599999999999994,11.5899965,120.7291302083334,31.0,85.77,28.48,116.53532608695652,-22.432078770053472,-22.39999,17.5,19.0,120.7291302083334,119.45249314167224,0,0,89.91970907815649,89.91970907815649,88.96886288689784
2263,2020-12-15T13:01:03,2020-12-15T13:33:33,196,73.6,83.6,10.0,12.15791370833333,121.5791370833333,32.5,97.48,32.37,116.60287081339713,-22.445402704081634,-22.39999,17.5,19.0,121.5791370833333,119.48213825162594,0,0,90.5527987954644,90.5527987954644,88.9909427251111
2265,2020-12-15T18:58:31,2020-12-15T19:18:01,118,51.6,63.6,12.0,14.614582291666666,121.78818576388889,19.5,74.18,24.63,116.63522012578618,-44.968640932203385,-44.89999,16.93220338983051,18.0,121.78818576388889,119.48213825162594,0,0,90.70849938327028,90.70849938327028,88.9909427251111
2266,2020-12-15T19:18:12,2020-12-15T19:45:22,164,64.0,80.8,16.799999999999997,20.375,121.27976190476191,27.16666603088379,94.68,31.45,117.1782178217822,-45.0,-45.0,17.807926829268293,19.0,121.27976190476191,119.48213825162594,0,0,90.32982254345374,90.32982254345374,88.9909427251111
2267,2020-12-15T19:45:33,2020-12-15T20:15:33,181,80.8,96.8,16.0,19.009307749999998,118.80817343749999,30.0,113.32,37.64,117.06611570247934,-37.98342983425415,-18.30002,18.549723756906076,20.0,118.80817343749999,119.48213825162594,0,0,88.48897008677152,88.48897008677152,88.9909427251111
2270,2020-12-16T21:26:24,2020-12-16T22:00:34,206,16.8,49.6,32.8,38.60944862500001,117.71173361280493,34.16666793823242,59.56,19.8,120.08064516129033,-67.78495878640776,-58.39999,22.32281553398058,27.0,117.71173361280493,119.48213825162594,0,0,87.67233577582972,87.67233577582972,88.9909427251111
2271,2020-12-16T22:00:45,2020-12-16T22:32:30,192,49.6,81.6,31.999999999999993,37.09625529166669,115.92579778645842,31.75,98.4,32.73,120.58823529411767,-70.10365583333333,-70.10001,27.020833333333332,29.0,115.92579778645842,119.45249314167224,0,0,86.34216111408722,86.34216111408722,88.96886288689784
2272,2020-12-16T22:32:41,2020-12-16T22:52:05,118,81.6,95.2,13.600000000000009,16.445588052777783,120.92344156454244,19.399999618530273,114.83,38.2,120.61974789915965,-51.0101840677966,-43.20001,28.0,29.0,120.92344156454244,119.45249314167224,0,0,90.06443322709012,90.06443322709012,88.96886288689784
2273,2020-12-17T13:29:45,2020-12-17T13:55:45,157,54.8,78.8,24.0,28.73583770833334,119.73265711805558,26.0,94.07,31.27,119.37817258883248,-66.29618840764333,-57.30002,21.277070063694268,25.0,119.73265711805558,119.48213825162594,0,0,89.17753053162531,89.17753053162531,88.9909427251111
2274,2020-12-17T13:55:56,2020-12-17T14:17:46,132,78.8,94.8,16.0,19.19819745833334,119.98873411458337,21.83333396911621,113.72,37.81,119.957805907173,-52.62349303030304,0.0,24.0,25.0,119.98873411458337,119.48213825162594,0,0,89.3682580634948,89.3682580634948,88.9909427251111
2275,2020-12-17T23:42:48,2020-12-18T00:07:52,152,13.2,29.2,16.0,18.80013890277778,117.50086814236111,25.066667556762695,34.09,11.32,116.74657534246577,-45.00065796052632,-45.0,18.598684210526315,20.0,117.50086814236111,119.45249314167224,0,0,87.51528203308995,87.51528203308995,88.96886288689784
2276,2020-12-18T00:08:03,2020-12-18T00:37:43,179,29.2,48.0,18.8,22.25,118.35106382978724,29.66666603088379,56.73,18.86,118.1875,-45.0,-45.0,20.220670391061454,23.0,118.35106382978724,119.45249314167224,0,0,88.148512378914,88.148512378914,88.96886288689784
2277,2020-12-18T00:37:54,2020-12-18T01:02:24,148,48.4,64.4,16.000000000000007,18.375,114.84374999999996,24.5,76.57,25.45,118.89751552795029,-45.0,-45.0,22.138513513513512,24.0,114.84374999999996,119.45249314167224,0,0,85.5362460710557,85.5362460710557,88.96886288689784
2278,2020-12-18T01:02:35,2020-12-18T01:24:35,133,64.4,78.4,14.0,16.5,117.85714285714285,22.0,93.28,31.0,118.97959183673468,-45.0,-45.0,22.913533834586467,24.0,117.85714285714285,119.45249314167224,0,0,87.78063736738079,87.78063736738079,88.96886288689784
2282,2020-12-18T13:29:30,2020-12-18T13:50:20,126,47.2,68.0,20.799999999999997,24.32027913888889,116.92441893696584,20.83333396911621,80.63,26.8,118.5735294117647,-70.04206738095237,-69.89999,19.797619047619047,22.0,116.92441893696584,119.40914347956735,0,0,87.08593954749404,87.08593954749404,88.93657582412862
2283,2020-12-18T13:50:31,2020-12-18T14:21:21,186,68.0,93.6,25.599999999999994,30.48916880555555,119.0983156467014,30.83333396911621,111.78,37.15,119.42307692307693,-59.315057903225814,-42.89999,22.096774193548388,23.0,119.0983156467014,119.40914347956735,0,0,88.70506957326383,88.70506957326383,88.93657582412862
2285,2020-12-19T11:12:24,2020-12-19T11:40:54,172,20.8,48.0,27.2,31.920837944444447,117.35602185457516,28.5,57.54,19.13,119.875,-67.1848934883721,-58.30002,21.761627906976745,26.0,117.35602185457516,119.40914347956735,0,0,87.40739973462321,87.40739973462321,88.93657582412862
2286,2020-12-19T11:41:05,2020-12-19T12:11:45,185,48.4,78.8,30.4,35.88708798611111,118.04963153326024,30.66666603088379,95.02,31.61,120.58375634517768,-70.21406318918919,-70.0,26.721621621621622,29.0,118.04963153326024,119.26517668269233,0,0,87.92400397432519,87.92400397432519,88.82934857524863
2292,2020-12-19T23:46:17,2020-12-20T00:08:09,134,44.4,66.0,21.6,25.58694675277778,118.45808681841564,21.866666793823242,77.86,25.87,117.96969696969697,-70.20821537313432,-70.0,19.992537313432837,22.0,118.45808681841564,119.11947032335071,0,0,88.22822367962108,88.22822367962108,88.720825690836
2293,2020-12-20T03:06:25,2020-12-20T03:23:35,104,30.8,41.6,10.8,12.813750125000002,118.64583449074074,17.16666603088379,48.68,16.17,117.01923076923076,-44.78846201923078,-22.5,18.177884615384617,20.0,118.64583449074074,118.95324454210069,0,0,88.36805916130179,88.36805916130179,88.59701983001767
2294,2020-12-20T03:23:46,2020-12-20T03:46:20,137,41.6,56.4,14.799999999999997,16.925,114.35810810810814,22.566667556762695,66.47,22.08,117.85460992907802,-45.0,-45.0,19.66788321167883,22.0,114.35810810810814,118.72700396412037,0,0,85.17453736364,85.17453736364,88.42851462403665
2295,2020-12-20T03:46:31,2020-12-20T04:14:11,167,56.4,74.4,18.000000000000007,20.75,115.27777777777773,27.66666603088379,87.83,29.18,118.05107526881719,-45.0,-45.0,20.9251497005988,23.0,115.27777777777773,118.72700396412037,0,0,85.8595123071519,85.8595123071519,88.42851462403665
2296,2020-12-20T04:14:22,2020-12-20T04:48:52,208,74.4,95.6,21.19999999999999,25.56111111111111,120.57127882599586,34.5,113.28,37.64,118.49372384937239,-44.45192307692308,-43.0,21.689903846153847,23.0,120.57127882599586,118.95324454210069,0,0,89.80214051493664,89.80214051493664,88.59701983001767
2299,2020-12-20T21:16:29,2020-12-20T21:46:59,184,22.4,42.0,19.6,23.254860861111116,118.64724929138323,30.5,49.72,16.52,118.38095238095238,-45.746738695652176,-45.30002,19.497282608695652,21.0,118.64724929138323,118.7277113644416,0,0,88.36911291247151,88.36911291247151,88.42904149962152
2300,2020-12-20T21:47:10,2020-12-20T22:15:50,173,42.0,60.8,18.799999999999997,21.240141458333333,112.9794758421986,28.66666603088379,72.54,24.11,119.30921052631581,-44.45549670520232,-43.5,21.8757225433526,23.0,112.9794758421986,118.7277113644416,0,0,84.14772459639462,84.14772459639462,88.42904149962152
2301,2020-12-20T22:16:01,2020-12-20T22:45:51,180,61.2,79.2,18.0,21.180557875000005,117.66976597222225,29.83333396911621,94.63,31.45,119.48232323232322,-42.59778244444445,-41.80002,23.113888888888887,24.0,117.66976597222225,118.7277113644416,0,0,87.64107805016418,87.64107805016418,88.42904149962152
2302,2020-12-20T22:46:02,2020-12-20T23:18:10,194,79.2,96.8,17.599999999999994,21.315100690277774,121.10852664930557,32.13333511352539,116.04,38.58,119.87603305785125,-39.75155283505155,-18.60001,23.737113402061855,25.0,121.10852664930557,118.7277113644416,0,0,90.20228559915549,90.20228559915549,88.42904149962152
2305,2020-12-21T03:34:17,2020-12-21T04:03:37,177,54.4,74.8,20.4,24.435693569444442,119.78281161492374,29.33333396911621,89.31,29.68,119.39839572192514,-49.981919096045196,-49.89999,24.031073446327685,26.0,119.78281161492374,118.7277113644416,0,0,89.21488587212652,89.21488587212652,88.42904149962152
2306,2020-12-21T04:03:48,2020-12-21T04:32:28,173,74.8,94.0,19.200000000000003,22.93333208333333,119.44443793402773,28.66666603088379,112.69,37.46,119.88297872340426,-47.99132687861272,-43.0,24.526011560693643,27.0,119.44443793402773,118.95324454210069,0,0,88.96286332468193,88.96286332468193,88.59701983001767
2308,2020-12-21T11:40:26,2020-12-21T12:04:36,146,56.0,79.2,23.200000000000003,28.116528638888894,121.19193378831417,24.16666603088379,93.41,31.03,117.94191919191918,-69.80959116438356,-65.80002,19.972602739726028,22.0,121.19193378831417,119.11947032335071,0,0,90.26440768735203,90.26440768735203,88.720825690836
2309,2020-12-21T12:04:47,2020-12-21T12:34:47,181,79.6,97.6,18.0,21.87889355555556,121.54940864197533,30.0,115.68,38.44,118.52459016393443,-43.76133530386741,-18.30002,21.57734806629834,23.0,121.54940864197533,119.11947032335071,0,0,90.53065689157059,90.53065689157059,88.720825690836
2311,2020-12-21T23:17:36,2020-12-21T23:52:06,208,35.2,69.6,34.39999999999999,40.275419069444446,117.07970659722226,34.5,83.41,27.73,119.8419540229885,-70.04423495192307,-69.89999,22.947115384615383,26.0,117.07970659722226,118.95324454210069,0,0,87.20159863664335,87.20159863664335,88.59701983001767
2312,2020-12-21T23:52:17,2020-12-22T00:22:37,183,70.0,94.8,24.799999999999997,29.826112861111113,120.26658411738353,30.33333396911621,114.12,37.95,120.37974683544304,-58.98306355191257,-42.89999,25.26775956284153,27.0,120.26658411738353,118.95324454210069,0,0,89.57520224818364,89.57520224818364,88.59701983001767
2316,2020-12-24T00:13:39,2020-12-24T00:43:19,179,34.0,51.2,17.200000000000003,19.72999522222222,114.70927454780359,29.66666603088379,61.29,20.38,119.70703125,-39.90334229050279,-39.89999,22.96927374301676,25.0,114.70927454780359,118.95324454210069,0,0,85.43608802702121,85.43608802702121,88.59701983001767
2317,2020-12-24T00:43:30,2020-12-24T01:15:10,191,51.2,69.2,18.0,21.061661722222226,117.00923179012348,31.66666603088379,83.25999,27.69,120.31790462427745,-39.906273350785334,-39.89999,24.963350785340314,26.0,117.00923179012348,118.7277113644416,0,0,87.14910861919086,87.14910861919086,88.42904149962152
2318,2020-12-24T01:15:21,2020-12-24T01:49:01,203,69.6,88.0,18.400000000000006,22.394161638888885,121.7074002113526,33.66666793823242,106.17,35.31,120.64772727272728,-39.91033586206897,-39.89999,25.911330049261085,27.0,121.7074002113526,118.7277113644416,0,0,90.64832986685578,90.64832986685578,88.42904149962152
2321,2020-12-24T07:09:18,2020-12-24T07:37:48,172,83.2,97.6,14.399999999999991,17.469174513888895,121.31371190200629,28.5,116.56,38.74,119.42622950819673,-36.76106302325582,-18.10001,22.968023255813954,24.0,121.31371190200629,118.7277113644416,0,0,90.35510868500177,90.35510868500177,88.42904149962152
2323,2020-12-24T18:45:42,2020-12-24T19:13:12,166,33.6,53.2,19.6,22.66999825,115.66325637755101,27.5,63.91,21.26,120.13157894736841,-49.461441927710844,-49.39999,23.716867469879517,26.0,115.66325637755101,118.64654189106199,0,0,86.14661885291807,86.14661885291807,88.36858603688665
2324,2020-12-24T19:13:23,2020-12-24T19:39:53,160,53.2,72.0,18.799999999999997,21.841108972222223,116.17611155437355,26.5,86.85,28.89,120.625,-49.451245125,-49.39999,25.7,27.0,116.17611155437355,118.55196065457818,0,0,86.52859616211867,86.52859616211867,88.29814142046143
2325,2020-12-24T19:40:04,2020-12-24T20:14:04,205,72.0,94.4,22.400000000000006,27.126525847222222,121.10056181795632,34.0,113.93,37.89,120.6885593220339,-47.860972195121946,-42.39999,26.63658536585366,28.0,121.10056181795632,118.64654189106199,0,0,90.19635334969303,90.19635334969303,88.36858603688665
2328,2020-12-25T02:34:56,2020-12-25T03:00:46,156,35.6,61.2,25.6,29.94458540277778,116.9710367296007,25.83333396911621,73.87,24.57,120.70261437908498,-69.54872275641026,-69.5,26.90705128205128,30.0,116.9710367296007,118.64654189106199,0,0,87.1206607315559,87.1206607315559,88.36858603688665
2329,2020-12-25T03:00:57,2020-12-25T03:24:57,145,61.6,84.8,23.199999999999996,27.838614055555556,119.9940261015326,24.0,102.23,34.01,120.55424528301887,-69.59655910344827,-69.5,29.144827586206898,31.0,119.9940261015326,118.7277113644416,0,0,89.37219956399348,89.37219956399348,88.42904149962152
2330,2020-12-25T03:25:08,2020-12-25T03:45:38,124,84.8,97.6,12.799999999999997,15.690975805555562,122.58574848090285,20.5,117.72,39.16,120.61475409836066,-45.886300806451615,-12.80002,29.862903225806452,31.0,122.58574848090285,118.95324454210069,0,0,91.30252840809406,91.30252840809406,88.59701983001767
2332,2020-12-25T11:04:52,2020-12-25T11:34:42,180,27.2,57.2,30.000000000000004,34.83472426388889,116.11574754629628,29.83333396911621,69.05,22.97,120.7167832167832,-70.058893,-69.89999,25.119444444444444,28.0,116.11574754629628,118.95324454210069,0,0,86.48363672245625,86.48363672245625,88.59701983001767
2333,2020-12-25T11:34:53,2020-12-25T12:03:03,170,57.6,85.2,27.6,32.86319559722222,119.0695492652979,28.16666603088379,102.7,34.16,120.53990610328638,-70.00470835294118,-69.80002,28.173529411764704,30.0,119.0695492652979,119.08393245599964,0,0,88.68364421682689,88.68364421682689,88.69435689504536
2334,2020-12-25T12:03:14,2020-12-25T12:22:54,119,85.2,98.0,12.799999999999997,15.27499997222222,119.33593728298612,19.66666603088379,118.18,39.31,120.59183673469389,-46.684033445378155,-42.80002,29.0,30.0,119.33593728298612,119.08393245599964,0,0,88.88205145301833,88.88205145301833,88.69435689504536
2335,2020-12-25T18:47:50,2020-12-25T19:41:04,400,57.2,97.6,40.39999999999999,49.01461560277777,121.32330594746976,53.233333587646484,117.76,39.17,120.65573770491804,-55.233005075,-42.80002,25.6275,28.0,121.32330594746976,119.08393245599964,0,0,90.36225438194724,90.36225438194724,88.69435689504536
2337,2020-12-26T00:43:18,2020-12-26T01:11:08,168,66.0,82.0,16.0,19.52972686111111,122.06079288194445,27.83333396911621,98.68999,32.82,120.35364634146342,-42.10001,-42.10001,25.258928571428573,27.0,122.06079288194445,119.08393245599964,0,0,90.91153863904799,90.91153863904799,88.69435689504536
2338,2020-12-26T01:11:19,2020-12-26T01:31:29,122,82.4,94.0,11.599999999999994,14.026670027777781,120.91956920498095,20.16666603088379,113.12,37.61,120.3404255319149,-41.7311575409836,-41.10001,25.75409836065574,27.0,120.91956920498095,119.08393245599964,0,0,90.06154907274713,90.06154907274713,88.69435689504536
2340,2020-12-26T06:34:40,2020-12-26T07:05:40,187,68.4,88.0,19.599999999999994,23.25,118.62244897959187,31.0,105.95,35.24,120.39772727272728,-45.0,-45.0,24.689839572192515,26.0,118.62244897959187,118.93886135139894,0,0,88.35064150613006,88.35064150613006,88.5863071517992
2346,2020-12-27T02:56:51,2020-12-27T03:26:31,179,23.6,44.4,20.799999999999997,24.71555488888889,118.82478311965814,29.66666603088379,53.49,17.79,120.47297297297298,-49.98603212290503,-49.89999,25.835195530726256,28.0,118.82478311965814,118.81647827857907,0,0,88.5013410678675,88.5013410678675,88.49515557731951
2347,2020-12-27T03:26:42,2020-12-27T03:55:12,172,44.4,65.2,20.800000000000004,23.73708204166667,114.12058673878205,28.5,78.6,26.14,120.55214723926379,-49.97267168604651,-49.89999,27.959302325581394,30.0,114.12058673878205,118.7277113644416,0,0,84.99763016325852,84.99763016325852,88.42904149962152
2348,2020-12-27T03:55:23,2020-12-27T04:25:33,182,65.2,86.4,21.200000000000003,25.13499961111111,118.56131892033541,30.16666603088379,104.19,34.66,120.59027777777776,-49.992306923076924,-49.89999,29.0,30.0,118.56131892033541,118.64654189106199,0,0,88.3051115074066,88.3051115074066,88.36858603688665
2349,2020-12-27T04:25:44,2020-12-27T04:43:34,108,86.4,97.2,10.799999999999997,13.354166666666666,123.64969135802473,17.83333396911621,117.26,39.01,120.63786008230454,-44.94444444444444,-43.0,29.435185185185187,31.0,123.64969135802473,118.64654189106199,0,0,92.09495881674098,92.09495881674098,88.36858603688665
2350,2020-12-27T20:14:07,2020-12-27T20:42:17,170,28.8,46.8,17.999999999999996,21.12097223611111,117.33873464506175,28.16666603088379,56.42,18.76,120.55555555555557,-44.98294123529412,-42.10001,27.526470588235295,29.0,117.33873464506175,118.63414173516631,0,0,87.39452412748899,87.39452412748899,88.35935033371592
2351,2020-12-27T20:42:28,2020-12-27T21:14:27,193,47.2,67.6,20.39999999999999,23.9875,117.58578431372555,31.983333587646484,81.54,27.12,120.62130177514796,-45.0,-45.0,29.56217616580311,31.0,117.58578431372555,118.63414173516631,0,0,87.57852805674592,87.57852805674592,88.35935033371592
2352,2020-12-27T21:14:38,2020-12-27T21:41:38,163,68.0,84.8,16.799999999999997,20.25,120.53571428571429,27.0,102.22,34.0,120.54245283018868,-45.0,-45.0,30.5,31.0,120.53571428571429,118.64654189106199,0,0,89.7756518530031,89.7756518530031,88.36858603688665
2353,2020-12-27T21:41:49,2020-12-27T22:03:39,132,84.8,97.6,12.799999999999997,15.955555555555556,124.6527777777778,21.83333396911621,117.76,39.17,120.65573770491804,-43.84848484848485,-43.0,30.640151515151516,32.0,124.6527777777778,118.64654189106199,0,0,92.84206300682996,92.84206300682996,88.36858603688665
2361,2020-12-28T11:56:58,2020-12-28T12:23:38,161,65.6,89.6,24.0,28.48375279166667,118.68230329861113,26.66666603088379,108.07,35.95,120.61383928571429,-64.04162118012422,-43.0,26.332298136645964,28.0,118.68230329861113,118.64654189106199,0,0,88.3952213266257,88.3952213266257,88.36858603688665
2363,2020-12-28T23:51:43,2020-12-29T00:12:23,125,23.2,44.0,20.8,24.278749875000003,116.72475901442309,20.66666603088379,52.95,17.61,120.3409090909091,-70.48639959999998,-70.30002,26.192,29.0,116.72475901442309,118.63414173516631,0,0,86.93723175743018,86.93723175743018,88.35935033371592
2364,2020-12-29T00:12:34,2020-12-29T00:41:04,172,44.0,72.8,28.799999999999997,33.50319601388889,116.33054171489198,28.5,87.85,29.22,120.67307692307692,-70.5331428488372,-70.5,29.261627906976745,31.0,116.33054171489198,118.63414173516631,0,0,86.6436165808258,86.6436165808258,88.35935033371592
2365,2020-12-29T00:41:15,2020-12-29T01:06:35,153,72.8,94.0,21.200000000000003,25.539445500000003,120.46908254716982,25.33333396911621,113.41,37.72,120.64893617021276,-60.4653619607843,-43.30002,30.924836601307188,32.0,120.46908254716982,118.64654189106199,0,0,89.72602417379304,89.72602417379304,88.36858603688665
2366,2020-12-29T15:27:24,2020-12-29T16:36:15,517,36.4,97.6,61.199999999999996,73.34445421666666,119.84387943899782,68.8499984741211,117.75,39.17,120.64549180327869,-63.90484411992262,-42.89999,29.473887814313347,32.0,119.84387943899782,118.66477629499718,0,0,89.26036951774958,89.26036951774958,88.3821671195486
2368,2020-12-29T22:19:39,2020-12-29T22:50:49,188,63.6,91.6,27.999999999999993,33.78417186111111,120.65775664682543,31.16666603088379,110.45,36.74,120.57860262008735,-64.99469085106382,-43.10001,31.10372340425532,33.0,120.65775664682543,118.75354320913463,0,0,89.86654966355958,89.86654966355958,88.4482811972466
2370,2020-12-30T12:06:59,2020-12-30T12:29:39,137,38.8,53.6,14.800000000000004,17.000972319444443,114.87143459084079,22.66666603088379,62.91,20.9,117.36940298507461,-45.00292,-45.0,18.576642335766422,20.0,114.87143459084079,118.75354320913463,0,0,85.55686570403127,85.55686570403127,88.4482811972466
2371,2020-12-30T12:29:50,2020-12-30T12:59:50,181,53.6,72.4,18.800000000000004,22.5,119.68085106382975,30.0,85.78,28.51,118.4806629834254,-45.0,-45.0,20.46685082872928,22.0,119.68085106382975,118.75354320913463,0,0,89.13894510227254,89.13894510227254,88.4482811972466
2372,2020-12-30T13:00:01,2020-12-30T13:31:31,190,72.8,92.0,19.200000000000003,23.461111111111112,122.19328703703702,31.5,109.5,36.4,119.02173913043478,-44.68421052631579,-43.0,21.49473684210526,23.0,122.19328703703702,118.94716619247802,0,0,91.01022100228478,91.01022100228478,88.5924926423472
2374,2020-12-30T19:43:36,2020-12-30T20:05:36,133,54.4,68.0,13.600000000000001,16.417367458333334,120.71593719362745,22.0,80.17,26.63,117.8970588235294,-44.77520518796994,-44.70001,20.44736842105263,22.0,120.71593719362745,119.20274327414201,0,0,89.90988284945612,89.90988284945612,88.78284783492262
2375,2020-12-30T20:05:47,2020-12-30T20:40:37,210,68.4,90.0,21.599999999999994,25.976955916666675,120.26368479938279,34.83333206176758,106.61,35.43,118.45555555555555,-44.740495952380954,-42.80002,21.302380952380954,23.0,120.26368479938279,119.39018760850692,0,0,89.57304282045729,89.57304282045729,88.92245738885013
2377,2020-12-31T13:49:58,2020-12-31T14:17:58,169,16.8,32.8,15.999999999999996,18.85014331944445,117.81339574652782,28.0,39.04,12.98,119.02439024390245,-40.38403313609468,-32.5,19.78994082840237,25.0,117.81339574652782,119.39018760850692,0,0,87.74805428281186,87.74805428281186,88.92245738885013
2378,2020-12-31T14:18:09,2020-12-31T14:44:19,158,32.8,50.0,17.200000000000003,19.712226583333333,114.60596850775191,26.16666603088379,60.06,19.97,120.12,-45.200010000000006,-45.20001,24.468354430379748,27.0,114.60596850775191,119.39018760850692,0,0,85.3591451297152,85.3591451297152,88.92245738885013
2379,2020-12-31T14:44:30,2020-12-31T15:13:40,176,50.0,69.2,19.200000000000003,21.972227083333333,114.43868272569442,29.16666603088379,83.38,27.73,120.49132947976877,-45.20001000000001,-45.20001,26.144886363636363,28.0,114.43868272569442,119.39018760850692,0,0,85.23454977456304,85.23454977456304,88.92245738885013
2380,2020-12-31T15:13:51,2020-12-31T15:38:11,147,69.2,84.8,15.599999999999994,18.33111516666667,117.50714850427357,24.33333396911621,102.33,34.04,120.67216981132076,-45.200010000000006,-45.20001,26.993197278911566,28.0,117.50714850427357,119.20274327414201,0,0,87.51995968060633,87.51995968060633,88.78284783492262
2381,2020-12-31T15:38:22,2020-12-31T15:56:12,108,84.8,95.6,10.799999999999997,13.098336305555558,121.28089171810704,17.83333396911621,115.27,38.34,120.57531380753139,-44.070380370370366,-43.20001,27.0,28.0,121.28089171810704,119.39018760850692,0,0,90.33066403454319,90.33066403454319,88.92245738885013
2383,2021-01-01T03:02:35,2021-01-01T03:30:15,167,47.6,67.2,19.6,23.274998888888888,118.74999433106575,27.66666603088379,80.18999,26.65,119.33034226190475,-50.47604550898204,-50.39999,24.694610778443113,27.0,118.74999433106575,119.39018760850692,0,0,88.4456379736687,88.4456379736687,88.92245738885013
2384,2021-01-01T03:30:26,2021-01-01T04:00:36,182,67.2,88.8,21.599999999999994,25.38916655555556,117.5424377572017,30.16666603088379,106.46,35.39,119.88738738738738,-50.497801978021975,-50.39999,25.013736263736263,28.0,117.5424377572017,119.39018760850692,0,0,87.54624330703025,87.54624330703025,88.92245738885013
2385,2021-01-01T04:00:47,2021-01-01T04:21:07,123,88.8,97.6,8.799999999999997,11.28111251388889,128.19446038510108,20.33333396911621,117.01,38.9,119.88729508196722,-33.29919113821139,-18.70001,25.024390243902438,28.0,128.19446038510108,119.39018760850692,0,0,95.47992736606226,95.47992736606226,88.92245738885013
2386,2021-01-01T16:43:32,2021-01-01T19:10:10,1100,6.4,98.0,91.6,109.16303124999999,119.17361490174672,146.63333129882812,118.18,39.31,120.59183673469389,-44.653353700000004,-13.0,23.18227272727273,27.0,119.17361490174672,119.25477609236643,0,0,88.76115286563737,88.76115286563737,88.82160215932785
2388,2021-01-01T23:57:29,2021-01-02T00:27:09,179,71.2,92.8,21.599999999999994,25.888752500000002,119.8553356481482,29.66666603088379,110.46,36.72,119.03017241379311,-52.34469776536313,-43.0,22.59776536312849,25.0,119.8553356481482,119.25477609236643,0,0,89.26890216427957,89.26890216427957,88.82160215932785
2390,2021-01-02T02:26:28,2021-01-02T02:58:45,243,79.6,97.6,18.0,21.717087572222226,120.65048651234571,32.28333282470703,115.65,38.43,118.4938524590164,-40.38107777777778,-18.10001,21.70576131687243,24.0,120.65048651234571,119.25477609236643,0,0,89.86113482808244,89.86113482808244,88.82160215932785
2391,2021-01-02T21:04:34,2021-01-02T21:34:14,179,33.6,43.2,9.600000000000001,11.077078541666666,115.38623480902774,29.66666603088379,50.47,16.76,116.82870370370368,-22.403342290502792,-22.39999,17.553072625698324,18.0,115.38623480902774,119.1215820835223,0,0,85.94029169055881,85.94029169055881,88.72239854123214
2392,2021-01-02T21:34:25,2021-01-02T22:07:15,198,43.2,54.4,11.199999999999996,12.25777230555555,109.44439558531745,32.83333206176758,63.85,21.21,117.37132352941175,-22.399989999999995,-22.39999,18.58080808080808,19.0,109.44439558531745,119.1215820835223,0,0,81.51477770347694,81.51477770347694,88.72239854123214
2393,2021-01-02T22:07:26,2021-01-02T22:39:36,194,54.4,64.8,10.399999999999999,12.008883527777774,115.47003392094015,32.16666793823242,76.42,25.39,117.9320987654321,-22.399989999999995,-22.39999,19.492268041237114,20.0,115.47003392094015,118.94716619247802,0,0,86.0027057222939,86.0027057222939,88.5924926423472
2394,2021-01-02T22:39:47,2021-01-02T23:09:47,181,64.8,74.4,9.600000000000009,11.199994999999998,116.6666145833332,30.0,87.78,29.16,117.98387096774192,-22.39999,-22.39999,19.5,20.0,116.6666145833332,118.94716619247802,0,0,86.89392547071137,86.89392547071137,88.5924926423472
2395,2021-01-02T23:09:58,2021-01-02T23:37:58,169,74.4,83.2,8.799999999999997,10.453328666666666,118.78782575757579,28.0,98.18,32.62,118.0048076923077,-22.39999,-22.39999,19.5,20.0,118.78782575757579,118.94716619247802,0,0,88.47381502472442,88.47381502472442,88.5924926423472
2396,2021-01-02T23:38:09,2021-01-03T00:06:39,172,83.2,91.6,8.399999999999991,10.38582858333333,123.64081646825406,28.5,108.09,35.91,118.00218340611355,-21.865106279069764,-21.39999,19.5,20.0,123.64081646825406,118.94716619247802,0,0,92.08834875084469,92.08834875084469,88.5924926423472
2397,2021-01-03T00:06:50,2021-01-03T00:32:20,154,91.6,97.6,6.0,7.756387052777777,129.27311754629628,25.5,115.17,38.27,118.00204918032787,-18.231164545454543,-9.200012,19.5,20.0,129.27311754629628,118.94716619247802,0,0,96.28331705306131,96.28331705306131,88.5924926423472
2400,2021-01-03T06:26:55,2021-01-03T06:51:35,149,40.0,64.4,24.400000000000006,28.67444383333333,117.51821243169395,24.66666603088379,76.24,25.34,118.38509316770185,-69.51543476510068,0.0,20.721476510067113,23.0,117.51821243169395,118.94716619247802,0,0,87.52820015358238,87.52820015358238,88.5924926423472
2403,2021-01-03T13:24:19,2021-01-03T13:58:19,205,31.6,53.2,21.6,25.547226944444446,118.27419881687243,34.0,63.19,21.0,118.77819548872179,-45.08342297560975,-45.0,20.98780487804878,23.0,118.27419881687243,118.94716619247802,0,0,88.0912629016117,88.0912629016117,88.5924926423472
2404,2021-01-03T13:58:30,2021-01-03T14:27:40,176,53.6,72.0,18.4,21.923615972222223,119.15008680555556,29.16666603088379,86.27,28.69,119.81944444444444,-45.10001,-45.10001,23.321022727272727,25.0,119.15008680555556,118.94716619247802,0,0,88.74362901235506,88.74362901235506,88.5924926423472
2405,2021-01-03T14:27:51,2021-01-03T15:00:21,196,72.4,92.4,20.0,24.30944983333334,121.54724916666669,32.5,111.26,37.0,120.41125541125541,-44.87500994897959,-43.10001,24.596938775510203,26.0,121.54724916666669,119.10981803542673,0,0,90.52904850268234,90.52904850268234,88.71363661459097
2408,2021-01-03T23:34:48,2021-01-04T00:06:18,190,24.4,44.4,20.0,23.573744875,117.86872437499999,31.5,53.41,17.76,120.29279279279278,-44.90262184210526,-44.89999,24.221052631578946,27.0,117.86872437499999,118.94716619247802,0,0,87.78926334451324,87.78926334451324,88.5924926423472
2409,2021-01-04T00:06:29,2021-01-04T00:36:59,184,44.8,64.4,19.60000000000001,22.824161583333336,116.4498039965986,30.5,77.57,25.8,120.4503105590062,-44.89999000000001,-44.89999,26.48913043478261,28.0,116.4498039965986,118.80630443861696,0,0,86.73244377320722,86.73244377320722,88.48757804629597
2410,2021-01-04T00:37:10,2021-01-04T01:06:30,177,64.8,83.2,18.400000000000006,21.951106222222215,119.29949033816418,29.33333396911621,100.28,33.36,120.52884615384615,-44.89999,-44.89999,27.36723163841808,29.0,119.29949033816418,118.94716619247802,0,0,88.85490557141112,88.85490557141112,88.5924926423472
2413,2021-01-04T03:55:20,2021-01-04T04:27:00,191,72.8,97.2,24.400000000000006,29.840700027777782,122.29795093351548,31.66666603088379,117.26,39.01,120.63786008230454,-56.54137178010472,-43.10001,26.49738219895288,28.0,122.29795093351548,118.98743496260684,0,0,91.0881752384007,91.0881752384007,88.62248504011129
2415,2021-01-04T14:49:22,2021-01-04T15:11:52,136,44.0,66.0,22.0,26.405692152777775,120.02587342171715,22.5,79.39,26.4,120.28787878787878,-70.41543507352942,-70.30002,23.610294117647058,26.0,120.02587342171715,118.98743496260684,0,0,89.39591962029616,89.39591962029616,88.62248504011129
2416,2021-01-04T15:12:03,2021-01-04T15:41:33,178,66.4,92.0,25.599999999999994,30.99166772222223,121.0612020399306,29.5,110.99,36.92,120.64130434782608,-62.99944039325843,-43.30002,25.97752808988764,27.0,121.0612020399306,118.98743496260684,0,0,90.16703797416315,90.16703797416315,88.62248504011129
2418,2021-01-05T06:29:17,2021-01-05T06:48:57,119,37.2,57.2,20.0,23.168892166666673,115.84446083333336,19.66666603088379,68.36,22.72,119.51048951048949,-70.68488394957986,-70.60001,21.722689075630253,24.0,115.84446083333336,118.80630443861696,0,0,86.28158091153223,86.28158091153223,88.48757804629597
2419,2021-01-05T06:49:08,2021-01-05T07:21:28,195,57.2,88.4,31.200000000000003,37.164728,119.11771794871791,32.33333206176758,106.46,35.4,120.42986425339366,-68.90513892307693,-43.60001,24.74871794871795,27.0,119.11771794871791,118.80630443861696,0,0,88.71952051273271,88.71952051273271,88.48757804629597
2420,2021-01-05T07:21:39,2021-01-05T07:38:29,102,88.4,98.0,9.599999999999994,11.269030097222227,117.38573017939827,16.83333396911621,118.18,39.31,120.59183673469389,-40.05294941176471,-13.5,26.0,27.0,117.38573017939827,118.80630443861696,0,0,87.42952665561306,87.42952665561306,88.48757804629597
2421,2021-01-05T14:50:31,2021-01-05T15:28:09,283,67.2,97.6,30.39999999999999,36.84804469861111,121.21067335069448,37.63333511352539,117.72,39.16,120.61475409836066,-58.742407667844525,-42.70001,25.93286219081272,27.0,121.21067335069448,118.95277185314686,0,0,90.27836501475579,90.27836501475579,88.59666776872857
2423,2021-01-05T22:13:11,2021-01-05T22:40:01,162,60.8,87.2,26.400000000000006,31.308055805555554,118.5911204755892,26.83333396911621,105.2,34.99,120.64220183486239,-70.0055561111111,-69.89999,25.901234567901234,28.0,118.5911204755892,118.95277185314686,0,0,88.3273078669254,88.3273078669254,88.59666776872857
2425,2021-01-06T12:01:05,2021-01-06T12:31:31,184,70.0,95.2,25.200000000000003,29.728860247222222,117.97166764770724,30.433332443237305,113.31,37.66,119.02310924369748,-58.51249831521739,0.0,21.17391304347826,22.0,117.97166764770724,118.95277185314686,0,0,87.8659360507393,87.8659360507393,88.59666776872857
2427,2021-01-06T23:41:44,2021-01-07T00:11:44,181,29.2,59.2,30.000000000000004,35.02666861111111,116.75556203703702,30.0,71.32,23.72,120.47297297297294,-70.05359508287293,-69.80002,25.569060773480665,28.0,116.75556203703702,118.76891004432076,0,0,86.96017401525474,86.96017401525474,88.45972649919656
2428,2021-01-07T00:11:55,2021-01-07T00:40:15,171,59.2,87.2,28.0,33.068751375000005,118.10268348214287,28.33333396911621,105.15,34.98,120.5848623853211,-70.02807309941521,-69.80002,28.48830409356725,30.0,118.10268348214287,118.76891004432076,0,0,87.96351735275609,87.96351735275609,88.45972649919656
2430,2021-01-07T17:14:08,2021-01-07T17:30:58,102,14.8,31.2,16.4,19.636806180555553,119.73662305216801,16.83333396911621,36.43,12.1,116.76282051282051,-69.99313950980392,-69.80002,17.926470588235293,20.0,119.73662305216801,118.95277185314686,0,0,89.1804843807999,89.1804843807999,88.59666776872857
2431,2021-01-07T17:31:09,2021-01-07T17:50:45,119,31.6,51.2,19.6,22.864973552777787,116.65802833049891,19.600000381469727,60.54,20.12,118.2421875,-69.99496201680672,-69.80002,20.26050420168067,23.0,116.65802833049891,118.76891004432076,0,0,86.88753038316622,86.88753038316622,88.45972649919656
2434,2021-01-07T18:03:46,2021-01-07T18:32:46,175,62.8,88.8,26.0,31.188057861111115,119.9540686965812,29.0,106.03,35.24,119.40315315315316,-64.48057622857142,-42.70001,23.60857142857143,25.0,119.9540686965812,118.76891004432076,0,0,89.34243907269742,89.34243907269742,88.45972649919656
2436,2021-01-07T18:38:17,2021-01-07T18:58:27,122,90.4,97.6,7.199999999999989,8.312364249999998,115.44950347222239,20.16666603088379,116.81,38.84,119.68237704918033,-24.84427155737706,-18.10001,23.766393442622952,25.0,115.44950347222239,118.76891004432076,0,0,85.98741453306093,85.98741453306093,88.45972649919656
2438,2021-01-08T09:50:21,2021-01-08T10:22:51,196,53.6,75.2,21.6,25.628055027777776,118.64840290637858,32.5,89.8,29.84,119.41489361702128,-47.296427602040815,-37.89999,21.755102040816325,25.0,118.64840290637858,118.76891004432076,0,0,88.36997213115875,88.36997213115875,88.45972649919656
2439,2021-01-08T10:23:02,2021-01-08T10:46:22,141,75.2,90.8,15.599999999999994,18.902919875,121.17256330128208,23.33333396911621,108.48,36.05,119.47136563876653,-48.5929160283688,-43.0,23.76241134751773,25.0,121.17256330128208,118.95277185314686,0,0,90.2499804438556,90.2499804438556,88.59666776872857
2440,2021-01-08T10:46:33,2021-01-08T11:02:57,100,90.8,97.2,6.400000000000006,7.358860622222219,114.98219722222207,16.399999618530273,116.09,38.58,119.43415637860083,-27.057998299999998,-18.39999,24.0,25.0,114.98219722222207,118.76891004432076,0,0,85.63936231088455,85.63936231088455,88.45972649919656
2441,2021-01-08T16:17:31,2021-01-08T16:38:31,127,20.0,34.8,14.799999999999997,17.39639247222222,117.5431923798799,21.0,40.67,13.51,116.86781609195404,-49.70473456692912,-49.70001,18.562992125984252,21.0,117.5431923798799,118.69919861872216,0,0,87.54680535408195,87.54680535408195,88.40780505241372
2442,2021-01-08T16:38:42,2021-01-08T17:07:02,171,35.2,55.6,20.4,23.469449166666674,115.04631944444449,28.33333396911621,65.5,21.76,117.80575539568345,-49.700010000000006,-49.70001,20.535087719298247,24.0,115.04631944444449,118.61976169098389,0,0,85.68712088876659,85.68712088876659,88.34863999904206
2443,2021-01-08T17:07:13,2021-01-08T17:35:43,172,55.6,76.0,20.4,23.607504750000004,115.72306250000003,28.5,90.43999,30.06,118.99998684210526,-49.70001,-49.70001,22.311046511627907,24.0,115.72306250000003,118.61976169098389,0,0,86.19116277634755,86.19116277634755,88.34863999904206
2444,2021-01-08T17:35:54,2021-01-08T18:05:34,179,76.0,95.2,19.200000000000003,23.337645625000004,121.55023763020833,29.66666603088379,113.33,37.67,119.04411764705881,-47.19442703910616,-42.80002,23.10335195530726,25.0,121.55023763020833,118.61976169098389,0,0,90.53127432648967,90.53127432648967,88.34863999904206
2445,2021-01-09T03:59:21,2021-01-09T05:37:49,739,9.6,98.0,88.4,104.47974143750002,118.18975275735296,98.46666717529297,118.18,39.31,120.59183673469389,-63.62381921515561,-12.89999,26.13599458728011,31.0,118.18975275735296,118.4326596462308,0,0,88.02836701980021,88.02836701980021,88.20928538426855
2447,2021-01-09T17:28:33,2021-01-09T17:57:23,174,29.6,45.2,15.600000000000001,18.421943625,118.08938221153845,28.83333396911621,53.88,17.91,119.20353982300885,-38.316090287356324,-29.30002,21.49712643678161,25.0,118.08938221153845,118.2319757871127,0,0,87.95361049447709,87.95361049447709,88.05981496070595
2448,2021-01-09T17:57:34,2021-01-09T18:29:24,192,45.6,64.4,18.800000000000004,21.721663555555555,115.54076359338058,31.83333396911621,77.2,25.67,119.87577639751552,-40.94113994791667,-40.89999,24.481770833333332,26.0,115.54076359338058,118.14621811974791,0,0,86.05538556483116,86.05538556483116,87.99594218627814
2449,2021-01-09T18:29:35,2021-01-09T18:56:25,162,64.4,80.0,15.599999999999994,18.313747763888887,117.39581899928778,26.83333396911621,96.34,32.04,120.425,-40.949995,-40.89999,25.0,26.0,117.39581899928778,118.14621811974791,0,0,87.43704086322677,87.43704086322677,87.99594218627814
2450,2021-01-09T18:56:36,2021-01-09T19:25:06,172,80.0,96.4,16.400000000000006,19.453053361111113,118.61617903116527,28.5,116.02,38.58,120.35269709543567,-40.95406517441861,-40.89999,25.444767441860463,27.0,118.61617903116527,118.2319757871127,0,0,88.34597161463427,88.34597161463427,88.05981496070595
2452,2021-01-10T05:29:04,2021-01-10T05:57:34,172,59.2,74.8,15.599999999999994,18.660277833333335,119.61716559829065,28.5,87.55,29.08,117.04545454545455,-39.18720941860465,-5.0,18.087209302325583,20.0,119.61716559829065,118.4326596462308,0,0,89.09151182313022,89.09151182313022,88.20928538426855
2453,2021-01-10T05:57:45,2021-01-10T06:25:45,169,74.8,90.4,15.600000000000009,18.669166916666672,119.67414690170938,28.0,106.28,35.3,117.56637168141593,-40.005325976331356,-40.0,18.92603550295858,20.0,119.67414690170938,118.60364975337723,0,0,89.13395180606942,89.13395180606942,88.33663974077983
2459,2021-01-10T14:33:10,2021-01-10T14:54:00,126,85.6,96.4,10.800000000000011,13.348060430555554,123.59315213477352,20.83333396911621,113.31,37.64,117.5414937759336,-38.383347380952365,-18.60001,19.0,20.0,123.59315213477352,118.60364975337723,0,0,92.0528480975013,92.0528480975013,88.33663974077983
2461,2021-01-10T23:32:34,2021-01-11T00:03:04,184,49.2,74.0,24.799999999999997,29.272920194444442,118.03596852598567,30.5,88.64,29.47,119.78378378378379,-57.58641989130436,-55.89999,24.02445652173913,26.0,118.03596852598567,118.4326596462308,0,0,87.91382769261801,87.91382769261801,88.20928538426855
2462,2021-01-11T00:03:15,2021-01-11T00:32:55,179,74.0,94.8,20.799999999999997,24.98402965277778,120.11552717681629,29.66666603088379,113.68,37.79,119.91561181434601,-50.5240261452514,-43.0,24.87150837988827,26.0,120.11552717681629,118.60364975337723,0,0,89.46269422193842,89.46269422193842,88.33663974077983
2467,2021-01-12T00:06:48,2021-01-12T00:39:18,196,27.2,59.6,32.400000000000006,38.020699194444454,117.34783701989026,32.5,71.77,23.87,120.41946308724832,-70.19184551020409,-70.0,25.341836734693878,29.0,117.34783701989026,118.4326596462308,0,0,87.4013036254866,87.4013036254866,88.20928538426855
2468,2021-01-12T00:39:29,2021-01-12T01:06:59,166,59.6,86.8,27.199999999999996,32.17375468055556,118.28586279616016,27.5,104.7,34.83,120.62211981566821,-70.19820295180722,-70.0,28.0,30.0,118.28586279616016,118.2800308065163,0,0,88.0999502964636,88.0999502964636,88.09560659903765
2469,2021-01-12T01:07:10,2021-01-12T01:26:10,115,86.8,97.6,10.799999999999997,13.091253152777778,121.21530697016465,19.0,117.79,39.18,120.68647540983608,-41.344357826086956,-13.10001,28.5,30.0,121.21530697016465,118.2800308065163,0,0,90.28181615959564,90.28181615959564,88.09560659903765
2471,2021-01-12T08:44:02,2021-01-12T09:14:22,183,65.2,71.6,6.3999999999999915,7.580697791666667,118.44840299479182,30.33333396911621,85.12,28.29,118.88268156424581,-14.99399568306011,-14.10001,23.30054644808743,26.0,118.44840299479182,118.2800308065163,0,0,88.22101111541627,88.22101111541627,88.09560659903765
2472,2021-01-12T09:14:33,2021-01-12T09:42:53,171,71.6,77.6,6.0,7.113891763888889,118.56486273148148,28.33333396911621,91.91,30.54,118.44072164948454,-15.064333625730994,-14.20001,22.37719298245614,25.0,118.56486273148148,118.36713289547599,0,0,88.307750957113,88.307750957113,88.16048070593993
2473,2021-01-12T09:43:04,2021-01-12T10:13:44,185,77.6,84.0,6.400000000000006,7.805281180555555,121.95751844618044,30.66666603088379,99.48,33.06,118.42857142857143,-15.272979621621621,-14.30002,21.856756756756756,24.0,121.95751844618044,118.50663286313664,0,0,90.83461928078637,90.83461928078637,88.26438103626464
2474,2021-01-12T10:13:55,2021-01-12T10:42:05,170,84.0,90.0,6.0,7.229724597222222,120.4954099537037,28.16666603088379,106.6,35.43,118.44444444444443,-15.401769764705884,-14.5,21.08823529411765,24.0,120.4954099537037,118.57799160353534,0,0,89.74563296855717,89.74563296855717,88.3175294120192
2475,2021-01-12T10:42:16,2021-01-12T11:07:26,152,90.0,95.6,5.599999999999994,6.511113375000001,116.2698816964287,25.16666603088379,112.82,37.49,118.01255230125523,-15.523689605263156,-14.70001,21.0,23.0,116.2698816964287,118.57799160353534,0,0,86.59843667102706,86.59843667102706,88.3175294120192
2477,2021-01-13T00:33:23,2021-01-13T00:51:14,109,20.8,36.8,15.999999999999996,19.131001447222232,119.56875904513898,17.850000381469727,43.98,14.61,119.51086956521739,-64.35321587155964,-58.39999,19.8302752293578,26.0,119.56875904513898,118.57799160353534,0,0,89.05545836056189,89.05545836056189,88.3175294120192
2478,2021-01-13T00:51:25,2021-01-13T01:38:01,282,37.2,83.6,46.39999999999999,54.43306155555555,117.31263266283526,46.599998474121094,100.91,33.57,120.70574162679426,-70.08546872340426,-70.0,26.351063829787233,29.0,117.31263266283526,118.50663286313664,0,0,87.37508322996807,87.37508322996807,88.26438103626464
2482,2021-01-13T10:42:23,2021-01-13T11:11:13,174,27.6,46.0,18.4,21.53847895833334,117.05695086050729,28.83333396911621,54.28,18.03,118.0,-44.82012890804599,-44.80002,19.816091954022987,23.0,117.05695086050729,118.36713289547599,0,0,87.1846500408758,87.1846500408758,88.16048070593993
2483,2021-01-13T11:11:24,2021-01-13T11:43:04,191,46.0,66.8,20.799999999999997,23.644455000000008,113.67526442307698,31.66666603088379,79.42,26.4,118.8922155688623,-44.800019999999996,-44.80002,22.07068062827225,24.0,113.67526442307698,118.36713289547599,0,0,84.6659516942336,84.6659516942336,88.16048070593993
2484,2021-01-13T11:43:15,2021-01-13T12:14:25,188,67.2,86.8,19.599999999999994,23.29861325,118.87047576530614,31.16666603088379,103.68,34.46,119.44700460829495,-44.85266377659574,-44.80002,23.31117021276596,25.0,118.87047576530614,118.50663286313664,0,0,88.53537319745038,88.53537319745038,88.26438103626464
2485,2021-01-13T12:14:36,2021-01-13T12:35:16,125,86.8,96.8,10.0,12.396949263888889,123.96949263888888,20.66666603088379,115.6,38.42,119.42148760330578,-35.95521399999999,-18.20001,23.944,25.0,123.96949263888888,118.50663286313664,0,0,92.33314854020294,92.33314854020294,88.26438103626464
2486,2021-01-13T16:28:07,2021-01-13T16:54:53,203,77.2,96.8,19.599999999999994,22.994362569444444,117.31817637471659,26.766666412353516,115.6,38.42,119.42148760330578,-51.56256487684728,-18.10001,22.97783251231527,25.0,117.31817637471659,118.36713289547599,0,0,87.3792122165575,87.3792122165575,88.16048070593993
2487,2021-01-13T23:26:18,2021-01-13T23:52:28,158,48.4,73.6,25.199999999999996,30.554446597222224,121.24780395723107,26.16666603088379,87.3,29.01,118.61413043478261,-70.0620303164557,-69.89999,21.053797468354432,23.0,121.24780395723107,118.50663286313664,0,0,90.30602009130529,90.30602009130529,88.26438103626464
2488,2021-01-13T23:52:39,2021-01-14T00:17:49,152,74.0,93.6,19.599999999999994,23.89139038888889,121.89484892290253,25.16666603088379,111.37,37.02,118.98504273504275,-56.9565825,-42.89999,22.782894736842106,24.0,121.89484892290253,118.57799160353534,0,0,90.78794268093434,90.78794268093434,88.3175294120192
2490,2021-01-14T04:47:29,2021-01-14T05:17:59,184,64.8,91.2,26.400000000000006,31.736806513888887,120.21517618897302,30.5,108.07,35.91,118.49780701754385,-62.40108885869566,-42.89999,21.008152173913043,23.0,120.21517618897302,118.57799160353534,0,0,89.53691334509118,89.53691334509118,88.3175294120192
2493,2021-01-14T11:42:44,2021-01-14T12:14:44,193,58.4,88.4,30.000000000000007,36.14597527777778,120.48658425925925,32.0,105.18,34.96,118.98190045248869,-67.71606792746114,-43.0,21.072538860103627,23.0,120.48658425925925,118.57799160353534,0,0,89.73905954360589,89.73905954360589,88.3175294120192
2494,2021-01-14T12:14:55,2021-01-14T12:32:15,105,88.4,96.8,8.399999999999991,10.193751861111112,121.35418882275147,17.33333396911621,115.17,38.28,118.97727272727273,-35.24191123809524,-18.10001,22.02857142857143,23.0,121.35418882275147,118.57799160353534,0,0,90.38525611447058,90.38525611447058,88.3175294120192
2496,2021-01-14T20:07:21,2021-01-14T20:48:08,246,64.0,89.2,25.200000000000003,30.51952098055555,121.1092102402998,40.78333282470703,106.08,35.26,118.9237668161435,-44.89999,-44.89999,21.902439024390244,23.0,121.1092102402998,118.57799160353534,0,0,90.20279474142482,90.20279474142482,88.3175294120192
2497,2021-01-14T20:48:19,2021-01-14T21:08:09,120,89.6,97.6,8.0,10.316527999999995,128.95659999999992,19.83333396911621,116.09,38.59,118.94467213114754,-31.21250066666668,-18.20001,22.6625,24.0,128.95659999999992,118.60364975337723,0,0,96.04757307286378,96.04757307286378,88.33663974077983
2498,2021-01-15T23:01:29,2021-01-15T23:25:29,145,26.8,51.2,24.400000000000002,28.028474333333335,114.87079644808743,24.0,60.86,20.23,118.8671875,-70.07172944827586,-70.0,20.362068965517242,23.0,114.87079644808743,118.57799160353534,0,0,85.55639041185752,85.55639041185752,88.3175294120192
2499,2021-01-15T23:25:40,2021-01-15T23:42:10,100,51.2,68.0,16.799999999999997,19.254583791666665,114.61061780753968,16.5,81.48,27.09,119.82352941176471,-70.0170017,-69.89999,23.06,24.0,114.61061780753968,118.57799160353534,0,0,85.3626079533404,85.3626079533404,88.3175294120192
2502,2021-01-16T03:52:26,2021-01-16T04:13:26,127,48.0,68.8,20.799999999999997,24.50847306944445,117.82919744925218,21.0,81.78,27.19,118.86627906976746,-70.02441188976378,-69.89999,22.385826771653544,25.0,117.82919744925218,118.50663286313664,0,0,87.75982347645602,87.75982347645602,88.26438103626464
2503,2021-01-16T04:13:37,2021-01-16T04:45:47,194,68.8,94.8,26.0,31.416945666666663,120.83440641025639,32.16666793823242,113.29,37.66,119.50421940928271,-58.590723917525764,-42.80002,23.600515463917525,26.0,120.83440641025639,118.50663286313664,0,0,89.9981193626788,89.9981193626788,88.26438103626464
2504,2021-01-17T01:59:58,2021-01-17T02:20:08,122,9.2,22.4,13.2,15.677918375000003,118.77210890151517,20.16666603088379,26.58,8.84,118.66071428571429,-46.64754614754098,-46.30002,22.99590163934426,24.0,118.77210890151517,118.59052088132339,0,0,88.46210902533424,88.46210902533424,88.32686128587363
2505,2021-01-17T02:20:19,2021-01-17T02:51:29,188,22.4,42.8,20.4,23.837781972222228,116.85187241285406,31.16666603088379,51.41,17.09,120.11682242990653,-45.8909655319149,-45.39999,24.47872340425532,27.0,116.85187241285406,118.59052088132339,0,0,87.03190650400649,87.03190650400649,88.32686128587363
2506,2021-01-17T02:51:40,2021-01-17T03:23:10,190,42.8,63.2,20.400000000000006,23.435557388888896,114.8801832788671,31.5,76.11,25.32,120.42721518987342,-44.638424526315795,-43.5,26.873684210526317,29.0,114.8801832788671,118.59052088132339,0,0,85.56338177418587,85.56338177418587,88.32686128587363
2507,2021-01-17T03:23:21,2021-01-17T03:54:41,189,63.2,82.0,18.799999999999997,22.294725930555554,118.58896771572105,31.33333396911621,98.84,32.88,120.53658536585367,-42.69207052910053,-41.89999,28.0,29.0,118.58896771572105,118.57691522360128,0,0,88.32570447973355,88.32570447973355,88.31672771842327
2508,2021-01-17T03:54:52,2021-01-17T04:22:52,169,82.0,97.6,15.599999999999994,19.124169444444448,122.59082977207984,28.0,117.76,39.17,120.65573770491804,-40.98047928994083,-40.10001,28.585798816568047,30.0,122.59082977207984,118.60257337344316,0,0,91.30631298124213,91.30631298124213,88.3358380471839
2509,2021-01-17T11:36:15,2021-01-17T12:02:05,156,26.4,52.0,25.6,30.179446736111114,117.88846381293403,25.83333396911621,62.12,20.64,119.46153846153845,-70.09423608974359,-69.89999,22.451923076923077,26.0,117.88846381293403,118.57691522360128,0,0,87.80396538463673,87.80396538463673,88.31672771842327
2510,2021-01-17T12:02:16,2021-01-17T12:33:36,189,52.4,83.2,30.800000000000004,36.55333544444445,118.67966053391054,31.33333396911621,100.31,33.37,120.56490384615384,-69.99577121693122,-69.70001,25.804232804232804,28.0,118.67966053391054,118.60257337344316,0,0,88.39325298118472,88.39325298118472,88.3358380471839
2511,2021-01-17T12:33:47,2021-01-17T12:55:27,131,83.2,97.6,14.399999999999991,17.664584736111113,122.67072733410504,21.66666603088379,117.76,39.17,120.65573770491804,-48.97481312977099,-42.80002,27.045801526717558,29.0,122.67072733410504,118.60257337344316,0,0,91.36582111752178,91.36582111752178,88.3358380471839
2512,2021-01-17T22:03:30,2021-01-17T22:22:00,112,39.6,51.2,11.600000000000001,13.875416708333333,119.6156612787356,18.5,60.6,20.14,118.359375,-45.00178589285714,-45.0,21.160714285714285,23.0,119.6156612787356,118.60257337344316,0,0,89.09039139779031,89.09039139779031,88.3358380471839
2513,2021-01-17T22:22:11,2021-01-17T22:50:51,173,51.6,69.6,17.999999999999993,21.5,119.44444444444449,28.66666603088379,82.79,27.52,118.95114942528737,-45.0,-45.0,22.372832369942195,24.0,119.44444444444449,118.64791978253791,0,0,88.96286817367553,88.96286817367553,88.3696122979095
2514,2021-01-17T22:51:02,2021-01-17T23:20:52,180,70.0,88.4,18.400000000000006,22.375,121.60326086956518,29.83333396911621,105.23,34.98,119.03846153846155,-45.0,-45.0,22.875,25.0,121.60326086956518,118.72588471771286,0,0,90.5707663219105,90.5707663219105,88.42768100325948
2515,2021-01-17T23:21:03,2021-01-17T23:42:13,128,88.8,97.6,8.799999999999997,11.18778006944444,127.13386442550504,21.16666603088379,116.58,38.75,119.44672131147541,-31.712506484375012,-18.20001,23.5,25.0,127.13386442550504,118.82129233341065,0,0,94.6899897596886,94.6899897596886,88.49874111139232
2517,2021-01-18T12:31:32,2021-01-18T13:02:22,186,68.4,89.2,20.799999999999997,24.815272777777775,119.30419604700856,30.83333396911621,104.89,34.84,117.58968609865471,-48.27902252688172,-42.89999,18.36021505376344,20.0,119.30419604700856,119.08733590615735,0,0,88.85841040880673,88.85841040880673,88.69689180312855
2518,2021-01-18T13:02:33,2021-01-18T13:23:53,129,89.2,97.6,8.399999999999991,10.443892013888892,124.3320477843917,21.33333396911621,115.22,38.28,118.05327868852459,-29.382954496124032,-18.30002,19.492248062015506,20.0,124.3320477843917,119.08733590615735,0,0,92.60318157325922,92.60318157325922,88.69689180312855
2520,2021-01-18T22:30:49,2021-01-18T23:00:39,180,66.8,92.0,25.200000000000003,30.381113972222224,120.55997608024691,29.83333396911621,109.43,36.37,118.94565217391305,-61.077228000000005,-42.89999,22.016666666666666,24.0,120.55997608024691,119.37432024572652,0,0,89.79372216877796,89.79372216877796,88.91063929124113
2522,2021-01-19T05:07:29,2021-01-19T06:42:21,712,26.0,98.0,72.0,84.79491413194445,117.77071407214508,94.86666870117188,117.03,38.9,119.41836734693878,-53.60000719101124,0.0,22.25070224719101,25.0,117.77071407214508,119.37432024572652,0,0,87.71626474091056,87.71626474091056,88.91063929124113
2523,2021-01-19T18:49:53,2021-01-19T20:38:14,813,10.8,97.6,86.8,104.0845771888889,119.91310736047109,108.3499984741211,117.7,39.15,120.59426229508198,-57.62854056580566,-42.70001,26.325338253382533,30.0,119.91310736047109,119.50660174479174,0,0,89.3119308480451,89.3119308480451,89.00916326711871
2524,2021-01-20T03:39:50,2021-01-20T04:40:00,452,44.4,92.8,48.4,58.08974529305556,120.02013490300736,60.16666793823242,111.69,37.14,120.35560344827587,-57.91372597345133,-42.89999,24.254424778761063,27.0,120.02013490300736,119.59221016193729,0,0,89.39164554052739,89.39164554052739,89.0729248791761
2525,2021-01-21T01:07:28,2021-01-21T02:32:12,636,22.8,93.2,70.4,82.40206005277778,117.04838075678661,84.73332977294922,112.45,37.41,120.65450643776823,-58.34025476415095,-42.80002,25.416666666666668,28.0,117.04838075678661,119.59221016193729,0,0,87.17826698127782,87.17826698127782,89.0729248791761
2527,2021-01-21T10:52:24,2021-01-21T11:22:04,179,56.4,74.4,18.000000000000007,21.427086597222225,119.03936998456787,29.66666603088379,89.5,29.77,120.29569892473117,-43.33576078212291,-42.60001,25.377094972067038,27.0,119.03936998456787,119.50660174479174,0,0,88.66116652533066,88.66116652533066,89.00916326711871
2528,2021-01-21T11:22:15,2021-01-21T11:51:45,178,74.4,91.6,17.19999999999999,20.481807805555558,119.08027793927658,29.5,110.45,36.74,120.57860262008735,-41.65843151685393,-40.89999,26.14887640449438,27.0,119.08027793927658,119.37432024572652,0,0,88.69163499122652,88.69163499122652,88.91063929124113
2531,2021-01-21T21:22:43,2021-01-21T21:51:13,172,19.2,47.2,28.000000000000004,33.15945261111112,118.426616468254,28.5,56.86,18.91,120.46610169491524,-69.80931953488371,-69.80002,28.09011627906977,31.0,118.426616468254,119.19223699314257,0,0,88.20478439263012,88.20478439263012,88.77502270001662
2532,2021-01-21T21:51:24,2021-01-21T22:20:34,176,47.2,76.4,29.200000000000003,33.93986804166668,116.23242480022833,29.16666603088379,92.14,30.65,120.6020942408377,-69.81933238636364,-69.80002,31.244318181818183,33.0,116.23242480022833,119.19223699314257,0,0,86.57053857217142,86.57053857217142,88.77502270001662
2533,2021-01-21T22:20:45,2021-01-21T22:49:35,174,76.4,98.0,21.599999999999994,25.986247458333334,120.30670119598769,28.83333396911621,118.19,39.32,120.60204081632654,-53.96551195402299,0.0,32.38505747126437,34.0,120.30670119598769,119.19223699314257,0,0,89.60508166527981,89.60508166527981,88.77502270001662
2534,2021-01-22T14:32:31,2021-01-22T14:50:01,106,22.8,40.4,17.599999999999998,20.329168111111112,115.5066369949495,17.5,48.53,16.14,120.12376237623764,-69.37264641509434,0.0,24.02358490566038,26.0,115.5066369949495,119.19223699314257,0,0,86.02996788976422,86.02996788976422,88.77502270001662
2536,2021-01-22T14:56:37,2021-01-22T15:24:17,167,46.8,74.8,28.0,32.30291918055556,115.36756850198414,27.66666603088379,90.18999,30.0,120.57485294117646,-70.05389760479041,-69.80002,27.862275449101798,30.0,115.36756850198414,119.19223699314257,0,0,85.92638892412599,85.92638892412599,88.77502270001662
2538,2021-01-22T22:31:27,2021-01-22T22:56:07,149,39.2,63.6,24.4,28.858754277777784,118.27358310564667,24.66666603088379,76.62,25.49,120.47169811320755,-70.19665469798657,-70.0,27.01006711409396,30.0,118.27358310564667,119.05982396192223,0,0,88.090804316561,88.090804316561,88.67640075827859
2539,2021-01-22T22:56:18,2021-01-22T23:23:58,167,63.6,89.6,25.999999999999993,31.186392597222227,119.94766383547012,27.66666603088379,108.13,35.97,120.68080357142858,-67.56707389221556,-43.0,29.293413173652695,31.0,119.94766383547012,119.19223699314257,0,0,89.33766869750461,89.33766869750461,88.77502270001662
2542,2021-01-23T04:08:02,2021-01-23T04:34:22,159,52.8,78.8,26.0,30.713054638888895,118.12713322649574,26.33333396911621,95.06,31.62,120.63451776649748,-69.97924320754717,-69.89999,30.459119496855347,33.0,118.12713322649574,119.19223699314257,0,0,87.98172765457349,87.98172765457349,88.77502270001662
2543,2021-01-23T04:34:33,2021-01-23T05:00:43,158,78.8,97.6,18.799999999999997,23.22125059722222,123.5172904107565,26.16666603088379,117.69,39.15,120.58401639344262,-53.266457025316456,-43.0,31.481012658227847,33.0,123.5172904107565,119.19223699314257,0,0,91.99634587519583,91.99634587519583,88.77502270001662
2544,2021-01-23T18:16:03,2021-01-23T18:34:23,111,17.6,35.6,18.0,21.405973569444445,118.92207538580247,18.33333396911621,42.88,14.26,120.44943820224718,-70.05586027027027,-69.70001,28.153153153153152,30.0,118.92207538580247,119.05982396192223,0,0,88.57380487384503,88.57380487384503,88.67640075827859
2546,2021-01-23T18:50:02,2021-01-23T19:17:22,165,50.8,78.4,27.60000000000001,31.918057916666665,115.64513737922701,27.33333396911621,94.63,31.48,120.70153061224488,-70.0636415151515,-69.80002,32.554545454545455,34.0,115.64513737922701,119.05982396192223,0,0,86.13312372497943,86.13312372497943,88.67640075827859
2547,2021-01-23T19:17:33,2021-01-23T19:43:13,155,78.4,97.2,18.799999999999997,22.719029041666666,120.84589915780143,25.66666603088379,117.26,39.01,120.63786008230454,-53.1303255483871,-42.80002,33.76774193548387,35.0,120.84589915780143,119.05982396192223,0,0,90.00667922320274,90.00667922320274,88.67640075827859
2549,2021-01-24T19:28:59,2021-01-24T19:48:59,121,32.4,52.4,20.0,23.330695930555557,116.65347965277778,20.0,63.05,20.98,120.32442748091601,-69.99091355371901,-69.70001,26.223140495867767,28.0,116.65347965277778,119.05982396192223,0,0,86.88414250340043,86.88414250340043,88.67640075827859
2550,2021-01-24T19:49:17,2021-01-24T20:17:17,169,52.4,80.0,27.6,32.651390625000005,118.30213994565219,28.0,96.45,32.08,120.5625,-69.96805106508876,-69.70001,28.792899408284022,30.0,118.30213994565219,119.05982396192223,0,0,88.11207360543153,88.11207360543153,88.67640075827859
2552,2021-01-24T20:29:48,2021-01-24T20:47:08,105,87.6,97.6,10.0,12.191807402777776,121.91807402777776,17.33333396911621,117.7,39.15,120.59426229508198,-42.19524438095238,-12.89999,29.98095238095238,31.0,121.91807402777776,119.19223699314257,0,0,90.80524086464598,90.80524086464598,88.77502270001662
2553,2021-01-25T06:39:39,2021-01-25T07:05:19,155,31.6,48.0,16.4,19.16931265277778,116.88605276084013,25.66666603088379,57.51,19.12,119.8125,-44.81162941935485,-44.80002,24.287096774193547,27.0,116.88605276084013,119.19223699314257,0,0,87.05736421203265,87.05736421203265,88.77502270001662
2554,2021-01-25T07:05:30,2021-01-25T07:37:00,190,48.0,68.0,20.0,23.520010500000005,117.60005250000002,31.5,81.96,27.26,120.52941176470587,-44.80002,-44.80002,26.155263157894737,28.0,117.60005250000002,119.05982396192223,0,0,87.589155079045,87.589155079045,88.67640075827859
2555,2021-01-25T07:37:11,2021-01-25T08:06:31,177,68.4,86.4,18.0,21.902509694444447,121.68060941358027,29.33333396911621,104.15,34.65,120.54398148148148,-44.8005848022599,-44.80002,26.98870056497175,29.0,121.68060941358027,119.19223699314257,0,0,90.62837593579121,90.62837593579121,88.77502270001662
2558,2021-01-25T22:21:22,2021-01-25T23:02:14,247,64.8,89.6,24.799999999999997,29.581588991666674,119.28060077284951,40.86666488647461,108.13,35.97,120.68080357142858,-43.443328137651825,-22.5,26.70242914979757,28.0,119.28060077284951,119.18043935606305,0,0,88.84083652101064,88.84083652101064,88.76623575611859
2562,2021-01-26T15:17:29,2021-01-26T15:35:09,107,31.2,48.8,17.599999999999998,20.793752944444446,118.14632354797982,17.66666603088379,58.88,19.58,120.65573770491804,-70.62057074766356,-70.60001,26.962616822429908,29.0,118.14632354797982,119.05982396192223,0,0,87.99602070979542,87.99602070979542,88.67640075827859
2563,2021-01-26T15:35:20,2021-01-26T16:07:40,195,49.2,81.2,32.0,38.07389427777778,118.98091961805557,32.33333206176758,97.91,32.57,120.57881773399014,-70.65283051282051,-70.60001,30.102564102564102,32.0,118.98091961805557,119.01014480131172,0,0,88.61763237625472,88.61763237625472,88.6393994507927
2564,2021-01-26T16:07:51,2021-01-26T16:30:01,134,81.6,97.2,15.600000000000009,18.961804833333332,121.55003098290591,22.16666603088379,117.31,39.02,120.68930041152264,-51.36790850746269,-43.39999,31.67910447761194,33.0,121.55003098290591,119.01014480131172,0,0,90.53112041446128,90.53112041446128,88.6393994507927
2565,2021-01-26T23:42:32,2021-01-27T00:03:52,129,19.6,40.8,21.199999999999996,24.81819987500001,117.06698054245288,21.33333396911621,49.09,16.33,120.31862745098042,-69.80156558139534,-69.70001,28.43798449612403,31.0,117.06698054245288,118.95149750192903,0,0,87.19212020222905,87.19212020222905,88.59571862504987
2566,2021-01-27T00:04:03,2021-01-27T00:33:33,178,40.8,70.4,29.60000000000001,34.325840805555565,115.96567839714714,29.5,84.92,28.24,120.62499999999999,-69.81518376404496,-69.70001,31.646067415730336,34.0,115.96567839714714,118.84709214365881,0,0,86.37186440860117,86.37186440860117,88.51795694958963
2567,2021-01-27T00:33:44,2021-01-27T01:01:24,167,70.8,93.6,22.799999999999997,27.98124948611111,122.72477844785575,27.66666603088379,112.87,37.54,120.58760683760686,-60.65628634730539,-42.89999,33.44311377245509,35.0,122.72477844785575,118.84709214365881,0,0,91.40607867934987,91.40607867934987,88.51795694958963
2568,2021-01-27T16:27:38,2021-01-27T16:51:18,143,16.4,39.6,23.200000000000003,27.701949583333334,119.4049551005747,23.66666603088379,47.67,15.86,120.37878787878788,-70.23008293706292,-70.20001,26.15034965034965,28.0,119.4049551005747,118.95149750192903,0,0,88.9334562968043,88.9334562968043,88.59571862504987
2569,2021-01-27T16:51:29,2021-01-27T17:21:39,182,39.6,70.0,30.4,35.30681176388889,116.14082817068713,30.16666603088379,84.34,28.06,120.4857142857143,-70.22363873626372,-70.20001,29.51923076923077,31.0,116.14082817068713,118.95149750192903,0,0,86.5023169071377,86.5023169071377,88.59571862504987
2570,2021-01-27T17:21:50,2021-01-27T17:52:10,183,70.0,94.8,24.799999999999997,29.688061666666666,119.70992607526883,30.33333396911621,114.33,38.03,120.60126582278481,-58.71258038251364,-43.20001,31.51912568306011,33.0,119.70992607526883,119.01014480131172,0,0,89.16060032802903,89.16060032802903,88.6393994507927
2573,2021-01-28T00:42:21,2021-01-28T01:06:21,145,80.8,97.6,16.799999999999997,20.51000165277778,122.08334317129633,24.0,117.78,39.17,120.67622950819673,-51.31103868965518,-42.70001,28.5,30.0,122.08334317129633,119.01014480131172,0,0,90.92833421650846,90.92833421650846,88.6393994507927
2575,2021-01-28T13:46:09,2021-01-28T14:12:29,159,42.4,68.8,26.4,30.761808874999996,116.52200331439391,26.33333396911621,82.93999,27.59,120.55231104651163,-70.08994465408804,-70.0,24.91509433962264,27.0,116.52200331439391,119.01014480131172,0,0,86.78621821555261,86.78621821555261,88.6393994507927
2576,2021-01-28T14:12:40,2021-01-28T14:41:06,172,68.8,93.2,24.400000000000006,29.110476933333338,119.30523333333333,28.433332443237305,112.47,37.41,120.67596566523605,-61.420358779069765,-42.70001,27.15988372093023,28.0,119.30523333333333,119.05982396192223,0,0,88.85918298527103,88.85918298527103,88.67640075827859
2578,2021-01-28T20:55:54,2021-01-28T21:35:40,299,65.6,97.6,32.0,38.830181466666666,121.34431708333332,39.766666412353516,117.5,39.07,120.38934426229508,-58.58194117056856,-42.89999,25.399665551839465,27.0,121.34431708333332,119.18043935606305,0,0,90.37790358956592,90.37790358956592,88.76623575611859
2579,2021-01-29T07:49:01,2021-01-29T08:15:21,159,45.6,61.6,16.0,19.32111244444444,120.75695277777776,26.33333396911621,72.66,24.14,117.95454545454545,-44.02327352201259,-43.10001,19.27358490566038,21.0,120.75695277777776,119.29239840992904,0,0,89.94043147834215,89.94043147834215,88.84962346490869
2580,2021-01-29T08:15:32,2021-01-29T08:46:22,186,62.0,80.0,18.0,21.683336097222224,120.46297831790125,30.83333396911621,94.79,31.5,118.4875,-42.19462908602151,-41.30002,20.774193548387096,22.0,120.46297831790125,119.29239840992904,0,0,89.72147771082233,89.72147771082233,88.84962346490869
2581,2021-01-29T08:46:33,2021-01-29T09:18:03,190,80.4,96.8,16.39999999999999,19.88736476388889,121.26441929200548,31.5,115.17,38.28,118.97727272727273,-37.837901736842106,-18.0,21.75263157894737,23.0,121.26441929200548,119.30471469017095,0,0,90.31839528250043,90.31839528250043,88.85879669703888
2583,2021-01-29T20:46:07,2021-01-29T21:14:37,172,42.8,70.8,28.0,33.15861544444445,118.4236265873016,28.5,85.48,28.43,120.73446327683617,-69.80756720930233,-69.60001,24.74418604651163,27.0,118.4236265873016,119.30471469017095,0,0,88.2025575131276,88.2025575131276,88.85879669703888
2584,2021-01-29T21:14:48,2021-01-29T21:38:51,146,70.8,91.6,20.799999999999997,24.729722208333335,118.89289523237183,24.049999237060547,110.46,36.74,120.58951965065502,-61.697945273972614,-42.60001,26.756849315068493,28.0,118.89289523237183,119.29239840992904,0,0,88.55207133776462,88.55207133776462,88.84962346490869
2587,2021-01-30T13:58:15,2021-01-30T14:27:55,179,66.4,92.0,25.599999999999994,30.937224694444442,120.84853396267363,29.66666603088379,110.37,36.69,119.96739130434783,-62.53520055865922,-42.70001,23.863128491620113,25.0,120.84853396267363,119.29239840992904,0,0,90.00864164012049,90.00864164012049,88.84962346490869
2590,2021-01-30T21:00:38,2021-01-30T21:28:58,171,74.0,96.0,22.0,26.38236213888889,119.9198279040404,28.33333396911621,115.86,38.54,120.6875,-55.87076239766081,-42.5,27.195906432748536,28.0,119.9198279040404,119.29239840992904,0,0,89.31693634524,89.31693634524,88.84962346490869
2593,2021-01-31T05:13:26,2021-01-31T05:42:26,175,72.0,94.8,22.799999999999997,27.62861405555556,121.17813182261212,29.0,114.15,37.96,120.4113924050633,-57.15829182857142,-42.60001,24.877142857142857,26.0,121.17813182261212,119.29239840992904,0,0,90.25412790865659,90.25412790865659,88.84962346490869
2595,2021-02-01T07:11:57,2021-02-01T07:34:57,139,56.8,79.2,22.400000000000006,26.895142819444445,120.06760187251982,23.0,94.59,31.44,119.43181818181819,-70.16188079136691,-70.10001,21.9568345323741,23.0,120.06760187251982,119.29239840992904,0,0,89.42699919612001,89.42699919612001,88.84962346490869
2596,2021-02-01T07:35:08,2021-02-01T07:59:08,145,79.6,96.0,16.400000000000006,19.911526583333334,121.41174745934956,24.0,114.68,38.12,119.45833333333334,-49.739997103448275,-18.10001,23.36551724137931,24.0,121.41174745934956,119.29291705309143,0,0,90.42812609828397,90.42812609828397,88.85000975314084
2599,2021-02-01T23:31:34,2021-02-01T23:58:54,165,30.8,58.0,27.2,31.940560083333338,117.42852971813727,27.33333396911621,69.84,23.23,120.41379310344828,-70.11334327272726,-70.0,28.045454545454547,31.0,117.42852971813727,119.18043935606305,0,0,87.4614039835243,87.4614039835243,88.76623575611859
2600,2021-02-01T23:59:05,2021-02-02T00:37:48,234,58.4,92.8,34.4,41.2012408,119.77104883720932,38.71666717529297,112.0,37.26,120.68965517241381,-63.83761414529915,-42.80002,31.01068376068376,33.0,119.77104883720932,119.18043935606305,0,0,89.20612489167212,89.20612489167212,88.76623575611859
2602,2021-02-02T21:32:06,2021-02-02T22:23:28,386,49.6,95.2,45.6,54.61363018333334,119.76673285818715,51.36666488647461,114.84,38.2,120.63025210084034,-63.76969515544042,-42.60001,28.984455958549223,31.0,119.76673285818715,119.29291705309143,0,0,89.20291032715575,89.20291032715575,88.85000975314084
2604,2021-02-03T04:48:11,2021-02-03T05:17:11,175,29.2,58.0,28.8,33.86486418055555,117.58633396026231,29.0,69.89,23.25,120.50000000000001,-70.06514920000001,-70.0,27.28,30.0,117.58633396026231,119.18043935606305,0,0,87.57893743645896,87.57893743645896,88.76623575611859
2605,2021-02-03T05:17:22,2021-02-03T05:50:42,201,58.4,90.0,31.6,37.66111355555556,119.18073909985937,33.33333206176758,108.56,36.11,120.62222222222222,-67.73333776119404,-42.70001,30.16417910447761,32.0,119.18073909985937,119.13050851956797,0,0,88.76645900691909,88.76645900691909,88.7290469990728
2607,2021-02-04T03:10:20,2021-02-04T03:35:10,150,44.4,68.8,24.4,28.648199375000004,117.41065317622953,24.83333396911621,83.0,27.61,120.63953488372094,-69.21734526666665,-69.10001,25.22,27.0,117.41065317622953,119.13050851956797,0,0,87.4480894384357,87.4480894384357,88.7290469990728
2608,2021-02-04T03:35:21,2021-02-04T04:03:41,171,68.8,92.8,24.0,28.823478430555564,120.09782679398153,28.33333396911621,111.93,37.23,120.61422413793105,-61.007030701754374,-42.10001,27.172514619883042,29.0,120.09782679398153,119.23066993635445,0,0,89.44951088108003,89.44951088108003,88.80364776396488
2612,2021-02-04T10:28:57,2021-02-04T10:51:07,134,82.0,97.6,15.599999999999994,18.46527911111111,118.36717378917382,22.16666603088379,117.73,39.16,120.625,-50.066421567164184,-42.70001,27.992537313432837,29.0,118.36717378917382,119.23066993635445,0,0,88.16051116378723,88.16051116378723,88.80364776396488
2613,2021-02-04T16:13:44,2021-02-04T16:38:14,148,50.8,58.8,8.0,9.1875,114.84375,24.5,70.84,23.56,120.4761904761905,-22.5,-22.5,30.18581081081081,32.0,114.84375,119.23066993635445,0,0,85.53624607105573,85.53624607105573,88.80364776396488
2614,2021-02-04T16:38:25,2021-02-04T17:06:05,167,58.8,67.6,8.799999999999997,10.375,117.89772727272732,27.66666603088379,81.43,27.08,120.45857988165683,-22.5,-22.5,29.718562874251496,31.0,117.89772727272732,119.23066993635445,0,0,87.81086485958724,87.81086485958724,88.80364776396488
2615,2021-02-04T17:06:16,2021-02-04T17:35:36,177,67.6,76.8,9.200000000000003,11.0,119.56521739130432,29.33333396911621,92.57,30.79,120.53385416666666,-22.5,-22.5,29.305084745762713,31.0,119.56521739130432,119.23066993635445,0,0,89.05282051763268,89.05282051763268,88.80364776396488
2616,2021-02-04T17:35:47,2021-02-04T18:07:07,189,76.8,86.4,9.600000000000009,11.75,122.39583333333323,31.33333396911621,104.19,34.66,120.59027777777776,-22.5,-22.5,28.61904761904762,30.0,122.39583333333323,119.29291705309143,0,0,91.16107857912962,91.16107857912962,88.85000975314084
2617,2021-02-04T18:07:18,2021-02-04T18:33:48,160,86.4,94.4,8.0,9.757915291666666,121.97394114583332,26.5,113.84,37.87,120.59322033898304,-22.092496875000002,-21.30002,28.5,30.0,121.97394114583332,119.35509421695401,0,0,90.84685099630121,90.84685099630121,88.89631964103766
2619,2021-02-05T01:51:21,2021-02-05T02:10:31,116,33.6,44.4,10.799999999999997,12.720413708333332,117.78160841049385,19.16666603088379,53.2,17.68,119.81981981981983,-39.73533560344827,-20.0,24.629310344827587,26.0,117.78160841049385,119.35509421695401,0,0,87.72437890302893,87.72437890302893,88.89631964103766
2620,2021-02-05T02:10:42,2021-02-05T02:44:42,205,44.4,64.0,19.6,22.60999433333333,115.3571139455782,34.0,77.17,25.67,120.578125,-39.89999,-39.89999,25.970731707317075,28.0,115.3571139455782,119.29291705309143,0,0,85.91860231397696,85.91860231397696,88.85000975314084
2621,2021-02-05T02:44:53,2021-02-05T03:17:23,196,64.0,82.4,18.400000000000006,21.612494583333334,117.45920969202895,32.5,99.43,33.07,120.66747572815534,-39.89999,-39.89999,26.668367346938776,28.0,117.45920969202895,119.29291705309143,0,0,87.48425459399508,87.48425459399508,88.85000975314084
2622,2021-02-05T03:17:34,2021-02-05T03:45:44,170,82.4,98.0,15.599999999999994,18.730828638888887,120.06941435185189,28.16666603088379,118.19,39.32,120.60204081632654,-39.89999,-39.89999,27.0,28.0,120.06941435185189,119.29291705309143,0,0,89.42834914052837,89.42834914052837,88.85000975314084
2623,2021-02-05T07:31:54,2021-02-05T07:50:24,112,84.8,96.0,11.200000000000003,13.066666249999999,116.66666294642853,18.5,115.09,38.27,119.88541666666667,-42.342855892857145,-18.0,24.415178571428573,26.0,116.66666294642853,119.29291705309143,0,0,86.89396149180631,86.89396149180631,88.85000975314084
2627,2021-02-05T20:02:34,2021-02-05T20:34:24,192,69.6,96.0,26.400000000000006,31.68653331944445,120.02474742213803,31.83333396911621,115.76,38.51,120.58333333333334,-59.70626046875001,-42.80002,27.783854166666668,29.0,120.02474742213803,119.35509421695401,0,0,89.39508096972027,89.39508096972027,88.89631964103766
2630,2021-02-06T12:55:01,2021-02-06T13:20:51,156,43.2,69.6,26.39999999999999,30.709727111111118,116.32472390572397,25.83333396911621,84.02,27.95,120.7183908045977,-71.32565230769232,-71.20001,29.291666666666668,31.0,116.32472390572397,119.29291705309143,0,0,86.63928344509496,86.63928344509496,88.85000975314084
2631,2021-02-06T13:21:02,2021-02-06T13:51:22,183,70.0,95.2,25.200000000000003,30.419581527777776,120.71262511022927,30.33333396911621,114.9,38.22,120.69327731092437,-60.156826994535514,-43.89999,31.617486338797814,33.0,120.71262511022927,119.35509421695401,0,0,89.90741599182952,89.90741599182952,88.89631964103766
2633,2021-02-06T21:17:45,2021-02-06T22:20:20,470,42.4,97.6,55.199999999999996,66.11256772083333,119.76914442179952,62.58333206176758,117.7,39.15,120.59426229508198,-63.37127495744681,-43.20001,32.02127659574468,34.0,119.76914442179952,119.4850862459395,0,0,89.20470647277588,89.20470647277588,88.99313840721848
2634,2021-02-07T03:01:21,2021-02-07T03:21:51,124,42.0,62.4,20.4,23.924723027777777,117.27805405773421,20.5,75.22,25.02,120.5448717948718,-70.02338943548386,-70.0,30.197580645161292,33.0,117.27805405773421,119.35509421695401,0,0,87.34932889788891,87.34932889788891,88.89631964103766
2635,2021-02-07T03:22:02,2021-02-07T03:52:52,186,62.4,90.8,28.4,34.05736359722222,119.92029435641628,30.83333396911621,109.59,36.45,120.69383259911896,-66.22043494623655,-42.70001,31.580645161290324,34.0,119.92029435641628,119.4850862459395,0,0,89.3172837614921,89.3172837614921,88.99313840721848
2637,2021-02-07T04:40:55,2021-02-07T04:56:16,117,88.4,97.6,9.199999999999989,11.249724902777777,122.27961850845425,15.350000381469727,117.73,39.16,120.625,-44.068386410256394,-42.5,31.4017094017094,33.0,122.27961850845425,119.63757173328656,0,0,91.07452114907397,91.07452114907397,89.10671042283086
2640,2021-02-08T14:31:09,2021-02-08T14:59:29,171,49.6,55.6,6.0,6.791113958333333,113.18523263888889,28.33333396911621,66.95,22.27,120.41366906474819,-14.385386140350876,-13.20001,27.169590643274855,28.0,113.18523263888889,119.4850862459395,0,0,84.30097337129526,84.30097337129526,88.99313840721848
2641,2021-02-08T14:59:40,2021-02-08T15:32:20,197,55.6,62.0,6.399999999999999,7.641531013888889,119.3989220920139,32.66666793823242,74.68999,24.84,120.46772580645161,-14.03553893401015,-13.20001,27.5,28.0,119.3989220920139,119.4850862459395,0,0,88.92896287940192,88.92896287940192,88.99313840721848
2642,2021-02-08T15:32:31,2021-02-08T16:01:31,175,62.0,68.0,6.0,6.8893082916666675,114.82180486111113,29.0,81.96,27.26,120.52941176470587,-14.25486274285714,-13.20001,27.5,28.0,114.82180486111113,119.4850862459395,0,0,85.51990121293275,85.51990121293275,88.99313840721848
2643,2021-02-08T16:01:42,2021-02-08T16:28:22,161,68.0,73.2,5.200000000000003,6.385419333333332,122.79652564102555,26.66666603088379,88.24,29.35,120.54644808743168,-14.368950124223604,-13.5,27.5,28.0,122.79652564102555,119.63757173328656,0,0,91.4595163768291,91.4595163768291,89.10671042283086
2644,2021-02-08T16:28:33,2021-02-08T16:59:23,186,73.2,79.6,6.3999999999999915,7.490697861111112,117.04215407986128,30.83333396911621,95.98,31.92,120.5778894472362,-14.57581311827957,-13.60001,27.5,28.0,117.04215407986128,119.4850862459395,0,0,87.17362931863018,87.17362931863018,88.99313840721848
2645,2021-02-08T16:59:34,2021-02-08T17:28:34,175,79.6,85.2,5.6000000000000085,7.103058402777777,126.84032862103155,29.0,102.72,34.16,120.56338028169014,-14.69257731428571,-13.80002,27.83142857142857,29.0,126.84032862103155,119.63757173328656,0,0,94.4713627050852,94.4713627050852,89.10671042283086
2646,2021-02-08T17:28:45,2021-02-08T17:57:35,174,85.6,91.2,5.6000000000000085,7.155696555555556,127.78029563492045,28.83333396911621,109.98,36.58,120.59210526315789,-14.890809022988504,-14.0,27.985632183908045,29.0,127.78029563492045,119.73832946672799,0,0,95.17145522033897,95.17145522033897,89.18175532759238
2647,2021-02-08T17:57:46,2021-02-08T18:23:06,153,91.2,96.4,5.200000000000003,6.387225027777777,122.83125053418797,25.33333396911621,116.26,38.67,120.60165975103735,-15.124843267973857,-14.30002,28.03921568627451,29.0,122.83125053418797,119.73832946672799,0,0,91.48537966504749,91.48537966504749,89.18175532759238
2648,2021-02-09T00:10:52,2021-02-09T00:40:22,178,44.4,62.8,18.4,22.077078541666666,119.98412250905797,29.5,75.72,25.19,120.5732484076433,-44.90279926966293,-44.89999,28.775280898876403,31.0,119.98412250905797,119.76793863999333,0,0,89.36482331476009,89.36482331476009,89.20380839996582
2650,2021-02-09T00:53:56,2021-02-09T01:24:16,183,71.6,90.4,18.80000000000001,22.699439388888887,120.74169887706847,30.33333396911621,109.07,36.28,120.65265486725663,-44.899989999999995,-44.89999,30.420765027322403,32.0,120.74169887706847,119.77009662950442,0,0,89.9290702906013,89.9290702906013,89.205415682224
2652,2021-02-09T18:59:01,2021-02-09T19:29:11,182,43.6,62.8,19.199999999999996,22.67792169444445,118.11417549189821,30.16666603088379,75.32,25.04,119.93630573248406,-45.10550450549451,-45.10001,23.557692307692307,25.0,118.11417549189821,119.77009662950442,0,0,87.97207666377027,87.97207666377027,89.205415682224
2653,2021-02-09T19:29:22,2021-02-09T20:02:12,198,63.2,84.0,20.799999999999997,24.694588805555558,118.72398464209405,32.83333206176758,101.07,33.61,120.32142857142857,-45.127282727272714,-45.10001,24.992424242424242,26.0,118.72398464209405,119.76793863999333,0,0,88.42626581666306,88.42626581666306,89.20380839996582
2654,2021-02-09T20:02:23,2021-02-09T20:25:23,139,84.0,97.6,13.599999999999994,16.817778236111113,123.66013408905235,23.0,117.79,39.18,120.68647540983608,-43.87410194244604,-42.89999,25.802158273381295,27.0,123.66013408905235,119.77009662950442,0,0,92.10273661928427,92.10273661928427,89.205415682224
2656,2021-02-10T12:26:08,2021-02-10T12:55:58,180,42.8,64.8,22.0,25.29999761111111,114.99998914141413,29.83333396911621,76.50999,25.42,118.07097222222222,-50.88277294444444,-50.80002,19.84722222222222,22.0,114.99998914141413,119.77009662950442,0,0,85.65261382851689,85.65261382851689,89.205415682224
2658,2021-02-10T13:00:56,2021-02-10T13:26:36,155,68.4,86.8,18.39999999999999,21.769996888888887,118.31520048309183,25.66666603088379,102.89,34.19,118.536866359447,-50.890960451612905,-50.80002,21.38064516129032,23.0,118.31520048309183,119.76793863999333,0,0,88.12180116434752,88.12180116434752,89.20380839996582
2659,2021-02-10T13:26:47,2021-02-10T13:50:47,145,86.8,97.6,10.799999999999997,13.335139347222224,123.47351247427989,24.0,116.11,38.59,118.96516393442623,-33.34896662068965,-18.89999,22.0,23.0,123.47351247427989,119.76793863999333,0,0,91.96373983135847,91.96373983135847,89.20380839996582
2663,2021-02-10T23:37:47,2021-02-11T00:27:20,299,26.0,54.0,28.0,33.03333333333333,117.97619047619045,49.54999923706055,64.68999,21.51,119.79627777777776,-40.0,-40.0,23.40802675585284,26.0,117.97619047619045,119.66597512474573,0,0,87.8693046778529,87.8693046778529,89.12786542239422
2664,2021-02-11T00:27:31,2021-02-11T00:59:31,193,54.4,72.4,18.000000000000007,21.333055527777777,118.51697515432093,32.0,87.09,28.96,120.29005524861877,-39.999481813471505,-39.89999,25.365284974093264,27.0,118.51697515432093,119.4820697416591,0,0,88.27208403066945,88.27208403066945,88.9908916985173
2665,2021-02-11T00:59:42,2021-02-11T01:29:42,181,72.4,88.8,16.39999999999999,20.0,121.95121951219518,30.0,106.92,35.55,120.4054054054054,-40.0,-40.0,26.0,27.0,121.95121951219518,119.66597512474573,0,0,90.82992780068973,90.82992780068973,89.12786542239422
2666,2021-02-11T01:29:53,2021-02-11T01:46:23,100,88.8,97.6,8.799999999999997,11.0,125.00000000000004,16.5,117.73,39.16,120.625,-40.0,-40.0,26.03,28.0,125.00000000000004,119.76793863999333,0,0,93.10067599570695,93.10067599570695,89.20380839996582
2667,2021-02-11T17:43:37,2021-02-11T19:15:01,686,18.8,98.8,80.0,94.95630990972222,118.69538738715278,91.4000015258789,119.16,39.64,120.60728744939271,-62.30335562682216,-12.60001,27.700437317784257,31.0,118.69538738715278,119.66597512474573,0,0,88.40496642652982,88.40496642652982,89.12786542239422
2669,2021-02-12T02:58:01,2021-02-12T03:21:21,141,86.8,97.6,10.799999999999997,13.257640472222223,122.75593029835395,23.33333396911621,117.01,38.9,119.88729508196722,-34.119153120567375,-17.80002,24.0,25.0,122.75593029835395,119.66597512474573,0,0,91.42928074606907,91.42928074606907,89.12786542239422
2670,2021-02-12T16:01:15,2021-02-12T16:26:36,154,24.4,46.0,21.6,25.29361419722222,117.10006572788063,25.350000381469727,55.49,18.45,120.63043478260869,-59.87922811688312,-57.5,24.185064935064936,26.0,117.10006572788063,119.4820697416591,0,0,87.2167622272592,87.2167622272592,88.9908916985173
2671,2021-02-12T16:26:47,2021-02-12T16:51:06,147,46.0,66.8,20.799999999999997,23.54166931944444,113.18110249732906,24.316667556762695,80.52,26.78,120.53892215568862,-58.089122176870745,-56.5,26.976190476190474,28.0,113.18110249732906,119.28983059593664,0,0,84.29789721952584,84.29789721952584,88.84771094316051
2672,2021-02-12T16:51:17,2021-02-12T17:20:17,175,66.8,89.2,22.400000000000006,26.817086236111113,119.71913498263886,29.0,107.66,35.81,120.69506726457398,-55.482863142857134,-53.89999,28.548571428571428,30.0,119.71913498263886,119.28983059593664,0,0,89.1674591720397,89.1674591720397,88.84771094316051
2675,2021-02-13T01:37:49,2021-02-13T02:08:29,185,21.2,40.8,19.599999999999998,23.215141625000005,118.44460012755106,30.66666603088379,49.09,16.33,120.31862745098042,-45.4205458918919,-45.0,26.272972972972973,29.0,118.44460012755106,119.28983059593664,0,0,88.21817871932957,88.21817871932957,88.84771094316051
2676,2021-02-13T02:08:40,2021-02-13T02:36:10,166,40.8,58.4,17.6,20.301390847222226,115.34881163194446,27.5,70.38,23.41,120.51369863013699,-44.29337771084337,-43.30002,28.06024096385542,30.0,115.34881163194446,118.95236187097672,0,0,85.91241870588392,85.91241870588392,88.59636241179108
2677,2021-02-13T02:36:21,2021-02-13T03:08:31,194,58.8,78.0,19.200000000000003,22.744308513888893,118.45994017650463,32.16666793823242,94.1,31.3,120.64102564102564,-42.42474773195876,-41.5,29.067010309278352,31.0,118.45994017650463,118.70968601462341,0,0,88.22960407074866,88.22960407074866,88.41561612159644
2678,2021-02-13T03:08:42,2021-02-13T03:42:22,203,78.0,96.8,18.799999999999997,22.765142361111113,121.09118277186764,33.66666793823242,116.81,38.85,120.67148760330579,-40.57192738916256,-39.70001,29.5,31.0,121.09118277186764,118.95236187097672,0,0,90.1893677854446,90.1893677854446,88.59636241179108
2680,2021-02-13T14:16:27,2021-02-13T14:33:37,104,32.8,50.4,17.6,20.46347275,116.26973153409091,17.16666603088379,60.77,20.21,120.57539682539684,-71.52404038461539,-71.39999,26.115384615384617,28.0,116.26973153409091,118.70968601462341,0,0,86.59832482930581,86.59832482930581,88.41561612159644
2682,2021-02-13T14:34:29,2021-02-13T14:56:29,133,51.2,73.6,22.39999999999999,26.255975374999995,117.21417578125002,22.0,88.87,29.56,120.74728260869566,-71.60677548872181,-71.5,28.81578947368421,30.0,117.21417578125002,118.70968601462341,0,0,87.30175201211196,87.30175201211196,88.41561612159644
2684,2021-02-13T22:03:14,2021-02-13T22:26:52,143,27.2,50.8,23.599999999999998,27.57564132777778,116.84593782956688,23.633333206176758,61.27,20.38,120.61023622047244,-69.94406209790209,-51.39999,26.734265734265733,29.0,116.84593782956688,118.60618127073685,0,0,87.02748639428016,87.02748639428016,88.33852522859964
2685,2021-02-13T22:27:03,2021-02-13T22:54:53,168,51.2,78.8,27.599999999999994,32.47680601388889,117.66958700684381,27.83333396911621,95.11,31.63,120.69796954314722,-70.01012005952381,-69.89999,29.491071428571427,32.0,117.66958700684381,118.60618127073685,0,0,87.64094475578248,87.64094475578248,88.33852522859964
2686,2021-02-13T22:55:04,2021-02-13T23:21:14,158,78.8,98.0,19.200000000000003,23.09472444444445,120.28502314814816,26.16666603088379,118.18,39.31,120.59183673469389,-52.97848607594937,-42.70001,30.5,32.0,120.28502314814816,118.70968601462341,0,0,89.58893573801478,89.58893573801478,88.41561612159644
2688,2021-02-14T01:53:33,2021-02-14T02:19:43,158,72.8,94.4,21.60000000000001,25.728891680555556,119.11523926183123,26.16666603088379,113.88,37.88,120.63559322033898,-58.98101905063292,-42.70001,30.575949367088608,33.0,119.11523926183123,118.91961195196265,0,0,88.71767437333486,88.71767437333486,88.57197009499896
2690,2021-02-15T00:45:01,2021-02-15T01:08:41,143,7.6,31.2,23.6,27.655697388888893,117.1851584274953,23.66666603088379,37.61,12.51,120.5448717948718,-70.11329419580419,-69.89999,25.157342657342657,27.0,117.1851584274953,118.70968601462341,0,0,87.28013973011059,87.28013973011059,88.41561612159644
2691,2021-02-15T01:08:52,2021-02-15T01:37:12,171,31.2,59.6,28.400000000000002,33.09472513888889,116.53072232003129,28.33333396911621,71.95,23.93,120.72147651006712,-70.08246228070176,-69.89999,28.219298245614034,31.0,116.53072232003129,118.60618127073685,0,0,86.7927121781034,86.7927121781034,88.33852522859964
2692,2021-02-15T01:37:23,2021-02-15T02:07:03,179,59.6,88.4,28.800000000000004,34.45791898611112,119.64555203510804,29.66666603088379,106.6,35.46,120.58823529411764,-69.615647150838,-42.70001,31.053072625698324,33.0,119.64555203510804,118.60618127073685,0,0,89.1126541947847,89.1126541947847,88.33852522859964
2695,2021-02-15T06:58:32,2021-02-15T07:30:32,193,62.0,91.2,29.200000000000003,35.105695958333335,120.22498615867579,32.0,110.04,36.6,120.65789473684211,-65.77409611398964,-42.5,28.261658031088082,31.0,120.22498615867579,118.70968601462341,0,0,89.5442198635778,89.5442198635778,88.41561612159644
2697,2021-02-15T19:41:20,2021-02-15T20:09:10,168,17.2,44.8,27.599999999999998,32.46083219444444,117.6117108494364,27.83333396911621,53.99,17.96,120.51339285714288,-69.97559279761906,-69.89999,29.577380952380953,32.0,117.6117108494364,118.70968601462341,0,0,87.59783828075317,87.59783828075317,88.41561612159644
2698,2021-02-15T20:09:21,2021-02-15T20:39:11,180,45.2,74.8,29.599999999999994,34.78763720833334,117.52580137950454,29.83333396911621,90.23,30.01,120.62834224598932,-69.9638855,-69.80002,32.66111111111111,35.0,117.52580137950454,118.70968601462341,0,0,87.53385244295247,87.53385244295247,88.41561612159644
2699,2021-02-15T20:39:22,2021-02-15T21:09:22,181,75.2,97.6,22.39999999999999,27.837086194444442,124.27270622519845,30.0,117.7,39.15,120.59426229508198,-55.677353756906086,-42.60001,34.0,35.0,124.27270622519845,118.70968601462341,0,0,92.55898365905497,92.55898365905497,88.41561612159644
2701,2021-02-16T03:44:18,2021-02-16T04:13:18,175,64.4,91.2,26.799999999999997,31.955419902777777,119.2366414282753,29.0,110.04,36.6,120.65789473684211,-66.06000668571428,-42.89999,29.874285714285715,32.0,119.2366414282753,118.91961195196265,0,0,88.80809536344115,88.80809536344115,88.57197009499896
2704,2021-02-16T19:11:20,2021-02-16T19:35:56,149,39.2,63.6,24.4,28.726752675,117.73259293032787,24.600000381469727,76.64,25.49,120.50314465408805,-70.06510718120806,-70.0,29.892617449664428,32.0,117.73259293032787,118.70968601462341,0,0,87.68787190832728,87.68787190832728,88.41561612159644
2705,2021-02-16T19:36:07,2021-02-16T20:04:17,170,63.6,90.4,26.800000000000004,31.814170916666672,118.70959297263683,28.16666603088379,109.02,36.26,120.59734513274336,-67.70353841176471,-42.80002,32.0735294117647,33.0,118.70959297263683,118.71678880736545,0,0,88.41554682342166,88.41554682342166,88.42090632004236
2707,2021-02-17T17:38:05,2021-02-17T17:57:25,117,8.400001,22.4,13.999998999999999,16.78930877777778,119.92364269295862,19.33333396911621,26.91,8.95,120.13392857142858,-52.10513820512821,-52.10001,27.564102564102566,29.0,119.92364269295862,118.71678880736545,0,0,89.31977762065652,89.31977762065652,88.42090632004236
2708,2021-02-17T17:57:36,2021-02-17T18:28:06,184,22.8,45.2,22.400000000000002,26.484171749999998,118.23290959821426,30.5,54.41,18.09,120.37610619469025,-52.10000999999999,-52.10001,29.04076086956522,31.0,118.23290959821426,118.7024901798948,0,0,88.06051046826443,88.06051046826443,88.41025662497574
2709,2021-02-17T18:28:17,2021-02-17T18:59:57,191,45.2,68.8,23.599999999999994,27.469446944444442,116.3959616290019,31.66666603088379,83.0,27.61,120.63953488372094,-52.047648743455504,-52.0,31.42931937172775,33.0,116.3959616290019,118.7024901798948,0,0,86.69234168664353,86.69234168664353,88.41025662497574
2710,2021-02-17T19:00:08,2021-02-17T19:29:28,177,68.8,90.0,21.200000000000003,25.469865875000004,120.14087676886793,29.33333396911621,108.63,36.13,120.69999999999999,-52.09718485875707,-52.0,32.30508474576271,33.0,120.14087676886793,118.7024901798948,0,0,89.48157473518819,89.48157473518819,88.41025662497574
2754,2021-02-18T04:08:16,2021-02-18T04:39:26,188,23.6,46.8,23.199999999999996,27.056671222222228,116.62358285440618,31.16666603088379,56.35,18.74,120.40598290598291,-52.087774734042554,-52.0,26.80851063829787,30.0,116.62358285440618,118.60618127073685,0,0,86.86187520629241,86.86187520629241,88.33852522859964
2755,2021-02-18T04:39:37,2021-02-18T05:06:17,161,46.8,66.8,20.0,23.12597370833333,115.62986854166664,26.66666603088379,80.55,26.79,120.58383233532935,-52.03354372670807,-52.0,29.450310559006212,32.0,115.62986854166664,118.60618127073685,0,0,86.12175141219112,86.12175141219112,88.33852522859964
2756,2021-02-18T05:06:28,2021-02-18T05:36:58,184,66.8,88.8,22.0,26.483893944444443,120.3813361111111,30.5,107.16,35.65,120.67567567567568,-52.09946646739131,-52.0,30.64945652173913,32.0,120.3813361111111,118.60618127073685,0,0,89.66067015368678,89.66067015368678,88.33852522859964
2838,2021-02-18T15:22:55,2021-02-18T15:52:57,182,32.4,62.4,30.0,35.040416819444445,116.80138939814816,30.03333282470703,75.24,25.02,120.57692307692307,-70.00329703296704,-70.0,28.54945054945055,31.0,116.80138939814816,118.60618127073685,0,0,86.99430648164311,86.99430648164311,88.33852522859964
2839,2021-02-18T15:53:08,2021-02-18T16:24:48,191,62.8,91.6,28.799999999999997,34.565001694444454,120.0173669945988,31.66666603088379,110.54,36.77,120.67685589519652,-65.44398230366491,-42.70001,31.123036649214658,32.0,120.0173669945988,118.60618127073685,0,0,89.38958398737594,89.38958398737594,88.33852522859964
2841,2021-02-19T13:34:55,2021-02-19T14:03:45,174,25.2,54.4,29.2,34.02806319444446,116.53446299467281,28.83333396911621,65.67,21.84,120.71691176470587,-70.80978603448276,-70.70001,25.583333333333332,28.0,116.53446299467281,118.60618127073685,0,0,86.79549825280584,86.79549825280584,88.33852522859964
2842,2021-02-19T14:03:56,2021-02-19T14:31:26,166,54.8,82.4,27.60000000000001,32.45972847222224,117.60771185587764,27.5,99.43999,33.08,120.6795995145631,-70.8210980120482,-70.80002,28.822289156626507,30.0,117.60771185587764,118.48845766541278,0,0,87.5948598087242,87.5948598087242,88.25084405070905
2843,2021-02-19T14:31:37,2021-02-19T14:53:27,132,82.4,97.6,15.199999999999989,18.455833458333334,121.4199569627194,21.83333396911621,117.69,39.15,120.58401639344262,-50.767424545454546,-43.5,29.96212121212121,31.0,121.4199569627194,118.48845766541278,0,0,90.43424058079054,90.43424058079054,88.25084405070905
2844,2021-02-19T17:06:49,2021-02-19T17:26:19,118,80.4,95.2,14.799999999999997,17.51819690277778,118.36619528903908,19.5,114.87,38.21,120.66176470588235,-53.923736271186435,-42.70001,30.4364406779661,31.0,118.36619528903908,118.45227015202784,0,0,88.15978237159518,88.15978237159518,88.22389139503912
2846,2021-02-20T01:26:06,2021-02-20T01:44:56,114,20.0,33.2,13.200000000000003,15.675831472222221,118.75629903198649,18.83333396911621,39.96,13.28,120.36144578313252,-49.94122219298245,-49.89999,27.87280701754386,30.0,118.75629903198649,118.45227015202784,0,0,88.45033374901006,88.45033374901006,88.22389139503912
2847,2021-02-20T01:45:07,2021-02-20T02:18:07,199,33.6,57.2,23.6,27.444994499999996,116.29234957627116,33.0,68.95,22.94,120.54195804195804,-49.899989999999995,-49.89999,29.889447236180903,33.0,116.29234957627116,118.40539770829507,0,0,86.61517086943925,86.61517086943925,88.18898054546239
2848,2021-02-20T02:18:18,2021-02-20T02:52:58,209,57.2,82.0,24.799999999999997,28.83138313888888,116.25557717293906,34.66666793823242,98.92,32.91,120.63414634146342,-49.90046851674641,-49.89999,31.751196172248804,34.0,116.25557717293906,118.40539770829507,0,0,86.5877825845736,86.5877825845736,88.18898054546239
2849,2021-02-20T02:53:09,2021-02-20T03:18:19,152,82.0,97.6,15.599999999999994,19.409028708333327,124.41685069444445,25.16666603088379,117.7,39.15,120.59426229508198,-46.273686447368426,-42.70001,32.5,34.0,124.41685069444445,118.40539770829507,0,0,92.66634323927772,92.66634323927772,88.18898054546239
2851,2021-02-20T15:28:45,2021-02-20T15:59:35,186,57.6,79.2,21.6,25.63083197222222,118.66125913065842,30.83333396911621,95.5,31.77,120.58080808080807,-49.87634139784946,-49.80002,32.534946236559136,34.0,118.66125913065842,118.40539770829507,0,0,88.37954751652839,88.37954751652839,88.18898054546239
2852,2021-02-20T15:59:46,2021-02-20T16:26:26,161,79.2,96.4,17.200000000000003,20.76611063888889,120.73320138888886,26.66666603088379,116.33,38.69,120.67427385892115,-46.72111695652175,-42.60001,33.285714285714285,34.0,120.73320138888886,118.45227015202784,0,0,89.92274131545099,89.92274131545099,88.22389139503912
2853,2021-02-20T23:44:14,2021-02-21T00:02:43,112,52.4,70.4,18.000000000000007,21.596085679166677,119.97825377314815,18.483333587646484,85.0,28.27,120.73863636363635,-70.104471875,-70.0,29.647321428571427,31.0,119.97825377314815,118.48845766541278,0,0,89.36045224851654,89.36045224851654,88.25084405070905
2854,2021-02-21T00:02:54,2021-02-21T00:32:03,177,70.8,95.2,24.400000000000006,29.309308080555557,120.12011508424406,29.149999618530273,114.83,38.2,120.61974789915965,-60.366671920903954,-42.70001,30.576271186440678,32.0,120.12011508424406,118.48845766541278,0,0,89.46611132020188,89.46611132020188,88.25084405070905
2856,2021-02-21T07:25:08,2021-02-21T07:56:08,187,63.2,74.4,11.200000000000003,13.433333333333334,119.94047619047616,31.0,88.63,29.46,119.12634408602148,-26.0,-26.0,23.0,24.0,119.94047619047616,118.58911714248967,0,0,89.33231530064258,89.33231530064258,88.32581577359892
2857,2021-02-21T07:56:19,2021-02-21T08:25:49,178,74.4,84.8,10.399999999999991,12.783333333333333,122.91666666666677,29.5,101.05,33.59,119.1627358490566,-26.0,-26.0,23.0,24.0,122.91666666666677,118.6783232589056,0,0,91.54899806244522,91.54899806244522,88.39225697152911
2858,2021-02-21T08:26:00,2021-02-21T08:51:50,156,85.2,94.4,9.200000000000003,11.194444444444445,121.67874396135262,25.83333396911621,112.72,37.46,119.40677966101694,-26.0,-26.0,23.0,24.0,121.67874396135262,118.6783232589056,0,0,90.62698653688376,90.62698653688376,88.39225697152911
2861,2021-02-21T20:54:09,2021-02-21T21:23:49,179,18.8,35.6,16.8,19.728050694444445,117.42887318121693,29.66666603088379,42.83,14.25,120.30898876404493,-39.89943150837989,-39.80002,27.868715083798882,29.0,117.42887318121693,118.56059965358153,0,0,87.46165979668348,87.46165979668348,88.30457579363852
2862,2021-02-21T21:24:00,2021-02-21T21:48:12,147,35.6,49.6,14.0,16.092995966666667,114.94997119047618,24.200000762939453,59.69,19.85,120.34274193548387,-39.89999,-39.89999,29.35034013605442,31.0,114.94997119047618,118.45227015202784,0,0,85.61536018816294,85.61536018816294,88.22389139503912
2863,2021-02-21T21:48:23,2021-02-21T22:14:53,160,49.6,64.8,15.199999999999996,17.622495583333336,115.9374709429825,26.5,78.09,25.97,120.50925925925927,-39.89999,-39.89999,30.7375,32.0,115.9374709429825,118.40539770829507,0,0,86.3508553441944,86.3508553441944,88.18898054546239
2864,2021-02-21T22:15:04,2021-02-21T22:40:14,152,65.2,79.2,14.0,16.734996055555555,119.5356861111111,25.16666603088379,95.52,31.77,120.6060606060606,-39.898016907894736,-39.80002,31.44078947368421,32.0,119.5356861111111,118.45227015202784,0,0,89.03082546044064,89.03082546044064,88.22389139503912
2865,2021-02-21T22:40:25,2021-02-21T23:10:15,180,79.2,95.6,16.39999999999999,19.83305241666667,120.93324644308952,29.83333396911621,115.28,38.35,120.58577405857741,-39.887771444444446,-39.80002,31.741666666666667,33.0,120.93324644308952,118.56059965358153,0,0,90.07173595365643,90.07173595365643,88.30457579363852
2867,2021-02-22T16:09:31,2021-02-22T16:33:41,146,29.6,45.2,15.600000000000001,18.166254027777782,116.45034633190885,24.16666603088379,54.4,18.09,120.35398230088495,-45.10274972602739,-45.10001,29.339041095890412,31.0,116.45034633190885,118.45227015202784,0,0,86.73284770747922,86.73284770747922,88.22389139503912
2868,2021-02-22T16:33:52,2021-02-22T17:04:52,187,45.2,65.6,20.39999999999999,23.301394027777782,114.22251974400879,31.0,79.06,26.29,120.51829268292684,-45.09947518716577,-45.0,31.08288770053476,32.0,114.22251974400879,118.41306773277185,0,0,85.0735504168016,85.0735504168016,88.19469322117192
2869,2021-02-22T17:05:03,2021-02-22T17:35:43,185,65.6,85.2,19.60000000000001,23.05111622222223,117.60773582766438,30.66666603088379,102.82,34.2,120.68075117370891,-45.100010000000005,-45.10001,31.943243243243245,33.0,117.60773582766438,118.41306773277185,0,0,87.59487766304059,87.59487766304059,88.19469322117192
2870,2021-02-22T17:35:54,2021-02-22T17:56:54,127,85.2,98.0,12.799999999999997,15.348055083333335,119.9066803385417,21.0,118.18,39.31,120.59183673469389,-43.852754566929136,-42.89999,32.5,33.0,119.9066803385417,118.51372720984875,0,0,89.30714396735499,89.30714396735499,88.26966494406179
2871,2021-02-23T07:02:43,2021-02-23T07:32:33,180,65.6,92.8,27.200000000000003,32.668894819444446,120.10623095383987,29.83333396911621,111.89,37.22,120.57112068965517,-65.6555675,-43.60001,26.35,28.0,120.10623095383987,118.51372720984875,0,0,89.45577034479193,89.45577034479193,88.26966494406179
2873,2021-02-23T16:39:44,2021-02-23T17:01:04,129,40.0,61.2,21.200000000000003,24.911529597222223,117.5072150812369,21.33333396911621,73.68999,24.51,120.40848039215686,-70.06279573643411,-69.80002,32.713178294573645,35.0,117.5072150812369,118.51372720984875,0,0,87.52000926748865,87.52000926748865,88.26966494406179
2874,2021-02-23T17:01:15,2021-02-23T17:27:45,160,61.6,87.6,25.999999999999993,30.934167986111113,118.97756917735046,26.5,105.67,35.15,120.62785388127855,-70.04000300000001,-69.80002,34.4875,36.0,118.97756917735046,118.68542605164762,0,0,88.61513694989848,88.61513694989848,88.39754716997503
2875,2021-02-23T17:27:56,2021-02-23T17:44:46,102,87.6,97.6,10.0,12.647918597222223,126.47918597222223,16.83333396911621,117.76,39.17,120.65573770491804,-45.192163725490175,-42.60001,35.0,36.0,126.47918597222223,118.73294600231165,0,0,94.20238170720496,94.20238170720496,88.43294028621585
2876,2021-02-24T00:53:24,2021-02-24T01:14:14,126,44.4,51.2,6.800000000000004,7.848475694444448,115.41876021241828,20.83333396911621,61.64,20.5,120.390625,-22.60397825396826,-22.60001,30.5,32.0,115.41876021241828,118.73294600231165,0,0,85.96451678690035,85.96451678690035,88.43294028621585
2877,2021-02-24T01:14:25,2021-02-24T01:45:25,187,51.2,61.2,10.0,11.676671833333335,116.76671833333334,31.0,73.7,24.51,120.42483660130719,-22.600010000000005,-22.60001,31.427807486631018,33.0,116.76671833333334,118.68542605164762,0,0,86.96848328506911,86.96848328506911,88.39754716997503
2878,2021-02-24T01:45:36,2021-02-24T02:16:06,184,61.2,71.2,10.0,11.48833841666667,114.88338416666669,30.5,85.8,28.54,120.50561797752808,-22.60001,-22.60001,31.5,33.0,114.88338416666669,118.51372720984875,0,0,85.56576581272928,85.56576581272928,88.26966494406179
2879,2021-02-24T02:16:17,2021-02-24T02:44:07,168,71.2,80.0,8.799999999999997,10.48389352777778,119.13515372474755,27.83333396911621,96.48,32.09,120.6,-22.60001,-22.60001,31.5,33.0,119.13515372474755,118.68542605164762,0,0,88.73250677301166,88.73250677301166,88.39754716997503
2880,2021-02-24T02:44:18,2021-02-24T03:14:18,181,80.0,89.2,9.200000000000003,11.300005000000002,122.82614130434781,30.0,107.6,35.79,120.62780269058295,-22.60001,-22.60001,31.5,33.0,122.82614130434781,118.73294600231165,0,0,91.481574283032,91.481574283032,88.43294028621585
2881,2021-02-24T03:14:29,2021-02-24T03:44:09,179,89.2,97.6,8.399999999999991,10.82458509722222,128.86410830026466,29.66666603088379,117.69,39.15,120.58401639344262,-21.89329966480447,-21.5,31.5,33.0,128.86410830026466,118.73294600231165,0,0,95.97868475470901,95.97868475470901,88.43294028621585
2884,2021-02-24T16:13:39,2021-02-24T16:48:09,208,46.4,68.4,22.000000000000007,25.875,117.61363636363632,34.5,82.42,27.42,120.49707602339181,-45.0,-45.0,30.521634615384617,32.0,117.61363636363632,118.68542605164762,0,0,87.59927241414238,87.59927241414238,88.39754716997503
2886,2021-02-25T11:05:13,2021-02-25T11:32:53,167,18.8,36.4,17.599999999999998,20.703884277777778,117.63570612373738,27.66666603088379,43.75,14.55,120.1923076923077,-44.899989999999995,-44.89999,24.7874251497006,26.0,117.63570612373738,118.68542605164762,0,0,87.61571009081815,87.61571009081815,88.39754716997503
2887,2021-02-25T11:33:04,2021-02-25T11:57:10,146,36.4,52.0,15.600000000000001,18.034829316666663,115.60788023504269,24.100000381469727,62.66,20.84,120.49999999999999,-44.89999,-44.89999,26.58219178082192,28.0,115.60788023504269,118.68542605164762,0,0,86.1053744025056,86.1053744025056,88.39754716997503
2888,2021-02-25T11:57:21,2021-02-25T12:25:31,170,52.0,70.4,18.400000000000006,21.078050861111105,114.55462424516902,28.16666603088379,84.9,28.24,120.5965909090909,-44.89999,-44.89999,28.155882352941177,29.0,114.55462424516902,118.51372720984875,0,0,85.32090364527546,85.32090364527546,88.26966494406179
2889,2021-02-25T12:25:42,2021-02-25T12:56:32,186,70.4,89.6,19.19999999999999,23.073605972222218,120.17503110532412,30.83333396911621,108.1,35.96,120.64732142857143,-44.89999000000001,-44.89999,28.846774193548388,30.0,120.17503110532412,118.51372720984875,0,0,89.50701306968625,89.50701306968625,88.26966494406179
2892,2021-02-25T18:52:32,2021-02-25T19:24:22,192,68.4,95.2,26.799999999999997,31.93028168055556,119.14284209162524,31.83333396911621,114.87,38.21,120.66176470588235,-60.16459072916667,-42.89999,30.4609375,32.0,119.14284209162524,118.68542605164762,0,0,88.7382331102406,88.7382331102406,88.39754716997503
2894,2021-02-26T18:10:56,2021-02-26T18:33:46,138,9.6,32.0,22.4,26.659584944444443,119.01600421626985,22.83333396911621,38.41,12.77,120.03124999999999,-70.05507673913044,-69.89999,24.920289855072465,27.0,119.01600421626985,118.70877908132246,0,0,88.64376357474102,88.64376357474102,88.41494063276923
2895,2021-02-26T18:33:57,2021-02-26T19:02:17,171,32.4,60.4,28.0,33.047776999999996,118.02777499999998,28.33333396911621,72.92,24.25,120.72847682119206,-69.98362409356724,-69.89999,27.79824561403509,31.0,118.02777499999998,118.51372720984875,0,0,87.90772511015355,87.90772511015355,88.26966494406179
2896,2021-02-26T19:02:28,2021-02-26T19:30:18,168,60.8,87.6,26.799999999999997,32.46527708333333,121.13909359452738,27.83333396911621,105.68,35.16,120.63926940639271,-69.98511755952381,-69.89999,30.43154761904762,32.0,121.13909359452738,118.70877908132246,0,0,90.22505202526168,90.22505202526168,88.41494063276923
2898,2021-02-27T15:32:13,2021-02-27T15:50:13,109,32.4,44.8,12.399999999999999,14.26791861111111,115.0638597670251,18.0,51.6,17.14,115.17857142857144,-47.559639633027516,-46.60001,19.623853211009173,21.0,115.0638597670251,118.70877908132246,0,0,85.70018501588208,85.70018501588208,88.41494063276923
2899,2021-02-27T15:50:24,2021-02-27T16:17:14,162,45.2,64.0,18.799999999999997,20.99514165277778,111.67628538711585,26.83333396911621,74.39,24.73,116.234375,-46.945685246913584,-46.20001,21.50925925925926,23.0,111.67628538711585,118.51372720984875,0,0,83.17710129783978,83.17710129783978,88.26966494406179
2900,2021-02-27T16:17:25,2021-02-27T16:47:25,181,64.0,84.4,20.400000000000006,23.719308555555553,116.27112037037033,30.0,98.49,32.73,116.69431279620851,-47.43923248618785,-46.70001,22.883977900552487,24.0,116.27112037037033,118.51372720984875,0,0,86.59935924207748,86.59935924207748,88.26966494406179
2901,2021-02-27T16:47:36,2021-02-27T17:14:26,162,84.4,98.0,13.599999999999994,16.605557930555555,122.0996906658497,26.83333396911621,114.85,38.18,117.1938775510204,-37.15185716049383,-17.70001,23.52777777777778,25.0,122.0996906658497,118.70877908132246,0,0,90.94050991885851,90.94050991885851,88.41494063276923
2903,2021-02-28T02:37:50,2021-02-28T02:59:40,132,15.6,37.6,22.0,25.46055438888889,115.72979267676769,21.83333396911621,44.23,14.72,117.63297872340425,-69.96742098484847,-69.89999,26.382575757575758,29.0,115.72979267676769,118.51372720984875,0,0,86.19617544840067,86.19617544840067,88.26966494406179
2904,2021-02-28T02:59:51,2021-02-28T03:25:41,156,37.6,64.0,26.4,30.121387138888892,114.09616340488216,25.83333396911621,75.54,25.12,118.03125000000001,-69.95961134615384,-69.89999,29.125,32.0,114.09616340488216,118.51372720984875,0,0,84.97943953208934,84.97943953208934,88.26966494406179
2905,2021-02-28T03:25:52,2021-02-28T03:50:22,148,64.0,88.4,24.400000000000006,28.448887388888892,116.59380077413478,24.5,104.28,34.69,117.96380090497738,-69.57769912162162,-41.80002,30.83783783783784,33.0,116.59380077413478,118.19698514451953,0,0,86.8396933518458,86.8396933518458,88.03375374087437
2908,2021-02-28T09:46:20,2021-02-28T10:06:50,124,58.0,78.4,20.400000000000006,23.914860930555555,117.22971044389973,20.5,92.43999,30.75,117.90815051020407,-69.99516080645162,-69.89999,26.197580645161292,28.0,117.22971044389973,118.19698514451953,0,0,87.3133223128644,87.3133223128644,88.03375374087437
2909,2021-02-28T10:07:01,2021-02-28T10:32:51,156,78.8,97.6,18.799999999999997,22.586528375000004,120.1411083776596,25.83333396911621,115.14,38.3,117.97131147540983,-52.48141173076924,-41.70001,27.28205128205128,29.0,120.1411083776596,118.51372720984875,0,0,89.48174723866877,89.48174723866877,88.26966494406179
2912,2021-03-01T01:28:47,2021-03-01T01:57:47,175,50.8,80.0,29.200000000000003,33.91944890277778,116.16249624238965,29.0,94.25999,31.35,117.82498749999999,-70.17829497142857,-70.0,26.582857142857144,28.0,116.16249624238965,118.19698514451953,0,0,86.51845540412194,86.51845540412194,88.03375374087437
2913,2021-03-01T01:57:58,2021-03-01T02:22:38,149,80.0,97.6,17.599999999999994,21.37847413888889,121.46860306186873,24.66666603088379,115.11,38.29,117.94057377049181,-52.02886369127517,-41.80002,28.21476510067114,29.0,121.46860306186873,118.3445170653292,0,0,90.4704724585134,90.4704724585134,88.14363631334098
2916,2021-03-03T03:31:41,2021-03-03T03:59:01,165,74.0,96.0,22.0,25.757085208333333,117.07766003787879,27.33333396911621,112.5,37.4,117.1875,-56.40909496969698,0.0,23.48787878787879,25.0,117.07766003787879,117.83174056186868,0,0,87.20007434817661,87.20007434817661,87.76171760048585
2917,2021-03-03T16:37:01,2021-03-03T17:00:42,144,11.6,35.6,24.0,27.747143613888895,115.61309839120374,23.683332443237305,41.9,13.93,117.69662921348313,-70.29445645833334,-70.10001,25.74652777777778,28.0,115.61309839120374,117.83174056186868,0,0,86.10926091343394,86.10926091343394,87.76171760048585
2918,2021-03-03T17:00:53,2021-03-03T17:32:33,191,36.0,68.4,32.400000000000006,37.13194680555556,114.60477409122083,31.66666603088379,80.63,26.82,117.88011695906431,-70.35497837696336,-70.30002,29.30366492146597,31.0,114.60477409122083,117.83174056186868,0,0,85.3582555218235,85.3582555218235,87.76171760048585
2919,2021-03-03T17:32:44,2021-03-03T18:01:54,176,68.4,93.6,25.19999999999999,29.985276930555557,118.98919416887131,29.16666603088379,110.42,36.73,117.97008547008548,-61.652271022727284,-41.70001,31.673295454545453,33.0,118.98919416887131,117.83174056186868,0,0,88.62379530645077,88.62379530645077,87.76171760048585
2921,2021-03-04T10:48:01,2021-03-04T11:51:39,478,40.4,93.6,53.199999999999996,61.58061296666667,115.7530318922306,63.63333511352539,109.69,36.47,117.19017094017094,-58.04874654811715,-41.70001,22.71652719665272,25.0,115.7530318922306,117.62467124368685,0,0,86.21348414175432,86.21348414175432,87.60749125248026
2922,2021-03-04T18:11:10,2021-03-04T18:29:00,108,41.2,59.2,18.0,20.840418986111118,115.7801054783951,17.83333396911621,69.17,22.99,116.8412162162162,-70.11667444444444,-69.80002,22.62962962962963,25.0,115.7801054783951,117.61068609565035,0,0,86.23364869514268,86.23364869514268,87.59707503859148
2923,2021-03-04T18:29:11,2021-03-04T19:04:01,210,59.2,92.0,32.8,38.071809291666675,116.07258930386183,34.83333206176758,108.48,36.08,117.91304347826087,-65.5319111904762,-41.70001,25.159523809523808,27.0,116.07258930386183,117.55747545445064,0,0,86.45149223009277,86.45149223009277,87.55744346526461
2926,2021-03-05T16:54:35,2021-03-05T17:22:25,168,67.6,92.4,24.80000000000001,29.077919472222224,117.2496752912186,27.83333396911621,108.31,36.01,117.21861471861472,-62.64405369047619,-41.80002,22.848214285714285,24.0,117.2496752912186,117.46804413122692,0,0,87.32819223911669,87.32819223911669,87.49083453208607
2928,2021-03-06T00:48:55,2021-03-06T01:11:45,138,35.2,50.4,15.199999999999996,17.163753805555558,112.9194329312866,22.83333396911621,59.31,19.72,117.67857142857143,-45.102183913043476,-45.10001,26.06159420289855,28.0,112.9194329312866,117.33927423621776,0,0,84.10300431163736,84.10300431163736,87.39492601790008
2929,2021-03-06T01:11:56,2021-03-06T01:42:46,186,50.4,70.8,20.4,23.176394027777782,113.60977464596952,30.83333396911621,83.4,27.74,117.79661016949154,-45.10000999999999,-45.10001,27.741935483870968,29.0,113.60977464596952,117.23969286755917,0,0,84.61717455407751,84.61717455407751,87.32075727599054
2930,2021-03-06T01:42:57,2021-03-06T02:12:27,178,70.8,89.6,18.799999999999997,22.17417158333334,117.94772118794332,29.5,105.59,35.12,117.84598214285715,-45.10001,-45.10001,28.64887640449438,30.0,117.94772118794332,117.23969286755917,0,0,87.8481005980055,87.8481005980055,87.32075727599054
2931,2021-03-07T02:24:51,2021-03-07T02:44:51,121,18.4,31.2,12.8,15.006528430555555,117.23850336371527,20.0,36.42,12.11,116.73076923076924,-45.019836694214874,-45.0,23.05785123966942,24.0,117.23850336371527,117.2341069038075,0,0,87.31987132709482,87.31987132709482,87.31659681997961
2932,2021-03-07T02:45:02,2021-03-07T03:11:12,158,31.6,48.4,16.799999999999997,19.625833416666666,116.82043700396827,26.16666603088379,56.94,18.94,117.64462809917356,-45.001898924050636,-45.0,24.841772151898734,27.0,116.82043700396827,117.2341069038075,0,0,87.00849324146672,87.00849324146672,87.31659681997961
2933,2021-03-07T03:11:23,2021-03-07T03:40:53,178,48.8,68.4,19.60000000000001,22.135139902777777,112.93438725907023,29.5,80.59,26.8,117.82163742690058,-45.02078859550562,-45.0,26.896067415730336,28.0,112.93438725907023,117.2341069038075,0,0,84.11414237584312,84.11414237584312,87.31659681997961
2934,2021-03-07T03:41:04,2021-03-07T04:09:44,173,68.4,86.8,18.39999999999999,21.544032180555554,117.08713141606285,28.66666603088379,102.39,34.06,117.96082949308756,-45.091916705202316,-45.0,27.80635838150289,29.0,117.08713141606285,117.15842092998129,0,0,87.20712868186898,87.20712868186898,87.26022549736669
2935,2021-03-07T04:09:55,2021-03-07T04:28:25,112,86.8,97.6,10.799999999999997,13.27902859722222,122.95396849279837,18.5,115.11,38.29,117.94057377049181,-43.071431249999996,-42.0,28.401785714285715,29.0,122.95396849279837,117.15842092998129,0,0,91.57678066427502,91.57678066427502,87.26022549736669
2936,2021-03-07T14:05:02,2021-03-07T14:22:02,103,34.4,51.6,17.200000000000003,19.8316665,115.30038662790696,17.0,60.82,20.23,117.86821705426357,-69.99417417475728,-69.89999,25.237864077669904,27.0,115.30038662790696,117.15842092998129,0,0,85.87635150099604,85.87635150099604,87.26022549736669
2937,2021-03-07T14:22:13,2021-03-07T14:52:43,184,52.0,82.4,30.400000000000006,35.586805902777776,117.0618615222953,30.5,97.16,32.32,117.9126213592233,-70.00706592391305,-70.0,27.97826086956522,30.0,117.0618615222953,117.15842092998129,0,0,87.1883075283322,87.1883075283322,87.26022549736669
2940,2021-03-08T00:15:56,2021-03-08T00:45:46,180,37.6,68.0,30.4,34.80875098611111,114.5024703490497,29.83333396911621,80.23,26.68,117.98529411764706,-70.00666866666667,-69.80002,29.341666666666665,32.0,114.5024703490497,117.08239572697082,0,0,85.28205914139932,85.28205914139932,87.2036015150228
2941,2021-03-08T00:45:57,2021-03-08T01:13:47,168,68.4,92.8,24.39999999999999,29.059307513888886,119.09552259790532,27.83333396911621,109.38,36.39,117.86637931034483,-62.60238517857143,-41.60001,31.279761904761905,33.0,119.09552259790532,117.08239572697082,0,0,88.70298929541579,88.70298929541579,87.2036015150228
2944,2021-03-08T14:48:14,2021-03-08T15:15:34,165,27.2,54.8,27.599999999999998,31.916113333333335,115.63809178743963,27.33333396911621,64.6,21.49,117.88321167883213,-70.05939878787879,-69.80002,28.19090909090909,31.0,115.63809178743963,117.06976078008705,0,0,86.12787613011388,86.12787613011388,87.19419093825441
2945,2021-03-08T15:15:45,2021-03-08T15:44:45,175,55.2,84.0,28.799999999999997,33.86444711111111,117.58488580246915,29.0,98.99,32.93,117.84523809523809,-70.0651484,-69.70001,31.411428571428573,33.0,117.58488580246915,117.06976078008705,0,0,87.57785884070303,87.57785884070303,87.19419093825441
2948,2021-03-08T22:16:04,2021-03-08T22:46:54,186,49.6,80.4,30.800000000000004,36.03458729166667,116.99541328463202,30.83333396911621,94.72,31.51,117.81094527363183,-70.12043774193549,-69.89999,30.725806451612904,33.0,116.99541328463202,117.02863740346366,0,0,87.1388165215708,87.1388165215708,87.1635620249515
2949,2021-03-08T22:47:05,2021-03-08T23:11:05,145,80.8,97.6,16.799999999999997,20.815557444444444,123.90212764550266,24.0,115.07,38.28,117.89959016393442,-52.067590965517255,-41.70001,31.958620689655174,33.0,123.90212764550266,117.02863740346366,0,0,92.28297472882132,92.28297472882132,87.1635620249515
2950,2021-03-09T20:17:18,2021-03-09T20:39:18,133,30.0,52.4,22.4,25.750836555555555,114.95909176587303,22.0,61.83,20.57,117.99618320610686,-70.22933210526317,-69.89999,27.887218045112782,30.0,114.95909176587303,117.02863740346366,0,0,85.62215324204226,85.62215324204226,87.1635620249515
2951,2021-03-09T20:39:29,2021-03-09T21:16:04,221,52.4,89.2,36.800000000000004,42.795004340277785,116.29077266379831,36.58333206176758,105.24,35.01,117.98206278026905,-70.1868849321267,-69.89999,30.873303167420815,33.0,116.29077266379831,117.02863740346366,0,0,86.61399637650158,86.61399637650158,87.1635620249515
2954,2021-03-10T12:48:03,2021-03-10T13:15:13,164,36.8,60.8,24.0,26.867502680555557,111.94792783564816,27.16666603088379,71.58,23.81,117.73026315789474,-59.337810792682916,-57.70001,27.466463414634145,30.0,111.94792783564816,117.02863740346366,0,0,83.37942206253967,83.37942206253967,87.1635620249515
2956,2021-03-10T13:22:34,2021-03-10T13:43:44,128,64.0,81.2,17.200000000000003,19.83972454166668,115.34723570736439,21.16666603088379,95.73,31.84,117.89408866995073,-56.23906906250001,-55.10001,29.44921875,31.0,115.34723570736439,116.90792514430015,0,0,85.91124494873415,85.91124494873415,87.07365488151876
2957,2021-03-10T13:43:55,2021-03-10T14:08:55,151,81.2,97.6,16.39999999999999,19.802499888888892,120.7469505420055,25.0,115.14,38.3,117.97131147540983,-47.53245006622517,-41.80002,30.370860927152318,31.0,120.7469505420055,116.90792514430015,0,0,89.93298175904721,89.93298175904721,87.07365488151876
2959,2021-03-10T18:12:31,2021-03-10T18:37:01,148,60.8,82.0,21.200000000000003,24.789588500000004,116.9320212264151,24.5,96.7,32.17,117.92682926829269,-60.708796418918915,-60.5,31.675675675675677,33.0,116.9320212264151,116.87622911519168,0,0,87.09160177378877,87.09160177378877,87.05004750762774
2960,2021-03-10T18:37:12,2021-03-10T18:54:42,106,82.0,94.8,12.799999999999997,14.788613625,115.53604394531253,17.5,111.75,37.17,117.87974683544304,-50.71132943396226,-42.30002,32.0,33.0,115.53604394531253,116.70711888905151,0,0,86.05187034542638,86.05187034542638,86.92409329665625
2961,2021-03-11T00:16:43,2021-03-11T00:42:33,156,16.8,42.8,25.999999999999996,30.452366625000003,117.1244870192308,25.83333396911621,50.44,16.78,117.85046728971962,-70.72821794871794,-70.70001,29.772435897435898,33.0,117.1244870192308,116.70711888905151,0,0,87.2349513371263,87.2349513371263,86.92409329665625
2962,2021-03-11T00:42:44,2021-03-11T01:09:34,162,43.2,70.8,27.599999999999994,31.636256236111116,114.62411679750406,26.83333396911621,83.49,27.77,117.92372881355932,-70.7395201234568,-70.70001,32.91358024691358,35.0,114.62411679750406,116.70711888905151,0,0,85.37266207406795,85.37266207406795,86.92409329665625
2963,2021-03-11T01:09:45,2021-03-11T01:39:05,177,71.2,95.6,24.39999999999999,28.994033722222223,118.82800705828784,29.33333396911621,112.79,37.51,117.98117154811716,-59.290972598870056,-42.5,34.41242937853107,36.0,118.82800705828784,116.87622911519168,0,0,88.50374227479385,88.50374227479385,87.05004750762774
2968,2021-03-11T14:11:57,2021-03-11T14:42:07,182,58.0,88.0,30.0,35.04083954166667,116.80279847222224,30.16666603088379,103.85,34.55,118.01136363636363,-69.69396835164835,-69.5,30.89010989010989,32.0,116.80279847222224,116.81161773809525,0,0,86.9953559676337,86.9953559676337,87.00192460455021
2969,2021-03-11T19:30:07,2021-03-11T19:52:27,135,44.0,65.2,21.200000000000003,24.275560222222225,114.50735953878407,22.33333396911621,76.92,25.59,117.97546012269939,-65.21779029629629,-65.10001,31.44074074074074,33.0,114.50735953878407,116.69829962317851,0,0,85.28570063635405,85.28570063635405,86.91752465973974
2970,2021-03-11T19:52:38,2021-03-11T20:22:38,181,65.2,92.0,26.799999999999997,31.309451930555554,116.82631317371477,30.0,108.46,36.08,117.89130434782608,-62.56907569060774,-42.0,33.033149171270715,35.0,116.82631317371477,116.69829962317851,0,0,87.01286984447204,87.01286984447204,86.91752465973974
2972,2021-03-12T01:42:34,2021-03-12T02:54:10,538,32.4,97.6,65.19999999999999,77.03489751333333,118.1516833026585,71.5999984741211,115.079994,38.28,117.90982991803278,-64.5386689330855,-41.899994,33.311338289962826,36.0,118.1516833026585,116.69829962317851,0,0,88.00001268406548,88.00001268406548,86.91752465973974
2975,2021-03-12T13:46:56,2021-03-12T14:34:50,360,41.6,89.6,47.99999999999999,55.82579460138889,116.30373875289354,47.900001525878906,105.67,35.15,117.93526785714288,-69.88917033333334,-41.89999,32.08888888888889,34.0,116.30373875289354,116.44876976351415,0,0,86.62365358977986,86.62365358977986,86.73167347081284
2978,2021-03-12T19:54:26,2021-03-12T20:17:56,142,67.2,90.4,23.200000000000003,27.12750379166667,116.92889565373562,23.5,106.54,35.44,117.85398230088497,-69.16902373239438,-42.0,33.443661971830984,35.0,116.92889565373562,116.69829962317851,0,0,87.0892738303541,87.0892738303541,86.91752465973974
2980,2021-03-13T02:55:36,2021-03-13T03:21:06,154,52.0,78.0,26.0,30.251115486111114,116.35044417735044,25.5,92.1,30.64,118.07692307692307,-71.1785816883117,-70.89999,30.928571428571427,33.0,116.35044417735044,116.69829962317851,0,0,86.6584400424967,86.6584400424967,86.91752465973974
2981,2021-03-13T03:21:17,2021-03-13T03:46:57,155,78.0,97.6,19.599999999999994,23.71306088888889,120.98500453514743,25.66666603088379,115.07,38.28,117.89959016393442,-55.442593096774196,-42.60001,32.39354838709677,34.0,120.98500453514743,116.81161773809525,0,0,90.11028566052714,90.11028566052714,87.00192460455021
2982,2021-03-13T06:18:12,2021-03-13T06:42:32,147,70.4,92.4,22.0,25.747364027777778,117.03347285353536,24.33333396911621,109.01,36.26,117.97619047619048,-63.43742210884355,-41.70001,31.091836734693878,33.0,117.03347285353536,116.81161773809525,0,0,87.16716349431485,87.16716349431485,87.00192460455021
2985,2021-03-13T15:37:05,2021-03-13T16:01:45,149,37.6,54.0,16.4,18.5,112.80487804878051,24.66666603088379,63.55,21.14,117.68518518518518,-45.0,-45.0,30.28523489932886,32.0,112.80487804878051,116.81161773809525,0,0,84.01768321563796,84.01768321563796,87.00192460455021
2986,2021-03-13T16:01:56,2021-03-13T16:31:46,180,54.4,73.6,19.199999999999996,22.375,116.53645833333337,29.83333396911621,86.75999,28.86,117.88042119565218,-45.0,-45.0,31.833333333333332,33.0,116.53645833333337,116.81161773809525,0,0,86.79698439183096,86.79698439183096,87.00192460455021
2987,2021-03-13T16:31:57,2021-03-13T16:48:27,100,74.0,84.4,10.400000000000006,12.375,118.99038461538456,16.5,99.49,33.09,117.87914691943126,-45.0,-45.0,32.265,33.0,118.99038461538456,116.82337508884152,0,0,88.62468195745173,88.62468195745173,87.01068154296938
2988,2021-03-14T00:38:29,2021-03-14T01:05:49,165,26.4,41.6,15.200000000000003,17.836245494444444,117.34372035818711,27.33333396911621,49.01,16.3,117.81249999999999,-39.050899284848484,-4.800018,28.16060606060606,30.0,117.34372035818711,116.82337508884152,0,0,87.39823751358733,87.39823751358733,87.01068154296938
2989,2021-03-14T01:06:00,2021-03-14T01:36:40,185,41.6,59.6,18.0,20.393328222222223,113.29626790123457,30.66666603088379,70.22,23.35,117.81879194630872,-39.89999,-39.89999,30.035135135135135,32.0,113.29626790123457,116.81161773809525,0,0,84.3836730351652,84.3836730351652,87.00192460455021
2990,2021-03-14T01:36:51,2021-03-14T01:58:45,133,59.6,72.4,12.800000000000004,14.56349635,113.77731523437497,21.899999618530273,85.33,28.39,117.85911602209943,-39.899989999999995,-39.89999,31.082706766917294,32.0,113.77731523437497,116.81161773809525,0,0,84.74195969037562,84.74195969037562,87.00192460455021
2991,2021-03-14T01:58:56,2021-03-14T02:28:16,177,72.4,88.8,16.39999999999999,19.50638408333333,118.94136636178865,29.33333396911621,104.7,34.83,117.9054054054054,-39.899425197740115,-39.80002,31.943502824858758,33.0,118.94136636178865,116.81161773809525,0,0,88.58817289708448,88.58817289708448,87.00192460455021
2994,2021-03-14T21:37:21,2021-03-14T22:06:11,174,20.8,39.2,18.400000000000002,21.72111591666667,118.04954302536231,28.83333396911621,46.07,15.32,117.52551020408163,-45.20001,-45.20001,30.68103448275862,32.0,118.04954302536231,116.81161773809525,0,0,87.92393805316416,87.92393805316416,87.00192460455021
2996,2021-03-14T22:17:22,2021-03-14T22:35:22,109,43.2,54.8,11.599999999999994,13.560003000000002,116.89657758620697,18.0,64.6,21.49,117.88321167883213,-45.20000999999999,-45.20001,32.89449541284404,34.0,116.89657758620697,116.82337508884152,0,0,87.06520315888376,87.06520315888376,87.01068154296938
2997,2021-03-14T22:35:33,2021-03-14T23:06:23,186,54.8,74.8,20.0,23.227782916666673,116.13891458333336,30.83333396911621,88.18999,29.33,117.90105614973261,-45.200010000000006,-45.20001,33.95161290322581,35.0,116.13891458333336,116.82337508884152,0,0,86.500891656928,86.500891656928,87.01068154296938
2998,2021-03-14T23:06:34,2021-03-14T23:36:14,179,74.8,93.2,18.400000000000006,22.135838277777783,120.30346890096618,29.66666603088379,109.87,36.55,117.8862660944206,-44.76425581005587,-42.60001,34.5,35.0,120.30346890096618,116.82337508884152,0,0,89.60267423446766,89.60267423446766,87.01068154296938
3000,2021-03-15T18:25:16,2021-03-15T18:51:36,159,36.8,63.6,26.800000000000004,30.892497305555562,115.27051233416253,26.33333396911621,75.05,24.96,118.00314465408805,-70.3880441509434,-70.30002,28.29874213836478,31.0,115.27051233416253,116.82337508884152,0,0,85.85410096545604,85.85410096545604,87.01068154296938
3001,2021-03-15T18:51:47,2021-03-15T19:18:37,162,63.6,90.0,26.4,30.847914250000002,116.84816003787878,26.83333396911621,106.1,35.29,117.88888888888889,-68.90061185185186,-42.80002,30.996913580246915,32.0,116.84816003787878,116.83723660579678,0,0,87.0291415070485,87.0291415070485,87.02100567576026
3004,2021-03-16T01:20:21,2021-03-16T01:49:01,173,45.6,55.2,9.600000000000001,10.75,111.97916666666664,28.66666603088379,65.0,21.62,117.75362318840578,-22.5,-22.5,29.85549132947977,31.0,111.97916666666664,116.83723660579678,0,0,83.40268891282076,83.40268891282076,87.02100567576026
3005,2021-03-16T01:49:12,2021-03-16T02:19:12,181,55.2,64.8,9.599999999999994,11.25,117.18750000000007,30.0,76.33,25.39,117.7932098765432,-22.5,-22.5,30.53867403314917,32.0,117.18750000000007,116.83723660579678,0,0,87.28188374597529,87.28188374597529,87.02100567576026
3006,2021-03-16T02:19:23,2021-03-16T02:48:13,174,64.8,74.4,9.600000000000009,10.8125,112.63020833333323,28.83333396911621,87.64,29.15,117.79569892473117,-22.5,-22.5,30.96551724137931,32.0,112.63020833333323,116.83723660579678,0,0,83.88758826696501,83.88758826696501,87.02100567576026
3007,2021-03-16T02:48:24,2021-03-16T03:17:04,173,74.4,83.2,8.799999999999997,10.75,122.15909090909095,28.66666603088379,98.07999,32.63,117.88460336538459,-22.5,-22.5,31.0,32.0,122.15909090909095,116.87236881204288,0,0,90.98475154125907,90.98475154125907,87.04717233296613
3008,2021-03-16T03:17:15,2021-03-16T03:43:55,161,83.2,91.6,8.399999999999991,10.0,119.04761904761918,26.66666603088379,107.97,35.91,117.87117903930132,-22.5,-22.5,31.0,32.0,119.04761904761918,116.87236881204288,0,0,88.66731047210192,88.66731047210192,87.04717233296613
3013,2021-03-16T18:52:39,2021-03-16T19:19:59,165,18.4,45.6,27.200000000000003,31.797508972222236,116.90260651552292,27.33333396911621,53.75,17.88,117.87280701754385,-69.79941363636364,-69.70001,32.67272727272727,35.0,116.90260651552292,116.87236881204288,0,0,87.06969353804253,87.06969353804253,87.04717233296613
3014,2021-03-16T19:20:10,2021-03-16T19:48:00,168,46.0,74.0,28.0,32.377508638888905,115.63395942460322,27.83333396911621,87.18999,29.0,117.8243108108108,-69.79585196428573,-69.70001,35.86011904761905,38.0,115.63395942460322,116.87236881204288,0,0,86.12479832392563,86.12479832392563,87.04717233296613
3018,2021-03-17T01:59:14,2021-03-17T02:30:54,191,29.6,50.0,20.4,23.644455000000008,115.90419117647063,31.66666603088379,58.87,19.58,117.74,-44.800019999999996,-44.80002,32.04188481675393,34.0,115.90419117647063,116.87236881204288,0,0,86.32606839412053,86.32606839412053,87.04717233296613
3019,2021-03-17T02:31:05,2021-03-17T02:59:15,170,50.4,68.4,18.000000000000007,21.0311205,116.83955833333329,28.16666603088379,80.67,26.83,117.93859649122807,-44.80002000000001,-44.80002,33.444117647058825,35.0,116.83955833333329,116.84385918560604,0,0,87.02273491098529,87.02273491098529,87.02593820901689
3020,2021-03-17T02:59:26,2021-03-17T03:32:26,199,68.8,89.2,20.400000000000006,24.64001100000001,120.78436764705883,33.0,105.13,34.97,117.85874439461882,-44.80001999999999,-44.80002,33.881909547738694,36.0,120.78436764705883,116.84385918560604,0,0,89.96085022124134,89.96085022124134,87.02593820901689
3023,2021-03-17T11:59:39,2021-03-17T12:30:19,185,26.8,57.2,30.400000000000002,35.64139572222222,117.2414332967836,30.66666603088379,67.35,22.4,117.74475524475523,-69.73298632432433,-69.60001,32.47837837837838,35.0,117.2414332967836,116.87236881204288,0,0,87.32205355708908,87.32205355708908,87.04717233296613
3024,2021-03-17T12:30:30,2021-03-17T13:00:40,182,57.6,87.2,29.6,35.06959095833334,118.47834783220722,30.16666603088379,102.88,34.22,117.98165137614679,-69.7516635164835,-69.70001,35.543956043956044,37.0,118.47834783220722,116.87236881204288,0,0,88.24331419226392,88.24331419226392,87.04717233296613
3028,2021-03-17T23:34:18,2021-03-18T00:05:08,186,33.6,53.6,20.0,23.227782916666673,116.13891458333336,30.83333396911621,63.11,20.99,117.74253731343283,-45.200010000000006,-45.20001,31.620967741935484,34.0,116.13891458333336,116.87236881204288,0,0,86.500891656928,86.500891656928,87.04717233296613
3029,2021-03-18T00:05:19,2021-03-18T00:38:29,200,53.6,75.2,21.6,24.986116694444448,115.67646617798354,33.16666793823242,88.62,29.48,117.84574468085107,-45.201010100000005,-45.20001,33.2425,35.0,115.67646617798354,116.84385918560604,0,0,86.15645758371836,86.15645758371836,87.02593820901689
3030,2021-03-18T00:38:40,2021-03-18T01:06:30,168,75.2,92.8,17.599999999999994,20.875143749999996,118.6087713068182,27.83333396911621,109.38,36.39,117.86637931034483,-44.9940580952381,-42.60001,33.62202380952381,35.0,118.6087713068182,116.87236881204288,0,0,88.34045430147984,88.34045430147984,87.04717233296613
3032,2021-03-18T22:19:17,2021-03-18T22:40:17,127,9.2,27.6,18.400000000000002,21.368752236111114,116.13452302234299,21.0,32.47,10.8,117.64492753623188,-61.055911889763784,-60.39999,30.429133858267715,32.0,116.13452302234299,116.84385918560604,0,0,86.49762079855296,86.49762079855296,87.02593820901689
3033,2021-03-18T22:40:28,2021-03-18T23:09:28,175,27.6,52.4,24.799999999999997,28.833197875,116.26289465725807,29.0,61.77,20.54,117.88167938931298,-59.65429280000001,-58.39999,32.27142857142857,35.0,116.26289465725807,116.83293575352403,0,0,86.59323268646712,86.59323268646712,87.01780237772866
3034,2021-03-18T23:09:39,2021-03-18T23:39:19,179,52.4,76.8,24.4,28.125419347222227,115.26811207877962,29.66666603088379,90.56,30.13,117.91666666666667,-56.883245586592174,-55.30002,34.589385474860336,36.0,115.26811207877962,116.8145558229685,0,0,85.85231324226635,85.85231324226635,87.00411290605287
3035,2021-03-18T23:39:30,2021-03-18T23:57:30,109,76.8,90.4,13.600000000000009,16.296113361111114,119.82436294934635,18.0,106.64,35.47,117.9646017699115,-54.270649724770635,-42.30002,35.0,36.0,119.82436294934635,116.83293575352403,0,0,89.24583353071267,89.24583353071267,87.01780237772866
3037,2021-03-19T10:36:41,2021-03-19T11:00:41,145,80.4,97.6,17.19999999999999,20.795004125000002,120.90118677325592,24.0,115.1,38.28,117.93032786885246,-52.0158723448276,-42.20001,31.02413793103448,32.0,120.90118677325592,116.84385918560604,0,0,90.04785773818676,90.04785773818676,87.02593820901689
3038,2021-03-20T10:39:09,2021-03-20T11:30:07,383,52.4,97.6,45.199999999999996,54.25651803750001,120.03654433075224,50.96666717529297,115.12,38.3,117.95081967213116,-63.85170201044386,-42.0,29.411227154046998,31.0,120.03654433075224,116.87236881204288,0,0,89.4038673710534,89.4038673710534,87.04717233296613
3039,2021-03-20T17:33:51,2021-03-20T17:54:11,123,51.6,71.6,19.999999999999993,23.729167361111113,118.6458368055556,20.33333396911621,84.49,28.11,118.00279329608938,-70.02032723577236,-69.89999,35.113821138211385,37.0,118.6458368055556,116.89959205086495,0,0,88.36806088538842,88.36806088538842,87.06744834846315
3040,2021-03-20T17:54:22,2021-03-20T18:22:42,171,72.0,95.2,23.200000000000003,28.025555125000004,120.79980657327586,28.33333396911621,112.28,37.35,117.94117647058823,-59.329823625730995,-42.30002,36.0,37.0,120.79980657327586,116.89959205086495,0,0,89.97234921698099,89.97234921698099,87.06744834846315
3043,2021-03-21T01:46:05,2021-03-21T02:19:25,201,47.6,71.6,23.999999999999993,27.833338888888893,115.97224537037042,33.33333206176758,84.38,28.07,117.84916201117318,-50.10000999999999,-50.10001,32.04228855721393,34.0,115.97224537037042,116.87236881204288,0,0,86.37675552577181,86.37675552577181,87.04717233296613
3044,2021-03-21T02:19:36,2021-03-21T02:49:06,178,71.6,92.0,20.400000000000006,24.368615680555564,119.45399843409587,29.5,108.55,36.11,117.9891304347826,-49.54495308988763,-42.5,32.603932584269664,34.0,119.45399843409587,116.89959205086495,0,0,88.96998403683553,88.96998403683553,87.06744834846315
3047,2021-03-21T16:51:57,2021-03-21T17:19:07,164,58.4,85.2,26.800000000000004,31.436674763888895,117.30102523839139,27.16666603088379,100.22,33.32,117.62910798122066,-69.39879835365853,-58.10001,24.576219512195124,27.0,117.30102523839139,116.89959205086495,0,0,87.36643795746973,87.36643795746973,87.06744834846315
3048,2021-03-22T00:46:17,2021-03-22T01:03:07,102,30.0,42.0,12.0,14.151251958333335,117.9270996527778,16.83333396911621,48.73,16.2,116.02380952380952,-50.443144313725476,-49.30002,21.602941176470587,23.0,117.9270996527778,116.91575108462928,0,0,87.83274156709366,87.83274156709366,87.07948368419832
3049,2021-03-22T01:03:18,2021-03-22T01:32:08,174,42.0,62.8,20.799999999999997,23.481252708333333,112.89063802083335,28.83333396911621,73.52,24.44,117.0700636942675,-48.86609752873562,-47.89999,23.53735632183908,26.0,112.89063802083335,116.89959205086495,0,0,84.08155770660991,84.08155770660991,87.06744834846315
3050,2021-03-22T01:32:19,2021-03-22T02:00:49,172,62.8,82.8,20.0,23.36278029166667,116.81390145833335,28.5,97.47,32.41,117.71739130434783,-49.18488906976744,-48.39999,24.921511627906977,26.0,116.81390145833335,116.89959205086495,0,0,87.00362553173383,87.00362553173383,87.06744834846315
3051,2021-03-22T02:01:00,2021-03-22T02:24:10,140,82.8,96.0,13.200000000000003,15.935001875,120.71971117424239,23.16666603088379,112.94,37.56,117.64583333333333,-41.28143342857143,-35.30002,25.510714285714286,27.0,120.71971117424239,116.91575108462928,0,0,89.9126937306277,89.9126937306277,87.07948368419832
3053,2021-03-22T05:56:39,2021-03-22T06:13:22,103,71.6,76.8,5.200000000000003,6.266527555555556,120.51014529914525,16.71666717529297,89.29,29.68,116.26302083333334,-22.49223223300971,-22.39999,22.5,24.0,120.51014529914525,116.98118425363549,0,0,89.75660793353029,89.75660793353029,87.12821866233448
3057,2021-03-22T12:56:43,2021-03-22T14:28:15,687,40.0,98.0,58.0,67.83971106805556,116.96501908285443,91.53333282470703,115.53,38.43,117.88775510204081,-44.435081863173224,0.0,24.114992721979622,27.0,116.96501908285443,116.94695736829502,0,0,87.11617875571605,87.11617875571605,87.10272629303508
3058,2021-03-22T16:51:00,2021-03-22T17:13:20,135,82.0,97.6,15.599999999999994,18.633890708333336,119.44801736111117,22.33333396911621,115.12,38.3,117.95081967213116,-50.107412296296296,-42.30002,26.044444444444444,27.0,119.44801736111117,116.99924596819488,0,0,88.96552930133109,88.96552930133109,87.14167112501545
3059,2021-03-23T00:26:51,2021-03-23T00:44:31,107,48.0,65.6,17.599999999999994,20.66819775,117.43294176136368,17.66666603088379,77.27,25.7,117.78963414634147,-70.19346915887851,-70.0,26.009345794392523,28.0,117.43294176136368,117.11048642676772,0,0,87.46469009717953,87.46469009717953,87.22452362014508
3060,2021-03-23T00:44:42,2021-03-23T01:06:42,133,65.6,87.6,22.0,25.77195130555556,117.14523320707073,22.0,103.29,34.36,117.9109589041096,-70.28723676691729,-70.20001,27.338345864661655,29.0,117.14523320707073,117.16636660353541,0,0,87.25040321002415,87.25040321002415,87.26614347799972
3062,2021-03-23T16:59:34,2021-03-23T17:28:14,173,14.0,43.6,29.6,33.69000066666666,113.8175698198198,28.66666603088379,51.31,17.07,117.68348623853211,-70.51387421965318,-70.5,23.98843930635838,26.0,113.8175698198198,117.08935303030304,0,0,84.77194152331035,84.77194152331035,87.20878335216949
3063,2021-03-23T17:28:25,2021-03-23T17:56:05,167,44.0,71.6,27.599999999999994,32.512639319444446,117.7994178240741,27.66666603088379,84.49,28.11,118.00279329608938,-70.50958179640719,-70.39999,27.362275449101798,29.0,117.7994178240741,117.16636660353541,0,0,87.7376434505762,87.7376434505762,87.26614347799972
3064,2021-03-23T17:56:16,2021-03-23T18:27:56,191,72.0,97.2,25.200000000000003,30.926393166666667,122.72378240740741,31.66666603088379,114.64,38.13,117.94238683127573,-58.586919109947644,-42.60001,28.94764397905759,30.0,122.72378240740741,117.21446664839183,0,0,91.4053368230374,91.4053368230374,87.30196865153218
3066,2021-03-24T06:45:01,2021-03-24T07:35:19,378,61.6,97.6,35.99999999999999,43.533199869444445,120.92555519290126,50.29999923706055,113.96,37.88,116.76229508196721,-51.894450899470904,-17.89999,22.6005291005291,24.0,120.92555519290126,117.2712292675875,0,0,90.0660074689222,90.0660074689222,87.3442457572794
3069,2021-03-24T19:51:47,2021-03-24T20:35:09,262,54.4,94.0,39.6,47.17863585833334,119.13796933922559,43.36666488647461,110.83,36.87,117.90425531914894,-65.2591561832061,-43.0,30.91793893129771,33.0,119.13796933922559,117.2712292675875,0,0,88.73460385790165,88.73460385790165,87.3442457572794
3072,2021-03-25T03:31:06,2021-03-25T03:58:46,167,56.0,83.6,27.599999999999994,32.54458695833333,117.9151701388889,27.66666603088379,98.54,32.78,117.8708133971292,-70.57845095808382,-70.5,28.410179640718564,30.0,117.9151701388889,117.2712292675875,0,0,87.82385640063481,87.82385640063481,87.3442457572794
3073,2021-03-25T03:58:57,2021-03-25T04:19:37,125,83.6,97.6,14.0,17.131944791666665,122.37103422619046,20.66666603088379,115.11,38.29,117.94057377049181,-49.794401040000004,-42.89999,29.496,31.0,122.37103422619046,117.36698349987753,0,0,91.14260807001696,91.14260807001696,87.41556402732462
3074,2021-03-25T13:43:55,2021-03-25T15:09:10,640,18.8,97.6,78.8,92.80150813472223,117.76841133847999,85.25,115.07,38.28,117.89959016393442,-65.29814050000002,-42.60001,33.525,37.0,117.76841133847999,117.60067654992184,0,0,87.7145496524237,87.7145496524237,87.58961987480161
3076,2021-03-26T14:38:42,2021-03-26T15:05:32,162,48.0,75.2,27.200000000000003,31.346809277777776,115.24562234477123,26.83333396911621,88.65,29.49,117.88563829787235,-70.09260092592592,-70.0,31.700617283950617,33.0,115.24562234477123,117.36698349987753,0,0,85.83556276675318,85.83556276675318,87.41556402732462
3077,2021-03-26T15:05:43,2021-03-26T15:32:53,164,75.6,96.4,20.80000000000001,25.400278250000003,122.11672235576918,27.16666603088379,113.71,37.82,117.95643153526969,-56.10000103658537,-42.39999,33.298780487804876,34.0,122.11672235576918,117.36698349987753,0,0,90.95319521361733,90.95319521361733,87.41556402732462
3079,2021-03-26T23:12:39,2021-03-26T23:42:39,181,38.8,56.0,17.200000000000003,19.67639055,114.39761947674417,30.0,65.95,21.94,117.76785714285714,-39.260224342541434,-5.100006,30.988950276243095,33.0,114.39761947674417,117.36698349987753,0,0,85.20396564467625,85.20396564467625,87.41556402732462
3080,2021-03-26T23:42:50,2021-03-27T00:11:00,170,56.0,72.0,16.0,18.794307208333333,117.46442005208333,28.16666603088379,84.87,28.23,117.87500000000001,-40.03529764705882,-40.0,32.044117647058826,34.0,117.46442005208333,117.4486809067235,0,0,87.48813529834104,87.48813529834104,87.47641269776028
3083,2021-03-27T07:22:28,2021-03-27T07:54:48,195,34.8,67.6,32.8,38.17458740277778,116.38593720359081,32.33333206176758,79.6,26.48,117.75147928994083,-70.83949471794872,-70.70001,29.9,33.0,116.38593720359081,117.36698349987753,0,0,86.6848754403856,86.6848754403856,87.41556402732462
3084,2021-03-27T07:54:59,2021-03-27T08:26:49,192,68.0,95.2,27.200000000000003,32.87236480555556,120.85428237336603,31.83333396911621,112.29,37.36,117.9516806722689,-61.93281942708334,-43.20001,32.265625,34.0,120.85428237336603,117.4486809067235,0,0,90.0129230874914,90.0129230874914,87.47641269776028
3087,2021-03-28T00:30:18,2021-03-28T00:57:28,164,23.6,51.6,28.0,32.16625190277778,114.87947108134921,27.16666603088379,60.73,20.2,117.69379844961239,-71.04207737804879,-71.0,32.5609756097561,35.0,114.87947108134921,117.4486809067235,0,0,85.562851325623,85.562851325623,87.47641269776028
3088,2021-03-28T00:57:39,2021-03-28T01:29:29,192,51.6,83.6,31.999999999999993,37.754311055555576,117.98222204861119,31.83333396911621,98.59,32.79,117.93062200956939,-71.15990619791667,-71.0,35.84375,38.0,117.98222204861119,117.61641569528166,0,0,87.8737970256104,87.8737970256104,87.60134247538237
3089,2021-03-28T01:29:40,2021-03-28T01:49:50,122,84.0,97.6,13.599999999999994,17.490001958333334,128.60295557598045,20.16666603088379,115.07,38.28,117.89959016393442,-52.07787467213115,-43.0,37.0,38.0,128.60295557598045,117.78391458127705,0,0,95.78417679335716,95.78417679335716,87.72609655149995
3091,2021-03-28T07:28:23,2021-03-28T08:05:36,280,67.6,97.6,30.0,36.229280494444446,120.76426831481483,37.21666717529297,115.12,38.3,117.95081967213116,-58.3953615,-42.0,32.275,34.0,120.76426831481483,117.85729398148149,0,0,89.94588012988952,89.94588012988952,87.7807499256055
3092,2021-03-28T17:05:11,2021-03-28T18:03:21,437,15.6,74.0,58.4,67.9128790875,116.2891765196918,58.16666793823242,87.24,29.02,117.89189189189189,-70.05332228832953,-69.80002,36.78947368421053,40.0,116.2891765196918,117.78391458127705,0,0,86.61280755973915,86.61280755973915,87.72609655149995
3093,2021-03-28T19:28:32,2021-03-28T19:47:52,117,59.6,71.2,11.600000000000001,13.94027977777778,120.17482567049808,19.33333396911621,83.97,27.93,117.93539325842696,-43.26581820512819,-42.60001,38.0,39.0,120.17482567049808,117.78391458127705,0,0,89.50686006071683,89.50686006071683,87.72609655149995
3094,2021-03-28T19:48:03,2021-03-28T20:19:53,192,71.6,90.0,18.400000000000006,22.160419333333337,120.43706159420289,31.83333396911621,106.08,35.29,117.86666666666666,-41.76823416666667,-40.89999,38.0,39.0,120.43706159420289,117.85729398148149,0,0,89.70217479485504,89.70217479485504,87.7807499256055
3096,2021-03-29T02:38:58,2021-03-29T03:02:58,145,37.6,61.6,24.0,28.02958563888889,116.78994016203704,24.0,72.68,24.17,117.987012987013,-70.07448855172413,-69.80002,33.98620689655172,37.0,116.78994016203704,117.85729398148149,0,0,86.98577902867048,86.98577902867048,87.7807499256055
3097,2021-03-29T03:03:09,2021-03-29T03:29:19,158,62.0,87.6,25.599999999999994,30.552502027777777,119.34571104600697,26.16666603088379,103.4,34.39,118.03652968036532,-70.05759962025316,-69.80002,35.7246835443038,38.0,119.34571104600697,117.92113489583335,0,0,88.88933100457244,88.88933100457244,87.82829898386424
3098,2021-03-29T03:29:30,2021-03-29T03:46:20,102,88.0,98.0,10.0,12.340002125,123.40002125,16.83333396911621,115.54,38.43,117.89795918367348,-43.89706637254901,0.0,36.088235294117645,38.0,123.40002125,117.9546608506945,0,0,91.90900317007679,91.90900317007679,87.85326929635204
3100,2021-03-29T15:25:24,2021-03-29T15:52:24,163,26.0,53.6,27.6,31.567226722222227,114.374009863124,27.0,63.11,20.99,117.74253731343283,-70.14970325153375,-70.10001,34.561349693251536,37.0,114.374009863124,117.92113489583335,0,0,85.18638107677197,85.18638107677197,87.82829898386424
3101,2021-03-29T15:52:35,2021-03-29T16:24:05,190,53.6,85.2,31.6,36.82278300000001,116.52779430379749,31.5,100.4,33.4,117.84037558685446,-70.138431,-70.0,37.36842105263158,39.0,116.52779430379749,117.92113489583335,0,0,86.79053137577786,86.79053137577786,87.82829898386424
3102,2021-03-29T16:24:16,2021-03-29T16:42:16,109,85.2,96.8,11.599999999999994,14.543749597222222,125.37715170019163,18.0,114.11,37.96,117.88223140495867,-48.551374862385316,-42.39999,38.0,39.0,125.37715170019163,117.92113489583335,0,0,93.38158062163309,93.38158062163309,87.82829898386424
3103,2021-03-30T03:46:10,2021-03-30T04:08:40,136,66.4,88.4,22.0,26.231804402777783,119.23547455808084,22.5,104.34,34.7,118.03167420814479,-69.9514675,-69.80002,31.28676470588235,33.0,119.23547455808084,117.9546608506945,0,0,88.80722627220992,88.80722627220992,87.85326929635204
3105,2021-03-30T10:01:37,2021-03-30T10:55:31,405,51.2,97.6,46.39999999999999,55.389256425,119.37339746767243,53.900001525878906,115.05,38.27,117.87909836065573,-61.64741454320988,-42.0,32.382716049382715,34.0,119.37339746767243,118.2954966777147,0,0,88.9099520011561,88.9099520011561,88.10712566354512
3106,2021-03-30T19:37:58,2021-03-30T20:15:20,281,38.4,70.4,32.00000000000001,37.389210713888886,116.84128348090275,37.36666488647461,83.04,27.62,117.95454545454545,-60.03594686832741,-59.80002,34.87544483985765,37.0,116.84128348090275,117.9546608506945,0,0,87.02401981022456,87.02401981022456,87.85326929635204
3107,2021-03-30T20:15:31,2021-03-30T20:52:13,276,70.8,97.6,26.799999999999997,32.80316990277778,122.39988769693204,36.70000076293945,115.12,38.3,117.95081967213116,-53.62210673913044,-42.10001,36.0,37.0,122.39988769693204,118.3140294270834,0,0,91.16409829106387,91.16409829106387,88.12092895549941
3108,2021-03-31T02:03:23,2021-03-31T03:11:09,509,40.0,95.2,55.2,65.10472696111111,117.94334594404187,67.76667022705078,112.26,37.34,117.92016806722688,-57.62947373280944,-42.10001,35.31925343811395,38.0,117.94334594404187,118.3140294270834,0,0,87.84484189268652,87.84484189268652,88.12092895549941
3110,2021-03-31T07:04:10,2021-03-31T07:31:40,166,73.6,96.0,22.400000000000006,26.70847319444444,119.23425533234122,27.5,113.23,37.66,117.94791666666667,-58.26084548192771,-42.30002,35.47289156626506,37.0,119.23425533234122,118.89190307239059,0,0,88.80631818628551,88.80631818628551,88.55133237164503
3113,2021-03-31T15:13:40,2021-03-31T15:43:40,181,57.2,86.8,29.599999999999994,34.95610822222222,118.09496021021023,30.0,102.36,34.05,117.92626728110599,-69.91214900552485,-69.80002,35.19889502762431,37.0,118.09496021021023,118.37039850788292,0,0,87.95776501805346,87.95776501805346,88.16291295172094
3114,2021-03-31T15:43:51,2021-03-31T16:01:11,105,86.8,97.6,10.799999999999997,13.279997652777775,122.96294122942388,17.33333396911621,115.12,38.3,117.95081967213116,-46.066658571428576,-42.30002,36.0,37.0,122.96294122942388,118.37039850788292,0,0,91.58346360703796,91.58346360703796,88.16291295172094
3115,2021-03-31T19:02:27,2021-03-31T19:22:37,122,74.8,92.4,17.60000000000001,20.72666829166667,117.76516074810603,20.16666603088379,108.92,36.23,117.87878787878788,-61.62049663934427,-42.10001,35.795081967213115,37.0,117.76516074810603,118.03859112941072,0,0,87.71212859513409,87.71212859513409,87.91578102183193
3118,2021-04-01T04:51:49,2021-04-01T05:16:49,151,5.6,30.8,25.200000000000003,29.183612805555555,115.80798732363316,25.0,36.29,12.07,117.82467532467533,-70.04106370860927,-70.0,33.69867549668874,36.0,115.80798732363316,117.96278399632652,0,0,86.25441524426004,86.25441524426004,87.85931945914845
3121,2021-04-01T05:26:18,2021-04-01T05:58:58,197,39.2,71.6,32.39999999999999,38.126529319444444,117.6744732081619,32.66666793823242,84.35,28.06,117.8072625698324,-70.02842923857868,-69.89999,37.09137055837564,39.0,117.6744732081619,117.93522279840982,0,0,87.6445840249486,87.6445840249486,87.83879172989009
3122,2021-04-01T05:59:09,2021-04-01T06:23:09,145,72.0,92.8,20.799999999999997,25.05638973611111,120.4634121928419,24.0,109.4,36.39,117.88793103448278,-62.596553793103446,-42.30002,38.53103448275862,40.0,120.4634121928419,117.96278399632652,0,0,89.72180086322452,89.72180086322452,87.85931945914845
3124,2021-04-01T12:10:23,2021-04-01T12:49:30,236,58.0,93.6,35.599999999999994,42.51507708472222,119.42437383348941,39.11666488647461,110.37,36.71,117.91666666666669,-65.18136762711866,-42.5,36.03389830508475,38.0,119.42437383348941,117.96278399632652,0,0,88.94791947409502,88.94791947409502,87.85931945914845
3125,2021-04-01T17:56:05,2021-04-01T20:01:31,941,45.2,95.2,50.0,59.52586598194445,119.0517319638889,125.43333435058594,112.25,37.34,117.90966386554621,-28.468772242295433,-21.0,35.44686503719447,37.0,119.0517319638889,118.03859112941072,0,0,88.67037379438212,88.67037379438212,87.91578102183193
3126,2021-04-02T02:36:50,2021-04-02T03:02:20,154,40.0,65.6,25.599999999999994,29.773473569444445,116.30263113064238,25.5,77.31,25.72,117.85060975609758,-70.05519798701299,-69.89999,33.04220779220779,36.0,116.30263113064238,118.03859112941072,0,0,86.62282862673723,86.62282862673723,87.91578102183193
3127,2021-04-02T03:02:31,2021-04-02T03:25:01,136,65.6,88.0,22.400000000000006,26.252778458333335,117.19990383184522,22.5,103.82,34.53,117.97727272727272,-70.0080900735294,-69.80002,34.591911764705884,36.0,117.19990383184522,118.03859112941072,0,0,87.29112218701304,87.29112218701304,87.91578102183193
3128,2021-04-02T12:59:52,2021-04-02T14:32:42,698,8.8,96.0,87.2,102.86106139666666,117.95993279434249,92.83333587646484,113.159996,37.64,117.87499583333334,-66.45072010888252,-42.30002,34.644699140401144,38.0,117.95993279434249,118.03859112941072,0,0,87.85719586849154,87.85719586849154,87.91578102183193
3132,2021-04-03T01:41:47,2021-04-03T02:13:37,192,33.6,66.0,32.4,37.167085500000006,114.71322685185187,31.83333396911621,77.75,25.86,117.8030303030303,-70.05364994791667,-69.80002,34.9140625,38.0,114.71322685185187,117.97107742147685,0,0,85.4390317244503,85.4390317244503,87.86549644705097
3133,2021-04-03T02:13:48,2021-04-03T02:35:18,130,66.0,87.2,21.200000000000003,25.092918472222223,118.36282298218029,21.5,102.82,34.2,117.91284403669724,-70.02769738461538,-69.80002,36.9,39.0,118.36282298218029,117.97107742147685,0,0,88.15727065920944,88.15727065920944,87.86549644705097
3135,2021-04-03T07:40:11,2021-04-03T08:07:51,167,64.0,90.4,26.400000000000006,31.359309000000003,118.78526136363635,27.66666603088379,106.59,35.45,117.90929203539822,-67.94072598802396,-42.89999,34.122754491017965,36.0,118.78526136363635,118.03859112941072,0,0,88.47190505025017,88.47190505025017,87.91578102183193
3137,2021-04-03T17:27:50,2021-04-03T18:33:53,496,30.0,93.2,63.2,74.15997875972224,117.3417385438643,66.05000305175781,109.88,36.55,117.89699570815449,-67.34960270161291,-42.20001,36.662298387096776,39.0,117.3417385438643,117.97107742147685,0,0,87.39676144756211,87.39676144756211,87.86549644705097
3138,2021-04-04T08:11:03,2021-04-04T09:11:03,451,19.6,79.6,59.99999999999999,70.07478217333333,116.79130362222223,60.0,93.93,31.24,118.00251256281409,-70.07494897117516,-70.0,31.519955654101995,35.0,116.79130362222223,117.97107742147685,0,0,86.98679454118995,86.98679454118995,87.86549644705097
3140,2021-04-04T09:14:51,2021-04-04T09:40:43,195,78.8,97.6,18.799999999999997,22.256110640000003,118.38356723404259,25.866666793823242,115.11,38.29,117.94057377049181,-51.64871686153847,-42.399994,34.733333333333334,36.0,118.38356723404259,118.03859112941072,0,0,88.17272109018069,88.17272109018069,87.91578102183193
3141,2021-04-04T21:28:50,2021-04-04T22:33:57,489,36.0,97.6,61.599999999999994,73.12815670694444,118.71454010867603,65.11666870117188,115.08,38.28,117.90983606557377,-67.36707928425358,-43.20001,29.823108384458077,33.0,118.71454010867603,118.22889159619527,0,0,88.41923147709761,88.41923147709761,88.05751783863145
3144,2021-04-05T17:00:48,2021-04-05T17:23:06,168,56.0,74.8,18.799999999999997,22.277750025,118.4986703457447,22.299999237060547,88.21,29.34,117.92780748663101,-59.93988107142858,-59.70001,27.779761904761905,29.0,118.4986703457447,118.37319510811145,0,0,88.25845051025009,88.25845051025009,88.16499587469507
3146,2021-04-06T11:25:14,2021-04-06T11:51:34,159,26.4,36.4,10.0,11.411805625,114.11805625,26.33333396911621,42.78,14.23,117.52747252747254,-26.001886981132078,-26.0,27.01572327044025,28.0,114.11805625,118.22889159619527,0,0,84.99574544152885,84.99574544152885,88.05751783863145
3147,2021-04-06T11:51:45,2021-04-06T12:19:25,167,36.4,46.8,10.399999999999999,11.988888888888889,115.2777777777778,27.66666603088379,55.09,18.32,117.71367521367523,-26.0,-26.0,27.850299401197606,29.0,115.2777777777778,118.03859112941072,0,0,85.85951230715196,85.85951230715196,87.91578102183193
3148,2021-04-06T12:19:36,2021-04-06T12:48:46,176,46.8,58.0,11.200000000000003,12.63888888888889,112.8472222222222,29.16666603088379,68.27,22.71,117.70689655172414,-26.0,-26.0,28.588068181818183,30.0,112.8472222222222,117.97107742147685,0,0,84.04922138501317,84.04922138501317,87.86549644705097
3150,2021-04-06T17:12:24,2021-04-06T17:32:54,124,23.6,44.0,20.4,23.936390277777782,117.33524645969501,20.5,51.89,17.26,117.93181818181819,-70.05645572580646,-69.80002,31.22983870967742,33.0,117.33524645969501,117.97107742147685,0,0,87.39192610816386,87.39192610816386,87.86549644705097
3151,2021-04-06T17:33:05,2021-04-06T18:02:45,179,44.0,74.0,30.0,34.62305772222222,115.41019240740741,29.66666603088379,87.28,29.03,117.94594594594595,-70.02346810055866,-69.80002,34.064245810055866,36.0,115.41019240740741,117.95163936919218,0,0,85.95813543939386,85.95813543939386,87.85101888058904
3152,2021-04-06T18:02:56,2021-04-06T18:33:26,184,74.0,97.6,23.599999999999994,29.023058847222227,122.97906291195862,30.5,115.14,38.3,117.97131147540983,-57.08913690217391,-42.10001,35.05163043478261,36.0,122.97906291195862,117.97107742147685,0,0,91.59547112337533,91.59547112337533,87.86549644705097
3154,2021-04-06T22:40:57,2021-04-06T23:06:37,155,68.8,92.0,23.200000000000003,27.330697236111114,117.80472946599616,25.66666603088379,108.52,36.1,117.95652173913042,-63.70323225806452,0.0,35.79032258064516,37.0,117.80472946599616,117.97107742147685,0,0,87.74159959020493,87.74159959020493,87.86549644705097
3155,2021-04-07T21:54:24,2021-04-07T23:24:28,676,24.4,97.6,73.19999999999999,86.17152399583333,117.72066119649364,90.06666564941406,115.12,38.3,117.95081967213116,-57.39734402366865,-42.20001,32.178254437869825,35.0,117.72066119649364,117.95163936919218,0,0,87.67898508844114,87.67898508844114,87.85101888058904
3156,2021-04-08T08:09:13,2021-04-08T08:51:55,321,62.0,97.6,35.599999999999994,42.92398955694445,120.57300437343949,42.70000076293945,115.12,38.3,117.95081967213116,-60.3053007788162,-42.20001,29.258566978193148,31.0,120.57300437343949,117.97107742147685,0,0,89.80342571200435,89.80342571200435,87.86549644705097
3158,2021-05-07T15:12:09,2021-05-07T16:00:11,361,55.6,84.4,28.800000000000004,33.90925502222223,117.74046882716051,48.03333282470703,99.53,33.11,117.92654028436019,-42.357623961218835,-41.0,33.337950138504155,35.0,117.74046882716051,117.97107742147685,0,0,87.69373791888081,87.69373791888081,87.86549644705097
3159,2021-05-08T11:38:17,2021-05-08T12:16:19,286,36.0,74.0,38.0,44.27610012638889,116.51605296418128,38.03333282470703,87.28,29.03,117.94594594594595,-69.84790671328672,-69.60001,31.555944055944057,34.0,116.51605296418128,117.97107742147685,0,0,86.78178636253494,86.78178636253494,87.86549644705097
3161,2021-05-08T14:24:16,2021-05-08T14:41:37,131,78.4,93.2,14.799999999999997,17.86458431388889,120.70665076951956,17.350000381469727,109.9,36.56,117.91845493562232,-61.5435148854962,-21.70001,32.30534351145038,33.0,120.70665076951956,117.97107742147685,0,0,89.9029662705599,89.9029662705599,87.86549644705097
3162,2021-05-08T21:37:39,2021-05-08T22:20:52,325,38.0,80.8,42.8,50.42189019999999,117.80815467289719,43.21666717529297,95.27,31.68,117.90841584158416,-70.00338643076924,-69.80002,37.19846153846154,39.0,117.80815467289719,117.97107742147685,0,0,87.74415070282822,87.74415070282822,87.86549644705097
3163,2021-05-09T02:06:35,2021-05-09T02:22:52,123,62.4,78.4,16.000000000000007,19.06672643611111,119.1670402256944,16.28333282470703,92.47,30.76,117.94642857142857,-70.25611308943091,-70.10001,36.80487804878049,38.0,119.1670402256944,118.02744650227636,0,0,88.75625601135798,88.75625601135798,87.9074804432725
3165,2021-05-09T17:26:26,2021-05-09T17:54:46,171,31.6,60.0,28.4,33.05819523611111,116.4020959017997,28.33333396911621,70.7,23.51,117.83333333333334,-70.00526479532165,-69.80002,38.12280701754386,41.0,116.4020959017997,117.95163936919218,0,0,86.69691052619726,86.69691052619726,87.85101888058904
3166,2021-05-09T17:54:57,2021-05-09T18:21:47,162,60.4,86.8,26.4,31.298473819444446,118.5548250736532,26.83333396911621,102.42,34.07,117.99539170506912,-69.98457148148148,-69.80002,40.351851851851855,42.0,118.5548250736532,117.95163936919218,0,0,88.30027485527918,88.30027485527918,87.85101888058904
3167,2021-05-09T18:21:58,2021-05-09T18:39:18,105,87.2,97.6,10.399999999999991,13.381669125,128.6698954326924,17.33333396911621,115.15,38.3,117.98155737704919,-46.41524666666667,-42.10001,40.99523809523809,42.0,128.6698954326924,118.02744650227636,0,0,95.83403396064469,95.83403396064469,87.9074804432725
3168,2021-05-10T01:15:59,2021-05-10T02:21:51,495,17.6,83.6,66.0,76.92567122444446,116.55404730976433,65.86666870117188,98.64,32.809998,117.99043062200957,-70.07394354343435,-69.899994,39.170707070707074,42.0,116.55404730976433,117.95163936919218,0,0,86.81008475659732,86.81008475659732,87.85101888058904
3169,2021-05-10T06:54:20,2021-05-10T07:32:36,288,65.6,97.6,32.0,38.55488983111112,120.48403072222224,38.266666412353516,115.049995,38.27,117.87909323770492,-60.43750147916666,-42.30002,36.260416666666664,38.0,120.48403072222224,117.95163936919218,0,0,89.7371576554113,89.7371576554113,87.85101888058904
3170,2021-05-11T12:11:23,2021-05-11T12:52:53,312,34.0,76.0,42.0,48.38993120416667,115.21412191468255,41.5,103.31,34.35,135.93421052631578,-69.96121884615386,-69.70001,37.19711538461539,39.0,115.21412191468255,117.95163936919218,0,1,85.8121010760699,85.8121010760699,87.85101888058904
3171,2021-05-11T17:31:26,2021-05-11T17:54:04,138,42.0,54.4,12.399999999999999,14.709640269444446,118.62613120519715,22.633333206176758,73.93,24.58,135.90073529411765,-38.69638050724638,-5.0,38.90942028985507,40.0,118.62613120519715,117.95163936919218,0,0,88.35338404767423,88.35338404767423,87.85101888058904
3172,2021-05-11T17:54:15,2021-05-11T18:23:55,179,54.8,71.6,16.799999999999997,19.82944938888889,118.03243683862435,29.66666603088379,97.29,32.35,135.87988826815644,-40.10447927374302,-40.10001,39.93296089385475,41.0,118.03243683862435,117.95163936919218,0,0,87.91119727277206,87.91119727277206,87.85101888058904
3173,2021-05-11T18:24:06,2021-05-11T18:56:26,195,71.6,90.0,18.400000000000006,21.597643097222228,117.37849509359903,32.33333206176758,122.38,40.7,135.97777777777776,-40.07795651282051,-40.0,40.0,41.0,117.37849509359903,117.95163936919218,0,0,87.4241379245827,87.4241379245827,87.85101888058904
3176,2021-05-12T07:19:27,2021-05-12T07:48:57,178,56.8,86.0,29.200000000000003,34.48819933333334,118.11027168949772,29.5,116.88,38.87,135.90697674418604,-70.14551556179775,-70.0,34.89325842696629,36.0,118.11027168949772,117.99618481648342,0,0,87.96916909063074,87.96916909063074,87.8841965706318
3177,2021-05-12T07:49:08,2021-05-12T08:07:08,109,86.4,98.0,11.599999999999994,14.234860541666666,122.71431501436788,18.0,133.21,44.3,135.92857142857144,-47.53119082568807,-42.39999,35.99082568807339,37.0,122.71431501436788,117.99618481648342,0,0,91.39828545750221,91.39828545750221,87.8841965706318
3178,2021-05-12T14:25:34,2021-05-12T15:07:04,312,62.0,97.6,35.599999999999994,42.423725469444456,119.16776817259681,41.5,132.69,44.13,135.952868852459,-61.31186362179487,-42.10001,37.52564102564103,39.0,119.16776817259681,117.99618481648342,0,0,88.7567981901476,88.7567981901476,87.8841965706318
3180,2021-05-12T18:27:34,2021-05-12T18:53:34,157,70.8,92.0,21.200000000000003,25.31486113888889,119.40972235324946,26.0,125.11,41.6,135.9891304347826,-58.378344012738836,-43.20001,39.047770700636946,40.0,119.40972235324946,117.99618481648342,0,0,88.9370069723776,88.9370069723776,87.8841965706318
3183,2021-05-13T02:13:04,2021-05-13T02:46:44,203,22.4,56.4,34.0,39.562500416666666,116.36029534313724,33.66666793823242,76.67,25.5,135.93971631205676,-70.50738990147784,-70.39999,40.49753694581281,44.0,116.36029534313724,117.99618481648342,0,0,86.66577724404948,86.66577724404948,87.8841965706318
3184,2021-05-13T02:46:55,2021-05-13T03:14:25,166,56.8,83.2,26.400000000000006,31.370141013888883,118.82629171927604,27.5,113.06,37.6,135.88942307692307,-68.4385588554217,-64.60001,42.94879518072289,45.0,118.82629171927604,117.99618481648342,0,0,88.50246468102137,88.50246468102137,87.8841965706318
3186,2021-05-13T12:15:14,2021-05-13T12:45:54,185,32.4,44.8,12.399999999999999,14.28625327777778,115.21171998207889,30.66666603088379,60.82,20.22,135.75892857142858,-27.951357783783784,-27.60001,36.045945945945945,37.0,115.21171998207889,117.99618481648342,0,0,85.8103121036771,85.8103121036771,87.8841965706318
3188,2021-05-13T15:33:53,2021-05-13T17:38:30,936,27.2,68.0,40.8,46.93896521388889,115.04648336737475,124.61666870117188,92.37,30.71,135.83823529411765,-22.60001,-22.60001,36.80181623931624,39.0,115.04648336737475,117.88404373361985,0,0,85.68724297945153,85.68724297945153,87.80067328565988
3189,2021-05-14T01:02:51,2021-05-14T01:22:01,116,8.8,28.0,19.2,22.354444916666665,116.42940060763888,19.16666603088379,37.9,12.6,135.35714285714283,-69.97931181034483,-69.70001,35.19827586206897,37.0,116.42940060763888,117.80644206944667,0,0,86.7172472187692,86.7172472187692,87.74287514651658
3190,2021-05-14T01:22:12,2021-05-14T01:48:02,156,28.0,54.4,26.4,30.115278833333335,114.07302588383838,25.83333396911621,73.93,24.58,135.90073529411765,-69.94487416666666,-69.70001,37.33974358974359,40.0,114.07302588383838,117.7849451070511,0,0,84.96220658128901,84.96220658128901,87.7268640926695
3191,2021-05-14T01:48:13,2021-05-14T02:15:33,165,54.4,81.6,27.199999999999996,31.870835694444448,117.1721900531046,27.33333396911621,110.91,36.88,135.91911764705884,-69.96061121212121,-69.60001,39.92121212121212,42.0,117.1721900531046,117.77259914657833,0,0,87.27048081473188,87.27048081473188,87.71766875454287
3194,2021-05-14T07:43:09,2021-05-14T08:12:59,180,36.4,56.0,19.6,22.38430744444444,114.20565022675733,29.83333396911621,76.0,25.27,135.7142857142857,-45.01833716666667,-44.20001,37.24722222222222,40.0,114.20565022675733,117.77259914657833,0,0,85.06098590912293,85.06098590912293,87.71766875454287
3195,2021-05-14T08:13:10,2021-05-14T08:44:10,187,56.0,75.2,19.200000000000003,22.279725305555555,116.04023596643516,31.0,102.23,34.0,135.94414893617022,-43.12246588235294,-42.20001,38.5,40.0,116.04023596643516,117.77259914657833,0,0,86.42739528941166,86.42739528941166,87.71766875454287
3196,2021-05-14T08:44:21,2021-05-14T09:16:41,195,75.6,94.0,18.400000000000006,22.274308486111114,121.05602438103863,32.33333206176758,127.84,42.51,136.0,-41.333851589743595,-40.5,38.5,40.0,121.05602438103863,117.77259914657833,0,0,90.1631816258198,90.1631816258198,87.71766875454287
3199,2021-05-15T08:25:58,2021-05-15T08:56:08,182,16.8,34.0,17.2,20.06568990277778,116.66098780684757,30.16666603088379,46.12,15.33,135.6470588235294,-39.909881098901096,-39.89999,30.439560439560438,32.0,116.66098780684757,117.73056501182708,0,0,86.88973461715544,86.88973461715544,87.68636150366098
3200,2021-05-15T08:56:19,2021-05-15T09:26:39,183,34.4,52.0,17.6,20.19055238888889,114.7190476641414,30.33333396911621,70.64,23.49,135.84615384615384,-39.93769868852459,-39.89999,32.31693989071038,34.0,114.7190476641414,117.54957814504633,0,0,85.4433670969223,85.4433670969223,87.55156150651192
3201,2021-05-15T09:26:50,2021-05-15T09:57:10,183,52.0,69.2,17.200000000000003,20.18971897222222,117.38208704780358,30.33333396911621,94.03,31.27,135.8815028901734,-39.935512677595625,-39.89999,34.10109289617486,35.0,117.38208704780358,117.55137412214862,0,0,87.42681323149941,87.42681323149941,87.55289915997028
3202,2021-05-15T09:57:21,2021-05-15T10:27:51,184,69.6,86.4,16.80000000000001,20.3116645,120.90276488095229,30.5,117.41,39.04,135.8912037037037,-39.95760445652174,-39.89999,34.50271739130435,35.0,120.90276488095229,117.73056501182708,0,0,90.04903312133338,90.04903312133338,87.68636150366098
3203,2021-05-15T10:28:02,2021-05-15T10:49:02,127,86.4,98.0,11.599999999999994,13.982914958333335,120.54237033045986,21.0,133.21,44.3,135.92857142857144,-39.95117622047244,-39.89999,35.40944881889764,36.0,120.54237033045986,117.73056501182708,0,0,89.78060931112527,89.78060931112527,87.68636150366098
3204,2021-05-15T21:07:00,2021-05-15T21:26:20,117,19.2,35.6,16.400000000000002,19.35097393055556,117.9937434789973,19.33333396911621,48.29,16.06,135.64606741573033,-60.05470615384615,-59.89999,36.69230769230769,38.0,117.9937434789973,117.77259914657833,0,0,87.88237824926948,87.88237824926948,87.71766875454287
3205,2021-05-15T21:26:31,2021-05-15T22:05:00,232,36.0,69.2,33.2,38.52943480416667,116.05251447038152,38.483333587646484,94.07,31.28,135.9393063583815,-60.07198939655172,-60.0,38.855603448275865,41.0,116.05251447038152,117.73056501182708,0,0,86.43654038555263,86.43654038555263,87.68636150366098
3206,2021-05-15T22:05:11,2021-05-15T22:36:31,189,69.6,94.0,24.400000000000006,29.42861476388889,120.60907690118395,31.33333396911621,127.78,42.5,135.93617021276597,-56.32540386243386,-42.30002,40.0,41.0,120.60907690118395,117.73056501182708,0,0,89.83029272574741,89.83029272574741,87.68636150366098
3209,2021-05-16T19:46:23,2021-05-16T20:16:43,183,25.2,45.2,20.000000000000004,23.154454555555564,115.7722727777778,30.33333396911621,61.3,20.39,135.61946902654867,-45.800019999999996,-45.80002,36.36338797814208,38.0,115.7722727777778,117.73056501182708,0,0,86.22781485736392,86.22781485736392,87.68636150366098
3210,2021-05-16T20:16:54,2021-05-16T20:36:04,116,45.2,58.4,13.199999999999996,14.630561944444452,110.83759048821558,19.16666603088379,79.28,26.36,135.75342465753425,-45.800019999999996,-45.80002,37.900862068965516,39.0,110.83759048821558,117.73056501182708,0,0,82.55243680150565,82.55243680150565,87.68636150366098
3212,2021-05-16T21:17:06,2021-05-16T21:47:26,183,65.6,85.6,20.0,23.154454555555564,115.77227277777781,30.33333396911621,116.38,38.7,135.95794392523365,-45.800019999999996,-45.80002,38.20765027322405,39.0,115.77227277777781,117.55137412214862,0,0,86.22781485736394,86.22781485736394,87.55289915997028
3213,2021-05-16T21:47:37,2021-05-16T22:07:17,119,85.6,97.6,12.0,14.486529791666666,120.72108159722222,19.66666603088379,132.78,44.15,136.04508196721312,-44.19748512605042,-42.89999,38.5,39.0,120.72108159722222,117.55137412214862,0,0,89.91371442907426,89.91371442907426,87.55289915997028
3215,2021-05-17T04:12:36,2021-05-17T04:42:06,178,35.6,65.6,29.999999999999993,34.441946305555554,114.8064876851852,29.5,89.16,29.65,135.91463414634148,-70.05112735955056,-69.80002,38.69662921348315,41.0,114.8064876851852,117.3802910707013,0,0,85.50849289746836,85.50849289746836,87.42547557804104
3216,2021-05-17T04:42:17,2021-05-17T05:02:57,125,65.6,86.4,20.80000000000001,24.125973291666668,115.99025620993585,20.66666603088379,117.56,39.1,136.0648148148148,-70.04240304000001,-69.80002,40.384,42.0,115.99025620993585,117.3802910707013,0,0,86.39017009648215,86.39017009648215,87.42547557804104
3218,2021-05-17T10:13:18,2021-05-17T10:53:16,301,61.6,97.6,35.99999999999999,41.20046092638889,114.44572479552473,39.96666717529297,132.72,44.14,135.98360655737704,-61.80598395348838,-42.10001,37.83720930232558,39.0,114.44572479552473,117.3802910707013,0,0,85.23979474625591,85.23979474625591,87.42547557804104
3219,2021-05-17T19:33:08,2021-05-17T20:51:27,588,25.6,98.0,72.4,84.8956371013889,117.25916726711172,78.31666564941406,133.19,44.29,135.90816326530611,-65.02245823129253,-42.30002,40.25340136054422,43.0,117.25916726711172,117.3802910707013,0,0,87.33526191409416,87.33526191409416,87.42547557804104
3221,2021-05-18T02:04:17,2021-05-18T02:35:17,187,53.6,84.4,30.800000000000004,36.227088444444455,117.62041702741705,31.0,114.87,38.2,136.10189573459715,-70.11712219251336,-70.0,41.38502673796791,44.0,117.62041702741705,117.50125203761031,0,0,87.60432268919587,87.60432268919587,87.51556796034764
3222,2021-05-18T02:35:28,2021-05-18T02:55:08,119,84.8,97.6,12.799999999999997,16.093334069444445,125.72917241753476,19.66666603088379,132.75,44.14,136.01434426229508,-49.15798554621848,-42.30002,42.16386554621849,44.0,125.72917241753476,117.67053911195535,0,0,93.6437675556262,93.6437675556262,87.6416538888185
3224,2021-05-18T21:48:56,2021-05-18T22:17:56,175,56.0,85.2,29.200000000000003,34.22556355555557,117.21083409436837,29.0,115.75,38.49,135.8568075117371,-70.81144514285714,-70.80002,37.285714285714285,39.0,117.21083409436837,117.50125203761031,0,0,87.29926310565078,87.29926310565078,87.51556796034764
3225,2021-05-18T22:18:07,2021-05-18T22:36:37,112,85.6,98.0,12.400000000000006,15.169585291666667,122.3353652553763,18.5,133.21,44.3,135.92857142857144,-49.26786357142857,-43.0,38.0,39.0,122.3353652553763,117.50125203761031,0,0,91.116041627658,91.116041627658,87.51556796034764
3227,2021-05-19T02:05:17,2021-05-19T02:33:07,168,63.2,90.8,27.599999999999994,32.093891819444444,116.28221673711757,27.83333396911621,123.5,41.07,136.01321585903085,-69.10714922619047,-42.30002,37.62797619047619,39.0,116.28221673711757,117.3802910707013,0,0,86.60762387603961,86.60762387603961,87.42547557804104
3233,2021-05-19T10:20:02,2021-05-19T10:46:12,158,28.4,54.8,26.4,30.54930770833333,115.71707465277777,26.16666603088379,74.55,24.79,136.04014598540147,-70.04937202531646,-70.0,37.58227848101266,40.0,115.71707465277777,117.31883118035537,0,0,86.18670299535434,86.18670299535434,87.37969991933844
3234,2021-05-19T10:46:23,2021-05-19T11:16:23,181,55.2,85.2,30.0,35.035975513888886,116.7865850462963,30.0,115.8,38.51,135.91549295774647,-70.07182977900553,-70.0,40.01657458563536,42.0,116.7865850462963,117.23500068074004,0,0,86.98328012032242,86.98328012032242,87.31726250987248
3236,2021-05-19T19:46:39,2021-05-19T20:33:36,353,24.0,64.8,40.8,46.98476669861111,115.15874190836057,46.95000076293945,88.05,29.28,135.87962962962962,-60.0444795184136,-59.80002,38.97025495750708,42.0,115.15874190836057,117.23500068074004,0,0,85.7708537478681,85.7708537478681,87.31726250987248
3237,2021-05-20T01:30:15,2021-05-20T03:38:37,963,18.0,97.6,79.6,93.60608173750002,117.59558007223622,128.36666870117188,132.74,44.14,136.00409836065575,-43.75203066458983,-40.20001,38.8951194184839,41.0,117.59558007223622,117.23500068074004,0,0,87.58582399065979,87.58582399065979,87.31726250987248
3238,2021-05-20T13:47:33,2021-05-20T14:42:40,414,36.4,90.4,54.00000000000001,63.21536246666667,117.06548604938271,55.11666488647461,122.92,40.87,135.97345132743362,-68.78405944444445,-41.89999,40.29710144927536,43.0,117.06548604938271,117.19151207373648,0,0,87.19100709570823,87.19100709570823,87.28487196019134
3239,2021-05-20T20:20:21,2021-05-20T20:38:51,112,45.6,64.4,18.800000000000004,21.83722430555556,116.15544843380613,18.5,87.61,29.14,136.04037267080744,-70.82322098214287,-70.60001,39.32142857142857,41.0,116.15544843380613,117.11883805124366,0,0,86.51320615817461,86.51320615817461,87.23074395522005
3240,2021-05-20T20:39:02,2021-05-20T21:08:02,175,64.4,92.0,27.599999999999994,32.465136375,117.62730570652175,29.0,125.06,41.59,135.93478260869566,-67.11085194285715,-43.0,40.465714285714284,42.0,117.62730570652175,117.19151207373648,0,0,87.6094534146468,87.6094534146468,87.28487196019134
3242,2021-05-21T04:29:15,2021-05-21T05:47:26,587,25.6,97.6,72.0,85.21167817500002,118.34955302083335,78.18333435058594,132.67,44.12,135.93237704918033,-65.37513657580921,-42.5,38.563032367972745,42.0,118.34955302083335,117.19151207373648,0,0,88.14738712023474,88.14738712023474,87.28487196019134
3243,2021-05-21T17:59:42,2021-05-21T19:38:26,741,9.6,96.8,87.2,102.80952094861112,117.90082677593018,98.73332977294922,131.59,43.76,135.94008264462812,-62.47044963562753,-42.70001,44.13900134952767,47.0,117.90082677593018,117.19151207373648,0,0,87.81317338633474,87.81317338633474,87.28487196019134
3244,2021-05-22T01:39:36,2021-05-22T02:13:37,256,53.2,86.8,33.599999999999994,39.57572574444445,117.78489804894183,34.016666412353516,118.11,39.28,136.07142857142858,-69.8054749609375,-69.60001,40.1015625,42.0,117.78489804894183,117.23500068074004,0,0,87.72682904353523,87.72682904353523,87.31726250987248
3245,2021-05-22T08:10:32,2021-05-22T09:01:54,386,52.8,97.6,44.8,53.391600826388895,119.17768041604666,51.36666488647461,132.69,44.13,135.952868852459,-62.344563782383425,-42.10001,36.553108808290155,39.0,119.17768041604666,117.23500068074004,0,0,88.76418088267413,88.76418088267413,87.31726250987248
3246,2021-05-22T17:24:25,2021-05-22T17:46:25,133,33.6,56.0,22.4,25.654582347222224,114.52938547867065,22.0,76.03,25.28,135.76785714285714,-69.96691458646617,-69.80002,40.51127819548872,43.0,114.52938547867065,117.23500068074004,0,0,85.3021056754971,85.3021056754971,87.31726250987248
3247,2021-05-22T17:46:36,2021-05-22T18:17:26,186,56.0,86.8,30.799999999999997,35.92472002777778,116.6387013888889,30.83333396911621,118.03,39.25,135.97926267281107,-69.9080602688172,-69.80002,42.63978494623656,44.0,116.6387013888889,117.19151207373648,0,0,86.87313557253566,86.87313557253566,87.28487196019134
3248,2021-05-22T18:17:37,2021-05-22T18:34:47,104,86.8,97.6,10.799999999999997,13.368613625,123.78345949074077,17.16666603088379,132.71,44.13,135.9733606557377,-46.81443192307693,-42.20001,43.08653846153846,44.0,123.78345949074077,117.19151207373648,0,0,92.19459004540134,92.19459004540134,87.28487196019134
3249,2021-05-23T01:02:21,2021-05-23T01:52:29,377,54.0,98.0,44.0,52.01177996222223,118.20859082323234,50.13333511352539,133.20999,44.3,135.9285612244898,-62.23209809018568,-42.200012,39.62466843501326,42.0,118.20859082323234,117.19151207373648,0,0,88.04239771314279,88.04239771314279,87.28487196019134
3251,2021-05-23T10:11:28,2021-05-23T10:40:08,173,23.2,52.0,28.8,33.48458702777778,116.26592717978394,28.66666603088379,70.59,23.47,135.75,-70.08440080924856,-70.0,38.202312138728324,41.0,116.26592717978394,117.11883805124366,0,0,86.59549132564416,86.59549132564416,87.23074395522005
3252,2021-05-23T10:40:19,2021-05-23T11:07:19,163,52.4,79.6,27.199999999999996,31.547504000000004,115.98347058823532,27.0,108.23,36.0,135.9673366834171,-70.10553036809816,-70.0,40.966257668711656,43.0,115.98347058823532,116.9260355478395,0,0,86.3851161287432,86.3851161287432,87.08714360801532
3253,2021-05-23T11:07:30,2021-05-23T11:24:20,102,79.6,93.2,13.600000000000009,16.493196194444444,121.27350142973847,16.83333396911621,126.71,42.14,135.95493562231758,-58.7627512745098,-42.39999,42.0,43.0,121.27350142973847,116.9260355478395,0,0,90.32515970779986,90.32515970779986,87.08714360801532
3254,2021-05-23T15:18:39,2021-05-23T16:23:54,490,45.2,96.4,51.2,60.12828317722222,117.43805308051215,65.25,131.11,43.6,136.00622406639005,-55.228780473469385,-6.700012,44.63265306122449,46.0,117.43805308051215,116.9260355478395,0,0,87.46849703532314,87.46849703532314,87.08714360801532
3255,2021-05-24T10:34:53,2021-05-24T10:59:41,151,26.8,43.2,16.400000000000002,18.85789211388889,114.98714703590785,24.799999237060547,58.65,19.5,135.76388888888886,-45.625173443708626,-45.20001,35.70198675496689,37.0,114.98714703590785,116.9260355478395,0,0,85.64304895888614,85.64304895888614,87.08714360801532
3256,2021-05-24T10:59:52,2021-05-24T11:28:42,174,43.2,62.0,18.799999999999997,21.391532180555554,113.78474564125297,28.83333396911621,84.18999,28.0,135.7903064516129,-44.51322752873564,-43.5,37.37068965517241,39.0,113.78474564125297,116.72378642657193,0,0,84.74749389760174,84.74749389760174,86.93650736873893
3257,2021-05-24T11:28:53,2021-05-24T11:57:53,175,62.0,79.6,17.599999999999994,20.604725430555554,117.07230358270206,29.0,108.2,35.98,135.92964824120605,-42.630292342857146,-41.70001,38.0,39.0,117.07230358270206,116.9260355478395,0,0,87.19608483139346,87.19608483139346,87.08714360801532
3259,2021-05-24T18:14:26,2021-05-24T18:43:16,174,26.0,55.2,29.200000000000003,33.625971041666666,115.1574350742009,28.83333396911621,75.11,24.98,136.06884057971013,-69.97298603448276,-69.80002,36.58620689655172,39.0,115.1574350742009,116.9260355478395,0,0,85.76988041071867,85.76988041071867,87.08714360801532
3260,2021-05-24T18:43:27,2021-05-24T19:11:07,167,55.2,82.8,27.599999999999994,32.25180440277778,116.85436377818037,27.66666603088379,112.67,37.47,136.07487922705315,-69.94371005988025,-69.80002,39.0748502994012,41.0,116.85436377818037,116.95992491378155,0,0,87.03376208637474,87.03376208637474,87.11238459104149
3263,2021-05-25T01:40:17,2021-05-25T02:08:07,168,33.2,61.6,28.4,32.45138952777778,114.26545608372459,27.83333396911621,83.61,27.8,135.7305194805195,-69.95476321428572,-69.70001,38.36607142857143,41.0,114.26545608372459,116.95992491378155,0,0,85.10552963482016,85.10552963482016,87.11238459104149
3264,2021-05-25T02:08:18,2021-05-25T02:34:58,161,61.6,88.0,26.4,31.082778444444447,117.73779713804714,26.66666603088379,119.6,39.78,135.9090909090909,-69.93602639751553,-69.70001,40.130434782608695,42.0,117.73779713804714,116.95992491378155,0,0,87.69174803038077,87.69174803038077,87.11238459104149
3265,2021-05-25T05:30:44,2021-05-25T07:02:32,689,46.0,97.6,51.599999999999994,61.00106946944445,118.21912687876834,91.80000305175781,132.69,44.13,135.952868852459,-39.848466995645865,-6.0,36.93976777939042,39.0,118.21912687876834,117.06889481604239,0,0,88.05024502428462,88.05024502428462,87.19354596355085
3267,2021-05-25T18:27:54,2021-05-25T18:55:14,165,46.0,73.6,27.599999999999994,31.945559402777782,115.74478044484705,27.33333396911621,99.99,33.25,135.85597826086956,-70.12485696969698,-69.89999,37.43030303030303,39.0,115.74478044484705,117.06889481604239,0,0,86.20733841911952,86.20733841911952,87.19354596355085
3268,2021-05-25T18:55:25,2021-05-25T19:25:45,183,73.6,97.6,24.0,28.792085305555556,119.9670221064815,30.33333396911621,132.72,44.14,135.98360655737704,-56.94754486338799,-42.30002,38.10382513661202,40.0,119.9670221064815,117.06889481604239,0,0,89.35208684244274,89.35208684244274,87.19354596355085
3270,2021-05-25T22:30:12,2021-05-25T22:47:42,106,69.6,87.2,17.60000000000001,20.430140041666665,116.08034114583327,17.5,118.69,39.47,136.1123853211009,-70.04623037735848,-69.80002,36.99528301886792,38.0,116.08034114583327,117.06889481604239,0,0,86.4572658439148,86.4572658439148,87.19354596355085
3273,2021-05-26T02:54:20,2021-05-26T03:24:20,181,46.0,74.0,28.0,32.54333593055556,116.22619975198413,30.0,100.58,33.45,135.9189189189189,-65.08674552486187,-64.89999,37.02486187845304,39.0,116.22619975198413,117.06889481604239,0,0,86.56590212257429,86.56590212257429,87.19354596355085
3274,2021-05-26T03:24:31,2021-05-26T03:55:51,189,74.0,97.6,23.599999999999994,28.326809180555557,120.02885245998121,31.33333396911621,132.66,44.11,135.922131147541,-54.24021862433863,-42.30002,37.86772486772487,40.0,120.02885245998121,117.06889481604239,0,0,89.39813842410575,89.39813842410575,87.19354596355085
3276,2021-05-26T20:36:49,2021-05-26T21:07:19,184,32.0,52.0,20.0,22.875,114.375,30.5,70.6,23.48,135.76923076923075,-45.0,-45.0,33.391304347826086,35.0,114.375,116.95992491378155,0,0,85.18711853607182,85.18711853607182,87.11238459104149
3277,2021-05-26T21:07:30,2021-05-26T21:50:58,262,52.0,80.4,28.400000000000006,32.6,114.78873239436619,43.46666717529297,109.25,36.33,135.88308457711443,-45.0,-45.0,35.286259541984734,36.0,114.78873239436619,116.82047441223833,0,0,85.49526866084635,85.49526866084635,87.00852110334858
3278,2021-05-26T21:51:09,2021-05-26T22:16:19,152,80.4,95.6,15.199999999999989,18.544305472222224,122.00200968567262,25.16666603088379,130.03,43.24,136.01464435146445,-44.208552434210524,-42.39999,35.953947368421055,37.0,122.00200968567262,116.82047441223833,0,0,90.86775659656723,90.86775659656723,87.00852110334858
3279,2021-05-27T06:59:19,2021-05-27T07:26:39,165,60.4,87.6,27.199999999999996,31.895557611111112,117.26307945261439,27.33333396911621,119.1,39.6,135.95890410958904,-70.01394381818183,-69.70001,34.027272727272724,36.0,117.26307945261439,116.95992491378155,0,0,87.33817573101352,87.33817573101352,87.11238459104149
3282,2021-05-27T17:26:34,2021-05-27T17:56:34,181,39.6,70.4,30.800000000000004,35.23263715277778,114.39167906746029,30.0,95.63,31.8,135.83806818181816,-70.46518988950277,-70.39999,40.187845303867405,42.0,114.39167906746029,116.82047441223833,0,0,85.19954119571608,85.19954119571608,87.00852110334858
3283,2021-05-27T17:56:45,2021-05-27T18:14:35,108,70.4,88.0,17.599999999999994,20.945832499999998,119.01041193181821,17.83333396911621,119.81,39.84,136.14772727272728,-70.47221944444445,-70.39999,41.9537037037037,43.0,119.01041193181821,116.95992491378155,0,0,88.63959841103856,88.63959841103856,87.11238459104149
3284,2021-05-28T09:57:17,2021-05-28T10:16:17,115,56.0,74.8,18.799999999999997,22.166944805555556,117.90928088061467,19.0,101.68,33.82,135.93582887700535,-70.00087069565217,-69.80002,35.69565217391305,37.0,117.90928088061467,117.06889481604239,0,0,87.81947004922326,87.81947004922326,87.19354596355085
3285,2021-05-28T10:16:28,2021-05-28T10:44:48,171,75.2,97.2,22.0,26.611529611111116,120.96149823232325,28.33333396911621,132.14,43.94,135.94650205761315,-56.35263549707603,-42.20001,36.66081871345029,38.0,120.96149823232325,117.14156883853522,0,0,90.09277803906241,90.09277803906241,87.24767396852212
3288,2021-05-28T18:09:16,2021-05-28T18:30:01,126,47.2,60.8,13.599999999999994,15.597364569444444,114.68650418709154,20.75,82.58,27.46,135.82236842105263,-45.10080365079365,-45.10001,40.583333333333336,42.0,114.68650418709154,117.06889481604239,0,0,85.41912853922156,85.41912853922156,87.19354596355085
3290,2021-05-28T21:45:40,2021-05-28T22:15:20,179,47.6,77.6,29.999999999999993,34.959172361111115,116.53057453703707,29.66666603088379,105.47,35.07,135.91494845360828,-70.70392212290503,-70.60001,40.729050279329606,42.0,116.53057453703707,117.06889481604239,0,0,86.7926021085301,86.7926021085301,87.19354596355085
3292,2021-05-29T08:27:24,2021-05-29T08:52:04,149,16.8,41.6,24.8,28.80055765277778,116.13128085797491,24.66666603088379,56.41,18.75,135.60096153846152,-70.05570979865772,-69.70001,34.855704697986575,37.0,116.13128085797491,117.06889481604239,0,0,86.49520601699811,86.49520601699811,87.19354596355085
3293,2021-05-29T08:52:15,2021-05-29T09:17:15,151,41.6,67.2,25.6,29.160834444444447,113.90950954861111,25.0,91.43999,30.41,136.07141369047616,-69.9860953642384,-69.70001,37.95695364238411,40.0,113.90950954861111,117.06889481604239,0,0,84.84041873052102,84.84041873052102,87.19354596355085
3294,2021-05-29T09:17:26,2021-05-29T09:45:46,171,67.2,92.8,25.599999999999994,30.23791786111111,118.1168666449653,28.33333396911621,126.16,41.96,135.94827586206898,-63.98772181286551,-42.10001,39.6812865497076,41.0,118.1168666449653,117.06889481604239,0,0,87.97408104912829,87.97408104912829,87.19354596355085
3296,2021-05-29T18:26:50,2021-05-29T18:49:00,134,44.8,63.6,18.800000000000004,21.739446972222222,115.63535623522455,22.16666603088379,86.37,28.72,135.80188679245285,-58.84552925373134,-57.39999,32.86940298507463,35.0,115.63535623522455,116.95992491378155,0,0,86.12583867603031,86.12583867603031,87.11238459104149
3297,2021-05-29T18:49:11,2021-05-29T19:19:11,181,63.6,87.6,23.999999999999993,27.93764184722222,116.40684103009262,30.0,119.16,39.63,136.02739726027397,-55.87624900552486,-54.30002,33.93370165745856,36.0,116.40684103009262,116.82047441223833,0,0,86.70044472341132,86.70044472341132,87.00852110334858
3300,2021-06-01T11:00:48,2021-06-01T11:29:58,176,62.0,86.8,24.799999999999997,29.21139336111111,117.7878764560932,29.16666603088379,118.03,39.25,135.97926267281107,-60.092054659090905,-60.0,30.93465909090909,32.0,117.7878764560932,116.82047441223833,0,0,87.72904737728871,87.72904737728871,87.00852110334858
3301,2021-06-01T11:30:09,2021-06-01T11:47:19,104,87.2,98.0,10.799999999999997,13.036808194444442,120.71118698559671,17.16666603088379,133.21,44.3,135.92857142857144,-45.621163076923075,-42.5,31.5,32.0,120.71118698559671,116.82047441223833,0,0,89.90634486882585,89.90634486882585,87.00852110334858
3302,2021-06-02T12:22:01,2021-06-02T12:43:21,129,16.8,38.0,21.2,24.94069697222222,117.64479703878406,21.33333396911621,51.5,17.13,135.52631578947367,-70.14574356589148,-69.89999,30.174418604651162,32.0,117.64479703878406,116.95992491378155,0,0,87.62248105350828,87.62248105350828,87.11238459104149
3303,2021-06-02T12:43:32,2021-06-02T13:15:52,195,38.4,71.2,32.800000000000004,37.773614666666674,115.1634593495935,32.33333206176758,96.75999,32.17,135.89886235955055,-70.09487835897436,-69.80002,33.55128205128205,36.0,115.1634593495935,116.95992491378155,0,0,85.77436732361015,85.77436732361015,87.11238459104149
3304,2021-06-02T13:16:03,2021-06-02T13:33:55,109,71.6,89.2,17.60000000000001,20.673807536111116,117.46481554608584,17.866666793823242,121.33,40.35,136.0201793721973,-69.30918091743119,-42.20001,35.46330275229358,37.0,117.46481554608584,117.06889481604239,0,0,87.48842986441292,87.48842986441292,87.19354596355085
3306,2021-06-03T13:54:42,2021-06-03T14:25:52,188,38.8,70.8,32.0,36.38722516666667,113.71007864583333,31.16666603088379,96.29,32.02,136.00282485875707,-70.05053760638299,-69.80002,35.755319148936174,38.0,113.71007864583333,117.06889481604239,0,0,84.69188151561666,84.69188151561666,87.19354596355085
3307,2021-06-03T14:26:03,2021-06-03T14:43:03,103,70.8,87.6,16.799999999999997,19.845557208333336,118.12831671626986,17.0,119.07,39.6,135.9246575342466,-70.04369514563108,-69.70001,37.5873786407767,39.0,118.12831671626986,117.06889481604239,0,0,87.98260912415752,87.98260912415752,87.19354596355085
3309,2021-06-03T18:23:37,2021-06-03T18:50:27,162,61.2,88.0,26.799999999999997,31.346252847222228,116.96363002694864,26.83333396911621,119.6,39.78,135.9090909090909,-70.08951253086421,-69.70001,39.27777777777778,41.0,116.96363002694864,117.01796680482535,0,0,87.11514417936546,87.11514417936546,87.15561450537946
3311,2021-06-06T11:08:14,2021-06-06T11:56:40,364,35.2,84.8,49.599999999999994,56.390919925000006,113.69137081653228,48.43333435058594,115.33,38.35,136.00235849056605,-69.85797107142858,-69.70001,31.0,33.0,113.69137081653228,117.01796680482535,0,0,84.67794782318194,84.67794782318194,87.15561450537946
3312,2021-06-06T18:37:23,2021-06-06T18:59:53,136,36.0,59.2,23.200000000000003,26.44139533333334,113.97153160919541,22.5,80.46,26.76,135.91216216216213,-70.25222301470589,0.0,37.76470588235294,40.0,113.97153160919541,116.9089969025645,0,0,84.88661309665737,84.88661309665737,87.0744531328701
3313,2021-06-06T19:00:04,2021-06-06T19:32:14,194,59.2,91.2,32.0,37.21348200000001,116.29213125000004,32.16666793823242,123.92,41.21,135.87719298245614,-69.3479563402062,-42.5,39.38917525773196,41.0,116.29213125000004,116.74653258353464,0,0,86.61500825885182,86.61500825885182,86.9534488294552
3315,2021-06-07T02:54:48,2021-06-07T05:17:58,1074,49.6,95.6,45.99999999999999,53.92474608333332,117.22770887681159,143.1666717529297,129.95,43.21,135.93096234309624,-22.594237188081934,-13.10001,33.68482309124767,35.0,117.22770887681159,116.74653258353464,0,0,87.31183153487272,87.31183153487272,86.9534488294552
3316,2021-06-07T15:59:01,2021-06-07T19:31:15,1601,31.6,97.6,66.0,77.25710485277777,117.05621947390571,212.23333740234375,132.69,44.13,135.952868852459,-21.841277070580887,-20.89999,35.38725796377264,37.0,117.05621947390571,116.74653258353464,0,0,87.18410530017964,87.18410530017964,86.9534488294552
3317,2021-06-08T02:18:36,2021-06-08T05:00:27,1214,35.6,97.6,61.99999999999999,72.46244648305556,116.8749136823477,161.85000610351562,132.69,44.13,135.952868852459,-26.853630285008236,-8.100006,35.577841845140036,37.0,116.8749136823477,116.74653258353464,0,0,87.04906776613173,87.04906776613173,86.9534488294552
3319,2021-06-08T11:43:25,2021-06-08T12:13:25,181,65.6,93.2,27.60000000000001,32.39014172222222,117.35558595008047,30.0,126.74,42.14,135.9871244635193,-64.73149740331492,-41.5,36.331491712707184,38.0,117.35558595008047,116.86463873026403,0,0,87.40707507059821,87.40707507059821,87.04141492625322
3322,2021-06-08T17:51:58,2021-06-08T18:18:28,160,44.0,66.8,22.799999999999997,25.788335083333333,113.10673282163744,26.5,90.81,30.2,135.94311377245512,-58.38937893750001,-56.70001,39.496875,41.0,113.10673282163744,116.86463873026403,0,0,84.24250628288205,84.24250628288205,87.04141492625322
3323,2021-06-08T18:18:39,2021-06-08T18:45:39,163,66.8,88.0,21.200000000000003,24.968614277777775,117.77648244234798,27.0,119.59,39.77,135.89772727272728,-55.485283006134964,-53.89999,40.0,41.0,117.77648244234798,116.86463873026403,0,0,87.72056105423283,87.72056105423283,87.04141492625322
3329,2021-06-10T12:54:43,2021-06-10T13:25:43,187,49.2,80.8,31.599999999999994,36.148750791666664,114.39478098628693,31.0,109.96,36.57,136.0891089108911,-69.96524213903743,-69.70001,36.12032085561497,38.0,114.39478098628693,116.69246915760871,0,0,85.20185152163323,85.20185152163323,86.91318209745242
3330,2021-06-10T13:25:54,2021-06-10T13:48:34,137,81.2,97.6,16.39999999999999,20.027919125000004,122.12145807926838,22.66666603088379,132.72,44.14,135.98360655737704,-53.03577291970804,-41.5,37.5,38.0,122.12145807926838,116.86463873026403,0,0,90.95672240609017,90.95672240609017,87.04141492625322
3332,2021-06-10T23:21:23,2021-06-10T23:50:53,178,34.0,64.0,30.0,34.02333825000001,113.41112750000003,29.5,86.99,28.92,135.921875,-69.20001,-69.20001,35.39887640449438,38.0,113.41112750000003,116.86463873026403,0,0,84.46922108548249,84.46922108548249,87.04141492625322
3334,2021-06-11T17:42:10,2021-06-11T19:14:46,695,20.8,97.6,76.8,89.18264289722222,116.12323293909144,92.5999984741211,132.74,44.14,136.00409836065575,-57.77712490647483,-41.5,35.32589928057554,38.0,116.12323293909144,116.69246915760871,0,0,86.48921188349082,86.48921188349082,86.91318209745242
3335,2021-06-12T00:50:58,2021-06-12T02:10:15,597,22.800001,97.6,74.79999899999999,86.81459989138888,116.06230087167367,79.28333282470703,132.73999,44.14,136.0040881147541,-65.69296685092127,-41.700012,38.448073701842546,41.0,116.06230087167367,116.46870778356484,0,0,86.44382935015955,86.44382935015955,86.74652341597071
3336,2021-06-12T23:26:54,2021-06-13T01:01:34,711,20.800001,98.0,77.19999899999999,88.97578926444444,115.25361452976762,94.66666412353516,133.20999,44.3,135.9285612244898,-56.35710994655415,0.0,33.80168776371308,36.0,115.25361452976762,116.46870778356484,0,0,85.84151538935996,85.84151538935996,86.74652341597071
3337,2021-06-13T14:57:20,2021-06-13T15:16:24,144,62.0,81.200005,19.200005000000004,22.27377944888889,116.00923775222395,19.066667556762695,110.409996,36.71,135.9728931051174,-70.092366375,-70.0,33.96875,35.0,116.00923775222395,116.46870778356484,0,0,86.40430765182987,86.40430765182987,86.74652341597071
3338,2021-06-13T23:11:38,2021-06-14T00:17:56,498,16.4,84.0,67.6,77.35500394861111,114.43047921392177,66.30000305175781,114.3,38.01,136.07142857142858,-70.0044212248996,-69.70001,32.80722891566265,37.0,114.43047921392177,116.34948614004634,0,0,85.22843975463044,85.22843975463044,86.65772649113157
3339,2021-06-14T00:24:53,2021-06-14T00:42:45,135,84.0,97.6,13.599999999999994,15.849446344444443,116.54004665032683,17.866666793823242,132.71,44.13,135.9733606557377,-53.2444508888889,-41.5,35.455555555555556,37.0,116.54004665032683,116.46870778356484,0,0,86.79965698973318,86.79965698973318,86.74652341597071
3341,2021-06-14T13:31:53,2021-06-14T13:57:13,153,60.8,82.8,22.0,25.409170888888895,115.49623131313133,25.33333396911621,112.59,37.44,135.97826086956522,-60.1797485620915,-60.10001,33.205882352941174,34.0,115.49623131313133,116.34948614004634,0,0,86.02221768167247,86.02221768167247,86.65772649113157
3345,2021-06-14T21:40:01,2021-06-14T22:09:41,179,47.6,73.6,25.999999999999993,29.665833249999995,114.09935865384615,29.66666603088379,100.0,33.25,135.8695652173913,-59.9983238547486,-59.89999,35.55865921787709,37.0,114.09935865384615,116.34948614004634,0,0,84.98181937079752,84.98181937079752,86.65772649113157
3346,2021-06-14T22:09:52,2021-06-14T22:37:22,166,73.6,95.6,22.0,25.70014034722222,116.818819760101,27.5,130.0,43.23,135.98326359832637,-56.04156945783132,-41.70001,36.674698795180724,38.0,116.818819760101,116.34948614004634,0,0,87.00728870948838,87.00728870948838,86.65772649113157
3348,2021-06-15T08:38:02,2021-06-15T08:59:22,129,14.4,33.2,18.800000000000004,21.35833566666667,113.6081684397163,21.33333396911621,44.96,14.95,135.42168674698794,-60.0705492248062,-60.0,32.21705426356589,34.0,113.6081684397163,116.25916550099208,0,0,84.61597824297378,84.61597824297378,86.59045519071304
3349,2021-06-15T08:59:33,2021-06-15T09:29:53,183,33.2,60.0,26.799999999999997,30.362641736111105,113.29343931384741,30.33333396911621,81.48,27.1,135.8,-60.05792912568307,-60.0,34.46448087431694,37.0,113.29343931384741,116.25916550099208,0,0,84.38156628798235,84.38156628798235,86.59045519071304
3351,2021-06-15T10:00:15,2021-06-15T10:30:45,184,68.8,96.8,28.0,29.681948750000007,106.00695982142858,30.5,131.66,43.78,136.01239669421489,-58.35055190217392,-41.80002,36.66847826086956,38.0,106.00695982142858,116.17874030497953,0,0,78.95455695699795,78.95455695699795,86.5305540697862
3353,2021-06-17T00:22:26,2021-06-17T01:47:30,639,13.2,96.4,83.2,96.06844982666667,115.46688681089742,85.06666564941406,131.06,43.579998,135.95435684647302,-67.74147486384976,-41.5,37.20500782472613,41.0,115.46688681089742,116.17874030497953,0,0,86.0003617377146,86.0003617377146,86.5305540697862
3354,2021-06-17T10:22:35,2021-06-17T10:44:45,134,50.0,68.8,18.799999999999997,21.58472477777778,114.81236583924353,22.16666603088379,93.43,31.07,135.79941860465118,-58.425380000000004,-56.89999,35.723880597014926,37.0,114.81236583924353,116.12725689853318,0,0,85.51287097839985,85.51287097839985,86.49220895024447
3355,2021-06-17T10:44:56,2021-06-17T11:14:56,181,68.8,92.4,23.60000000000001,27.752225638888888,117.59417643596981,30.0,125.57,41.76,135.89826839826839,-55.504426685082876,-53.89999,36.52209944751381,38.0,117.59417643596981,116.12725689853318,0,0,87.58477855477776,87.58477855477776,86.49220895024447
3357,2021-06-18T01:36:59,2021-06-18T02:00:39,143,11.2,35.2,24.000000000000004,27.573750597222226,114.89062748842592,23.66666603088379,47.85,15.91,135.9375,-69.90559587412586,-69.60001,35.43356643356643,37.0,114.89062748842592,116.12725689853318,0,0,85.5711606779472,85.5711606779472,86.49220895024447
3358,2021-06-18T02:00:50,2021-06-18T02:32:00,188,35.2,66.8,31.599999999999994,36.29000244444445,114.84177988748245,31.16666603088379,90.71,30.17,135.7934131736527,-69.86330260638299,-69.60001,38.390957446808514,41.0,114.84177988748245,116.12725689853318,0,0,85.53477872059835,85.53477872059835,86.49220895024447
3359,2021-06-18T02:32:11,2021-06-18T03:03:01,186,67.2,95.6,28.39999999999999,33.57930863888889,118.23700224960879,30.83333396911621,130.03,43.24,136.01464435146445,-65.29140387096776,-41.39999,40.72043010752688,42.0,118.23700224960879,116.12725689853318,0,0,88.06355869715598,88.06355869715598,86.49220895024447
3363,2021-06-18T13:23:51,2021-06-18T13:52:21,172,57.2,86.0,28.799999999999997,33.20485870833333,115.29464829282408,28.5,116.88,38.87,135.90697674418604,-69.90522750000001,-69.80002,39.96220930232558,41.0,115.29464829282408,116.09276690538255,0,0,85.87207755799359,85.87207755799359,86.46652061682519
3365,2021-06-18T20:19:19,2021-06-18T20:40:09,126,32.0,53.2,21.200000000000003,24.336946791666673,114.79691882861637,20.83333396911621,72.26,24.03,135.82706766917295,-70.09048293650795,-69.80002,40.23809523809524,42.0,114.79691882861637,116.09276690538255,0,0,85.50136596134784,85.50136596134784,86.46652061682519
3366,2021-06-18T20:40:20,2021-06-18T21:07:50,166,53.6,81.2,27.6,32.07889068055556,116.22786478462159,27.5,110.36,36.7,135.91133004926107,-69.99036542168675,-69.70001,42.602409638554214,44.0,116.22786478462159,116.09276690538255,0,0,86.5671422478871,86.5671422478871,86.46652061682519
3367,2021-06-18T21:08:01,2021-06-18T21:25:11,104,81.6,96.0,14.400000000000006,17.42902973611111,121.0349287229938,17.16666603088379,130.42,43.38,135.85416666666666,-60.86827605769232,-41.5,43.26442307692308,45.0,121.0349287229938,116.09276690538255,0,0,90.1474694656234,90.1474694656234,86.46652061682519
3368,2021-06-19T03:46:34,2021-06-19T04:37:33,383,50.4,98.0,47.6,55.38051644583334,116.34562278536414,50.983333587646484,133.07,44.25,135.78571428571428,-65.10052519582244,0.0,37.4869451697128,40.0,116.34562278536414,116.09276690538255,0,0,86.65484904367139,86.65484904367139,86.46652061682519
3369,2021-06-19T09:00:58,2021-06-19T09:29:48,174,54.4,79.2,24.800000000000004,28.904449250000003,116.55019858870966,28.83333396911621,107.66,35.8,135.93434343434342,-60.14828586206896,-60.0,36.8419540229885,39.0,116.55019858870966,116.12725689853318,0,0,86.80721820834205,86.80721820834205,86.49220895024447
3370,2021-06-19T09:29:59,2021-06-19T09:53:59,145,79.6,97.6,18.0,21.558196000000002,119.76775555555557,24.0,132.62,44.1,135.88114754098362,-53.87586593103448,-41.89999,37.86896551724138,39.0,119.76775555555557,116.12725689853318,0,0,89.20367203768646,89.20367203768646,86.49220895024447
3372,2021-06-26T10:31:51,2021-06-26T11:02:51,187,30.4,57.6,27.200000000000003,31.36695030555556,115.31967024101307,31.0,78.17,26.0,135.71180555555554,-60.71017176470588,-60.60001,34.342245989304814,37.0,115.31967024101307,116.09276690538255,0,0,85.89071404032258,85.89071404032258,86.46652061682519
3373,2021-06-26T11:03:02,2021-06-26T11:30:12,164,58.0,82.0,24.0,27.504589958333337,114.60245815972225,27.16666603088379,111.32,37.02,135.7560975609756,-60.746356097560984,-60.70001,36.74085365853659,38.0,114.60245815972225,116.09276690538255,0,0,85.35653060351888,85.35653060351888,86.46652061682519
3374,2021-06-26T11:30:23,2021-06-26T11:51:13,126,82.0,98.0,16.0,18.890837611111113,118.06773506944445,20.83333396911621,133.08,44.26,135.79591836734696,-54.215091666666666,0.0,37.476190476190474,38.0,118.06773506944445,116.09276690538255,0,0,87.93748758597849,87.93748758597849,86.46652061682519
3376,2021-06-26T22:17:15,2021-06-26T22:49:25,194,55.2,83.6,28.39999999999999,32.537366472222224,114.56819180359942,32.16666793823242,113.57,37.77,135.84928229665073,-60.69124711340206,-60.60001,34.97938144329897,37.0,114.56819180359942,116.09276690538255,0,0,85.33100883616733,85.33100883616733,86.46652061682519
3377,2021-06-26T22:49:36,2021-06-26T23:08:16,113,83.6,97.6,14.0,16.737918805555555,119.55656289682538,18.66666603088379,132.6,44.1,135.86065573770492,-53.78053778761063,-42.39999,36.0,37.0,119.55656289682538,116.09276690538255,0,0,89.04637460334156,89.04637460334156,86.46652061682519
3379,2021-06-28T04:43:46,2021-06-28T05:04:56,128,7.2,26.0,18.8,21.77875254166667,115.84442841312058,21.16666603088379,35.14,11.68,135.15384615384616,-61.73672585937501,-61.0,34.0,35.0,115.84442841312058,116.03576931194881,0,0,86.28155676478244,86.28155676478244,86.42406850099471
3380,2021-06-28T05:05:07,2021-06-28T05:24:27,117,26.4,43.6,17.200000000000003,19.52597395833334,113.52310440891473,19.33333396911621,59.22,19.69,135.8256880733945,-60.59744128205129,-60.0,34.504273504273506,36.0,113.52310440891473,115.92683308267226,0,0,84.55262209280943,84.55262209280943,86.34293220830615
3381,2021-06-28T05:24:38,2021-06-28T05:46:18,131,43.6,62.0,18.4,21.377640902777777,116.18283099335748,21.66666603088379,84.22,28.0,135.83870967741936,-59.19847885496183,-58.0,36.37786259541985,38.0,116.18283099335748,115.92683308267226,0,0,86.53360083661241,86.53360083661241,86.34293220830615
3382,2021-06-28T05:46:29,2021-06-28T06:06:29,121,62.4,78.4,16.000000000000007,18.991390527777774,118.69619079861104,20.0,106.54,35.43,135.89285714285714,-56.97438504132232,-56.0,37.85950413223141,39.0,118.69619079861104,116.03576931194881,0,0,88.40556481172877,88.40556481172877,86.42406850099471
3383,2021-06-28T06:06:40,2021-06-28T06:24:30,108,78.8,92.4,13.600000000000009,16.36319647222222,120.31762111928096,17.83333396911621,125.46,41.72,135.77922077922076,-55.05463648148148,-54.10001,38.0,39.0,120.31762111928096,116.03576931194881,0,0,89.61321488320321,89.61321488320321,86.42406850099471
3386,2021-06-28T19:32:29,2021-06-28T19:59:39,164,71.2,93.2,22.0,25.180141388888888,114.45518813131312,27.16666603088379,126.57,42.09,135.8047210300429,-55.61281042682926,-54.20001,31.923780487804876,33.0,114.45518813131312,116.03576931194881,0,0,85.2468430899285,85.2468430899285,86.42406850099471
3388,2021-06-29T16:19:16,2021-06-29T17:45:39,648,13.6,97.6,84.0,96.95798927222224,115.42617770502648,86.38333129882812,132.52,44.07,135.77868852459017,-67.3294775,-41.60001,37.817129629629626,41.0,115.42617770502648,115.92683308267226,0,0,85.97004137550847,85.97004137550847,86.34293220830615
3389,2021-06-30T03:52:57,2021-06-30T05:02:30,522,30.4,97.6,67.19999999999999,77.73840563472223,115.68215124214618,69.55000305175781,132.41,44.03,135.66598360655738,-67.03908293103447,-41.5,36.525862068965516,40.0,115.68215124214618,115.76328982763337,0,0,86.16069185025133,86.16069185025133,86.22112430751687
3391,2021-06-30T13:21:30,2021-06-30T13:54:30,199,28.0,62.0,34.0,38.69347468055555,113.80433729575162,33.0,84.17,27.99,135.75806451612902,-70.35176326633166,-70.30002,39.20603015075377,42.0,113.80433729575162,115.76328982763337,0,0,84.76208586782333,84.76208586782333,86.22112430751687
3392,2021-06-30T13:54:41,2021-06-30T14:22:31,168,62.4,90.4,28.000000000000007,32.655274222222225,116.62597936507935,27.83333396911621,122.75,40.82,135.7853982300885,-70.39463517857142,-70.30002,41.92261904761905,44.0,116.62597936507935,115.92683308267226,0,0,86.86366014040202,86.86366014040202,86.34293220830615
3394,2021-06-30T20:07:04,2021-06-30T20:24:54,108,42.8,58.0,15.200000000000003,17.581252972222224,115.66613797514619,17.83333396911621,78.58,26.13,135.48275862068965,-59.15186185185184,-59.10001,38.77777777777778,41.0,115.66613797514619,115.76328982763337,0,0,86.14876508239053,86.14876508239053,86.22112430751687
3395,2021-06-30T20:25:05,2021-06-30T20:42:25,105,58.4,73.2,14.800000000000004,17.09180844444445,115.48519219219219,17.33333396911621,99.21,32.99,135.53278688524588,-59.16381952380953,-59.10001,40.076190476190476,42.0,115.48519219219219,115.67414460864617,0,0,86.01399568469782,86.01399568469782,86.15472846632093
3396,2021-06-30T20:42:36,2021-06-30T21:00:06,106,73.2,88.0,14.799999999999997,17.265280722222226,116.65730217717723,17.5,119.4,39.71,135.6818181818182,-59.195293113207555,-59.10001,40.5,42.0,116.65730217717723,115.67414460864617,0,0,86.88698954024522,86.88698954024522,86.15472846632093
3401,2021-07-01T02:42:44,2021-07-01T03:02:54,122,44.8,65.6,20.799999999999997,23.51749908333333,113.06489943910258,20.16666603088379,89.07,29.62,135.77743902439025,-69.96966942622952,-69.80002,38.0,41.0,113.06489943910258,115.58118464413876,0,0,84.21134855333659,84.21134855333659,86.0854913820315
3402,2021-07-01T03:03:05,2021-07-01T03:21:35,112,65.6,84.4,18.80000000000001,21.56874865277777,114.72738645094552,18.5,114.64,38.12,135.82938388625593,-69.95267419642857,-69.80002,39.5,41.0,114.72738645094552,115.49071175266175,0,0,85.44957787042988,85.44957787042988,86.01810668318515
3404,2021-07-01T13:36:05,2021-07-01T14:02:35,160,38.4,61.6,23.200000000000003,26.23805816666667,113.09507830459769,26.5,83.50999,27.77,135.5681655844156,-59.1068809375,0.0,37.965625,40.0,113.09507830459769,115.49071175266175,0,0,84.23382593556362,84.23382593556362,86.01810668318515
3405,2021-07-01T17:36:45,2021-07-01T18:57:31,606,18.8,98.0,79.2,91.52024258888889,115.55586185465769,80.76667022705078,132.92,44.21,135.6326530612245,-67.97195199669967,-41.39999,41.42326732673267,44.0,115.55586185465769,115.49071175266175,0,0,86.06663083148123,86.06663083148123,86.01810668318515
3406,2021-07-02T18:02:13,2021-07-02T19:07:38,491,30.4,95.6,65.19999999999999,74.83385750416666,114.7758550677403,65.41666412353516,129.75,43.15,135.72175732217573,-68.6097853767821,-41.39999,34.73319755600814,37.0,114.7758550677403,115.49071175266175,0,0,85.48567755833524,85.48567755833524,86.01810668318515
3408,2021-07-03T01:27:17,2021-07-03T01:56:17,175,38.4,63.6,25.200000000000003,28.757918944444448,114.11872597001765,29.0,86.29,28.7,135.6761006289308,-59.49771897142857,-57.89999,36.91142857142857,39.0,114.11872597001765,115.4760395015448,0,0,84.99624425261982,84.99624425261982,86.00717871120621
3410,2021-07-03T04:33:16,2021-07-03T05:57:03,631,27.6,97.6,70.0,80.4132585088889,114.87608358412702,83.78333282470703,132.42,44.03,135.6762295081967,-57.580671702060236,-41.80002,38.79001584786054,42.0,114.87608358412702,115.4760395015448,0,0,85.56032829937244,85.56032829937244,86.00717871120621
3411,2021-07-03T13:42:29,2021-07-03T14:37:33,414,42.8,97.200005,54.40000500000001,62.93122466666668,115.68238765174134,55.06666564941406,131.78,43.82,135.5761247131623,-68.53840846859904,-41.700012,39.121980676328505,41.0,115.68238765174134,115.4760395015448,0,0,86.1608679293963,86.1608679293963,86.00717871120621
3412,2021-07-04T13:09:20,2021-07-04T13:46:24,279,57.600002,94.8,37.199997999999994,43.20644481111111,116.14636326354405,37.06666564941406,128.59999,42.77,135.65399789029536,-69.8878142222222,-41.600006,32.956989247311824,35.0,116.14636326354405,115.4760395015448,0,0,86.50643947423113,86.50643947423113,86.00717871120621
3414,2021-07-04T20:50:43,2021-07-04T21:10:13,118,16.4,36.4,20.0,22.80958658333334,114.04793291666668,19.5,49.35,16.41,135.5769230769231,-70.18306084745764,-70.10001,38.440677966101696,40.0,114.04793291666668,115.4760395015448,0,0,84.94351720363763,84.94351720363763,86.00717871120621
3415,2021-07-04T21:10:24,2021-07-04T21:29:34,116,36.4,56.0,19.6,22.424725416666668,114.4118643707483,19.16666603088379,75.95,25.25,135.625,-70.19914793103449,-70.10001,40.35344827586207,43.0,114.4118643707483,115.44653225796195,0,0,85.21457531876642,85.21457531876642,85.98520155661154
3416,2021-07-04T21:29:45,2021-07-04T21:48:25,113,56.4,75.2,18.800000000000004,21.83972533333333,116.16875177304959,18.66666603088379,101.96,33.9,135.58510638297872,-70.19912504424781,-70.10001,42.517699115044245,44.0,116.16875177304959,115.4760395015448,0,0,86.52311455718716,86.52311455718716,86.00717871120621
3419,2021-07-05T12:15:26,2021-07-05T12:35:26,121,53.2,65.6,12.399999999999991,14.583751472222222,117.61089896953412,20.0,88.85,29.55,135.4420731707317,-43.7520705785124,-43.0,36.53719008264463,38.0,117.61089896953412,115.4760395015448,0,0,87.59723358821134,87.59723358821134,86.00717871120621
3423,2021-07-05T14:38:23,2021-07-05T14:57:13,114,70.4,86.8,16.39999999999999,18.998334138888886,115.8435008468835,18.83333396911621,117.68,39.14,135.57603686635946,-60.52544114035087,-60.5,39.51754385964912,41.0,115.8435008468835,115.4760395015448,0,0,86.2808659084328,86.2808659084328,86.00717871120621
3431,2021-07-06T03:00:21,2021-07-06T03:18:01,107,58.0,72.4,14.400000000000006,16.941390805555553,117.64854726080242,17.66666603088379,98.17,32.65,135.5939226519337,-57.53925878504673,-56.5,37.5607476635514,39.0,117.64854726080242,115.52052702342493,0,0,87.62527423914864,87.62527423914864,86.04031325808953
3432,2021-07-06T03:18:12,2021-07-06T03:45:32,165,72.8,94.4,21.60000000000001,25.125836694444445,116.32331802983535,27.33333396911621,128.04,42.58,135.63559322033896,-55.15455284848484,-53.70001,38.127272727272725,40.0,116.32331802983535,115.52052702342493,0,0,86.6382363411302,86.6382363411302,86.04031325808953
3434,2021-07-06T12:22:30,2021-07-06T12:44:40,134,44.8,67.2,22.400000000000006,25.85583322222222,115.42782688492059,22.16666603088379,90.98,30.25,135.38690476190476,-69.98582059701492,-69.80002,37.167910447761194,39.0,115.42782688492059,115.52052702342493,0,0,85.97126969361231,85.97126969361231,86.04031325808953
3435,2021-07-06T12:44:51,2021-07-06T13:17:01,194,67.6,97.6,30.0,35.28416786111111,117.61389287037036,32.16666793823242,132.34,44.01,135.59426229508196,-65.76391979381444,-41.60001,38.70876288659794,40.0,117.61389287037036,115.61099991490194,0,0,87.59946346174509,87.59946346174509,86.10769795693588
3437,2021-07-06T21:13:38,2021-07-06T21:31:08,106,16.4,34.0,17.6,20.420417041666667,116.02509682765151,17.5,45.96,15.28,135.17647058823528,-70.01226537735849,-69.89999,37.948113207547166,39.0,116.02509682765151,115.67414460864617,0,0,86.41611957697364,86.41611957697364,86.15472846632093
3443,2021-07-07T04:04:39,2021-07-07T04:26:09,130,77.2,97.6,20.39999999999999,23.75597661111111,116.45086574074078,21.5,132.35,44.02,135.6045081967213,-66.22001223076923,-42.20001,37.503846153846155,39.0,116.45086574074078,115.68226944694376,0,0,86.7332345659862,86.7332345659862,86.16077988982381
3445,2021-07-07T16:00:40,2021-07-07T16:24:50,146,23.2,48.0,24.8,28.54319565277778,115.09353085797491,24.16666603088379,64.92,21.59,135.25,-70.86575643835617,-70.80002,37.273972602739725,39.0,115.09353085797491,115.68226944694376,0,0,85.72228420488175,85.72228420488175,86.16077988982381
3446,2021-07-07T16:25:01,2021-07-07T16:43:31,112,48.0,67.2,19.200000000000003,21.874303819444442,113.92866572627312,18.5,91.17,30.32,135.66964285714286,-70.94374437500001,-70.89999,39.607142857142854,41.0,113.92866572627312,115.67414460864617,0,0,84.85468635523962,84.85468635523962,86.15472846632093
3447,2021-07-07T16:43:42,2021-07-07T17:05:22,131,67.6,89.6,22.0,25.634721805555557,116.52146275252527,21.66666603088379,121.53,40.42,135.63616071428572,-70.98854847328245,-70.89999,41.11068702290076,43.0,116.52146275252527,115.68226944694376,0,0,86.7858156021495,86.7858156021495,86.16077988982381
3450,2021-07-08T00:42:22,2021-07-08T01:01:02,113,39.2,58.0,18.799999999999997,21.763887500000003,115.76535904255323,18.66666603088379,78.46,26.09,135.27586206896552,-69.95574778761063,-69.89999,37.16814159292036,39.0,115.76535904255323,115.72387334714728,0,0,86.22266546997943,86.22266546997943,86.19176669968786
3451,2021-07-08T01:01:13,2021-07-08T01:19:53,113,58.4,77.2,18.800000000000004,21.76263748611111,115.75871003250587,18.66666603088379,104.65,34.8,135.55699481865287,-69.95132292035399,-69.80002,38.982300884955755,41.0,115.75871003250587,115.7205488421236,0,0,86.21771325133854,86.21771325133854,86.18929059036742
3453,2021-07-08T05:48:26,2021-07-08T06:12:26,145,60.0,75.2,15.200000000000003,17.363475986111112,114.23339464546783,24.0,101.87,33.88,135.4654255319149,-43.41104393103449,-42.60001,34.0,36.0,114.23339464546783,115.7205488421236,0,0,85.08165010221937,85.08165010221937,86.18929059036742
3454,2021-07-08T06:12:37,2021-07-08T06:40:37,169,75.2,92.0,16.799999999999997,19.520418638888895,116.19296808862438,28.0,124.59,41.43,135.42391304347825,-41.8295900591716,-41.10001,34.0,36.0,116.19296808862438,115.76203453752956,0,0,86.54115099998826,86.54115099998826,86.22018936065899
3457,2021-07-08T13:02:31,2021-07-08T13:20:11,107,56.4,74.4,18.000000000000007,20.614583652777778,114.52546473765427,17.66666603088379,100.66,33.47,135.29569892473117,-70.01215065420561,-69.89999,36.14018691588785,37.0,114.52546473765427,115.7205488421236,0,0,85.29918548638487,85.29918548638487,86.18929059036742
3458,2021-07-08T13:20:22,2021-07-08T13:38:42,111,74.4,92.8,18.39999999999999,21.380415819444444,116.19791206219811,18.33333396911621,125.67,41.79,135.42025862068968,-69.97206927927928,-69.89999,37.22072072072072,38.0,116.19791206219811,115.7205488421236,0,0,86.5448332982428,86.5448332982428,86.18929059036742
3460,2021-07-08T21:11:32,2021-07-08T22:10:05,441,40.4,97.6,57.199999999999996,66.1183672238889,115.59155109071486,58.54999923706055,132.19,43.96,135.4405737704918,-67.7335663628118,-41.700012,37.64852607709751,40.0,115.59155109071486,115.68226944694376,0,0,86.09321236750277,86.09321236750277,86.16077988982381
3462,2021-07-09T04:37:20,2021-07-09T04:54:10,102,40.0,51.2,11.200000000000003,12.651806444444443,112.96255753968249,16.83333396911621,69.21,23.02,135.17578124999997,-45.09510117647057,-44.70001,36.254901960784316,38.0,112.96255753968249,115.67414460864617,0,0,84.13512375318703,84.13512375318703,86.15472846632093
3463,2021-07-09T04:54:21,2021-07-09T05:12:51,112,51.2,63.6,12.399999999999999,13.628612402777776,109.90816453853047,18.5,86.07,28.62,135.33018867924528,-44.20000419642857,-43.5,37.263392857142854,39.0,109.90816453853047,115.62884453293051,0,0,81.86019532787657,81.86019532787657,86.12098872494664
3464,2021-07-09T05:13:02,2021-07-09T05:29:42,101,63.6,74.0,10.399999999999999,11.94263973611111,114.83307438568377,16.66666603088379,100.2,33.32,135.40540540540542,-42.99307227722773,-42.39999,37.915841584158414,39.0,114.83307438568377,115.62884453293051,0,0,85.52829481577965,85.52829481577965,86.12098872494664
3465,2021-07-09T05:29:53,2021-07-09T05:46:53,103,74.0,84.4,10.400000000000006,11.906529930555559,114.48586471688031,17.0,114.28,38.0,135.4028436018957,-42.022337572815545,-41.5,38.0,39.0,114.48586471688031,115.62884453293051,0,0,85.26969117675687,85.26969117675687,86.12098872494664
3466,2021-07-09T05:47:04,2021-07-09T06:05:24,111,84.4,95.2,10.799999999999997,12.53514079166667,116.06611844135809,18.33333396911621,128.95,42.88,135.45168067226888,-41.02433054054055,-40.5,38.0,39.0,116.06611844135809,115.62884453293051,0,0,86.44667269670579,86.44667269670579,86.12098872494664
3468,2021-07-09T16:13:23,2021-07-09T17:39:55,650,35.2,95.200005,60.000005,69.08712014666668,115.14519064901191,86.53333282470703,128.92,42.879997,135.42016095482344,-47.86800625538462,0.0,40.098461538461535,42.0,115.14519064901191,115.62884453293051,0,0,85.76076069662048,85.76076069662048,86.12098872494664
3470,2021-07-10T00:33:18,2021-07-10T00:51:28,110,25.2,40.8,15.599999999999998,17.94417166666667,115.02674145299149,18.16666603088379,55.09,18.32,135.02450980392157,-59.265471090909074,-59.20001,38.83181818181818,41.0,115.02674145299149,115.57370647268627,0,0,85.67253909485528,85.67253909485528,86.079921599492
3471,2021-07-10T00:51:39,2021-07-10T01:08:09,100,41.2,55.2,14.0,16.28944813888889,116.35320099206349,16.5,74.75,24.85,135.41666666666666,-59.235013499999994,-59.20001,40.105,42.0,116.35320099206349,115.57370647268627,0,0,86.66049333300374,86.66049333300374,86.079921599492
3472,2021-07-10T01:08:20,2021-07-10T01:26:40,111,55.2,71.2,16.0,18.10806052777778,113.17537829861112,18.33333396911621,96.46,32.07,135.4775280898876,-59.26307936936936,-59.20001,41.4009009009009,43.0,113.17537829861112,115.57370647268627,0,0,84.29363380536444,84.29363380536444,86.079921599492
3475,2021-07-10T07:13:17,2021-07-10T08:17:27,483,28.4,93.2,64.80000000000001,74.89915635416669,115.58511783050413,64.16666412353516,126.25,41.98,135.46137339055792,-70.03561409937889,-69.80002,38.56107660455486,42.0,115.58511783050413,115.57048984258091,0,0,86.08842084050697,86.08842084050697,86.0775258359941
3477,2021-07-10T15:22:15,2021-07-10T15:52:45,184,20.4,47.6,27.200000000000003,30.856671833333333,113.44364644607842,30.5,64.3,21.38,135.08403361344537,-60.70164059782609,-60.70001,42.08423913043478,44.0,113.44364644607842,115.52052702342493,0,0,84.493441372383,84.493441372383,86.04031325808953
3478,2021-07-10T15:52:56,2021-07-10T16:21:46,174,47.6,73.2,25.6,29.17167166666667,113.95184244791668,28.83333396911621,99.1,32.96,135.38251366120218,-60.70403339080458,-60.70001,44.339080459770116,46.0,113.95184244791668,115.45650953855639,0,0,84.87194850285866,84.87194850285866,85.99263268915507
3479,2021-07-10T16:21:57,2021-07-10T16:50:07,170,73.2,95.6,22.39999999999999,26.57625466666667,118.6439940476191,28.16666603088379,129.44,43.04,135.39748953974896,-56.58236282352942,-42.39999,45.11176470588235,47.0,118.6439940476191,115.52052702342493,0,0,88.36668838931173,88.36668838931173,86.04031325808953
3480,2021-07-11T00:24:58,2021-07-11T01:38:05,550,26.0,97.6,71.6,82.98707124861113,115.90373079414962,73.11666870117188,132.08,43.92,135.32786885245903,-68.08563783636365,-41.5,40.97909090909091,44.0,115.90373079414962,115.57048984258091,0,0,86.3257254988781,86.3257254988781,86.0775258359941
3481,2021-07-11T14:13:59,2021-07-11T15:26:20,543,21.6,94.8,73.19999999999999,84.28243335416667,115.139936276184,72.3499984741211,128.25,42.65,135.28481012658227,-69.89576661141805,-69.60001,40.64825046040516,44.0,115.139936276184,115.52052702342493,0,0,85.75684721132278,85.75684721132278,86.04031325808953
3482,2021-07-11T21:16:19,2021-07-11T21:35:09,114,43.2,62.4,19.199999999999996,22.011947472222225,114.64555975115745,18.83333396911621,84.48,28.09,135.3846153846154,-70.1263254385965,-70.0,40.276315789473685,42.0,114.64555975115745,115.52052702342493,0,0,85.38863290191175,85.38863290191175,86.04031325808953
3483,2021-07-11T21:35:20,2021-07-11T22:10:15,212,62.4,96.8,34.4,39.80258868055556,115.7051996527778,34.91666793823242,131.02,43.57,135.3512396694215,-68.35000915094341,-41.89999,41.551886792452834,43.0,115.7051996527778,115.52052702342493,0,0,86.17785843113477,86.17785843113477,86.04031325808953
3486,2021-07-12T15:46:57,2021-07-12T16:20:27,202,27.6,50.0,22.4,25.593476319444445,114.25659071180557,33.5,67.51,22.45,135.02,-45.83862123762376,-45.20001,39.09405940594059,41.0,114.25659071180557,115.45650953855639,0,0,85.09892665787126,85.09892665787126,85.99263268915507
3487,2021-07-12T16:20:38,2021-07-12T16:50:18,179,50.0,69.6,19.599999999999994,21.937363069444444,111.92532178287985,29.66666603088379,94.1,31.29,135.20114942528735,-44.36760173184358,-43.39999,41.16480446927374,43.0,111.92532178287985,115.28650876696625,0,0,83.36258495218509,83.36258495218509,85.8660151951164
3488,2021-07-12T16:50:29,2021-07-12T17:11:19,126,69.6,82.4,12.800000000000011,14.852502749999998,116.03517773437488,20.83333396911621,111.42,37.05,135.21844660194174,-42.77540468253967,-42.20001,42.0,43.0,116.03517773437488,115.28650876696625,0,0,86.42362789081841,86.42362789081841,85.8660151951164
3490,2021-07-12T19:56:16,2021-07-12T20:24:06,168,74.0,97.6,23.599999999999994,27.30555966666667,115.70152401129948,27.83333396911621,132.03,43.9,135.2766393442623,-58.815484999999995,-41.80002,41.160714285714285,43.0,115.70152401129948,115.49184436978913,0,0,86.17512079348398,86.17512079348398,86.01895026254678
3492,2021-07-13T16:55:33,2021-07-13T17:14:03,112,19.2,37.6,18.400000000000002,21.564026625,117.19579687499998,18.5,50.74,16.87,134.9468085106383,-69.93749625,-69.80002,39.875,42.0,117.19579687499998,115.57048984258091,0,0,87.28806330334444,87.28806330334444,86.0775258359941
3494,2021-07-13T17:22:52,2021-07-13T17:41:12,111,45.2,63.6,18.4,21.130279486111124,114.83847546799524,18.33333396911621,86.02,28.6,135.25157232704402,-69.12973540540538,-63.10001,42.8018018018018,45.0,114.83847546799524,115.57048984258091,0,0,85.5323175710941,85.5323175710941,86.0775258359941
3495,2021-07-13T17:41:23,2021-07-13T18:00:03,113,64.0,81.2,17.200000000000003,19.660281166666667,114.3039602713178,18.66666603088379,109.81,36.52,135.23399014778323,-63.19381619469027,-63.10001,44.0,45.0,114.3039602713178,115.50647235771237,0,0,85.13420776196892,85.13420776196892,86.02984526705964
3496,2021-07-13T18:00:14,2021-07-13T18:20:24,122,81.2,96.4,15.200000000000003,17.865281819444444,117.53474881213448,20.16666603088379,130.49,43.39,135.36307053941908,-53.14755303278689,-41.60001,44.49180327868852,46.0,117.53474881213448,115.5883344606095,0,0,87.54051653916265,87.54051653916265,86.09081660400487
3498,2021-07-14T03:35:28,2021-07-14T04:02:08,161,23.6,47.2,23.6,27.095556041666665,114.81167814265535,26.66666603088379,63.72,21.19,135.0,-60.96397627329193,-60.60001,36.80124223602485,39.0,114.81167814265535,115.5883344606095,0,0,85.51235877826193,85.51235877826193,86.09081660400487
3499,2021-07-14T04:02:19,2021-07-14T04:32:59,185,47.2,74.8,27.599999999999994,31.201669055555552,113.04952556360709,30.66666603088379,101.19,33.65,135.2807486631016,-61.04703172972973,-61.0,39.505405405405405,42.0,113.04952556360709,115.5883344606095,0,0,84.19989800772616,84.19989800772616,86.09081660400487
3500,2021-07-14T04:33:10,2021-07-14T05:00:30,165,74.8,97.6,22.799999999999997,26.880004472222225,117.89475645711504,27.33333396911621,132.04,43.91,135.28688524590163,-58.96182799999999,-42.70001,40.839393939393936,42.0,117.89475645711504,115.5883344606095,0,0,87.80865218005314,87.80865218005314,86.09081660400487
3501,2021-07-14T14:03:04,2021-07-14T14:25:54,172,8.400001,32.0,23.599999,26.632543391666673,112.84976491595052,22.83333396911621,43.1,14.33,134.6875,-69.98314401162791,-69.60001,41.0,42.0,112.84976491595052,115.50647235771237,0,0,84.05111519705282,84.05111519705282,86.02984526705964
3502,2021-07-14T14:26:50,2021-07-14T15:41:04,557,31.6,97.6,66.0,76.919035225,116.54399276515151,74.23332977294922,131.85,43.85,135.0922131147541,-62.0969539497307,0.0,43.9165170556553,46.0,116.54399276515151,115.5883344606095,0,0,86.80259607739505,86.80259607739505,86.09081660400487
3503,2021-07-15T12:06:26,2021-07-15T12:24:56,112,18.4,37.2,18.800000000000004,21.619030486111118,114.99484301122932,18.5,50.27,16.71,135.13440860215053,-70.11518732142858,-70.0,36.111607142857146,37.0,114.99484301122932,115.5883344606095,0,0,85.64878096292514,85.64878096292514,86.09081660400487
3504,2021-07-15T12:25:07,2021-07-15T12:55:17,182,37.2,68.0,30.799999999999997,35.24944933333334,114.44626406926409,30.16666603088379,91.86,30.55,135.08823529411762,-70.10935038461538,-70.0,38.55769230769231,41.0,114.44626406926409,115.50647235771237,0,0,85.24019640025337,85.24019640025337,86.02984526705964
3505,2021-07-15T12:55:28,2021-07-15T13:24:18,174,68.4,96.4,28.0,33.1125045,118.25894464285713,28.83333396911621,130.34,43.35,135.20746887966806,-68.83046908045978,-41.89999,40.78735632183908,42.0,118.25894464285713,115.50647235771237,0,0,88.07990151031106,88.07990151031106,86.02984526705964
3508,2021-07-15T17:51:26,2021-07-15T18:14:26,139,51.6,66.8,15.199999999999996,16.935556902777776,111.41813751827486,23.0,90.18,29.99,135.00000000000003,-44.17914021582734,-43.30002,40.47841726618705,42.0,111.41813751827486,115.28650876696625,0,0,82.9848313690722,82.9848313690722,85.8660151951164
3509,2021-07-15T18:14:37,2021-07-15T18:37:07,136,66.8,80.4,13.600000000000009,15.998890680555556,117.63890206290841,22.5,108.57,36.1,135.03731343283582,-42.66397529411765,-42.0,41.0,42.0,117.63890206290841,115.28650876696625,0,0,87.61809044359627,87.61809044359627,85.8660151951164
3510,2021-07-15T18:37:18,2021-07-15T18:57:38,123,80.8,92.4,11.600000000000009,14.055001833333334,121.1638089080459,20.33333396911621,124.83,41.51,135.09740259740258,-41.47317617886179,-40.80002,41.0,42.0,121.1638089080459,115.28650876696625,0,0,90.24346012442983,90.24346012442983,85.8660151951164
3512,2021-07-16T04:38:19,2021-07-16T05:26:23,361,52.0,97.6,45.599999999999994,53.04421221527778,116.32502678788988,48.06666564941406,131.91,43.86,135.15368852459017,-66.17895224376731,-41.5,34.58310249307479,37.0,116.32502678788988,115.36515423975803,0,0,86.6395090333701,86.6395090333701,85.92459076856372
3513,2021-07-16T13:42:45,2021-07-16T14:52:15,523,32.0,97.6,65.6,76.08422446,115.98204948170734,69.5,131.84999,43.85,135.09220286885244,-65.62428494837476,-41.700012,38.089866156787764,41.0,115.98204948170734,115.36515423975803,0,0,86.38405768091586,86.38405768091586,85.92459076856372
3516,2021-07-16T23:17:29,2021-07-16T23:33:59,100,48.0,65.2,17.200000000000003,19.266668291666672,112.01551332364342,16.5,88.07,29.28,135.07668711656441,-70.0610059,-69.80002,36.595,39.0,112.01551332364342,115.14256346259796,0,0,83.42976009949854,83.42976009949854,85.75880395397164
3523,2021-07-17T19:52:35,2021-07-17T20:09:05,100,36.8,51.2,14.400000000000006,16.444449888888894,114.19756867283951,16.5,69.17,23.0,135.09765625,-59.7980198,-59.70001,36.42,38.0,114.19756867283951,115.11673356707945,0,0,85.05496672406018,85.05496672406018,85.73956570810226
3524,2021-07-17T20:09:16,2021-07-17T20:26:36,105,51.2,66.4,15.200000000000003,17.273894388888895,113.64404203216377,17.33333396911621,89.67,29.82,135.04518072289156,-59.79430476190477,-59.70001,37.957142857142856,39.0,113.64404203216377,115.08333886458774,0,0,84.64269708863182,84.64269708863182,85.71469315308903
3525,2021-07-17T20:26:47,2021-07-17T20:43:57,104,66.8,81.6,14.799999999999997,17.10750552777779,115.59125356606617,17.16666603088379,110.32,36.69,135.19607843137254,-59.79328855769232,-59.70001,39.0,40.0,115.59125356606617,115.14256346259796,0,0,86.09299076953543,86.09299076953543,85.75880395397164
3526,2021-07-17T20:44:08,2021-07-17T21:04:08,121,81.6,98.0,16.400000000000006,19.14875580555556,116.7607061314363,20.0,132.4,44.03,135.10204081632654,-57.390100000000004,-41.5,39.40909090909091,41.0,116.7607061314363,115.14256346259796,0,0,86.9640053645824,86.9640053645824,85.75880395397164
3528,2021-07-18T14:37:09,2021-07-18T14:58:29,129,37.2,59.2,22.0,24.866803347222223,113.03092430555556,21.33333396911621,79.98,26.6,135.10135135135133,-69.93797829457364,-69.89999,37.76744186046512,40.0,113.03092430555556,115.08333886458774,0,0,84.18604369013441,84.18604369013441,85.71469315308903
3529,2021-07-18T14:58:40,2021-07-18T15:21:00,135,59.2,82.0,22.799999999999997,26.027219388888884,114.15447100389862,22.33333396911621,110.85,36.86,135.1829268292683,-69.92369607407409,-69.89999,40.162962962962965,42.0,114.15447100389862,115.0107922321104,0,0,85.02286734716229,85.02286734716229,85.66066002889022
3532,2021-07-19T03:06:21,2021-07-19T03:25:51,118,19.6,32.4,12.799999999999997,14.93375105555555,116.66993012152776,19.5,43.61,14.5,134.59876543209876,-45.95000330508473,-45.70001,34.182203389830505,36.0,116.66993012152776,115.08333886458774,0,0,86.89639490148899,86.89639490148899,85.71469315308903
3533,2021-07-19T03:26:02,2021-07-19T03:47:52,132,32.4,47.2,14.800000000000004,16.52764102777778,111.67325018768766,21.83333396911621,63.56,21.14,134.66101694915253,-45.41970287878788,-45.10001,35.40909090909091,37.0,111.67325018768766,115.0107922321104,0,0,83.1748406648914,83.1748406648914,85.66066002889022
3534,2021-07-19T03:48:03,2021-07-19T04:10:23,135,47.2,61.6,14.399999999999999,16.57833652777778,115.12733699845681,22.33333396911621,83.06,27.62,134.83766233766235,-44.537786370370384,-43.80002,36.81111111111111,39.0,115.12733699845681,115.07703922572415,0,0,85.7474632011351,85.7474632011351,85.7100011479952
3535,2021-07-19T04:10:34,2021-07-19T04:30:44,122,62.0,74.4,12.400000000000006,14.498752722222225,116.92542517921144,20.16666603088379,100.46,33.41,135.02688172043008,-43.13689336065575,-42.5,38.0,39.0,116.92542517921144,115.07703922572415,0,0,87.08668900216028,87.08668900216028,85.7100011479952
3536,2021-07-19T04:30:55,2021-07-19T04:53:35,137,74.4,88.0,13.599999999999994,15.827085236111113,116.37562673611117,22.66666603088379,118.8,39.5,135.0,-41.89489554744525,-41.20001,38.0,39.0,116.37562673611117,115.07703922572415,0,0,86.6771961484481,86.6771961484481,85.7100011479952
3538,2021-07-19T11:40:25,2021-07-19T11:57:55,106,31.2,48.8,17.599999999999998,20.38680351388889,115.83411087436869,17.5,65.84,21.89,134.91803278688525,-69.8971629245283,-69.80002,35.75471698113208,38.0,115.83411087436869,115.13363663732041,0,0,86.27387220612313,86.27387220612313,85.75215520622893
3539,2021-07-19T11:58:06,2021-07-19T12:19:16,128,49.2,70.8,21.599999999999994,24.65083230555555,114.12422363683127,21.16666603088379,95.49,31.75,134.8728813559322,-69.87655953125,-69.80002,38.078125,40.0,114.12422363683127,115.13363663732041,0,0,85.0003389445938,85.0003389445938,85.75215520622893
3542,2021-07-19T16:04:06,2021-07-19T16:24:16,122,64.0,86.0,22.0,25.229584708333334,114.67993049242425,20.16666603088379,116.16,38.63,135.06976744186045,-75.02541385245902,-70.39999,37.635245901639344,39.0,114.67993049242425,115.13363663732041,0,0,85.41423241588303,85.41423241588303,85.75215520622893
3545,2021-07-20T20:53:07,2021-07-20T21:09:37,100,35.6,52.8,17.199999999999996,19.320836388888896,112.3304441214471,16.5,71.14,23.65,134.73484848484847,-70.25801099999998,-70.0,31.12,33.0,112.3304441214471,115.13363663732041,0,0,83.66432226083766,83.66432226083766,85.75215520622893
3546,2021-07-20T21:09:48,2021-07-20T21:28:28,113,52.8,72.0,19.200000000000003,21.828058472222224,113.68780454282407,18.66666603088379,97.27,32.35,135.09722222222223,-70.16107132743365,-69.89999,33.36725663716814,35.0,113.68780454282407,115.07703922572415,0,0,84.67529164323777,84.67529164323777,85.7100011479952
3547,2021-07-20T21:28:39,2021-07-20T21:48:59,123,72.4,92.8,20.39999999999999,23.770975333333336,116.52438888888895,20.33333396911621,125.28,41.66,135.0,-70.14391162601628,-69.89999,34.76829268292683,36.0,116.52438888888895,115.07703922572415,0,0,86.78799500433762,86.78799500433762,85.7100011479952
3549,2021-07-21T16:48:39,2021-07-21T18:22:29,704,13.2,92.8,79.6,91.27023300555555,114.6610967406477,93.83333587646484,125.35,41.68,135.07543103448276,-58.36009210227274,-53.89999,34.6015625,38.0,114.6610967406477,115.06109000484307,0,0,85.40020493570758,85.40020493570758,85.69812208203012
3551,2021-07-22T00:55:52,2021-07-22T01:13:32,107,38.8,54.4,15.600000000000001,17.811110833333334,114.17378739316237,17.66666603088379,73.42,24.41,134.96323529411765,-60.490653271028044,-60.39999,33.95794392523364,36.0,114.17378739316237,114.91665923961227,0,0,85.0372542983483,85.0372542983483,85.59054926700962
3552,2021-07-22T01:13:43,2021-07-22T01:30:13,100,54.4,69.2,14.800000000000004,16.633055111111116,112.3855075075075,16.5,93.32,31.03,134.85549132947975,-60.4839984,-60.39999,35.64,37.0,112.3855075075075,114.91665923961227,0,0,83.70533376855634,83.70533376855634,85.59054926700962
3553,2021-07-22T01:30:24,2021-07-22T01:48:54,112,69.2,85.2,16.0,18.653055444444444,116.58159652777778,18.5,114.97,38.23,134.94131455399062,-60.49642821428571,-60.39999,36.638392857142854,38.0,116.58159652777778,114.91665923961227,0,0,86.83060356315896,86.83060356315896,85.59054926700962
3556,2021-07-22T08:01:47,2021-07-22T08:23:37,132,38.8,61.2,22.400000000000006,25.693336972222227,114.70239719742062,21.83333396911621,82.50999,27.44,134.8202450980392,-70.60758575757576,-70.60001,36.43560606060606,39.0,114.70239719742062,114.91665923961227,0,0,85.43096573926351,85.43096573926351,85.59054926700962
3557,2021-07-22T08:23:48,2021-07-22T08:44:08,123,61.6,82.4,20.800000000000004,23.946947833333333,115.12955689102562,20.33333396911621,111.32,37.02,135.09708737864077,-70.66342463414637,-70.60001,38.47154471544715,40.0,115.12955689102562,115.06109000484307,0,0,85.74911658912546,85.74911658912546,85.69812208203012
3558,2021-07-22T08:44:19,2021-07-22T09:01:59,107,82.4,97.6,15.199999999999989,18.19097402777778,119.67746070906443,17.66666603088379,131.75,43.81,134.98975409836066,-61.73178177570094,-42.39999,39.26168224299065,41.0,119.67746070906443,115.06109000484307,0,0,89.13641994770842,89.13641994770842,85.69812208203012
3560,2021-07-22T13:21:19,2021-07-22T13:49:29,170,68.4,85.6,17.19999999999999,20.00375252777778,116.3008867894058,28.16666603088379,115.58,38.43,135.02336448598132,-42.61177011764706,-41.80002,39.03529411764706,40.0,116.3008867894058,115.06109000484307,0,0,86.62152943195089,86.62152943195089,85.69812208203012
3561,2021-07-22T13:49:40,2021-07-22T14:10:10,124,86.0,97.6,11.599999999999994,14.084030763888888,121.41405830938703,20.5,131.83,43.84,135.07172131147541,-41.22178298387096,-40.60001,39.75403225806452,41.0,121.41405830938703,115.06109000484307,0,0,90.42984723188887,90.42984723188887,85.69812208203012
3562,2021-07-22T22:00:51,2021-07-22T22:48:14,356,46.0,93.6,47.599999999999994,55.115202300000014,115.78824012605047,47.38333511352539,126.28,42.0,134.91452991452994,-69.79074030898877,-69.5,39.728932584269664,42.0,115.78824012605047,115.12844694474121,0,0,86.23970742470829,86.23970742470829,85.74828989513028
3564,2021-07-23T04:04:06,2021-07-23T04:24:26,123,49.2,66.4,17.200000000000003,19.97653002777778,116.14261644056846,20.33333396911621,89.57,29.78,134.894578313253,-58.946348130081304,-57.60001,36.94308943089431,39.0,116.14261644056846,115.12844694474121,0,0,86.50364882021623,86.50364882021623,85.74828989513028
3565,2021-07-23T04:24:37,2021-07-23T04:54:27,180,66.4,90.4,24.0,27.908057652777778,116.28357355324074,29.83333396911621,122.0,40.57,134.95575221238937,-56.128337611111114,-54.5,37.986111111111114,39.0,116.28357355324074,115.36040522854589,0,0,86.60863444002577,86.60863444002577,85.92105367933044
3568,2021-07-23T15:24:26,2021-07-23T15:40:56,100,41.6,58.8,17.199999999999996,19.236806013888895,111.84189542958663,16.5,79.28,26.36,134.82993197278913,-69.9520016,-69.70001,41.67,44.0,111.84189542958663,115.36040522854589,0,0,83.30044855308543,83.30044855308543,85.92105367933044
3571,2021-07-23T20:28:56,2021-07-23T20:46:16,105,34.0,51.2,17.200000000000003,19.617779222222225,114.05685594315244,17.33333396911621,69.1,22.98,134.9609375,-67.89905257142858,-63.70001,43.01904761904762,45.0,114.05685594315244,115.12844694474121,0,0,84.95016312201965,84.95016312201965,85.74828989513028
3572,2021-07-23T20:46:27,2021-07-23T21:04:37,110,51.6,68.4,16.800000000000004,19.34666611111111,115.15872685185181,18.16666603088379,92.17,30.65,134.75146198830407,-63.896361999999996,-63.70001,44.57727272727273,47.0,115.15872685185181,115.12844694474121,0,0,85.77084253369895,85.77084253369895,85.74828989513028
3573,2021-07-23T21:04:48,2021-07-23T21:22:58,110,68.4,85.2,16.799999999999997,19.350833138888888,115.18353058862435,18.16666603088379,114.98,38.24,134.9530516431925,-63.91090854545455,-63.70001,45.5,47.0,115.18353058862435,115.12844694474121,0,0,85.7893164909849,85.7893164909849,85.74828989513028
3574,2021-07-23T21:23:09,2021-07-23T21:40:49,107,85.2,97.6,12.399999999999991,15.142778305555556,122.11917988351263,17.66666603088379,131.59,43.76,134.82581967213116,-51.44299242990654,-41.89999,45.5,47.0,122.11917988351263,115.1441418714387,0,0,90.95502559357087,90.95502559357087,85.75997956141221
3575,2021-07-25T00:44:35,2021-07-25T01:09:05,148,36.4,52.8,16.4,18.465694847222217,112.59570028794036,24.5,71.2,23.67,134.84848484848484,-45.22229837837838,-44.70001,37.310810810810814,39.0,112.59570028794036,115.1441418714387,0,0,83.86188648813808,83.86188648813808,85.75997956141221
3576,2021-07-25T01:09:16,2021-07-25T01:37:26,170,52.8,70.8,18.0,20.56041823611111,114.22454575617284,28.16666603088379,95.49,31.75,134.8728813559322,-43.79765041176471,-42.89999,38.891176470588235,40.0,114.22454575617284,115.12844694474121,0,0,85.07505940161798,85.07505940161798,85.74828989513028
3577,2021-07-25T01:37:37,2021-07-25T02:07:07,178,71.2,88.8,17.599999999999994,20.674170069444443,117.46687539457075,29.5,119.78,39.83,134.88738738738738,-42.04944511235956,-41.20001,39.5,40.0,117.46687539457075,115.1441418714387,0,0,87.48996405070407,87.48996405070407,85.75997956141221
3580,2021-07-25T23:33:17,2021-07-25T23:49:47,100,30.0,46.8,16.799999999999997,19.216110277777773,114.38160879629628,16.5,62.96,20.94,134.52991452991455,-69.8769969,-69.80002,38.68,41.0,114.38160879629628,115.1441418714387,0,0,85.19204080329345,85.19204080329345,85.75997956141221
3582,2021-07-26T00:05:39,2021-07-26T00:22:39,103,62.8,80.0,17.200000000000003,19.794722583333325,115.0855964147286,17.0,107.89,35.88,134.86249999999998,-69.86407883495146,-69.80002,41.46116504854369,43.0,115.0855964147286,115.12844694474121,0,0,85.7163745886427,85.7163745886427,85.74828989513028
3584,2021-07-26T02:59:51,2021-07-26T03:45:19,342,49.2,82.0,32.8,37.66878303111111,114.84385070460706,45.46666717529297,110.549995,36.76,134.81706707317073,-49.71258005847954,-48.200012,38.16520467836257,40.0,114.84385070460706,115.12844694474121,0,0,85.53632107639167,85.53632107639167,85.74828989513028
3587,2021-07-26T13:20:02,2021-07-26T13:37:02,103,37.6,55.2,17.6,20.258888944444443,115.10732354797977,17.0,74.46,24.76,134.89130434782606,-71.50194194174757,-71.5,39.29611650485437,41.0,115.10732354797977,115.1173302732183,0,0,85.73255707498775,85.73255707498775,85.74001013806142
3596,2021-07-27T03:33:16,2021-07-27T03:49:46,100,52.8,69.6,16.799999999999997,19.21389016666667,114.36839384920637,16.5,93.84,31.21,134.82758620689657,-69.86900469999999,-69.60001,38.855,41.0,114.36839384920637,115.1173302732183,0,0,85.18219823923489,85.18219823923489,85.74001013806142
3601,2021-07-27T11:06:22,2021-07-27T11:25:12,114,55.2,74.4,19.200000000000003,22.00777988888889,114.62385358796296,18.83333396911621,100.25,33.34,134.74462365591395,-70.11316464912281,-69.80002,39.083333333333336,41.0,114.62385358796296,115.1173302732183,0,0,85.3724660341783,85.3724660341783,85.74001013806142
3602,2021-07-27T11:25:23,2021-07-27T11:42:43,105,74.4,91.6,17.19999999999999,20.233196402777782,117.63486280684765,17.33333396911621,123.42,41.04,134.73799126637556,-70.03714952380953,-69.70001,40.0,41.0,117.63486280684765,115.1173302732183,0,0,87.61508198383807,87.61508198383807,85.74001013806142
3607,2021-07-27T20:07:22,2021-07-27T20:24:52,106,58.8,74.0,15.200000000000003,17.568059444444444,115.57933845029237,17.5,99.68,33.14,134.7027027027027,-60.23303216981132,-60.20001,44.636792452830186,46.0,115.57933845029237,115.12844694474121,0,0,86.08411632687056,86.08411632687056,85.74828989513028
3613,2021-07-28T03:46:01,2021-07-28T04:03:11,104,40.4,55.2,14.800000000000004,17.13971952777778,115.8089157282282,17.16666603088379,74.31,24.71,134.61956521739128,-59.905759807692306,-59.89999,39.74038461538461,42.0,115.8089157282282,115.12844694474121,0,0,86.2551067250232,86.2551067250232,85.74828989513028
3614,2021-07-28T04:03:22,2021-07-28T04:21:02,107,55.6,70.8,15.199999999999996,17.637219277777774,116.03433735380116,17.66666603088379,95.35,31.71,134.67514124293785,-59.89999,-59.89999,41.21495327102804,43.0,116.03433735380116,115.12844694474121,0,0,86.42300197082236,86.42300197082236,85.74828989513028
3629,2021-07-29T02:08:59,2021-07-29T02:26:29,106,60.4,78.0,17.6,20.436946333333335,116.11901325757576,17.5,105.21,34.99,134.88461538461536,-70.06698754716982,-69.70001,36.60377358490566,38.0,116.11901325757576,115.12844694474121,0,0,86.48606904187805,86.48606904187805,85.74828989513028
3630,2021-07-29T02:26:40,2021-07-29T02:45:10,112,78.4,95.6,17.19999999999999,20.074446319444444,116.71189720607244,18.5,128.88,42.85,134.81171548117155,-65.02589892857144,-41.80002,37.20982142857143,39.0,116.71189720607244,115.12844694474121,0,0,86.92765221301441,86.92765221301441,85.74828989513028
3632,2021-07-29T13:49:27,2021-07-29T14:29:38,302,42.0,82.4,40.400000000000006,46.79670986527778,115.83344026058855,40.18333435058594,111.02,36.92,134.73300970873785,-69.8745055960265,-69.70001,38.53145695364238,41.0,115.83344026058855,115.1441418714387,0,0,86.27337272935301,86.27337272935301,85.75997956141221
3636,2021-07-30T00:44:53,2021-07-30T01:06:03,128,50.0,71.2,21.200000000000003,24.696666888888892,116.49371174004193,21.16666603088379,95.81,31.86,134.56460674157302,-70.006250625,-69.89999,37.2265625,39.0,116.49371174004193,115.17112872023807,0,0,86.7651464979754,86.7651464979754,85.78007951234193
3644,2021-07-30T12:38:47,2021-07-30T13:06:17,166,61.2,88.8,27.599999999999994,32.105557194444444,116.32448258856684,27.5,119.71,39.81,134.80855855855856,-70.04879879518073,-69.80002,38.31325301204819,40.0,116.32448258856684,115.38143451945837,0,0,86.6391037107713,86.6391037107713,85.93671640892774
3647,2021-07-30T20:00:25,2021-07-30T20:18:35,110,34.0,52.8,18.799999999999997,21.241252930555564,112.98538792848706,18.16666603088379,71.04,23.62,134.54545454545456,-70.153646,-70.0,35.70454545454545,38.0,112.98538792848706,115.17112872023807,0,0,84.15212795023463,84.15212795023463,85.78007951234193
3649,2021-07-30T20:33:57,2021-07-30T20:51:07,104,68.4,86.0,17.599999999999994,20.07972511111112,114.08934722222232,17.16666603088379,115.7,38.47,134.53488372093022,-70.18174086538463,-70.10001,38.91346153846154,40.0,114.08934722222232,115.1441418714387,0,0,84.9743628023826,84.9743628023826,85.75997956141221
3652,2021-07-31T02:49:48,2021-07-31T03:07:48,109,50.8,69.6,18.799999999999997,21.585415208333334,114.8160383421986,18.0,93.78,31.19,134.74137931034483,-71.95137128440366,-71.89999,37.857798165137616,40.0,114.8160383421986,115.1441418714387,0,0,85.51560627846155,85.51560627846155,85.75997956141221
3653,2021-07-31T03:07:59,2021-07-31T03:26:19,111,70.0,88.8,18.799999999999997,22.000277805555555,117.02275428486999,18.33333396911621,119.68,39.8,134.77477477477478,-72.00090099099098,-72.0,39.153153153153156,41.0,117.02275428486999,115.17112872023807,0,0,87.15918024640723,87.15918024640723,85.78007951234193
3656,2021-07-31T12:43:56,2021-07-31T13:11:36,167,22.4,46.8,24.4,28.113887499999997,115.22085040983606,27.66666603088379,63.0,20.95,134.6153846153846,-60.97005688622755,-60.89999,38.631736526946106,41.0,115.22085040983606,115.17112872023807,0,0,85.81711249564769,85.81711249564769,85.78007951234193
3657,2021-07-31T13:11:47,2021-07-31T13:41:07,177,47.2,72.8,25.599999999999994,29.80722072222222,116.43445594618056,29.33333396911621,97.92,32.56,134.5054945054945,-60.96948847457628,-60.89999,41.166666666666664,43.0,116.43445594618056,115.2021904992302,0,0,86.72101246225414,86.72101246225414,85.80321449331629
3658,2021-07-31T13:41:18,2021-07-31T14:08:28,164,72.8,96.0,23.200000000000003,27.343194319444446,117.85859620450191,27.16666603088379,129.31,43.0,134.69791666666669,-60.33841432926829,-42.89999,42.271341463414636,44.0,117.85859620450191,115.40009443006421,0,0,87.78171982835347,87.78171982835347,85.95061441125912
3660,2021-08-01T06:02:40,2021-08-01T06:29:00,159,35.2,58.4,23.199999999999996,26.766527208333336,115.37296210488509,26.33333396911621,78.58,26.13,134.55479452054794,-60.98679113207547,-60.89999,32.74528301886792,35.0,115.37296210488509,115.29690625736058,0,0,85.93040610873504,85.93040610873504,85.87375930219136
3661,2021-08-01T06:29:11,2021-08-01T06:53:21,146,58.8,80.0,21.200000000000003,24.58652948611111,115.97419568920334,24.16666603088379,107.76,35.83,134.7,-61.042469999999994,-61.0,34.85958904109589,36.0,115.97419568920334,115.29690625736058,0,0,86.37820813378583,86.37820813378583,85.87375930219136
3662,2021-08-01T06:53:32,2021-08-01T07:15:12,131,80.4,97.6,17.19999999999999,20.78111361111111,120.82042797157631,21.66666603088379,131.39,43.69,134.62090163934425,-57.505350381679385,-42.89999,35.98091603053435,37.0,120.82042797157631,115.29690625736058,0,0,89.98770814595497,89.98770814595497,85.87375930219136
3666,2021-08-01T17:28:27,2021-08-01T17:46:07,107,60.4,76.0,15.600000000000001,17.785138569444445,114.00729852207975,17.66666603088379,102.25,34.0,134.53947368421052,-60.40280261682243,-60.30002,42.89719626168224,44.0,114.00729852207975,115.29690625736058,0,0,84.91325248679986,84.91325248679986,85.87375930219136
3670,2021-08-02T10:27:54,2021-08-02T10:55:04,164,14.4,38.0,23.6,26.958474041666665,114.23082221045196,27.16666603088379,51.04,16.97,134.31578947368422,-59.54024792682927,-59.5,32.85670731707317,34.0,114.23082221045196,115.29690625736058,0,0,85.07973413870792,85.07973413870792,85.87375930219136
3671,2021-08-02T10:55:15,2021-08-02T11:22:25,164,38.4,61.6,23.200000000000003,26.949306458333336,116.16080369971263,27.16666603088379,82.96,27.58,134.67532467532467,-59.52012396341463,-59.5,35.176829268292686,37.0,116.16080369971263,115.47615027758873,0,0,86.51719478918287,86.51719478918287,86.0072612178028
3672,2021-08-02T11:22:36,2021-08-02T11:52:26,180,62.0,87.2,25.200000000000003,29.593195291666667,117.4333146494709,29.83333396911621,117.35,39.03,134.5756880733945,-59.51722394444445,-59.5,37.455555555555556,39.0,117.4333146494709,115.68378928817143,0,0,87.46496782625834,87.46496782625834,86.16191187578943
3675,2021-08-02T19:55:46,2021-08-02T20:16:36,126,27.6,48.8,21.199999999999996,24.56722755555556,115.88314884696021,20.83333396911621,65.51,21.78,134.24180327868854,-70.75398365079369,-70.70001,40.11904761904762,42.0,115.88314884696021,115.68378928817143,0,0,86.31039595330496,86.31039595330496,86.16191187578943
3676,2021-08-02T20:16:47,2021-08-02T20:36:37,120,49.2,69.6,20.39999999999999,23.377504027777785,114.59560797930293,19.83333396911621,93.74,31.17,134.683908045977,-70.72167883333334,-70.70001,42.4125,44.0,114.59560797930293,115.68378928817143,0,0,85.35142855209703,85.35142855209703,86.16191187578943
3677,2021-08-02T20:36:48,2021-08-02T20:55:08,111,70.0,87.6,17.599999999999994,20.842779791666665,118.42488517992427,18.33333396911621,118.03,39.25,134.73744292237444,-68.20721378378379,-64.39999,43.55855855855856,45.0,118.42488517992427,115.79857792713933,0,0,88.20349491971939,88.20349491971939,86.24740707486575
3680,2021-08-03T04:55:48,2021-08-03T05:12:58,104,48.8,66.4,17.60000000000001,20.052640694444445,113.93545849116157,17.16666603088379,89.21,29.67,134.3524096385542,-70.08750634615384,-69.89999,36.49519230769231,39.0,113.93545849116157,115.79857792713933,0,0,84.85974564326358,84.85974564326358,86.24740707486575
3681,2021-08-03T05:13:09,2021-08-03T05:29:59,102,66.8,83.6,16.799999999999997,19.66222386111112,117.0370467923281,16.83333396911621,112.45,37.39,134.50956937799043,-70.08431960784314,-69.80002,37.759803921568626,40.0,117.0370467923281,115.79857792713933,0,0,87.16982538325543,87.16982538325543,86.24740707486575
3684,2021-08-03T17:02:59,2021-08-03T17:20:09,104,34.8,52.8,18.0,20.415278222222216,113.41821234567898,17.16666603088379,70.92,23.58,134.3181818181818,-71.3538476923077,-71.20001,37.29326923076923,39.0,113.41821234567898,115.79857792713933,0,0,84.47449791685877,84.47449791685877,86.24740707486575
3685,2021-08-03T17:20:20,2021-08-03T17:38:40,111,53.2,72.0,18.799999999999997,21.799446555555562,115.95450295508279,18.33333396911621,96.89,32.22,134.56944444444446,-71.34415090090089,-71.30002,39.14414414414414,41.0,115.95450295508279,115.82117799440837,0,0,86.36354087891522,86.36354087891522,86.26423972718811
3689,2021-08-04T09:00:51,2021-08-04T09:18:20,106,44.4,59.6,15.200000000000003,17.526792915277777,115.30784812682747,17.483333587646484,80.17,26.66,134.51342281879195,-60.14811745283019,-59.70001,29.452830188679247,31.0,115.30784812682747,115.79857792713933,0,0,85.88190886574355,85.88190886574355,86.24740707486575
3690,2021-08-04T09:18:31,2021-08-04T09:40:41,134,60.0,79.2,19.200000000000003,22.224863333333335,115.75449652777777,22.16666603088379,106.43,35.39,134.38131313131314,-60.15672253731344,-59.70001,31.29850746268657,33.0,115.75449652777777,115.77136832691411,0,0,86.21457501023056,86.21457501023056,86.22714121746942
3790,2021-08-05T05:34:08,2021-08-05T05:50:38,100,65.6,78.0,12.400000000000006,13.634724805555559,109.95745810931898,16.5,104.9,34.89,134.4871794871795,-49.5640094,-41.5,34.2,35.0,109.95745810931898,115.66691748903507,0,0,81.89690944597778,81.89690944597778,86.14934566855055
3791,2021-08-05T05:50:49,2021-08-05T06:08:19,106,78.0,87.6,9.599999999999994,8.41555827777778,87.66206539351859,17.5,117.76,39.16,134.42922374429227,-28.83491500000001,-12.20001,34.448113207547166,35.0,115.75449652777777,115.66691748903507,1,0,65.29118037853156,86.21457501023056,86.14934566855055
3802,2021-08-05T20:57:03,2021-08-05T21:15:03,109,83.6,95.2,11.600000000000009,13.5,116.3793103448275,18.0,128.0,42.57,134.45378151260502,-45.0,-45.0,36.5,38.0,116.3793103448275,115.66691748903507,0,0,86.67993972014087,86.67993972014087,86.14934566855055
3804,2021-08-06T04:09:27,2021-08-06T04:27:07,107,14.0,26.0,12.0,13.773334194444445,114.77778495370372,17.66666603088379,34.78,11.56,133.76923076923077,-46.787853271028034,-46.30002,35.0,36.0,114.77778495370372,115.47615027758873,0,0,85.48711494783755,85.48711494783755,86.0072612178028
3805,2021-08-06T04:27:18,2021-08-06T04:56:38,177,26.0,45.6,19.6,22.515975388888894,114.87742545351476,29.33333396911621,61.17,20.34,134.14473684210526,-46.05537367231639,-45.60001,35.46610169491525,37.0,114.87742545351476,115.47615027758873,0,0,85.56132773094922,85.56132773094922,86.0072612178028
3806,2021-08-06T04:56:49,2021-08-06T05:23:09,159,45.6,63.2,17.6,19.73028141666666,112.10387168560601,26.33333396911621,84.89,28.23,134.31962025316454,-44.954725283018874,-44.10001,37.191823899371066,39.0,112.10387168560601,115.47615027758873,0,0,83.49556988532726,83.49556988532726,86.0072612178028
3807,2021-08-06T05:23:20,2021-08-06T05:50:00,161,63.2,80.0,16.799999999999997,19.212364055555557,114.35930985449738,26.66666603088379,107.61,35.78,134.5125,-43.22795689440994,-42.39999,38.0,39.0,114.35930985449738,115.47615027758873,0,0,85.17543243084972,85.17543243084972,86.0072612178028
3808,2021-08-06T05:50:11,2021-08-06T06:15:01,150,80.0,94.4,14.400000000000006,17.27291894444445,119.9508260030864,24.83333396911621,126.92,42.21,134.44915254237287,-41.733338800000006,-41.10001,38.0,39.0,119.9508260030864,115.66691748903507,0,0,89.34002389704611,89.34002389704611,86.14934566855055
3810,2021-08-06T18:52:40,2021-08-06T19:11:00,111,19.6,44.0,24.4,27.84847361111112,114.13308857012755,18.33333396911621,59.19,19.68,134.52272727272728,-91.14685144144147,-90.0,34.67567567567568,37.0,114.13308857012755,115.47615027758873,0,0,85.00694159485413,85.00694159485413,86.0072612178028
3811,2021-08-06T19:11:11,2021-08-06T19:32:51,131,44.0,72.0,28.0,31.72694695833334,113.3105248511905,21.66666603088379,96.71,32.16,134.31944444444443,-87.85725885496183,-85.20001,37.73664122137404,40.0,113.3105248511905,115.47615027758873,0,0,84.39429168859346,84.39429168859346,86.0072612178028
3812,2021-08-06T19:33:02,2021-08-06T19:51:22,111,72.4,94.0,21.599999999999994,25.408335416666663,117.63118248456792,18.33333396911621,126.54,42.08,134.61702127659575,-83.15406090090092,-81.0,39.66216216216216,41.0,117.63118248456792,115.66691748903507,0,0,87.61234085990107,87.61234085990107,86.14934566855055
3833,2021-08-07T01:46:41,2021-08-07T02:31:16,335,48.4,93.6,45.199999999999996,52.35316344166666,115.82558283554572,44.58333206176758,125.82,41.84,134.42307692307693,-70.45671208955224,-70.39999,35.56417910447761,38.0,115.82558283554572,115.66691748903507,0,0,86.26752047668843,86.26752047668843,86.14934566855055
3834,2021-08-07T15:48:56,2021-08-07T17:02:21,551,24.8,97.6,72.8,84.36144896111112,115.88111121031748,73.41666412353516,131.14,43.6,134.36475409836063,-68.92014885662432,-42.39999,40.245916515426494,44.0,115.88111121031748,115.75449652777777,0,0,86.30887831051399,86.30887831051399,86.21457501023056
3835,2021-08-08T16:07:17,2021-08-08T17:02:10,412,22.4,78.4,56.00000000000001,63.98189037777778,114.25337567460316,54.88333511352539,105.29,35.01,134.2984693877551,-69.94708900485438,-69.70001,34.36407766990291,38.0,114.25337567460316,115.75449652777777,0,0,85.09653208077609,85.09653208077609,86.21457501023056
3837,2021-08-08T22:35:23,2021-08-08T23:07:49,244,53.2,85.6,32.39999999999999,37.760377715277784,116.54437566443764,32.43333435058594,115.02,38.25,134.36915887850466,-69.85492299180329,-69.60001,35.29303278688525,37.0,116.54437566443764,115.78170612800298,0,0,86.80288126285407,86.80288126285407,86.23484086762687
3838,2021-08-09T01:59:15,2021-08-09T02:26:29,205,68.4,95.6,27.19999999999999,31.463001520833338,115.67279970894613,27.233333587646484,128.44,42.71,134.35146443514645,-69.25219848780489,-41.70001,35.74634146341464,37.0,115.67279970894613,115.78170612800298,0,0,86.15372677775116,86.15372677775116,86.23484086762687
3839,2021-08-09T06:12:08,2021-08-09T06:48:18,272,63.6,97.6,33.99999999999999,40.19736384722223,118.22754072712424,36.16666793823242,131.08,43.59,134.3032786885246,-66.64448981617647,-41.80002,35.76470588235294,38.0,118.22754072712424,115.81724928188696,0,0,88.0565117040419,88.0565117040419,86.26131360085581
3841,2021-08-09T15:34:45,2021-08-09T15:55:25,125,37.2,55.2,18.0,20.603338055555557,114.46298919753087,20.66666603088379,74.08,24.64,134.20289855072463,-59.8160136,-59.70001,33.704,36.0,114.46298919753087,115.81724928188696,0,0,85.25265336623539,85.25265336623539,86.26131360085581
3842,2021-08-09T15:55:36,2021-08-09T16:17:46,134,55.2,74.8,19.599999999999994,22.085561666666674,112.68143707483,22.16666603088379,100.5,33.42,134.35828877005346,-59.780613582089565,-59.70001,35.51119402985075,37.0,112.68143707483,115.78170612800298,0,0,83.92574371067508,83.92574371067508,86.23484086762687
3843,2021-08-09T16:17:57,2021-08-09T16:41:07,140,74.8,94.4,19.60000000000001,23.09278372222223,117.82032511337867,23.16666603088379,126.82,42.17,134.34322033898303,-59.80858685714286,-59.70001,36.42857142857143,38.0,117.82032511337867,115.81724928188696,0,0,87.75321531271615,87.75321531271615,86.26131360085581
3846,2021-08-10T13:58:37,2021-08-10T14:28:37,181,28.8,59.6,30.8,35.09778283333334,113.9538403679654,30.0,80.00999,26.6,134.24494966442953,-70.19559022099448,-70.10001,33.331491712707184,36.0,113.9538403679654,115.79003968166174,0,0,84.87343656451564,84.87343656451564,86.24104774345949
3847,2021-08-10T14:28:48,2021-08-10T14:56:18,166,59.6,87.6,27.999999999999993,32.136393444444444,114.77283373015877,27.5,117.63,39.11,134.28082191780823,-70.11567259036146,-70.0,36.69277108433735,38.0,114.77283373015877,115.75449652777777,0,0,85.48342724976523,85.48342724976523,86.21457501023056
3849,2021-08-10T22:43:31,2021-08-10T23:00:28,128,55.2,72.4,17.200000000000003,19.762028519444446,114.8955146479328,16.950000762939453,97.17,32.32,134.21270718232043,-69.953908984375,-69.70001,32.5703125,34.0,114.8955146479328,115.71364811836196,0,0,85.57480066077751,85.57480066077751,86.18415089399086
3853,2021-08-11T18:01:23,2021-08-11T18:19:43,111,37.6,56.4,18.799999999999997,21.34250172222223,113.52394533096933,18.33333396911621,75.66,25.16,134.14893617021278,-69.84775351351351,-69.60001,35.369369369369366,37.0,113.52394533096933,115.52288090691562,0,0,84.55324841610337,84.55324841610337,86.0420664432431
3854,2021-08-11T18:19:54,2021-08-11T18:36:34,101,56.4,73.2,16.800000000000004,19.39500200000001,115.4464404761905,16.66666603088379,98.29,32.68,134.275956284153,-69.82277950495049,-69.60001,37.52970297029703,39.0,115.4464404761905,115.4097012905378,0,0,85.98513319705181,85.98513319705181,85.95776965289343
3855,2021-08-11T18:36:45,2021-08-11T18:54:55,110,73.6,91.6,18.0,21.142780194444445,117.4598899691358,18.16666603088379,123.11,40.94,134.3995633187773,-69.83000799999999,-69.60001,38.46363636363636,40.0,117.4598899691358,115.4097012905378,0,0,87.48476126806318,87.48476126806318,85.95776965289343
3857,2021-08-12T14:23:44,2021-08-12T15:18:24,412,29.6,85.2,55.6,63.618603470833335,114.42194868854915,54.66666793823242,114.34,38.03,134.20187793427232,-69.82549230582525,-69.60001,37.1626213592233,40.0,114.42194868854915,115.34040511585627,0,0,85.22208617320013,85.22208617320013,85.9061574872393
3858,2021-08-13T10:51:40,2021-08-13T12:04:17,545,25.2,97.2,72.0,82.93338507916665,115.18525705439814,72.61666870117188,130.44,43.38,134.19753086419755,-68.49964135779815,-42.0,36.253211009174315,40.0,115.18525705439814,115.34040511585627,0,0,85.7906023720299,85.7906023720299,85.9061574872393
3859,2021-08-13T20:15:38,2021-08-13T21:01:17,343,50.4,95.6,45.199999999999996,52.50615397083334,116.16405745759589,45.650001525878906,128.27,42.66,134.17364016736403,-68.97201323615161,-41.70001,36.25072886297376,38.0,116.16405745759589,115.4097012905378,0,0,86.51961820565054,86.51961820565054,85.95776965289343
3860,2021-08-14T16:14:54,2021-08-14T17:46:07,685,22.0,97.6,75.6,87.14995338888887,115.2777161228689,91.21666717529297,130.93,43.54,134.14959016393445,-57.3230715620438,-41.70001,36.8985401459854,40.0,115.2777161228689,115.4097012905378,0,0,85.85946638624237,85.85946638624237,85.95776965289343
3861,2021-08-16T10:43:07,2021-08-16T11:50:47,508,29.2,96.0,66.8,77.42966987777778,115.91267945775118,67.66666412353516,128.86,42.85,134.22916666666669,-68.6305146456693,-41.80002,33.006889763779526,36.0,115.91267945775118,115.4097012905378,0,0,86.33239051192261,86.33239051192261,85.95776965289343
3864,2021-08-16T20:28:01,2021-08-16T20:44:31,100,57.2,74.0,16.799999999999997,19.27958591666667,114.75943998015876,16.5,99.37,33.04,134.2837837837838,-70.1080094,-70.0,39.545,41.0,114.75943998015876,115.4097012905378,0,0,85.47345151233229,85.47345151233229,85.95776965289343
3867,2021-08-17T06:25:18,2021-08-17T06:51:19,197,68.4,94.4,26.0,30.366973941666668,116.79605362179487,26.016666412353516,126.66,42.12,134.1737288135593,-70.03249121827412,-69.70001,35.31472081218274,37.0,116.79605362179487,115.4097012905378,0,0,86.99033236655949,86.99033236655949,85.95776965289343
3870,2021-08-17T14:46:12,2021-08-17T15:07:02,126,34.4,56.0,21.6,24.408617833333334,113.00286033950617,20.83333396911621,75.02,24.95,133.9642857142857,-70.29684476190481,-70.20001,39.00396825396825,41.0,113.00286033950617,115.34040511585627,0,0,84.16514149645187,84.16514149645187,85.9061574872393
3873,2021-08-19T17:27:50,2021-08-19T17:51:12,142,18.8,39.2,20.400000000000002,23.37916791666667,114.60376429738564,23.366666793823242,52.44,17.44,133.77551020408163,-60.03169330985915,-60.0,36.13732394366197,38.0,114.60376429738564,115.29278212484817,0,0,85.35750342191412,85.35750342191412,85.87068762599296
3874,2021-08-19T17:51:23,2021-08-19T18:07:53,100,39.2,53.2,14.0,16.504444888888887,117.88889206349204,16.5,71.33,23.72,134.07894736842104,-60.0160016,-60.0,37.54,39.0,117.88889206349204,115.29278212484817,0,0,87.80428434796829,87.80428434796829,85.87068762599296
3875,2021-08-19T18:08:04,2021-08-19T18:28:44,125,53.6,71.2,17.6,20.66986143055556,117.44239449179294,20.66666603088379,95.45,31.75,134.05898876404493,-60.00960095999999,-60.0,39.228,41.0,117.44239449179294,115.29278212484817,0,0,87.47173054192328,87.47173054192328,85.87068762599296
3876,2021-08-19T18:28:55,2021-08-19T18:45:35,101,71.2,85.2,14.0,16.671667166666666,119.08333690476188,16.66666603088379,114.32,38.02,134.17840375586854,-60.01782356435644,-60.0,40.103960396039604,41.0,119.08333690476188,115.37714430150899,0,0,88.69391332526276,88.69391332526276,85.93352103139767
3879,2021-08-20T10:34:23,2021-08-20T10:55:53,130,47.6,65.6,17.999999999999993,20.80180776388889,115.56559868827163,21.5,87.95,29.25,134.07012195121953,-58.05077530769231,-56.80002,32.81923076923077,34.0,115.56559868827163,115.50601958223106,0,0,86.07388287781336,86.07388287781336,86.02950803743258
3880,2021-08-20T10:56:04,2021-08-20T11:16:04,121,65.6,82.0,16.400000000000006,18.581668527777783,113.30285687669375,20.0,109.93,36.56,134.06097560975613,-55.74546008264463,-54.70001,34.14049586776859,35.0,113.30285687669375,115.37714430150899,0,0,84.38858053972015,84.38858053972015,85.93352103139767
3886,2021-08-20T19:06:26,2021-08-20T19:23:16,102,72.0,88.8,16.799999999999997,19.680697236111115,117.14700735780427,16.83333396911621,119.08,39.6,134.0990990990991,-70.15001,-69.89999,40.17156862745098,41.0,117.14700735780427,115.37714430150899,0,0,87.25172460708504,87.25172460708504,85.93352103139767
3888,2021-08-21T04:05:57,2021-08-21T05:31:07,641,6.4,92.4,86.0,99.4530470313889,115.64307794347548,85.16666412353516,123.93,41.21,134.12337662337663,-70.06474636817472,-69.899994,38.68408736349454,43.0,115.64307794347548,115.37714430150899,0,0,86.13158984609434,86.13158984609434,85.93352103139767
3890,2021-08-21T15:05:57,2021-08-21T15:22:57,103,10.0,27.2,17.2,19.620004166666675,114.06979166666672,17.0,36.31,12.07,133.49264705882354,-69.24661660194174,-69.20001,39.83009708737864,41.0,114.06979166666672,115.37714430150899,0,0,84.95979771884902,84.95979771884902,85.93352103139767
3891,2021-08-21T15:23:08,2021-08-21T15:42:18,116,27.2,46.8,19.599999999999998,22.124171722222226,112.87842715419504,19.16666603088379,62.65,20.83,133.86752136752136,-69.25777439655172,-69.20001,41.03879310344828,43.0,112.87842715419504,115.29278212484817,0,0,84.07246298710174,84.07246298710174,85.87068762599296
3892,2021-08-21T15:42:29,2021-08-21T16:01:49,117,46.8,65.6,18.799999999999997,21.853338208333337,116.24116068262416,19.33333396911621,87.88,29.22,133.96341463414635,-67.80685273504274,-63.10001,43.34615384615385,45.0,116.24116068262416,115.37714430150899,0,0,86.57704510462318,86.57704510462318,85.93352103139767
3895,2021-08-21T20:46:25,2021-08-21T21:04:55,112,51.2,69.6,18.39999999999999,21.367228361111106,116.1262410929952,18.5,93.41,31.06,134.20977011494253,-69.29912705357144,-69.20001,41.03125,43.0,116.1262410929952,115.37714430150899,0,0,86.49145237278634,86.49145237278634,85.93352103139767
3896,2021-08-21T21:05:06,2021-08-21T21:22:26,105,69.6,86.8,17.200000000000003,20.028475458333343,116.44462475775197,17.33333396911621,116.29,38.67,133.9746543778802,-69.32953495238095,-69.30002,42.08095238095238,44.0,116.44462475775197,115.50601958223106,0,0,86.72858624810512,86.72858624810512,86.02950803743258
3900,2021-08-22T17:06:27,2021-08-22T17:26:37,122,45.2,58.4,13.199999999999996,14.87541925,112.69257007575762,20.16666603088379,78.25999,26.03,134.00683219178083,-44.25738467213115,-43.60001,35.98770491803279,38.0,112.69257007575762,115.37714430150899,0,0,83.93403562997285,83.93403562997285,85.93352103139767
3903,2021-08-22T17:45:00,2021-08-22T18:03:50,114,70.0,81.2,11.200000000000003,13.144446138888892,117.36112624007936,18.83333396911621,108.86,36.2,134.064039408867,-41.87632105263158,-41.30002,38.14912280701754,39.0,117.36112624007936,115.50601958223106,0,0,87.41120150855109,87.41120150855109,86.02950803743258
3905,2021-08-22T22:38:24,2021-08-22T23:40:30,467,37.2,97.6,60.39999999999999,70.17680521277777,116.18676359731421,62.099998474121094,130.81999,43.5,134.03687499999998,-67.77944295074947,-41.80002,40.0,43.0,116.18676359731421,115.50601958223106,0,0,86.53652986130676,86.53652986130676,86.02950803743258
3906,2021-08-23T13:41:00,2021-08-23T15:02:12,610,35.600002,86.4,50.799998,57.70267387111112,113.58794516312996,81.19999694824219,115.77,38.5,133.99305555555554,-42.63803812786885,-42.100006,38.50737704918033,41.0,113.58794516312996,115.50601958223106,0,0,84.60091583720549,84.60091583720549,86.02950803743258
3907,2021-08-23T22:49:06,2021-08-24T00:08:08,593,4.4,83.2,78.8,91.57549158194445,116.21255276896504,79.03333282470703,111.49,37.07,134.00240384615384,-69.51653032040473,-63.5,40.66273187183811,45.0,116.21255276896504,115.50601958223106,0,0,86.55573777581925,86.55573777581925,86.02950803743258
3910,2021-08-24T06:47:17,2021-08-24T07:04:07,102,66.8,81.2,14.400000000000006,16.71222413888889,116.05711207561724,16.83333396911621,108.74,36.16,133.91625615763544,-59.5686343137255,-59.5,38.51470588235294,40.0,116.05711207561724,115.50601958223106,0,0,86.43996470679588,86.43996470679588,86.02950803743258
3917,2021-08-24T23:25:37,2021-08-25T00:09:08,327,28.0,72.4,44.400000000000006,50.780695502777775,114.37093581706705,43.516666412353516,96.96,32.25,133.92265193370164,-70.01529195718655,-69.89999,38.01987767584098,41.0,114.37093581706705,115.50601958223106,0,0,85.18409151064441,85.18409151064441,86.02950803743258
3918,2021-08-25T13:07:52,2021-08-25T14:21:26,552,17.6,92.0,74.4,85.6815717902778,115.16340294392175,73.56666564941406,123.2,40.97,133.91304347826087,-69.8806178442029,-69.70001,38.93115942028985,42.0,115.16340294392175,115.50601958223106,0,0,85.7743253123608,85.7743253123608,86.02950803743258
3919,2021-08-26T00:17:37,2021-08-26T01:42:15,635,14.4,97.6,83.19999999999999,96.24310388750003,115.6768075570914,84.63333129882812,130.73,43.47,133.94467213114754,-68.20945354330709,-41.70001,39.164566929133855,43.0,115.6768075570914,115.60433831587355,0,0,86.15671184472406,86.15671184472406,86.10273636195384
3920,2021-08-26T17:04:57,2021-08-26T17:23:47,114,12.0,28.8,16.8,18.972498333333334,112.9315376984127,18.83333396911621,38.51,12.81,133.71527777777774,-60.44385438596491,-60.30002,40.0,41.0,112.9315376984127,115.60433831587355,0,0,84.11202000765505,84.11202000765505,86.10273636195384
3921,2021-08-26T17:23:58,2021-08-26T17:45:38,131,28.8,48.0,19.2,21.831387305555555,113.70514221643518,21.66666603088379,64.18999,21.35,133.72914583333332,-60.45572076335878,-60.39999,41.030534351145036,43.0,113.70514221643518,115.50601958223106,0,0,84.68820483630486,84.68820483630486,86.02950803743258
3922,2021-08-26T17:45:49,2021-08-26T18:08:49,139,48.0,68.4,20.400000000000006,23.17194247222222,113.58795329520692,23.0,91.62,30.47,133.94736842105263,-60.4481962589928,-60.39999,43.00359712230216,45.0,113.58795329520692,115.50601958223106,0,0,84.6009218940204,84.6009218940204,86.02950803743258
3923,2021-08-26T18:09:00,2021-08-26T18:29:50,126,68.4,86.4,18.0,20.99652673611111,116.64737075617285,20.83333396911621,115.64,38.46,133.84259259259258,-60.469838253968256,-60.39999,44.0,45.0,116.64737075617285,115.60433831587355,0,0,86.87959256417237,86.87959256417237,86.10273636195384
3924,2021-08-26T18:30:01,2021-08-26T18:46:41,101,86.8,97.6,10.799999999999997,13.398473791666673,124.05994251543218,16.66666603088379,130.78,43.49,133.99590163934425,-48.26634217821781,-42.30002,44.0,45.0,124.05994251543218,115.60433831587355,0,0,92.40051609740222,92.40051609740222,86.10273636195384
3926,2021-08-27T01:58:17,2021-08-27T02:16:47,112,8.8,21.2,12.399999999999999,14.390973958333332,116.05624159946237,18.5,28.23,9.389999,133.16037735849056,-46.67411285714286,-46.20001,38.66517857142857,41.0,116.05624159946237,115.60433831587355,0,0,86.43931637144823,86.43931637144823,86.10273636195384
3927,2021-08-27T02:16:58,2021-08-27T02:37:58,127,21.2,35.6,14.400000000000002,16.09680630555555,111.78337712191353,21.0,47.53,15.81,133.51123595505618,-45.99055338582674,-45.70001,38.50787401574803,40.0,111.78337712191353,115.50601958223106,0,0,83.25686380106552,83.25686380106552,86.02950803743258
3928,2021-08-27T02:38:09,2021-08-27T03:00:19,134,36.0,50.4,14.399999999999999,16.771529986111112,116.46895823688273,22.16666603088379,67.46,22.43,133.84920634920633,-45.396274626865676,-45.0,39.61194029850746,42.0,116.46895823688273,115.60433831587355,0,0,86.74670995495632,86.74670995495632,86.10273636195384
3929,2021-08-27T03:00:30,2021-08-27T03:21:30,127,50.8,64.0,13.200000000000003,15.533614375000003,117.67889678030302,21.0,85.6,28.46,133.75,-44.38111165354331,-43.60001,40.75984251968504,43.0,117.67889678030302,115.60433831587355,0,0,87.64787872540184,87.64787872540184,86.10273636195384
3930,2021-08-27T03:21:41,2021-08-27T03:42:21,125,64.0,76.8,12.799999999999997,14.813335416666673,115.7291829427084,20.66666603088379,102.79,34.18,133.84114583333334,-43.006406000000005,-42.39999,41.5,43.0,115.7291829427084,115.60433831587355,0,0,86.1957213151759,86.1957213151759,86.10273636195384
3931,2021-08-27T03:42:32,2021-08-27T04:00:22,108,76.8,87.2,10.400000000000006,12.456112722222224,119.7703146367521,17.83333396911621,116.81,38.85,133.95642201834863,-41.908338611111105,-41.30002,41.5,43.0,119.7703146367521,115.60433831587355,0,0,89.20557805520104,89.20557805520104,86.10273636195384
3933,2021-08-27T21:19:20,2021-08-27T21:40:00,125,56.8,74.4,17.60000000000001,19.92514081944445,113.21102738320705,20.66666603088379,99.64,33.14,133.92473118279568,-57.847205599999995,-56.70001,36.32,38.0,113.21102738320705,115.60433831587355,0,0,84.3201854363605,84.3201854363605,86.10273636195384
3934,2021-08-27T21:40:11,2021-08-27T22:01:31,129,74.4,91.2,16.799999999999997,19.76875234722222,117.67114492394181,21.33333396911621,122.17,40.63,133.95833333333334,-55.599231395348845,-54.5,37.0,38.0,117.67114492394181,115.65994275028343,0,0,87.64210510086224,87.64210510086224,86.1441508454092
3936,2021-08-28T20:15:18,2021-08-28T21:26:11,532,12.0,84.0,72.0,82.7994523027778,114.99923930941361,70.88333129882812,112.39,37.38,133.79761904761907,-70.08647280075188,-69.80002,35.73026315789474,40.0,114.99923930941361,115.60433831587355,0,0,85.65205534958783,85.65205534958783,86.10273636195384
3938,2021-08-29T01:25:05,2021-08-29T01:55:25,183,36.4,67.2,30.800000000000004,35.14097270833334,114.09406723484848,30.33333396911621,89.82999,29.87,133.67558035714285,-69.50983704918033,-69.5,37.3551912568306,40.0,114.09406723484848,115.60433831587355,0,0,84.97787829331223,84.97787829331223,86.10273636195384
3939,2021-08-29T01:55:36,2021-08-29T02:22:36,163,67.2,94.4,27.200000000000003,31.291529430555553,115.04238761233658,27.0,126.36,42.02,133.8559322033898,-69.53681349693251,-69.5,39.5398773006135,41.0,115.04238761233658,115.60433831587355,0,0,85.6841924389494,85.6841924389494,86.10273636195384
3942,2021-08-30T22:05:43,2021-08-30T22:23:13,106,33.2,48.4,15.199999999999996,17.508891319444444,115.19007447002926,17.5,64.6,21.48,133.47107438016528,-60.03208386792453,-59.5,33.64622641509434,35.0,115.19007447002926,115.60433831587355,0,0,85.79419040924437,85.79419040924437,86.10273636195384
3943,2021-08-30T22:23:24,2021-08-30T22:41:14,108,48.4,64.4,16.000000000000007,17.849446152777777,111.55903845486107,17.83333396911621,86.21,28.67,133.8664596273292,-60.05370953703704,-59.60001,35.30555555555556,37.0,111.55903845486107,115.60433831587355,0,0,83.08977514862903,83.08977514862903,86.10273636195384
3944,2021-08-30T22:41:25,2021-08-30T22:59:55,112,64.4,80.4,16.0,18.51486266666667,115.71789166666669,18.5,107.55,35.76,133.7686567164179,-60.04821946428573,-59.60001,36.580357142857146,38.0,115.71789166666669,115.65994275028343,0,0,86.18731151171718,86.18731151171718,86.1441508454092
3945,2021-08-30T23:00:06,2021-08-30T23:18:26,111,80.8,96.0,15.200000000000003,18.088474013888888,119.00311851242688,18.33333396911621,128.42,42.71,133.77083333333331,-59.127933783783774,-42.0,37.0,38.0,119.00311851242688,115.65994275028343,0,0,88.63416623283334,88.63416623283334,86.1441508454092
3948,2021-08-31T05:31:45,2021-08-31T05:53:15,130,50.0,68.4,18.400000000000006,21.51250227777778,116.91577324879225,21.5,91.5,30.42,133.7719298245614,-60.03692938461539,-59.60001,34.792307692307695,37.0,116.91577324879225,115.69734961187905,0,0,87.07950019218677,87.07950019218677,86.17201167822063
3949,2021-08-31T05:53:26,2021-08-31T06:12:56,118,68.8,85.6,16.799999999999997,19.52097463888889,116.19627761243389,19.5,114.53,38.09,133.7967289719626,-60.06526169491524,-59.60001,35.95338983050848,37.0,116.19627761243389,115.72353730468754,0,0,86.54361595121937,86.54361595121937,86.19151641344655
3951,2021-08-31T13:58:06,2021-08-31T14:44:58,352,53.2,97.6,44.39999999999999,51.85164128055556,116.78297585710715,46.86666488647461,130.61,43.43,133.82172131147541,-66.35710531250001,-41.70001,35.73863636363637,38.0,116.78297585710715,115.72353730468754,0,0,86.98059197669596,86.98059197669596,86.19151641344655
3952,2021-09-01T00:12:28,2021-09-01T01:14:56,469,20.4,84.0,63.6,72.82237630972222,114.50059168195317,62.46666717529297,112.44,37.39,133.85714285714286,-69.94690957356077,-69.70001,38.02132196162047,41.0,114.50059168195317,115.72353730468754,0,0,85.28065989998606,85.28065989998606,86.19151641344655
3954,2021-09-01T06:15:10,2021-09-01T06:34:20,116,28.8,45.2,16.400000000000002,19.124027902777776,116.60992623644982,19.16666603088379,60.33,20.06,133.47345132743362,-59.866379741379305,-59.80002,36.00431034482759,38.0,116.60992623644982,115.72353730468754,0,0,86.85170368338399,86.85170368338399,86.19151641344655
3955,2021-09-01T06:34:31,2021-09-01T06:52:11,107,45.6,61.2,15.600000000000001,17.628611083333332,113.00391720085467,17.66666603088379,81.86,27.22,133.75816993464053,-59.87102785046729,-59.80002,37.598130841121495,40.0,113.00391720085467,115.72353730468754,0,0,84.1659286524997,84.1659286524997,86.19151641344655
3956,2021-09-01T06:52:22,2021-09-01T07:09:42,105,61.2,76.4,15.200000000000003,17.30708198611111,113.86238148757309,17.33333396911621,102.15,33.97,133.7041884816754,-59.90856685714286,-59.80002,38.80952380952381,41.0,113.86238148757309,115.69734961187905,0,0,84.80531749579295,84.80531749579295,86.17201167822063
3957,2021-09-01T07:09:53,2021-09-01T07:28:03,110,76.4,92.0,15.599999999999994,18.160416041666664,116.41292334401712,18.16666603088379,123.16,40.96,133.86956521739128,-59.979088818181815,-59.89999,39.31363636363636,41.0,116.41292334401712,115.72353730468754,0,0,86.70497486371524,86.70497486371524,86.19151641344655
3959,2021-09-01T15:27:11,2021-09-01T16:05:46,290,58.0,81.6,23.599999999999994,27.49397546666667,116.49989604519779,38.58333206176758,109.12,36.28,133.72549019607845,-42.75690162068966,-41.60001,35.63620689655173,37.0,116.49989604519779,115.89271227108539,0,0,86.76975260189998,86.76975260189998,86.31751884331206
3961,2021-09-01T23:32:38,2021-09-01T23:49:38,103,26.8,44.0,17.2,19.69597265277778,114.51146891149872,17.0,58.76,19.54,133.54545454545453,-69.51553553398058,-69.5,34.45145631067961,36.0,114.51146891149872,115.72353730468754,0,0,85.28876131937527,85.28876131937527,86.19151641344655
3962,2021-09-01T23:49:49,2021-09-02T00:07:29,107,44.4,62.4,18.0,20.459444000000005,113.6635777777778,17.66666603088379,83.42,27.74,133.68589743589743,-69.48504523364485,-69.39999,36.64018691588785,39.0,113.6635777777778,115.69734961187905,0,0,84.65724741761379,84.65724741761379,86.17201167822063
3964,2021-09-02T03:47:27,2021-09-02T04:56:20,517,25.6,95.2,69.6,80.44310528888892,115.57917426564501,68.88333129882812,127.21,42.31,133.62394957983193,-70.04178651837523,-42.0,37.6431334622824,41.0,115.57917426564501,115.65994275028343,0,0,86.08399404125731,86.08399404125731,86.1441508454092
3965,2021-09-02T13:44:50,2021-09-02T14:46:45,466,37.2,97.6,60.39999999999999,70.13720743027778,116.12120435476457,61.91666793823242,130.47,43.39,133.67827868852459,-67.94313217596567,-41.899994,39.03862660944206,42.0,116.12120435476457,115.69734961187905,0,0,86.48770098291367,86.48770098291367,86.17201167822063
3967,2021-09-03T00:09:41,2021-09-03T00:29:01,117,39.2,58.8,19.599999999999994,22.47250461111112,114.65563577097512,19.33333396911621,78.53,26.11,133.5544217687075,-69.74274940170939,-69.60001,38.02564102564103,40.0,114.65563577097512,115.69734961187905,0,0,85.39613757596271,85.39613757596271,86.17201167822063
3968,2021-09-03T00:29:12,2021-09-03T00:47:52,113,59.2,78.0,18.799999999999997,21.694726416666665,115.39748093971632,18.66666603088379,104.28,34.67,133.69230769230768,-69.7327568141593,-69.60001,39.98672566371681,42.0,115.39748093971632,115.65994275028343,0,0,85.94866786951435,85.94866786951435,86.1441508454092
3971,2021-09-03T06:34:35,2021-09-03T07:18:41,267,40.0,84.4,44.400000000000006,50.521732294444455,113.78768534784786,44.099998474121094,112.89,37.53,133.7559241706161,-68.73709235955056,-68.70001,39.50936329588015,43.0,113.78768534784786,115.6279909113682,0,0,84.74968340697144,84.74968340697144,86.12035294299068
3974,2021-09-03T12:52:13,2021-09-03T13:12:03,120,23.2,40.4,17.2,20.06611455555557,116.66345671834634,19.83333396911621,53.93,17.93,133.490099009901,-60.70417708333334,-60.70001,39.891666666666666,41.0,116.66345671834634,115.69734961187905,0,0,86.89157347579152,86.89157347579152,86.17201167822063
3975,2021-09-03T13:12:14,2021-09-03T13:31:34,117,40.4,58.0,17.6,19.564170416666666,111.16005918560604,19.33333396911621,77.52,25.78,133.6551724137931,-60.716250940170944,-60.70001,41.52136752136752,43.0,111.16005918560604,115.69734961187905,0,0,82.79261323122171,82.79261323122171,86.17201167822063
3976,2021-09-03T13:31:45,2021-09-03T13:51:15,118,58.0,75.6,17.599999999999994,19.735142902777778,112.13149376578286,19.5,100.93,33.57,133.50529100529104,-60.72374118644067,-60.70001,43.1271186440678,44.0,112.13149376578286,115.6279909113682,0,0,83.51614296002225,83.51614296002225,86.12035294299068
3977,2021-09-03T13:51:26,2021-09-03T14:11:06,119,75.6,92.4,16.80000000000001,19.920422374999998,118.57394270833323,19.66666603088379,123.56,41.09,133.7229437229437,-60.77396697478991,-60.70001,43.5,44.0,118.57394270833323,115.6279909113682,0,0,88.31451377297638,88.31451377297638,86.12035294299068
3980,2021-09-03T22:31:24,2021-09-03T22:52:04,125,15.2,29.2,14.0,16.072362819444443,114.8025915674603,20.66666603088379,38.91,12.94,133.25342465753425,-46.66240503999999,-46.20001,40.5,42.0,114.8025915674603,115.48832760268067,0,0,85.50559104791677,85.50559104791677,86.01633095538583
3981,2021-09-03T22:52:15,2021-09-03T23:14:25,134,29.2,44.0,14.8,16.996529833333334,114.84141779279278,22.16666603088379,58.71,19.52,133.4318181818182,-46.00522947761194,-45.70001,40.62313432835821,43.0,114.84141779279278,115.48832760268067,0,0,85.53450903051531,85.53450903051531,86.01633095538583
3983,2021-09-04T02:45:40,2021-09-04T03:05:00,117,15.6,35.6,20.0,22.782642347222225,113.91321173611112,19.33333396911621,47.46,15.78,133.31460674157302,-70.70513897435899,-70.60001,38.1965811965812,40.0,113.91321173611112,115.29377770487278,0,0,84.84317613979232,84.84317613979232,85.87142913937936
3984,2021-09-04T03:05:11,2021-09-04T03:25:31,123,35.6,56.8,21.199999999999996,23.95972563888889,113.01757376834384,20.33333396911621,75.85,25.22,133.5387323943662,-70.70082308943091,-70.70001,39.735772357723576,42.0,113.01757376834384,115.1767387069755,0,0,84.17610013781987,84.17610013781987,85.78425786080258
3985,2021-09-04T03:25:42,2021-09-04T03:44:12,112,56.8,76.0,19.200000000000003,21.798891972222233,113.53589568865745,18.5,101.62,33.79,133.71052631578948,-70.69911714285716,-70.60001,41.732142857142854,44.0,113.53589568865745,115.1767387069755,0,0,84.56214910713659,84.56214910713659,85.78425786080258
3986,2021-09-04T03:44:23,2021-09-04T04:03:03,113,76.0,94.8,18.799999999999997,21.99472533333333,116.99321985815604,18.66666603088379,126.78,42.16,133.73417721518987,-70.69735513274337,-70.60001,42.5,44.0,116.99321985815604,115.1767387069755,0,0,87.13718284566951,87.13718284566951,85.78425786080258
3988,2021-09-04T13:28:49,2021-09-04T14:39:39,534,9.2,80.0,70.8,81.37828987083334,114.9410873881827,70.83333587646484,106.99,35.57,133.73749999999998,-68.93165818352061,-63.39999,41.327715355805246,45.0,114.9410873881827,115.10289527812917,0,0,85.60874348417146,85.60874348417146,85.72925887565509
3989,2021-09-04T14:53:00,2021-09-04T16:11:04,586,79.2,98.0,18.799999999999997,21.430550122222222,113.99228788416077,78.06666564941406,130.81,43.5,133.4795918367347,-16.453078174061435,0.0,43.19027303754266,44.0,113.99228788416077,115.10289527812917,0,0,84.9020724825008,84.9020724825008,85.72925887565509
3991,2021-09-09T02:21:53,2021-09-09T02:41:33,119,76.4,93.6,17.19999999999999,19.731670000000012,114.71901162790712,19.66666603088379,124.92,41.54,133.46153846153848,-60.198329495798305,-60.10001,36.76470588235294,38.0,114.71901162790712,115.0208134608751,0,0,85.44334025694013,85.44334025694013,85.6681238942686
3995,2021-09-09T14:54:50,2021-09-09T15:11:40,102,12.8,27.6,14.8,16.721808333333335,112.98519144144144,16.83333396911621,36.73,12.21,133.0797101449275,-59.60295107843138,-59.5,40.03921568627451,42.0,112.98519144144144,114.97016334879815,0,0,84.15198160562046,84.15198160562046,85.63039941687964
3996,2021-09-09T15:11:51,2021-09-09T15:29:11,105,27.6,42.8,15.199999999999996,17.211668944444444,113.23466410818716,17.33333396911621,57.12,19.0,133.45794392523365,-59.57905552380952,-59.5,41.05714285714286,43.0,113.23466410818716,114.97016334879815,0,0,84.33779019695228,84.33779019695228,85.63039941687964
3997,2021-09-09T15:29:22,2021-09-09T15:46:42,105,42.8,58.0,15.200000000000003,17.197639763888887,113.14236686769003,17.33333396911621,77.45,25.75,133.5344827586207,-59.53047923809524,-59.5,42.51904761904762,44.0,113.14236686769003,114.97016334879815,0,0,84.26904671308972,84.26904671308972,85.63039941687964
3998,2021-09-09T15:46:53,2021-09-09T16:04:03,104,58.4,73.2,14.800000000000004,17.035973458333327,115.10792877252244,17.16666603088379,97.75,32.5,133.53825136612022,-59.5432735576923,-59.5,43.89423076923077,45.0,115.10792877252244,115.0208134608751,0,0,85.73300784950018,85.73300784950018,85.6681238942686
3999,2021-09-09T16:04:14,2021-09-09T16:21:14,103,73.2,87.6,14.399999999999991,16.876946305555553,117.20101601080252,17.0,117.03,38.92,133.59589041095893,-59.56602601941748,-59.5,44.05339805825243,45.0,117.20101601080252,115.0208134608751,0,0,87.29195054391508,87.29195054391508,85.6681238942686
4003,2021-09-10T01:01:40,2021-09-10T01:18:40,103,35.6,52.8,17.199999999999996,19.835416874999996,115.32219113372093,17.0,70.48,23.43,133.4848484848485,-70.0067967961165,-69.89999,41.98543689320388,44.0,115.32219113372093,115.0208134608751,0,0,85.8925916148443,85.8925916148443,85.6681238942686
4004,2021-09-10T01:18:51,2021-09-10T01:35:31,101,53.2,68.8,15.599999999999994,17.926809347222225,114.91544453347583,16.66666603088379,91.89,30.56,133.56104651162792,-64.55941950495048,-63.70001,44.04455445544554,46.0,114.91544453347583,114.97016334879815,0,0,85.5896445473101,85.5896445473101,85.63039941687964
4007,2021-09-10T20:52:43,2021-09-10T21:10:13,106,28.0,46.0,18.0,20.376111833333336,113.20062129629632,17.5,61.37,20.41,133.41304347826085,-69.86132311320756,-69.80002,36.570754716981135,39.0,113.20062129629632,114.97016334879815,0,0,84.31243492655364,84.31243492655364,85.63039941687964
4008,2021-09-10T21:10:24,2021-09-10T21:29:54,118,46.0,66.0,20.0,22.695974652777775,113.47987326388886,19.5,88.13,29.31,133.53030303030303,-69.83390576271188,-69.70001,38.809322033898304,41.0,113.47987326388886,114.92826596082926,0,0,84.5204233022016,84.5204233022016,85.59919401574078
4009,2021-09-10T21:30:05,2021-09-10T21:48:25,111,66.4,84.8,18.39999999999999,21.334030569444447,115.94581831219814,18.33333396911621,113.22,37.65,133.51415094339623,-69.82072981981982,-69.70001,40.409909909909906,42.0,115.94581831219814,114.92826596082926,0,0,86.35707250992849,86.35707250992849,85.59919401574078
4011,2021-09-11T20:01:30,2021-09-11T20:44:55,262,10.8,48.0,37.2,42.50785764583334,114.26843453181004,43.41666793823242,63.96,21.27,133.25,-58.74390751908398,-58.70001,39.38740458015267,41.0,114.26843453181004,114.87843116313431,0,0,85.10774799906156,85.10774799906156,85.5620767889127
4012,2021-09-11T20:45:06,2021-09-11T21:10:46,155,48.0,70.0,22.0,25.115699236111112,114.1622692550505,25.66666603088379,93.48,31.09,133.54285714285714,-58.71226929032259,-58.70001,41.938709677419354,44.0,114.1622692550505,114.82200468012654,0,0,85.02867552679288,85.02867552679288,85.52005003921604
4013,2021-09-11T21:10:57,2021-09-11T21:41:37,185,70.0,95.6,25.599999999999994,30.048065138888894,117.37525444878477,30.66666603088379,127.69,42.46,133.56694560669456,-58.789748486486495,-58.70001,43.1027027027027,44.0,117.37525444878477,114.87843116313431,0,0,87.42172427479974,87.42172427479974,85.5620767889127
4015,2021-09-12T12:48:26,2021-09-12T13:10:36,134,4.4,24.0,19.6,22.28583722222223,113.70325113378689,22.16666603088379,31.98,10.64,133.25,-60.32239865671642,-60.20001,41.0,42.0,113.70325113378689,114.82200468012654,0,0,84.68679634772151,84.68679634772151,85.52005003921604
4016,2021-09-12T13:10:47,2021-09-12T13:36:27,155,24.0,47.2,23.200000000000003,25.809587069444444,111.24822012691568,25.66666603088379,62.87,20.91,133.19915254237287,-60.33420225806453,-60.20001,41.480645161290326,43.0,111.24822012691568,114.76080159768371,0,0,82.85827597708047,82.85827597708047,85.47446565242845
4017,2021-09-12T13:36:38,2021-09-12T14:05:28,174,47.2,72.0,24.799999999999997,28.98292265277778,116.86662359991043,28.83333396911621,96.11,31.96,133.48611111111111,-60.31150666666667,-60.20001,43.87643678160919,46.0,116.86662359991043,114.82200468012654,0,0,87.04289326789997,87.04289326789997,85.52005003921604
4018,2021-09-12T14:05:39,2021-09-12T14:34:59,177,72.0,95.2,23.200000000000003,27.520004166666666,118.6207076149425,29.33333396911621,127.08,42.26,133.48739495798318,-56.26272045197741,-42.20001,45.0,46.0,118.6207076149425,114.82200468012654,0,0,88.34934452832198,88.34934452832198,85.52005003921604
4020,2021-09-13T11:47:16,2021-09-13T13:01:05,554,2.8,76.8,74.0,86.00190612916667,116.21879206644145,73.81666564941406,102.41,34.06,133.34635416666666,-69.9045153429603,-69.70001,39.68050541516246,44.0,116.21879206644145,114.82200468012654,0,0,86.5603848383216,86.5603848383216,85.52005003921604
4024,2021-09-13T20:38:30,2021-09-13T21:11:00,196,39.6,72.8,33.199999999999996,38.05528581944446,114.62435487784477,32.5,97.21,32.32,133.53021978021977,-70.25562698979593,-70.0,41.75,44.0,114.62435487784477,114.82200468012654,0,0,85.37283939759322,85.37283939759322,85.52005003921604
4028,2021-09-14T08:32:55,2021-09-14T09:30:59,436,40.8,97.6,56.8,65.98589898055556,116.17235736013303,58.06666564941406,130.21,43.3,133.41188524590166,-68.15253332568808,-42.39999,37.652522935779814,40.0,116.17235736013303,114.82200468012654,0,0,86.52580001794578,86.52580001794578,85.52005003921604
4030,2021-09-14T20:21:46,2021-09-14T20:41:56,122,26.0,46.4,20.4,23.436115444444447,114.88291884531593,20.16666603088379,61.73,20.53,133.03879310344828,-69.72706204918035,-69.60001,34.05327868852459,36.0,114.88291884531593,114.82200468012654,0,0,85.56541923887082,85.56541923887082,85.52005003921604
4031,2021-09-14T20:42:07,2021-09-14T21:02:17,122,46.8,67.2,20.400000000000006,23.437504416666666,114.8897275326797,20.16666603088379,89.59,29.79,133.31845238095238,-69.73116065573772,-69.70001,36.68852459016394,39.0,114.8897275326797,114.82200468012654,0,0,85.57049038604049,85.57049038604049,85.52005003921604
4032,2021-09-14T21:02:28,2021-09-14T21:20:48,111,67.6,86.0,18.400000000000006,21.3141711388889,115.83788662439615,18.33333396911621,114.85,38.19,133.54651162790697,-69.75587036036035,-69.70001,38.369369369369366,40.0,115.83788662439615,114.82200468012654,0,0,86.27668440516271,86.27668440516271,85.52005003921604
4035,2021-09-15T13:50:00,2021-09-15T14:08:20,111,13.6,25.6,12.000000000000002,14.222362027777773,118.51968356481476,18.33333396911621,34.0,11.31,132.8125,-46.54594891891889,-46.20001,36.5,37.0,118.51968356481476,114.82200468012654,0,0,88.27410126945223,88.27410126945223,85.52005003921604
4036,2021-09-15T14:08:31,2021-09-15T14:26:41,110,26.0,38.0,12.0,13.93889079166667,116.15742326388893,18.16666603088379,50.53,16.8,132.97368421052633,-46.03636999999998,-45.80002,36.986363636363635,38.0,116.15742326388893,114.86216831905435,0,0,86.5146770223001,86.5146770223001,85.54996413469306
4037,2021-09-15T14:26:52,2021-09-15T14:45:22,112,38.4,50.4,12.0,14.049725125000007,117.0810427083334,18.5,67.2,22.35,133.33333333333334,-45.56697366071429,-45.30002,38.11607142857143,39.0,117.0810427083334,114.86216831905435,0,0,87.20259377942457,87.20259377942457,85.54996413469306
4039,2021-09-15T14:54:24,2021-09-15T15:14:14,120,56.0,68.0,12.0,14.616947402777777,121.80789502314815,19.83333396911621,90.64,30.14,133.2941176470588,-44.218342250000006,-43.5,40.00416666666667,41.0,121.80789502314815,114.8863231889978,0,0,90.72317894615358,90.72317894615358,85.56795481245565
4041,2021-09-15T21:10:39,2021-09-15T22:09:15,440,22.0,81.6,59.599999999999994,68.30571116944445,114.60689793530949,58.599998474121094,108.84,36.19,133.3823529411765,-69.84432106818181,0.0,39.68636363636364,43.0,114.60689793530949,114.8863231889978,0,0,85.35983737238641,85.35983737238641,85.56795481245565
4042,2021-09-16T04:20:35,2021-09-16T05:37:49,582,20.800001,97.200005,76.400004,88.34221219527778,115.63116174087868,77.23332977294922,129.67,43.12,133.40534293182392,-68.61220233676977,-41.80002,38.28780068728523,42.0,115.63116174087868,114.8863231889978,0,0,86.12271459395782,86.12271459395782,85.56795481245565
4046,2021-09-16T15:15:04,2021-09-16T15:32:54,108,10.8,22.8,12.0,13.987780444444446,116.56483703703705,17.83333396911621,30.28,10.07,132.80701754385964,-47.06112000000002,-46.60001,40.31018518518518,41.0,116.56483703703705,114.8863231889978,0,0,86.81812100382051,86.81812100382051,85.56795481245565
4047,2021-09-16T15:33:05,2021-09-16T15:53:45,125,23.2,37.2,14.000000000000004,15.95861165277778,113.99008323412697,20.66666603088379,49.5,16.46,133.06451612903223,-46.33120160000001,-46.0,40.132,41.0,113.99008323412697,114.8863231889978,0,0,84.90043044723295,84.90043044723295,85.56795481245565
4048,2021-09-16T15:53:56,2021-09-16T16:13:26,118,37.2,50.0,12.799999999999997,14.853335319444446,116.04168218315975,19.5,66.59,22.14,133.18,-45.70170101694914,-45.20001,40.91525423728814,42.0,116.04168218315975,114.90258603307777,0,0,86.42847243944922,86.42847243944922,85.5800674666753
4049,2021-09-16T16:13:37,2021-09-16T16:30:07,100,50.4,60.8,10.399999999999999,12.325695875000003,118.51630649038466,16.5,81.06,26.96,133.32236842105263,-44.82000529999999,-44.30002,41.77,43.0,118.51630649038466,114.90258603307777,0,0,88.2715860061536,88.2715860061536,85.5800674666753
4050,2021-09-16T23:05:02,2021-09-17T00:26:01,608,10.0,80.0,70.0,80.81536906111113,115.45052723015876,80.98332977294922,106.73,35.5,133.4125,-59.87582827302633,-56.10001,37.78700657894737,41.0,115.45052723015876,114.90258603307777,0,0,85.98817703350839,85.98817703350839,85.5800674666753
4052,2021-09-17T06:33:01,2021-09-17T06:52:21,117,28.0,47.6,19.6,22.539026124999996,114.99503124999997,19.33333396911621,63.48,21.1,133.3613445378151,-69.94871282051282,-69.89999,36.01282051282051,38.0,114.99503124999997,114.92826596082926,0,0,85.64892116417951,85.64892116417951,85.59919401574078
4053,2021-09-17T06:52:32,2021-09-17T07:11:52,117,48.0,67.6,19.599999999999994,22.54402673611111,115.02054457199549,19.33333396911621,90.17,29.99,133.38757396449705,-69.96409931623931,-69.80002,38.162393162393165,41.0,115.02054457199549,114.92826596082926,0,0,85.66792362437694,85.66792362437694,85.59919401574078
4054,2021-09-17T07:12:03,2021-09-17T07:32:13,122,68.0,88.0,20.0,23.50694358333333,117.53471791666665,20.16666603088379,117.43,39.05,133.4431818181818,-69.93852204918034,-69.80002,39.5,41.0,117.53471791666665,114.96805931909134,0,0,87.54049352805112,87.54049352805112,85.62883232417548
4056,2021-09-17T13:02:53,2021-09-17T17:01:07,1786,9.6,98.0,88.4,102.39485694444446,115.83128613624939,238.23333740234375,130.69,43.46,133.35714285714286,-25.776895627099666,0.0,39.37597984322508,41.0,115.83128613624939,114.96805931909134,0,0,86.27176832589578,86.27176832589578,85.62883232417548
4057,2021-09-18T04:02:30,2021-09-18T05:23:07,605,29.6,96.8,67.19999999999999,76.92693830138889,114.474610567543,80.61666870117188,128.94,42.88,133.20247933884298,-57.24347684297521,-41.70001,35.94710743801653,39.0,114.474610567543,114.96805931909134,0,0,85.26130902546838,85.26130902546838,85.62883232417548
4061,2021-09-18T13:49:48,2021-09-18T14:09:08,117,34.0,54.0,20.0,22.765003222222226,113.82501611111113,19.33333396911621,71.83,23.89,133.0185185185185,-70.64958264957266,-70.60001,38.333333333333336,40.0,113.82501611111113,114.96805931909134,0,0,84.77748756133342,84.77748756133342,85.62883232417548
4063,2021-09-18T22:41:53,2021-09-18T23:59:35,583,15.6,82.8,67.2,76.70677210694444,114.14698230200065,77.69999694824219,110.37,36.71,133.29710144927537,-59.2324248542024,-55.5,38.623499142367066,42.0,114.14698230200065,114.92826596082926,0,0,85.01728972149004,85.01728972149004,85.59919401574078
4064,2021-09-19T20:04:19,2021-09-19T20:25:39,129,36.0,58.0,22.0,25.236389027777776,114.7108592171717,21.33333396911621,77.18999,25.67,133.0861896551724,-70.97674465116279,-70.80002,36.25581395348837,38.0,114.7108592171717,114.92826596082926,0,0,85.43726829733642,85.43726829733642,85.59919401574078
4065,2021-09-19T20:25:50,2021-09-19T20:48:20,136,58.4,81.2,22.800000000000004,26.64958579166667,116.88414820906432,22.5,108.3,36.01,133.37438423645318,-71.06544772058822,-71.0,38.48529411764706,40.0,116.88414820906432,114.96805931909134,0,0,87.05594569157029,87.05594569157029,85.62883232417548
4068,2021-09-20T04:04:52,2021-09-20T05:00:48,420,37.6,94.0,56.4,65.19516850000001,115.59427039007095,55.93333435058594,125.32,41.67,133.31914893617022,-69.93500197619048,-69.70001,38.90357142857143,42.0,115.59427039007095,115.00778791099773,0,0,86.09523771636907,86.09523771636907,85.65842239427823
4069,2021-09-20T11:49:43,2021-09-20T12:13:53,146,24.8,46.0,21.2,24.01055952777778,113.25735626310274,24.16666603088379,61.25,20.36,133.15217391304347,-59.612338630136996,-59.5,34.534246575342465,37.0,113.25735626310274,115.00778791099773,0,0,84.3546914366518,84.3546914366518,85.65842239427823
4070,2021-09-20T12:14:04,2021-09-20T12:43:24,177,46.0,71.6,25.599999999999994,29.151254888888896,113.87208940972228,29.33333396911621,95.38,31.71,133.2122905027933,-59.62769361581922,-59.60001,37.25706214689266,40.0,113.87208940972228,115.00778791099773,0,0,84.81254800870978,84.81254800870978,85.65842239427823
4071,2021-09-20T12:43:35,2021-09-20T13:13:45,182,72.0,96.8,24.799999999999997,29.317643916666672,118.21630611559144,30.16666603088379,128.99,42.89,133.25413223140498,-58.26924076923078,-41.60001,38.88186813186813,41.0,118.21630611559144,115.00778791099773,0,0,88.04814410461587,88.04814410461587,85.65842239427823
4073,2021-09-21T00:47:59,2021-09-21T01:54:55,503,28.0,95.6,67.6,77.48200037777777,114.61834375410913,66.93333435058594,127.38,42.36,133.2426778242678,-69.4290262027833,-41.80002,38.15009940357853,41.0,114.61834375410913,115.00778791099773,0,0,85.36836228012697,85.36836228012697,85.65842239427823
4075,2021-09-21T16:03:09,2021-09-21T16:20:49,107,33.6,49.2,15.600000000000001,17.66583325,113.2425208333333,17.66666603088379,65.56,21.8,133.2520325203252,-59.99719598130841,-59.89999,39.56542056074766,41.0,113.2425208333333,115.00778791099773,0,0,84.34364192833004,84.34364192833004,85.65842239427823
4076,2021-09-21T16:21:00,2021-09-21T16:41:50,126,49.6,68.0,18.4,20.827916124999998,113.19519633152173,20.83333396911621,90.6,30.13,133.23529411764704,-59.98412539682539,-59.89999,41.198412698412696,43.0,113.19519633152173,115.00778791099773,0,0,84.30839438345149,84.30839438345149,85.65842239427823
4077,2021-09-21T16:42:01,2021-09-21T17:01:21,117,68.0,84.8,16.799999999999997,19.331388694444442,115.06778984788359,19.33333396911621,112.92,37.55,133.16037735849056,-59.9940164957265,-59.89999,42.0,43.0,115.06778984788359,115.04416720993953,0,0,85.70311216135923,85.70311216135923,85.68551789286809
4080,2021-09-21T21:58:01,2021-09-21T22:30:11,194,39.2,66.8,27.599999999999994,31.641669625000002,114.64373052536234,32.16666793823242,88.9,29.57,133.08383233532936,-59.01856221649485,-57.0,39.600515463917525,42.0,114.64373052536234,115.04416720993953,0,0,85.38727048464716,85.38727048464716,85.68551789286809
4081,2021-09-21T22:30:22,2021-09-21T22:55:02,149,66.8,86.8,20.0,23.022641416666666,115.11320708333332,24.66666603088379,115.57,38.43,133.14516129032256,-56.00134838926174,-54.60001,41.18120805369127,43.0,115.11320708333332,115.08785931020302,0,0,85.73693916393704,85.73693916393704,85.7180600054297
4082,2021-09-22T06:25:08,2021-09-22T07:55:50,681,8.8,97.6,88.8,103.12943377916666,116.1367497513138,90.69999694824219,129.94,43.21,133.13524590163934,-68.20382004405286,-41.80002,38.480176211453745,43.0,116.1367497513138,115.09049846560845,0,0,86.4992792783325,86.4992792783325,85.72002566264814
4089,2021-09-22T21:52:41,2021-09-22T22:10:31,108,48.0,66.4,18.400000000000006,20.95472227777778,113.88436020531398,17.83333396911621,88.46,29.42,133.22289156626505,-70.50185203703704,-70.5,40.875,43.0,113.88436020531398,115.04416720993953,0,0,84.82168736362652,84.82168736362652,85.68551789286809
4090,2021-09-22T22:10:42,2021-09-22T22:28:32,108,66.8,84.8,18.0,20.956250208333334,116.42361226851853,17.83333396911621,112.88,37.53,133.11320754716982,-70.50740814814814,-70.5,42.46296296296296,44.0,116.42361226851853,115.04416720993953,0,0,86.71293603248922,86.71293603248922,85.68551789286809
4093,2021-09-23T03:09:25,2021-09-23T04:02:40,400,46.4,97.6,51.199999999999996,59.708385738888886,116.61794089626736,53.25,129.94,43.21,133.13524590163934,-67.254746475,-41.80002,40.705,44.0,116.61794089626736,115.09049846560845,0,0,86.85767304535909,86.85767304535909,85.72002566264814
4094,2021-09-23T16:37:46,2021-09-23T18:17:12,746,14.8,66.4,51.60000000000001,57.94473304027779,112.29599426410421,99.43333435058594,88.33,29.37,133.02710843373492,-34.96501155495979,-34.80002,36.257372654155496,39.0,112.29599426410421,115.09049846560845,0,0,83.63866382078503,83.63866382078503,85.72002566264814
4095,2021-09-23T18:18:00,2021-09-23T19:21:24,479,66.0,97.6,31.599999999999994,36.95288778333333,116.93951830168777,63.400001525878906,129.87,43.19,133.06352459016395,-34.97098012526095,-34.80002,38.85281837160752,40.0,116.93951830168777,115.28186715674605,0,0,87.09718563599577,87.09718563599577,85.86255809872272
4099,2021-09-24T04:12:25,2021-09-24T04:28:55,100,60.8,77.6,16.799999999999997,19.38236059722222,115.37119403108466,16.5,103.25,34.33,133.05412371134022,-70.4809981,-70.39999,38.505,40.0,115.37119403108466,115.24220055720899,0,0,85.92908923780679,85.92908923780679,85.83301420087192
4100,2021-09-24T04:29:06,2021-09-24T04:45:56,102,77.6,94.8,17.200000000000003,19.77888886111111,114.99353989018084,16.83333396911621,126.16,41.96,133.08016877637132,-70.49901950980392,-70.39999,39.46078431372549,41.0,114.99353989018084,115.24220055720899,0,0,85.647810391321,85.647810391321,85.83301420087192
4102,2021-09-24T18:14:29,2021-09-24T18:47:27,248,32.8,66.4,33.60000000000001,38.43205634444444,114.38112007275129,32.96666717529297,88.27,29.35,132.9367469879518,-69.94717883064516,-69.70001,35.125,38.0,114.38112007275129,115.24220055720899,0,0,85.19167679935413,85.19167679935413,85.83301420087192
4103,2021-09-24T22:03:43,2021-09-24T22:35:37,240,37.6,70.0,32.4,37.202208498611114,114.82163116855281,31.899999618530273,93.17,30.98,133.10000000000002,-69.97291704166668,-69.70001,35.84166666666667,39.0,114.82163116855281,115.09049846560845,0,0,85.51977184577598,85.51977184577598,85.72002566264814
4104,2021-09-25T03:43:01,2021-09-25T05:08:59,645,25.2,97.2,72.0,82.74081399305555,114.91779721257716,85.96666717529297,129.21,42.96,132.9320987654321,-57.73892062015504,-41.80002,36.42790697674418,39.0,114.91779721257716,115.09049846560845,0,0,85.59139683542799,85.59139683542799,85.72002566264814
4106,2021-09-25T09:42:30,2021-09-25T10:00:30,109,80.4,96.8,16.39999999999999,19.33694880555556,117.90822442411933,18.0,128.75,42.82,133.00619834710744,-64.37707880733946,-41.80002,35.972477064220186,37.0,117.90822442411933,115.24220055720899,0,0,87.81868319471225,87.81868319471225,85.83301420087192
4108,2021-09-25T20:40:39,2021-09-25T22:16:07,717,18.0,97.6,79.6,92.02689892444445,115.611682065885,95.46666717529297,129.78,43.149998,132.97131147540983,-57.83013182984659,-41.899994,39.96373779637378,43.0,115.611682065885,115.24220055720899,0,0,86.10820602667712,86.10820602667712,85.83301420087192
4110,2021-09-26T09:02:40,2021-09-26T09:28:30,156,38.8,54.4,15.600000000000001,17.15139291666667,109.94482638888888,25.83333396911621,72.2,24.0,132.72058823529412,-39.835265833333345,-39.80002,33.5224358974359,35.0,109.94482638888888,115.09049846560845,0,0,81.88750127228953,81.88750127228953,85.72002566264814
4111,2021-09-26T09:28:41,2021-09-26T09:53:11,148,54.4,68.8,14.399999999999999,16.264865319444443,112.95045360725308,24.5,91.42,30.4,132.87790697674419,-39.832442702702714,-39.80002,35.0304054054054,37.0,112.95045360725308,115.04416720993953,0,0,84.12610867885596,84.12610867885596,85.68551789286809
4112,2021-09-26T09:53:22,2021-09-26T10:25:42,195,68.8,87.2,18.400000000000006,21.47278105555556,116.6998970410628,32.33333206176758,115.96,38.56,132.98165137614677,-39.846160000000005,-39.80002,36.0,37.0,116.6998970410628,115.09049846560845,0,0,86.91871442521875,86.91871442521875,85.72002566264814
4113,2021-09-26T10:25:53,2021-09-26T10:42:43,102,87.2,96.8,9.599999999999994,11.176530263888894,116.42219024884271,16.83333396911621,128.78,42.82,133.03719008264463,-39.8372637254902,-39.80002,36.0,37.0,116.42219024884271,115.09049846560845,0,0,86.71187690454444,86.71187690454444,85.72002566264814
4114,2021-09-27T09:21:10,2021-09-27T09:36:23,115,38.8,55.2,16.400000000000006,18.65911295833333,113.77507901422759,15.216666221618652,73.36,24.39,132.89855072463766,-73.57392034782609,-73.5,31.721739130434784,33.0,113.77507901422759,115.09049846560845,0,0,84.74029414151644,84.74029414151644,85.72002566264814
4115,2021-09-27T09:47:28,2021-09-27T10:31:14,329,54.4,97.6,43.199999999999996,50.04792389444445,115.8516756815844,43.766666412353516,129.82,43.17,133.0122950819672,-68.57387009118541,-41.70001,34.691489361702125,37.0,115.8516756815844,115.24220055720899,0,0,86.28695456952727,86.28695456952727,85.83301420087192
4117,2021-09-28T01:21:40,2021-09-28T01:40:40,115,19.6,38.8,19.199999999999996,21.974997777777777,114.45311342592595,19.0,51.53,17.14,132.80927835051548,-69.39477556521739,-69.30002,37.334782608695654,39.0,114.45311342592595,115.09049846560845,0,0,85.2452978381362,85.2452978381362,85.72002566264814
4118,2021-09-28T01:40:51,2021-09-28T02:01:21,124,38.8,59.6,20.800000000000004,23.711941833333334,113.99972035256408,20.5,79.33,26.38,133.10402684563758,-69.40079879032258,-69.30002,39.225806451612904,42.0,113.99972035256408,115.04416720993953,0,0,84.90760822516211,84.90760822516211,85.68551789286809
4119,2021-09-28T02:01:32,2021-09-28T02:23:12,131,60.0,81.6,21.599999999999994,25.05721988888889,116.0056476337449,21.66666603088379,108.52,36.09,132.99019607843138,-69.38930648854964,-69.30002,41.24809160305343,43.0,116.0056476337449,115.04416720993953,0,0,86.40163371217143,86.40163371217143,85.68551789286809
4120,2021-09-28T02:23:23,2021-09-28T02:39:53,100,82.0,96.4,14.400000000000006,17.500137208333335,121.5287306134259,16.5,128.17,42.62,132.95643153526967,-63.5549939,-41.39999,41.7,43.0,121.5287306134259,115.04416720993953,0,0,90.51525578408092,90.51525578408092,85.68551789286809
4121,2021-09-28T06:43:01,2021-09-28T07:49:13,498,33.2,97.6,64.39999999999999,74.92258841250002,116.33942300077645,66.19999694824219,129.82,43.17,133.0122950819672,-67.88353873493976,-41.60001,40.82630522088353,44.0,116.33942300077645,115.04416720993953,0,0,86.65023141058225,86.65023141058225,85.68551789286809
4124,2021-09-28T23:20:10,2021-09-29T00:25:51,493,22.0,89.2,67.2,76.72661970000001,114.1765174107143,65.68333435058594,118.59,39.43,132.94843049327355,-70.08763460446247,-69.70001,39.835699797160245,43.0,114.1765174107143,115.04416720993953,0,0,85.03928763018482,85.03928763018482,85.68551789286809
4125,2021-09-29T19:17:03,2021-09-29T20:01:47,336,36.0,81.6,45.599999999999994,52.188349768055566,114.44813545626222,44.733333587646484,108.39,36.04,132.8308823529412,-69.99970580357143,-69.70001,39.157738095238095,41.0,114.44813545626222,115.00778791099773,0,0,85.24159021940997,85.24159021940997,85.65842239427823
4126,2021-09-30T02:52:49,2021-09-30T04:13:03,602,12.8,94.4,81.60000000000001,93.50757099027778,114.59261150769335,80.23332977294922,125.48,41.73,132.9237288135593,-69.92674533222593,-69.70001,39.46760797342193,43.0,114.59261150769335,114.9942855700904,0,0,85.3491967638374,85.3491967638374,85.64836577775026
4129,2021-09-30T14:49:56,2021-09-30T15:13:13,142,22.4,42.8,20.4,23.208506927777783,113.76719082244013,23.28333282470703,56.82,18.89,132.7570093457944,-59.80706014084507,-59.80002,40.45774647887324,42.0,113.76719082244013,114.9942855700904,0,0,84.73441897361408,84.73441897361408,85.64836577775026
4130,2021-09-30T15:13:24,2021-09-30T15:36:54,142,43.2,63.6,20.4,23.423895944444453,114.82301933551203,23.5,84.42,28.07,132.73584905660377,-59.80565183098591,-59.70001,42.33450704225352,44.0,114.82301933551203,114.955668551379,0,0,85.52080576003436,85.52080576003436,85.6196036133745
4131,2021-09-30T15:37:05,2021-09-30T15:54:35,106,63.6,78.8,15.199999999999996,17.44500483333334,114.76976864035095,17.5,104.59,34.78,132.7284263959391,-59.81133735849057,-59.80002,43.64622641509434,45.0,114.76976864035095,114.87040827404459,0,0,85.48114435430047,85.48114435430047,85.55610129773117
4132,2021-09-30T15:54:46,2021-09-30T16:16:46,133,78.8,95.2,16.400000000000006,19.658893277777775,119.87130047425468,22.0,126.49,42.07,132.8676470588235,-53.593996992481216,-41.70001,43.96992481203007,45.0,119.87130047425468,114.87040827404459,0,0,89.2807928531009,89.2807928531009,85.55610129773117
4135,2021-09-30T23:50:41,2021-10-01T00:10:31,120,21.6,39.2,17.6,20.11680645833333,114.30003669507572,19.83333396911621,51.96,17.28,132.55102040816325,-60.85750275000001,-60.80002,39.5875,41.0,114.30003669507572,114.82232525203241,0,0,85.13128546116525,85.13128546116525,85.52028880290517
4136,2021-10-01T00:10:42,2021-10-01T00:30:42,121,39.2,57.2,18.0,20.27569829166667,112.64276828703707,20.0,75.89,25.24,132.67482517482517,-60.82728421487604,-60.70001,40.8099173553719,43.0,112.64276828703707,114.79569990445188,0,0,83.89694298840743,83.89694298840743,85.50045810003823
4137,2021-10-01T00:30:53,2021-10-01T00:50:13,117,57.2,74.4,17.200000000000003,19.600003666666662,113.95350968992243,19.33333396911621,98.75999,32.84,132.74192204301073,-60.827361880341876,-60.70001,42.24786324786325,44.0,113.95350968992243,114.74031392876132,0,0,84.87319027372094,84.87319027372094,85.45920632581844
4138,2021-10-01T00:50:24,2021-10-01T01:08:24,109,74.8,90.4,15.600000000000009,18.24903106944445,116.9809683938746,18.0,120.15,39.96,132.90929203539824,-60.83028614678899,-60.80002,42.5,44.0,116.9809683938746,114.74031392876132,0,0,87.12805788881721,87.12805788881721,85.45920632581844
4140,2021-10-01T05:44:09,2021-10-01T06:04:09,121,58.8,79.2,20.400000000000006,23.63277811111111,115.84695152505442,20.0,105.14,34.96,132.75252525252526,-70.89834818181819,-70.70001,38.47933884297521,41.0,115.84695152505442,114.79569990445188,0,0,86.28343599219565,86.28343599219565,85.50045810003823
4143,2021-10-01T16:25:49,2021-10-01T16:53:49,169,43.2,71.2,28.0,32.43652809722222,115.84474320436507,28.0,94.64,31.47,132.92134831460672,-69.50710130177515,-69.5,36.523668639053255,39.0,115.84474320436507,114.82232525203241,0,0,86.28179122300371,86.28179122300371,85.52028880290517
4144,2021-10-01T16:54:00,2021-10-01T17:21:50,168,71.6,97.2,25.60000000000001,30.431112972222216,118.87153504774301,27.83333396911621,129.15,42.95,132.87037037037038,-65.54048023809524,-41.60001,38.404761904761905,40.0,118.87153504774301,114.87040827404459,0,0,88.53616215673793,88.53616215673793,85.55610129773117
4375,2021-10-02T20:12:03,2021-10-02T20:30:43,113,66.0,97.2,31.200000000000003,18.52791841666667,59.384353899572645,18.66666603088379,129.09,42.92,132.80864197530866,-59.5247843362832,-41.89999,36.6283185840708,38.0,114.76976864035095,114.87040827404459,1,0,44.229787932948064,85.48114435430047,85.55610129773117
4376,2021-10-03T04:20:34,2021-10-03T05:45:59,641,26.8,97.6,70.8,81.65174466111112,115.32732296767108,85.41666412353516,129.69,43.13,132.87909836065575,-57.34930397815913,-41.70001,36.375195007800315,39.0,115.32732296767108,114.87040827404459,0,0,85.89641383252315,85.89641383252315,85.55610129773117
4377,2021-10-03T14:49:17,2021-10-03T15:16:47,166,17.2,45.2,28.000000000000004,32.09138952777778,114.6121054563492,27.5,60.03,19.96,132.80973451327432,-70.01747126506024,-69.80002,36.51204819277108,39.0,114.6121054563492,114.82232525203241,0,0,85.36371596221888,85.36371596221888,85.52028880290517
4378,2021-10-03T15:16:58,2021-10-03T15:44:48,168,45.6,74.0,28.4,32.44083419444444,114.22828941705791,27.83333396911621,98.35,32.71,132.9054054054054,-69.9327399404762,-69.70001,39.413690476190474,41.0,114.22828941705791,114.82232525203241,0,0,85.07784770049078,85.07784770049078,85.52028880290517
4379,2021-10-03T15:44:59,2021-10-03T16:10:49,156,74.4,97.6,23.19999999999999,27.493473875,118.50635290948281,25.83333396911621,129.65,43.11,132.83811475409837,-63.80385006410257,-41.70001,40.919871794871796,42.0,118.50635290948281,114.87040827404459,0,0,88.26417252526927,88.26417252526927,85.55610129773117
4381,2021-10-03T20:55:33,2021-10-03T21:25:13,179,73.2,97.6,24.39999999999999,28.580832972222222,117.13456136156653,29.66666603088379,129.59,43.1,132.7766393442623,-57.7681556424581,-42.30002,37.642458100558656,39.0,117.13456136156653,114.87040827404459,0,0,87.24245476177964,87.24245476177964,85.55610129773117
4382,2021-10-04T14:04:15,2021-10-04T14:43:22,294,51.6,90.8,39.199999999999996,45.54236419166668,116.17950048894562,39.11666488647461,120.49,40.07,132.69823788546256,-69.85578707482993,-69.70001,36.13775510204081,38.0,116.17950048894562,114.955668551379,0,0,86.5311202589152,86.5311202589152,85.6196036133745
4383,2021-10-04T17:41:06,2021-10-04T18:07:00,195,56.8,82.8,26.0,30.216432030555556,116.21704627136752,25.899999618530273,109.84,36.53,132.65700483091788,-69.99949056410257,-69.70001,39.47948717948718,41.0,116.21704627136752,115.03066486903222,0,0,86.55908456070934,86.55908456070934,85.67546127634012
4384,2021-10-04T23:36:13,2021-10-05T00:21:52,343,37.2,83.6,46.39999999999999,53.2705169888889,114.80714868295024,45.650001525878906,110.94,36.89,132.70334928229664,-70.0163306122449,-69.70001,38.47667638483965,41.0,114.80714868295024,115.03066486903222,0,0,85.5089852121784,85.5089852121784,85.67546127634012
4385,2021-10-05T04:18:33,2021-10-05T04:43:25,188,54.4,75.2,20.800000000000004,24.05089145138889,115.62928582398501,24.866666793823242,99.79,33.18,132.6994680851064,-58.02766574468085,-56.39999,37.398936170212764,39.0,115.62928582398501,115.05337348675708,0,0,86.12131740091053,86.12131740091053,85.69237477762903
4387,2021-10-05T16:34:12,2021-10-05T17:02:32,171,28.8,53.6,24.8,28.332222111111115,114.24283109318998,28.33333396911621,71.06,23.63,132.57462686567163,-59.99766058479532,-59.89999,38.86257309941521,41.0,114.24283109318998,115.05337348675708,0,0,85.08867841951482,85.08867841951482,85.69237477762903
4388,2021-10-05T17:02:43,2021-10-05T17:29:43,163,54.0,77.6,23.599999999999994,26.994166083333333,114.38205967514128,27.0,102.88,34.21,132.57731958762886,-59.98711527607363,-59.89999,41.193251533742334,42.0,114.38205967514128,114.955668551379,0,0,85.19237662029553,85.19237662029553,85.6196036133745
4389,2021-10-05T17:29:54,2021-10-05T17:54:34,149,77.6,98.0,20.400000000000006,23.68277772222222,116.09204765795202,24.66666603088379,130.03,43.24,132.68367346938777,-57.42147637583893,0.0,42.238255033557046,43.0,116.09204765795202,114.955668551379,0,0,86.46598491744926,86.46598491744926,85.6196036133745
4391,2021-10-06T13:03:28,2021-10-06T13:22:08,113,26.0,40.0,14.0,16.240003111111115,116.00002222222224,18.66666603088379,53.03,17.63,132.575,-52.200010000000006,-52.20001,34.10176991150443,35.0,116.00002222222224,115.16043142892596,0,0,86.39744387524732,86.39744387524732,85.77211211192207
4392,2021-10-06T13:22:19,2021-10-06T13:41:09,114,40.0,54.4,14.399999999999999,16.38500313888889,113.78474402006175,18.83333396911621,72.17,24.0,132.66544117647058,-52.200010000000006,-52.20001,35.92982456140351,37.0,113.78474402006175,114.955668551379,0,0,84.74749269012976,84.74749269012976,85.6196036133745
4393,2021-10-06T13:41:20,2021-10-06T14:01:10,120,54.4,69.6,15.199999999999996,17.255003305555555,113.51975858918131,19.83333396911621,92.25,30.67,132.54310344827587,-52.20001000000001,-52.20001,37.75,39.0,113.51975858918131,114.87040827404459,0,0,84.5501301081779,84.5501301081779,85.55610129773117
4394,2021-10-06T14:01:21,2021-10-06T14:20:01,113,69.6,84.0,14.400000000000006,16.240003111111115,112.77779938271604,18.66666603088379,111.43,37.06,132.65476190476193,-52.200010000000006,-52.20001,38.5,39.0,112.77779938271604,114.87040827404459,0,0,83.99751487871265,83.99751487871265,85.55610129773117
4395,2021-10-06T14:20:12,2021-10-06T14:37:42,106,84.0,96.8,12.799999999999997,15.22500291666667,118.94533528645837,17.5,128.42,42.71,132.66528925619835,-52.200010000000006,-52.20001,39.33018867924528,40.0,118.94533528645837,114.87040827404459,0,0,88.59112897364228,88.59112897364228,85.55610129773117
4399,2021-10-06T22:29:04,2021-10-06T22:53:57,151,71.6,93.2,21.60000000000001,24.878291162500002,115.17727390046292,24.883333206176758,123.75,41.15,132.77896995708153,-59.9874159602649,-59.89999,38.00662251655629,40.0,115.17727390046292,114.87040827404459,0,0,85.78465647580632,85.78465647580632,85.55610129773117
4402,2021-10-07T10:48:54,2021-10-07T11:28:00,236,46.4,80.4,34.00000000000001,39.1260026,115.07647823529409,39.099998474121094,106.74,35.5,132.76119402985074,-60.04025826271187,-60.0,36.485169491525426,38.0,115.07647823529409,114.87040827404459,0,0,85.70958331928907,85.70958331928907,85.55610129773117
4403,2021-10-07T11:28:11,2021-10-07T11:49:41,130,80.4,97.6,17.19999999999999,20.35236376388889,118.32769630167967,21.5,129.48,43.06,132.6639344262295,-56.753084307692305,-42.0,38.05769230769231,39.0,118.32769630167967,114.99713772393562,0,0,88.13110811760869,88.13110811760869,85.65049007735853
4405,2021-10-07T21:55:54,2021-10-07T22:14:34,113,33.2,52.0,18.799999999999997,21.79055679166667,115.9072169769504,18.66666603088379,68.88,22.9,132.46153846153845,-70.04159690265487,-69.89999,37.17256637168141,39.0,115.9072169769504,115.1268760678785,0,0,86.32832202668126,86.32832202668126,85.74711989754769
4406,2021-10-07T22:14:45,2021-10-07T22:34:45,121,52.4,72.8,20.4,23.33250002777778,114.3750001361656,20.0,96.6,32.12,132.69230769230768,-69.99752074380166,-69.80002,39.17355371900826,41.0,114.3750001361656,115.1268760678785,0,0,85.1871186374887,85.1871186374887,85.74711989754769
4407,2021-10-07T22:34:56,2021-10-07T22:56:26,130,73.2,94.4,21.200000000000003,25.07861063888889,118.29533320230607,21.5,125.37,41.69,132.8072033898305,-69.98692176923078,-69.89999,40.0,41.0,118.29533320230607,115.1268760678785,0,0,88.1070039061767,88.1070039061767,85.74711989754769
4410,2021-10-08T12:42:21,2021-10-08T13:02:11,120,22.0,35.6,13.600000000000001,15.436531125,113.50390533088235,19.83333396911621,47.1,15.66,132.30337078651684,-46.700843500000005,-46.5,30.8,32.0,113.50390533088235,114.94974878540306,0,0,84.53832251566294,84.53832251566294,85.61519453966172
4411,2021-10-08T13:02:22,2021-10-08T13:24:22,133,36.0,50.8,14.799999999999997,16.90875176388889,114.24832272897902,22.0,67.27,22.37,132.42125984251967,-46.1142905263158,-45.60001,32.1578947368421,34.0,114.24832272897902,114.94974878540306,0,0,85.09276861954908,85.09276861954908,85.61519453966172
4412,2021-10-08T13:24:33,2021-10-08T13:43:33,115,50.8,63.6,12.800000000000004,14.270002152777778,111.48439181857637,19.0,84.28,28.03,132.51572327044025,-45.06261556521739,-44.30002,33.630434782608695,35.0,111.48439181857637,114.94974878540306,0,0,83.03417793023775,83.03417793023775,85.61519453966172
4413,2021-10-08T13:43:44,2021-10-08T14:04:44,127,63.6,77.2,13.600000000000001,15.267919638888891,112.26411499183007,21.0,102.25,34.0,132.44818652849742,-43.622843149606304,-43.0,34.75590551181102,36.0,112.26411499183007,114.81508400923113,0,0,83.61491996639324,83.61491996639324,85.51489548610638
4414,2021-10-08T14:04:55,2021-10-08T14:33:25,174,77.6,94.4,16.80000000000001,20.012682976388888,119.12311295469567,28.5,125.17,41.63,132.59533898305085,-42.135637183908045,-41.20001,35.0,36.0,119.12311295469567,114.81508400923113,0,0,88.72353874236096,88.72353874236096,85.51489548610638
4417,2021-10-08T21:41:30,2021-10-08T22:00:50,117,52.8,69.6,16.799999999999997,19.284585069444443,114.78919684193121,19.33333396911621,92.2,30.66,132.4712643678161,-59.848723333333325,-59.80002,31.987179487179485,34.0,114.78919684193121,114.81508400923113,0,0,85.4956145839045,85.4956145839045,85.51489548610638
4418,2021-10-08T22:01:01,2021-10-08T22:21:51,126,70.0,87.6,17.599999999999994,20.7905545,118.12815056818185,20.83333396911621,116.17,38.64,132.61415525114157,-59.87618761904761,-59.80002,32.992063492063494,35.0,118.12815056818185,114.81508400923113,0,0,87.98248537616304,87.98248537616304,85.51489548610638
4421,2021-10-09T03:09:28,2021-10-09T03:43:38,206,32.4,62.8,30.4,34.390552694444445,113.1268180738304,34.16666793823242,83.32,27.71,132.6751592356688,-60.39319883495146,-60.30002,32.53398058252427,36.0,113.1268180738304,114.81508400923113,0,0,84.25746588733573,84.25746588733573,85.51489548610638
4422,2021-10-09T03:43:49,2021-10-09T04:14:19,184,62.8,89.6,26.799999999999997,30.71791359722222,114.6190805866501,30.5,118.72,39.48,132.5,-60.42879831521739,-60.30002,34.71467391304348,37.0,114.6190805866501,114.81508400923113,0,0,85.36891107698825,85.36891107698825,85.51489548610638
4424,2021-10-09T21:09:08,2021-10-09T21:36:28,165,3.6,28.0,24.4,27.60972618055556,113.15461549408016,27.33333396911621,36.96,12.28,132.0,-60.60606933333332,-60.30002,28.55757575757576,30.0,113.15461549408016,114.79817276244073,0,0,84.27816955626524,84.27816955626524,85.50229989804146
4426,2021-10-09T21:48:33,2021-10-09T22:16:16,168,38.8,62.8,24.0,28.040032397222223,116.83346832175927,27.71666717529297,83.24,27.68,132.54777070063693,-60.700010000000006,-60.70001,31.482142857142858,34.0,116.83346832175927,114.79817276244073,0,0,87.01819903743039,87.01819903743039,85.50229989804146
4427,2021-10-09T22:16:27,2021-10-09T22:43:17,162,63.2,86.4,23.200000000000003,27.15861680555556,117.06300347222222,26.83333396911621,114.5,38.08,132.52314814814812,-60.72717320987654,-60.70001,33.77777777777778,35.0,117.06300347222222,114.79817276244073,0,0,87.1891580588134,87.1891580588134,85.50229989804146
4429,2021-10-10T02:57:09,2021-10-10T03:21:49,149,34.0,59.6,25.6,28.67722855555556,112.0204240451389,24.66666603088379,78.89,26.24,132.36577181208054,-69.75572,-69.70001,33.96308724832215,37.0,112.0204240451389,114.79817276244073,0,0,83.43341763142539,83.43341763142539,85.50229989804146
4430,2021-10-10T03:22:00,2021-10-10T03:50:00,169,59.6,88.0,28.4,32.55292395833334,114.62297168427233,28.0,116.73,38.82,132.64772727272728,-69.75622863905326,-69.70001,36.505917159763314,39.0,114.62297168427233,114.79817276244073,0,0,85.37180918754021,85.37180918754021,85.50229989804146
4432,2021-10-10T17:35:47,2021-10-10T18:08:40,199,34.8,67.6,32.8,37.48070474027777,114.27044128133468,32.88333511352539,89.6,29.8,132.54437869822485,-68.38843567839196,-68.30002,32.540201005025125,35.0,114.27044128133468,114.79817276244073,0,0,85.10924263695995,85.10924263695995,85.50229989804146
4433,2021-10-10T18:08:51,2021-10-10T18:40:01,188,68.0,96.8,28.799999999999997,33.78569048611111,117.31142529899691,31.16666603088379,128.4,42.7,132.64462809917356,-64.98563069148936,-40.5,35.066489361702125,37.0,117.31142529899691,114.81508400923113,0,0,87.37418397885189,87.37418397885189,85.51489548610638
4434,2021-10-11T00:09:13,2021-10-11T00:27:43,112,43.2,55.6,12.399999999999999,13.94527868055556,112.46192484319002,18.5,73.6,24.48,132.37410071942443,-45.22768142857144,-44.80002,32.629464285714285,34.0,112.46192484319002,114.79817276244073,0,0,83.762249813435,83.762249813435,85.50229989804146
4435,2021-10-11T00:27:54,2021-10-11T00:59:34,191,55.6,75.6,19.999999999999993,23.034586416666667,115.17293208333338,31.66666603088379,100.17,33.32,132.50000000000003,-43.645031989528796,-42.60001,33.97905759162304,36.0,115.17293208333338,114.94181345912216,0,0,85.78142266692782,85.78142266692782,85.60928426573373
4436,2021-10-11T00:59:45,2021-10-11T01:28:35,174,76.0,92.8,16.799999999999997,20.080141583333333,119.52465228174604,28.83333396911621,122.96,40.89,132.5,-41.78506304597701,-40.89999,34.61494252873563,36.0,119.52465228174604,114.94181345912216,0,0,89.02260740465896,89.02260740465896,85.60928426573373
4439,2021-10-11T23:02:16,2021-10-11T23:29:16,163,27.6,55.2,27.6,31.352087833333336,113.5945211352657,27.0,73.06,24.29,132.3550724637681,-69.67117564417178,-69.60001,30.49079754601227,33.0,113.5945211352657,114.94181345912216,0,0,84.60581365681482,84.60581365681482,85.60928426573373
4440,2021-10-11T23:29:27,2021-10-11T23:57:27,169,55.6,84.0,28.4,32.491671333333336,114.40729342723007,28.0,111.28,37.0,132.47619047619048,-69.62545378698223,-69.60001,33.66568047337278,35.0,114.40729342723007,114.94181345912216,0,0,85.21117085531453,85.21117085531453,85.60928426573373
4443,2021-10-12T05:29:59,2021-10-12T05:57:49,168,64.4,92.4,28.0,32.20527427777778,115.0188367063492,27.83333396911621,122.31,40.67,132.37012987012986,-69.42439720238096,-69.39999,31.74404761904762,34.0,115.0188367063492,115.04765747082165,0,0,85.66665159680753,85.66665159680753,85.6881174580483
4447,2021-10-12T18:36:27,2021-10-12T19:03:02,161,50.8,78.0,27.200000000000003,30.997498361111113,113.96139103349672,26.58333396911621,103.27,34.34,132.39743589743588,-69.96272919254659,-69.89999,31.67080745341615,34.0,113.96139103349672,114.91299269464972,0,0,84.8790603410371,84.8790603410371,85.58781840449296
4451,2021-10-13T06:54:37,2021-10-13T07:12:47,110,43.2,59.6,16.4,17.956116750000007,109.48851676829274,18.16666603088379,78.83,26.21,132.26510067114094,-59.30456409090908,-59.30002,27.213636363636365,29.0,109.48851676829274,114.79817276244073,0,0,81.54763939916278,81.54763939916278,85.50229989804146
4452,2021-10-13T07:12:58,2021-10-13T07:30:58,109,59.6,75.2,15.600000000000001,17.794310263888896,114.06609143518521,18.0,99.53,33.1,132.35372340425533,-59.314694495412844,-59.30002,28.98165137614679,30.0,114.06609143518521,114.77948274114108,0,0,84.95704176643088,84.95704176643088,85.48837946910248
4453,2021-10-13T07:31:09,2021-10-13T07:48:59,108,75.6,90.8,15.200000000000003,17.636669194444444,116.0307183845029,17.83333396911621,120.32,40.01,132.51101321585904,-59.33797157407407,-59.30002,29.90740740740741,31.0,116.0307183845029,114.77948274114108,0,0,86.42030654291776,86.42030654291776,85.48837946910248
4456,2021-10-13T15:44:01,2021-10-13T16:02:21,111,35.6,47.6,12.0,13.915418944444445,115.96182453703705,18.33333396911621,62.91,20.92,132.16386554621846,-45.541449009008986,-45.20001,27.23873873873874,29.0,115.96182453703705,114.79817276244073,0,0,86.36899403274963,86.36899403274963,85.50229989804146
4457,2021-10-13T16:02:32,2021-10-13T16:19:12,101,48.0,59.2,11.200000000000003,12.42319522222222,110.92138591269837,16.66666603088379,78.39,26.07,132.41554054054052,-44.72277514851484,-44.20001,28.495049504950494,30.0,110.92138591269837,114.70608426310177,0,0,82.6148480868232,82.6148480868232,85.43371188572235
4458,2021-10-13T16:19:23,2021-10-13T16:38:03,113,59.2,71.2,12.0,13.539028916666668,112.82524097222223,18.66666603088379,94.28,31.35,132.41573033707863,-43.518587699115045,-42.89999,29.672566371681416,31.0,112.82524097222223,114.70608426310177,0,0,84.03284963113936,84.03284963113936,85.43371188572235
4459,2021-10-13T16:38:14,2021-10-13T16:55:44,106,71.2,82.0,10.799999999999997,12.353474430555558,114.38402250514409,17.5,108.63,36.12,132.47560975609755,-42.35472452830189,-41.80002,30.0,31.0,114.38402250514409,114.70608426310177,0,0,85.19383854669654,85.19383854669654,85.43371188572235
4462,2021-10-13T23:37:17,2021-10-13T23:55:37,111,38.4,57.2,18.800000000000004,21.306253958333347,113.33113807624117,18.33333396911621,75.71,25.17,132.36013986013984,-69.7297427027027,-69.70001,28.725225225225227,31.0,113.33113807624117,114.62102613546122,0,0,84.40964453008682,84.40964453008682,85.37036013226424
4463,2021-10-13T23:55:48,2021-10-14T00:15:08,117,57.2,77.2,20.0,22.479171916666665,112.39585958333332,19.33333396911621,102.23,34.0,132.4222797927461,-69.76326418803419,-69.70001,31.012820512820515,33.0,112.39585958333332,114.51318700694009,0,0,83.71304405061508,83.71304405061508,85.2900409661514
4466,2021-10-14T15:17:43,2021-10-14T15:44:03,159,51.6,74.8,23.199999999999996,26.329166250000004,113.48778556034486,26.33333396911621,99.03,32.92,132.39304812834226,-59.99056509433962,-59.89999,33.216981132075475,35.0,113.48778556034486,114.39565796618709,0,0,84.52631642339146,84.52631642339146,85.20250470100554
4467,2021-10-14T15:44:14,2021-10-14T16:11:24,164,74.8,97.2,22.400000000000006,26.197639486111107,116.95374770585313,27.16666603088379,128.71,42.8,132.41769547325103,-57.818294024390234,-42.0,34.4969512195122,36.0,116.95374770585313,114.39565796618709,0,0,87.10778377317027,87.10778377317027,85.20250470100554
4470,2021-10-15T11:48:06,2021-10-15T12:06:46,113,55.6,74.4,18.800000000000004,21.75291418055555,115.70699032210395,18.66666603088379,98.46,32.74,132.33870967741933,-69.92034601769912,-69.89999,30.690265486725664,32.0,115.70699032210395,114.39565796618709,0,0,86.17919213133277,86.17919213133277,85.20250470100554
4471,2021-10-15T12:06:57,2021-10-15T12:25:27,112,74.8,93.2,18.400000000000006,21.574999166666668,117.25543025362316,18.5,123.54,41.08,132.55364806866953,-69.97321160714286,-69.89999,31.986607142857142,33.0,117.25543025362316,114.39565796618709,0,0,87.33247856623825,87.33247856623825,85.20250470100554
4476,2021-10-16T11:55:35,2021-10-16T12:12:15,101,66.4,80.8,14.399999999999991,16.555558305555557,114.96915489969145,16.66666603088379,107.09,35.61,132.5371287128713,-59.6000099009901,-59.5,31.663366336633665,33.0,114.96915489969145,114.51318700694009,0,0,85.62964831853131,85.62964831853131,85.2900409661514
4479,2021-10-17T04:18:17,2021-10-17T05:25:50,507,31.6,97.6,66.0,75.28871215972221,114.0738063026094,67.55000305175781,129.21,42.96,132.38729508196724,-66.8483268836292,-41.70001,28.58481262327416,32.0,114.0738063026094,114.51318700694009,0,0,84.96278784141013,84.96278784141013,85.2900409661514
4480,2021-10-17T17:27:46,2021-10-17T17:46:26,113,32.8,52.0,19.200000000000003,21.813475027777777,113.61184910300923,18.66666603088379,68.85,22.89,132.40384615384613,-70.11505327433629,-70.0,27.491150442477878,29.0,113.61184910300923,114.39565796618709,0,0,84.61871962089927,84.61871962089927,85.20250470100554
4481,2021-10-17T17:46:37,2021-10-17T18:05:07,112,52.0,71.2,19.200000000000003,21.592778722222228,112.46238917824076,18.5,94.2,31.32,132.30337078651684,-70.03125312499999,-69.89999,29.924107142857142,32.0,112.46238917824076,114.37951132065484,0,0,83.76259565269191,83.76259565269191,85.19047859209262
4482,2021-10-17T18:05:18,2021-10-17T18:24:38,117,71.2,90.8,19.599999999999994,22.567362291666665,115.13960352891158,19.33333396911621,120.25,39.99,132.43392070484583,-70.0367558119658,-69.89999,31.482905982905983,33.0,115.13960352891158,114.39565796618709,0,0,85.75659937935481,85.75659937935481,85.20250470100554
4485,2021-10-18T04:53:33,2021-10-18T05:12:13,113,37.6,51.2,13.600000000000001,15.169724013888889,111.54208833741829,18.66666603088379,67.62,22.49,132.0703125,-48.7592978761062,-47.80002,25.73008849557522,28.0,111.54208833741829,114.39565796618709,0,0,83.077150609492,83.077150609492,85.20250470100554
4486,2021-10-18T05:12:24,2021-10-18T05:33:24,127,51.2,66.4,15.200000000000003,16.869446458333332,110.9832003837719,21.0,87.73,29.17,132.1234939759036,-48.201580551181095,-47.5,27.444881889763778,29.0,110.9832003837719,114.39565796618709,0,0,82.6608878391693,82.6608878391693,85.20250470100554
4487,2021-10-18T05:33:35,2021-10-18T05:50:35,103,66.4,78.4,12.0,13.776807472222222,114.80672893518519,17.0,103.79,34.51,132.38520408163265,-48.62427864077669,-48.0,28.237864077669904,30.0,114.80672893518519,114.39565796618709,0,0,85.50867258177301,85.50867258177301,85.20250470100554
4488,2021-10-18T05:50:46,2021-10-18T06:07:26,101,78.8,90.4,11.600000000000009,13.611807513888893,117.34316822318002,16.66666603088379,119.58,39.77,132.2787610619469,-49.005947623762374,-48.30002,28.846534653465348,30.0,117.34316822318002,114.39565796618709,0,0,87.39782628044811,87.39782628044811,85.20250470100554
4490,2021-10-18T12:34:41,2021-10-18T13:46:06,536,38.4,84.0,45.6,52.06196643194445,114.17097901742203,71.41666412353516,111.06,36.93,132.21428571428572,-43.73937248134329,-41.60001,29.215485074626866,31.0,114.17097901742203,114.37951132065484,0,0,85.03516260490929,85.03516260490929,85.19047859209262
4491,2021-10-18T23:35:59,2021-10-19T00:50:13,559,20.4,84.4,64.0,72.81270220833335,113.76984720052086,74.23332977294922,111.6,37.11,132.22748815165875,-58.85421018962434,-55.200012,31.146690518783544,34.0,113.76984720052086,114.32272070875014,0,0,84.73639745837421,84.73639745837421,85.14818063722433
4493,2021-10-19T07:25:11,2021-10-19T07:43:51,113,46.0,62.0,16.0,18.533751791666667,115.83594869791666,18.66666603088379,81.93999,27.25,132.16127419354837,-59.57257212389381,-58.5,28.393805309734514,31.0,115.83594869791666,114.32272070875014,0,0,86.27524102704054,86.27524102704054,85.14818063722433
4494,2021-10-19T07:44:02,2021-10-19T08:02:12,110,62.4,77.2,14.800000000000004,17.39500194444444,117.53379692192186,18.16666603088379,102.19,33.98,132.37046632124353,-57.45182454545454,-56.5,29.972727272727273,32.0,117.53379692192186,114.32723189323939,0,0,87.5398075661845,87.5398075661845,85.15154059182825
4495,2021-10-19T08:02:23,2021-10-19T08:21:13,114,77.6,92.4,14.800000000000011,17.42611341666667,117.74400957207202,18.83333396911621,122.3,40.67,132.35930735930734,-55.516673947368425,-54.5,30.74561403508772,32.0,117.74400957207202,114.32723189323939,0,0,87.69637508483913,87.69637508483913,85.15154059182825
4497,2021-10-19T15:35:13,2021-10-19T15:52:13,103,50.4,67.6,17.199999999999996,19.836250180555552,115.32703593346254,17.0,89.48,29.75,132.36686390532546,-70.01068029126213,-69.89999,32.689320388349515,34.0,115.32703593346254,114.39565796618709,0,0,85.89620004789236,85.89620004789236,85.20250470100554
4504,2021-10-20T06:37:49,2021-10-20T06:57:09,117,50.4,70.0,19.6,22.574585041666666,115.17645429421768,19.33333396911621,92.57,30.78,132.24285714285713,-70.05897965811967,-69.89999,33.77350427350427,36.0,115.17645429421768,114.51318700694009,0,0,85.78404602864246,85.78404602864246,85.2900409661514
4507,2021-10-20T11:30:51,2021-10-20T11:51:01,122,66.0,83.2,17.200000000000003,20.048197805555557,116.55928956718344,20.16666603088379,110.07,36.6,132.29567307692307,-59.64755098360656,-59.60001,33.971311475409834,35.0,116.55928956718344,114.62102613546122,0,0,86.81398921827301,86.81398921827301,85.37036013226424
4508,2021-10-20T11:51:12,2021-10-20T12:09:42,112,83.2,97.6,14.399999999999991,17.125003083333333,118.92363252314821,18.5,129.14,42.95,132.3155737704918,-55.497331428571435,-41.60001,34.40625,36.0,118.92363252314821,114.70608426310177,0,0,88.57496463816108,88.57496463816108,85.43371188572235
4510,2021-10-21T09:21:07,2021-10-21T09:40:07,115,28.8,45.2,16.400000000000002,19.031391861111114,116.04507232384823,19.0,59.81,19.89,132.3230088495575,-60.099139826086954,-60.0,26.247826086956522,28.0,116.04507232384823,114.70608426310177,0,0,86.43099743456776,86.43099743456776,85.43371188572235
4511,2021-10-21T09:40:18,2021-10-21T09:57:08,102,45.6,60.4,14.799999999999997,16.86111386111111,113.92644500750754,16.83333396911621,79.9,26.57,132.28476821192055,-60.09902941176471,-60.0,28.205882352941178,30.0,113.92644500750754,114.62102613546122,0,0,84.85303235189346,84.85303235189346,85.37036013226424
4513,2021-10-21T10:12:10,2021-10-21T10:29:40,106,74.0,89.2,15.200000000000003,17.538197361111113,115.38287737573098,17.5,118.05,39.25,132.34304932735427,-60.1311420754717,-60.10001,30.44811320754717,32.0,115.38287737573098,114.62102613546122,0,0,85.9377910560825,85.9377910560825,85.37036013226424
4516,2021-10-22T01:20:52,2021-10-22T01:43:12,135,31.2,54.0,22.8,26.120004027777775,114.56142117446392,22.33333396911621,71.17,23.67,131.7962962962963,-70.17334414814816,-70.10001,24.074074074074073,27.0,114.56142117446392,114.62102613546122,0,0,85.32596603497187,85.32596603497187,85.37036013226424
4517,2021-10-22T01:43:23,2021-10-22T02:05:08,133,54.0,76.4,22.400000000000006,25.438212305555556,113.5634477926587,21.75,101.01,33.59,132.21204188481676,-70.17444706766918,-70.10001,27.229323308270676,29.0,113.5634477926587,114.59219642936813,0,0,84.58267006319757,84.58267006319757,85.34888761125603
4518,2021-10-22T02:05:19,2021-10-22T02:25:09,120,76.8,95.2,18.400000000000006,21.451809416666677,116.58592074275364,19.83333396911621,125.97,41.89,132.32142857142856,-64.823345,-42.10001,28.720833333333335,30.0,116.58592074275364,114.71485030972876,0,0,86.83382426185818,86.83382426185818,85.44024088465662
4524,2021-10-22T15:03:42,2021-10-22T15:46:25,321,32.8,70.4,37.60000000000001,42.28749108472222,112.46673160830375,42.71666717529297,93.0,30.92,132.10227272727272,-59.36573906542057,-41.5,25.214953271028037,28.0,112.46673160830375,114.59219642936813,0,0,83.76582991808654,83.76582991808654,85.34888761125603
4525,2021-10-22T23:08:21,2021-10-23T00:30:58,620,16.4,97.6,81.19999999999999,93.09102383055556,114.64411801792559,82.61666870117188,129.03,42.91,132.20286885245903,-67.58597496774195,-41.89999,28.901612903225807,33.0,114.64411801792559,114.59219642936813,0,0,85.38755909120381,85.38755909120381,85.34888761125603
4527,2021-10-23T06:19:58,2021-10-23T06:40:58,127,46.4,68.0,21.6,24.49888877777778,113.42078137860082,21.0,89.93,29.9,132.25,-69.99685007874015,-69.89999,28.003937007874015,31.0,113.42078137860082,114.59219642936813,0,0,84.47641134647219,84.47641134647219,85.34888761125603
4528,2021-10-23T06:41:09,2021-10-23T06:59:49,113,68.4,87.2,18.799999999999997,21.774027402777776,115.81929469562648,18.66666603088379,115.17,38.3,132.0756880733945,-69.98849442477876,-69.89999,29.893805309734514,32.0,115.81929469562648,114.60276959619475,0,0,86.26283703607055,86.26283703607055,85.35676256308784
4530,2021-10-23T12:37:20,2021-10-23T12:57:10,120,50.0,67.2,17.200000000000003,19.43069655555556,112.96916602067184,19.83333396911621,88.77,29.52,132.09821428571428,-58.78000633333333,-57.39999,26.0625,28.0,112.96916602067184,114.60276959619475,0,0,84.14004578556634,84.14004578556634,85.35676256308784
4531,2021-10-23T12:57:21,2021-10-23T13:17:01,119,67.2,83.2,16.0,18.526252291666665,115.78907682291666,19.66666603088379,109.94,36.56,132.13942307692307,-56.520174957983194,-55.5,27.537815126050422,29.0,115.78907682291666,114.60276959619475,0,0,86.24033060105904,86.24033060105904,85.35676256308784
4532,2021-10-23T13:17:12,2021-10-23T13:33:52,101,83.6,96.0,12.400000000000006,14.70361251388889,118.57752027329745,16.66666603088379,126.82,42.17,132.10416666666666,-52.89208425742574,-41.89999,28.07920792079208,30.0,118.57752027329745,114.72542347655539,0,0,88.31717836270909,88.31717836270909,85.44811583648841
4534,2021-10-23T19:07:06,2021-10-23T19:38:26,189,50.0,82.0,32.0,36.454730916666676,113.92103411458336,31.33333396911621,108.42,36.05,132.21951219512195,-69.80689497354497,-69.70001,28.558201058201057,31.0,113.92103411458336,114.60276959619475,0,0,84.8490022895816,84.8490022895816,85.35676256308784
4537,2021-10-24T05:26:11,2021-10-24T05:50:31,147,38.8,60.4,21.6,24.341391694444443,112.69162821502056,24.33333396911621,79.75,26.52,132.03642384105962,-60.0217755782313,-59.60001,25.459183673469386,28.0,112.69162821502056,114.484357300847,0,0,83.93333412700234,83.93333412700234,85.2685684451432
4538,2021-10-24T05:50:42,2021-10-24T06:14:12,142,60.4,81.6,21.199999999999996,23.51180819444444,110.9047556341719,23.5,107.81,35.85,132.1200980392157,-60.02888,-59.5,27.764084507042252,29.0,110.9047556341719,114.484357300847,0,0,82.60246176544072,82.60246176544072,85.2685684451432
4539,2021-10-24T06:14:23,2021-10-24T06:33:03,113,81.6,96.4,14.800000000000011,17.24125273611111,116.49495091966959,18.66666603088379,127.38,42.35,132.1369294605809,-55.38230964601771,-41.60001,28.827433628318584,30.0,116.49495091966959,114.60276959619475,0,0,86.7660694456635,86.7660694456635,85.35676256308784
4541,2021-10-25T09:16:21,2021-10-25T09:45:11,174,20.0,45.2,25.200000000000003,28.61416859722222,113.54828808421516,28.83333396911621,59.5,19.78,131.63716814159292,-59.54425689655173,-59.5,23.25862068965517,25.0,113.54828808421516,114.472721839804,0,0,84.57137903036563,84.57137903036563,85.2599022908342
4542,2021-10-25T09:45:22,2021-10-25T10:14:42,177,45.6,72.0,26.4,29.09125023611111,110.19412968223905,29.33333396911621,95.1,31.63,132.08333333333334,-59.505085254237294,-59.5,26.480225988700564,28.0,110.19412968223905,114.472721839804,0,0,82.07318371340038,82.07318371340038,85.2599022908342
4543,2021-10-25T10:14:53,2021-10-25T10:46:23,190,72.0,97.6,25.599999999999994,29.401110680555558,114.84808859592017,31.5,128.96,42.89,132.13114754098362,-55.971578105263156,-40.80002,28.46842105263158,30.0,114.84808859592017,114.60276959619475,0,0,85.53947748076006,85.53947748076006,85.35676256308784
4544,2021-10-26T00:52:20,2021-10-26T01:20:10,168,14.4,33.2,18.800000000000004,21.222641430555555,112.88639058806143,27.83333396911621,43.81,14.57,131.9578313253012,-45.75298166666667,-45.39999,26.50595238095238,28.0,112.88639058806143,114.60276959619475,0,0,84.07839419571141,84.07839419571141,85.35676256308784
4545,2021-10-26T01:20:21,2021-10-26T01:49:21,175,33.6,52.8,19.199999999999996,21.720419402777786,113.12718438946767,29.0,69.64,23.15,131.89393939393938,-44.93886274285714,-44.30002,28.12857142857143,30.0,113.12718438946767,114.472721839804,0,0,84.2577387212034,84.2577387212034,85.2599022908342
4546,2021-10-26T01:49:32,2021-10-26T02:18:32,175,52.8,71.6,18.799999999999997,20.988196430555554,111.63934271572104,29.0,94.57,31.45,132.08100558659217,-43.42400405714286,-42.39999,30.231428571428573,32.0,111.63934271572104,114.27750076128305,0,0,83.14958619640022,83.14958619640022,85.11450057580291
4547,2021-10-26T02:18:43,2021-10-26T02:48:23,179,71.6,89.6,18.0,20.58569777777778,114.36498765432101,29.66666603088379,118.39,39.37,132.13169642857144,-41.63408497206704,-40.80002,31.0,32.0,114.36498765432101,114.37450507973256,0,0,85.17966128686369,85.17966128686369,85.18674991678012
4550,2021-10-26T14:29:02,2021-10-26T14:59:12,182,42.8,74.4,31.60000000000001,35.21458534722222,111.43856122538675,30.16666603088379,98.18999,32.65,131.97579301075265,-70.04011390109889,-69.89999,31.914835164835164,34.0,111.43856122538675,114.37450507973256,0,0,83.00004305657984,83.00004305657984,85.18674991678012
4553,2021-10-27T02:25:09,2021-10-27T02:41:59,102,14.8,30.4,15.599999999999998,17.311529597222222,110.97134357193734,16.83333396911621,39.97,13.29,131.48026315789474,-61.70686931372549,-61.0,29.50980392156863,31.0,110.97134357193734,114.26798333587152,0,0,82.6520568215937,82.6520568215937,85.1074119458865
4554,2021-10-27T02:42:10,2021-10-27T03:05:20,140,30.4,51.2,20.800000000000004,23.355556833333335,112.28633092948716,23.16666603088379,67.63,22.49,132.08984375,-60.48857478571428,-59.70001,30.985714285714284,33.0,112.28633092948716,114.26798333587152,0,0,83.63146651690327,83.63146651690327,85.1074119458865
4555,2021-10-27T03:05:31,2021-10-27T03:26:01,124,51.6,69.6,17.999999999999993,20.025834777777778,111.25463765432103,20.5,91.81,30.53,131.91091954022988,-58.611294516129036,-57.39999,33.23790322580645,35.0,111.25463765432103,114.26798333587152,0,0,82.86305578619773,82.86305578619773,85.1074119458865
4556,2021-10-27T03:26:12,2021-10-27T03:46:42,124,69.6,86.4,16.80000000000001,19.26402934722222,114.66684135251313,20.5,114.15,37.96,132.11805555555554,-56.382262661290326,-55.30002,34.221774193548384,36.0,114.66684135251313,114.46320441439246,0,0,85.40448355369162,85.40448355369162,85.25281366091778
4559,2021-10-27T15:50:33,2021-10-27T16:10:03,118,44.0,62.8,18.799999999999997,20.662224694444447,109.90545050236409,19.5,82.89,27.56,131.9904458598726,-63.57543127118644,-63.5,32.648305084745765,35.0,109.90545050236409,114.26798333587152,0,0,81.85817389906242,81.85817389906242,85.1074119458865
4560,2021-10-27T16:10:14,2021-10-27T16:27:34,105,62.8,79.2,16.400000000000006,18.371947166666672,112.02406808943088,17.33333396911621,104.63,34.79,132.10858585858585,-63.595247523809526,-63.5,34.50952380952381,36.0,112.02406808943088,114.12239266001572,0,0,83.43613173532091,83.43613173532091,84.9989752231597
4564,2021-10-28T08:50:00,2021-10-28T09:06:40,101,61.6,76.4,14.800000000000004,16.56458611111111,111.9228791291291,16.66666603088379,100.87,33.54,132.02879581151834,-59.632683267326726,-59.60001,30.861386138613863,32.0,111.9228791291291,114.00012565505847,0,0,83.36076565046173,83.36076565046173,84.90791009665179
4565,2021-10-28T09:06:51,2021-10-28T09:23:41,102,76.4,90.8,14.399999999999991,16.74583613888889,116.29052874228404,16.83333396911621,119.89,39.86,132.0374449339207,-59.68824529411762,-59.60001,31.627450980392158,33.0,116.29052874228404,114.00012565505847,0,0,86.61381470243863,86.61381470243863,84.90791009665179
4569,2021-10-28T23:44:40,2021-10-29T00:42:23,434,20.8,80.8,60.0,67.35616867222222,112.26028112037038,57.71666717529297,106.7,35.48,132.05445544554456,-70.02073940092166,-69.89999,34.00230414746544,38.0,112.26028112037038,113.92373956104545,0,0,83.61206447819661,83.61206447819661,84.85101732073753
4570,2021-10-29T04:48:22,2021-10-29T05:32:01,328,51.2,95.2,44.0,50.52935000694445,114.83943183396465,43.650001525878906,125.64,41.78,131.97478991596637,-69.39451603658536,-41.0,33.1859756097561,36.0,114.83943183396465,114.04871201246479,0,0,85.5330298776401,85.5330298776401,84.94409747840137
4571,2021-10-29T16:42:55,2021-10-29T17:34:03,384,19.2,72.4,53.2,59.69172488194444,112.2024903795948,51.13333511352539,95.57,31.78,132.0027624309392,-70.04219059895833,-69.80002,34.088541666666664,38.0,112.2024903795948,114.04871201246479,0,0,83.56902162193663,83.56902162193663,84.94409747840137
4573,2021-10-29T22:58:50,2021-10-29T23:18:50,121,38.4,59.6,21.200000000000003,23.387225555555553,110.31710167714883,20.0,78.65,26.15,131.96308724832215,-70.16116702479339,-70.10001,34.69834710743802,37.0,110.31710167714883,113.92373956104545,0,0,82.16477392023751,82.16477392023751,84.85101732073753
4574,2021-10-29T23:19:01,2021-10-29T23:38:31,118,59.6,80.0,20.4,22.813753611111117,111.83212554466235,19.5,105.61,35.12,132.0125,-70.19577381355933,-70.10001,36.817796610169495,39.0,111.83212554466235,113.92373956104545,0,0,83.29317188995863,83.29317188995863,84.85101732073753
4575,2021-10-29T23:38:42,2021-10-29T23:58:22,119,80.0,97.6,17.599999999999994,20.735282083333345,117.81410274621223,19.66666603088379,128.82,42.83,131.9877049180328,-63.19665176470587,-41.10001,37.64705882352941,39.0,117.81410274621223,114.04871201246479,0,0,87.74858086000023,87.74858086000023,84.94409747840137
4577,2021-10-30T04:15:56,2021-10-30T04:33:16,105,66.0,84.4,18.400000000000006,20.67889119444444,112.38527823067626,17.33333396911621,111.38,37.03,131.96682464454975,-71.58096038095238,-71.5,33.114285714285714,35.0,112.38527823067626,113.92373956104545,0,0,83.70516300193252,83.70516300193252,84.85101732073753
4579,2021-10-30T15:50:50,2021-10-30T16:08:27,133,13.6,33.6,20.0,20.574334755555554,102.87167377777777,17.616666793823242,44.2,14.7,131.54761904761904,-70.07218518796994,-69.89999,26.18796992481203,28.0,102.87167377777777,113.8454406575521,0,0,76.61937895616758,76.61937895616758,84.79269987397791
4580,2021-10-30T16:08:39,2021-10-30T16:56:50,362,34.0,83.2,49.2,56.2689345263889,114.36775310241644,48.18333435058594,109.73,36.49,131.88701923076923,-70.0685132320442,-69.80002,29.82182320441989,33.0,114.36775310241644,113.8454406575521,0,0,85.18172100756063,85.18172100756063,84.79269987397791
4582,2021-10-31T11:46:29,2021-10-31T12:05:19,114,19.6,29.6,10.0,10.975138458333333,109.75138458333333,18.83333396911621,38.89,12.93,131.38513513513513,-34.964910877192985,-34.80002,26.732456140350877,28.0,109.75138458333333,113.74224095362104,0,0,81.74342476938511,81.74342476938511,84.71583617638959
4583,2021-10-31T12:05:30,2021-10-31T12:23:00,106,29.6,38.8,9.199999999999996,10.199860708333336,110.86805117753632,17.5,51.0,16.96,131.44329896907217,-34.97075330188679,-34.80002,27.632075471698112,29.0,110.86805117753632,113.55586793843693,0,0,82.5751240876421,82.5751240876421,84.5770245467816
4584,2021-10-31T12:23:11,2021-10-31T12:42:21,116,38.8,48.8,10.0,11.166249680555559,111.66249680555559,19.16666603088379,64.28,21.38,131.72131147540983,-34.95517137931034,-34.80002,28.711206896551722,30.0,111.66249680555559,113.48453473140799,0,0,83.16683148772552,83.16683148772552,84.52389518841892
4585,2021-10-31T12:42:32,2021-10-31T13:00:52,111,48.8,58.4,9.600000000000001,10.685555111111109,111.3078657407407,18.33333396911621,76.89,25.57,131.6609589041096,-34.97116972972972,-34.80002,29.774774774774773,31.0,111.3078657407407,113.27398288403424,0,0,82.90270035281877,82.90270035281877,84.36707503383779
4586,2021-10-31T13:01:03,2021-10-31T13:18:13,104,58.4,67.6,9.199999999999996,10.003749930555554,108.73641228864737,17.16666603088379,89.07,29.62,131.7603550295858,-34.96346134615385,-34.70001,30.528846153846153,32.0,108.73641228864737,113.04817520506975,0,0,80.9874679153677,80.9874679153677,84.19889225338487
4588,2021-10-31T13:26:45,2021-10-31T13:46:35,120,72.0,82.0,10.0,11.546110555555558,115.46110555555558,19.83333396911621,108.11,35.96,131.84146341463415,-34.92999833333333,-34.80002,31.291666666666668,32.0,115.46110555555558,113.04817520506975,0,0,85.99605582747117,85.99605582747117,84.19889225338487
4589,2021-10-31T13:46:46,2021-10-31T14:06:06,117,82.0,91.6,9.599999999999994,11.265833027777777,117.35242737268524,19.33333396911621,120.78,40.16,131.85589519650657,-34.962392136752136,-34.80002,31.5,32.0,117.35242737268524,113.04817520506975,0,0,87.40472254507277,87.40472254507277,84.19889225338487
4594,2021-11-01T00:27:53,2021-11-01T00:46:13,111,25.6,44.8,19.199999999999996,21.4493080138889,111.71514590567138,18.33333396911621,58.97,19.61,131.6294642857143,-70.1991071171171,-70.0,27.81081081081081,30.0,111.71514590567138,112.92777830436663,0,0,83.20604482221628,83.20604482221628,84.10921999063888
4597,2021-11-01T01:04:05,2021-11-01T01:21:25,105,61.2,79.2,18.0,20.262501486111113,112.56945270061729,17.33333396911621,104.52,34.75,131.96969696969697,-70.14000523809524,-69.80002,31.914285714285715,33.0,112.56945270061729,112.789009401541,0,0,83.8423371431538,83.8423371431538,84.00586416135687
4602,2021-11-02T00:57:44,2021-11-02T01:16:44,115,49.2,69.6,20.39999999999999,22.21916926388889,108.91749639161226,19.0,91.68,30.49,131.7241379310345,-70.1652255652174,-69.89999,30.16521739130435,32.0,108.91749639161226,112.63054045781892,0,0,81.12234033455256,81.12234033455256,83.88783563507806
4603,2021-11-02T01:16:55,2021-11-02T01:35:45,114,69.6,88.8,19.200000000000003,22.028336166666673,114.73091753472224,18.83333396911621,117.17,38.96,131.94819819819818,-70.17983350877194,-70.0,31.960526315789473,33.0,114.73091753472224,112.63054045781892,0,0,85.45220784072276,85.45220784072276,83.88783563507806
4605,2021-11-02T11:04:57,2021-11-02T11:23:17,111,62.0,74.8,12.799999999999997,14.487779749999996,113.185779296875,18.33333396911621,98.63,32.8,131.85828877005346,-47.4108172072072,-46.5,28.815315315315317,30.0,113.185779296875,112.63054045781892,0,0,84.30138052511961,84.30138052511961,83.88783563507806
4606,2021-11-02T11:23:28,2021-11-02T11:41:38,110,74.8,87.6,12.799999999999997,14.473334999999999,113.07292968750001,18.16666603088379,115.5,38.41,131.84931506849315,-47.80273281818181,-46.89999,29.345454545454544,30.0,113.07292968750001,112.63054045781892,0,0,84.2173295257703,84.2173295257703,83.88783563507806
4610,2021-11-02T17:50:43,2021-11-02T18:20:23,179,61.2,80.0,18.799999999999997,21.377364597222225,113.70938615543739,29.66666603088379,105.53,35.1,131.9125,-43.235761229050276,-42.39999,30.877094972067038,32.0,113.70938615543739,112.63054045781892,0,0,84.69136574502478,84.69136574502478,83.88783563507806
4613,2021-11-03T00:52:45,2021-11-03T01:09:35,102,40.4,51.6,11.200000000000003,12.625,112.72321428571425,16.83333396911621,67.99,22.6,131.76356589147287,-45.0,-45.0,27.823529411764707,29.0,112.72321428571425,112.7074212503674,0,0,83.9568596032714,83.9568596032714,83.94509686513686
4614,2021-11-03T01:09:46,2021-11-03T01:26:26,101,52.0,63.2,11.200000000000003,12.5,111.60714285714283,16.66666603088379,83.23,27.67,131.69303797468356,-45.0,-45.0,28.975247524752476,31.0,111.60714285714283,112.63054045781892,0,0,83.12560356759545,83.12560356759545,83.88783563507806
4619,2021-11-03T11:57:45,2021-11-03T12:17:05,117,55.6,72.8,17.199999999999996,19.414449333333334,112.87470542635661,19.33333396911621,95.97,31.92,131.82692307692307,-60.251297179487175,-60.20001,27.752136752136753,29.0,112.87470542635661,112.63054045781892,0,0,84.06969102408071,84.06969102408071,83.88783563507806
4620,2021-11-03T12:17:16,2021-11-03T12:42:26,152,72.8,94.8,22.0,25.21125745833334,114.59662481060609,25.16666603088379,125.02,41.57,131.8776371308017,-60.04607039473685,-41.60001,28.93421052631579,30.0,114.59662481060609,112.63054045781892,0,0,85.35218589355061,85.35218589355061,83.88783563507806
4622,2021-11-04T03:56:44,2021-11-04T04:19:50,174,72.8,95.6,22.799999999999997,26.10159940277778,114.48069913499027,23.100000381469727,126.08,41.92,131.88284518828453,-67.72356890804598,-41.0,27.916666666666668,29.0,114.48069913499027,112.63054045781892,0,0,85.26584382342988,85.26584382342988,83.88783563507806
4623,2021-11-04T14:49:37,2021-11-04T15:11:37,133,17.6,40.8,23.199999999999996,25.697085416666667,110.76329920977014,22.0,53.68,17.85,131.5686274509804,-70.08346436090227,-69.80002,31.161654135338345,33.0,110.76329920977014,112.47736546564678,0,0,82.4971042555548,82.4971042555548,83.77375007254315
4624,2021-11-04T15:11:48,2021-11-04T15:37:28,155,40.8,67.6,26.799999999999997,29.92236165277778,111.65060318200666,25.66666603088379,89.11,29.64,131.81952662721895,-69.9490335483871,-69.80002,33.88709677419355,36.0,111.65060318200666,112.33580458008171,0,0,83.15797305258596,83.15797305258596,83.6683147594179
4625,2021-11-04T15:37:39,2021-11-04T15:55:19,107,68.0,86.0,18.0,20.59305627777778,114.40586820987656,17.66666603088379,113.52,37.75,132.0,-69.93925476635513,-69.70001,35.78971962616822,37.0,114.40586820987656,112.33580458008171,0,0,85.2101093457221,85.2101093457221,83.6683147594179
4626,2021-11-05T07:00:13,2021-11-05T07:49:55,375,49.2,97.6,48.39999999999999,55.406446861666666,114.4761298794766,49.70000076293945,128.59999,42.76,131.76228483606556,-66.86880291733333,-41.0,30.662666666666667,33.0,114.4761298794766,112.33580458008171,0,0,85.26244061721292,85.26244061721292,83.6683147594179
4628,2021-11-05T17:36:35,2021-11-05T17:58:05,130,38.4,57.6,19.200000000000003,21.46916863888889,111.8185866608796,21.5,75.89,25.24,131.7534722222222,-59.913851538461536,-58.89999,34.17307692307692,36.0,111.8185866608796,112.33580458008171,0,0,83.28308805609942,83.28308805609942,83.6683147594179
4629,2021-11-05T17:58:16,2021-11-05T18:24:36,159,58.0,80.0,22.0,25.167919125,114.39963238636363,26.33333396911621,105.32,35.02,131.64999999999998,-57.34528855345913,-55.89999,35.861635220125784,37.0,114.39963238636363,112.33580458008171,0,0,85.20546487064657,85.20546487064657,83.6683147594179
4630,2021-11-05T18:24:47,2021-11-05T18:48:07,141,80.4,97.6,17.19999999999999,20.505558625,119.21836409883728,23.33333396911621,128.55,42.75,131.7110655737705,-52.69929865248228,-41.20001,36.4468085106383,38.0,119.21836409883728,112.33580458008171,0,0,88.79448230963254,88.79448230963254,83.6683147594179
4632,2021-11-06T00:03:02,2021-11-06T00:21:02,109,37.6,56.4,18.799999999999997,20.898753000000006,111.1635797872341,18.0,74.22,24.68,131.59574468085108,-69.66239532110092,-69.60001,33.908256880733944,36.0,111.1635797872341,112.33580458008171,0,0,82.79523539435357,82.79523539435357,83.6683147594179
4633,2021-11-06T00:21:13,2021-11-06T00:39:13,109,56.4,75.2,18.800000000000004,20.89694744444445,111.15397576832152,18.0,99.03,32.93,131.68882978723406,-69.65689073394495,-69.60001,35.96330275229358,38.0,111.15397576832152,112.27330602492877,0,0,82.78808226912928,82.78808226912928,83.62176549754994
4635,2021-11-06T12:05:08,2021-11-06T13:04:17,444,38.8,97.6,58.8,66.75171768055556,113.52332938869993,59.150001525878906,128.63,42.78,131.79303278688525,-67.68446894144145,-41.20001,33.54054054054054,36.0,113.52332938869993,112.27330602492877,0,0,84.55278965897013,84.55278965897013,83.62176549754994
4636,2021-11-06T20:10:46,2021-11-06T21:01:45,383,48.0,98.0,50.0,56.879573334722224,113.75914666944445,50.983333587646484,129.08,42.92,131.71428571428572,-66.85248501305483,0.0,36.139686684073105,38.0,113.75914666944445,112.27330602492877,0,0,84.72842764496039,84.72842764496039,83.62176549754994
4638,2021-11-07T15:59:25,2021-11-07T16:18:15,114,34.0,53.6,19.6,21.87750330555556,111.61991482426306,18.83333396911621,70.61,23.48,131.73507462686567,-69.69825614035089,-69.60001,32.12280701754386,34.0,111.61991482426306,112.27330602492877,0,0,83.13511619777695,83.13511619777695,83.62176549754994
4642,2021-11-08T00:28:57,2021-11-08T00:47:47,114,16.8,29.6,12.8,14.460419277777781,112.97202560763891,18.83333396911621,38.93,12.95,131.52027027027026,-46.06930657894737,-45.70001,28.05701754385965,30.0,112.97202560763891,112.27330602492877,0,0,84.14217562140396,84.14217562140396,83.62176549754994
4643,2021-11-08T00:47:58,2021-11-08T01:06:58,115,29.6,42.4,12.799999999999997,14.429030638888893,112.7268018663195,19.0,55.69,18.52,131.3443396226415,-45.56522652173913,-45.20001,28.878260869565217,31.0,112.7268018663195,112.33580458008171,0,0,83.9595316527077,83.9595316527077,83.6683147594179
4644,2021-11-08T01:07:09,2021-11-08T01:25:39,112,42.8,55.2,12.400000000000006,13.855141569444442,111.73501265680996,18.5,72.68999,24.17,131.6847644927536,-44.93483008928571,-44.39999,29.959821428571427,32.0,111.73501265680996,112.33580458008171,0,0,83.220841685903,83.220841685903,83.6683147594179
4645,2021-11-08T01:25:50,2021-11-08T01:44:50,115,55.2,67.6,12.399999999999991,13.880696388888888,111.94109991039433,19.0,89.0,29.59,131.65680473372782,-43.83304956521741,-43.10001,30.882608695652173,33.0,111.94109991039433,112.32277967552332,0,0,83.37433658688543,83.37433658688543,83.65861374006457
4646,2021-11-08T01:45:01,2021-11-08T02:06:01,127,67.6,80.8,13.200000000000003,14.878613111111116,112.71676599326601,21.0,106.46,35.4,131.75742574257427,-42.510241889763776,-41.89999,31.0,33.0,112.71676599326601,112.47736546564678,0,0,83.9520568801838,83.9520568801838,83.77375007254315
4647,2021-11-08T02:06:12,2021-11-08T02:23:52,107,81.2,91.6,10.399999999999991,12.190279555555557,117.2142264957266,17.66666603088379,120.65,40.12,131.71397379912665,-41.40094046728972,-40.80002,31.0,33.0,117.2142264957266,112.47736546564678,0,0,87.30178978452838,87.30178978452838,83.77375007254315
4650,2021-11-08T13:06:12,2021-11-08T13:24:12,109,30.8,46.4,15.599999999999998,17.519997,112.3076730769231,18.0,60.96,20.27,131.3793103448276,-58.399989999999995,-58.39999,24.793577981651374,27.0,112.3076730769231,112.47736546564678,0,0,83.64736226373115,83.64736226373115,83.77375007254315
4656,2021-11-09T00:59:18,2021-11-09T01:16:38,105,26.0,41.2,15.200000000000003,17.360280444444445,114.21237134502923,17.33333396911621,53.76,17.86,130.48543689320388,-60.09334257142857,-60.0,22.761904761904763,25.0,114.21237134502923,112.64310934694166,0,0,85.06599183435942,85.06599183435942,83.8971970116688
4657,2021-11-09T01:16:49,2021-11-09T01:33:29,101,41.6,56.4,14.799999999999997,16.693197069444444,112.79187209084087,16.66666603088379,74.11,24.64,131.40070921985816,-60.09505891089109,-60.0,24.737623762376238,27.0,112.79187209084087,112.71999013949014,0,0,84.00799630782875,84.00799630782875,83.9544582417276
4660,2021-11-09T02:05:32,2021-11-09T02:22:12,101,85.2,97.6,12.399999999999991,14.85014065277778,119.75919881272411,16.66666603088379,128.61,42.77,131.77254098360658,-53.434659801980196,-41.39999,28.0,29.0,119.75919881272411,112.71999013949014,0,0,89.197298929351,89.197298929351,83.9544582417276
4662,2021-11-09T10:51:13,2021-11-09T11:10:43,118,48.4,68.8,20.4,22.76194561111111,111.57816476034859,19.5,90.05,29.94,130.88662790697674,-70.03729177966102,-69.89999,22.88135593220339,25.0,111.57816476034859,112.71999013949014,0,0,83.10402052439055,83.10402052439055,83.9544582417276
4663,2021-11-09T11:10:54,2021-11-09T11:29:44,114,68.8,88.0,19.200000000000003,21.97027758333333,114.42852907986108,18.83333396911621,115.53,38.42,131.2840909090909,-69.99385903508771,-69.89999,24.80701754385965,26.0,114.42852907986108,112.71999013949014,0,0,85.22698728423579,85.22698728423579,83.9544582417276
4665,2021-11-09T15:13:11,2021-11-09T15:42:40,222,68.4,96.4,28.0,32.36030829166666,115.57252961309521,29.483333587646484,126.92,42.21,131.6597510373444,-65.79054612612613,-41.10001,27.47972972972973,29.0,115.57252961309521,112.72500807601688,0,0,86.07904506810416,86.07904506810416,83.95819562798954
4666,2021-11-09T20:57:53,2021-11-09T21:24:59,204,62.0,89.6,27.599999999999994,31.52867482222223,114.23432906602258,27.100000381469727,117.88,39.2,131.5625,-69.80541014705882,-69.70001,26.90686274509804,29.0,114.23432906602258,112.7593369785802,0,0,85.08234606370188,85.08234606370188,83.98376398026822
4667,2021-11-10T03:51:54,2021-11-10T04:37:58,346,53.6,97.6,43.99999999999999,50.62682188611112,115.06095883207074,46.06666564941406,128.5,42.73,131.65983606557378,-65.91416502890173,-41.0,26.040462427745666,28.0,115.06095883207074,112.83328875859874,0,0,85.69802438383992,85.69802438383992,84.03884366595473
4670,2021-11-10T15:27:05,2021-11-10T15:45:25,111,65.6,70.8,5.200000000000003,6.259164249999999,120.36854326923068,18.33333396911621,92.91,30.89,131.22881355932205,-20.5333254054054,0.0,25.5,26.0,120.36854326923068,112.83328875859874,0,0,89.651141975871,89.651141975871,84.03884366595473
4671,2021-11-10T15:45:36,2021-11-10T16:02:16,101,70.8,76.0,5.200000000000003,5.611664499999999,107.91662499999993,16.66666603088379,100.01,33.25,131.5921052631579,-20.258408019801973,0.0,25.5,26.0,107.91662499999993,112.83328875859874,0,0,80.37688590940158,80.37688590940158,84.03884366595473
4672,2021-11-10T16:02:27,2021-11-10T16:21:07,113,76.0,81.6,5.599999999999994,6.259164249999999,111.77079017857152,18.66666603088379,107.36,35.7,131.5686274509804,-20.169903716814154,0.0,25.5,26.0,111.77079017857152,112.83328875859874,0,0,83.24748897759461,83.24748897759461,84.03884366595473
4674,2021-11-11T00:52:34,2021-11-11T02:00:59,515,6.4,77.200005,70.800005,79.85722448222222,112.79268198105667,68.41666412353516,101.64,33.8,131.6580225610089,-70.03340005825243,-69.80002,28.297087378640775,33.0,112.79268198105667,112.79227703594877,0,0,84.00859951844134,84.00859951844134,84.00829791313504
4675,2021-11-11T06:04:22,2021-11-11T06:44:34,303,50.8,92.0,41.2,46.99060213944445,114.05485956175836,40.20000076293945,121.13,40.28,131.66304347826085,-70.13565093069306,-69.899994,28.613861386138613,31.0,114.05485956175836,112.83369370370664,0,0,84.94867620636096,84.94867620636096,84.03914527126102
4677,2021-11-11T17:53:06,2021-11-11T18:15:43,137,27.6,51.6,24.0,26.987559019444443,112.44816258101852,22.616666793823242,67.85,22.56,131.49224806201548,-71.59562963503649,-71.5,30.346715328467152,33.0,112.44816258101852,112.83369370370664,0,0,83.75199960614384,83.75199960614384,84.03914527126102
4682,2021-11-12T16:53:29,2021-11-12T17:11:19,108,64.8,83.2,18.400000000000006,20.798195513888896,113.03367127113528,17.83333396911621,109.56,36.43,131.6826923076923,-69.97592953703703,-69.60001,28.60185185185185,30.0,113.03367127113528,112.92336551699776,0,0,84.18808964495369,84.18808964495369,84.10593332274235
4684,2021-11-13T01:43:46,2021-11-13T02:20:45,278,36.0,74.8,38.8,43.144460066666674,111.19706202749144,36.983333587646484,98.48,32.75,131.6577540106952,-69.9956862589928,-69.80002,27.56294964028777,31.0,111.19706202749144,112.92336551699776,0,0,82.82017314796805,82.82017314796805,84.10593332274235
4686,2021-11-13T09:20:27,2021-11-13T09:37:59,107,30.4,53.6,23.200000000000003,26.052890755555556,112.29694291187738,17.53333282470703,70.53,23.45,131.58582089552237,-89.15608112149535,-87.70001,25.570093457943926,29.0,112.29694291187738,112.92336551699776,0,0,83.63937037877675,83.63937037877675,84.10593332274235
4724,2021-11-14T18:46:09,2021-11-14T19:53:02,502,14.0,83.2,69.2,78.02077680000001,112.746787283237,66.88333129882812,109.37,36.37,131.4543269230769,-69.99123418326694,-69.89999,29.65239043824701,34.0,112.746787283237,112.83369370370664,0,0,83.9744168993083,83.9744168993083,84.03914527126102
4726,2021-11-15T19:39:43,2021-11-15T20:04:03,147,17.2,42.8,25.599999999999998,28.48722780555556,111.2782336154514,24.33333396911621,56.1,18.66,131.07476635514018,-70.24287095238095,-70.10001,27.874149659863946,30.0,111.2782336154514,112.79227703594877,0,0,82.88063018565379,82.88063018565379,84.00829791313504
4727,2021-11-15T20:04:14,2021-11-15T20:26:24,134,42.8,65.6,22.799999999999997,25.953755236111117,113.83225980750491,22.16666603088379,86.13,28.64,131.2957317073171,-70.25076044776118,-70.10001,30.53731343283582,33.0,113.83225980750491,112.83369370370664,0,0,84.78288270558116,84.78288270558116,84.03914527126102
4728,2021-11-15T20:26:35,2021-11-15T20:48:25,132,65.6,87.6,22.0,25.556671805555556,116.16669002525252,21.83333396911621,115.28,38.33,131.59817351598176,-70.23183227272726,-70.10001,32.68181818181818,34.0,116.16669002525252,112.92336551699776,0,0,86.52157895627803,86.52157895627803,84.10593332274235
