session_id_raw,time_start,time_end,n_samples,soc_start,soc_end,delta_soc,charge_throughput_ah,capacity_ah_raw,duration_min,bms_available_capacity_at_max_soc,bms_available_energy_at_max_soc,bms_full_capacity_proxy_diag,mean_current,max_current,mean_temperature,max_temperature,capacity_ah_clean,capacity_ah_smooth,capacity_outlier_flag,bms_jump_flag_diag,soh_raw_percent,soh_clean_percent,soh_smooth_percent
0,2019-07-26T09:00:02,2019-07-26T09:39:40,298,18.8,30.0,11.2,14.862625012499999,132.70200904017858,39.63333511352539,40.6,13.5,135.33333333333334,-22.500335604026844,-22.5,29.86577181208054,31.0,132.70200904017858,132.70200904017858,0,0,99.13767188229802,99.13767188229802,99.13767188229802
1,2019-07-26T09:42:36,2019-07-26T13:06:18,1528,30.0,86.8,56.8,76.45296571249999,134.60029174735914,203.6999969482422,117.94,39.23,135.87557603686636,-22.5168869960733,-15.10001,33.25163612565445,36.0,134.60029174735914,133.65115039376886,0,0,100.55582168670172,100.55582168670172,99.84674678449987
2,2019-07-26T23:54:39,2019-07-27T00:59:21,486,12.8,70.0,57.2,76.12627429688891,133.08789212742815,64.69999694824219,95.09,31.63,135.84285714285716,-70.52387796748971,-0.2000122,39.556584362139915,43.0,133.08789212742815,133.08789212742815,0,0,99.4259535079145,99.4259535079145,99.4259535079145
3,2019-07-27T17:55:21,2019-07-27T19:54:22,893,4.4,98.0,93.6,126.5882700263889,135.24387823332148,119.01667022705078,133.17,44.3,135.8877551020408,-63.79182840985442,-14.60001,43.18812989921612,46.0,135.24387823332148,133.84409193739364,0,0,101.03662575541703,101.03662575541703,99.9908875973081
4,2019-07-28T16:07:58,2019-07-28T17:14:16,498,40.4,96.4,56.00000000000001,74.62354334305556,133.2563273983135,66.30000305175781,130.97,43.57,135.8609958506224,-67.51526257028112,-47.30002,38.41767068273092,40.0,133.2563273983135,133.2563273983135,0,0,99.55178642287346,99.55178642287346,99.55178642287346
6,2019-07-30T00:20:31,2019-07-30T02:07:32,803,17.2,99.6,82.39999999999999,110.78127874722223,134.44329945051243,107.01667022705078,135.34,45.02,135.8835341365462,-62.08094698630137,-15.0,35.02926525529265,38.0,134.44329945051243,133.84981342441296,0,0,100.43853747280464,100.43853747280464,99.99516194783905
7,2019-07-30T16:06:46,2019-07-30T18:43:21,1176,4.0,91.2,87.2,117.84491498611112,135.1432511308614,156.5833282470703,123.99,41.24,135.95394736842104,-45.14966986394558,-30.20001,38.67431972789116,41.0,135.1432511308614,134.44329945051243,0,0,100.96145027964008,100.96145027964008,100.43853747280464
8,2019-07-31T03:36:24,2019-07-31T05:45:33,969,24.4,96.8,72.4,96.86261112222222,133.7881369091467,129.14999389648438,131.53,43.75,135.87809917355372,-45.00010320949433,-45.0,36.80546955624355,39.0,133.7881369091467,134.11571817982957,0,0,99.9490852819503,99.9490852819503,100.19381137737747
9,2019-07-31T08:34:50,2019-07-31T09:30:36,419,75.6,99.6,24.0,32.99377060416667,137.4740441840278,55.766666412353516,135.32,45.02,135.86345381526104,-35.45322918854415,-14.20001,36.34844868735084,38.0,137.4740441840278,134.44329945051243,0,0,102.70271552951576,102.70271552951576,100.43853747280464
10,2019-08-01T00:02:12,2019-08-01T03:18:36,1473,18.0,82.4,64.4,85.10700003333334,132.15372675983437,196.39999389648438,111.95,37.24,135.86165048543688,-26.00013579090292,-26.0,31.664290563475898,33.0,132.15372675983437,134.11571817982957,0,0,98.7280667135384,98.7280667135384,100.19381137737747
11,2019-08-01T22:08:16,2019-08-01T23:54:05,794,8.8,61.6,52.8,70.150583327,132.86095327083333,105.81666564941406,83.65,27.83,135.79545454545456,-39.75453401297229,-0.3000183,30.81486146095718,34.0,132.86095327083333,133.7881369091467,0,0,99.25641432712013,99.25641432712013,99.9490852819503
18,2019-08-01T23:59:01,2019-08-02T00:36:14,280,64.0,82.4,18.400000000000006,24.76688891111111,134.60265712560383,37.21666717529297,111.95,37.24,135.86165048543688,-39.85750003571429,0.0,33.0,34.0,134.60265712560383,134.11571817982957,0,0,100.55758878950591,100.55758878950591,100.19381137737747
19,2019-08-02T06:31:21,2019-08-02T08:26:42,866,45.2,98.8,53.599999999999994,71.83738905772222,134.02497958530267,115.3499984741211,134.26,44.66,135.8906882591093,-37.33521228660509,-0.2000122,30.62933025404157,32.0,134.02497958530267,134.02497958530267,0,0,100.12602330788003,100.12602330788003,100.12602330788003
20,2019-08-02T23:38:14,2019-08-02T23:55:59,134,26.0,34.4,8.399999999999999,11.5375,137.35119047619048,17.75,46.57,15.49,135.37790697674419,-39.0,-39.0,31.007462686567163,32.0,137.35119047619048,134.23413951790755,0,0,102.61093522667639,102.61093522667639,100.28228039034234
22,2019-08-02T23:58:15,2019-08-03T00:28:25,227,35.6,50.4,14.799999999999997,19.608333333333334,132.4887387387388,30.16666603088379,68.39,22.75,135.69444444444446,-39.0,-39.0,32.22907488986784,34.0,132.4887387387388,134.02497958530267,0,0,98.9783440671481,98.9783440671481,100.12602330788003
23,2019-08-03T00:28:57,2019-08-03T01:15:31,350,50.8,73.6,22.799999999999997,30.268333333333334,132.7558479532164,46.56666564941406,99.95,33.24,135.80163043478262,-39.0,-39.0,33.43,34.0,132.7558479532164,133.90655824722467,0,0,99.17789331175375,99.17789331175375,100.03755429491517
24,2019-08-03T05:27:47,2019-08-03T07:29:12,911,39.6,99.6,59.99999999999999,81.31756089722224,135.52926816203706,121.41666412353516,135.34,45.02,135.8835341365462,-40.173328649835355,-14.5,32.70472008781559,34.0,135.52926816203706,134.02497958530267,0,0,101.24983197072723,101.24983197072723,100.12602330788003
25,2019-08-03T13:41:54,2019-08-03T15:06:30,635,59.6,99.6,39.99999999999999,54.47209743333333,136.18024358333335,84.5999984741211,135.34,45.02,135.8835341365462,-38.61985251968504,-14.60001,33.59527559055118,35.0,136.18024358333335,134.23413951790755,0,0,101.73615609035961,101.73615609035961,100.28228039034234
26,2019-08-04T02:00:06,2019-08-04T03:56:34,874,11.6,99.6,88.0,118.71695171388889,134.905626947601,116.46666717529297,135.34,45.02,135.8835341365462,-61.14119367276888,-14.60001,37.35697940503432,41.0,134.905626947601,134.44329945051243,0,0,100.78392841330395,100.78392841330395,100.43853747280464
27,2019-08-04T11:54:23,2019-08-04T14:17:10,1072,50.8,96.4,45.60000000000001,60.923246019444456,133.60360969176415,142.78334045410156,130.99,43.57,135.8817427385892,-25.599170447761196,-21.70001,35.19402985074627,36.0,133.60360969176415,134.23413951790755,0,0,99.8112305587058,99.8112305587058,100.28228039034234
28,2019-08-05T01:33:25,2019-08-05T03:11:29,736,18.4,98.4,80.0,106.90661341666667,133.63326677083333,98.06666564941406,133.71,44.48,135.8841463414634,-65.36847966032609,0.0,38.87635869565217,42.0,133.63326677083333,134.02497958530267,0,0,99.83338646874073,99.83338646874073,100.12602330788003
29,2019-08-05T17:13:31,2019-08-05T18:27:42,557,50.0,99.6,49.599999999999994,67.32299155000001,135.7318378024194,74.18333435058594,135.34,45.02,135.8835341365462,-54.433756642728916,-15.0,39.5,41.0,135.7318378024194,134.23413951790755,0,0,101.40116564447335,101.40116564447335,100.28228039034234
30,2019-08-06T02:55:52,2019-08-06T04:19:51,631,44.4,68.4,24.000000000000007,31.633847330555557,131.80769721064812,83.98332977294922,92.86,30.89,135.76023391812865,-22.60016847860539,-22.60001,36.38351822503962,38.0,131.80769721064812,134.02497958530267,0,0,98.46955846519364,98.46955846519364,100.12602330788003
31,2019-08-06T12:42:58,2019-08-06T14:36:22,850,19.2,76.4,57.2,76.47654871111112,133.70025998446,113.4000015258789,103.78,34.52,135.83769633507853,-40.463761082352946,-40.39999,37.26941176470588,40.0,133.70025998446,133.90655824722467,0,0,99.88343507975195,99.88343507975195,100.03755429491517
33,2019-08-07T00:16:20,2019-08-07T05:38:33,2416,14.4,99.6,85.19999999999999,116.20648421527777,136.39258710713355,322.2166748046875,135.34,45.02,135.8835341365462,-21.63618548923841,-7.200012,35.71026490066225,38.0,136.39258710713355,134.02497958530267,0,0,101.89479153786411,101.89479153786411,100.12602330788003
34,2019-08-07T17:57:49,2019-08-07T18:49:03,385,16.8,31.2,14.399999999999999,19.285119650000002,133.92444201388892,51.233333587646484,42.24,14.05,135.3846153846154,-22.57013987012987,-11.10001,38.11298701298701,39.0,133.92444201388892,133.9747107995958,0,0,100.0509147180497,100.0509147180497,100.08846901296486
35,2019-08-07T19:02:13,2019-08-07T19:57:27,416,30.8,46.4,15.599999999999998,20.733182679166667,132.9050171741453,55.233333587646484,62.91,20.93,135.58189655172413,-22.521877307692307,-22.10001,38.88701923076923,40.0,132.9050171741453,133.92444201388892,0,0,99.2893331413867,99.2893331413867,100.0509147180497
36,2019-08-07T20:03:17,2019-08-07T22:19:46,1024,45.6,84.0,38.4,51.23504704583333,133.42460168185764,136.48333740234375,114.12,37.96,135.85714285714286,-22.523732841796875,-22.5,39.25927734375,40.0,133.42460168185764,133.8562894615178,0,0,99.6774990690413,99.6774990690413,100.0
37,2019-08-08T13:18:21,2019-08-08T15:06:34,812,32.8,86.8,54.0,71.53995473055555,132.48139764917693,108.21666717529297,117.92,39.22,135.85253456221199,-39.61883267487685,0.0,37.20628078817734,39.0,132.48139764917693,133.7881369091467,0,0,98.97285976036551,98.97285976036551,99.9490852819503
38,2019-08-08T22:50:09,2019-08-08T23:54:36,484,22.8,59.6,36.8,48.128367001388895,130.78360598203506,64.44999694824219,80.96,26.93,135.83892617449663,-44.80539028925621,-44.80002,40.27789256198347,42.0,130.78360598203506,133.74419844680335,0,0,97.7044907700313,97.7044907700313,99.91626018085113
49,2019-08-08T23:59:56,2019-08-09T00:42:32,321,62.4,86.4,24.000000000000007,31.81759465833334,132.57331107638888,42.599998474121094,117.42,39.06,135.90277777777777,-44.8134116199377,-44.80002,41.5,42.0,132.57331107638888,133.70025998446,0,0,99.04152551195753,99.04152551195753,99.88343507975195
50,2019-08-09T05:13:55,2019-08-09T07:52:09,1187,52.4,99.6,47.199999999999996,64.64905448305555,136.9683357691855,158.23333740234375,135.34,45.02,135.8835341365462,-24.50977739679865,-9.899994,37.40185341196293,39.0,136.9683357691855,133.74419844680335,0,0,102.32491601267819,102.32491601267819,99.91626018085113
51,2019-08-09T19:28:29,2019-08-09T19:43:42,115,29.6,37.2,7.600000000000001,10.245886352777777,134.81429411549703,15.216666221618652,50.44,16.78,135.59139784946234,-40.39999,-40.39999,41.821739130434786,43.0,134.81429411549703,133.7881369091467,0,0,100.71569640682043,100.71569640682043,99.9490852819503
52,2019-08-09T19:43:54,2019-08-09T21:29:24,794,37.2,90.8,53.599999999999994,71.03587153888888,132.5296110800166,105.5,123.4,41.05,135.90308370044056,-40.39948637279597,-40.30002,43.505037783375315,45.0,132.5296110800166,133.74419844680335,0,0,99.00887856159899,99.00887856159899,99.91626018085113
53,2019-08-09T21:29:48,2019-08-09T21:58:44,218,90.8,99.6,8.799999999999997,13.080208370833335,148.6387314867425,28.933332443237305,135.34,45.02,135.8835341365462,-27.141284495412847,-14.5,44.0,45.0,148.6387314867425,133.7881369091467,0,0,111.04351695739668,111.04351695739668,99.9490852819503
54,2019-08-10T19:50:02,2019-08-10T20:42:36,395,19.2,65.2,46.0,61.10433078750001,132.83550171195654,52.56666564941406,88.5,29.44,135.7361963190184,-69.74532939240507,-69.60001,39.6746835443038,42.0,132.83550171195654,133.74419844680335,0,0,99.23740023448453,99.23740023448453,99.91626018085113
55,2019-08-11T05:40:22,2019-08-11T07:25:22,788,53.2,99.6,46.39999999999999,63.65512756666667,137.18777492816096,105.0,135.34,45.02,135.8835341365462,-36.360542398477165,-14.5,37.46256345177665,39.0,137.18777492816096,133.7881369091467,0,0,102.48885239539001,102.48885239539001,99.9490852819503
56,2019-08-11T15:13:55,2019-08-11T17:02:32,815,45.6,98.4,52.800000000000004,70.56106783077779,133.63838604313975,108.61666870117188,133.71,44.48,135.8841463414634,-38.93839637570552,-0.2000122,40.56687116564417,42.0,133.63838604313975,133.74419844680335,0,0,99.83721092280786,99.83721092280786,99.91626018085113
57,2019-08-12T02:45:33,2019-08-12T04:26:41,759,25.2,99.6,74.39999999999999,99.9983913138889,134.40643993802274,101.13333129882812,135.34,45.02,135.8835341365462,-59.30738778656128,-14.80002,39.03425559947299,42.0,134.40643993802274,133.7881369091467,0,0,100.41100084181184,100.41100084181184,99.9490852819503
58,2019-08-13T00:33:50,2019-08-13T04:43:41,1875,18.0,98.8,80.8,108.0158887,133.68303056930694,249.85000610351562,134.28,44.67,135.91093117408906,-25.934506624,-14.39999,35.400533333333335,38.0,133.68303056930694,133.74419844680335,0,0,99.87056350291206,99.87056350291206,99.91626018085113
59,2019-08-13T14:05:16,2019-08-13T15:57:53,847,44.0,99.6,55.599999999999994,75.8213104361111,136.36926337430057,112.61666870117188,135.34,45.02,135.8835341365462,-40.39587776859504,-14.60001,39.35655253837072,41.0,136.36926337430057,133.7881369091467,0,0,101.87736707994226,101.87736707994226,99.9490852819503
60,2019-08-14T02:30:31,2019-08-14T04:59:17,1116,17.2,99.6,82.39999999999999,111.59044499444445,135.42529732335493,148.76666259765625,135.34,45.02,135.8835341365462,-44.99544153225808,-14.20001,38.55689964157706,41.0,135.42529732335493,133.8562894615178,0,0,101.17215849038472,101.17215849038472,100.0
61,2019-08-14T19:16:10,2019-08-14T20:14:53,441,52.8,98.4,45.60000000000001,60.442689290277784,132.54975721552142,58.71666717529297,133.73,44.49,135.90447154471542,-61.72517900226758,-14.80002,41.673469387755105,43.0,132.54975721552142,133.7881369091467,0,0,99.0239291323162,99.0239291323162,99.9490852819503
62,2019-08-15T04:10:24,2019-08-15T06:00:44,828,45.6,99.6,53.99999999999999,73.44276837777777,136.0051266255144,110.33333587646484,135.34,45.02,135.8835341365462,-39.90073462560387,0.0,34.707729468599034,37.0,136.0051266255144,133.8562894615178,0,0,101.60533148845006,101.60533148845006,100.0
63,2019-08-15T16:20:05,2019-08-15T18:44:27,1083,18.8,98.4,79.60000000000001,105.99417148194443,133.15850688686487,144.36666870117188,133.71,44.48,135.8841463414634,-44.0382349215143,-14.60001,41.27146814404432,43.0,133.15850688686487,133.7881369091467,0,0,99.47870766666252,99.47870766666252,99.9490852819503
64,2019-08-16T06:44:08,2019-08-16T09:22:39,1189,18.0,99.6,81.6,109.60581809722221,134.32085551130174,158.51666259765625,135.34,45.02,135.8835341365462,-41.4671252312868,-14.60001,35.08915054667788,37.0,134.32085551130174,133.8562894615178,0,0,100.34706329575758,100.34706329575758,100.0
65,2019-08-17T03:50:45,2019-08-17T05:13:52,624,44.8,99.6,54.8,74.09369142638889,135.20746610654908,83.11666870117188,135.34,45.02,135.8835341365462,-53.462988621794864,-14.70001,36.22355769230769,38.0,135.20746610654908,133.92444201388892,0,0,101.00942335281131,101.00942335281131,100.0509147180497
66,2019-08-17T21:39:07,2019-08-17T23:24:40,792,42.8,99.6,56.8,76.84720135833334,135.29436858861504,105.55000305175781,135.34,45.02,135.8835341365462,-43.67058473484848,-14.89999,33.297348484848484,35.0,135.29436858861504,133.9747107995958,0,0,101.07434557829326,101.07434557829326,100.08846901296486
67,2019-08-18T18:40:19,2019-08-18T18:53:56,103,46.4,53.6,7.200000000000003,9.116613380555556,126.6196302854938,13.616666793823242,72.76,24.2,135.7462686567164,-40.17088378640777,-40.10001,33.407766990291265,34.0,126.6196302854938,133.92444201388892,0,0,94.59371001158338,94.59371001158338,100.0509147180497
68,2019-08-18T18:55:00,2019-08-18T20:39:04,782,52.4,99.6,47.199999999999996,62.633915162499996,132.6989728019068,104.06666564941406,135.34,45.02,135.8835341365462,-36.107168260869564,-14.39999,34.65728900255755,36.0,132.6989728019068,133.8562894615178,0,0,99.13540360018442,99.13540360018442,100.0
69,2019-08-19T19:07:49,2019-08-19T21:43:48,1170,14.8,92.8,78.0,104.24944266388889,133.65313162037037,155.98333740234375,126.09,41.94,135.87284482758622,-40.10026641025641,-40.10001,36.174358974358974,38.0,133.65313162037037,133.8562894615178,0,0,99.84822689918815,99.84822689918815,100.0
70,2019-08-20T19:39:03,2019-08-20T21:29:22,828,42.4,97.6,55.199999999999996,73.51644446666666,133.18196461352656,110.31666564941406,132.63,44.12,135.89139344262296,-39.969565241545894,-14.80002,37.09480676328502,38.0,133.18196461352656,133.74419844680335,0,0,99.4962322273358,99.4962322273358,99.91626018085113
71,2019-08-22T14:35:43,2019-08-22T16:37:40,915,10.8,70.4,59.60000000000001,79.05692660000001,132.64585,121.94999694824219,95.63,31.81,135.83806818181816,-38.88075626229508,-10.30002,39.83224043715847,42.0,132.64585,133.74419844680335,0,0,99.09571715577414,99.09571715577414,99.91626018085113
72,2019-08-24T10:50:51,2019-08-24T12:52:00,909,39.6,99.6,59.99999999999999,81.41099242277778,135.6849873712963,121.1500015258789,135.34,45.02,135.8835341365462,-40.28438844664467,-1.300018,33.63861386138614,36.0,135.6849873712963,133.74419844680335,0,0,101.36616509925314,101.36616509925314,99.91626018085113
73,2019-08-24T22:07:39,2019-08-25T01:49:42,1666,28.8,99.6,70.8,94.70232468055555,133.76034559400503,222.0500030517578,135.34,45.02,135.8835341365462,-25.58138271908763,-10.10001,39.581032412965186,41.0,133.76034559400503,133.77424125157586,0,0,99.92832322791948,99.92832322791948,99.93870425493489
74,2019-08-25T14:28:39,2019-08-25T15:45:06,574,61.6,99.6,37.99999999999999,51.660986454166675,135.94996435307021,76.44999694824219,135.34,45.02,135.8835341365462,-40.52439054006968,-14.20001,35.992160278745644,37.0,135.94996435307021,133.77424125157586,0,0,101.56412141706224,101.56412141706224,99.93870425493489
75,2019-08-26T07:58:54,2019-08-26T09:33:06,707,35.2,100.0,64.8,85.17546223611112,131.44361456189986,94.19999694824219,136.16,45.29,136.16,-54.21726732673268,0.0,30.432814710042432,33.0,131.44361456189986,133.7303027892325,0,0,98.19756329020942,98.19756329020942,99.90587915383571
76,2019-08-27T05:10:28,2019-08-27T07:04:57,859,17.2,99.6,82.39999999999999,110.72868022916667,134.37946629753236,114.48332977294922,135.34,45.02,135.8835341365462,-58.0133874854482,-14.89999,34.44935972060536,37.0,134.37946629753236,133.7303027892325,0,0,100.39084964787178,100.39084964787178,99.90587915383571
78,2019-08-28T11:44:26,2019-08-28T13:11:26,654,40.8,99.6,58.8,78.21956621944445,133.02647316232049,87.0,135.34,45.02,135.8835341365462,-53.950313165137615,-14.70001,34.269113149847094,36.0,133.02647316232049,133.69164527688346,0,0,99.38006924998778,99.38006924998778,99.876999291332
79,2019-08-29T15:40:17,2019-08-29T16:56:20,571,14.0,84.8,70.8,93.85672839444445,132.56600055712494,76.05000305175781,115.28,38.35,135.9433962264151,-74.04869138353764,-73.89999,41.15936952714536,44.0,132.56600055712494,133.69164527688346,0,0,99.03606404332325,99.03606404332325,99.876999291332
80,2019-08-29T21:21:01,2019-08-29T22:29:28,514,57.2,99.6,42.39999999999999,58.11140686944445,137.05520488076525,68.44999694824219,135.34,45.02,135.8835341365462,-50.92840826848249,-14.5,40.33268482490272,42.0,137.05520488076525,133.7303027892325,0,0,102.38981330807553,102.38981330807553,99.90587915383571
81,2019-08-30T21:38:47,2019-08-30T23:29:31,831,16.4,99.6,83.19999999999999,111.12084162777778,133.55870387954062,110.73332977294922,135.34,45.02,135.8835341365462,-60.18628608904934,-14.60001,37.22141997593261,40.0,133.55870387954062,133.69164527688346,0,0,99.77768277966294,99.77768277966294,99.876999291332
82,2019-08-31T06:35:24,2019-08-31T08:31:37,872,12.0,99.6,87.6,117.4786541875,134.10805272545664,116.21666717529297,135.34,45.02,135.8835341365462,-60.63532899082569,-14.39999,39.847477064220186,43.0,134.10805272545664,133.69164527688346,0,0,100.18808474741951,100.18808474741951,99.876999291332
83,2019-08-31T18:10:32,2019-08-31T19:51:08,755,30.8,99.6,68.8,92.75657133749999,134.82059787427326,100.5999984741211,135.34,45.02,135.8835341365462,-55.30768324503311,-14.20001,37.629139072847686,40.0,134.82059787427326,133.69164527688346,0,0,100.72040575503378,100.72040575503378,99.876999291332
84,2019-09-01T21:50:53,2019-09-01T23:41:13,828,17.6,99.6,82.0,109.29608988333335,133.28791449186994,110.33333587646484,135.34,45.02,135.8835341365462,-59.417998743961356,-14.5,34.93055555555556,38.0,133.28791449186994,133.69164527688346,0,0,99.57538418856944,99.57538418856944,99.876999291332
85,2019-09-02T15:39:37,2019-09-02T17:15:49,722,31.6,99.6,68.0,91.70075296111114,134.85404847222225,96.19999694824219,135.34,45.02,135.8835341365462,-57.1789491966759,-14.30002,35.38019390581717,38.0,134.85404847222225,133.7303027892325,0,0,100.74539568870335,100.74539568870335,99.90587915383571
87,2019-09-04T01:36:11,2019-09-04T03:28:15,841,17.6,99.6,82.0,109.78538192777778,133.88461210704608,112.06666564941406,135.34,45.02,135.8835341365462,-58.76099508917955,-15.39999,34.596313912009514,38.0,133.88461210704608,133.7303027892325,0,0,100.02115899495064,100.02115899495064,99.90587915383571
88,2019-09-04T16:18:48,2019-09-04T17:59:45,758,29.2,99.6,70.39999999999999,94.40223173055557,134.094079162721,100.94999694824219,135.34,45.02,135.8835341365462,-56.09697134564644,-14.39999,36.75923482849604,39.0,134.094079162721,133.7303027892325,0,0,100.17764551980319,100.17764551980319,99.90587915383571
89,2019-09-05T04:59:51,2019-09-05T05:58:58,444,65.2,99.6,34.39999999999999,46.57853560694445,135.40271978762925,59.11666488647461,135.34,45.02,135.8835341365462,-47.266674617117125,-15.0,33.365990990990994,35.0,135.40271978762925,133.7303027892325,0,0,101.15529149383453,101.15529149383453,99.90587915383571
90,2019-09-05T19:01:56,2019-09-05T20:56:09,857,38.4,99.6,61.199999999999996,82.94153300555556,135.52538072803196,114.21666717529297,135.34,45.02,135.8835341365462,-43.55776238039673,-14.30002,37.424154025670944,39.0,135.52538072803196,133.82247885052556,0,0,101.2469277859327,101.2469277859327,99.97474111143507
91,2019-09-06T14:38:12,2019-09-06T16:04:55,651,40.8,99.6,58.8,77.93266254861112,132.53854174933863,86.71666717529297,135.34,45.02,135.8835341365462,-53.90569033794163,-14.80002,33.43778801843318,35.0,132.53854174933863,133.82247885052556,0,0,99.01555039551727,99.01555039551727,99.97474111143507
92,2019-09-07T01:41:50,2019-09-07T03:19:06,730,31.2,99.6,68.39999999999999,91.66068766388891,134.0068533097791,97.26667022705078,135.34,45.02,135.8835341365462,-56.52658830136988,-14.70001,38.429452054794524,41.0,134.0068533097791,133.82247885052556,0,0,100.11248171368487,100.11248171368487,99.97474111143507
93,2019-09-07T13:22:50,2019-09-07T14:49:50,653,29.6,98.8,69.19999999999999,91.58329671666668,132.34580450385363,87.0,134.31,44.68,135.9412955465587,-63.135388238897406,-15.0,40.86217457886677,43.0,132.34580450385363,133.82247885052556,0,0,98.87156220769259,98.87156220769259,99.97474111143507
94,2019-09-08T07:09:11,2019-09-08T08:50:51,763,27.2,100.0,72.8,96.32019445277777,132.30795941315628,101.66666412353516,136.16,45.29,136.16,-56.8163827129751,0.0,37.792267365661864,40.0,132.30795941315628,133.82247885052556,0,0,98.84328928092195,98.84328928092195,99.97474111143507
95,2019-09-08T19:38:49,2019-09-08T21:41:33,921,38.4,100.0,61.6,82.9232426777778,134.61565369769122,122.73332977294922,136.16,45.29,136.16,-40.50055288816504,0.0,37.29207383279044,39.0,134.61565369769122,133.82247885052556,0,0,100.56729813685126,100.56729813685126,99.97474111143507
96,2019-09-09T03:45:40,2019-09-09T04:07:01,161,63.2,83.2,20.0,26.44875330555556,132.24376652777778,21.350000381469727,113.05,37.61,135.87740384615384,-74.32920180124223,-74.20001,35.62422360248447,37.0,132.24376652777778,133.721688081656,0,0,98.79533271075499,98.79533271075499,99.89944336541578
97,2019-09-09T15:44:25,2019-09-09T17:37:10,846,19.2,99.6,80.39999999999999,107.56649240138889,133.78916965346878,112.75,135.34,45.02,135.8835341365462,-57.22246197399527,-14.20001,40.913120567375884,43.0,133.78916965346878,133.7747576237369,0,0,99.94985681411083,99.94985681411083,99.93909002101515
98,2019-09-12T09:10:12,2019-09-12T10:01:02,382,78.4,99.6,21.19999999999999,28.947236723611113,136.5435694509959,50.83333206176758,135.34,45.02,135.8835341365462,-34.148691832460734,-14.5,32.37565445026178,33.0,136.5435694509959,133.83689088025744,0,0,102.00758589700088,102.00758589700088,99.98550790453073
99,2019-09-13T03:17:08,2019-09-13T05:39:22,1067,12.0,84.4,72.4,94.26072998611112,130.19437843385512,142.23333740234375,114.65,38.14,135.84123222748815,-39.74675819306467,-4.899994,36.08622305529522,39.0,130.19437843385512,133.83689088025744,0,0,97.26429662558706,97.26429662558706,99.98550790453073
100,2019-09-13T14:01:54,2019-09-13T16:24:00,1066,18.8,99.6,80.8,108.32684927499999,134.0678827660891,142.10000610351562,135.34,45.02,135.8835341365462,-45.72852454971858,-14.89999,41.051594746716695,43.0,134.0678827660891,133.9457327084126,0,0,100.15807498132699,100.15807498132699,100.06682035431776
101,2019-09-14T06:19:53,2019-09-14T07:21:07,460,64.0,94.0,30.0,39.895510216666665,132.98503405555556,61.233333587646484,127.71,42.48,135.86170212765958,-39.078053499999996,-26.30002,35.23478260869565,36.0,132.98503405555556,133.9457327084126,0,0,99.34911134212135,99.34911134212135,100.06682035431776
102,2019-09-14T21:06:42,2019-09-15T00:14:11,1408,7.6,99.2,91.60000000000001,121.20818390277779,132.32334487202814,187.48333740234375,134.83,44.85,135.91733870967744,-38.78509518465909,-14.5,36.10227272727273,38.0,132.32334487202814,133.83689088025744,0,0,98.85478329359312,98.85478329359312,99.98550790453073
103,2019-09-15T05:25:03,2019-09-15T06:30:34,492,50.8,87.6,36.8,49.13805561111111,133.52732503019325,65.51667022705078,119.02,39.59,135.86757990867582,-45.00060981707317,-45.0,35.1869918699187,37.0,133.52732503019325,133.7747576237369,0,0,99.75424058693999,99.75424058693999,99.93909002101515
104,2019-09-15T10:26:16,2019-09-15T11:52:28,647,55.2,99.6,44.39999999999999,60.6958912638889,136.70245780155162,86.19999694824219,135.34,45.02,135.8835341365462,-42.23339616692427,-15.10001,35.03168469860896,37.0,136.70245780155162,133.83689088025744,0,0,102.12628659548497,102.12628659548497,99.98550790453073
106,2019-09-16T05:37:38,2019-09-16T08:29:12,1287,10.4,99.6,89.19999999999999,119.32352545,133.77076844170406,171.56666564941406,135.34,45.02,135.8835341365462,-41.71181930846931,-14.5,36.19580419580419,39.0,133.77076844170406,133.7799690475864,0,0,99.93610982333533,99.93610982333533,99.94298331872308
107,2019-09-16T18:31:45,2019-09-16T20:00:45,668,36.0,86.8,50.8,66.87966652083334,131.65288685203413,89.0,117.99,39.25,135.9331797235023,-45.08219489520958,-38.10001,37.60553892215569,39.0,131.65288685203413,133.7799690475864,0,0,98.35390431159597,98.35390431159597,99.94298331872308
108,2019-09-17T19:56:02,2019-09-17T22:38:09,1216,2.8,84.8,82.0,107.77463299583333,131.43247926321138,162.11666870117188,115.2,38.32,135.8490566037736,-39.87344046052632,-5.0,35.60402960526316,38.0,131.43247926321138,133.76555701785455,0,0,98.18924444412957,98.18924444412957,99.93221652562741
109,2019-09-18T02:51:52,2019-09-18T03:25:45,255,59.2,88.4,29.200000000000003,39.14369983611111,134.05376656202432,33.88333511352539,120.1,39.95,135.85972850678732,-69.27451933333333,-47.89999,36.21176470588235,38.0,134.05376656202432,133.7799690475864,0,0,100.14752919067227,100.14752919067227,99.94298331872308
110,2019-09-18T14:08:34,2019-09-18T16:23:35,1013,9.6,76.4,66.80000000000001,88.20135588055557,132.03795790502326,135.01666259765625,103.81,34.53,135.87696335078533,-39.19132295162883,-30.20001,38.80799605133267,42.0,132.03795790502326,133.76555701785455,0,0,98.64157929088772,98.64157929088772,99.93221652562741
111,2019-09-18T18:06:09,2019-09-18T19:06:11,451,65.2,99.6,34.39999999999999,48.18356831111111,140.06851253229976,60.03333282470703,135.34,45.02,135.8835341365462,-48.15078878048781,-14.70001,40.94678492239468,42.0,140.06851253229976,133.7799690475864,0,0,104.64096464631787,104.64096464631787,99.94298331872308
112,2019-09-19T02:55:21,2019-09-19T06:40:11,1686,41.2,99.6,58.39999999999999,79.70267880777779,136.47718973934553,224.8333282470703,135.34,45.02,135.8835341365462,-21.266202825622777,-7.300018,37.70373665480427,39.0,136.47718973934553,133.7799690475864,0,0,101.95799561482781,101.95799561482781,99.94298331872308
113,2019-09-19T17:06:54,2019-09-19T18:42:58,721,48.0,79.2,31.200000000000003,41.61666666666667,133.3867521367521,96.06666564941406,107.58,35.79,135.83333333333331,-25.984743411927877,-15.0,38.00693481276006,39.0,133.3867521367521,133.76555701785455,0,0,99.64922281451655,99.64922281451655,99.93221652562741
114,2019-09-20T14:57:35,2019-09-20T16:52:18,861,21.2,87.2,66.0,86.21215800833332,130.62448183080807,114.71666717529297,118.45,39.4,135.83715596330276,-45.0815431010453,-28.20001,37.801393728223,40.0,130.62448183080807,133.76555701785455,0,0,97.58561391197172,97.58561391197172,99.93221652562741
116,2019-09-21T02:14:41,2019-09-21T03:17:48,474,37.6,92.8,55.199999999999996,73.26467776805555,132.72586552183978,63.11666488647461,126.06,41.93,135.84051724137933,-69.63185390295358,-47.70001,37.06434599156118,39.0,132.72586552183978,133.7067386071877,0,0,99.15549434081467,99.15549434081467,99.8882750635538
117,2019-09-21T16:16:04,2019-09-21T17:41:44,644,24.4,97.6,73.19999999999999,95.60455328472224,130.6073132304949,85.66666412353516,132.63,44.12,135.89139344262296,-66.93618826086957,-14.60001,38.55978260869565,41.0,130.6073132304949,133.7067386071877,0,0,97.57278776806602,97.57278776806602,99.8882750635538
118,2019-09-21T22:59:54,2019-09-21T23:52:20,394,54.4,84.0,29.6,39.499897638888896,133.44560013138138,52.43333435058594,114.15,37.97,135.89285714285717,-45.200263832487316,-45.20001,38.025380710659896,40.0,133.44560013138138,133.6059177499555,0,0,99.69318637787693,99.69318637787693,99.81295483942554
120,2019-09-22T07:42:52,2019-09-22T09:03:35,606,52.0,92.0,40.0,53.375238085,133.4380952125,80.71666717529297,125.0,41.58,135.8695652173913,-39.64735088118812,-4.899994,33.165016501650165,35.0,133.4380952125,133.54301445486692,0,0,99.68757967914684,99.68757967914684,99.76596168330147
121,2019-09-22T09:24:16,2019-09-22T09:40:09,120,92.0,98.8,6.799999999999997,8.358194563888892,122.91462593954257,15.883333206176758,134.28,44.67,135.91093117408906,-31.381667183333338,-4.899994,33.5,34.0,122.91462593954257,133.4864625807873,0,0,91.82581291772559,91.82581291772559,99.72371348240846
122,2019-09-22T22:17:18,2019-09-23T00:08:26,834,18.8,99.6,80.8,106.9924183638889,132.41635936124865,111.13333129882812,135.34,45.02,135.8835341365462,-57.747123213429255,-13.70001,36.35011990407674,39.0,132.41635936124865,133.4864625807873,0,0,98.92427161543043,98.92427161543043,99.72371348240846
123,2019-09-23T13:00:45,2019-09-23T14:52:08,836,15.6,99.6,84.0,111.35839035416669,132.56951232638892,111.38333129882812,135.34,45.02,135.8835341365462,-59.95646760765551,-14.5,38.139354066985646,41.0,132.56951232638892,133.4864625807873,0,0,99.03868758031066,99.03868758031066,99.72371348240846
124,2019-09-24T04:00:14,2019-09-24T05:34:58,711,30.4,99.6,69.19999999999999,91.95380203194443,132.88121680916828,94.73332977294922,135.34,45.02,135.8835341365462,-58.22433848101266,-15.20001,35.28902953586498,38.0,132.88121680916828,133.4418476719407,0,0,99.27155260595369,99.27155260595369,99.69038302851189
125,2019-09-24T17:43:00,2019-09-24T19:15:51,697,31.6,99.6,68.0,90.67001920000001,133.33826352941176,92.8499984741211,135.34,45.02,135.8835341365462,-58.56787467718796,-15.20001,39.196556671449066,41.0,133.33826352941176,133.4418476719407,0,0,99.61299843721204,99.61299843721204,99.69038302851189
126,2019-09-25T08:48:21,2019-09-25T10:29:05,756,30.4,99.6,69.19999999999999,92.65679440000001,133.8971017341041,100.73332977294922,135.34,45.02,135.8835341365462,-55.17183530423281,-14.60001,33.02579365079365,36.0,133.8971017341041,133.4864625807873,0,0,100.03048961894167,100.03048961894167,99.72371348240846
127,2019-09-26T11:32:41,2019-09-26T13:30:22,883,15.6,99.6,84.0,112.69332739444445,134.15872308862436,117.68333435058594,135.34,45.02,135.8835341365462,-57.44055474518686,-14.20001,35.49830124575311,38.0,134.15872308862436,133.4864625807873,0,0,100.22593904875386,100.22593904875386,99.72371348240846
128,2019-09-27T14:22:36,2019-09-27T16:22:25,899,12.8,99.6,86.8,115.55481487916666,133.12766691148232,119.81666564941406,135.34,45.02,135.8835341365462,-57.850943214682985,-14.39999,38.81757508342603,41.0,133.12766691148232,133.4418476719407,0,0,99.4556680504393,99.4556680504393,99.69038302851189
129,2019-09-28T04:40:41,2019-09-28T06:23:25,771,26.0,99.6,73.6,97.5025721763889,132.47632089183273,102.73332977294922,135.34,45.02,135.8835341365462,-56.923218210116744,-15.30002,34.92477302204929,37.0,132.47632089183273,133.41242367462604,0,0,98.96906706794543,98.96906706794543,99.66840124683169
130,2019-09-29T06:08:13,2019-09-29T08:57:16,1268,1.2,99.6,98.39999999999999,130.66746062083334,132.79213477726967,169.0500030517578,135.34,45.02,135.8835341365462,-46.36688763406941,-15.10001,35.529574132492115,39.0,132.79213477726967,133.41242367462604,0,0,99.20500210447409,99.20500210447409,99.66840124683169
131,2019-09-29T18:01:05,2019-09-29T19:14:52,554,54.0,99.6,45.599999999999994,62.02566831250001,136.021202439693,73.78333282470703,135.34,45.02,135.8835341365462,-50.42311731046932,-14.30002,38.974729241877256,40.0,136.021202439693,133.41242367462604,0,0,101.61734124476654,101.61734124476654,99.66840124683169
132,2019-09-30T03:15:49,2019-09-30T05:23:30,958,38.4,99.2,60.800000000000004,80.67995958833335,132.69730195449563,127.68333435058594,134.84,44.85,135.92741935483872,-37.87421118789145,0.0,35.70563674321503,37.0,132.69730195449563,133.41242367462604,0,0,99.13415536043574,99.13415536043574,99.66840124683169
133,2019-09-30T17:04:48,2019-09-30T19:04:37,899,24.8,85.2,60.400000000000006,79.61555527883333,131.81383324310153,119.81666564941406,115.74,38.5,135.8450704225352,-39.846614162625144,-0.2000122,39.03893214682981,40.0,131.81383324310153,133.41242367462604,0,0,98.47414251012579,98.47414251012579,99.66840124683169
134,2019-10-01T03:27:58,2019-10-01T06:00:20,1144,15.6,98.8,83.2,109.80119108055555,131.97258543336002,152.36666870117188,134.24,44.66,135.87044534412956,-43.21854108391608,-14.5,37.17613636363637,39.0,131.97258543336002,133.36250783308193,0,0,98.59274148735511,98.59274148735511,99.6311106258643
135,2019-10-01T12:24:07,2019-10-01T14:17:48,853,43.6,99.6,55.99999999999999,75.93315473333332,135.59491916666667,113.68333435058594,135.34,45.02,135.8835341365462,-40.051473774912075,-14.5,38.45427901524033,40.0,135.59491916666667,133.36250783308193,0,0,101.29887785784521,101.29887785784521,99.6311106258643
136,2019-10-02T13:55:26,2019-10-02T16:19:57,1085,12.8,95.2,82.4,108.63471853055556,131.8382506438781,144.51666259765625,129.34,43.03,135.8613445378151,-45.1026828110599,-45.10001,38.22626728110599,40.0,131.8382506438781,133.31308901064085,0,0,98.49238401440982,98.49238401440982,99.59419131289074
137,2019-10-03T08:36:30,2019-10-03T10:20:42,782,25.2,99.6,74.39999999999999,97.88329375416667,131.56356687387995,104.19999694824219,135.34,45.02,135.8835341365462,-56.34846670076727,-14.80002,35.00639386189258,37.0,131.56356687387995,133.20779070167612,0,0,98.28717604763952,98.28717604763952,99.51552611950437
138,2019-10-03T19:48:24,2019-10-03T21:35:49,806,20.8,99.6,78.8,104.72475290277777,132.89943261773828,107.41666412353516,135.32,45.02,135.86345381526104,-58.47965423076923,-15.39999,39.77977667493796,42.0,132.89943261773828,133.05635048351894,0,0,99.28516108758969,99.28516108758969,99.40238969628032
139,2019-10-04T16:01:43,2019-10-04T17:54:04,843,15.2,99.6,84.39999999999999,112.24602864444444,132.9929249341759,112.3499984741211,135.34,45.02,135.8835341365462,-59.928232977461455,-14.5,40.860023724792406,43.0,132.9929249341759,132.98897949486573,0,0,99.35500637974123,99.35500637974123,99.3520588609313
140,2019-10-05T04:07:30,2019-10-05T05:57:34,826,22.0,99.6,77.6,102.64952195000001,132.28031179123712,110.06666564941406,135.34,45.02,135.8835341365462,-55.93960032687652,-14.0,36.84806295399516,40.0,132.28031179123712,132.94223333664692,0,0,98.82263457576735,98.82263457576735,99.31713621485551
141,2019-10-05T16:04:30,2019-10-05T17:01:44,430,31.2,60.8,29.599999999999998,38.294120638888884,129.37202918543542,57.233333587646484,82.5,27.44,135.69078947368422,-40.09396346511628,0.0,37.848837209302324,40.0,129.37202918543542,132.89032471345328,0,0,96.64994428418579,96.64994428418579,99.27835684677169
142,2019-10-05T22:21:11,2019-10-06T00:03:47,770,16.4,68.4,52.00000000000001,68.37966685555556,131.49935933760682,102.5999984741211,92.91,30.9,135.83333333333331,-39.97519492207792,-20.10001,37.01753246753247,39.0,131.49935933760682,132.83667579321897,0,0,98.23920853223069,98.23920853223069,99.23827735521388
143,2019-10-06T05:41:18,2019-10-06T07:33:30,842,14.8,100.0,85.2,112.63064428055556,132.19559187858633,112.19999694824219,136.16,45.29,136.16,-60.19834758907363,0.0,38.69002375296912,42.0,132.19559187858633,132.7590001495547,0,0,98.75934288212217,98.75934288212217,99.18024822264438
144,2019-10-06T23:25:35,2019-10-07T01:10:35,788,21.6,99.6,78.0,103.69854420555555,132.94685154558402,105.0,135.34,45.02,135.8835341365462,-59.231989086294426,-14.80002,37.19479695431472,40.0,132.94685154558402,132.83667579321897,0,0,99.32058633957934,99.32058633957934,99.23827735521388
145,2019-10-07T15:27:50,2019-10-07T16:45:52,586,19.6,91.2,71.6,94.08970680555556,131.41020503569214,78.03333282470703,123.94,41.23,135.89912280701753,-72.3259480887372,-48.30002,36.7098976109215,40.0,131.41020503569214,132.7590001495547,0,0,98.17260404000001,98.17260404000001,99.18024822264438
146,2019-10-08T00:40:56,2019-10-08T01:25:30,335,42.4,84.0,41.6,54.89547425833334,131.96027465945514,44.56666564941406,114.17,37.97,135.91666666666669,-73.90537588059702,-73.60001,34.76417910447761,37.0,131.96027465945514,132.7590001495547,0,0,98.58354447916491,98.58354447916491,99.18024822264438
147,2019-10-08T14:07:42,2019-10-08T16:04:42,878,18.4,85.2,66.80000000000001,87.18359242361112,130.5143599155855,117.0,115.81,38.52,135.92723004694835,-44.70126463553532,-30.10001,37.53473804100228,40.0,130.5143599155855,132.7590001495547,0,0,97.503345147713,97.503345147713,99.18024822264438
148,2019-10-08T23:07:07,2019-10-09T00:48:16,759,24.4,82.4,58.00000000000001,76.0312112361111,131.0882952346743,101.1500015258789,112.01,37.26,135.93446601941747,-45.10014171277997,-45.0,38.08959156785244,40.0,131.0882952346743,132.7115837381677,0,0,97.9321149286457,97.9321149286457,99.14482485062521
149,2019-10-09T20:49:18,2019-10-10T00:52:08,1821,22.0,99.6,77.6,103.2594427638889,133.06629222150633,242.8333282470703,135.34,45.02,135.8835341365462,-25.506534453596924,-9.0,32.373970345963755,34.0,133.06629222150633,132.7590001495547,0,0,99.4098168691292,99.4098168691292,99.18024822264438
150,2019-10-10T13:52:47,2019-10-10T15:16:50,631,23.6,72.4,48.800000000000004,63.30779179722224,129.72908155168489,84.05000305175781,98.39,32.73,135.8977900552486,-45.18590541996831,-36.30002,35.48335974643423,37.0,129.72908155168489,132.7115837381677,0,0,96.91668734697785,96.91668734697785,99.14482485062521
151,2019-10-10T22:58:59,2019-10-11T00:13:58,563,21.2,88.0,66.8,87.38051589166668,130.80915552644714,74.98332977294922,119.54,39.76,135.8409090909091,-69.90054557726465,-48.20001,36.880994671403194,40.0,130.80915552644714,132.63340714044227,0,0,97.72357806470747,97.72357806470747,99.08642147037321
152,2019-10-11T15:53:16,2019-10-11T17:42:25,819,22.0,99.6,77.6,103.59892186805557,133.50376529388606,109.1500015258789,135.34,45.02,135.8835341365462,-56.93248912087913,-14.5,39.25152625152625,41.0,133.50376529388606,132.7115837381677,0,0,99.73663981793467,99.73663981793467,99.14482485062521
153,2019-10-13T01:19:16,2019-10-13T02:37:08,585,12.8,85.6,72.8,95.97366870000002,131.83196250000003,77.86666870117188,116.38,38.71,135.95794392523365,-73.95230924786327,-73.60001,38.67094017094017,42.0,131.83196250000003,132.63340714044227,0,0,98.4876863316163,98.4876863316163,99.08642147037321
154,2019-10-13T08:05:25,2019-10-13T09:10:07,486,42.8,95.6,52.8,69.79156341666668,132.18099131944444,64.69999694824219,129.97,43.24,135.9518828451883,-64.65741467078189,0.0,34.5,37.0,132.18099131944444,132.52291660911084,0,0,98.74843524438575,98.74843524438575,99.00387732412804
155,2019-10-13T16:51:14,2019-10-13T18:47:11,870,42.0,99.6,57.599999999999994,77.27010844166666,134.14949382233797,115.94999694824219,135.34,45.02,135.8835341365462,-39.97367679310345,-14.60001,34.84137931034483,37.0,134.14949382233797,132.63340714044227,0,0,100.21904414204195,100.21904414204195,99.08642147037321
156,2019-10-14T00:50:26,2019-10-14T01:10:38,153,62.4,80.0,17.6,23.420932793055556,133.07348177872473,20.200000762939453,108.78,36.18,135.975,-69.56732692810458,-69.5,34.07843137254902,36.0,133.07348177872473,132.63340714044227,0,0,99.41518797066452,99.41518797066452,99.08642147037321
158,2019-10-14T09:52:24,2019-10-14T12:02:03,974,34.4,99.6,65.19999999999999,87.10044451805555,133.58963883137358,129.64999389648438,135.34,45.02,135.8835341365462,-40.304934589322386,-14.39999,32.34034907597536,34.0,133.58963883137358,132.63340714044227,0,0,99.80079334993005,99.80079334993005,99.08642147037321
159,2019-10-14T21:40:19,2019-10-14T23:24:07,779,29.6,82.8,53.199999999999996,69.20188907777778,130.07873886800337,103.80000305175781,112.5,37.42,135.8695652173913,-40.00115544287548,-40.0,33.906290115532734,36.0,130.07873886800337,132.52291660911084,0,0,97.17790579082171,97.17790579082171,99.00387732412804
160,2019-10-15T03:57:42,2019-10-15T05:52:35,862,43.2,100.0,56.8,76.02788560833332,133.85191128227697,114.88333129882812,136.16,45.29,136.16,-39.681320800464036,0.0,34.31902552204176,36.0,133.85191128227697,132.63340714044227,0,0,99.99672919422879,99.99672919422879,99.08642147037321
161,2019-10-15T18:06:00,2019-10-15T20:04:36,890,6.8,74.4,67.60000000000001,88.74320254444446,131.27692684089416,118.5999984741211,101.09,33.63,135.87365591397847,-44.89043949438202,-36.10001,36.108988764044945,39.0,131.27692684089416,132.63340714044227,0,0,98.07303591710183,98.07303591710183,99.08642147037321
162,2019-10-16T12:52:14,2019-10-16T14:08:29,573,24.0,63.6,39.6,50.960429375,128.6879529671717,76.25,86.31,28.71,135.70754716981133,-40.10001,-40.10001,31.88219895287958,34.0,128.6879529671717,132.52291660911084,0,0,96.13889155665566,96.13889155665566,99.00387732412804
163,2019-10-16T18:00:45,2019-10-16T19:37:21,725,34.4,99.6,65.19999999999999,87.71813490416667,134.53701672418202,96.5999984741211,135.34,45.02,135.8835341365462,-54.468971655172425,-14.30002,35.969655172413795,38.0,134.53701672418202,132.63340714044227,0,0,100.50855082372496,100.50855082372496,99.08642147037321
165,2019-10-17T03:00:28,2019-10-17T04:17:59,582,49.2,88.8,39.599999999999994,51.91872125277778,131.10788195145906,77.51667022705078,120.67,40.14,135.88963963963965,-40.18643611683849,-40.10001,32.81443298969072,34.0,131.10788195145906,132.52291660911084,0,0,97.94674757449565,97.94674757449565,99.00387732412804
166,2019-10-17T13:47:21,2019-10-17T16:53:20,1395,34.8,98.8,64.0,84.11682970861112,131.43254641970486,185.98333740234375,134.26,44.66,135.8906882591093,-27.125805278853047,-4.899994,33.302508960573476,35.0,131.43254641970486,132.4463401265407,0,0,98.18929461472206,98.18929461472206,98.94666934168794
167,2019-10-18T04:20:43,2019-10-18T06:10:20,824,23.2,99.6,76.39999999999999,101.99981134444447,133.50760647178598,109.61666870117188,135.34,45.02,135.8835341365462,-55.83762450242718,-14.30002,33.50303398058252,36.0,133.50760647178598,132.4463401265407,0,0,99.73950944618701,99.73950944618701,98.94666934168794
168,2019-10-18T18:18:37,2019-10-18T19:55:21,726,12.4,94.8,82.39999999999999,107.90071478750001,130.94746940230584,96.73332977294922,128.89,42.88,135.95991561181432,-66.91708389807162,-47.5,36.80165289256198,40.0,130.94746940230584,132.4463401265407,0,0,97.82690819317219,97.82690819317219,98.94666934168794
169,2019-10-19T13:41:14,2019-10-19T14:47:35,499,40.4,94.8,54.4,71.73181216111112,131.8599488255719,66.3499984741211,128.81,42.85,135.87552742616035,-64.82465529058118,-47.39999,30.286573146292586,32.0,131.8599488255719,132.3483355762429,0,0,98.50859407206278,98.50859407206278,98.87345309559889
170,2019-10-20T12:49:30,2019-10-20T14:12:29,623,20.8,95.2,74.4,96.47464778611109,129.6702255189665,82.98332977294922,129.36,43.03,135.88235294117646,-69.73788762439807,-47.89999,34.449438202247194,38.0,129.6702255189665,132.3483355762429,0,0,96.87271777860333,96.87271777860333,98.87345309559889
171,2019-10-20T22:04:20,2019-10-20T23:09:43,491,36.8,70.0,33.2,43.566806013888886,131.2253193189424,65.38333129882812,95.05,31.62,135.78571428571428,-39.95539757637474,-16.10001,34.59979633401222,36.0,131.2253193189424,132.2379518349117,0,0,98.03448149268192,98.03448149268192,98.79098872894477
172,2019-10-21T16:28:24,2019-10-21T18:23:40,866,20.0,95.2,75.2,97.68559469166668,129.90105677083335,115.26667022705078,129.34,43.03,135.8613445378151,-50.847350034642034,-48.70001,34.44399538106236,37.0,129.90105677083335,132.18829159901537,0,0,97.04516485060529,97.04516485060529,98.75388906325395
173,2019-10-21T23:19:40,2019-10-22T00:34:15,560,43.6,91.2,47.6,62.507524666666676,131.31832913165266,74.58333587646484,123.89,41.21,135.84429824561403,-50.283568928571434,-48.20001,35.93571428571428,38.0,131.31832913165266,132.18829159901537,0,0,98.10396632083935,98.10396632083935,98.75388906325395
175,2019-10-22T05:36:30,2019-10-22T06:49:38,550,34.0,95.2,61.2,80.60414403611112,131.70611770606394,73.13333129882812,129.36,43.03,135.88235294117646,-66.07564056363637,0.0,35.29727272727273,38.0,131.70611770606394,132.07678837640225,0,0,98.3936714784911,98.3936714784911,98.67058836587043
176,2019-10-22T18:53:21,2019-10-22T20:29:01,718,13.2,94.8,81.6,107.42621878611112,131.64977792415579,95.66666412353516,128.89,42.88,135.95991561181432,-67.36559674094708,-48.0,37.008356545961,40.0,131.64977792415579,131.9664300464076,0,0,98.35158172526786,98.35158172526786,98.58814298326001
177,2019-10-23T02:05:58,2019-10-23T03:07:20,462,43.6,94.8,51.199999999999996,67.62789476111111,132.08573195529513,61.36666488647461,128.85,42.86,135.91772151898735,-66.07836069264069,-48.30002,35.433982683982684,38.0,132.08573195529513,131.9664300464076,0,0,98.67726984414006,98.67726984414006,98.58814298326001
178,2019-10-23T07:14:02,2019-10-23T08:05:40,388,69.2,94.8,25.599999999999994,34.401444588888886,134.38064292534725,51.63333511352539,128.82,42.85,135.8860759493671,-39.95025791237113,-20.10001,32.50773195876289,34.0,134.38064292534725,131.9664300464076,0,0,100.39172867105373,100.39172867105373,98.58814298326001
179,2019-10-23T15:16:47,2019-10-23T16:47:39,682,29.2,81.2,52.0,68.00131846666667,130.7717662820513,90.86666870117188,110.29,36.69,135.82512315270935,-44.901896348973615,-44.89999,35.6950146627566,37.0,130.7717662820513,131.91011174251352,0,0,97.69564568697142,97.69564568697142,98.54606927561385
180,2019-10-24T00:32:48,2019-10-24T03:29:04,1323,27.2,86.0,58.8,76.67636271111111,130.40197739984885,176.26666259765625,116.86,38.87,135.88372093023256,-26.100161171579742,-26.10001,32.698412698412696,34.0,130.40197739984885,131.849099734725,0,0,97.41938755693505,97.41938755693505,98.5004890432363
181,2019-10-24T06:36:40,2019-10-24T07:43:14,500,57.2,95.2,38.0,49.8785559,131.25935763157895,66.56666564941406,129.36,43.03,135.88235294117646,-44.91340032,0.0,31.642,33.0,131.25935763157895,131.83510657193906,0,0,98.05991049028336,98.05991049028336,98.49003517301307
182,2019-10-24T19:44:21,2019-10-24T20:53:28,519,34.4,95.2,60.800000000000004,79.66443848333334,131.02703697916667,69.11666870117188,129.34,43.03,135.8613445378151,-69.14335946050097,-47.80002,34.946050096339114,37.0,131.02703697916667,131.82289787155077,0,0,97.88635073201807,97.88635073201807,98.48091442087104
183,2019-10-25T01:54:04,2019-10-25T04:28:58,1162,51.2,94.8,43.599999999999994,58.34569248333333,133.82039560397556,154.89999389648438,128.81,42.85,135.87552742616035,-22.60001,-22.60001,31.5,33.0,133.82039560397556,131.82289787155077,0,0,99.9731847807177,99.9731847807177,98.48091442087104
184,2019-10-25T17:20:35,2019-10-25T20:55:41,1614,16.8,88.8,72.0,93.20344445555556,129.44922841049384,215.10000610351562,120.64,40.13,135.85585585585585,-25.99634449194548,-20.10001,34.391263940520446,36.0,129.44922841049384,131.75997547458275,0,0,96.70761749877211,96.70761749877211,98.43390699430844
185,2019-10-26T02:31:21,2019-10-26T03:42:36,535,25.6,90.8,65.19999999999999,85.72312265833335,131.47718199130884,71.25,123.45,41.06,135.9581497797357,-72.17178542056075,-48.10001,36.154205607476634,39.0,131.47718199130884,131.67794781510986,0,0,98.22264050514194,98.22264050514194,98.37262660187949
186,2019-10-26T12:19:44,2019-10-26T13:07:14,357,38.0,65.2,27.200000000000003,35.697507916666666,131.24083792892156,47.5,88.57,29.46,135.84355828220856,-45.053791512605045,-18.10001,33.40756302521008,35.0,131.24083792892156,131.60667239901787,0,0,98.04607497853274,98.04607497853274,98.31937888645369
187,2019-10-26T19:27:39,2019-10-26T21:08:47,759,19.6,94.8,75.19999999999999,98.84268660555554,131.43974282653664,101.13333129882812,128.87,42.87,135.93881856540085,-58.596314532279315,0.0,34.08432147562582,37.0,131.43974282653664,131.5314631057434,0,0,98.19467083339713,98.19467083339713,98.2631922899351
188,2019-10-27T03:05:42,2019-10-27T03:57:20,388,42.8,87.6,44.8,59.37118947361112,132.52497650359626,51.63333511352539,119.03,39.6,135.87899543378998,-68.96470108247424,-47.60001,33.05798969072165,36.0,132.52497650359626,131.5314631057434,0,0,99.00541620922169,99.00541620922169,98.2631922899351
189,2019-10-27T16:15:27,2019-10-27T17:38:51,626,24.0,94.8,70.8,92.79033636666666,131.05979712806027,83.4000015258789,128.87,42.87,135.93881856540085,-66.74537956869011,-48.10001,33.13418530351438,36.0,131.05979712806027,131.48827066445784,0,0,97.91082485200555,97.91082485200555,98.23092451868632
190,2019-10-28T03:37:15,2019-10-28T06:07:05,1124,18.8,95.2,76.4,99.37299843472222,130.06936967895578,149.8333282470703,129.34,43.03,135.8613445378151,-39.77784078469751,-4.899994,32.079181494661924,35.0,130.06936967895578,131.45846240892274,0,0,97.17090635203158,97.17090635203158,98.20865566926953
191,2019-10-28T20:37:29,2019-10-28T21:53:08,568,24.8,90.8,66.0,85.99746357222223,130.29918723063975,75.6500015258789,123.33,41.02,135.82599118942733,-68.18979290492959,-47.5,30.898767605633804,34.0,130.29918723063975,131.43614462312075,0,0,97.3425961191755,97.3425961191755,98.19198272405959
192,2019-10-29T03:20:27,2019-10-29T04:19:01,440,54.4,97.6,43.199999999999996,57.15090880555557,132.2937703832305,58.56666564941406,132.63,44.12,135.89139344262296,-58.51546072727273,-14.10001,28.79090909090909,31.0,132.2937703832305,131.43614462312075,0,0,98.83268908426115,98.83268908426115,98.19198272405959
193,2019-10-29T14:06:59,2019-10-29T15:42:39,718,21.2,97.6,76.39999999999999,100.10624615833333,131.02911800828971,95.66666412353516,132.61,44.11,135.87090163934428,-62.754471838440125,-14.20001,33.55222841225627,37.0,131.02911800828971,131.4213757276985,0,0,97.88790540616257,97.88790540616257,98.18094932736103
194,2019-10-30T00:45:34,2019-10-30T02:20:26,712,13.6,94.8,81.2,105.68605711666666,130.15524275451557,94.86666870117188,128.91,42.88,135.98101265822785,-66.82949536516854,-47.70001,34.21558988764045,38.0,130.15524275451557,131.4213757276985,0,0,97.23505953893466,97.23505953893466,98.18094932736103
195,2019-10-30T14:13:20,2019-10-30T15:31:15,585,37.6,97.6,59.99999999999999,78.85481933055556,131.42469888425927,77.91666412353516,132.63,44.12,135.89139344262296,-60.689583247863254,-14.60001,31.9008547008547,34.0,131.42469888425927,131.41745195997572,0,0,98.18343195748184,98.18343195748184,98.17801799874093
196,2019-10-31T05:51:02,2019-10-31T07:32:02,759,16.4,97.6,81.19999999999999,105.70819046944445,130.18250057813358,101.0,132.63,44.12,135.89139344262296,-62.77708922266141,-14.80002,32.025032938076414,35.0,130.18250057813358,131.36426708367242,0,0,97.25542303752533,97.25542303752533,98.13828518041967
197,2019-11-01T21:56:36,2019-11-02T00:18:50,1067,11.6,97.6,86.0,113.01377027083333,131.41136078003876,142.23333740234375,132.63,44.12,135.89139344262296,-47.657922099343956,-13.80002,34.14901593252109,37.0,131.41136078003876,131.36426708367242,0,0,98.17346746177218,98.17346746177218,98.13828518041967
198,2019-11-02T06:16:40,2019-11-02T08:21:25,936,15.2,97.6,82.39999999999999,108.5246570902778,131.70468093480315,124.75,132.63,44.12,135.89139344262296,-52.17672481837607,-14.30002,34.80929487179487,38.0,131.70468093480315,131.3648449558457,0,0,98.39259810998033,98.39259810998033,98.13871689130576
199,2019-11-02T16:24:45,2019-11-02T17:15:03,378,46.8,91.2,44.400000000000006,58.645237936111116,132.08386922547547,50.29999923706055,124.01,41.25,135.97587719298247,-69.93624555555556,-47.5,36.326719576719576,38.0,132.08386922547547,131.3648449558457,0,0,98.6758782548265,98.6758782548265,98.13871689130576
200,2019-11-03T02:05:49,2019-11-03T03:58:25,845,28.4,97.6,69.19999999999999,90.89679217777778,131.35374592164422,112.5999984741211,132.63,44.12,135.89139344262296,-48.396220686390535,-14.5,33.24792899408284,36.0,131.35374592164422,131.38255335084148,0,0,98.1304251373313,98.1304251373313,98.15194629955174
201,2019-11-03T14:19:55,2019-11-03T15:31:26,537,26.0,89.2,63.2,82.43376079027779,130.43316580740156,71.51667022705078,121.23,40.32,135.90807174887894,-69.13966223463689,-48.10001,36.48417132216015,39.0,130.43316580740156,131.38255335084148,0,0,97.44268747633234,97.44268747633234,98.15194629955174
202,2019-11-04T11:21:21,2019-11-04T13:24:39,925,28.8,97.6,68.8,88.92783104722221,129.25556838259044,123.30000305175781,132.63,44.12,135.89139344262296,-43.24507996756756,-14.39999,30.381621621621623,33.0,129.25556838259044,131.33603752664845,0,0,96.56293992801136,96.56293992801136,98.11719572908532
203,2019-11-04T21:48:27,2019-11-04T22:31:32,324,44.0,84.0,40.0,53.072101287500004,132.68025321875,43.08333206176758,114.23,38.0,135.98809523809524,-73.91080814814816,-73.5,33.376543209876544,36.0,132.68025321875,131.38255335084148,0,0,99.12141876373624,99.12141876373624,98.15194629955174
204,2019-11-05T14:54:47,2019-11-05T16:11:45,578,30.8,70.4,39.60000000000001,51.42829060555555,129.86942072109986,76.96666717529297,95.6,31.8,135.79545454545453,-40.08270896193771,-30.10001,30.02076124567474,32.0,129.86942072109986,131.38255335084148,0,0,97.02153051122478,97.02153051122478,98.15194629955174
205,2019-11-05T23:23:47,2019-11-06T01:01:34,734,26.0,76.0,50.0,65.38676629722222,130.77353259444445,97.78333282470703,103.28,34.35,135.89473684210526,-40.121535885558586,-40.10001,30.002043596730246,32.0,130.77353259444445,131.33603752664845,0,0,97.69696524573123,97.69696524573123,98.11719572908532
206,2019-11-06T15:46:52,2019-11-06T17:36:25,822,31.6,97.6,66.0,85.70747456944446,129.85980995370372,109.55000305175781,132.65,44.13,135.91188524590166,-46.92665122871047,-14.10001,32.17335766423358,34.0,129.85980995370372,131.29762798627343,0,0,97.01435059653059,97.01435059653059,98.08850111897058
207,2019-11-07T02:16:53,2019-11-07T04:00:25,777,10.0,97.6,87.6,114.87397283333334,131.13467218417048,103.53333282470703,132.61,44.11,135.87090163934428,-66.54864900900901,-15.0,34.55984555984556,38.0,131.13467218417048,131.26814223623654,0,0,97.96676175001119,97.96676175001119,98.0664732036926
208,2019-11-07T16:26:47,2019-11-07T17:34:58,512,46.4,97.6,51.199999999999996,67.49570683194445,131.8275524061415,68.18333435058594,132.63,44.12,135.89139344262296,-59.358983066406246,-14.5,32.2412109375,34.0,131.8275524061415,131.26814223623654,0,0,98.48439168339598,98.48439168339598,98.0664732036926
209,2019-11-08T08:30:37,2019-11-08T09:45:12,560,16.8,55.2,38.400000000000006,49.38333333333333,128.60243055555554,74.58333587646484,74.93999,24.93,135.76085144927535,-39.69642857142857,-5.0,26.608035714285716,30.0,128.60243055555554,131.25009778025026,0,0,96.07500034021734,96.07500034021734,98.05299273440805
210,2019-11-08T10:22:34,2019-11-08T11:52:54,678,54.8,98.0,43.2,55.702654619166665,128.94133013695986,90.33333587646484,133.22,44.31,135.9387755102041,-36.949706235988195,0.0,29.64085545722714,31.0,128.94133013695986,131.233078623932,0,0,96.32818200449898,96.32818200449898,98.04027823560733
211,2019-11-08T18:35:17,2019-11-08T19:34:15,443,49.2,78.8,29.599999999999994,39.017065461111116,131.81441034159164,58.96666717529297,107.04,35.6,135.83756345177667,-39.7009130248307,-39.70001,32.21331828442438,34.0,131.81441034159164,131.25009778025026,0,0,98.47457364301646,98.47457364301646,98.05299273440805
212,2019-11-09T01:37:31,2019-11-09T02:32:06,410,18.8,67.6,48.8,63.62051481250001,130.36990740266396,54.58333206176758,91.75999,30.52,135.7396301775148,-69.93439126829269,-69.70001,32.56219512195122,36.0,130.36990740266396,131.233078623932,0,0,97.39542902849094,97.39542902849094,98.04027823560733
213,2019-11-09T14:00:22,2019-11-09T15:38:34,737,10.0,96.4,86.4,113.45994463333336,131.31938036265433,98.19999694824219,130.99,43.57,135.8817427385892,-69.29118906377207,-15.0,33.50814111261872,37.0,131.31938036265433,131.233078623932,0,0,98.10475166384109,98.10475166384109,98.04027823560733
214,2019-11-10T02:04:05,2019-11-10T03:39:05,713,31.6,97.6,66.0,85.93935429166666,130.2111428661616,95.0,132.63,44.12,135.89139344262296,-54.25147711079944,-14.0,30.834502103786818,34.0,130.2111428661616,131.233078623932,0,0,97.27682082775486,97.27682082775486,98.04027823560733
215,2019-11-10T13:59:45,2019-11-10T15:18:04,588,22.0,92.8,70.8,92.3862692,130.48908079096046,78.31666564941406,126.14,41.96,135.92672413793105,-70.76021877551021,-48.0,34.06292517006803,37.0,130.48908079096046,131.17999575155645,0,0,97.48445987551045,97.48445987551045,98.00062162134655
216,2019-11-11T14:54:44,2019-11-11T16:12:47,586,28.0,88.0,60.0,77.66693334305556,129.4448889050926,78.05000305175781,119.58,39.78,135.88636363636363,-59.654609641638224,0.0,31.907849829351537,35.0,129.4448889050926,131.17999575155645,0,0,96.704375585061,96.704375585061,98.00062162134655
217,2019-11-12T00:26:14,2019-11-12T01:45:13,593,30.8,97.2,66.4,87.01564719166669,131.04766143323295,78.98332977294922,132.1,43.94,135.90534979423867,-66.06526768971332,-14.20001,32.71838111298482,35.0,131.04766143323295,131.09723465611538,0,0,97.90175864011806,97.90175864011806,97.93879330100836
218,2019-11-12T15:25:14,2019-11-12T16:35:25,527,22.4,85.2,62.800000000000004,81.86445825694446,130.35741760659945,70.18333435058594,115.74,38.5,135.8450704225352,-69.9861479316888,-69.70001,33.08064516129032,37.0,130.35741760659945,131.05372928064662,0,0,97.38609827824023,97.38609827824023,97.90629174606181
219,2019-11-12T19:05:50,2019-11-12T20:08:00,467,61.2,97.6,36.39999999999999,48.32933502777777,132.77289842796094,62.16666793823242,132.63,44.12,135.89139344262296,-46.61349201284796,-14.80002,34.75481798715204,36.0,132.77289842796094,131.09723465611538,0,0,99.19063120760693,99.19063120760693,97.93879330100836
220,2019-11-13T02:07:36,2019-11-13T02:27:53,153,70.8,88.4,17.60000000000001,23.090945169444446,131.1985520991161,20.28333282470703,120.15,39.96,135.9162895927602,-68.25228973856208,-48.20001,31.552287581699346,33.0,131.1985520991161,131.09723465611538,0,0,98.01448450939935,98.01448450939935,97.93879330100836
221,2019-11-13T14:57:25,2019-11-13T15:47:19,375,49.6,74.4,24.800000000000004,32.80160303666667,132.2645283736559,49.900001525878906,101.09,33.63,135.87365591397847,-39.395190303999996,-5.0,30.438666666666666,32.0,132.2645283736559,131.1666121416433,0,0,98.8108432601372,98.8108432601372,97.99062312970527
222,2019-11-13T20:11:22,2019-11-13T21:51:50,754,43.2,94.4,51.2,67.2794612,131.40519765625,100.46666717529297,128.29,42.67,135.90042372881354,-40.16035484084881,-10.30002,31.690981432360743,33.0,131.40519765625,131.1666121416433,0,0,98.16886317771983,98.16886317771983,97.99062312970527
223,2019-11-14T04:02:27,2019-11-14T04:58:53,424,44.0,72.4,28.400000000000006,37.23722207777778,131.11697914710484,56.43333435058594,98.29,32.7,135.7596685082873,-39.54999983962264,-4.899994,29.294811320754718,31.0,131.11697914710484,131.1666121416433,0,0,97.953543815212,97.953543815212,97.99062312970527
224,2019-11-15T19:24:59,2019-11-15T21:07:44,771,12.0,97.6,85.6,110.87548594027777,129.5274368461189,102.75,132.63,44.12,135.89139344262296,-64.72425412451362,-14.20001,32.98184176394293,36.0,129.5274368461189,131.12582566563765,0,0,96.76604466415945,96.76604466415945,97.9601527826116
225,2019-11-16T06:20:50,2019-11-16T07:24:21,477,52.0,98.0,46.0,59.74773797083334,129.88638689311594,63.516666412353516,133.17,44.3,135.8877551020408,-56.39853427672956,0.0,29.40356394129979,31.0,129.88638689311594,131.08838813758257,0,0,97.03420542705005,97.03420542705005,97.93218433360877
226,2019-11-18T10:33:25,2019-11-18T12:18:10,786,35.2,89.2,54.0,70.00848968055556,129.64535126028807,104.75,121.21,40.32,135.88565022421523,-40.10039167938931,-40.10001,27.798346055979643,30.0,129.64535126028807,131.05372928064662,0,0,96.85413496954857,96.85413496954857,97.90629174606181
227,2019-11-18T23:24:10,2019-11-19T00:29:25,490,32.0,89.2,57.2,73.87714723750001,129.15585181381118,65.25,121.25,40.33,135.9304932735426,-67.91837500000001,-47.5,27.381632653061224,31.0,129.15585181381118,131.03838972076133,0,0,96.48844468450774,96.48844468450774,97.89483202314031
228,2019-11-19T12:41:12,2019-11-19T13:54:39,552,32.0,74.8,42.8,55.212595586111114,129.00139155633437,73.44999694824219,101.62,33.8,135.85561497326205,-45.10236509057971,-45.10001,24.971014492753625,27.0,129.00139155633437,131.02807749372818,0,0,96.3730520809191,96.3730520809191,97.88712806909032
229,2019-11-19T17:12:55,2019-11-19T17:38:16,191,53.6,68.0,14.399999999999999,19.005975225,131.98593906250002,25.350000381469727,92.38,30.73,135.85294117647058,-44.898959999999995,-12.30002,27.392670157068064,29.0,131.98593906250002,131.03838972076133,0,0,98.60271758126427,98.60271758126427,97.89483202314031
230,2019-11-19T17:49:13,2019-11-19T18:12:49,178,67.6,80.8,13.200000000000003,17.7360036,134.3636636363636,23.600000381469727,109.74,36.51,135.81683168316832,-45.091582191011234,-45.0,28.036516853932586,29.0,134.3636636363636,131.05372928064662,0,0,100.37904395593729,100.37904395593729,97.90629174606181
231,2019-11-20T00:41:44,2019-11-20T01:27:06,341,45.6,74.0,28.4,37.806127933333336,133.12016877934275,45.36666488647461,100.52,33.44,135.83783783783784,-49.94105961876833,-9.5,27.573313782991203,30.0,133.12016877934275,131.05372928064662,0,0,99.4500664218795,99.4500664218795,97.90629174606181
232,2019-11-20T16:58:14,2019-11-20T18:34:58,726,17.6,97.6,80.0,102.45401557777778,128.06751947222222,96.73332977294922,132.63,44.12,135.89139344262296,-63.52480304407714,-14.39999,30.668044077134986,34.0,128.06751947222222,131.05372928064662,0,0,95.6753843897938,95.6753843897938,97.90629174606181
233,2019-11-21T03:50:22,2019-11-21T04:34:10,333,24.0,48.8,24.799999999999997,32.870515940277784,132.54240298499107,43.79999923706055,66.2,22.02,135.65573770491804,-45.02793072072072,-45.0,25.926426426426428,29.0,132.54240298499107,131.05372928064662,0,0,99.01843500831205,99.01843500831205,97.90629174606181
235,2019-11-21T05:10:35,2019-11-21T05:25:07,110,56.0,64.0,8.0,10.923557911111113,136.54447388888892,14.533333778381348,86.91,28.91,135.796875,-45.097282454545464,-45.0,27.5,29.0,136.54447388888892,131.08838813758257,0,0,102.00826157529485,102.00826157529485,97.93218433360877
236,2019-11-21T05:33:12,2019-11-21T06:00:10,204,64.0,79.2,15.200000000000003,20.268615472222223,133.34615442251462,26.96666717529297,107.61,35.8,135.87121212121212,-45.097068529411764,-45.0,27.654411764705884,29.0,133.34615442251462,131.08838813758257,0,0,99.61889348565138,99.61889348565138,97.93218433360877
237,2019-11-21T13:30:33,2019-11-21T15:41:27,982,22.0,96.8,74.8,97.55746627222223,130.4244201500297,130.89999389648438,131.53,43.75,135.87809917355372,-44.701537505091665,-14.60001,31.30040733197556,34.0,130.4244201500297,131.05372928064662,0,0,97.43615385926657,97.43615385926657,97.90629174606181
238,2019-11-22T03:32:33,2019-11-22T05:00:05,657,23.2,96.4,73.2,95.47690956944444,130.4329365702793,87.53333282470703,130.99,43.57,135.8817427385892,-65.41051645357688,-14.70001,29.95738203957382,33.0,130.4329365702793,131.03838972076133,0,0,97.44251622018652,97.44251622018652,97.89483202314031
239,2019-11-22T19:12:26,2019-11-22T20:53:34,759,17.6,97.6,80.0,103.96558382916668,129.95697978645833,101.13333129882812,132.61,44.11,135.87090163934428,-61.652709446640316,-14.0,33.15085638998683,36.0,129.95697978645833,130.90132530136708,0,0,97.08694325029794,97.08694325029794,97.79243532594691
240,2019-11-23T05:20:52,2019-11-23T06:52:15,686,16.8,96.8,80.0,104.23776248611112,130.2972031076389,91.38333129882812,131.53,43.75,135.87809917355372,-68.40146590379008,-14.30002,31.261661807580175,35.0,130.2972031076389,130.63130669270245,0,0,97.34111384067454,97.34111384067454,97.59071256062084
241,2019-11-23T19:04:35,2019-11-23T20:44:55,753,13.6,97.6,84.0,109.76229164027781,130.66939480985454,100.33333587646484,132.63,44.12,135.89139344262296,-65.60917992031874,-14.70001,35.081673306772906,38.0,130.66939480985454,130.7214637021495,0,0,97.61916704513204,97.61916704513204,97.65806614543163
242,2019-11-24T13:30:48,2019-11-24T14:46:35,569,61.2,97.6,36.39999999999999,48.2744635438889,132.6221525931014,75.78333282470703,132.63,44.12,135.89139344262296,-38.17609157117751,-4.899994,26.991212653778557,28.0,132.6221525931014,130.90132530136708,0,0,99.0780135372188,99.0780135372188,97.79243532594691
243,2019-11-25T05:55:04,2019-11-25T07:17:23,618,32.4,97.6,65.19999999999999,83.03310667083333,127.35139059943765,82.31666564941406,132.63,44.12,135.89139344262296,-60.49304896440129,-14.5,29.364077669902912,32.0,127.35139059943765,130.7214637021495,0,0,95.14038609000121,95.14038609000121,97.65806614543163
244,2019-11-25T11:57:39,2019-11-25T12:35:33,285,64.4,94.4,30.0,39.77100208888889,132.570006962963,37.900001525878906,128.34,42.69,135.95338983050846,-62.951582245614034,-47.89999,32.045614035087716,33.0,132.570006962963,130.7214637021495,0,0,99.03905710838892,99.03905710838892,97.65806614543163
245,2019-11-25T22:53:03,2019-11-26T01:15:47,1071,26.0,97.6,71.6,92.68560105555558,129.44916348541284,142.73333740234375,132.63,44.12,135.89139344262296,-38.950345901027084,-14.5,30.509337068160598,33.0,129.44916348541284,130.7214637021495,0,0,96.70756899520066,96.70756899520066,97.65806614543163
246,2019-11-26T19:15:28,2019-11-26T20:55:23,750,19.2,97.6,78.39999999999999,101.13688536805557,129.00112929598927,99.91666412353516,132.63,44.12,135.89139344262296,-60.70667289333335,-13.89999,30.919333333333334,34.0,129.00112929598927,130.5792378004075,0,0,96.37285615411868,96.37285615411868,97.55181346032126
247,2019-11-27T12:04:48,2019-11-27T13:38:04,700,23.2,97.6,74.39999999999999,96.65170562083335,129.90820647961473,93.26667022705078,132.61,44.11,135.87090163934428,-62.14799825714286,-14.80002,30.520714285714284,33.0,129.90820647961473,130.5792378004075,0,0,97.05050618257418,97.05050618257418,97.55181346032126
248,2019-11-27T19:31:07,2019-11-27T20:22:05,383,62.0,98.0,36.0,46.73446920000001,129.81797000000003,50.96666717529297,133.17,44.3,135.8877551020408,-54.98615832898173,-13.5,32.4242819843342,34.0,129.81797000000003,130.461123299181,0,0,96.98309322799604,96.98309322799604,97.4635736759214
249,2019-11-28T00:20:55,2019-11-28T00:58:56,286,53.6,86.8,33.199999999999996,43.77327959722223,131.8472277024766,38.016666412353516,117.96,39.24,135.89861751152074,-69.04755531468531,-47.20001,30.17132867132867,33.0,131.8472277024766,130.461123299181,0,0,98.49909050435856,98.49909050435856,97.4635736759214
250,2019-11-28T15:03:32,2019-11-28T15:45:01,312,71.2,97.6,26.39999999999999,34.72424293472222,131.53122323758421,41.483333587646484,132.65,44.13,135.91188524590166,-50.200009839743586,-14.70001,26.142628205128204,27.0,131.53122323758421,130.461123299181,0,0,98.263013091662,98.263013091662,97.4635736759214
251,2019-11-29T01:18:00,2019-11-29T02:18:03,452,31.6,86.0,54.4,70.80810529444445,130.1619582618464,60.04999923706055,116.91,38.89,135.94186046511626,-70.72543670353981,-48.80002,25.01216814159292,28.0,130.1619582618464,130.43305118884044,0,0,97.24007649208482,97.24007649208482,97.44260184825943
252,2019-11-29T02:33:19,2019-11-29T02:53:12,150,86.0,97.6,11.599999999999994,13.310695444444445,114.74737452107286,19.883333206176758,132.63,44.12,135.89139344262296,-40.1773364,-15.10001,27.0,28.0,130.4244201500297,130.4286783601545,1,0,85.72430550905227,97.43615385926657,97.43933503972654
253,2019-11-29T14:26:10,2019-11-29T15:50:53,636,29.6,97.6,68.0,88.50028413666668,130.14747667156863,84.71666717529297,132.63,44.12,135.89139344262296,-62.59670263836478,-7.300018,27.912735849056602,31.0,130.14747667156863,130.4286783601545,0,0,97.22925773240156,97.22925773240156,97.43933503972654
254,2019-11-30T00:42:35,2019-11-30T01:25:17,321,46.8,86.0,39.2,52.41415450972223,133.70957783092405,42.70000076293945,116.84,38.87,135.86046511627907,-73.60934825545172,-47.70001,26.514018691588785,29.0,133.70957783092405,130.4286783601545,0,0,99.89039616204516,99.89039616204516,97.43933503972654
255,2019-12-02T00:05:12,2019-12-02T01:28:35,626,33.6,97.6,63.99999999999999,82.78852897916667,129.35707652994793,83.38333129882812,132.65,44.13,135.91188524590166,-59.54250285942493,-14.70001,25.463258785942493,28.0,129.35707652994793,130.4286783601545,0,0,96.63877360588025,96.63877360588025,97.43933503972654
256,2019-12-02T20:13:13,2019-12-02T21:31:00,584,38.8,97.6,58.8,76.53436611388888,130.1604865882464,77.78333282470703,132.61,44.11,135.87090163934428,-59.005825787671235,-14.80002,24.063356164383563,26.0,130.1604865882464,130.4244201500297,0,0,97.23897704908823,97.23897704908823,97.43615385926657
257,2019-12-03T08:21:57,2019-12-03T09:38:33,575,40.4,97.6,57.199999999999996,73.27804867916666,128.10847671182984,76.5999984741211,130.83,43.49,134.047131147541,-57.382788104347824,-20.20001,20.82521739130435,23.0,128.10847671182984,130.4244201500297,0,0,95.70598230922843,95.70598230922843,97.43615385926657
258,2019-12-03T17:55:14,2019-12-03T19:05:41,529,58.4,98.0,39.6,51.53783175277778,130.14603977974184,70.44999694824219,132.38,44.01,135.08163265306123,-43.873155557655956,-20.5,23.744801512287335,25.0,130.14603977974184,130.39716377634682,0,0,97.22818427381956,97.22818427381956,97.41579144387876
259,2019-12-04T05:00:33,2019-12-04T06:16:27,571,43.2,98.0,54.8,70.091314225,127.90385807481755,75.9000015258789,132.38,44.01,135.08163265306123,-55.420322084063045,-20.10001,22.753940455341507,25.0,127.90385807481755,130.3636625046317,0,0,95.55311789184809,95.55311789184809,97.39076365336558
260,2019-12-04T19:16:32,2019-12-04T19:58:25,315,39.6,64.0,24.4,31.369500699999996,128.56352745901637,41.88333511352539,86.75999,28.85,135.562484375,-44.8673026031746,0.0,24.134920634920636,26.0,128.56352745901637,130.3636625046317,0,0,96.04593700916607,96.04593700916607,97.39076365336558
261,2019-12-04T23:55:45,2019-12-05T00:56:36,458,31.6,72.0,40.4,52.83976014166666,130.7914854991749,60.849998474121094,97.6,32.45,135.55555555555554,-52.101756724890826,-52.10001,23.997816593886462,27.0,130.7914854991749,130.39716377634682,0,0,97.71037731983151,97.71037731983151,97.41579144387876
262,2019-12-05T10:20:11,2019-12-05T11:48:06,660,25.2,97.6,72.39999999999999,94.29989579027779,130.24847484845,87.91666412353516,132.65,44.13,135.91188524590166,-64.32592325757577,-14.89999,24.758333333333333,28.0,130.24847484845,130.3636625046317,0,0,97.30471042669609,97.30471042669609,97.39076365336558
263,2019-12-05T22:21:19,2019-12-05T23:56:27,714,41.6,97.6,55.99999999999999,72.98155442777778,130.3242043353175,95.13333129882812,132.65,44.13,135.91188524590166,-46.007431022408966,-14.60001,25.62464985994398,28.0,130.3242043353175,130.34081097095847,0,0,97.36128564417157,97.36128564417157,97.3736919612059
264,2019-12-06T10:12:07,2019-12-06T12:36:46,1089,23.2,96.8,73.6,95.3604358388889,129.56580956370775,144.64999389648438,131.53,43.75,135.87809917355372,-39.544280238751156,-14.39999,23.6386593204775,27.0,129.56580956370775,130.3107037214782,0,0,96.79471176508032,96.79471176508032,97.35119974242306
265,2019-12-06T21:12:50,2019-12-06T22:22:29,523,49.2,93.2,44.0,57.913497025,131.62158414772728,69.6500015258789,126.68,42.14,135.92274678111588,-49.888728317399625,-47.70001,24.796367112810707,27.0,131.62158414772728,130.34081097095847,0,0,98.33051900453809,98.33051900453809,97.3736919612059
266,2019-12-07T20:09:17,2019-12-07T21:39:28,677,36.4,94.0,57.6,75.13676937916665,130.44578017216432,90.18333435058594,127.01,42.23,135.11702127659575,-49.96824590841949,-20.70001,23.084194977843428,25.0,130.44578017216432,130.34081097095847,0,0,97.45211128810352,97.45211128810352,97.3736919612059
267,2019-12-08T03:09:28,2019-12-08T03:25:13,119,67.2,81.2,14.0,18.240194088888888,130.28710063492062,15.75,109.35,36.35,134.66748768472905,-69.48655327731092,-69.39999,22.676470588235293,25.0,130.28710063492062,130.34081097095847,0,0,97.3335665877521,97.3335665877521,97.3736919612059
268,2019-12-08T13:24:04,2019-12-08T15:13:14,822,14.4,98.4,84.0,107.88808159583334,128.4381923759921,109.16666412353516,133.71,44.48,135.8841463414634,-59.207670900243315,0.0,26.784063260340634,30.0,128.4381923759921,130.3107037214782,0,0,95.95230294570256,95.95230294570256,97.35119974242306
269,2019-12-09T00:46:26,2019-12-09T01:53:33,504,20.0,80.0,60.0,78.26651110694445,130.44418517824076,67.11666870117188,108.65,36.14,135.8125,-69.96745785714286,-69.80002,25.44047619047619,30.0,130.44418517824076,130.3107037214782,0,0,97.45091971620954,97.45091971620954,97.35119974242306
270,2019-12-09T10:25:12,2019-12-09T11:45:25,605,52.4,92.0,39.6,52.234982636111106,131.90652180836136,80.21666717529297,123.82,41.16,134.58695652173913,-39.06298299173554,-30.10001,22.060330578512396,24.0,131.90652180836136,130.3107037214782,0,0,98.54338734399404,98.54338734399404,97.35119974242306
271,2019-12-10T02:20:45,2019-12-10T04:01:38,757,18.0,97.6,79.6,103.48244200138889,130.00306784094082,100.88333129882812,132.63,44.12,135.89139344262296,-61.522463870541614,-14.39999,26.38771466314399,30.0,130.00306784094082,130.29215187127977,0,0,97.12137424690474,97.12137424690474,97.33734021421333
272,2019-12-10T16:10:07,2019-12-10T17:39:22,670,25.2,97.6,72.39999999999999,93.040023575,128.5083198549724,89.25,132.63,44.12,135.89139344262296,-62.4831408358209,-14.0,29.95671641791045,33.0,128.5083198549724,130.2677877416853,0,0,96.00469307190613,96.00469307190613,97.3191385072241
273,2019-12-11T03:41:40,2019-12-11T04:34:22,396,30.8,78.4,47.60000000000001,61.53951882361112,129.2847034109477,52.70000076293945,106.31,35.35,135.59948979591837,-70.06364194444446,-69.70001,23.84722222222222,27.0,129.2847034109477,130.20521655514818,0,0,96.5847058296918,96.5847058296918,97.27239345939046
275,2019-12-11T04:49:35,2019-12-11T05:11:56,169,82.8,98.0,15.200000000000003,15.681335111111114,103.1666783625731,22.350000381469727,133.17,44.3,135.8877551020408,-42.17633615384616,-14.20001,26.0,27.0,130.1619582618464,130.1619582618464,1,0,77.07271640174396,97.24007649208482,97.24007649208482
276,2019-12-11T18:55:04,2019-12-11T21:04:21,970,18.8,97.6,78.8,101.47916789166666,128.78066991328257,129.28334045410156,132.63,44.12,135.89139344262296,-47.079182278350515,-14.20001,29.16082474226804,32.0,128.78066991328257,130.1619582618464,0,0,96.20815759300244,96.20815759300244,97.24007649208482
277,2019-12-12T01:53:05,2019-12-12T02:14:58,165,59.6,73.2,13.600000000000001,18.262001833333336,134.27942524509805,21.883333206176758,99.28,33.01,135.62841530054646,-50.070308,-49.80002,26.293939393939393,28.0,134.27942524509805,130.20521655514818,0,0,100.31611199240803,100.31611199240803,97.27239345939046
278,2019-12-12T08:27:00,2019-12-12T09:57:52,682,46.0,97.6,51.599999999999994,67.3668681611111,130.55594604866494,90.86666870117188,131.86,43.84,135.10245901639345,-44.47067914956012,-20.20001,23.09457478005865,25.0,130.55594604866494,130.2677877416853,0,0,97.53441289450826,97.53441289450826,97.3191385072241
279,2019-12-12T20:30:08,2019-12-12T22:04:20,707,52.8,97.6,44.8,59.30095301666667,132.36819869791668,94.19999694824219,132.63,44.12,135.89139344262296,-37.72999130127298,-5.0,26.967468175388966,29.0,132.36819869791668,130.29215187127977,0,0,98.88829223521176,98.88829223521176,97.33734021421333
280,2019-12-13T08:44:20,2019-12-13T10:38:57,860,32.4,96.8,64.4,84.01994435555555,130.46575210489993,114.61666870117188,131.53,43.75,135.87809917355372,-43.96058134883721,-14.39999,24.546511627906977,27.0,130.46575210489993,130.3107037214782,0,0,97.46703171718157,97.46703171718157,97.35119974242306
281,2019-12-13T19:48:21,2019-12-13T20:55:27,504,48.0,97.6,49.599999999999994,65.37894338888889,131.81238586469536,67.0999984741211,132.61,44.11,135.87090163934428,-58.42896734126985,-14.70001,29.49702380952381,31.0,131.81238586469536,130.3107037214782,0,0,98.47306121733635,98.47306121733635,97.35119974242306
282,2019-12-14T03:50:14,2019-12-14T05:14:25,632,32.8,97.6,64.8,83.95964296944446,129.56735026148837,84.18333435058594,132.65,44.13,135.91188524590166,-59.8107624050633,-14.10001,28.712025316455698,32.0,129.56735026148837,130.29215187127977,0,0,96.79586277396218,96.79586277396218,97.33734021421333
283,2019-12-14T16:53:39,2019-12-14T18:27:11,702,23.2,97.6,74.39999999999999,96.7392140013889,130.02582527068404,93.53333282470703,132.65,44.13,135.91188524590166,-62.03233981481482,-14.10001,31.95014245014245,35.0,130.02582527068404,130.2677877416853,0,0,97.13837563685419,97.13837563685419,97.3191385072241
284,2019-12-15T00:34:46,2019-12-15T02:37:53,925,33.6,74.8,41.199999999999996,53.35055555555556,129.4916396979504,123.11666870117188,101.6,33.8,135.82887700534758,-26.0,-26.0,28.451891891891893,31.0,129.4916396979504,130.2677877416853,0,0,96.7393016935359,96.7393016935359,97.3191385072241
285,2019-12-15T04:28:22,2019-12-15T05:40:25,541,56.4,92.8,36.4,48.0336667,131.9606228021978,72.05000305175781,126.09,41.94,135.87284482758622,-40.00036972273568,-40.0,27.61275415896488,29.0,131.9606228021978,130.2677877416853,0,0,98.58380456611641,98.58380456611641,97.3191385072241
286,2019-12-15T17:02:46,2019-12-15T18:43:03,753,15.2,73.6,58.39999999999999,75.04945591944444,128.50934232781583,100.28333282470703,99.97,33.25,135.8288043478261,-44.90251349269589,-44.89999,28.599601593625497,31.0,128.50934232781583,130.20521655514818,0,0,96.00545693055449,96.00545693055449,97.27239345939046
287,2019-12-16T01:11:49,2019-12-16T02:40:41,667,27.6,97.6,70.0,91.65750919444444,130.93929884920635,88.86666870117188,132.61,44.11,135.87090163934428,-61.85292973013494,-14.20001,30.000749625187407,33.0,130.93929884920635,130.20521655514818,0,0,97.82080421917712,97.82080421917712,97.27239345939046
288,2019-12-16T12:13:03,2019-12-16T13:21:54,517,44.8,97.2,52.400000000000006,68.47539301111112,130.67823093723496,68.8499984741211,132.08,43.94,135.88477366255145,-59.63211191489361,-14.0,29.640232108317214,32.0,130.67823093723496,130.20521655514818,0,0,97.62576824961482,97.62576824961482,97.27239345939046
289,2019-12-17T00:43:21,2019-12-17T02:05:16,615,12.8,86.8,74.0,96.55769851944444,130.48337637762762,81.91666412353516,117.97,39.24,135.91013824884791,-70.70585666666668,-48.80002,31.95040650406504,36.0,130.48337637762762,130.20521655514818,0,0,97.48019828021614,97.48019828021614,97.27239345939046
290,2019-12-17T11:32:21,2019-12-17T12:42:56,530,57.6,97.6,39.99999999999999,52.964315430555565,132.41078857638894,70.58333587646484,132.63,44.12,135.89139344262296,-45.00302726415096,-14.10001,29.633018867924527,31.0,132.41078857638894,130.2677877416853,0,0,98.9201098499414,98.9201098499414,97.3191385072241
291,2019-12-17T22:45:27,2019-12-18T00:22:11,726,20.8,97.6,76.8,99.61612182361112,129.708491957827,96.73332977294922,132.61,44.11,135.87090163934428,-61.7647535261708,-13.89999,33.544765840220386,37.0,129.708491957827,130.20521655514818,0,0,96.90130548188903,96.90130548188903,97.27239345939046
292,2019-12-19T00:20:03,2019-12-19T01:41:26,611,28.4,96.0,67.6,88.0209555638889,130.20851414776467,81.38333129882812,130.48,43.41,135.91666666666666,-64.87987726677578,-47.0,31.27659574468085,34.0,130.20851414776467,130.18523620480553,0,0,97.27485699145888,97.27485699145888,97.25746674177185
293,2019-12-19T22:46:23,2019-12-20T01:00:10,1005,7.6,85.6,78.0,100.05035828611112,128.26969011039887,133.78334045410156,113.82,37.85,132.96728971962617,-44.871342,-44.80002,23.450746268656715,26.0,128.26969011039887,130.1619582618464,0,0,95.82641998101626,95.82641998101626,97.24007649208482
294,2019-12-20T06:17:35,2019-12-20T07:34:34,578,36.0,81.2,45.2,57.8450129638889,127.97569239798429,76.98332977294922,107.03,35.57,131.8103448275862,-45.0840931314879,-22.5,22.249134948096884,25.0,127.97569239798429,130.1619582618464,0,0,95.60678314990636,95.60678314990636,97.24007649208482
295,2019-12-20T19:26:34,2019-12-20T21:58:40,1141,14.0,91.6,77.6,99.00138510555556,127.57910451746851,152.10000610351562,121.97,40.57,133.15502183406113,-39.04234075372481,0.0,24.25021910604733,27.0,127.57910451746851,130.1612224250464,0,0,95.31050429583743,95.31050429583743,97.23952677058654
296,2019-12-21T05:51:20,2019-12-21T07:32:36,760,16.4,97.6,81.19999999999999,103.82865782083333,127.86780519807063,101.26667022705078,129.98,43.24,133.1762295081967,-61.49052930263158,-13.89999,26.008552631578947,30.0,127.86780519807063,130.1612224250464,0,0,95.52618387411015,95.52618387411015,97.23952677058654
297,2019-12-21T22:33:00,2019-12-22T00:11:04,736,17.2,98.0,80.8,101.81225723611112,126.00526885657318,98.06666564941406,130.51,43.41,133.1734693877551,-62.263455516304354,-15.70001,27.453804347826086,31.0,126.00526885657318,130.1612224250464,0,0,94.13473910226557,94.13473910226557,97.23952677058654
298,2019-12-22T07:19:18,2019-12-22T08:29:36,528,44.4,97.6,53.199999999999996,68.8261617625,129.37248451597748,70.30000305175781,129.96,43.23,133.15573770491804,-58.7109925,-14.39999,26.910984848484848,29.0,129.37248451597748,130.1612224250464,0,0,96.65028444791204,96.65028444791204,97.23952677058654
299,2019-12-22T12:48:09,2019-12-22T13:18:27,228,80.0,97.6,17.599999999999994,22.662475915277778,128.76406770044196,30.299999237060547,129.72,43.14,132.90983606557378,-44.848252894736845,-13.80002,25.855263157894736,27.0,128.76406770044196,130.1612224250464,0,0,96.19575458010898,96.19575458010898,97.23952677058654
300,2019-12-23T01:16:13,2019-12-23T02:52:25,722,16.4,98.0,81.6,104.11616352777777,127.59333765659042,96.19999694824219,130.5,43.41,133.16326530612244,-64.91246342105264,-14.39999,28.02285318559557,31.0,127.59333765659042,130.15398162990752,0,0,95.3211374451494,95.3211374451494,97.2341173907449
301,2019-12-23T05:54:51,2019-12-23T06:33:33,291,71.6,97.6,26.0,33.64372998611111,129.39896148504272,38.70000076293945,129.96,43.23,133.15573770491804,-52.121661512027494,-14.5,28.355670103092784,30.0,129.39896148504272,130.14675822565522,0,0,96.67006459359796,96.67006459359796,97.22872100311056
302,2019-12-23T23:10:17,2019-12-24T01:02:53,845,27.6,97.6,70.0,89.50111826111113,127.8587403730159,112.5999984741211,129.96,43.23,133.15573770491804,-47.65456003550296,-14.30002,28.667455621301777,31.0,127.8587403730159,130.08593252521294,0,0,95.51941181648687,95.51941181648687,97.18327995533687
303,2019-12-24T12:01:01,2019-12-24T13:05:44,486,44.8,97.2,52.400000000000006,67.74372635833333,129.28192053117047,64.71666717529297,129.44,43.06,133.1687242798354,-62.76584744855967,-13.60001,28.665637860082306,31.0,129.28192053117047,130.0144465558124,0,0,96.58262682407432,96.58262682407432,97.12987494187946
304,2019-12-25T02:26:24,2019-12-25T03:45:16,592,20.8,90.8,70.0,89.1831788638889,127.40454123412701,78.86666870117188,120.99,40.25,133.2488986784141,-67.83548224662162,-46.5,27.99493243243243,32.0,127.40454123412701,129.8557798993839,0,0,95.18009332744458,95.18009332744458,97.01133986439689
305,2019-12-25T15:52:57,2019-12-25T16:36:50,330,55.6,80.8,25.199999999999996,33.013868425,131.00741438492065,43.88333511352539,107.63,35.8,133.20544554455446,-45.138797878787884,-45.10001,27.54090909090909,29.0,131.00741438492065,129.8557798993839,0,0,97.87169128319803,97.87169128319803,97.01133986439689
306,2019-12-25T23:49:02,2019-12-26T02:31:56,1222,29.2,84.4,55.2,70.29547321666666,127.34687176932366,162.89999389648438,112.37,37.38,133.13981042654027,-25.881741366612108,-2.0,26.920212765957448,29.0,127.34687176932366,129.8557798993839,0,0,95.13701020820129,95.13701020820129,97.01133986439689
307,2019-12-26T22:11:34,2019-12-26T23:19:52,513,40.8,96.8,56.0,72.14094410972223,128.82311448164683,68.30000305175781,128.67,42.79,132.92355371900825,-63.32964153996102,-14.30002,23.84990253411306,26.0,128.82311448164683,129.63792110965767,0,0,96.23986665092941,96.23986665092941,96.8485841279256
308,2019-12-27T07:28:11,2019-12-27T09:20:40,1087,29.6,97.6,68.0,87.33529297777778,128.43425437908496,112.48332977294922,129.7,43.13,132.88934426229508,-47.362197332106724,-19.60001,23.494480220791168,26.0,128.43425437908496,129.63792110965767,0,0,95.94936098688764,95.94936098688764,96.8485841279256
309,2019-12-28T09:32:46,2019-12-28T10:13:51,309,35.2,62.4,27.199999999999996,34.261696901388895,125.9621209609886,41.08333206176758,81.55,27.1,130.68910256410257,-50.03722045307443,-49.70001,19.509708737864077,21.0,125.9621209609886,129.56657991259806,0,0,94.10250460976755,94.10250460976755,96.79528726952125
310,2019-12-28T10:15:12,2019-12-28T11:20:58,494,62.4,97.6,35.199999999999996,44.95938075972222,127.72551352193814,65.76667022705078,128.74,42.79,131.90573770491804,-41.00810240890689,-19.70001,22.14574898785425,23.0,127.72551352193814,129.56657991259806,0,0,95.41988205093479,95.41988205093479,96.79528726952125
311,2019-12-29T01:29:20,2019-12-29T02:49:23,601,22.8,93.2,70.4,90.49201280555555,128.5397909169823,80.05000305175781,124.17,41.3,133.22961373390558,-67.75142389351082,0.0,25.983361064891845,30.0,128.5397909169823,129.56657991259806,0,0,96.02820415393036,96.02820415393036,96.79528726952125
312,2019-12-29T11:58:51,2019-12-29T13:30:15,686,47.6,97.6,49.99999999999999,65.2370152888889,130.47403057777782,91.4000015258789,129.96,43.23,133.15573770491804,-42.804383221574355,-14.20001,25.865889212827987,28.0,130.47403057777782,129.56657991259806,0,0,97.47321631479085,97.47321631479085,96.79528726952125
313,2019-12-29T23:27:47,2019-12-30T01:11:54,782,12.0,97.6,85.6,110.52797958611112,129.12147147910179,104.11666870117188,129.96,43.23,133.15573770491804,-63.67174336317136,-14.0,30.57225063938619,34.0,129.12147147910179,129.52872463082906,0,0,96.46276017252276,96.46276017252276,96.76700672930811
314,2019-12-30T11:46:09,2019-12-30T12:54:52,516,44.4,97.6,53.199999999999996,69.0058248763889,129.71019713606938,68.71666717529297,129.98,43.24,133.1762295081967,-60.22384195736436,-13.80002,30.142441860465116,32.0,129.71019713606938,129.52872463082906,0,0,96.90257936916713,96.90257936916713,96.76700672930811
315,2019-12-30T23:39:32,2019-12-31T01:12:07,695,16.8,77.2,60.400000000000006,77.24504889166667,127.88915379415009,92.58333587646484,102.83,34.2,133.19948186528498,-50.0598608057554,-49.80002,30.520863309352517,33.0,127.88915379415009,129.44530059149656,0,0,95.54213276688563,95.54213276688563,96.70468314356692
316,2019-12-31T15:41:20,2019-12-31T17:20:45,746,18.0,83.2,65.2,82.78164029166666,126.9657059688139,99.41666412353516,110.84,36.87,133.22115384615384,-49.96032254691689,-49.70001,28.72117962466488,32.0,126.9657059688139,129.3857230005101,0,0,94.85225272534925,94.85225272534925,96.66017452075499
317,2020-01-01T01:03:33,2020-01-01T02:34:01,679,31.6,90.0,58.4,75.44605083333333,129.18844320776256,90.46666717529297,119.81,39.86,133.12222222222223,-50.03564671575846,-46.80002,28.431516936671574,31.0,129.18844320776256,129.3285939634626,0,0,96.51279273276346,96.51279273276346,96.61749513880193
318,2020-01-01T13:11:19,2020-01-01T14:36:03,1274,29.6,97.6,68.0,86.82365199166668,127.6818411642157,84.73332977294922,129.98,43.24,133.1762295081967,-61.46091978021978,-14.10001,26.401883830455258,29.0,127.6818411642157,129.2833119710591,0,0,95.38725574857864,95.38725574857864,96.58366632688306
319,2020-01-02T01:47:11,2020-01-02T03:25:31,738,16.8,97.6,80.8,103.55065638194445,128.15675294795105,98.33333587646484,129.98,43.24,133.1762295081967,-63.1544737398374,-14.70001,27.144986449864497,31.0,128.15675294795105,129.2833119710591,0,0,95.74204803039508,95.74204803039508,96.58366632688306
320,2020-01-02T14:16:15,2020-01-02T15:37:38,611,15.2,90.0,74.8,95.46417974444445,127.62590874925729,81.38333129882812,119.83,39.86,133.14444444444445,-70.3626937479542,-48.60001,29.681669394435353,34.0,127.62590874925729,129.23518186946652,0,0,95.34547032692724,95.34547032692724,96.54770977841889
321,2020-01-03T00:48:34,2020-01-03T01:22:56,259,15.2,42.0,26.8,34.94712836666667,130.3997327114428,34.36666488647461,55.81,18.57,132.88095238095238,-61.01274722007722,-60.0,25.78185328185328,29.0,130.3997327114428,129.23518186946652,0,0,97.41771061787222,97.41771061787222,96.54770977841889
322,2020-01-03T01:25:28,2020-01-03T02:30:38,490,42.0,89.6,47.599999999999994,61.30306221944445,128.78794583916903,65.16666412353516,119.34,39.7,133.1919642857143,-56.441842877551025,-46.70001,29.562244897959182,32.0,128.78794583916903,129.15495734343216,0,0,96.2135932179669,96.2135932179669,96.48777645264312
323,2020-01-03T17:32:17,2020-01-03T18:34:32,468,21.2,77.6,56.39999999999999,72.41696420555557,128.39887270488578,62.25,103.27,34.35,133.0798969072165,-69.79959166666667,-69.70001,30.16559829059829,34.0,128.39887270488578,129.15495734343216,0,0,95.92292840434592,95.92292840434592,96.48777645264312
324,2020-01-03T23:15:41,2020-01-04T00:09:12,402,46.8,92.4,45.60000000000001,59.19885016805556,129.82203984222707,53.516666412353516,123.02,40.92,133.13852813852813,-66.35423218905473,-46.70001,30.676616915422887,33.0,129.82203984222707,129.15495734343216,0,0,96.9861336844762,96.9861336844762,96.48777645264312
325,2020-01-04T00:14:43,2020-01-04T00:29:24,111,92.0,98.0,6.0,7.405085502777778,123.41809171296298,14.683333396911621,130.5,43.41,133.16326530612244,-30.24145027027027,-14.0,31.5,33.0,123.41809171296298,128.9722929803743,0,0,92.20193702474047,92.20193702474047,96.3513134117261
326,2020-01-04T06:30:29,2020-01-04T07:43:11,546,39.6,97.6,57.99999999999999,74.84668133055555,129.0460022940613,72.69999694824219,129.98,43.24,133.1762295081967,-61.737924175824176,-14.5,29.22069597069597,32.0,129.0460022940613,129.08373688658156,0,0,96.40637941869784,96.40637941869784,96.4345697956103
327,2020-01-04T16:59:26,2020-01-04T18:06:16,502,46.0,97.6,51.599999999999994,67.10517979583332,130.04879805394057,66.83333587646484,129.96,43.23,133.15573770491804,-60.13346547808765,0.0,31.4601593625498,33.0,130.04879805394057,129.08373688658156,0,0,97.15553791092361,97.15553791092361,96.4345697956103
330,2020-01-05T00:00:24,2020-01-05T00:49:54,372,61.2,97.6,36.39999999999999,46.703142984722234,128.30533787011606,49.5,129.98,43.24,133.1762295081967,-56.56425225806451,-13.80002,30.302419354838708,32.0,128.30533787011606,128.93455838785405,0,0,95.85305134802981,95.85305134802981,96.32312303481362
331,2020-01-05T05:23:36,2020-01-05T06:34:27,532,42.8,98.0,55.2,71.16097780138888,128.91481485758854,70.8499984741211,130.5,43.41,133.16326530612244,-60.228012236842105,-14.39999,30.19078947368421,33.0,128.91481485758854,128.8689646696177,0,0,96.30837323833791,96.30837323833791,96.27411994463367
332,2020-01-05T18:17:18,2020-01-05T19:33:21,571,36.0,97.6,61.599999999999994,79.2949641375,128.7255911323052,76.05000305175781,129.98,43.24,133.1762295081967,-62.52469810858145,-14.5,30.708406304728545,33.0,128.7255911323052,128.80553016040793,0,0,96.1670098955734,96.1670098955734,96.22672993444816
333,2020-01-05T23:02:53,2020-01-05T23:34:22,237,76.4,97.6,21.19999999999999,27.628958531944445,130.32527609407765,31.483333587646484,129.98,43.24,133.1762295081967,-52.62405101265824,-14.80002,30.109704641350213,32.0,130.32527609407765,128.80553016040793,0,0,97.36208632284307,97.36208632284307,96.22672993444816
334,2020-01-06T04:24:40,2020-01-06T05:42:03,581,35.6,98.0,62.4,80.28038115833333,128.65445698450853,77.38333129882812,130.5,43.41,133.16326530612244,-62.206545232357996,-14.0,32.16523235800344,35.0,128.65445698450853,128.7760067698055,0,0,96.11386771743382,96.11386771743382,96.20467389903794
335,2020-01-06T17:40:22,2020-01-06T19:42:51,919,35.2,97.6,62.39999999999999,80.60828916555555,129.17995058582622,122.48332977294922,130.02,43.25,133.21721311475412,-39.453977284004345,-4.899994,30.164853101196954,32.0,129.17995058582622,128.7760067698055,0,0,96.50644815084615,96.50644815084615,96.20467389903794
336,2020-01-07T04:05:21,2020-01-07T05:55:09,824,32.8,96.8,64.0,82.71635166666668,129.2442994791667,109.80000305175781,128.97,42.9,133.23347107438016,-45.20025274271845,-45.20001,29.39259708737864,32.0,129.2442994791667,128.7760067698055,0,0,96.55452126986009,96.55452126986009,96.20467389903794
337,2020-01-07T16:01:25,2020-01-07T18:00:58,897,27.2,89.2,62.0,79.48779329638889,128.20611821998207,119.55000305175781,118.83,39.53,133.21748878923768,-39.87403231215161,-4.899994,31.13823857302118,33.0,128.20611821998207,128.7448294163736,0,0,95.77892733747106,95.77892733747106,96.18138223784119
338,2020-01-08T03:30:57,2020-01-08T05:34:06,924,35.6,97.6,61.99999999999999,80.0887168082778,129.17534969077067,123.1500015258789,129.98,43.24,133.1762295081967,-38.984947320562775,-0.2000122,28.25487012987013,30.0,129.17534969077067,128.7760067698055,0,0,96.50301096080148,96.50301096080148,96.20467389903794
339,2020-01-08T15:37:39,2020-01-08T17:03:18,643,26.8,97.6,70.8,91.18803114305558,128.79665415685818,85.6500015258789,130.0,43.24,133.19672131147541,-63.84713493001556,-14.60001,33.5606531881804,36.0,128.79665415685818,128.7760067698055,0,0,96.22009893968097,96.22009893968097,96.20467389903794
340,2020-01-09T11:04:59,2020-01-09T11:44:44,299,70.4,97.6,27.19999999999999,35.58693402638888,130.83431627348858,39.75,129.98,43.24,133.1762295081967,-53.674921571906346,-13.80002,26.464882943143813,28.0,130.83431627348858,128.7760067698055,0,0,97.74237490058471,97.74237490058471,96.20467389903794
341,2020-01-10T00:47:44,2020-01-10T01:44:27,426,30.4,84.8,54.4,69.85543987777778,128.41073506944446,56.71666717529297,112.89,37.55,133.125,-73.89929096244131,-73.70001,27.583333333333332,31.0,128.41073506944446,128.7448294163736,0,0,95.93179041942673,95.93179041942673,96.18138223784119
342,2020-01-10T06:24:41,2020-01-10T07:22:59,438,53.2,97.6,44.39999999999999,57.74144945416668,130.04830958145652,58.29999923706055,129.96,43.23,133.15573770491804,-59.379457214611875,-14.0,29.55821917808219,32.0,130.04830958145652,128.7448294163736,0,0,97.15517298785124,97.15517298785124,96.18138223784119
344,2020-01-10T14:52:57,2020-01-10T15:09:10,123,65.6,74.8,9.200000000000003,12.219558558333336,132.82128867753622,16.21666717529297,99.56,33.12,133.10160427807486,-45.21139325203253,-45.20001,27.971544715447155,29.0,132.82128867753622,128.7448294163736,0,0,99.22678210478922,99.22678210478922,96.18138223784119
347,2020-01-10T22:41:38,2020-01-11T00:20:30,742,48.0,98.0,50.0,64.54844474877777,129.09688949755554,98.86666870117188,130.5,43.41,133.16326530612244,-39.119946272102425,0.0,28.900269541778975,30.0,129.09688949755554,128.7448294163736,0,0,96.44439571490547,96.44439571490547,96.18138223784119
348,2020-01-11T19:17:33,2020-01-11T21:52:10,1160,2.4,97.6,95.19999999999999,123.42585702500003,129.64900948004205,154.61666870117188,129.96,43.23,133.15573770491804,-47.88147471551725,-14.10001,27.036637931034484,31.0,129.64900948004205,128.7760067698055,0,0,96.85686791528366,96.85686791528366,96.20467389903794
349,2020-01-12T03:37:07,2020-01-12T04:20:05,323,61.6,94.8,33.199999999999996,42.89300293888889,129.1957919846051,42.96666717529297,125.04,41.56,131.8987341772152,-59.862233219814236,-19.5,23.888544891640866,26.0,129.1957919846051,128.79229999801362,0,0,96.51828278248178,96.51828278248178,96.21684607882393
350,2020-01-12T06:17:57,2020-01-12T06:59:34,313,71.6,97.6,26.0,33.576754611111106,129.14136388888886,41.61666488647461,128.21,42.62,131.3627049180328,-48.40000664536741,-20.5,22.82108626198083,25.0,129.14136388888886,128.8098843192525,0,0,96.47762119240244,96.47762119240244,96.22998279530519
351,2020-01-12T15:15:55,2020-01-12T16:54:39,741,28.4,92.8,64.4,82.09729190416667,127.48026693193582,98.73332977294922,123.63,41.12,133.2219827586207,-49.88840264507423,-46.60001,23.808367071524966,27.0,127.48026693193582,128.8098843192525,0,0,95.23666571422854,95.23666571422854,96.22998279530519
352,2020-01-13T08:10:23,2020-01-13T10:15:20,938,26.8,97.2,70.4,88.31184648333334,125.44296375473485,124.94999694824219,128.16,42.6,131.85185185185185,-42.38849245202559,0.0,20.527185501066096,23.0,125.44296375473485,128.8098843192525,0,0,93.71465790615562,93.71465790615562,96.22998279530519
353,2020-01-13T16:03:23,2020-01-13T16:54:29,384,61.2,98.0,36.8,47.44681336944445,128.93155806914254,51.099998474121094,130.24,43.31,132.8979591836735,-55.64974872395834,0.0,24.61328125,26.0,128.93155806914254,128.8098843192525,0,0,96.32088158712104,96.32088158712104,96.22998279530519
354,2020-01-14T00:05:33,2020-01-14T02:08:58,926,22.0,86.0,64.0,82.06350724166667,128.22423006510417,123.41666412353516,114.55,38.1,133.19767441860466,-39.89156669546436,-32.0,27.79913606911447,30.0,128.22423006510417,128.8098843192525,0,0,95.79245815114814,95.79245815114814,96.22998279530519
355,2020-01-14T13:22:51,2020-01-14T15:00:15,731,15.2,97.6,82.39999999999999,105.23854720972223,127.71668350694446,97.4000015258789,129.96,43.23,133.15573770491804,-64.80410737346101,-13.80002,28.57045143638851,32.0,127.71668350694446,128.8098843192525,0,0,95.41328541283194,95.41328541283194,96.22998279530519
356,2020-01-14T22:38:56,2020-01-14T23:58:43,599,35.6,77.6,41.99999999999999,53.189666744444445,126.6420636772487,79.78333282470703,103.28,34.35,133.09278350515464,-40.000667846410686,-40.0,28.741235392320533,31.0,126.6420636772487,128.79229999801362,0,0,94.61046932251688,94.61046932251688,96.21684607882393
357,2020-01-15T03:51:03,2020-01-15T04:57:13,500,47.2,98.0,50.8,65.27820643333334,128.50040636482942,66.16666412353516,130.5,43.41,133.16326530612244,-58.877810880000006,-14.20001,26.837,29.0,128.50040636482942,128.79229999801362,0,0,95.99878114189909,95.99878114189909,96.21684607882393
358,2020-01-15T16:04:27,2020-01-15T17:27:36,625,30.8,98.0,67.2,85.47818517916667,127.19968032614088,83.1500015258789,130.5,43.41,133.16326530612244,-61.647043344000004,0.0,29.7512,32.0,127.19968032614088,128.7567684857371,0,0,95.0270479167207,95.0270479167207,96.19030155677015
359,2020-01-16T01:46:14,2020-01-16T03:02:57,576,36.8,97.6,60.8,78.38978071388888,128.93056038468566,76.71666717529297,129.98,43.24,133.1762295081967,-61.273960625,-13.70001,30.078993055555557,33.0,128.93056038468566,128.79229999801362,0,0,96.32013624712926,96.32013624712926,96.21684607882393
360,2020-01-16T15:51:20,2020-01-16T17:21:25,676,24.4,97.6,73.19999999999999,93.18100321388889,127.2964524779903,90.08333587646484,129.98,43.24,133.1762295081967,-62.03668853550297,-14.5,30.14423076923077,33.0,127.2964524779903,128.7567684857371,0,0,95.09934347506818,95.09934347506818,96.19030155677015
361,2020-01-17T03:00:45,2020-01-17T04:40:00,745,19.6,97.6,78.0,97.48255144027777,124.97763005163817,99.25,129.72,43.14,132.90983606557378,-58.898797838926185,-19.89999,23.63691275167785,27.0,124.97763005163817,128.7567684857371,0,0,93.3670211197419,93.3670211197419,96.19030155677015
362,2020-01-17T17:11:16,2020-01-17T18:54:24,774,15.6,98.0,82.4,103.86025420277778,126.04399781890507,103.13333129882812,130.5,43.41,133.16326530612244,-60.38759934108528,0.0,25.660206718346252,29.0,126.04399781890507,128.69002405840686,0,0,94.16367234289825,94.16367234289825,96.14043880650361
363,2020-01-18T08:48:09,2020-01-18T09:58:28,528,44.8,98.0,53.2,67.58152797500001,127.0329473214286,70.31666564941406,129.23,42.95,131.8673469387755,-57.62217107954546,0.0,21.724431818181817,24.0,127.0329473214286,128.69002405840686,0,0,94.90248671352059,94.90248671352059,96.14043880650361
364,2020-01-18T22:12:32,2020-01-18T23:22:59,529,23.6,89.6,66.0,84.54081378055555,128.09214209175084,70.44999694824219,119.31,39.68,133.15848214285717,-71.97732266540642,-46.89999,25.50945179584121,29.0,128.09214209175084,128.69002405840686,0,0,95.69377920682308,95.69377920682308,96.14043880650361
365,2020-01-19T03:20:19,2020-01-19T04:18:54,440,56.0,98.0,42.0,54.22594740833334,129.10939859126987,58.58333206176758,130.24,43.31,132.8979591836735,-55.44341211363637,0.0,25.051136363636363,27.0,129.10939859126987,128.7567684857371,0,0,96.4537408818488,96.4537408818488,96.19030155677015
366,2020-01-20T10:26:37,2020-01-20T12:13:13,800,34.0,97.6,63.599999999999994,80.65011029583334,126.80834952175056,106.5999984741211,128.21,42.62,131.3627049180328,-45.35150736250001,0.0,19.6175,22.0,126.80834952175056,128.7567684857371,0,0,94.73469646579927,94.73469646579927,96.19030155677015
367,2020-01-20T21:35:12,2020-01-21T00:26:47,1287,29.6,86.8,57.199999999999996,71.92411302361111,125.74145633498448,171.5833282470703,115.33,38.35,132.86866359447004,-25.150976775446775,-23.5,24.910644910644912,26.0,125.74145633498448,128.69002405840686,0,0,93.93765271756898,93.93765271756898,96.14043880650361
368,2020-01-21T04:13:08,2020-01-21T05:10:06,428,55.6,97.6,41.99999999999999,54.67705225,130.18345773809526,56.96666717529297,129.96,43.23,133.15573770491804,-57.55234759345795,-14.5,25.372663551401867,27.0,130.18345773809526,128.69002405840686,0,0,97.25613810288799,97.25613810288799,96.14043880650361
369,2020-01-21T21:10:31,2020-01-21T22:37:33,711,50.4,97.6,47.199999999999996,60.92158502638889,129.07115471692563,87.03333282470703,129.98,43.24,133.1762295081967,-42.23446918424754,-14.30002,25.537974683544302,27.0,129.07115471692563,128.69002405840686,0,0,96.4251700358332,96.4251700358332,96.14043880650361
370,2020-01-22T20:38:34,2020-01-22T21:21:19,323,10.8,35.6,24.8,32.13964601388889,129.59534683019714,42.75,47.23,15.71,132.6685393258427,-45.108369133126935,-45.10001,26.489164086687307,28.0,129.59534683019714,128.7567684857371,0,0,96.81677816674753,96.81677816674753,96.19030155677015
371,2020-01-22T21:48:57,2020-01-22T23:34:05,789,34.8,95.6,60.8,77.8648084111111,128.06711909722222,105.13333129882812,127.31,42.34,133.16945606694563,-44.41876746514575,-14.39999,30.310519645120404,33.0,128.06711909722222,128.7567684857371,0,0,95.67508528169691,95.67508528169691,96.19030155677015
372,2020-01-23T21:51:08,2020-01-23T23:05:11,556,57.2,97.6,40.39999999999999,52.612263041666665,130.22837386551157,74.05000305175781,129.98,43.24,133.1762295081967,-42.60486669064748,-14.30002,28.29226618705036,30.0,130.22837386551157,128.7567684857371,0,0,97.28969358810053,97.28969358810053,96.19030155677015
373,2020-01-25T10:51:21,2020-01-25T12:01:32,527,45.2,97.6,52.39999999999999,67.67371373750001,129.1483086593512,70.18333435058594,129.98,43.24,133.1762295081967,-57.834160208728655,-14.0,26.09392789373814,28.0,129.1483086593512,128.79229999801362,0,0,96.48280942112913,96.48280942112913,96.21684607882393
374,2020-01-26T12:29:31,2020-01-26T14:17:27,810,14.4,97.6,83.19999999999999,107.76152991111113,129.5210696047009,107.93333435058594,129.23,42.97,132.40778688524588,-59.886675567901236,-18.70001,21.319135802469138,25.0,129.5210696047009,128.85573450722336,0,0,96.76128788997754,96.76128788997754,96.26423608900944
375,2020-01-26T23:16:03,2020-01-27T00:14:46,441,30.4,84.4,54.00000000000001,68.55760313472223,126.95852432355967,58.71666717529297,110.96,36.88,131.4691943127962,-70.04921240362813,-64.10001,19.84580498866213,24.0,126.95852432355967,128.85573450722336,0,0,94.84688753460392,94.84688753460392,96.26423608900944
376,2020-01-27T21:11:35,2020-01-27T22:54:51,775,17.6,97.6,80.0,101.20525734444446,126.50657168055557,103.26667022705078,129.21,42.96,132.38729508196724,-58.78581877419355,-19.5,21.661290322580644,25.0,126.50657168055557,128.79229999801362,0,0,94.50924733493737,94.50924733493737,96.21684607882393
377,2020-01-31T22:25:46,2020-01-31T23:49:17,627,33.2,97.6,64.39999999999999,82.83632080833334,128.62782734213255,83.51667022705078,129.23,42.97,132.40778688524588,-59.492833923444984,-20.70001,22.236842105263158,25.0,128.62782734213255,128.7611226445817,0,0,96.09397351411837,96.09397351411837,96.19355441762718
378,2020-02-01T13:11:58,2020-02-01T14:43:22,686,25.2,97.6,72.39999999999999,92.08640809305555,127.19117139924802,91.4000015258789,129.98,43.24,133.1762295081967,-60.42698053935862,-14.10001,24.110787172011662,27.0,127.19117139924802,128.7611226445817,0,0,95.02069115386175,95.02069115386175,96.19355441762718
379,2020-02-02T00:08:10,2020-02-02T01:30:13,616,32.4,97.6,65.19999999999999,83.22006176944444,127.63813154822769,82.05000305175781,129.98,43.24,133.1762295081967,-60.82516688311688,-14.89999,26.3474025974026,29.0,127.63813154822769,128.69002405840686,0,0,95.35460161169507,95.35460161169507,96.14043880650361
380,2020-02-02T14:26:33,2020-02-02T15:00:42,257,79.2,97.6,18.39999999999999,23.52854579027778,127.87253146890103,34.150001525878906,127.69,42.44,130.82991803278688,-41.36343140077821,-19.5,20.41828793774319,21.0,127.87253146890103,128.69002405840686,0,0,95.52971472861793,95.52971472861793,96.14043880650361
381,2020-02-09T12:16:00,2020-02-09T13:15:22,446,65.6,97.6,32.0,41.24088198055555,128.8777561892361,59.36666488647461,127.21,42.26,130.33811475409837,-41.662338901345294,-20.0,19.62219730941704,21.0,128.8777561892361,128.69002405840686,0,0,96.28068782400175,96.28068782400175,96.14043880650361
382,2020-02-09T18:04:14,2020-02-09T18:58:48,410,57.2,92.0,34.8,45.00328069444445,129.31977211047257,54.56666564941406,122.34,40.68,132.97826086956522,-49.48097885365855,-46.60001,23.820731707317073,25.0,129.31977211047257,128.69002405840686,0,0,96.61090459828604,96.61090459828604,96.14043880650361
383,2020-02-09T21:11:55,2020-02-09T22:44:46,697,42.4,98.0,55.6,71.29247456666667,128.22387511990408,92.8499984741211,130.5,43.41,133.16326530612244,-46.046773400286945,-13.60001,27.262553802008608,29.0,128.22387511990408,128.69002405840686,0,0,95.7921929822857,95.7921929822857,96.14043880650361
384,2020-02-10T19:32:46,2020-02-10T20:30:25,433,66.4,97.6,31.19999999999999,40.428778577777784,129.5794185185186,57.650001525878906,128.2,42.61,131.35245901639342,-42.06212556581987,-19.70001,21.881062355658198,23.0,129.5794185185186,128.69002405840686,0,0,96.80487860510375,96.80487860510375,96.14043880650361
385,2020-02-11T09:49:37,2020-02-11T10:30:03,304,76.0,97.6,21.599999999999994,27.975868844444452,129.5179113168725,40.43333435058594,127.21,42.26,130.33811475409837,-41.49014305921053,-19.80002,19.379934210526315,20.0,129.5179113168725,128.72555557068335,0,0,96.75892842831824,96.75892842831824,96.1669833285574
386,2020-02-12T10:21:58,2020-02-12T11:37:45,569,42.0,97.6,55.599999999999994,71.02752088472222,127.74733972072343,75.78333282470703,129.23,42.97,132.40778688524588,-56.210901862917396,-19.70001,22.764499121265377,25.0,127.74733972072343,128.64114216332052,0,0,95.4361877462989,95.4361877462989,96.1039206157761
387,2020-02-13T01:41:08,2020-02-13T04:05:46,1085,23.2,97.6,74.39999999999999,95.76811136666666,128.7205797939068,144.63333129882812,129.96,43.23,133.15573770491804,-39.70064527188939,-5.0,25.116129032258065,28.0,128.7205797939068,128.67420356801966,0,0,96.16326607567629,96.16326607567629,96.12861979489733
388,2020-02-13T13:36:19,2020-02-13T16:39:23,1373,35.6,97.6,61.99999999999999,78.62200224444445,126.80968103942655,183.06666564941406,129.74,43.14,132.93032786885246,-25.762418805535322,-16.0,23.733430444282593,26.0,126.80968103942655,128.56411685348098,0,0,94.73569120252876,94.73569120252876,96.04637732800873
389,2020-02-14T06:52:36,2020-02-14T08:50:17,883,25.2,98.0,72.8,92.0981486,126.50844587912088,117.68333435058594,130.5,43.41,133.16326530612244,-46.933527021517556,0.0,24.48471121177803,27.0,126.50844587912088,128.45557071713694,0,0,94.51064749220518,94.51064749220518,95.96528578066291
390,2020-02-15T08:59:18,2020-02-15T10:27:14,660,46.0,97.6,51.599999999999994,67.34142193611112,130.5066316591301,87.93333435058594,129.98,43.24,133.1762295081967,-45.92576118181818,-13.60001,24.60151515151515,27.0,130.5066316591301,128.56411685348098,0,0,97.49757160021181,97.49757160021181,96.04637732800873
391,2020-02-16T05:38:07,2020-02-16T07:46:52,966,19.6,97.6,78.0,98.79504658055556,126.66031612891739,128.75,127.19,42.26,130.31762295081967,-46.03023651138717,-19.70001,17.922360248447205,21.0,126.66031612891739,128.45557071713694,0,0,94.62410517910764,94.62410517910764,95.96528578066291
392,2020-02-17T08:49:50,2020-02-17T09:32:32,321,49.2,84.8,35.599999999999994,46.13676787083334,129.59766255852065,42.70000076293945,108.78,36.11,128.27830188679246,-64.81184358255452,-47.0,13.975077881619939,16.0,129.59766255852065,128.45557071713694,0,0,96.81850817759187,96.81850817759187,95.96528578066291
393,2020-02-18T00:54:35,2020-02-18T04:27:40,1598,24.8,97.6,72.8,91.97974634027779,126.34580541246949,213.0833282470703,126.7,42.09,129.8155737704918,-25.895872715894868,-19.80002,18.500625782227786,20.0,126.34580541246949,128.3174825672743,0,0,94.38914370085875,94.38914370085875,95.86212428528744
394,2020-02-18T19:06:31,2020-02-18T20:21:39,564,50.8,94.0,43.2,55.854317522222225,129.2924016718107,75.13333129882812,123.97,41.21,131.88297872340425,-44.58227904255318,-19.89999,21.697695035460992,24.0,129.2924016718107,128.3623182149668,0,0,96.59045696838984,96.59045696838984,95.89561964652361
395,2020-02-19T20:41:33,2020-02-19T21:14:38,249,18.0,37.2,19.200000000000003,24.803055611111112,129.18258130787035,33.08333206176758,49.16,16.34,132.15053763440858,-44.965060361445786,-36.10001,22.805220883534137,25.0,129.18258130787035,128.3623182149668,0,0,96.5084134840066,96.5084134840066,95.89561964652361
396,2020-02-19T21:21:22,2020-02-19T22:52:13,682,37.2,90.4,53.2,68.09705561333334,128.00198423558896,90.8499984741211,120.35,40.03,133.13053097345133,-44.946334357771256,-8.200012,26.521994134897362,28.0,128.00198423558896,128.2240525925041,0,0,95.62642498945715,95.62642498945715,95.79232556671693
398,2020-02-20T13:38:20,2020-02-20T15:59:49,1061,17.2,98.0,80.8,102.44991081944447,126.79444408347089,141.48333740234375,130.51,43.41,133.1734693877551,-43.42715349670123,-14.39999,29.183317624882186,32.0,126.79444408347089,128.15800860582746,0,0,94.72430813191104,94.72430813191104,95.7429860945544
399,2020-02-20T16:20:53,2020-02-20T17:05:51,338,71.6,97.6,26.0,33.40210232638889,128.46962433226497,44.96666717529297,124.44,41.77,127.5,-44.56923757396449,-44.5,27.630177514792898,29.0,128.46962433226497,128.15800860582746,0,0,95.97578481300914,95.97578481300914,95.7429860945544
400,2020-02-21T02:15:40,2020-02-21T03:46:00,678,26.0,98.0,72.0,91.68428803055556,127.33928893132718,90.33333587646484,130.5,43.41,133.16326530612244,-60.87286815634218,-13.89999,26.60103244837758,29.0,127.33928893132718,128.07963059448653,0,0,95.13134529844845,95.13134529844845,95.68443224426
401,2020-02-21T17:17:45,2020-02-21T18:34:52,579,37.6,97.6,59.99999999999999,76.9470082361111,128.24501372685185,77.11666870117188,129.98,43.24,133.1762295081967,-59.83610312607945,-14.20001,28.72020725388601,31.0,128.24501372685185,128.07963059448653,0,0,95.80798499850907,95.80798499850907,95.68443224426
402,2020-02-22T17:42:23,2020-02-22T20:04:38,1428,9.2,97.6,88.39999999999999,112.3955495416667,127.14428681184017,142.25,130.0,43.24,133.19672131147541,-47.96240434173671,-14.0,30.749299719887954,34.0,127.14428681184017,128.07963059448653,0,0,94.98566509151051,94.98566509151051,95.68443224426
403,2020-02-23T02:21:53,2020-02-23T04:29:50,960,16.4,97.6,81.19999999999999,104.32044329722223,128.4734523364806,127.94999694824219,129.98,43.24,133.1762295081967,-48.9014643125,-14.0,34.1796875,37.0,128.4734523364806,128.15800860582746,0,0,95.97864459959895,95.97864459959895,95.7429860945544
404,2020-02-23T15:46:05,2020-02-23T16:51:28,491,47.6,97.6,49.99999999999999,64.72686906111112,129.45373812222226,65.38333129882812,130.0,43.24,133.19672131147541,-59.36029242362525,-14.5,32.33401221995927,34.0,129.45373812222226,128.15800860582746,0,0,96.71098656850097,96.71098656850097,95.7429860945544
405,2020-02-26T17:11:17,2020-02-26T18:16:48,492,48.4,97.6,49.199999999999996,63.6061899625,129.28087390752034,65.51667022705078,129.98,43.24,133.1762295081967,-58.22236632113821,-13.89999,32.34756097560975,34.0,129.28087390752034,128.15800860582746,0,0,96.58184492308608,96.58184492308608,95.7429860945544
406,2020-02-27T20:19:05,2020-02-27T22:19:11,902,22.8,97.6,74.8,94.90486137916668,126.87815692401962,120.0999984741211,129.98,43.24,133.1762295081967,-47.39745718403548,-14.0,29.89079822616408,32.0,126.87815692401962,128.15800860582746,0,0,94.78684747233763,94.78684747233763,95.7429860945544
407,2020-02-28T15:12:04,2020-02-28T16:43:19,685,50.4,97.6,47.199999999999996,61.24613286805556,129.75875607638892,91.25,130.0,43.24,133.19672131147541,-40.25474969343066,-14.39999,27.002189781021897,29.0,129.75875607638892,128.23444442337797,0,0,96.93885629012084,96.93885629012084,95.80008899039738
408,2020-02-29T21:23:03,2020-02-29T22:56:35,702,20.0,97.6,77.6,99.2527081527778,127.90297442368275,93.53333282470703,130.0,43.24,133.19672131147541,-63.63804297720798,-14.60001,33.43019943019943,36.0,127.90297442368275,128.15800860582746,0,0,95.55245774271476,95.55245774271476,95.7429860945544
409,2020-03-01T13:15:03,2020-03-01T14:40:35,642,29.6,97.6,68.0,86.730634875,127.5450512867647,85.53333282470703,129.96,43.23,133.15573770491804,-60.80779507788162,-13.89999,30.981308411214954,33.0,127.5450512867647,128.15800860582746,0,0,95.2850641533975,95.2850641533975,95.7429860945544
410,2020-03-02T04:57:03,2020-03-02T06:32:35,717,19.6,97.6,78.0,99.7924462888889,127.93903370370371,95.53333282470703,129.98,43.24,133.1762295081967,-62.6453289260809,-14.60001,29.901673640167363,33.0,127.93903370370371,128.07963059448653,0,0,95.57939654414578,95.57939654414578,95.68443224426
411,2020-03-02T16:03:32,2020-03-02T17:22:40,594,36.4,97.6,61.199999999999996,78.43334020694446,128.15905262572625,79.13333129882812,129.96,43.23,133.15573770491804,-59.44260831649832,-13.70001,30.348484848484848,33.0,128.15905262572625,128.12559735873856,0,0,95.74376605035847,95.74376605035847,95.71877262859078
412,2020-03-03T21:05:22,2020-03-03T21:18:50,102,27.2,39.2,12.000000000000004,15.7606697,131.33891416666663,13.466666221618652,52.18,17.35,133.1122448979592,-70.2196212745098,-70.0,26.024509803921568,28.0,131.33891416666663,128.19146387281518,0,0,98.11934478015327,98.11934478015327,95.76797951632209
413,2020-03-03T21:21:06,2020-03-03T22:38:29,581,39.2,97.6,58.39999999999999,73.92385604583335,126.58194528396122,77.38333129882812,130.02,43.25,133.21721311475412,-57.28847502581756,-14.30002,30.229776247848537,32.0,126.58194528396122,128.19146387281518,0,0,94.56555668260333,94.56555668260333,95.76797951632209
414,2020-03-05T05:50:06,2020-03-05T07:19:30,671,29.6,97.6,68.0,84.69315003333334,124.5487500490196,89.4000015258789,128.69,42.78,131.8545081967213,-56.82295830104322,-20.0,21.049180327868854,23.0,124.5487500490196,128.19146387281518,0,0,93.04661779439657,93.04661779439657,95.76797951632209
415,2020-03-05T14:22:59,2020-03-05T15:23:25,454,69.6,97.6,28.0,36.59772853888889,130.7061733531746,60.43333435058594,128.72,42.79,131.88524590163934,-36.31938951541851,-19.89999,22.16850220264317,23.0,130.7061733531746,128.23444442337797,0,0,97.64664318649828,97.64664318649828,95.80008899039738
416,2020-03-06T00:28:27,2020-03-06T01:00:21,240,40.4,69.2,28.800000000000004,36.89632921666667,128.11225422453705,31.899999618530273,92.17,30.66,133.1936416184971,-69.39749225000001,-69.30002,24.7875,27.0,128.11225422453705,128.19146387281518,0,0,95.70880437513391,95.70880437513391,95.76797951632209
417,2020-03-06T01:04:13,2020-03-06T01:27:50,178,68.8,88.4,19.60000000000001,25.407781402777783,129.63153776927433,23.616666793823242,117.7,39.15,133.1447963800905,-64.50843617977529,-46.0,26.73314606741573,28.0,129.63153776927433,128.23444442337797,0,0,96.84381532669181,96.84381532669181,95.80008899039738
418,2020-03-06T01:41:03,2020-03-06T02:06:23,191,87.6,97.6,10.0,11.834114044444444,118.34114044444443,25.33333396911621,130.0,43.24,133.19672131147541,-28.037703298429317,-13.5,27.0,28.0,118.34114044444443,128.23444442337797,0,0,88.40909972965163,88.40909972965163,95.80008899039738
419,2020-03-06T14:05:36,2020-03-06T14:55:30,375,61.2,97.6,36.39999999999999,46.670536363888885,128.21575924145301,49.900001525878906,129.98,43.24,133.1762295081967,-56.07867696,-14.60001,24.862666666666666,26.0,128.21575924145301,128.21981718067855,0,0,95.7861298540728,95.7861298540728,95.78916141817925
420,2020-03-06T23:10:36,2020-03-07T00:08:54,438,54.8,97.6,42.8,55.567477669444436,129.83055530244027,58.29999923706055,129.96,43.23,133.15573770491804,-57.152745319634704,-14.39999,27.20205479452055,29.0,129.83055530244027,128.21981718067855,0,0,96.99249532818189,96.99249532818189,95.78916141817925
421,2020-03-10T20:28:41,2020-03-10T20:42:42,106,18.4,25.6,7.200000000000003,9.160359795000002,127.22721937499998,14.016666412353516,33.89,11.27,132.3828125,-39.0565981509434,-4.899994,24.85377358490566,26.0,127.22721937499998,128.18740593358962,0,0,95.04762151021406,95.04762151021406,95.76494795221564
422,2020-03-10T20:57:55,2020-03-10T23:05:28,957,32.4,98.0,65.6,82.48594373027778,125.74076788152102,127.55000305175781,130.51,43.41,133.1734693877551,-38.76979460606061,-5.0,28.804597701149426,31.0,125.74076788152102,128.18740593358962,0,0,93.93713839473348,93.93713839473348,95.76494795221564
423,2020-03-13T02:00:38,2020-03-13T04:59:45,1345,22.8,97.6,74.8,92.46598620833335,123.61762862076651,179.11666870117188,129.98,43.24,133.1762295081967,-30.970185910780668,-5.0,26.56171003717472,28.0,123.61762862076651,128.13565342513164,0,0,92.35100503537058,92.35100503537058,95.72628521274619
424,2020-03-13T18:10:50,2020-03-13T19:23:25,545,35.6,97.6,61.99999999999999,78.50877955555556,126.62706379928319,72.58333587646484,129.98,43.24,133.1762295081967,-64.85706570642202,-14.10001,30.13577981651376,32.0,126.62706379928319,128.057119230063,0,0,94.59926336572109,94.59926336572109,95.66761468229552
425,2020-03-14T23:58:14,2020-03-15T01:24:26,647,45.2,97.6,52.39999999999999,67.11442532916668,128.08096436863872,86.19999694824219,129.98,43.24,133.1762295081967,-46.69058755795982,-13.70001,25.435085007727974,27.0,128.08096436863872,128.04147430211384,0,0,95.68542866673484,95.68542866673484,95.655926828096
426,2020-03-16T22:03:00,2020-03-17T00:22:01,1043,8.400001,90.8,82.399999,104.48643983611109,126.80393337882334,139.01666259765625,120.95,40.23,133.204845814978,-45.09329859060402,-38.10001,29.712368168744007,33.0,126.80393337882334,128.04147430211384,0,0,94.73139729850205,94.73139729850205,95.655926828096
427,2020-03-17T00:31:42,2020-03-17T00:48:06,124,90.4,97.6,7.199999999999989,9.231334355555555,128.21297716049403,16.399999618530273,129.96,43.23,133.15573770491804,-33.702423064516125,-13.80002,31.60483870967742,33.0,128.21297716049403,128.09660929658787,0,0,95.78405144522839,95.78405144522839,95.69711652093437
428,2020-03-18T19:51:31,2020-03-18T20:15:32,181,40.4,62.8,22.4,28.21147141111111,125.94406879960317,24.016666412353516,83.57,27.8,133.0732484076433,-70.47955596685084,-70.39999,25.193370165745858,27.0,125.94406879960317,128.04147430211384,0,0,94.08901838401152,94.08901838401152,95.655926828096
429,2020-03-18T20:17:00,2020-03-18T21:05:42,366,62.4,97.6,35.199999999999996,44.868018623611114,127.46596199889522,48.70000076293945,129.96,43.23,133.15573770491804,-55.24153590163935,-14.30002,27.84153005464481,29.0,127.46596199889522,128.04147430211384,0,0,95.22597892984346,95.22597892984346,95.655926828096
430,2020-03-19T14:11:35,2020-03-19T15:05:29,406,60.4,97.6,37.199999999999996,47.32801226805556,127.2258394302569,53.900001525878906,129.74,43.14,132.93032786885246,-52.71453022167487,-19.5,24.45935960591133,26.0,127.2258394302569,128.04147430211384,0,0,95.04659059508214,95.04659059508214,95.655926828096
431,2020-03-19T22:00:49,2020-03-19T22:52:21,387,60.0,97.6,37.599999999999994,48.17980496944444,128.13777917405437,51.53333282470703,129.96,43.23,133.15573770491804,-56.05891405684755,-13.60001,25.350129198966407,27.0,128.13777917405437,128.09660929658787,0,0,95.72787329570535,95.72787329570535,95.69711652093437
432,2020-03-20T02:50:52,2020-03-20T03:34:30,328,67.6,97.6,30.0,38.15037880416667,127.16792934722224,43.63333511352539,130.0,43.24,133.19672131147541,-52.4365905792683,-13.70001,25.775914634146343,27.0,127.16792934722224,128.04147430211384,0,0,95.00332771720944,95.00332771720944,95.655926828096
433,2020-03-20T16:32:05,2020-03-20T17:47:52,569,36.8,97.6,60.8,76.984587925,126.61938803453948,75.78333282470703,129.96,43.23,133.15573770491804,-60.91300889279437,-13.89999,28.101054481546573,31.0,126.61938803453948,127.97050896964635,0,0,94.59352903319582,94.59352903319582,95.60291076680147
434,2020-03-21T10:45:00,2020-03-21T14:44:43,1800,14.0,98.0,84.0,104.246456475,124.102924375,239.71665954589844,130.5,43.41,133.16326530612244,-26.08517662777778,0.0,27.215833333333332,30.0,124.102924375,127.92100406369323,0,0,92.71355486861766,92.71355486861766,95.56592714343027
435,2020-03-22T03:44:30,2020-03-22T05:17:53,701,28.8,85.2,56.400000000000006,70.34823784166669,124.73091815898347,93.38333129882812,113.43,37.73,133.1338028169014,-45.199011469329534,-44.30002,27.859486447931527,30.0,124.73091815898347,127.8251570722031,0,0,93.182710099582,93.182710099582,95.49432274450683
436,2020-03-22T23:17:48,2020-03-23T01:00:16,769,38.4,97.6,59.199999999999996,75.49588768749999,127.5268373099662,102.46666717529297,127.34,42.36,130.47131147540983,-44.18752368010402,-14.0,29.801690507152145,32.0,127.5268373099662,127.64619550374407,0,0,95.27145704022278,95.27145704022278,95.3606259498482
437,2020-03-23T03:40:05,2020-03-23T04:19:03,293,84.8,97.6,12.799999999999997,16.821615638888886,131.41887217881944,38.96666717529297,127.34,42.36,130.47131147540983,-25.89249846416382,-20.80002,29.986348122866893,31.0,131.41887217881944,127.72401285522372,0,0,98.17907900143975,98.17907900143975,95.41876094805613
438,2020-03-23T18:33:12,2020-03-23T19:56:12,623,26.0,76.4,50.400000000000006,62.52723611111112,124.06197641093476,83.0,99.59,33.13,130.35340314136127,-45.200491589085075,-45.20001,34.15890850722312,36.0,124.06197641093476,127.53594429836545,0,0,92.68296387866123,92.68296387866123,95.27826059681014
439,2020-03-24T03:53:02,2020-03-24T06:18:35,1092,21.6,97.6,76.0,96.49543069766668,126.96767197061405,145.5500030517578,127.36,42.37,130.49180327868854,-39.76025074716117,-0.3999939,32.31730769230769,35.0,126.96767197061405,127.53594429836545,0,0,94.85372146604725,94.85372146604725,95.27826059681014
440,2020-03-25T07:22:15,2020-03-25T09:31:32,970,29.2,98.0,68.8,85.7378221588889,124.61892755652458,129.28334045410156,127.83,42.52,130.4387755102041,-39.77257214226805,-4.800018,29.784020618556703,32.0,124.61892755652458,127.53594429836545,0,0,93.09904529540327,93.09904529540327,95.27826059681014
441,2020-03-26T01:29:53,2020-03-26T03:31:10,910,28.4,97.6,69.19999999999999,86.12512386611111,124.45827148281955,121.28333282470703,127.36,42.37,130.49180327868854,-42.58506126593407,-6.200012,31.25769230769231,33.0,124.45827148281955,127.49639965443072,0,0,92.97902398422595,92.97902398422595,95.24871798503312
442,2020-03-26T15:03:19,2020-03-26T15:44:01,306,55.6,91.6,35.99999999999999,44.81098115,124.47494763888892,40.70000076293945,119.55,39.76,130.51310043668124,-66.03824843137257,-44.60001,30.21732026143791,32.0,124.47494763888892,127.49639965443072,0,0,92.99148223787728,92.99148223787728,95.24871798503312
443,2020-03-28T15:37:12,2020-03-28T17:12:16,715,17.6,97.6,80.0,101.17407909166668,126.46759886458335,95.06666564941406,125.58,41.77,128.66803278688525,-63.841964111888124,-13.60001,27.08251748251748,30.0,126.46759886458335,127.4026254651112,0,0,94.4801319185987,94.4801319185987,95.17866211414596
444,2020-03-29T05:08:03,2020-03-29T06:04:29,424,71.2,97.6,26.39999999999999,33.41993889666667,126.59067763888895,56.43333435058594,124.37,41.34,127.4282786885246,-35.47405072641509,-4.899994,22.982311320754718,24.0,126.59067763888895,127.4026254651112,0,0,94.57208036181397,94.57208036181397,95.17866211414596
445,2020-03-29T17:26:49,2020-03-29T19:20:45,855,38.0,97.6,59.599999999999994,74.67477897999999,125.29325332214763,113.93333435058594,125.62,41.78,128.70901639344262,-39.29005911812865,-5.0,24.55029239766082,27.0,125.29325332214763,127.28325415316357,0,0,93.60281375360256,93.60281375360256,95.08948340433125
446,2020-03-30T05:37:28,2020-03-30T07:09:48,693,17.2,97.6,80.39999999999999,99.63034291666668,123.91833696102822,92.33333587646484,125.59,41.78,128.67827868852459,-64.70996294372294,-13.70001,24.564213564213564,28.0,123.91833696102822,127.22652940262844,0,0,92.57565517431541,92.57565517431541,95.0471060526481
447,2020-03-30T19:33:38,2020-03-30T21:31:35,886,16.4,94.8,78.4,97.6715948375,124.58111586415815,117.94999694824219,122.0,40.58,128.69198312236287,-49.68262435665914,-45.20001,23.024830699774267,26.0,124.58111586415815,127.19688438873956,0,0,93.07079731951919,93.07079731951919,95.0249591561458
448,2020-03-31T11:22:17,2020-03-31T12:31:08,517,38.0,95.2,57.2,71.01658578055556,124.15487024572649,68.8499984741211,121.3,40.32,127.41596638655462,-61.85396735009672,-18.70001,21.110251450676984,23.0,124.15487024572649,127.19688438873956,0,0,92.7523620632108,92.7523620632108,95.0249591561458
449,2020-04-01T00:54:08,2020-04-01T03:01:58,959,17.6,97.6,80.0,99.88002600972222,124.85003251215277,127.83333587646484,125.35,41.68,128.43237704918033,-46.86861883211679,-19.0,22.38946819603754,26.0,124.85003251215277,127.15610807953121,0,0,93.27169684323707,93.27169684323707,94.99449640435998
450,2020-04-01T06:56:52,2020-04-01T07:56:07,445,55.6,98.0,42.4,53.22017158055556,125.51927259564991,59.25,125.35,41.68,127.90816326530611,-53.852139820224714,0.0,24.410112359550563,26.0,125.51927259564991,127.05597939122711,0,0,93.7716659415808,93.7716659415808,94.91969327877888
451,2020-04-01T19:00:02,2020-04-01T20:31:41,688,30.4,84.4,54.00000000000001,66.41982548888889,122.9996768312757,91.6500015258789,107.92,35.88,127.86729857819904,-43.48256210755814,-41.0,23.53343023255814,26.0,122.9996768312757,126.92291444731683,0,0,91.8893518758689,91.8893518758689,94.82028446919244
452,2020-04-02T10:45:01,2020-04-02T12:18:08,701,20.8,97.6,76.8,95.28221301111111,124.06538152488426,93.11666870117188,125.59,41.78,128.67827868852459,-61.39187176890158,-13.39999,25.203994293865907,28.0,124.06538152488426,126.84104515142148,0,0,92.68550773667731,92.68550773667731,94.75912238541983
453,2020-04-03T07:32:47,2020-04-03T09:24:36,839,3.6,97.6,94.0,119.29611131111112,126.910756713948,111.81666564941406,125.58,41.77,128.66803278688525,-63.986300774731816,-13.60001,25.514898688915377,29.0,126.910756713948,126.84104515142148,0,0,94.81120179297471,94.81120179297471,94.75912238541983
454,2020-04-04T00:23:05,2020-04-04T02:50:56,1109,11.2,98.0,86.8,107.38746903333333,123.71828229646697,147.85000610351562,126.09,41.94,128.66326530612247,-43.56078544634806,0.0,24.073940486925157,28.0,123.71828229646697,126.71549858905327,0,0,92.4262003632146,92.4262003632146,94.66533033211157
455,2020-04-04T18:01:40,2020-04-04T20:01:45,901,24.8,97.6,72.8,89.89373441250001,123.48040441277475,120.08333587646484,123.01,40.92,126.03483606557378,-44.89400580466149,-6.5,25.654273029966703,28.0,123.48040441277475,126.62322591691134,0,0,92.2484889649313,92.2484889649313,94.59639619945845
456,2020-04-04T23:15:13,2020-04-04T23:57:23,317,82.0,97.6,15.599999999999994,19.561265165277778,125.39272541844734,42.16666793823242,122.95,40.9,125.97336065573771,-27.806626435331225,-10.30002,26.0,27.0,125.39272541844734,126.60503283671422,0,0,93.67712635908406,93.67712635908406,94.5828046975049
457,2020-04-05T20:30:23,2020-04-05T21:38:50,514,47.2,97.6,50.39999999999999,62.87690795972223,124.75576976135366,68.44999694824219,121.74,40.46,124.73360655737704,-55.089304163424124,-18.5,21.594357976653697,23.0,124.75576976135366,126.58631146142508,0,0,93.20127598279166,93.20127598279166,94.56881852220866
458,2020-04-07T14:03:10,2020-04-07T15:20:59,585,16.0,88.8,72.8,89.67349367777778,123.17787593101345,77.81666564941406,111.89,37.22,126.00225225225225,-69.12256993162393,-44.30002,25.26153846153846,29.0,123.17787593101345,126.52477207427228,0,0,92.02247905312339,92.02247905312339,94.52284430060101
459,2020-04-08T00:42:13,2020-04-08T02:43:30,910,24.0,97.6,73.6,90.83666504166668,123.4193818500906,121.28333282470703,122.98,40.91,126.00409836065575,-44.937581615384616,-44.39999,27.14945054945055,30.0,123.4193818500906,126.20583383209326,0,0,92.20290084730931,92.20290084730931,94.28457515130512
460,2020-04-08T12:15:19,2020-04-08T13:36:59,613,26.4,97.6,71.19999999999999,87.98887961111112,123.57988709425722,81.66666412353516,122.92,40.88,125.94262295081968,-64.63360862969006,-44.10001,30.536704730831975,33.0,123.57988709425722,125.84241834056209,0,0,92.32280947828384,92.32280947828384,94.01307838937251
461,2020-04-08T18:30:10,2020-04-08T19:36:53,501,60.8,98.0,37.2,46.12633986944445,123.9955372834528,66.71666717529297,123.43,41.06,125.94897959183675,-41.4830398003992,-39.60001,31.981037924151696,33.0,123.9955372834528,125.63002023858547,0,0,92.63332920871092,92.63332920871092,93.85440216815715
462,2020-04-09T15:44:01,2020-04-09T17:05:08,609,26.8,97.6,70.8,87.32703289027779,123.34326679417768,81.11666870117188,122.95,40.9,125.97336065573771,-64.5832550410509,-44.10001,33.3743842364532,36.0,123.34326679417768,125.45599900704863,0,0,92.14603758281937,92.14603758281937,93.72439615033244
463,2020-04-09T23:49:23,2020-04-10T00:42:05,396,54.0,97.6,43.599999999999994,54.77597806944444,125.63297722349644,52.70000076293945,122.95,40.9,125.97336065573771,-62.34621876262626,-44.70001,31.487373737373737,33.0,125.63297722349644,125.45599900704863,0,0,93.85661124247324,93.85661124247324,93.72439615033244
464,2020-04-10T17:56:23,2020-04-10T18:40:09,329,62.4,97.6,35.199999999999996,44.41660485277779,126.18353651357327,43.766666412353516,122.99,40.91,126.01434426229508,-60.88298917933132,-44.60001,30.87082066869301,32.0,126.18353651357327,125.57612490957317,0,0,94.26791749658476,94.26791749658476,93.81413859202702
465,2020-04-13T07:51:56,2020-04-13T09:03:43,539,43.6,97.6,53.99999999999999,67.16125418888889,124.37269294238685,71.78333282470703,121.72,40.46,124.71311475409836,-56.11150628942486,-18.89999,20.9721706864564,23.0,124.37269294238685,125.45599900704863,0,0,92.91509083564029,92.91509083564029,93.72439615033244
466,2020-04-13T17:22:56,2020-04-13T18:46:27,627,51.2,97.6,46.39999999999999,57.98253681944445,124.96236383500961,83.51667022705078,122.99,40.91,126.01434426229508,-41.655987352472096,-39.39999,28.106060606060606,29.0,124.96236383500961,125.34298937029749,0,0,93.35561618935725,93.35561618935725,93.63997005634332
467,2020-04-14T01:23:23,2020-04-14T02:12:29,369,58.8,97.6,38.8,48.67217489444445,125.44374972794964,49.099998474121094,122.99,40.91,126.01434426229508,-59.43009135501355,-13.10001,28.65989159891599,30.0,125.44374972794964,125.34298937029749,0,0,93.71524508305852,93.71524508305852,93.63997005634332
468,2020-04-15T14:13:57,2020-04-15T14:56:06,317,38.0,86.8,48.8,59.99472599166667,122.94001227800547,42.150001525878906,109.29,36.35,125.91013824884793,-85.40946911671924,-80.80002,28.389589905362776,31.0,122.94001227800547,125.34298937029749,0,0,91.84477828615543,91.84477828615543,93.63997005634332
469,2020-04-15T23:31:00,2020-04-16T00:25:58,413,30.4,79.2,48.800000000000004,59.49632383194445,121.91869637693534,54.96666717529297,99.75999,33.19,125.95958333333333,-64.86634859564165,0.0,31.423728813559322,34.0,121.91869637693534,125.12780857857862,0,0,91.08178395456392,91.08178395456392,93.4792149714799
472,2020-04-16T15:58:23,2020-04-16T17:06:34,512,21.2,89.2,68.0,83.13603380833334,122.25887324754902,68.18333435058594,112.34,37.36,125.94170403587444,-73.12988814453125,-44.10001,34.673828125,38.0,122.25887324754902,124.90619817358119,0,0,91.33591984312181,91.33591984312181,93.31365651629716
473,2020-04-17T00:49:43,2020-04-17T02:45:36,871,27.6,97.6,70.0,87.15468610277779,124.5066944325397,115.88333129882812,122.94,40.89,125.96311475409836,-45.1132132835821,-24.30002,32.666475315729045,35.0,124.5066944325397,124.8029011367532,0,0,93.01519931070105,93.01519931070105,93.23648641301436
474,2020-04-17T17:50:06,2020-04-17T19:36:58,802,23.2,88.8,65.6,80.32712892222222,122.449891649729,106.86666870117188,111.89,37.22,126.00225225225225,-45.09888780548628,-44.20001,32.93453865336658,35.0,122.449891649729,124.74334396016857,0,0,91.47862393491191,91.47862393491191,93.19199304118683
475,2020-04-18T01:14:30,2020-04-18T02:25:29,533,36.0,97.6,61.599999999999994,76.56105647777778,124.28742934704185,70.98332977294922,122.94,40.89,125.96311475409836,-64.69738585365855,-45.10001,33.651969981238274,36.0,124.28742934704185,124.74334396016857,0,0,92.85139297303853,92.85139297303853,93.19199304118683
479,2020-04-19T00:29:16,2020-04-19T01:53:43,634,24.0,97.6,73.6,91.21029603194445,123.92703265209845,84.44999694824219,122.92,40.88,125.94262295081968,-64.79306302839119,-44.10001,33.08359621451104,36.0,123.92703265209845,124.67492285775403,0,0,92.582151463063,92.582151463063,93.14087769749264
480,2020-04-19T22:39:14,2020-04-19T23:05:07,195,40.4,65.2,24.800000000000004,30.190681745833338,121.73661994287633,25.883333206176758,82.05,27.29,125.84355828220858,-69.98461810256411,-69.70001,30.797435897435896,33.0,121.73661994287633,124.60002171034137,0,0,90.94576013768427,90.94576013768427,93.08492130746123
481,2020-04-19T23:40:16,2020-04-20T00:23:06,322,64.4,97.6,33.19999999999999,41.50978076944445,125.02946014892909,42.83333206176758,122.99,40.91,126.01434426229508,-58.09534580745343,-13.20001,32.392857142857146,34.0,125.02946014892909,124.60002171034137,0,0,93.40574182349025,93.40574182349025,93.08492130746123
482,2020-04-20T12:24:54,2020-04-20T13:51:21,649,45.2,97.6,52.39999999999999,64.88583169722223,123.827923086302,86.44999694824219,122.99,40.91,126.01434426229508,-45.032520061633285,-44.30002,32.98151001540832,35.0,123.827923086302,124.54390514834893,0,0,92.50810969319537,92.50810969319537,93.04299831511011
483,2020-04-21T02:20:50,2020-04-21T04:53:48,1686,15.2,97.2,82.0,101.51922415472222,123.80393189600272,152.96665954589844,122.48,40.74,126.00823045267491,-39.85266439145907,-5.0,34.2508896797153,36.0,123.80393189600272,124.4908210357143,0,0,92.49018659791476,92.49018659791476,93.00334077428917
486,2020-04-21T16:37:16,2020-04-21T17:58:45,612,26.8,97.6,70.8,87.78060180138888,123.98390084941933,81.48332977294922,122.98,40.91,126.00409836065575,-64.6289249509804,-44.10001,37.599673202614376,40.0,123.98390084941933,124.46660956085424,0,0,92.62463597951691,92.62463597951691,92.9852531110516
487,2020-04-22T01:38:13,2020-04-22T02:57:20,594,28.4,97.6,69.19999999999999,85.74009594166668,123.90187274807327,79.11666870117188,122.99,40.91,126.01434426229508,-65.01213077441078,-44.5,36.55892255892256,39.0,123.90187274807327,124.4154822126032,0,0,92.56335525697781,92.56335525697781,92.94705740993311
491,2020-04-22T16:53:27,2020-04-22T17:12:34,133,30.4,42.0,11.600000000000001,14.319861152777777,123.44707890325668,19.116666793823242,52.81,17.56,125.73809523809526,-44.90300759398497,-31.89999,26.82330827067669,29.0,123.44707890325668,124.33006114471435,0,0,92.22359248105883,92.22359248105883,92.8832419043394
493,2020-04-22T18:16:49,2020-04-22T18:49:42,199,41.6,62.0,20.4,24.65319448611111,120.84899257897604,32.88333511352539,78.04,25.96,125.8709677419355,-44.96582924623116,-38.10001,27.7964824120603,30.0,120.84899257897604,124.22114979638417,0,0,90.28264048341097,90.28264048341097,92.80187751812466
494,2020-04-22T18:49:53,2020-04-22T19:17:33,167,62.0,78.8,16.799999999999997,20.75,123.51190476190477,27.66666603088379,99.32,33.04,126.04060913705584,-45.0,-45.0,28.91317365269461,30.0,123.51190476190477,124.12889731036324,0,0,92.27202192648039,92.27202192648039,92.73295846591424
495,2020-04-22T19:17:44,2020-04-22T19:44:24,161,78.8,94.8,16.0,19.86916448611111,124.18227803819444,26.66666603088379,119.48,39.74,126.03375527426161,-44.70558515527951,-44.39999,29.049689440993788,31.0,124.18227803819444,124.16857414196046,0,0,92.77283759900983,92.77283759900983,92.76259983111032
497,2020-04-23T01:59:15,2020-04-23T02:17:35,111,63.2,74.4,11.200000000000003,13.811253069444446,123.3147595486111,18.33333396911621,93.16,30.97,125.21505376344084,-45.20091099099097,-45.20001,24.40990990990991,26.0,123.3147595486111,124.11012588530537,0,0,92.12474067874317,92.12474067874317,92.71893489994406
499,2020-04-23T17:41:48,2020-04-23T17:58:28,101,28.4,34.4,6.0,7.139309569444444,118.98849282407407,16.66666603088379,42.78,14.21,124.36046511627909,-25.658430198019804,-17.0,22.5,23.0,118.98849282407407,124.06367896790951,0,0,88.89271718403783,88.89271718403783,92.68423580766927
500,2020-04-23T17:58:39,2020-04-23T18:24:29,156,34.4,43.6,9.200000000000003,11.078894555555554,120.42276690821251,25.83333396911621,54.47,18.11,124.93119266055045,-25.731423397435893,-25.70001,23.208333333333332,24.0,120.42276690821251,124.02875684719379,0,0,89.96422012940431,89.96422012940431,92.65814654368607
501,2020-04-23T18:24:40,2020-04-23T18:52:10,166,43.6,54.0,10.399999999999999,11.793061527777779,113.39482238247867,27.5,67.55,22.46,125.09259259259258,-25.730133493975902,-25.70001,24.16867469879518,25.0,113.39482238247867,123.98971906643607,0,0,84.7138545664516,84.7138545664516,92.62898259411392
502,2020-04-23T18:52:21,2020-04-23T19:24:21,193,54.0,65.6,11.599999999999994,13.717784222222221,118.25676053639852,32.0,82.38,27.39,125.57926829268294,-25.720737461139894,-25.70001,24.5,25.0,118.25676053639852,123.95546675075889,0,0,88.34606204320046,88.34606204320046,92.60339372128996
503,2020-04-23T19:24:32,2020-04-23T19:57:52,201,65.6,77.2,11.600000000000009,14.301813513888886,123.29149580938686,33.33333206176758,97.05,32.27,125.71243523316062,-25.743297910447758,-25.70001,24.597014925373134,26.0,123.29149580938686,123.92268480656332,0,0,92.10736104023846,92.10736104023846,92.57890331868921
504,2020-04-23T19:58:03,2020-04-23T20:29:13,188,77.2,88.0,10.799999999999997,13.371812958333333,123.81308294753089,31.16666603088379,110.63,36.79,125.71590909090908,-25.74256744680851,-25.70001,25.0,26.0,123.81308294753089,123.91010485455075,0,0,92.49702307273785,92.49702307273785,92.56950521564661
505,2020-04-23T20:29:24,2020-04-23T20:59:04,179,88.0,98.0,10.0,12.559866541666667,125.59866541666666,29.66666603088379,123.19,40.96,125.70408163265306,-25.331854525139665,0.0,25.08659217877095,26.0,125.59866541666666,123.91010485455075,0,0,93.83097792560197,93.83097792560197,92.56950521564661
506,2020-04-24T15:12:45,2020-04-24T15:33:45,127,31.2,51.6,20.400000000000002,24.512640138888894,120.1600006808279,21.0,64.17,21.33,124.36046511627907,-70.03622401574806,-69.80002,21.283464566929133,24.0,120.1600006808279,123.86489791718763,0,0,89.76791539957678,89.76791539957678,92.53573247508659
507,2020-04-24T15:33:56,2020-04-24T15:54:40,126,51.6,71.6,19.999999999999993,24.193542854166665,120.96771427083337,20.733333587646484,89.75999,29.84,125.36311452513968,-70.01270174603174,-69.80002,23.83730158730159,25.0,120.96771427083337,123.82050301691643,0,0,90.37133388163299,90.37133388163299,92.5025663829666
508,2020-04-24T15:54:51,2020-04-24T16:24:21,178,71.6,94.8,23.200000000000003,28.702085972222225,123.71588781130268,29.5,119.21,39.64,125.74894514767932,-58.37135370786517,-44.20001,25.426966292134832,27.0,123.71588781130268,123.8085074217668,0,0,92.42441151550793,92.42441151550793,92.4936048353263
512,2020-04-24T21:48:21,2020-04-24T22:16:51,172,75.6,95.6,20.0,24.519308555555554,122.59654277777777,28.5,120.18,39.96,125.71129707112972,-51.577331918604656,-18.5,24.99418604651163,26.0,122.59654277777777,123.76110709623484,0,0,91.58818257323867,91.58818257323867,92.45819348056469
514,2020-04-25T08:32:23,2020-04-25T09:50:26,586,52.0,97.6,45.599999999999994,57.452796097222226,125.99297389741717,78.05000305175781,122.68,40.8,125.69672131147541,-44.124928754266215,-18.80002,23.41638225255973,25.0,125.99297389741717,123.76110709623484,0,0,94.12555390879766,94.12555390879766,92.45819348056469
515,2020-04-26T17:09:17,2020-04-26T17:39:27,182,34.4,55.2,20.800000000000004,24.979866152777785,120.09551034989317,30.16666603088379,69.49,23.12,125.88768115942027,-49.66759247252746,-43.80002,26.71153846153846,29.0,120.09551034989317,123.71708505388483,0,0,89.7197366167985,89.7197366167985,92.42530593936127
516,2020-04-26T17:39:38,2020-04-26T18:08:28,174,55.2,74.8,19.599999999999994,23.883615916666667,121.85518324829935,28.83333396911621,94.2,31.33,125.93582887700535,-49.70000999999999,-49.70001,28.727011494252874,30.0,121.85518324829935,123.64788745277994,0,0,91.0343352101743,91.0343352101743,92.37361049689588
517,2020-04-26T18:08:39,2020-04-26T18:37:19,173,74.8,93.6,18.799999999999997,23.178060333333335,123.28755496453903,28.66666603088379,117.88,39.21,125.94017094017094,-48.5029001734104,-44.10001,29.54913294797688,31.0,123.28755496453903,123.545895928081,0,0,92.10441695381286,92.10441695381286,92.29741570238212
522,2020-04-27T00:21:24,2020-04-27T00:50:44,177,56.4,82.4,26.000000000000007,31.757363430555557,122.14370550213673,29.33333396911621,103.75,34.51,125.91019417475727,-64.95819689265537,-64.70001,32.21186440677966,34.0,122.14370550213673,123.545895928081,0,0,91.24988149118812,91.24988149118812,92.29741570238212
523,2020-04-27T00:50:55,2020-04-27T01:14:25,142,82.4,98.0,15.599999999999994,19.505419125000003,125.0347379807693,23.5,123.43,41.06,125.94897959183675,-49.678879436619724,0.0,33.0,34.0,125.0347379807693,123.545895928081,0,0,93.40968473260675,93.40968473260675,92.29741570238212
525,2020-04-27T15:44:26,2020-04-27T16:13:56,178,28.0,48.4,20.4,24.580971986111113,120.49496071623095,29.5,60.83,20.24,125.68181818181819,-49.994943314606736,-49.89999,34.056179775280896,36.0,120.49496071623095,123.49615458733976,0,0,90.01815394776195,90.01815394776195,92.26025544570584
526,2020-04-27T16:14:07,2020-04-27T16:45:17,188,48.4,70.0,21.6,25.948053138888888,120.1298756430041,31.16666603088379,88.07,29.29,125.81428571428572,-49.95371877659574,-49.89999,36.08510638297872,37.0,120.1298756430041,123.46374165801572,0,0,89.74540989165854,89.74540989165854,92.23604072299506
530,2020-04-27T22:58:26,2020-04-27T23:30:16,192,44.8,66.4,21.60000000000001,26.533056083333335,122.83822260802465,31.83333396911621,83.6,27.81,125.90361445783131,-50.009896822916666,-50.0,34.072916666666664,36.0,122.83822260802465,123.43323037667363,0,0,91.76873429121855,91.76873429121855,92.21324666418407
531,2020-04-27T23:30:27,2020-04-28T00:00:37,182,66.4,86.8,20.39999999999999,25.154168194444445,123.30474605119832,30.16666603088379,109.35,36.37,125.97926267281106,-50.030222802197805,-50.0,34.5,36.0,123.30474605119832,123.38132432213413,0,0,92.11725989659013,92.11725989659013,92.17446921506433
532,2020-04-28T00:00:48,2020-04-28T00:19:18,112,86.8,98.0,11.200000000000003,14.121525833333337,126.08505208333332,18.5,123.44,41.06,125.95918367346938,-45.812493749999994,-44.39999,34.5,36.0,126.08505208333332,123.38132432213413,0,0,94.19434274665247,94.19434274665247,92.17446921506433
533,2020-04-28T17:57:51,2020-04-28T18:19:51,133,19.6,33.2,13.600000000000001,16.575839722222224,121.88117442810457,22.0,41.68,13.86,125.54216867469879,-45.136107518797,-26.39999,35.19924812030075,36.0,121.88117442810457,123.38132432213413,0,0,91.05375243734368,91.05375243734368,92.17446921506433
536,2020-04-28T18:51:33,2020-04-28T19:19:43,170,46.4,63.6,17.200000000000003,21.218893583333337,123.36566036821705,28.16666603088379,80.04,26.62,125.84905660377359,-45.200010000000006,-45.20001,37.61176470588235,39.0,123.36566036821705,123.35446358119736,0,0,92.16276714713754,92.16276714713754,92.15440236497847
537,2020-04-28T19:19:54,2020-04-28T19:51:44,192,64.0,83.2,19.200000000000003,23.981394222222224,124.9030949074074,31.83333396911621,104.75,34.85,125.90144230769229,-45.200530885416676,-45.20001,38.0,39.0,124.9030949074074,123.35446358119736,0,0,93.3113381596579,93.3113381596579,92.15440236497847
539,2020-04-29T06:48:00,2020-04-29T07:21:00,199,21.2,53.2,32.0,38.775,121.171875,33.0,66.93,22.26,125.80827067669173,-70.5,-70.5,29.917085427135678,33.0,121.171875,123.3290131713944,0,0,90.52385620986122,90.52385620986122,92.13538913078128
540,2020-04-29T07:21:11,2020-04-29T07:46:51,155,53.2,78.0,24.799999999999997,30.158055527777776,121.60506261200717,25.66666603088379,98.31,32.71,126.03846153846153,-70.49935477419355,-70.39999,32.92903225806452,35.0,121.60506261200717,123.30975279990471,0,0,90.84747762036784,90.84747762036784,92.12100028766665
541,2020-04-29T07:47:02,2020-04-29T08:14:12,164,78.4,97.6,19.19999999999999,24.776108513888886,129.04223184317135,27.16666603088379,123.02,40.92,126.04508196721311,-54.738408902439026,-44.89999,34.0,35.0,129.04223184317135,123.30975279990471,0,0,96.40356262846323,96.40356262846323,92.12100028766665
542,2020-04-29T20:41:14,2020-04-29T21:12:54,191,46.0,75.6,29.599999999999994,36.90958206944444,124.69453401839341,31.66666603088379,95.18999,31.66,125.9126851851852,-69.9340290052356,-69.80002,34.62041884816754,36.0,124.69453401839341,123.30975279990471,0,0,93.15552860460973,93.15552860460973,92.12100028766665
543,2020-04-29T21:13:05,2020-04-29T21:42:45,179,76.0,97.6,21.599999999999994,27.643889625000003,127.98097048611116,29.66666603088379,123.01,40.92,126.03483606557378,-55.915643966480445,-44.20001,35.944134078212294,37.0,127.98097048611116,123.30975279990471,0,0,95.61072625048692,95.61072625048692,92.12100028766665
545,2020-04-30T12:45:13,2020-04-30T13:17:03,192,58.0,77.2,19.200000000000003,23.928060861111113,124.6253169849537,31.83333396911621,97.27,32.35,125.99740932642486,-45.10001,-45.10001,33.239583333333336,34.0,124.6253169849537,123.30975279990471,0,0,93.10381864483259,93.10381864483259,92.12100028766665
546,2020-04-30T13:17:14,2020-04-30T13:47:44,184,77.2,95.6,18.39999999999999,22.83667026388889,124.11233839070056,30.5,120.42,40.06,125.96234309623432,-44.923920108695654,-44.5,33.8125,35.0,124.11233839070056,123.30975279990471,0,0,92.72058779604933,92.72058779604933,92.12100028766665
549,2020-04-30T22:45:48,2020-04-30T23:19:48,205,33.2,65.6,32.39999999999999,39.60694358333334,122.24365303497949,34.0,82.57,27.47,125.8689024390244,-69.89463258536585,-69.70001,35.81219512195122,38.0,122.24365303497949,123.30975279990471,0,0,91.3245492809833,91.3245492809833,92.12100028766665
550,2020-04-30T23:19:59,2020-04-30T23:45:39,155,66.0,89.2,23.200000000000003,29.21722323611111,125.93630705220303,25.66666603088379,112.38,37.38,125.98654708520179,-68.22709922580644,-44.20001,37.25806451612903,39.0,125.93630705220303,123.34020995841408,0,0,94.08321981643479,94.08321981643479,92.14375391294035
553,2020-05-01T12:56:19,2020-05-01T13:31:29,212,55.6,88.8,33.199999999999996,40.86431425000001,123.0852838855422,35.16666793823242,111.93,37.23,126.0472972972973,-69.6655808490566,-45.20001,32.93632075471698,34.0,123.0852838855422,123.34020995841408,0,0,91.9533063262805,91.9533063262805,92.14375391294035
555,2020-05-01T17:37:28,2020-05-01T18:07:38,182,57.2,85.6,28.39999999999999,35.307923236111115,124.32367336658847,30.16666603088379,107.85,35.88,125.9929906542056,-70.22583725274725,-70.10001,36.574175824175825,38.0,124.32367336658847,123.34020995841408,0,0,92.8784697878019,92.8784697878019,92.14375391294035
556,2020-05-01T18:07:49,2020-05-01T18:26:59,116,86.0,98.0,12.0,14.990279166666667,124.91899305555556,19.16666603088379,123.43,41.06,125.94897959183675,-46.88276301724138,-13.5,37.03448275862069,38.0,124.91899305555556,123.40636963573687,0,0,93.32321518703712,93.32321518703712,92.19317981409819
558,2020-05-02T02:31:09,2020-05-02T02:56:29,153,64.0,88.0,24.0,29.548888222222224,123.1203675925926,25.33333396911621,110.99,36.92,126.125,-69.98431215686276,-69.89999,34.36601307189542,36.0,123.1203675925926,123.34020995841408,0,0,91.97951630654482,91.97951630654482,92.14375391294035
559,2020-05-02T02:56:40,2020-05-02T03:13:10,100,88.4,97.6,9.199999999999989,12.25041536111111,133.15668870772961,16.5,122.92,40.88,125.94262295081968,-44.6729954,-44.30002,34.885,36.0,133.15668870772961,123.34020995841408,0,0,99.47734935982271,99.47734935982271,92.14375391294035
561,2020-05-02T14:58:01,2020-05-02T15:29:11,188,40.0,70.4,30.400000000000006,36.71278297222223,120.76573346125731,31.16666603088379,88.58,29.46,125.82386363636363,-70.67713765957448,-70.60001,36.055851063829785,38.0,120.76573346125731,123.34020995841408,0,0,90.22044010563741,90.22044010563741,92.14375391294035
562,2020-05-02T15:29:22,2020-05-02T16:02:22,199,70.4,96.4,26.0,32.900840333333335,126.54169358974359,33.0,121.49,40.41,126.02697095435683,-59.80905793969849,-44.70001,37.753768844221106,39.0,126.54169358974359,123.34020995841408,0,0,94.53548585486745,94.53548585486745,92.14375391294035
565,2020-05-02T20:45:48,2020-05-02T21:07:03,129,71.2,90.4,19.200000000000003,23.732568298611113,123.60712655526619,21.25,113.91,37.89,126.00663716814158,-66.94418286821704,-44.30002,37.0,38.0,123.60712655526619,123.34020995841408,0,0,92.34315925872266,92.34315925872266,92.14375391294035
570,2020-05-03T18:19:43,2020-05-03T18:47:53,170,35.6,62.8,27.199999999999996,32.82430209722222,120.6775812397876,28.16666603088379,79.03,26.29,125.84394904458598,-69.92175735294117,-69.80002,38.811764705882354,41.0,120.6775812397876,123.30975279990471,0,0,90.15458423750874,90.15458423750874,92.12100028766665
571,2020-05-03T18:48:04,2020-05-03T19:13:34,154,62.8,86.8,24.0,29.711108333333332,123.79628472222223,25.5,109.41,36.39,126.04838709677419,-69.908435,-69.80002,40.57142857142857,42.0,123.79628472222223,123.30975279990471,0,0,92.4844736248365,92.4844736248365,92.12100028766665
572,2020-05-03T19:13:45,2020-05-03T19:31:35,108,86.8,97.6,10.799999999999997,14.066668430555556,130.24692991255148,17.83333396911621,122.95,40.9,125.97336065573771,-47.41759851851852,-44.20001,41.0,42.0,130.24692991255148,123.30975279990471,0,0,97.30355625164407,97.30355625164407,92.12100028766665
573,2020-05-04T02:14:33,2020-05-04T02:43:23,174,41.2,68.8,27.599999999999994,33.854443027777776,122.66102546296297,28.83333396911621,86.59,28.8,125.8575581395349,-70.44827298850576,-70.30002,36.810344827586206,39.0,122.66102546296297,123.29812093029258,0,0,91.6363556441079,91.6363556441079,92.1123104684143
574,2020-05-04T02:43:34,2020-05-04T03:11:54,171,69.2,92.8,23.599999999999994,29.75333473611111,126.07345227165729,28.33333396911621,116.89,38.89,125.95905172413794,-62.97544157894736,-44.70001,38.37426900584796,40.0,126.07345227165729,123.30975279990471,0,0,94.18567687691807,94.18567687691807,92.12100028766665
577,2020-05-04T14:25:20,2020-05-04T14:55:00,179,16.0,44.4,28.4,35.11027825,123.62774031690142,29.66666603088379,55.92,18.6,125.94594594594595,-71.00949815642458,-70.89999,38.58379888268156,41.0,123.62774031690142,123.30975279990471,0,0,92.35855917882964,92.35855917882964,92.12100028766665
578,2020-05-04T14:55:11,2020-05-04T15:22:11,163,44.4,70.8,26.4,31.94194363888889,120.992210753367,27.0,89.18999,29.67,125.97456214689265,-70.98220680981596,-70.89999,41.828220858895705,43.0,120.992210753367,123.29812093029258,0,0,90.38963446551455,90.38963446551455,92.1123104684143
583,2020-05-05T02:45:13,2020-05-05T03:12:33,165,25.6,52.0,26.4,32.011257680555566,121.25476394149835,27.33333396911621,65.45,21.77,125.86538461538461,-70.26850169696968,-70.20001,37.11212121212121,40.0,121.25476394149835,123.28952538696294,0,0,90.58578004013607,90.58578004013607,92.10588899702566
584,2020-05-05T03:12:44,2020-05-05T03:44:04,189,52.0,81.6,29.599999999999994,36.691813958333334,123.95883094031535,31.33333396911621,102.8,34.19,125.98039215686275,-70.26086264550264,-70.20001,39.41005291005291,41.0,123.95883094031535,123.29812093029258,0,0,92.60590700592529,92.60590700592529,92.1123104684143
585,2020-05-05T03:44:15,2020-05-05T04:07:25,140,82.0,97.6,15.599999999999994,20.28028273611111,130.0018124109687,23.16666603088379,122.99,40.91,126.01434426229508,-52.560012857142866,-44.60001,39.80357142857143,41.0,130.0018124109687,123.33520320970769,0,0,97.12043635300589,97.12043635300589,92.14001352186384
586,2020-05-05T12:47:42,2020-05-05T13:13:22,155,38.4,62.8,24.4,29.861950152777784,122.38504160974502,25.66666603088379,79.09,26.31,125.93949044585987,-69.8084004516129,-69.70001,36.016129032258064,38.0,122.38504160974502,123.33520320970769,0,0,91.43017642434303,91.43017642434303,92.14001352186384
587,2020-05-05T13:13:33,2020-05-05T13:44:23,186,62.8,90.4,27.60000000000001,34.55209186111112,125.18873862721418,30.83333396911621,113.94,37.9,126.03982300884955,-67.18173693548388,-44.20001,38.075268817204304,40.0,125.18873862721418,123.48639346174161,0,0,93.52473397464416,93.52473397464416,92.2529632029301
589,2020-05-06T01:21:33,2020-05-06T01:46:23,150,34.4,58.0,23.6,28.932218333333335,122.59414548022599,24.83333396911621,72.99,24.27,125.84482758620689,-69.90332393333333,-69.80002,35.48,38.0,122.59414548022599,123.48639346174161,0,0,91.58639162448205,91.58639162448205,92.2529632029301
590,2020-05-06T01:46:34,2020-05-06T02:18:04,190,58.4,88.0,29.6,36.69999522222221,123.9864703453453,31.5,110.96,36.91,126.09090909090908,-69.9047277368421,-69.80002,37.507894736842104,39.0,123.9864703453453,123.48639346174161,0,0,92.62655557248958,92.62655557248958,92.2529632029301
591,2020-05-06T02:18:15,2020-05-06T02:34:55,101,88.0,97.6,9.599999999999994,12.495557236111116,130.1620545428242,16.66666603088379,122.98,40.91,126.00409836065575,-45.103966435643564,-44.30002,38.0,39.0,130.1620545428242,123.48639346174161,0,0,97.24014842070184,97.24014842070184,92.2529632029301
592,2020-05-06T18:53:21,2020-05-06T19:21:01,167,50.0,66.8,16.799999999999997,20.726664333333336,123.37300198412701,27.66666603088379,84.1,27.97,125.89820359281438,-44.949695568862275,-44.89999,36.33233532934132,37.0,123.37300198412701,123.4900642696966,0,0,92.16825184713893,92.16825184713893,92.2557055529308
593,2020-05-06T19:21:12,2020-05-06T19:48:32,165,66.8,83.2,16.400000000000006,20.45471769444444,124.72388838075874,27.33333396911621,104.82,34.87,125.9855769230769,-44.90059612121212,-44.89999,36.551515151515154,38.0,124.72388838075874,123.61743343608381,0,0,93.17745836411778,93.17745836411778,92.35085921877615
594,2020-05-06T19:48:43,2020-05-06T20:12:53,146,83.6,97.6,14.0,17.960557458333334,128.28969613095236,24.16666603088379,123.01,40.92,126.03483606557378,-44.591785547945214,-44.30002,37.0,38.0,128.28969613095236,123.61743343608381,0,0,95.84136587607578,95.84136587607578,92.35085921877615
595,2020-05-07T01:57:53,2020-05-07T02:14:43,102,52.0,69.2,17.200000000000003,21.169166666666666,123.07655038759687,16.83333396911621,87.1,28.98,125.86705202312137,-75.45392166666667,-75.20001,36.53431372549019,38.0,123.07655038759687,123.61743343608381,0,0,91.94678179315586,91.94678179315586,92.35085921877615
596,2020-05-07T02:14:54,2020-05-07T02:43:34,173,69.2,94.0,24.799999999999997,30.569724597222223,123.26501853718639,28.66666603088379,118.4,39.38,125.95744680851065,-63.96069861271677,-44.70001,37.690751445086704,39.0,123.26501853718639,123.4900642696966,0,0,92.08758066808936,92.08758066808936,92.2557055529308
598,2020-05-07T16:16:36,2020-05-07T16:33:36,103,20.0,36.4,16.4,20.117501694444446,122.66769325880762,17.0,45.71,15.2,125.57692307692308,-71.00194776699028,-70.80002,36.689320388349515,39.0,122.66769325880762,123.4900642696966,0,0,91.64133695344455,91.64133695344455,92.2557055529308
599,2020-05-07T16:33:47,2020-05-07T17:02:57,176,36.4,64.8,28.4,34.51249986111111,121.52288683489829,29.16666603088379,81.55,27.13,125.84876543209876,-70.99715880681818,-70.89999,39.22727272727273,41.0,121.52288683489829,123.4900642696966,0,0,90.78608657371663,90.78608657371663,92.2557055529308
601,2020-05-07T17:17:34,2020-05-07T17:43:54,159,78.8,98.0,19.200000000000003,24.078335027777776,125.40799493634256,26.33333396911621,123.44,41.06,125.95918367346938,-54.740255408805034,0.0,41.0,42.0,125.40799493634256,123.61743343608381,0,0,93.68853375574554,93.68853375574554,92.35085921877615
603,2020-05-08T02:18:52,2020-05-08T02:49:22,184,38.4,67.6,29.199999999999996,35.429727444444445,121.33468302891934,30.5,85.08,28.3,125.85798816568048,-69.69783635869565,-69.60001,37.69565217391305,40.0,121.33468302891934,123.61743343608381,0,0,90.64548518192844,90.64548518192844,92.35085921877615
604,2020-05-08T02:49:33,2020-05-08T03:18:33,175,67.6,92.4,24.80000000000001,30.75069836111112,123.99475145609317,29.0,116.35,38.71,125.91991341991341,-63.584579485714286,-44.20001,39.34571428571429,41.0,123.99475145609317,123.61743343608381,0,0,92.63274214077202,92.63274214077202,92.35085921877615
607,2020-05-08T12:59:03,2020-05-08T13:32:43,203,55.2,75.6,20.39999999999999,25.361950055555564,124.32328458605674,33.66666793823242,95.27,31.68,126.01851851851853,-45.199517389162565,-45.10001,35.926108374384235,37.0,124.32328458605674,123.71201251956182,0,0,92.87817934158284,92.87817934158284,92.42151640183306
608,2020-05-08T13:32:54,2020-05-08T13:57:54,151,76.0,90.8,14.799999999999997,18.824587375000007,127.19315793918926,25.0,114.43,38.06,126.02422907488989,-45.17683086092716,-44.5,36.47682119205298,37.0,127.19315793918926,123.87755783126879,0,0,95.02217523798602,95.02217523798602,92.54519031538089
611,2020-05-08T18:17:56,2020-05-08T18:46:36,173,74.0,96.0,22.0,27.634167375,125.60985170454546,28.66666603088379,120.93,40.22,125.96875000000001,-57.835261560693645,-44.20001,39.0,40.0,125.60985170454546,123.97265064283033,0,0,93.83933486416932,93.83933486416932,92.61623128920743
613,2020-05-09T11:41:43,2020-05-09T12:12:53,188,38.8,68.4,29.60000000000001,36.369306375,122.86927829391888,31.16666603088379,86.25,28.69,126.09649122807016,-70.01542707446808,-69.89999,37.023936170212764,39.0,122.86927829391888,123.97265064283033,0,0,91.79193505826443,91.79193505826443,92.61623128920743
614,2020-05-09T12:13:04,2020-05-09T12:44:44,191,68.8,94.4,25.60000000000001,32.20375008333333,125.7958987630208,31.66666603088379,118.96,39.57,126.01694915254235,-60.99790591623037,-44.30002,38.54188481675393,40.0,125.7958987630208,123.97265064283033,0,0,93.97832501489273,93.97832501489273,92.61623128920743
616,2020-05-09T19:40:30,2020-05-09T19:59:10,113,39.2,57.2,18.0,21.798196291666667,121.10109050925927,18.66666603088379,71.96,23.94,125.80419580419579,-70.06460761061948,-69.89999,38.69469026548673,41.0,121.10109050925927,123.97265064283033,0,0,90.47097524997096,90.47097524997096,92.61623128920743
617,2020-05-09T19:59:21,2020-05-09T20:29:21,181,57.2,85.6,28.39999999999999,34.99666633333334,123.22769835680757,30.0,107.77,35.85,125.89953271028037,-69.99336950276242,-69.89999,40.209944751381215,42.0,123.22769835680757,123.97265064283033,0,0,92.05969988599912,92.05969988599912,92.61623128920743
618,2020-05-09T20:29:32,2020-05-09T20:49:02,118,85.6,97.6,12.0,15.74361151388889,131.19676261574077,19.5,122.95,40.9,125.97336065573771,-48.51610288135593,-44.30002,40.63135593220339,42.0,131.19676261574077,123.97265064283033,0,0,98.013147640297,98.013147640297,92.61623128920743
620,2020-05-09T23:51:22,2020-05-10T00:08:32,104,86.8,97.6,10.799999999999997,13.463336374999999,124.66052199074076,17.16666603088379,122.97,40.9,125.9938524590164,-47.156741442307705,-44.60001,38.5,40.0,124.66052199074076,123.99061090071923,0,0,93.13011924372763,93.13011924372763,92.62964885663081
622,2020-05-10T11:20:50,2020-05-10T11:51:50,187,53.6,82.8,29.199999999999996,36.076950027777784,123.55119872526639,31.0,104.34,34.7,126.0144927536232,-69.82621406417113,-69.70001,37.10427807486631,39.0,123.55119872526639,123.99061090071923,0,0,92.30137726235567,92.30137726235567,92.62964885663081
623,2020-05-10T11:52:01,2020-05-10T12:14:11,134,83.2,97.6,14.399999999999991,18.80402901388889,130.58353481867294,22.16666603088379,122.98,40.91,126.00409836065575,-50.943286865671645,-43.89999,38.0,39.0,130.58353481867294,123.99061090071923,0,0,97.55502363317359,97.55502363317359,92.62964885663081
624,2020-05-11T00:22:11,2020-05-11T00:42:21,122,40.0,59.2,19.200000000000003,23.491667666666668,122.35243576388888,20.16666603088379,74.64,24.83,126.08108108108107,-69.89262598360656,-69.70001,32.217213114754095,34.0,122.35243576388888,123.97265064283033,0,0,91.4058175795048,91.4058175795048,92.61623128920743
625,2020-05-11T00:42:32,2020-05-11T01:09:42,164,59.6,85.2,25.6,31.620002666666664,123.51563541666665,27.16666603088379,107.27,35.68,125.9037558685446,-69.83537170731707,-69.60001,33.801829268292686,36.0,123.51563541666665,123.87755783126879,0,0,92.274808986227,92.274808986227,92.54519031538089
626,2020-05-11T01:09:53,2020-05-11T01:31:03,128,85.2,98.0,12.799999999999997,16.04833576388889,125.37762315538197,21.16666603088379,123.43,41.06,125.94897959183675,-45.45860062500001,-13.0,34.51171875,36.0,125.37762315538197,123.87755783126879,0,0,93.6658439134656,93.6658439134656,92.54519031538089
628,2020-05-11T06:56:47,2020-05-11T07:23:17,160,79.6,97.6,18.0,22.602363458333333,125.56868587962963,26.5,122.94,40.89,125.96311475409836,-51.1150053125,-13.0,33.5,35.0,125.56868587962963,123.87755783126879,0,0,93.80858111693678,93.80858111693678,92.54519031538089
629,2020-05-11T16:13:03,2020-05-11T16:35:03,133,27.2,48.0,20.8,25.611251680555554,123.13101769497861,22.0,60.42,20.1,125.87500000000001,-69.84962857142857,-69.70001,35.74812030075188,38.0,123.13101769497861,123.87755783126879,0,0,91.98747267708882,91.98747267708882,92.54519031538089
630,2020-05-11T16:35:14,2020-05-11T17:03:54,173,48.0,75.2,27.200000000000003,33.365557819444454,122.66749198325167,28.66666603088379,94.68,31.49,125.90425531914894,-69.83410884393064,-69.60001,38.384393063583815,40.0,122.66749198325167,123.71201251956182,0,0,91.64118658654228,91.64118658654228,92.42151640183306
632,2020-05-11T17:04:25,2020-05-11T17:32:15,168,76.0,96.4,20.400000000000006,26.313475333333336,128.98762418300652,27.83333396911621,121.5,40.42,126.03734439834024,-56.72619708333334,-44.0,39.74107142857143,41.0,128.98762418300652,123.87755783126879,0,0,96.36276689119568,96.36276689119568,92.54519031538089
636,2020-05-12T18:25:37,2020-05-12T18:52:07,160,28.4,46.4,18.0,22.130143305555556,122.94524058641976,26.5,58.34,19.4,125.73275862068967,-50.10626,-50.10001,33.11875,35.0,122.94524058641976,123.71201251956182,0,0,91.84868419781287,91.84868419781287,92.42151640183306
637,2020-05-12T18:52:18,2020-05-12T19:21:58,179,46.4,67.2,20.800000000000004,24.771671611111117,119.09457505341881,29.66666603088379,84.65,28.16,125.96726190476191,-50.10001,-50.10001,35.09497206703911,36.0,119.09457505341881,123.61743343608381,0,0,88.9719680207161,88.9719680207161,92.35085921877615
638,2020-05-12T19:22:09,2020-05-12T19:47:59,156,67.6,84.8,17.200000000000003,21.570837638888893,125.4118467377261,25.83333396911621,106.76,35.51,125.89622641509435,-50.10001,-50.10001,35.61217948717949,37.0,125.4118467377261,123.71201251956182,0,0,93.69141132048233,93.69141132048233,92.42151640183306
639,2020-05-12T19:48:10,2020-05-12T20:10:50,137,84.8,97.6,12.799999999999997,16.325001416666666,127.53907356770836,22.66666603088379,122.94,40.89,125.96311475409836,-43.13066072992701,-13.60001,36.018248175182485,37.0,127.53907356770836,123.71201251956182,0,0,95.28059837963342,95.28059837963342,92.42151640183306
641,2020-05-13T07:17:55,2020-05-13T07:46:45,174,48.4,76.0,27.6,33.701948972222226,122.1085107689211,28.83333396911621,95.74,31.85,125.9736842105263,-70.13104390804598,-70.0,33.30747126436781,35.0,122.1085107689211,123.71201251956182,0,0,91.22358856662161,91.22358856662161,92.42151640183306
642,2020-05-13T07:46:56,2020-05-13T08:16:56,181,76.0,97.6,21.599999999999994,27.555838333333337,127.573325617284,30.0,122.95,40.9,125.97336065573771,-55.03868403314918,-13.70001,34.60220994475138,36.0,127.573325617284,123.71201251956182,0,0,95.30618705366093,95.30618705366093,92.42151640183306
643,2020-05-13T20:02:19,2020-05-13T20:20:39,111,19.6,36.8,17.199999999999996,21.31556005555556,123.92767474160213,18.33333396911621,46.29,15.4,125.78804347826087,-69.76037495495494,-69.70001,32.252252252252255,34.0,123.92767474160213,123.86197973191219,0,0,92.58263114878137,92.58263114878137,92.53355238680894
644,2020-05-13T20:20:50,2020-05-13T20:54:10,201,36.8,68.8,32.0,38.74056300000001,121.06425937500002,33.33333206176758,86.6,28.81,125.87209302325581,-69.7328492039801,-69.60001,35.208955223880594,37.0,121.06425937500002,123.86197973191219,0,0,90.44345981949891,90.44345981949891,92.53355238680894
645,2020-05-13T20:54:21,2020-05-13T21:29:21,211,68.8,96.4,27.60000000000001,34.70625905555556,125.74731541867953,35.0,121.5,40.42,126.03734439834024,-59.48484966824645,-44.20001,36.99052132701422,38.0,125.74731541867953,123.94325284095873,0,0,93.9420298624298,93.9420298624298,92.59426907735333
648,2020-05-14T21:04:54,2020-05-14T21:35:24,184,34.8,64.4,29.60000000000001,35.719730500000004,120.67476520270267,30.5,81.09,26.97,125.91614906832298,-70.26849445652175,-70.20001,33.99184782608695,36.0,120.67476520270267,123.77770752925178,0,0,90.15248046106592,90.15248046106592,92.47059516380551
649,2020-05-14T21:35:35,2020-05-14T22:11:45,218,64.4,94.4,30.0,37.69806077777778,125.66020259259261,36.16666793823242,118.96,39.57,126.01694915254235,-62.51698114678899,-44.5,36.26146788990825,37.0,125.66020259259261,123.94325284095873,0,0,93.87695049526867,93.87695049526867,92.59426907735333
652,2020-05-15T17:41:07,2020-05-15T18:13:07,193,52.4,70.0,17.6,21.379587958333335,121.47493158143939,32.0,88.1,29.31,125.85714285714286,-40.08653715025907,-40.0,35.417098445595855,36.0,121.47493158143939,123.77770752925178,0,0,90.75026064902396,90.75026064902396,92.47059516380551
653,2020-05-15T18:13:18,2020-05-15T18:42:18,175,70.0,85.6,15.599999999999994,19.38028247222222,124.23257995014248,29.0,107.84,35.87,125.98130841121495,-40.09715257142857,-40.0,35.53142857142857,36.0,124.23257995014248,123.94325284095873,0,0,92.81041664154151,92.81041664154151,92.59426907735333
654,2020-05-15T18:42:29,2020-05-15T19:05:09,137,85.6,97.6,12.0,15.148059222222223,126.23382685185186,22.66666603088379,122.92,40.88,125.94262295081968,-40.09781992700729,-40.0,36.481751824817515,37.0,126.23382685185186,123.97265064283033,0,0,94.30548789277674,94.30548789277674,92.61623128920743
656,2020-05-16T20:16:23,2020-05-16T20:42:13,156,36.4,61.6,25.200000000000003,30.123056666666667,119.53593915343916,25.83333396911621,77.53,25.79,125.86038961038962,-69.96282314102564,-69.70001,35.592948717948715,38.0,119.53593915343916,123.97265064283033,0,0,89.30169783901295,89.30169783901295,92.61623128920743
657,2020-05-16T20:42:24,2020-05-16T21:12:04,179,61.6,88.8,27.199999999999996,33.98333405555556,124.93872814542486,29.66666603088379,111.9,37.22,126.01351351351352,-68.66480592178772,-44.0,37.53631284916201,39.0,124.93872814542486,123.99061090071923,0,0,93.33795867794719,93.33795867794719,92.62964885663081
660,2020-05-17T03:15:47,2020-05-17T03:48:37,198,48.8,80.0,31.200000000000003,38.84611044444444,124.50676424501421,32.83333206176758,100.71,33.5,125.88749999999999,-70.98787757575757,-70.89999,34.217171717171716,37.0,124.50676424501421,123.99061090071923,0,0,93.0152514654969,93.0152514654969,92.62964885663081
661,2020-05-17T03:48:48,2020-05-17T04:13:28,149,80.4,97.6,17.19999999999999,22.12972509722222,128.66119242571068,24.66666603088379,122.94,40.89,125.96311475409836,-53.857725100671146,-45.10001,35.47651006711409,37.0,128.66119242571068,124.11366570311782,0,0,96.11889956257853,96.11889956257853,92.72157939115677
663,2020-05-17T16:32:00,2020-05-17T17:01:00,175,62.0,77.6,15.599999999999994,19.333333333333332,123.93162393162397,29.0,97.73,32.51,125.94072164948456,-40.0,-40.0,34.5,35.0,123.93162393162397,123.99061090071923,0,0,92.58558146963497,92.58558146963497,92.62964885663081
664,2020-05-17T17:01:11,2020-05-17T17:28:21,164,78.0,92.4,14.400000000000006,18.11138891666667,125.7735341435185,27.16666603088379,116.37,38.71,125.94155844155844,-40.00060981707317,-40.0,35.07012195121951,36.0,125.7735341435185,124.11366570311782,0,0,93.96161708163663,93.96161708163663,92.72157939115677
665,2020-05-18T01:35:07,2020-05-18T01:59:27,147,17.2,30.0,12.8,15.758609205833332,123.11413442057291,24.33333396911621,37.68,12.53,125.60000000000001,-38.729247076190475,-0.2000122,31.166666666666668,33.0,123.11413442057291,124.11366570311782,0,0,91.97485969157007,91.97485969157007,92.72157939115677
666,2020-05-18T01:59:38,2020-05-18T02:24:38,151,30.0,43.6,13.600000000000001,16.649303819444444,122.42135161356208,25.0,54.82,18.24,125.73394495412845,-39.95827397350993,-39.89999,32.40397350993378,34.0,122.42135161356208,123.96318769385857,0,0,91.45730253396637,91.45730253396637,92.6091618052035
667,2020-05-18T02:24:49,2020-05-18T02:48:49,145,43.6,57.2,13.600000000000001,15.979442388888888,117.49589991830064,24.0,71.93,23.92,125.75174825174825,-39.948270689655175,-39.89999,33.69655172413793,35.0,117.49589991830064,123.96318769385857,0,0,87.77764600450799,87.77764600450799,92.6091618052035
668,2020-05-18T02:49:00,2020-05-18T03:16:50,168,57.2,72.4,15.200000000000003,18.53624806944444,121.9490004568713,27.83333396911621,91.15,30.32,125.8977900552486,-39.958329166666665,-39.89999,34.44345238095238,36.0,121.9490004568713,123.92964933661305,0,0,91.10442321944856,91.10442321944856,92.58410630920818
669,2020-05-18T03:17:01,2020-05-18T03:43:01,157,72.4,86.0,13.599999999999994,17.310692180555556,127.28450132761442,26.0,108.33,36.03,125.96511627906976,-39.94776547770701,-39.89999,34.894904458598724,36.0,127.28450132761442,123.92964933661305,0,0,95.09041513077896,95.09041513077896,92.58410630920818
670,2020-05-18T03:43:12,2020-05-18T04:05:12,133,86.4,97.6,11.199999999999989,14.645692347222223,130.7651102430557,22.0,123.02,40.92,126.04508196721311,-39.94285142857143,-39.89999,35.0,36.0,130.7651102430557,123.96318769385857,0,0,97.69067316082239,97.69067316082239,92.6091618052035
672,2020-05-18T14:19:56,2020-05-18T14:51:46,192,23.6,54.8,31.199999999999996,37.460698875000006,120.06634254807696,31.83333396911621,68.93999,22.93,125.80290145985403,-70.60625833333333,-70.5,34.9296875,38.0,120.06634254807696,123.96318769385857,0,0,89.69794623105454,89.69794623105454,92.6091618052035
673,2020-05-18T14:51:57,2020-05-18T15:22:27,184,54.8,84.0,29.200000000000003,35.91736625,123.00467893835615,30.5,105.85,35.21,126.01190476190476,-70.65707532608695,-70.5,38.20652173913044,40.0,123.00467893835615,123.96318769385857,0,0,91.89308879932656,91.89308879932656,92.6091618052035
675,2020-05-18T21:59:40,2020-05-18T22:21:40,133,40.4,54.0,13.600000000000001,16.574587125,121.87196415441176,22.0,67.97,22.61,125.87037037037037,-45.2037697744361,-45.20001,35.21052631578947,37.0,121.87196415441176,123.96318769385857,0,0,91.04687171942606,91.04687171942606,92.6091618052035
679,2020-05-18T23:01:54,2020-05-18T23:29:04,165,72.0,88.4,16.400000000000006,20.465560083333337,124.79000050813005,27.16666603088379,111.37,37.05,125.98416289592761,-45.20001000000001,-45.20001,35.5,37.0,124.79000050813005,123.96318769385857,0,0,93.22684874213982,93.22684874213982,92.6091618052035
682,2020-05-19T06:54:57,2020-05-19T07:20:07,152,54.4,64.0,9.600000000000001,11.80403026388889,122.95864858217593,25.16666603088379,80.55,26.79,125.859375,-28.141453289473684,-27.5,31.0,32.0,122.95864858217593,123.96318769385857,0,0,91.8587009073826,91.8587009073826,92.6091618052035
684,2020-05-19T07:20:58,2020-05-19T07:55:08,208,64.4,76.8,12.399999999999991,15.482501541666663,124.85888340053769,34.16666793823242,96.68,32.16,125.88541666666667,-27.189906682692314,-26.80002,31.0,32.0,124.85888340053769,124.08210194088323,0,0,93.27830907522147,93.27830907522147,92.69799905558824
685,2020-05-19T07:55:19,2020-05-19T08:22:59,167,76.8,86.8,10.0,12.266252583333332,122.6625258333333,27.66666603088379,109.3,36.36,125.92165898617512,-26.601801916167656,-26.39999,31.0,32.0,122.6625258333333,123.92964933661305,0,0,91.63747652559681,91.63747652559681,92.58410630920818
686,2020-05-19T08:23:10,2020-05-19T08:56:09,199,86.8,97.6,10.799999999999997,14.278686301388891,132.21005834619348,32.983333587646484,122.97,40.9,125.9938524590164,-25.974382261306538,-25.60001,31.37939698492462,33.0,132.21005834619348,123.92964933661305,0,0,98.77015034411394,98.77015034411394,92.58410630920818
688,2020-05-20T00:28:42,2020-05-20T00:56:42,169,26.8,35.2,8.400000000000002,10.5,124.99999999999997,28.0,44.18,14.69,125.51136363636363,-22.5,-22.5,31.846153846153847,33.0,124.99999999999997,123.92964933661305,0,0,93.38373303402831,93.38373303402831,92.58410630920818
689,2020-05-20T00:56:53,2020-05-20T01:27:33,185,35.2,44.8,9.599999999999994,11.500277805555557,119.79456047453712,30.66666603088379,56.3,18.73,125.66964285714286,-22.500540594594597,-22.5,32.67027027027027,34.0,119.79456047453712,123.92964933661305,0,0,89.49490603426351,89.49490603426351,92.58410630920818
690,2020-05-20T01:27:44,2020-05-20T01:58:24,185,44.8,54.8,10.0,11.5,115.0,30.66666603088379,68.92,22.92,125.76642335766425,-22.5,-22.5,33.454054054054055,35.0,115.0,123.73943673343426,0,0,85.91303439130607,85.91303439130607,92.44200420556852
693,2020-05-20T02:31:26,2020-05-20T03:05:06,203,57.6,67.6,9.999999999999993,12.625,126.2500000000001,33.66666793823242,85.1,28.31,125.88757396449705,-22.5,-22.5,33.5,34.0,126.2500000000001,123.92964933661305,0,0,94.31757036436869,94.31757036436869,92.58410630920818
694,2020-05-20T03:05:17,2020-05-20T03:35:27,182,67.6,76.8,9.200000000000003,11.312777805555557,122.96497614734298,30.16666603088379,96.68,32.16,125.88541666666667,-22.500549505494504,-22.5,33.5,34.0,122.96497614734298,123.92964933661305,0,0,91.86342804063312,91.86342804063312,92.58410630920818
695,2020-05-20T03:35:38,2020-05-20T04:06:58,189,76.8,86.4,9.600000000000009,11.752500249999999,122.42187760416654,31.33333396911621,108.78,36.18,125.90277777777776,-22.504762380952382,-22.5,33.5,34.0,122.42187760416654,123.73943673343426,0,0,91.45769548569585,91.45769548569585,92.44200420556852
696,2020-05-20T04:07:09,2020-05-20T04:35:59,174,86.4,94.8,8.399999999999991,10.753752291666668,128.02086061507953,28.83333396911621,119.41,39.72,125.95991561181435,-22.37759097701149,-22.20001,33.117816091954026,34.0,128.02086061507953,123.73943673343426,0,0,95.64052696372111,95.64052696372111,92.44200420556852
699,2020-05-20T15:14:02,2020-05-20T15:48:02,205,47.2,65.6,18.39999999999999,22.666666666666668,123.18840579710151,34.0,82.62,27.48,125.94512195121953,-40.0,-40.0,35.31707317073171,36.0,123.18840579710151,123.7216550791344,0,0,92.03034559875262,92.03034559875262,92.42872006750419
700,2020-05-20T15:48:13,2020-05-20T16:18:23,182,65.6,82.0,16.400000000000006,20.11111111111111,122.62872628726282,30.16666603088379,103.28,34.35,125.95121951219514,-40.0,-40.0,35.91208791208791,37.0,122.62872628726282,123.35202060688408,0,0,91.61222590330148,91.61222590330148,92.15257729248981
703,2020-05-20T22:28:21,2020-05-20T22:58:51,184,36.4,65.6,29.199999999999996,35.624726361111115,122.00248753805177,30.5,82.71,27.51,126.08231707317074,-70.08152989130436,-70.0,33.51358695652174,36.0,122.00248753805177,123.35202060688408,0,0,91.14438180592637,91.14438180592637,92.15257729248981
704,2020-05-20T22:59:02,2020-05-20T23:30:52,192,66.0,92.8,26.799999999999997,33.81444831944445,126.17331462479275,31.83333396911621,116.91,38.89,125.98060344827587,-63.700528125,-44.5,35.669270833333336,37.0,126.17331462479275,123.55804026935182,0,0,94.26028103152089,94.26028103152089,92.306488373767
705,2020-05-21T03:55:21,2020-05-21T04:22:01,161,60.8,76.8,16.0,19.96610772222222,124.78817326388886,26.66666603088379,96.71,32.17,125.92447916666666,-44.924216024844725,-44.89999,31.76086956521739,34.0,124.78817326388886,123.55804026935182,0,0,93.22548366303258,93.22548366303258,92.306488373767
706,2020-05-21T04:22:12,2020-05-21T04:57:42,214,76.8,97.6,20.799999999999997,26.132223569444445,125.6356902377137,35.5,122.95,40.9,125.97336065573771,-44.097198504672896,-13.5,32.401869158878505,34.0,125.6356902377137,123.55804026935182,0,0,93.8586380536363,93.8586380536363,92.306488373767
708,2020-05-21T15:08:19,2020-05-21T15:38:09,180,21.2,49.6,28.400000000000002,34.842502527777775,122.68486805555553,29.83333396911621,62.43,20.77,125.86693548387098,-70.07444955555556,-69.89999,34.705555555555556,37.0,122.68486805555553,123.55804026935182,0,0,91.65416772651992,91.65416772651992,92.306488373767
709,2020-05-21T15:38:20,2020-05-21T16:06:50,172,50.0,77.2,27.200000000000003,33.26805708333333,122.30903339460782,28.5,97.21,32.33,125.91968911917097,-70.03779389534883,-69.80002,37.843023255813954,39.0,122.30903339460782,123.55804026935182,0,0,91.37339297737691,91.37339297737691,92.306488373767
710,2020-05-21T16:07:01,2020-05-21T16:35:31,172,77.2,97.6,20.39999999999999,26.183057597222223,128.34832155501095,28.5,122.94,40.89,125.96311475409836,-55.13488802325582,-44.20001,38.98255813953488,40.0,128.34832155501095,123.55804026935182,0,0,95.88516316367016,95.88516316367016,92.306488373767
712,2020-05-23T00:32:15,2020-05-23T00:50:25,110,48.4,65.6,17.199999999999996,21.31819168055555,123.9429748869509,18.16666603088379,82.59,27.47,125.89939024390246,-70.40908181818182,-70.39999,32.1,33.0,123.9429748869509,123.92964933661305,0,0,92.59406142629042,92.59406142629042,92.58410630920818
714,2020-05-23T05:16:49,2020-05-23T05:34:49,109,22.0,33.2,11.200000000000003,13.81819641666667,123.37675372023809,18.0,41.7,13.87,125.60240963855422,-46.06055715596329,-45.80002,32.325688073394495,34.0,123.37675372023809,123.92964933661305,0,0,92.17105465612622,92.17105465612622,92.58410630920818
715,2020-05-23T05:35:00,2020-05-23T06:05:10,182,33.2,52.0,18.799999999999997,22.806253805555553,121.3098606678487,30.16666603088379,65.41,21.76,125.78846153846153,-45.35989763736265,-44.60001,33.79120879120879,36.0,121.3098606678487,123.65221423092011,0,0,90.62694114401246,90.62694114401246,92.3768429024538
716,2020-05-23T06:05:21,2020-05-23T06:36:41,189,52.0,70.8,18.799999999999997,22.760698555555553,121.06754550827424,31.33333396911621,89.18,29.67,125.96045197740115,-43.58466396825397,-42.60001,35.0,36.0,121.06754550827424,123.2825797586698,0,0,90.44591479063807,90.44591479063807,92.10070012743941
717,2020-05-23T06:36:52,2020-05-23T07:05:12,171,71.2,86.8,15.599999999999994,19.77958568055556,126.79221590099722,28.33333396911621,109.37,36.39,126.00230414746544,-41.885969883040936,-41.0,35.333333333333336,37.0,126.79221590099722,123.65221423092011,0,0,94.72264352393286,94.72264352393286,92.3768429024538
718,2020-05-23T07:05:23,2020-05-23T07:25:53,124,86.8,97.6,10.799999999999997,13.859863041666667,128.33206520061734,20.5,122.95,40.9,125.97336065573771,-40.56532822580646,-40.0,35.5,37.0,128.33206520061734,123.65221423092011,0,0,95.87301853119975,95.87301853119975,92.3768429024538
720,2020-05-24T00:53:20,2020-05-24T01:25:40,195,38.0,69.2,31.200000000000003,37.68569529166667,120.78748490918802,32.33333206176758,87.14,28.99,125.92485549132947,-69.93179646153847,-69.70001,34.85128205128205,37.0,120.78748490918802,123.2825797586698,0,0,90.23668995689074,90.23668995689074,92.10070012743941
721,2020-05-24T01:25:51,2020-05-24T01:42:41,102,69.6,85.6,16.0,19.612640069444446,122.57900043402778,16.83333396911621,107.79,35.85,125.92289719626169,-69.90686686274509,-69.60001,36.372549019607845,38.0,122.57900043402778,123.2825797586698,0,0,91.57507721687436,91.57507721687436,92.10070012743941
723,2020-05-24T07:01:45,2020-05-24T07:33:45,193,25.2,55.6,30.400000000000002,37.24597559722223,122.51965656980994,32.0,70.07,23.31,126.02517985611509,-69.83627575129535,-69.60001,34.81347150259067,38.0,122.51965656980994,123.15127010883721,0,0,91.53074320428775,91.53074320428775,92.00260264516135
724,2020-05-24T07:33:56,2020-05-24T08:03:06,176,55.6,83.2,27.6,33.934725472222226,122.95190388486313,29.16666603088379,104.77,34.85,125.92548076923076,-69.80852948863638,-69.60001,37.21875,39.0,122.95190388486313,123.15127010883721,0,0,91.85366214727657,91.85366214727657,92.00260264516135
725,2020-05-24T08:03:17,2020-05-24T08:25:07,132,83.2,97.6,14.399999999999991,18.409308305555555,127.84241878858033,21.83333396911621,123.01,40.92,126.03483606557378,-50.63940143939394,-44.0,37.51136363636363,39.0,127.84241878858033,123.15127010883721,0,0,95.50721845261788,95.50721845261788,92.00260264516135
726,2020-05-24T18:30:17,2020-05-24T18:47:17,103,36.0,52.0,16.0,19.8133335,123.83333437499999,17.0,65.5,21.79,125.96153846153845,-69.92912689320389,-69.70001,33.679611650485434,35.0,123.83333437499999,123.2825797586698,0,0,92.51215230390851,92.51215230390851,92.10070012743941
727,2020-05-24T18:47:28,2020-05-24T19:15:28,169,52.4,78.8,26.4,32.61861202777778,123.55534859006734,28.0,99.24,33.01,125.93908629441626,-69.89645165680474,-69.60001,35.64792899408284,37.0,123.55534859006734,123.2825797586698,0,0,92.30447750128927,92.30447750128927,92.10070012743941
728,2020-05-24T19:15:39,2020-05-24T19:42:09,160,78.8,97.6,18.799999999999997,23.860003055555556,126.91490986997638,26.5,122.92,40.88,125.94262295081968,-54.041256875,-44.10001,36.309375,38.0,126.91490986997638,123.2825797586698,0,0,94.81430449068515,94.81430449068515,92.10070012743941
730,2020-05-25T01:05:58,2020-05-25T01:26:58,127,73.2,91.2,18.0,22.515279638888895,125.08488688271609,21.0,114.91,38.23,125.99780701754385,-64.09764314960628,0.0,34.71259842519685,36.0,125.08488688271609,123.46605115515271,0,0,93.44714946597755,93.44714946597755,92.23776607870775
731,2020-05-25T13:34:55,2020-05-25T14:03:15,171,12.0,39.2,27.200000000000003,32.983335666666676,121.26226348039218,28.33333396911621,49.2,16.36,125.51020408163265,-69.84678865497075,-69.70001,33.53508771929825,36.0,121.26226348039218,123.2825797586698,0,0,90.59138271963958,90.59138271963958,92.10070012743941
732,2020-05-25T14:03:26,2020-05-25T14:19:46,113,39.2,54.8,15.599999999999994,19.010835638888892,121.86433101851858,16.33333396911621,69.07,22.97,126.04014598540147,-69.833636460177,-69.70001,36.02212389380531,38.0,121.86433101851858,123.15127010883721,0,0,91.0411692336304,91.0411692336304,92.00260264516135
735,2020-05-25T14:44:58,2020-05-25T15:12:08,164,78.4,97.6,19.19999999999999,24.81403238888889,129.23975202546305,27.16666603088379,122.99,40.91,126.01434426229508,-54.817693170731715,-44.0,38.22256097560975,39.0,129.23975202546305,123.15127010883721,0,0,96.55112400423891,96.55112400423891,92.00260264516135
737,2020-05-26T15:25:30,2020-05-26T15:59:00,202,63.6,92.4,28.800000000000004,35.83264225,124.41889670138887,33.5,116.45,38.74,126.02813852813853,-64.14258024752476,-44.0,35.56435643564357,37.0,124.41889670138887,123.15127010883721,0,0,92.94960827160679,92.94960827160679,92.00260264516135
739,2020-05-26T23:16:27,2020-05-27T00:20:03,478,35.6,87.2,51.6,63.624142113888894,123.3026009959087,63.599998474121094,109.83,36.53,125.95183486238533,-60.02301560669456,-59.80002,35.36297071129707,38.0,123.3026009959087,123.15127010883721,0,0,92.11565739042604,92.11565739042604,92.00260264516135
741,2020-05-27T15:53:08,2020-05-27T16:23:48,185,32.0,62.0,30.0,36.142089222222225,120.47363074074076,30.66666603088379,78.04,25.96,125.8709677419355,-70.71244394594595,-70.60001,33.23783783783784,36.0,120.47363074074076,123.09654236772883,0,0,90.00221896586757,90.00221896586757,91.96171719903958
742,2020-05-27T16:23:59,2020-05-27T16:47:29,142,62.0,84.4,22.400000000000006,27.713755763888894,123.72212394593254,23.5,106.43,35.4,126.10189573459715,-70.75846542253521,-70.70001,35.433098591549296,37.0,123.72212394593254,123.24550339650511,0,0,92.42907034375943,92.42907034375943,92.07300149458933
743,2020-05-27T22:55:47,2020-05-27T23:19:47,145,32.8,47.6,14.800000000000004,17.99138923611111,121.56344078453449,24.0,59.92,19.93,125.88235294117646,-44.94827675862069,-36.20001,33.16551724137931,35.0,121.56344078453449,123.24550339650511,0,0,90.81638320736705,90.81638320736705,92.07300149458933
744,2020-05-27T23:19:58,2020-05-27T23:37:48,108,47.6,58.8,11.199999999999996,13.375,119.4196428571429,17.83333396911621,74.03,24.63,125.9013605442177,-45.0,-45.0,34.15277777777778,36.0,119.4196428571429,123.24550339650511,0,0,89.21481638072353,89.21481638072353,92.07300149458933
746,2020-05-27T23:48:19,2020-05-28T00:17:29,176,62.0,79.6,17.599999999999994,21.875,124.28977272727278,29.16666603088379,100.22,33.34,125.90452261306534,-45.0,-45.0,34.53977272727273,36.0,124.28977272727278,123.24550339650511,0,0,92.85314364178959,92.85314364178959,92.07300149458933
748,2020-05-28T00:27:50,2020-05-28T00:46:30,113,82.8,94.0,11.200000000000003,13.92652726388889,124.34399342757933,18.66666603088379,118.37,39.38,125.92553191489363,-44.764600176991145,-44.39999,34.69469026548673,36.0,124.34399342757933,123.24550339650511,0,0,92.89365029300835,92.89365029300835,92.07300149458933
751,2020-05-28T12:22:14,2020-05-28T12:52:34,183,32.8,51.2,18.400000000000006,22.74208254166666,123.59827468297095,30.33333396911621,64.45,21.44,125.87890625,-44.98415142076503,-44.89999,32.549180327868854,35.0,123.59827468297095,123.3396773580734,0,0,92.3365462916885,92.3365462916885,92.14335602327613
752,2020-05-28T12:52:45,2020-05-28T13:23:15,184,51.6,70.4,18.800000000000004,22.872916458333332,121.66444924645386,30.5,88.68999,29.5,125.98009943181816,-44.99565173913043,-44.89999,34.27717391304348,36.0,121.66444924645386,123.3396773580734,0,0,90.8918435853035,90.8918435853035,92.14335602327613
753,2020-05-28T13:23:26,2020-05-28T13:55:46,195,70.4,89.6,19.19999999999999,24.25,126.3020833333334,32.33333206176758,112.81,37.53,125.90401785714288,-45.0,-45.0,35.09230769230769,37.0,126.3020833333334,123.46605115515271,0,0,94.35648025313286,94.35648025313286,92.23776607870775
755,2020-05-28T19:38:01,2020-05-28T19:55:11,104,43.6,60.0,16.4,20.121389458333326,122.69139913617883,17.16666603088379,75.50999,25.12,125.84998333333334,-70.32596346153846,-70.0,36.91346153846154,39.0,122.69139913617883,123.3396773580734,0,0,91.65904690003471,91.65904690003471,92.14335602327613
756,2020-05-28T19:55:22,2020-05-28T20:29:12,204,60.0,90.4,30.400000000000006,37.8087467638889,124.3708775127924,33.83333206176758,113.87,37.88,125.96238938053098,-67.00293544117646,-44.5,38.21568627450981,40.0,124.3708775127924,123.46605115515271,0,0,92.91373458289955,92.91373458289955,92.23776607870775
758,2020-05-29T15:23:42,2020-05-29T15:53:42,181,40.8,61.2,20.400000000000006,24.92972330555556,122.20452600762525,30.0,77.00999,25.61,125.83331699346405,-49.85911828729282,-49.80002,33.709944751381215,35.0,122.20452600762525,123.3396773580734,0,0,91.2953186579684,91.2953186579684,92.14335602327613
759,2020-05-29T15:53:53,2020-05-29T16:21:43,168,61.2,80.0,18.799999999999997,23.10764637500001,122.91301263297879,27.83333396911621,100.79,33.52,125.9875,-49.81311130952382,-49.80002,34.69940476190476,36.0,122.91301263297879,123.3396773580734,0,0,91.82460766500996,91.82460766500996,92.14335602327613
760,2020-05-29T16:21:54,2020-05-29T16:50:14,171,80.0,97.6,17.599999999999994,22.288615208333333,126.63985913825762,28.33333396911621,123.01,40.92,126.03483606557378,-47.198839064327494,-44.20001,35.25438596491228,36.0,126.63985913825762,123.3396773580734,0,0,94.60882237787203,94.60882237787203,92.14335602327613
761,2020-05-30T01:42:14,2020-05-30T02:09:54,167,32.8,60.0,27.200000000000003,32.923610652777775,121.04268622344769,27.66666603088379,75.61,25.15,126.01666666666667,-71.39880143712574,-70.70001,34.02395209580838,37.0,121.04268622344769,123.24550339650511,0,0,90.4273431680968,90.4273431680968,92.07300149458933
762,2020-05-30T02:10:05,2020-05-30T02:40:55,186,60.0,89.2,29.200000000000003,35.99013915277778,123.25390120814306,30.83333396911621,112.35,37.37,125.95291479820627,-69.97311881720431,-45.60001,36.51881720430107,38.0,123.25390120814306,123.27825110202588,0,0,92.07927524658987,92.07927524658987,92.09746631850795
764,2020-05-30T15:07:22,2020-05-30T15:27:52,124,22.0,41.2,19.200000000000003,23.839861472222225,124.16594516782406,20.5,51.87,17.25,125.89805825242716,-69.64919451612904,-38.39999,32.75,35.0,124.16594516782406,123.3396773580734,0,0,92.76063580375907,92.76063580375907,92.14335602327613
766,2020-05-30T18:38:14,2020-05-30T19:03:58,156,45.2,69.6,24.39999999999999,30.00108401944445,122.95526237477237,25.733333587646484,87.61,29.14,125.8764367816092,-69.95000160256411,-69.70001,33.782051282051285,35.0,122.95526237477237,123.27825110202588,0,0,91.85617117387721,91.85617117387721,92.09746631850795
767,2020-05-30T19:04:09,2020-05-30T19:34:19,182,69.6,93.6,24.0,29.980836097222223,124.9201504050926,30.16666603088379,117.96,39.24,126.02564102564102,-59.616489010989014,-44.10001,35.217032967032964,36.0,124.9201504050926,123.3396773580734,0,0,93.32407980799869,93.32407980799869,92.14335602327613
769,2020-06-01T12:02:20,2020-06-01T12:24:20,133,54.8,68.0,13.200000000000003,16.573337000000006,125.55558333333335,22.0,85.65,28.49,125.95588235294117,-45.20001000000001,-45.20001,31.804511278195488,33.0,125.55558333333335,123.46605115515271,0,0,93.79879259945359,93.79879259945359,92.23776607870775
770,2020-06-01T12:24:31,2020-06-01T12:54:41,182,68.0,86.4,18.400000000000006,22.725560583333337,123.50848143115941,30.16666603088379,108.85,36.21,125.98379629629628,-45.20000999999999,-45.20001,32.332417582417584,33.0,123.50848143115941,123.44261757569875,0,0,92.2694644592451,92.2694644592451,92.22025955768567
771,2020-06-01T12:54:52,2020-06-01T13:14:32,119,86.4,98.0,11.599999999999994,14.090002986111113,121.46554298371656,19.66666603088379,123.43,41.06,125.94897959183675,-42.81513512605042,0.0,32.87394957983193,34.0,121.46554298371656,123.44261757569875,0,0,90.74324671059746,90.74324671059746,92.22025955768567
773,2020-06-01T22:28:19,2020-06-01T22:58:49,184,33.2,62.4,29.199999999999996,35.50847434722223,121.60436420281587,30.5,78.57,26.13,125.91346153846153,-69.85272157608696,-69.80002,33.38315217391305,36.0,121.60436420281587,123.44261757569875,0,0,90.84695585990808,90.84695585990808,92.22025955768567
774,2020-06-01T22:59:00,2020-06-01T23:27:10,170,62.4,88.8,26.4,32.32722548611112,122.45161168981484,28.16666603088379,111.83,37.2,125.93468468468468,-68.79353635294117,-44.30002,35.51176470588236,37.0,122.45161168981484,123.44261757569875,0,0,91.47990892502538,91.47990892502538,92.22025955768567
776,2020-06-02T10:47:15,2020-06-02T11:11:25,146,58.8,75.2,16.400000000000006,20.10013501388888,122.56179886517606,24.16666603088379,94.77,31.53,126.02393617021276,-49.90410000000001,-49.89999,32.0,33.0,122.56179886517606,123.3396773580734,0,0,91.56222644316702,91.56222644316702,92.14335602327613
777,2020-06-02T11:11:36,2020-06-02T11:40:56,177,75.2,94.0,18.799999999999997,23.594443847222223,125.50236088947993,29.33333396911621,118.44,39.4,126.0,-48.25480107344633,-44.30002,32.824858757062145,34.0,125.50236088947993,123.3396773580734,0,0,93.75903171554779,93.75903171554779,92.14335602327613
780,2020-06-02T17:31:52,2020-06-02T17:59:42,168,62.0,78.8,16.799999999999997,20.92139352777778,124.53210433201062,27.83333396911621,99.21,33.0,125.9010152284264,-45.10001,-45.10001,31.208333333333332,33.0,124.53210433201062,123.3396773580734,0,0,93.03418228084995,93.03418228084995,92.14335602327613
781,2020-06-02T17:59:53,2020-06-02T18:27:13,165,78.8,95.2,16.400000000000006,20.46139204166667,124.76458561991868,27.33333396911621,119.98,39.91,126.02941176470588,-44.91455236363636,-44.5,31.996969696969696,33.0,124.76458561991868,123.44261757569875,0,0,93.20786204505326,93.20786204505326,92.22025955768567
784,2020-06-03T01:32:05,2020-06-03T02:02:15,182,52.0,61.2,9.200000000000003,11.362505000000002,123.50548913043477,30.16666603088379,76.99,25.61,125.80065359477123,-22.599460494505497,-22.5,31.244505494505493,32.0,123.50548913043477,123.5069852807971,0,0,92.26722900154888,92.26722900154888,92.26834673039698
785,2020-06-03T02:02:26,2020-06-03T02:29:46,165,61.2,69.6,8.399999999999991,10.295560111111113,122.56619179894196,27.33333396911621,87.57,29.13,125.81896551724138,-22.600010000000005,-22.60001,31.5,32.0,122.56619179894196,123.44112142533643,0,0,91.56550827159928,91.56550827159928,92.21914182883755
786,2020-06-03T02:29:57,2020-06-03T03:01:07,188,69.6,79.2,9.600000000000009,11.739449638888892,122.28593373842585,31.16666603088379,99.71,33.17,125.89646464646464,-22.600010000000005,-22.60001,31.53723404255319,33.0,122.28593373842585,123.3396773580734,0,0,91.35613592036832,91.35613592036832,92.14335602327613
787,2020-06-03T03:01:18,2020-06-03T03:33:18,193,79.2,88.8,9.599999999999994,12.053338666666669,125.5556111111112,32.0,111.84,37.2,125.94594594594595,-22.60001,-22.60001,32.0,33.0,125.5556111111112,123.40404506317174,0,0,93.79881335139433,93.79881335139433,92.19144319598746
789,2020-06-03T03:46:16,2020-06-03T04:04:46,112,92.4,97.6,5.199999999999989,6.875839499999997,132.22768269230792,18.5,122.94,40.89,125.96311475409836,-22.300019999999996,-22.30002,32.004464285714285,33.0,132.22768269230792,123.5069852807971,0,0,98.78331696197354,98.78331696197354,92.26834673039698
791,2020-06-03T16:31:16,2020-06-03T17:01:56,185,12.8,31.6,18.8,22.94888377777777,122.06853073286048,30.66666603088379,39.74,13.22,125.75949367088609,-44.899989999999995,-44.89999,34.0,35.0,122.06853073286048,123.5069852807971,0,0,91.19372068650821,91.19372068650821,92.26834673039698
792,2020-06-03T17:02:07,2020-06-03T17:28:27,159,31.6,47.6,16.0,19.706106722222223,123.1631670138889,26.33333396911621,59.85,19.9,125.73529411764706,-44.899989999999995,-44.89999,35.040880503144656,37.0,123.1631670138889,123.40404506317174,0,0,92.01149046440356,92.01149046440356,92.19144319598746
793,2020-06-03T17:28:38,2020-06-03T17:58:08,178,47.6,65.6,17.999999999999993,22.07582841666666,122.6434912037037,29.5,82.56,27.46,125.85365853658539,-44.89999,-44.89999,36.50561797752809,38.0,122.6434912037037,123.27825110202588,0,0,91.62325632742296,91.62325632742296,92.09746631850795
794,2020-06-03T17:58:19,2020-06-03T18:26:19,169,65.6,82.4,16.80000000000001,20.953328666666664,124.72219444444434,28.0,103.75,34.51,125.91019417475727,-44.89999,-44.89999,37.0,38.0,124.72219444444434,123.40404506317174,0,0,93.17619287534531,93.17619287534531,92.19144319598746
795,2020-06-03T18:26:30,2020-06-03T18:52:50,159,82.4,97.6,15.199999999999989,19.575279930555556,128.78473638523403,26.33333396911621,122.92,40.88,125.94262295081968,-44.60189169811322,-44.30002,37.0,38.0,128.78473638523403,123.5069852807971,0,0,96.21119553165128,96.21119553165128,92.26834673039698
796,2020-06-04T01:26:23,2020-06-04T01:42:53,100,17.6,33.2,15.600000000000001,19.120973069444446,122.57034018874643,16.5,41.73,13.88,125.69277108433734,-69.530003,-69.39999,34.335,37.0,122.57034018874643,123.5069852807971,0,0,91.56860740860745,91.56860740860745,92.26834673039698
797,2020-06-04T01:43:04,2020-06-04T02:10:24,165,33.2,59.2,26.0,31.677084930555555,121.83494204059828,27.33333396911621,74.46,24.77,125.777027027027,-69.53515503030303,-69.5,36.86666666666667,40.0,121.83494204059828,123.5069852807971,0,0,91.01921361388436,91.01921361388436,92.26834673039698
798,2020-06-04T02:10:35,2020-06-04T02:40:15,179,59.6,87.2,27.6,34.36500011111111,124.51086996779387,29.66666603088379,109.83,36.53,125.95183486238533,-69.5022348603352,-69.5,38.89385474860335,41.0,124.51086996779387,123.5069852807971,0,0,93.01831872725663,93.01831872725663,92.26834673039698
799,2020-06-04T02:40:26,2020-06-04T02:58:06,107,87.2,97.6,10.399999999999991,13.324863791666669,128.1236903044873,17.66666603088379,123.05,40.93,126.07581967213115,-45.36262588785046,-44.0,39.5,41.0,128.1236903044873,123.5069852807971,0,0,95.71734792583014,95.71734792583014,92.26834673039698
800,2020-06-04T06:41:44,2020-06-04T07:08:14,160,68.0,84.0,16.0,19.921254416666667,124.50784010416666,26.5,105.87,35.21,126.03571428571429,-45.10501,-45.10001,35.221875,37.0,124.50784010416666,123.5069852807971,0,0,93.0160552074479,93.0160552074479,92.26834673039698
803,2020-06-04T12:07:08,2020-06-04T12:37:48,185,54.8,83.6,28.799999999999997,35.540557291666666,123.40471281828704,30.66666603088379,105.37,35.05,126.04066985645935,-69.53621962162161,-69.39999,36.5,38.0,123.40471281828704,123.4551009743609,0,0,92.19194205571083,92.19194205571083,92.22958552862985
805,2020-06-04T18:50:53,2020-06-04T19:16:33,155,48.8,72.8,24.0,29.920279111111114,124.66782962962965,25.66666603088379,91.68999,30.5,125.94778846153845,-69.94387406451612,-69.70001,38.535483870967745,40.0,124.66782962962965,123.4551009743609,0,0,93.13557856052051,93.13557856052051,92.22958552862985
806,2020-06-04T19:16:44,2020-06-04T19:46:14,178,72.8,96.0,23.200000000000003,28.640836069444447,123.45187960967432,29.5,120.95,40.23,125.98958333333334,-58.245511235955064,-44.10001,39.300561797752806,41.0,123.45187960967432,123.47868437005454,0,0,92.22717894415067,92.22717894415067,92.24720397284977
808,2020-06-05T18:55:13,2020-06-05T19:21:23,158,14.0,39.2,25.200000000000003,30.505834638888896,121.05489936067022,26.16666603088379,49.22,16.37,125.5612244897959,-69.95063594936708,-69.70001,32.71518987341772,35.0,121.05489936067022,123.47868437005454,0,0,90.43646723486397,90.43646723486397,92.24720397284977
809,2020-06-05T19:21:34,2020-06-05T19:50:14,173,39.2,66.8,27.599999999999994,33.41180643055556,121.05726967592595,28.66666603088379,84.14,27.99,125.95808383233535,-69.93237179190751,-69.70001,35.858381502890175,38.0,121.05726967592595,123.42829621398067,0,0,90.43823802596035,90.43823802596035,92.20956049993075
810,2020-06-05T19:50:25,2020-06-05T20:20:35,182,66.8,92.4,25.60000000000001,32.275835236111114,126.07748139105901,30.16666603088379,116.4,38.72,125.97402597402598,-64.15659714285715,-44.20001,37.62362637362637,39.0,126.07748139105901,123.42829621398067,0,0,94.18868691060266,94.18868691060266,92.20956049993075
813,2020-06-06T21:00:03,2020-06-06T21:27:54,169,22.0,48.4,26.4,32.43014160277778,122.84144546506734,27.850000381469727,60.89,20.26,125.80578512396694,-69.86746147928996,-69.60001,29.38757396449704,32.0,122.84144546506734,123.42829621398067,0,0,91.771141990592,91.771141990592,92.20956049993075
814,2020-06-06T21:28:05,2020-06-06T21:59:45,191,48.4,78.8,30.4,36.860280597222236,121.25092301717841,31.66666603088379,99.21,33.0,125.9010152284264,-69.83979596858639,-69.60001,32.70942408376963,34.0,121.25092301717841,123.42829621398067,0,0,90.58291060132568,90.58291060132568,92.20956049993075
815,2020-06-06T21:59:56,2020-06-06T22:22:20,136,79.2,95.6,16.39999999999999,20.60461354444445,125.63788746612475,22.399999618530273,120.42,40.06,125.96234309623432,-55.156624044117656,-44.10001,33.95955882352941,35.0,125.63788746612475,123.42829621398067,0,0,93.86027953676711,93.86027953676711,92.20956049993075
816,2020-06-07T14:16:22,2020-06-07T14:45:52,178,60.8,82.4,21.60000000000001,27.015695083333334,125.07266242283946,29.5,103.85,34.55,126.03155339805824,-54.946068707865166,-54.5,30.410112359550563,32.0,125.07266242283946,123.47868437005454,0,0,93.43801694039671,93.43801694039671,92.24720397284977
817,2020-06-07T14:46:03,2020-06-07T15:09:23,141,82.8,97.6,14.799999999999997,18.911805527777776,127.7824697822823,23.33333396911621,122.97,40.9,125.9938524590164,-48.63829780141844,-44.30002,31.0,32.0,127.7824697822823,123.5069852807971,0,0,95.46243235661956,95.46243235661956,92.26834673039698
818,2020-06-07T23:58:19,2020-06-08T00:22:29,146,35.2,53.6,18.4,22.432226250000006,121.91427309782613,24.16666603088379,67.43,22.43,125.80223880597015,-55.69384561643836,-55.60001,31.589041095890412,33.0,121.91427309782613,123.47868437005454,0,0,91.07847945604016,91.07847945604016,92.24720397284977
819,2020-06-08T00:22:40,2020-06-08T00:48:00,153,53.6,73.2,19.6,23.516670888888896,119.98301473922906,25.33333396911621,92.12,30.64,125.84699453551913,-55.697395620915046,-55.60001,33.26797385620915,34.0,119.98301473922906,123.42829621398067,0,0,89.63569453620843,89.63569453620843,92.20956049993075
820,2020-06-08T00:48:11,2020-06-08T01:11:01,138,73.2,90.0,16.799999999999997,20.91750383333334,124.50895138888893,22.83333396911621,113.44,37.74,126.04444444444444,-54.93261876811595,-45.10001,34.108695652173914,35.0,124.50895138888893,123.42829621398067,0,0,93.01688541477453,93.01688541477453,92.20956049993075
822,2020-06-08T13:24:35,2020-06-08T13:59:55,213,32.8,59.6,26.800000000000004,32.301391583333334,120.52758053482587,35.33333206176758,74.96,24.94,125.7718120805369,-54.85117835680751,-54.80002,32.09154929577465,35.0,120.52758053482587,123.42829621398067,0,0,90.04252323121224,90.04252323121224,92.20956049993075
823,2020-06-08T14:00:06,2020-06-08T14:33:36,202,59.6,84.4,24.800000000000004,30.646801791666665,123.57581367607523,33.5,106.41,35.39,126.07819905213269,-54.88959727722772,-54.80002,33.89356435643565,36.0,123.57581367607523,123.42829621398067,0,0,92.3197663503155,92.3197663503155,92.20956049993075
825,2020-06-09T00:59:17,2020-06-09T01:20:27,128,19.6,32.4,12.799999999999997,16.107086111111112,125.83661024305559,21.16666603088379,40.73,13.54,125.70987654320986,-45.6586015625,-45.39999,30.859375,32.0,125.83661024305559,123.47868437005454,0,0,94.00873933475663,94.00873933475663,92.24720397284977
826,2020-06-09T01:20:38,2020-06-09T01:51:18,185,32.4,51.6,19.200000000000003,22.958197708333334,119.57394639756943,30.66666603088379,64.91,21.59,125.79457364341084,-44.91784421621622,-44.20001,32.648648648648646,34.0,119.57394639756943,123.42829621398067,0,0,89.3300919057267,89.3300919057267,92.20956049993075
827,2020-06-09T01:51:29,2020-06-09T02:21:39,182,51.6,69.6,17.999999999999993,21.72986309722223,120.72146165123465,30.16666603088379,87.63,29.15,125.90517241379311,-43.219784230769235,-42.30002,34.33791208791209,35.0,120.72146165123465,123.42829621398067,0,0,90.1873659705327,90.1873659705327,92.20956049993075
828,2020-06-09T02:21:50,2020-06-09T02:40:30,113,69.6,80.4,10.800000000000011,13.015695958333335,120.51570331790113,18.66666603088379,101.22,33.67,125.89552238805969,-41.83628805309735,-41.39999,34.783185840707965,36.0,120.51570331790113,123.42829621398067,0,0,90.03365012037634,90.03365012037634,92.20956049993075
829,2020-06-09T05:29:03,2020-06-09T05:58:43,179,47.2,57.6,10.399999999999999,12.855555555555556,123.61111111111114,29.66666603088379,72.5,24.12,125.86805555555554,-26.0,-26.0,33.874301675977655,35.0,123.61111111111114,123.42829621398067,0,0,92.34613600031693,92.34613600031693,92.20956049993075
830,2020-06-09T05:58:54,2020-06-09T06:22:44,144,57.6,66.0,8.399999999999999,10.327777777777778,122.94973544973546,23.83333396911621,83.05,27.62,125.83333333333333,-26.0,-26.0,34.0,35.0,122.94973544973546,123.42829621398067,0,0,91.85204217474006,91.85204217474006,92.20956049993075
831,2020-06-09T06:22:55,2020-06-09T06:52:45,180,66.0,76.8,10.799999999999997,12.927777777777777,119.70164609053501,29.83333396911621,96.7,32.17,125.91145833333333,-26.0,-26.0,34.0,35.0,119.70164609053501,123.42829621398067,0,0,89.42549249801812,89.42549249801812,92.20956049993075
833,2020-06-09T07:07:51,2020-06-09T07:36:51,175,82.0,92.0,10.0,12.566666666666666,125.66666666666666,29.0,115.91,38.56,125.9891304347826,-26.0,-26.0,34.0,35.0,125.66666666666666,123.42829621398067,0,0,93.88177961020982,93.88177961020982,92.20956049993075
834,2020-06-09T07:37:02,2020-06-09T07:54:32,106,92.0,97.6,5.599999999999994,7.583333333333333,135.4166666666668,17.5,122.92,40.88,125.94262295081968,-26.0,-26.0,34.0,35.0,135.4166666666668,123.47868437005454,0,0,101.16571078686414,101.16571078686414,92.24720397284977
836,2020-06-09T16:43:18,2020-06-09T17:12:28,176,46.8,74.8,28.0,34.15153518055556,121.96976850198413,29.16666603088379,94.27,31.35,126.02941176470588,-70.25456068181819,-70.20001,34.95170454545455,37.0,121.96976850198413,123.42829621398067,0,0,91.11993840009221,91.11993840009221,92.20956049993075
837,2020-06-09T17:12:39,2020-06-09T17:43:19,185,75.2,98.0,22.799999999999997,28.622644111111118,125.53791276803123,30.66666603088379,123.44,41.06,125.95918367346938,-55.88811832432432,0.0,36.0,37.0,125.53791276803123,123.42829621398067,0,0,93.78559145263173,93.78559145263173,92.20956049993075
838,2020-06-10T01:48:05,2020-06-10T03:09:28,611,31.2,93.6,62.39999999999999,76.54481411805556,122.66797134303778,81.38333129882812,117.91,39.22,125.97222222222223,-56.42521088379705,-44.10001,33.22176759410802,36.0,122.66797134303778,123.28393991608797,0,0,91.64154470179263,91.64154470179263,92.1017162600572
839,2020-06-10T13:08:45,2020-06-10T14:01:19,395,42.4,85.2,42.800000000000004,52.53408265833333,122.74318378115264,52.56666564941406,107.33,35.7,125.97417840375587,-59.96278402531645,-59.80002,35.359493670886074,37.0,122.74318378115264,123.28393991608797,0,0,91.6977336477267,91.6977336477267,92.1017162600572
841,2020-06-10T18:52:20,2020-06-10T19:23:40,189,55.6,85.2,29.6,36.50277941666668,123.320200731982,31.33333396911621,107.34,35.7,125.98591549295776,-69.89947402116402,-69.60001,37.63492063492063,39.0,123.320200731982,123.36245677513452,0,0,92.12880562286556,92.12880562286556,92.16037383928818
842,2020-06-10T19:23:51,2020-06-10T19:43:41,121,85.2,97.6,12.399999999999991,15.968891166666666,128.78138037634417,19.83333396911621,123.02,40.92,126.04508196721311,-48.34794082644629,-44.10001,38.02892561983471,40.0,128.78138037634417,123.42829621398067,0,0,96.20868835854544,96.20868835854544,92.20956049993075
843,2020-06-11T00:56:22,2020-06-11T01:22:52,160,44.8,69.6,24.799999999999997,30.88277438888889,124.52731608422941,26.5,87.67,29.16,125.96264367816093,-69.9231173125,-69.89999,36.678125,39.0,124.52731608422941,123.47868437005454,0,0,93.03060512522995,93.03060512522995,92.24720397284977
844,2020-06-11T01:23:03,2020-06-11T01:57:53,210,70.0,97.2,27.200000000000003,34.11846875,125.43554687499999,34.83333206176758,122.48,40.74,126.00823045267491,-58.76094638095238,-44.30002,37.897619047619045,40.0,125.43554687499999,123.47868437005454,0,0,93.70911697881877,93.70911697881877,92.24720397284977
846,2020-06-11T07:06:37,2020-06-11T07:34:27,168,54.4,80.4,26.000000000000007,32.22930490277778,123.95886501068372,27.83333396911621,101.37,33.72,126.0820895522388,-69.47618904761904,-69.30002,35.479166666666664,37.0,123.95886501068372,123.47868437005454,0,0,92.60593245887077,92.60593245887077,92.24720397284977
847,2020-06-11T07:34:38,2020-06-11T08:01:18,161,80.4,97.6,17.19999999999999,21.579724958333333,125.4635171996125,26.66666603088379,122.97,40.9,125.9938524590164,-48.50870173913044,-12.80002,36.440993788819874,38.0,125.4635171996125,123.47868437005454,0,0,93.73001276543069,93.73001276543069,92.24720397284977
849,2020-06-11T15:26:38,2020-06-11T15:55:38,175,52.0,79.2,27.200000000000003,33.81013879166667,124.30198085171568,29.0,99.75999,33.19,125.95958333333333,-69.95199977142858,-69.70001,39.68571428571428,41.0,124.30198085171568,123.51384664287477,0,0,92.86226396366017,92.86226396366017,92.27347264723309
850,2020-06-11T15:55:49,2020-06-11T16:15:59,122,79.6,94.4,14.800000000000011,18.916113013888886,127.81157441816806,20.16666603088379,118.88,39.55,125.93220338983049,-56.28525163934426,-44.20001,40.52049180327869,42.0,127.81157441816806,123.59346239359319,0,0,95.48417555300043,95.48417555300043,92.33295117531623
853,2020-06-12T01:49:43,2020-06-12T02:19:53,182,38.8,63.2,24.400000000000006,29.517364027777777,120.97280339253184,30.16666603088379,79.65,26.49,126.02848101265823,-58.708247582417584,-57.0,36.90659340659341,39.0,120.97280339253184,123.59346239359319,0,0,90.37513581108954,90.37513581108954,92.33295117531623
854,2020-06-12T02:20:04,2020-06-12T02:46:34,160,63.2,83.2,20.0,24.65583579166666,123.2791789583333,26.5,104.77,34.85,125.92548076923076,-55.824380562500004,-54.39999,38.0,39.0,123.2791789583333,123.51384664287477,0,0,92.09815949199361,92.09815949199361,92.27347264723309
856,2020-06-12T10:35:11,2020-06-12T11:05:31,183,34.8,53.6,18.800000000000004,23.00611259722222,122.37293934692667,30.33333396911621,67.43,22.43,125.80223880597015,-45.50656038251365,-44.70001,35.450819672131146,37.0,122.37293934692667,123.42829621398067,0,0,91.42113518850195,91.42113518850195,92.20956049993075
857,2020-06-12T11:05:42,2020-06-12T11:36:32,186,53.6,72.0,18.4,22.45097493055556,122.01616810084543,30.83333396911621,90.72,30.18,126.0,-43.688715,-42.70001,36.81989247311828,38.0,122.01616810084543,123.42829621398067,0,0,91.1546021421158,91.1546021421158,92.20956049993075
858,2020-06-12T11:36:43,2020-06-12T12:08:43,193,72.0,90.0,18.0,22.33361438888889,124.07563549382716,32.0,113.33,37.7,125.92222222222222,-41.875653834196896,-41.0,37.0,38.0,124.07563549382716,123.51384664287477,0,0,92.69316816786373,92.69316816786373,92.27347264723309
861,2020-06-12T21:40:32,2020-06-12T22:09:32,175,36.0,55.6,19.6,24.077507305555564,122.8444250283447,29.0,69.92,23.25,125.75539568345323,-49.81544371428571,-49.70001,38.93714285714286,41.0,122.8444250283447,123.51384664287477,0,0,91.7733679325252,91.7733679325252,92.27347264723309
862,2020-06-12T22:09:43,2020-06-12T22:44:45,212,56.0,79.6,23.599999999999994,29.08003852500001,123.22050222457635,35.03333282470703,100.24,33.35,125.92964824120604,-49.80426363207547,-49.70001,40.0,41.0,123.22050222457635,123.42829621398067,0,0,92.05432387246987,92.05432387246987,92.20956049993075
863,2020-06-12T22:44:56,2020-06-12T23:13:56,175,79.6,97.6,18.0,22.88861629166666,127.15897939814812,29.0,122.97,40.9,125.9938524590164,-47.353725028571425,-44.20001,39.82,41.0,127.15897939814812,123.42829621398067,0,0,94.99664147996938,94.99664147996938,92.20956049993075
865,2020-06-13T15:07:23,2020-06-13T15:37:43,183,33.6,62.4,28.799999999999997,35.29056277777778,122.53667631172841,30.33333396911621,78.53,26.12,125.84935897435898,-69.80602519125682,-69.70001,35.887978142076506,38.0,122.53667631172841,123.42829621398067,0,0,91.54345814057272,91.54345814057272,92.20956049993075
866,2020-06-13T15:37:54,2020-06-13T16:06:04,170,62.8,88.8,26.0,32.365285375000006,124.4818668269231,28.16666603088379,111.9,37.22,126.01351351351352,-68.8735455882353,-44.20001,38.11176470588235,39.0,124.4818668269231,123.51384664287477,0,0,92.99665135474284,92.99665135474284,92.27347264723309
869,2020-06-14T02:40:16,2020-06-14T03:08:36,171,27.6,54.8,27.199999999999996,32.99527927777778,121.30617381535951,28.33333396911621,69.0,22.95,125.9124087591241,-69.87251783625732,-69.60001,36.77485380116959,40.0,121.30617381535951,123.42829621398067,0,0,90.62418680762377,90.62418680762377,92.20956049993075
870,2020-06-14T03:08:47,2020-06-14T03:42:27,203,55.2,86.8,31.599999999999994,39.209585625,124.08096716772155,33.66666793823242,109.36,36.38,125.99078341013825,-69.87832921182266,-69.5,39.285714285714285,41.0,124.08096716772155,123.42829621398067,0,0,92.69715130075636,92.69715130075636,92.20956049993075
871,2020-06-14T03:42:38,2020-06-14T04:00:28,108,86.8,97.6,10.799999999999997,13.821391680555557,127.97584889403296,17.83333396911621,122.98,40.91,126.00409836065575,-46.59908351851852,-44.0,39.625,41.0,127.97584889403296,123.42829621398067,0,0,95.6069000633882,95.6069000633882,92.20956049993075
873,2020-06-14T16:11:01,2020-06-14T16:41:51,186,52.8,81.6,28.799999999999997,35.728473541666666,124.0571997974537,30.83333396911621,102.81,34.2,125.99264705882354,-69.52580903225807,-69.39999,35.005376344086024,37.0,124.0571997974537,123.51384664287477,0,0,92.67939541467626,92.67939541467626,92.27347264723309
876,2020-06-14T22:48:21,2020-06-14T23:20:01,191,54.8,84.4,29.60000000000001,36.92583169444445,124.74943140015012,31.66666603088379,106.28,35.35,125.92417061611373,-69.96491837696335,-69.80002,34.07068062827225,36.0,124.74943140015012,123.51384664287477,0,0,93.1965407841476,93.1965407841476,92.27347264723309
877,2020-06-14T23:20:12,2020-06-14T23:40:32,123,84.8,97.6,12.799999999999997,16.562361444444445,129.39344878472224,20.33333396911621,122.98,40.91,126.00409836065575,-48.93983829268293,-44.30002,35.0,36.0,129.39344878472224,123.59346239359319,0,0,96.66594622131777,96.66594622131777,92.33295117531623
878,2020-06-15T13:25:31,2020-06-15T13:48:51,141,42.8,64.8,22.0,27.28222538888889,124.0101154040404,23.33333396911621,81.7,27.17,126.08024691358025,-70.15461808510639,-69.89999,34.280141843971634,36.0,124.0101154040404,123.78498806089743,0,0,92.64422008327963,92.64422008327963,92.47603422959385
879,2020-06-15T13:49:02,2020-06-15T14:13:02,145,65.2,87.6,22.39999999999999,28.04514168055556,125.20152535962308,24.0,110.45,36.74,126.08447488584477,-70.1124207586207,-69.80002,35.703448275862065,37.0,125.20152535962308,123.98449020736206,0,0,93.53428655708936,93.53428655708936,92.6250762710752
883,2020-06-15T20:55:43,2020-06-15T21:23:43,169,61.6,88.0,26.4,32.70667395833334,123.8889165088384,28.0,110.95,36.9,126.07954545454545,-70.01125822485207,-44.70001,36.72781065088758,39.0,123.8889165088384,123.92389075976106,0,0,92.55367604109114,92.55367604109114,92.57980424998095
885,2020-06-16T13:30:39,2020-06-16T13:48:29,108,30.8,42.8,11.999999999999996,14.832080430555553,123.60067025462965,17.83333396911621,53.76,17.88,125.60747663551402,-49.90276805555555,-49.89999,36.023148148148145,37.0,123.60067025462965,123.92389075976106,0,0,92.33833595108243,92.33833595108243,92.57980424998095
888,2020-06-16T14:07:26,2020-06-16T14:35:46,171,46.0,65.2,19.200000000000003,23.56388416666666,122.7285633680555,28.33333396911621,82.14,27.32,125.98159509202453,-49.89999,-49.89999,37.973684210526315,39.0,122.7285633680555,123.92389075976106,0,0,91.6868111776986,91.6868111776986,92.57980424998095
890,2020-06-16T19:36:53,2020-06-16T19:54:33,107,35.2,46.0,10.799999999999997,13.198055766666668,122.20422006172844,17.66666603088379,57.85,19.24,125.76086956521739,-44.643926,-6.200012,35.6822429906542,37.0,122.20422006172844,123.75001380997477,0,0,91.29509009500879,91.29509009500879,92.44990602070403
893,2020-06-16T20:25:35,2020-06-16T20:55:45,182,58.4,76.4,18.000000000000007,22.625,125.69444444444439,30.16666603088379,96.22,32.01,125.94240837696334,-45.0,-45.0,37.142857142857146,39.0,125.69444444444439,123.75001380997477,0,0,93.90253155088402,93.90253155088402,92.44990602070403
894,2020-06-16T20:55:56,2020-06-16T21:22:16,159,76.8,92.4,15.600000000000009,19.717499458333336,126.3942272970085,26.33333396911621,116.48,38.74,126.06060606060606,-44.924527044025155,-44.39999,37.990566037735846,39.0,126.3942272970085,123.75001380997477,0,0,94.42531823156911,94.42531823156911,92.44990602070403
896,2020-06-17T11:42:34,2020-06-17T12:09:04,160,68.0,87.6,19.599999999999994,24.277915513888885,123.86691588718823,26.5,110.45,36.74,126.08447488584477,-54.968747375,-54.80002,34.175,35.0,123.86691588718823,123.87791619801331,0,0,92.53724003966104,92.53724003966104,92.54545804037609
897,2020-06-17T12:09:15,2020-06-17T12:27:25,110,87.6,97.6,10.0,12.624167555555555,126.24167555555555,18.16666603088379,122.95,40.9,125.97336065573771,-41.62454836363637,-13.0,34.5,35.0,126.24167555555555,123.92389075976106,0,0,94.31135142278737,94.31135142278737,92.57980424998095
898,2020-06-18T02:45:44,2020-06-18T03:08:34,138,24.0,38.0,14.0,17.130417208333334,122.36012291666665,22.83333396911621,47.81,15.9,125.81578947368422,-45.014494202898554,-45.0,32.18840579710145,34.0,122.36012291666665,123.87791619801331,0,0,91.41156041968713,91.41156041968713,92.54545804037609
899,2020-06-18T03:08:45,2020-06-18T03:37:55,176,38.4,56.8,18.4,21.875,118.88586956521739,29.16666603088379,71.42,23.76,125.73943661971832,-45.0,-45.0,33.58522727272727,35.0,118.88586956521739,123.87791619801331,0,0,88.8160504399726,88.8160504399726,92.54545804037609
900,2020-06-18T03:38:06,2020-06-18T04:06:46,173,56.8,74.4,17.60000000000001,21.501111222222224,122.16540467171713,28.66666603088379,93.73,31.17,125.98118279569891,-45.002312369942196,-45.0,34.87861271676301,36.0,122.16540467171713,123.87791619801331,0,0,91.26609228686137,91.26609228686137,92.54545804037609
901,2020-06-18T04:06:57,2020-06-18T04:34:27,166,74.4,90.8,16.39999999999999,20.609305583333335,125.66649745934966,27.5,114.4,38.05,125.99118942731279,-44.96445789156627,-44.39999,35.0,36.0,125.66649745934966,123.87791619801331,0,0,93.88165320052248,93.88165320052248,92.54545804037609
904,2020-06-18T07:10:32,2020-06-18T07:39:22,174,74.8,94.8,20.0,24.719863333333333,123.59931666666665,28.83333396911621,119.42,39.72,125.9704641350211,-51.43103913793103,-44.20001,35.5,37.0,123.59931666666665,123.87791619801331,0,0,92.33732472630662,92.33732472630662,92.54545804037609
906,2020-06-18T18:10:08,2020-06-18T18:34:11,146,22.0,44.8,22.799999999999997,28.03491493611111,122.96015322855752,24.049999237060547,56.29,18.72,125.64732142857144,-69.94109164383562,-69.80002,37.23287671232877,40.0,122.96015322855752,123.87791619801331,0,0,91.85982498335066,91.85982498335066,92.54545804037609
907,2020-06-18T18:34:22,2020-06-18T19:03:42,177,45.2,73.2,28.0,34.204581680555556,122.1592202876984,29.33333396911621,92.28,30.69,126.06557377049181,-69.96383841807909,-69.80002,40.228813559322035,42.0,122.1592202876984,123.87791619801331,0,0,91.2614721199319,91.2614721199319,92.54545804037609
908,2020-06-18T19:03:53,2020-06-18T19:25:43,132,73.6,91.6,18.0,22.933056194444447,127.4058677469136,21.83333396911621,115.43,38.4,126.01528384279477,-62.97197136363637,-42.89999,41.61363636363637,43.0,127.4058677469136,123.92389075976106,0,0,95.18108432517202,95.18108432517202,92.57980424998095
909,2020-06-19T02:37:55,2020-06-19T02:55:05,104,28.0,34.0,6.0,7.467502861111115,124.4583810185186,17.16666603088379,42.72,14.2,125.6470588235294,-26.10001,-26.10001,34.5,36.0,124.4583810185186,123.98449020736206,0,0,92.97910581504577,92.97910581504577,92.6250762710752
910,2020-06-19T02:55:16,2020-06-19T03:22:36,165,34.0,44.0,10.0,11.89000455555556,118.9000455555556,27.33333396911621,55.29,18.39,125.6590909090909,-26.100010000000008,-26.10001,34.60606060606061,37.0,118.9000455555556,123.98449020736206,0,0,88.82664089515049,88.82664089515049,92.6250762710752
911,2020-06-19T03:22:47,2020-06-19T03:53:17,184,44.0,55.2,11.200000000000003,13.26750508333334,118.45986681547622,30.5,69.48,23.11,125.8695652173913,-26.10001,-26.10001,35.5,37.0,118.45986681547622,123.92389075976106,0,0,88.49779662354388,88.49779662354388,92.57980424998095
912,2020-06-19T03:53:28,2020-06-19T04:24:08,185,55.2,66.0,10.799999999999997,13.340005111111115,123.51856584362146,30.66666603088379,83.08,27.63,125.87878787878788,-26.100010000000005,-26.10001,35.5,37.0,123.51856584362146,123.87791619801331,0,0,92.2769982198944,92.2769982198944,92.54545804037609
913,2020-06-19T04:24:19,2020-06-19T04:53:59,179,66.0,76.4,10.400000000000006,12.90500494444445,124.0865860042735,29.66666603088379,96.22,32.01,125.94240837696334,-26.100010000000005,-26.10001,35.5,37.0,124.0865860042735,123.92389075976106,0,0,92.70134896421659,92.70134896421659,92.57980424998095
914,2020-06-19T04:54:10,2020-06-19T05:25:50,191,76.4,87.6,11.199999999999989,13.775005277777783,122.99111855158746,31.66666603088379,110.34,36.7,125.95890410958906,-26.100010000000008,-26.10001,35.5,37.0,122.99111855158746,123.87791619801331,0,0,91.8829582430238,91.8829582430238,92.54545804037609
915,2020-06-19T05:26:01,2020-06-19T05:54:41,173,87.6,97.2,9.600000000000009,12.470004777777783,129.89588310185178,28.66666603088379,122.46,40.73,125.98765432098764,-26.100010000000005,-26.10001,35.5,37.0,129.89588310185178,123.92389075976106,0,0,97.04129975842145,97.04129975842145,92.57980424998095
920,2020-06-19T14:01:03,2020-06-19T14:36:43,215,36.4,42.0,5.600000000000001,6.7188914805555555,119.9802050099206,35.66666793823242,52.76,17.55,125.61904761904762,-11.311167153488373,0.0,37.60697674418605,39.0,119.9802050099206,123.92389075976106,0,0,89.63359547211532,89.63359547211532,92.57980424998095
925,2020-06-19T16:28:58,2020-06-19T16:49:18,123,54.4,60.8,6.399999999999999,8.203197416666669,128.1749596354167,20.33333396911621,76.5,25.45,125.82236842105263,-24.221960000000003,0.0,38.5,39.0,128.1749596354167,123.98449020736206,0,0,95.7556496979289,95.7556496979289,92.6250762710752
928,2020-06-19T18:02:21,2020-06-19T18:28:01,155,71.6,80.8,9.200000000000003,11.176948222222224,121.48856763285022,25.66666603088379,101.78,33.86,125.96534653465348,-26.12775077419355,-26.0,38.5,39.0,121.48856763285022,123.92389075976106,0,0,90.76044773210066,90.76044773210066,92.57980424998095
929,2020-06-19T18:28:12,2020-06-19T18:59:12,187,80.8,91.6,10.799999999999997,13.497365333333335,124.97560493827164,31.0,115.35,38.37,125.92794759825328,-26.124072352941177,-25.89999,38.5,39.0,124.97560493827164,123.92389075976106,0,0,93.36550821857402,93.36550821857402,92.57980424998095
931,2020-06-20T02:38:58,2020-06-20T02:59:08,122,23.6,42.8,19.199999999999996,23.885279805555555,124.40249898726854,20.16666603088379,53.85,17.91,125.8177570093458,-71.06312073770492,-70.80002,36.23360655737705,39.0,124.40249898726854,123.92389075976106,0,0,92.93735803354454,92.93735803354454,92.57980424998095
932,2020-06-20T02:59:19,2020-06-20T03:24:19,151,43.2,67.6,24.39999999999999,29.606252291666664,121.33709955601095,25.0,85.16,28.33,125.97633136094676,-71.05497238410597,-71.0,38.75496688741722,41.0,121.33709955601095,123.87791619801331,0,0,90.64729049649478,90.64729049649478,92.54545804037609
933,2020-06-20T03:24:30,2020-06-20T03:51:50,165,67.6,91.6,24.0,29.978614597222222,124.91089415509259,27.33333396911621,115.35,38.37,125.92794759825328,-65.76000763636362,-45.20001,40.03333333333333,42.0,124.91089415509259,123.87791619801331,0,0,93.3171647425675,93.3171647425675,92.54545804037609
936,2020-06-20T16:21:06,2020-06-20T16:52:36,190,53.6,83.6,29.999999999999993,37.15431381944445,123.84771273148152,31.5,105.33,35.03,125.99282296650718,-70.77001573684211,-70.70001,39.97631578947368,41.0,123.84771273148152,123.85731430933487,0,0,92.52289394073362,92.52289394073362,92.53006699019733
937,2020-06-20T16:52:47,2020-06-20T17:13:57,128,83.6,98.0,14.400000000000006,17.790140152777777,123.54263994984564,21.16666603088379,123.44,41.06,125.95918367346938,-50.31172226562501,0.0,41.1953125,42.0,123.54263994984564,123.72419149305559,0,0,92.29498325916376,92.29498325916376,92.43061494590802
939,2020-06-21T01:43:47,2020-06-21T02:10:27,161,44.0,69.6,25.599999999999994,31.332499916666666,122.39257779947918,26.66666603088379,87.63,29.15,125.90517241379311,-70.49813645962733,-70.39999,38.409937888198755,40.0,122.39257779947918,123.72419149305559,0,0,91.43580648458487,91.43580648458487,92.43061494590802
940,2020-06-21T02:10:38,2020-06-21T02:39:38,175,70.0,94.0,24.0,30.050280569444446,125.2095023726852,29.0,118.47,39.4,126.03191489361703,-62.146862914285705,-44.70001,39.84,41.0,125.2095023726852,123.85731430933487,0,0,93.54024594315497,93.54024594315497,92.53006699019733
943,2020-06-21T22:24:00,2020-06-21T22:57:10,200,16.8,48.0,31.2,38.52833897222223,123.48826593660971,33.16666793823242,60.34,20.07,125.70833333333334,-69.6995102,-69.60001,39.64,42.0,123.48826593660971,123.85731430933487,0,0,92.25436207247566,92.25436207247566,92.53006699019733
944,2020-06-21T22:57:21,2020-06-21T23:27:01,179,48.4,75.6,27.199999999999996,34.458893888888895,126.68710988562096,29.66666603088379,95.27,31.68,126.01851851851853,-69.69218888268156,-69.60001,42.63966480446928,44.0,126.68710988562096,123.87791619801331,0,0,94.64412198729151,94.64412198729151,92.54545804037609
945,2020-06-21T23:27:12,2020-06-21T23:50:32,141,75.6,92.4,16.80000000000001,21.760837555555558,129.5287949735449,23.33333396911621,116.35,38.71,125.91991341991341,-55.9652590780142,-44.70001,43.63120567375886,45.0,129.5287949735449,123.87791619801331,0,0,96.76705928023128,96.76705928023128,92.54545804037609
947,2020-06-22T14:38:01,2020-06-22T15:07:41,179,33.6,61.6,28.0,34.54819365277778,123.38640590277778,29.66666603088379,77.63,25.82,126.02272727272727,-69.87262413407821,-69.80002,40.47206703910614,43.0,123.38640590277778,123.87791619801331,0,0,92.17826551082608,92.17826551082608,92.54545804037609
951,2020-06-22T22:30:08,2020-06-22T22:52:58,138,30.4,52.0,21.6,26.870697958333338,124.4013794367284,22.83333396911621,65.52,21.79,125.99999999999999,-70.60870485507247,-70.5,39.89492753623188,42.0,124.4013794367284,123.9495159564394,0,0,92.93652165107447,92.93652165107447,92.59894806218539
952,2020-06-22T22:53:09,2020-06-22T23:19:39,160,52.0,77.2,25.200000000000003,31.193893277777775,123.78529078483244,26.5,97.21,32.33,125.91968911917097,-70.62750993750001,-70.5,42.028125,44.0,123.78529078483244,123.87791619801331,0,0,92.47626038552289,92.47626038552289,92.54545804037609
953,2020-06-22T23:19:50,2020-06-22T23:47:40,168,77.2,97.6,20.39999999999999,26.325977541666678,129.04890951797398,27.83333396911621,122.98,40.91,126.00409836065575,-56.75953529761906,-45.80002,42.67857142857143,44.0,129.04890951797398,123.9495159564394,0,0,96.40855131807169,96.40855131807169,92.59894806218539
954,2020-06-23T13:26:06,2020-06-23T13:48:16,134,18.0,39.2,21.200000000000003,26.46194748611111,124.82050700995806,22.16666603088379,49.28,16.39,125.71428571428571,-71.62538141791043,-71.30002,39.32089552238806,41.0,124.82050700995806,123.9495159564394,0,0,93.24963923031989,93.24963923031989,92.59894806218539
955,2020-06-23T13:48:27,2020-06-23T14:25:27,223,39.2,75.2,36.0,44.14764511111112,122.63234753086422,37.0,94.7,31.5,125.93085106382979,-71.58790246636772,-70.20001,42.66591928251121,45.0,122.63234753086422,123.9495159564394,0,0,91.61493122526727,91.61493122526727,92.59894806218539
958,2020-06-23T19:44:30,2020-06-23T20:15:50,189,58.8,87.6,28.799999999999997,35.830145750000014,124.41022829861117,31.33333396911621,110.4,36.72,126.027397260274,-68.58943105820106,-45.39999,43.097883597883595,45.0,124.41022829861117,123.9495159564394,0,0,92.94313236912019,92.94313236912019,92.59894806218539
959,2020-06-23T20:16:01,2020-06-23T20:32:51,102,87.6,98.0,10.400000000000006,13.281664555555556,127.70831303418798,16.83333396911621,123.48,41.07,126.0,-47.443129803921565,-45.39999,43.38725490196079,45.0,127.70831303418798,123.9495159564394,0,0,95.40703208488586,95.40703208488586,92.59894806218539
961,2020-06-24T03:28:41,2020-06-24T03:59:51,188,51.2,70.0,18.799999999999997,23.398613472222227,124.46070995862888,31.16666603088379,88.18999,29.33,125.9857,-45.045217287234046,-45.0,38.4813829787234,40.0,124.46070995862888,123.9495159564394,0,0,92.98084569601785,92.98084569601785,92.59894806218539
962,2020-06-24T04:00:02,2020-06-24T04:24:32,148,70.0,84.4,14.400000000000006,18.384723194444447,127.67168885030863,24.5,106.34,35.37,125.9952606635071,-45.023651013513515,-45.0,38.5,40.0,127.67168885030863,123.9495159564394,0,0,95.37967126080603,95.37967126080603,92.59894806218539
963,2020-06-24T04:24:43,2020-06-24T04:46:53,134,84.8,97.6,12.799999999999997,16.64708554166667,130.05535579427087,22.16666603088379,122.97,40.9,125.9938524590164,-45.05970746268657,-45.0,38.5,40.0,130.05535579427087,123.9495159564394,0,0,97.1604370011021,97.1604370011021,92.59894806218539
964,2020-06-24T15:31:29,2020-06-24T15:51:39,122,32.4,44.8,12.399999999999999,15.15930891666667,122.2524912634409,20.16666603088379,56.27,18.72,125.6026785714286,-45.10246901639344,-45.10001,38.27049180327869,40.0,122.2524912634409,123.87791619801331,0,0,91.33115205512038,91.33115205512038,92.54545804037609
965,2020-06-24T15:51:50,2020-06-24T16:22:40,186,44.8,63.6,18.800000000000004,23.176394027777782,123.27869163711583,30.83333396911621,80.03,26.62,125.83333333333333,-45.10000999999999,-45.10001,39.696236559139784,41.0,123.27869163711583,123.85731430933487,0,0,92.09779542899781,92.09779542899781,92.53006699019733
966,2020-06-24T16:22:51,2020-06-24T16:48:11,153,64.0,79.2,15.200000000000003,19.042226444444452,125.27780555555559,25.33333396911621,99.75,33.18,125.94696969696969,-45.10001,-45.10001,40.467320261437905,41.0,125.27780555555559,123.85731430933487,0,0,93.59127319271133,93.59127319271133,92.53006699019733
967,2020-06-24T16:48:22,2020-06-24T17:14:32,158,79.2,94.4,15.200000000000003,19.668615472222225,129.39878600146199,26.16666603088379,118.88,39.55,125.93220338983049,-45.100010000000005,-45.10001,40.68354430379747,42.0,129.39878600146199,123.97675094573086,0,0,96.66993349510312,96.66993349510312,92.61929450193881
969,2020-06-25T01:29:14,2020-06-25T01:51:26,136,46.8,60.4,13.600000000000001,16.61694454166667,122.18341574754903,22.200000762939453,75.96,25.27,125.7615894039735,-44.82205904411765,-20.39999,36.875,38.0,122.18341574754903,123.97675094573086,0,0,91.27954781883851,91.27954781883851,92.61929450193881
970,2020-06-25T01:51:37,2020-06-25T02:16:17,149,60.4,75.2,14.800000000000004,18.49416608333333,124.96058164414407,24.66666603088379,94.73,31.51,125.97074468085107,-44.98590463087248,-44.89999,37.419463087248324,39.0,124.96058164414407,124.24398272050095,0,0,93.35428476826922,93.35428476826922,92.81893530764553
973,2020-06-25T13:51:17,2020-06-25T14:20:37,177,8.8,38.8,29.999999999999996,36.17250269444445,120.57500898148149,29.33333396911621,48.83,16.24,125.85051546391753,-73.92260440677966,-50.20001,36.333333333333336,39.0,120.57500898148149,123.97675094573086,0,0,90.07795559441789,90.07795559441789,92.61929450193881
974,2020-06-25T14:20:48,2020-06-25T14:52:18,190,38.8,70.0,31.200000000000003,38.84736259722224,124.51077755519945,31.5,88.25999,29.36,126.08570000000002,-73.99473963157895,-73.70001,39.66315789473684,42.0,124.51077755519945,123.97675094573086,0,0,93.01824968859226,93.01824968859226,92.61929450193881
975,2020-06-25T14:52:29,2020-06-25T15:09:09,101,70.0,86.4,16.400000000000006,20.559445888888888,125.36247493224927,16.66666603088379,108.89,36.22,126.03009259259258,-74.01188653465346,-73.70001,41.301980198019805,43.0,125.36247493224927,124.24398272050095,0,0,93.65452713246589,93.65452713246589,92.81893530764553
977,2020-06-26T01:47:02,2020-06-26T02:13:52,162,16.4,41.2,24.800000000000004,30.94806005555556,124.79056474014335,26.83333396911621,51.85,17.25,125.8495145631068,-69.20062734567901,-69.20001,33.56481481481482,36.0,124.79056474014335,124.24398272050095,0,0,93.22727026287342,93.22727026287342,92.81893530764553
978,2020-06-26T02:14:03,2020-06-26T02:43:13,176,41.6,68.4,26.800000000000004,33.63944936111111,125.52033343698176,29.16666603088379,86.21,28.67,126.03801169590642,-69.20114647727273,-69.20001,36.55681818181818,39.0,125.52033343698176,124.40193921199847,0,0,93.77245846417061,93.77245846417061,92.9369398423095
979,2020-06-26T02:43:24,2020-06-26T03:11:54,172,68.8,92.0,23.200000000000003,29.74819793055556,128.22499107998084,28.5,115.88,38.54,125.95652173913042,-62.59419337209303,-44.5,37.781976744186046,39.0,128.22499107998084,124.40636364293985,0,0,95.79302668242877,95.79302668242877,92.94024520133237
982,2020-06-26T10:51:15,2020-06-26T11:11:21,362,34.8,46.8,12.0,15.142003350000001,126.18336125000002,20.100000381469727,58.89,19.59,125.83333333333334,-45.200010000000006,-45.20001,36.02624309392265,38.0,126.18336125000002,124.43430465856488,0,0,94.26778656245088,94.26778656245088,92.96111909208298
983,2020-06-26T11:11:32,2020-06-26T11:32:18,189,46.8,59.6,12.800000000000004,15.644225683333339,122.22051315104169,20.766666412353516,74.99,24.94,125.8221476510067,-45.20000999999999,-45.20001,37.44444444444444,39.0,122.22051315104169,124.40636364293985,0,0,91.30726217103062,91.30726217103062,92.94024520133237
984,2020-06-26T11:32:29,2020-06-26T11:42:09,139,59.6,65.6,5.999999999999993,7.282223833333333,121.37039722222237,9.666666984558105,82.52,27.45,125.79268292682927,-45.200010000000006,-45.20001,38.0,39.0,121.37039722222237,124.40636364293985,0,0,90.6721661794719,90.6721661794719,92.94024520133237
985,2020-06-26T11:42:20,2020-06-26T12:09:10,162,65.6,82.0,16.400000000000006,20.21444891666667,123.25883485772354,26.83333396911621,103.28,34.35,125.95121951219514,-45.200010000000006,-45.20001,38.19135802469136,39.0,123.25883485772354,124.40636364293985,0,0,92.08296102751234,92.08296102751234,92.94024520133237
986,2020-06-26T12:09:21,2020-06-26T12:36:11,162,82.0,97.6,15.599999999999994,20.21444891666667,129.57980074786332,26.83333396911621,123.01,40.92,126.03483606557378,-45.200010000000006,-45.20001,38.69753086419753,40.0,129.57980074786332,124.43430465856488,0,0,96.80516415712843,96.80516415712843,92.96111909208298
988,2020-06-27T05:05:08,2020-06-27T05:34:58,180,52.8,80.4,27.60000000000001,34.77722463888889,126.00443709742348,29.83333396911621,101.22,33.67,125.89552238805969,-69.94222705555556,-69.70001,35.67777777777778,37.0,126.00443709742348,124.43430465856488,0,0,94.13411772007049,94.13411772007049,92.96111909208298
989,2020-06-27T05:35:09,2020-06-27T05:59:39,148,80.8,97.6,16.799999999999997,21.70292027777778,129.1840492724868,24.5,122.92,40.88,125.94262295081968,-53.17973864864866,-44.89999,36.902027027027025,38.0,129.1840492724868,124.43546912862003,0,0,96.50951015613336,96.50951015613336,92.96198903256902
991,2020-06-28T02:36:40,2020-06-28T03:12:40,217,27.6,61.2,33.6,41.94930723611111,124.8491286789021,36.0,77.02,25.62,125.84967320261437,-69.9152101843318,-69.60001,36.663594470046085,39.0,124.8491286789021,124.48574375691416,0,0,93.27102161665317,93.27102161665317,92.99954769230506
992,2020-06-28T03:12:51,2020-06-28T03:40:11,165,61.6,86.8,25.199999999999996,31.845835027777778,126.37236122134041,27.33333396911621,109.44,36.4,126.08294930875576,-69.90667042424244,-69.60001,39.224242424242426,41.0,126.37236122134041,124.6506711476714,0,0,94.40898274538759,94.40898274538759,93.12275997573283
993,2020-06-28T14:05:15,2020-06-28T14:23:35,111,20.8,26.4,5.599999999999998,6.997635874999997,124.95778348214284,18.33333396911621,33.09,11.01,125.3409090909091,-22.901791981981972,-22.89999,38.009009009009006,40.0,124.95778348214284,124.80553587505071,0,0,93.35219434576275,93.35219434576275,93.23845474659666
994,2020-06-28T14:23:46,2020-06-28T14:51:06,165,26.8,34.8,7.9999999999999964,10.432217666666665,130.40272083333338,27.33333396911621,43.7,14.54,125.57471264367818,-22.899989999999995,-22.89999,38.0,39.0,130.40272083333338,124.83481784443009,0,0,97.41994295368744,97.41994295368744,93.26033042348652
995,2020-06-28T14:51:17,2020-06-28T15:24:07,198,35.2,45.2,10.0,12.531383416666662,125.31383416666661,32.83333206176758,56.8,18.89,125.66371681415929,-22.899989999999995,-22.89999,38.782828282828284,40.0,125.31383416666661,124.88001141699735,0,0,93.61818908232395,93.61818908232395,93.29409317961034
996,2020-06-28T15:24:18,2020-06-28T15:55:38,189,45.2,55.2,10.0,11.95749519444444,119.57495194444441,31.33333396911621,69.45,23.1,125.81521739130434,-22.897345291005283,-22.80002,39.0,40.0,119.57495194444441,124.83481784443009,0,0,89.33084311949412,89.33084311949412,93.26033042348652
997,2020-06-28T15:55:49,2020-06-28T16:25:49,181,55.2,64.8,9.599999999999994,11.44777344444444,119.24764004629631,30.0,81.55,27.13,125.84876543209876,-22.89557143646409,-22.80002,39.0,40.0,119.24764004629631,124.83481784443009,0,0,89.08631826416993,89.08631826416993,93.26033042348652
998,2020-06-28T16:26:00,2020-06-28T16:54:00,169,64.8,73.2,8.400000000000006,10.686661999999998,127.22216666666655,28.0,92.12,30.64,125.84699453551913,-22.89999,-22.89999,39.0,40.0,127.22216666666655,124.83481784443009,0,0,95.04384678408519,95.04384678408519,93.26033042348652
1000,2020-06-28T16:59:46,2020-06-28T17:30:46,187,75.2,84.4,9.200000000000003,11.831383805555552,128.60199788647336,31.0,106.31,35.36,125.95971563981041,-22.899455401069517,-22.80002,39.0,40.0,128.60199788647336,124.88001141699735,0,0,96.07467710618484,96.07467710618484,93.29409317961034
1001,2020-06-28T17:30:57,2020-06-28T17:49:47,114,84.4,90.0,5.599999999999994,7.188052416666664,128.3580788690477,18.83333396911621,113.37,37.71,125.96666666666667,-22.899989999999995,-22.89999,38.86842105263158,40.0,128.3580788690477,124.88001141699735,0,0,95.89245255894323,95.89245255894323,93.29409317961034
1002,2020-06-29T00:48:51,2020-06-29T01:20:41,192,32.4,62.4,30.0,37.12027900000001,123.73426333333337,31.83333396911621,78.6,26.14,125.96153846153845,-69.96510645833334,-69.70001,37.619791666666664,40.0,123.73426333333337,124.88001141699735,0,0,92.43813931425733,92.43813931425733,93.29409317961034
1003,2020-06-29T01:20:52,2020-06-29T01:47:02,158,62.4,86.8,24.4,30.49416805555556,124.97609858834245,26.16666603088379,109.27,36.35,125.88709677419355,-69.92342088607595,-69.60001,39.66772151898734,41.0,124.97609858834245,124.93433881861772,0,0,93.36587700966543,93.36587700966543,93.33467954416513
1004,2020-06-29T13:34:11,2020-06-29T13:55:01,126,19.6,39.2,19.6,24.46249861111111,124.80866638321993,20.83333396911621,49.27,16.38,125.68877551020408,-70.45158341269841,-70.30002,38.37698412698413,40.0,124.80866638321993,124.90345608052247,0,0,93.24079345490975,93.24079345490975,93.31160798120797
1005,2020-06-29T13:55:12,2020-06-29T14:25:52,185,39.2,68.8,29.599999999999994,36.014303652777784,121.66994477289795,30.66666603088379,86.64,28.82,125.93023255813955,-70.46269897297297,-70.39999,41.12972972972973,43.0,121.66994477289795,124.90345608052247,0,0,90.8959491274982,90.8959491274982,93.31160798120797
1006,2020-06-29T14:26:03,2020-06-29T14:54:03,169,68.8,92.4,23.60000000000001,29.823473069444447,126.37064859934083,28.0,116.46,38.74,126.03896103896102,-63.87278289940828,-45.5,42.751479289940825,44.0,126.37064859934083,124.95918256314346,0,0,94.40770329710281,94.40770329710281,93.353239557016
1007,2020-06-30T08:24:08,2020-06-30T08:46:38,136,36.8,58.0,21.200000000000003,26.135142944444443,123.2789761530398,22.5,72.93,24.26,125.74137931034485,-69.69339316176472,-69.60001,34.10294117647059,36.0,123.2789761530398,124.95918256314346,0,0,92.09800798227053,92.09800798227053,93.353239557016
1008,2020-06-30T08:46:49,2020-06-30T09:14:19,166,58.4,84.0,25.6,31.94181013888889,124.77269585503473,27.5,105.82,35.2,125.97619047619047,-69.69097385542167,-69.60001,36.433734939759034,38.0,124.77269585503473,124.90345608052247,0,0,93.21392095730062,93.21392095730062,93.31160798120797
1009,2020-06-30T09:14:30,2020-06-30T09:35:10,125,84.0,97.6,13.599999999999994,17.22236438888889,126.6350322712419,20.66666603088379,123.02,40.92,126.04508196721311,-50.06000952,-45.0,37.5,38.0,126.6350322712419,124.95918256314346,0,0,94.60521637098573,94.60521637098573,93.353239557016
1010,2020-07-01T07:41:21,2020-07-01T08:08:31,164,16.4,41.6,25.200000000000003,31.40208456944445,124.61144670414464,27.16666603088379,52.31,17.4,125.7451923076923,-69.35427103658536,-69.20001,34.2530487804878,36.0,124.61144670414464,124.90345608052247,0,0,93.09345657603116,93.09345657603116,93.31160798120797
1011,2020-07-01T08:08:42,2020-07-01T08:41:32,198,41.6,72.4,30.800000000000004,37.978051277777766,123.30536129148624,32.83333206176758,91.2,30.33,125.96685082872926,-69.40150732323232,-69.30002,37.72727272727273,40.0,123.30536129148624,124.83481784443009,0,0,92.11771952406849,92.11771952406849,93.26033042348652
1012,2020-07-01T08:41:43,2020-07-01T09:12:23,185,72.4,96.0,23.599999999999994,29.926110527777784,126.8055530838042,30.66666603088379,120.92,40.22,125.95833333333334,-58.54270156756756,-44.5,39.456756756756754,40.0,126.8055530838042,124.90345608052247,0,0,94.73260733128225,94.73260733128225,93.31160798120797
1014,2020-07-02T13:10:11,2020-07-02T13:32:11,133,17.2,30.4,13.2,16.54014255555556,125.30411026936028,22.0,38.17,12.7,125.5592105263158,-45.10978443609022,-45.10001,33.12781954887218,34.0,125.30411026936028,124.95918256314346,0,0,93.61092465168312,93.61092465168312,93.353239557016
1015,2020-07-02T13:32:22,2020-07-02T14:02:22,181,30.4,48.4,18.0,22.550005000000002,125.27780555555557,30.0,60.87,20.24,125.76446280991735,-45.10001,-45.10001,34.671270718232044,36.0,125.27780555555557,124.96834011624327,0,0,93.59127319271131,93.59127319271131,93.36008088896733
1016,2020-07-02T14:02:33,2020-07-02T14:34:13,191,48.8,68.4,19.60000000000001,23.802783055555555,121.44277069160992,31.66666603088379,86.13,28.65,125.92105263157893,-45.100010000000005,-45.10001,36.589005235602095,38.0,121.44277069160992,124.95918256314346,0,0,90.72623421742418,90.72623421742418,93.353239557016
1017,2020-07-02T14:34:24,2020-07-02T15:04:44,183,68.4,86.4,18.0,22.800560611111113,126.66978117283952,30.33333396911621,108.9,36.22,126.04166666666666,-45.100010000000005,-45.10001,37.322404371584696,38.0,126.66978117283952,124.96834011624327,0,0,94.6311762281859,94.6311762281859,93.36008088896733
1018,2020-07-02T15:04:55,2020-07-02T15:25:25,124,86.4,97.6,11.199999999999989,14.32319795833334,127.8856960565478,20.5,122.94,40.89,125.96311475409836,-41.82097806451612,-13.80002,37.83467741935484,39.0,127.8856960565478,125.126952071949,0,0,95.5395495953244,95.5395495953244,93.47857510118837
1020,2020-07-03T00:46:28,2020-07-03T01:14:48,171,35.6,62.0,26.4,32.66833808333334,123.74370486111113,28.33333396911621,78.06,25.96,125.90322580645162,-69.18012701754385,-69.0,36.93567251461988,39.0,123.74370486111113,125.126952071949,0,0,92.44519279513277,92.44519279513277,93.47857510118837
1021,2020-07-03T01:14:59,2020-07-03T01:40:19,153,62.0,85.2,23.200000000000003,29.207782111111115,125.89561254789271,25.33333396911621,107.36,35.71,126.0093896713615,-69.17648084967321,-69.10001,38.849673202614376,40.0,125.89561254789271,125.126952071949,0,0,94.05281817862306,94.05281817862306,93.47857510118837
1022,2020-07-03T01:40:30,2020-07-03T02:00:00,118,85.6,97.6,12.0,15.673477652777786,130.61231377314823,19.5,123.01,40.92,126.03483606557378,-48.30001669491524,-44.70001,39.067796610169495,41.0,130.61231377314823,125.27780555555557,0,0,97.57652352278734,97.57652352278734,93.59127319271133
1023,2020-07-03T20:31:29,2020-07-03T20:52:59,130,43.6,63.6,20.0,25.131669027777782,125.6583451388889,21.5,80.12,26.65,125.9748427672956,-70.13385269230771,-69.89999,32.51538461538462,34.0,125.6583451388889,125.27780555555557,0,0,93.87556284758236,93.87556284758236,93.59127319271133
1024,2020-07-03T20:53:10,2020-07-03T21:25:30,195,63.6,91.2,27.6,34.99069677777778,126.77788687600643,32.33333206176758,114.91,38.23,125.99780701754385,-64.89436328205129,-45.30002,34.32051282051282,36.0,126.77788687600643,125.27780555555557,0,0,94.71193874117783,94.71193874117783,93.59127319271133
1026,2020-07-04T03:29:25,2020-07-04T03:56:45,165,37.6,63.2,25.6,31.81041975,124.2594521484375,27.33333396911621,79.52,26.45,125.82278481012658,-69.82727945454546,-69.60001,34.593939393939394,37.0,124.2594521484375,125.27780555555557,0,0,92.83049205107446,92.83049205107446,93.59127319271133
1027,2020-07-04T03:56:56,2020-07-04T04:26:56,181,63.2,89.6,26.39999999999999,33.42597605555556,126.61354566498322,30.0,112.94,37.56,126.04910714285715,-66.8011126519337,-45.10001,36.44475138121547,38.0,126.61354566498322,125.29095791245794,0,0,94.5891643749644,94.5891643749644,93.60109892219722
1029,2020-07-04T16:06:43,2020-07-04T16:31:43,151,22.4,45.6,23.200000000000003,28.99680851388889,124.98624359434865,25.0,57.35,19.08,125.76754385964912,-69.3629209271523,0.0,31.728476821192054,34.0,124.98624359434865,125.29095791245793,0,0,93.37345603792552,93.37345603792552,93.60109892219722
1030,2020-07-04T16:31:54,2020-07-04T16:59:44,168,45.6,72.4,26.800000000000004,32.37542018055556,120.80380664386402,27.83333396911621,91.28,30.36,126.07734806629833,-69.79167422619048,-69.60001,34.67559523809524,36.0,120.80380664386402,125.13202457495211,0,0,90.24888343299982,90.24888343299982,93.48236461531842
1031,2020-07-04T16:59:55,2020-07-04T17:17:25,106,72.8,88.0,15.200000000000003,19.364446777777783,127.39767616959065,17.5,110.88,36.88,126.0,-66.30755518867925,-45.10001,35.943396226415096,37.0,127.39767616959065,125.29095791245793,0,0,95.17496464461318,95.17496464461318,93.60109892219722
1033,2020-07-05T00:39:29,2020-07-05T01:07:49,171,22.4,37.2,14.800000000000004,18.714999944444447,126.4527023273273,28.33333396911621,46.72,15.54,125.59139784946234,-39.574853625731,-19.89999,33.2046783625731,35.0,126.4527023273273,125.30897221801345,0,0,94.4690031645327,94.4690031645327,93.61455686700353
1034,2020-07-05T01:08:00,2020-07-05T01:42:10,206,37.2,56.0,18.799999999999997,22.676951916666674,120.62208466312062,34.16666793823242,70.46,23.43,125.82142857142856,-39.823313980582526,-39.80002,34.5752427184466,36.0,120.62208466312062,125.30897221801345,0,0,90.11312441751056,90.11312441751056,93.61455686700353
1035,2020-07-05T01:42:21,2020-07-05T02:11:41,177,56.0,71.6,15.599999999999994,19.46875648611111,124.79972106481486,29.33333396911621,90.21,30.01,125.99162011173183,-39.82261209039549,-39.80002,35.48587570621469,37.0,124.79972106481486,125.30897221801345,0,0,93.234110677103,93.234110677103,93.61455686700353
1036,2020-07-05T02:11:52,2020-07-05T02:43:02,188,71.6,88.0,16.400000000000006,20.686117833333338,126.13486483739835,31.16666603088379,110.83,36.87,125.94318181818181,-39.82394898936172,-39.80002,35.505319148936174,37.0,126.13486483739835,125.30897221801345,0,0,94.23155635407086,94.23155635407086,93.61455686700353
1037,2020-07-05T02:43:13,2020-07-05T03:01:53,113,88.0,97.6,9.599999999999994,12.390142736111112,129.06398683449083,18.66666603088379,122.99,40.91,126.01434426229508,-39.82567601769912,-39.80002,35.86725663716814,37.0,129.06398683449083,125.41708380182419,0,0,96.41981512687553,96.41981512687553,93.69532377324728
1038,2020-07-05T06:43:14,2020-07-05T07:16:14,199,63.6,85.2,21.6,27.421529319444446,126.95152462705761,33.0,107.33,35.7,125.97417840375587,-49.85728924623115,-49.80002,34.5,36.0,126.95152462705761,125.48608965277776,0,0,94.84165827228817,94.84165827228817,93.74687596495315
1039,2020-07-05T07:16:25,2020-07-05T07:37:55,130,85.6,97.6,12.0,15.610275333333334,130.0856277777778,21.5,122.94,40.89,125.96311475409836,-43.47307015384616,-13.70001,34.5,36.0,130.0856277777778,125.48608965277776,0,0,97.18305228771187,97.18305228771187,93.74687596495315
1041,2020-07-05T18:10:02,2020-07-05T18:44:12,206,27.2,61.6,34.400000000000006,42.915000138888885,124.75290738049091,34.16666793823242,77.59,25.81,125.95779220779221,-75.36262160194175,-75.20001,38.237864077669904,41.0,124.75290738049091,125.30897221801345,0,0,93.19913758430903,93.19913758430903,93.61455686700353
1042,2020-07-05T18:44:23,2020-07-05T19:09:43,153,62.0,87.2,25.200000000000003,31.842496916666665,126.35911474867724,25.33333396911621,109.9,36.56,126.03211009174312,-75.41633254901961,-75.30002,40.71568627450981,42.0,126.35911474867724,125.48608965277776,0,0,94.39908670485303,94.39908670485303,93.74687596495315
1043,2020-07-05T19:09:54,2020-07-05T19:27:24,106,87.2,97.6,10.399999999999991,13.423891513888892,129.07587994123946,17.5,122.92,40.88,125.94262295081968,-46.01698999999999,-14.89999,41.0,42.0,129.07587994123946,125.77697884339081,0,0,96.42870010852,96.42870010852,93.96419051310271
1048,2020-07-07T14:20:08,2020-07-07T14:49:38,178,29.2,44.8,15.599999999999998,19.715838249999997,126.38357852564103,29.5,56.29,18.72,125.64732142857144,-40.10001,-40.10001,37.66573033707865,39.0,126.38357852564103,125.9500248226581,0,0,94.41736285538896,94.41736285538896,94.09346794934677
1049,2020-07-07T14:49:49,2020-07-07T15:18:29,173,44.8,60.4,15.600000000000001,19.158893666666668,122.81342094017093,28.66666603088379,76.04,25.3,125.89403973509935,-40.10001,-40.10001,39.3150289017341,41.0,122.81342094017093,125.77697884339081,0,0,91.75020571258135,91.75020571258135,93.96419051310271
1050,2020-07-07T15:18:40,2020-07-07T15:49:30,186,60.8,77.2,16.400000000000006,20.606949583333336,125.65213160569103,30.83333396911621,97.18,32.32,125.88082901554405,-40.10001,-40.10001,40.0,41.0,125.65213160569103,125.65523837228997,0,0,93.87092090417957,93.87092090417957,93.87324187588096
1051,2020-07-07T15:49:41,2020-07-07T16:18:11,172,77.2,92.0,14.799999999999997,19.047504749999998,128.69935641891894,28.5,115.88,38.54,125.95652173913042,-40.10001,-40.10001,40.229651162790695,41.0,128.69935641891894,125.65523837228997,0,0,96.14741073180471,96.14741073180471,93.87324187588096
1054,2020-07-08T05:25:28,2020-07-08T05:56:18,186,22.4,51.2,28.800000000000004,35.946247402777786,124.81335903742286,30.83333396911621,64.48,21.45,125.9375,-69.94945731182796,-69.89999,36.634408602150536,39.0,124.81335903742286,125.65523837228997,0,0,93.24429919544819,93.24429919544819,93.87324187588096
1056,2020-07-08T06:10:09,2020-07-08T06:41:09,187,64.4,91.2,26.799999999999997,33.65263733333333,125.56954228855723,31.0,114.86,38.2,125.94298245614034,-65.09411459893049,-45.30002,39.66577540106952,41.0,125.56954228855723,125.61083694712413,0,0,93.8092209142381,93.8092209142381,93.84007090920883
1060,2020-07-08T15:01:32,2020-07-08T15:31:52,183,46.0,74.4,28.400000000000006,35.24361694444445,124.09724276212832,30.33333396911621,93.71,31.17,125.95430107526879,-69.7131263387978,-69.60001,38.59016393442623,40.0,124.09724276212832,125.61083694712413,0,0,92.70931030686077,92.70931030686077,93.84007090920883
1061,2020-07-08T15:32:03,2020-07-08T16:01:33,178,74.4,96.8,22.39999999999999,28.23486297222222,126.04849541170638,29.5,122.01,40.58,126.04338842975207,-57.427531853932585,-45.30002,39.91011235955056,41.0,126.04849541170638,125.61083694712413,0,0,94.16703235894188,94.16703235894188,93.84007090920883
1063,2020-07-09T01:54:46,2020-07-09T02:15:06,123,19.6,38.4,18.799999999999997,23.874026013888887,126.98950007387708,20.33333396911621,48.26,16.05,125.67708333333333,-70.44877536585366,-70.39999,35.979674796747965,38.0,126.98950007387708,125.65523837228997,0,0,94.87002858418928,94.87002858418928,93.87324187588096
1064,2020-07-09T02:15:17,2020-07-09T02:48:27,200,38.8,70.0,31.200000000000003,38.92666247222221,124.76494382122502,33.16666793823242,88.1,29.31,125.85714285714286,-70.41999240000001,-70.30002,38.66,41.0,124.76494382122502,125.65523837228997,0,0,93.20812964645457,93.20812964645457,93.87324187588096
1065,2020-07-09T02:48:38,2020-07-09T03:14:38,157,70.4,92.0,21.599999999999994,27.641942874999998,127.97195775462966,26.0,115.89,38.55,125.96739130434783,-63.75349955414012,-45.89999,40.16242038216561,42.0,127.97195775462966,125.77697884339081,0,0,95.60399311040231,95.60399311040231,93.96419051310271
1068,2020-07-09T15:11:22,2020-07-09T15:43:42,195,52.0,82.0,30.0,37.56625612500001,125.22085375000003,32.33333206176758,103.35,34.38,126.03658536585365,-69.71078061538462,-69.60001,39.04615384615385,40.0,125.22085375000003,125.65523837228997,0,0,93.54872621506487,93.54872621506487,93.87324187588096
1069,2020-07-09T15:43:53,2020-07-09T16:07:13,141,82.0,97.6,15.599999999999994,19.966111833333336,127.98789636752143,23.33333396911621,122.98,40.91,126.00409836065575,-51.27305156028369,-13.70001,39.98581560283688,41.0,127.98789636752143,125.65523837228997,0,0,95.61590036777206,95.61590036777206,93.87324187588096
1071,2020-07-10T02:59:45,2020-07-10T03:29:35,180,48.4,76.0,27.6,34.7459727638889,125.89120566626413,29.83333396911621,95.75999,31.85,125.99998684210526,-69.88000111111111,-69.80002,37.641666666666666,39.0,125.89120566626413,125.65523837228997,0,0,94.04952593016293,94.04952593016293,93.87324187588096
1072,2020-07-10T03:29:46,2020-07-10T04:00:16,184,76.0,97.6,21.599999999999994,27.631528458333342,127.9237428626544,30.5,122.99,40.91,126.01434426229508,-54.289675217391306,-13.80002,38.89673913043478,40.0,127.9237428626544,125.77477540257652,0,0,95.56797321759845,95.56797321759845,93.96254438887264
1074,2020-07-10T14:16:28,2020-07-10T14:44:48,171,41.2,67.6,26.39999999999999,32.986252347222226,124.94792555766,28.33333396911621,85.1,28.31,125.88757396449705,-69.85322134502925,-69.80002,38.18421052631579,40.0,124.94792555766,125.77477540257652,0,0,93.34482978745736,93.34482978745736,93.96254438887264
1075,2020-07-10T14:44:59,2020-07-10T15:12:09,164,67.6,91.2,23.60000000000001,29.344725402777776,124.3420567914312,27.16666603088379,114.91,38.23,125.99780701754385,-64.76647042682927,-45.30002,39.83536585365854,41.0,124.3420567914312,125.77477540257652,0,0,92.89220349050402,92.89220349050402,93.96254438887264
1077,2020-07-10T22:30:24,2020-07-10T22:48:34,110,32.0,42.8,10.799999999999997,13.849168541666668,128.2330420524692,18.16666603088379,53.76,17.88,125.60747663551402,-45.743642545454556,-45.5,38.10454545454545,40.0,128.2330420524692,125.89340910707841,0,0,95.7990413213529,95.7990413213529,94.05117205439299
1078,2020-07-10T22:48:45,2020-07-10T23:12:25,143,43.2,57.2,14.0,17.683475027777778,126.3105359126984,23.66666603088379,71.93999,23.93,125.76921328671327,-44.8307762937063,-44.0,38.89510489510489,41.0,126.3105359126984,125.89340910707841,0,0,94.3627949204518,94.3627949204518,94.05117205439299
1079,2020-07-10T23:12:36,2020-07-10T23:42:36,181,57.6,74.8,17.199999999999996,21.57653016666667,125.44494282945742,30.0,94.22,31.34,125.96256684491979,-43.15304348066299,-42.30002,39.469613259668506,41.0,125.44494282945742,125.89340910707841,0,0,93.71613641324,93.71613641324,94.05117205439299
1080,2020-07-10T23:42:47,2020-07-11T00:14:07,189,74.8,91.6,16.799999999999997,21.653336666666664,128.88890873015873,31.33333396911621,115.35,38.37,125.92794759825328,-41.463498465608474,-40.5,39.0,40.0,128.88890873015873,125.97205397979954,0,0,96.2890195512351,96.2890195512351,94.10992526878246
1083,2020-07-11T05:42:09,2020-07-11T06:11:29,177,70.8,86.8,16.0,20.31958711111111,126.99741944444445,29.33333396911621,109.36,36.38,125.99078341013825,-41.562719548022606,-40.70001,36.0,37.0,126.99741944444445,125.97205397979954,0,0,94.87594490728416,94.87594490728416,94.10992526878246
1084,2020-07-11T06:11:40,2020-07-11T06:32:20,125,86.8,98.0,11.200000000000003,13.841807249999997,123.5875647321428,20.66666603088379,123.43,41.06,125.94897959183675,-40.18560496,-39.60001,36.0,37.0,123.5875647321428,125.97205397979954,0,0,92.32854521017696,92.32854521017696,94.10992526878246
1085,2020-07-11T19:03:30,2020-07-11T19:23:40,122,10.4,29.2,18.799999999999997,23.733058916666664,126.23967508865249,20.16666603088379,36.64,12.19,125.47945205479454,-70.61066573770492,-70.60001,38.59836065573771,40.0,126.23967508865249,126.09168012455237,0,0,94.30985693424961,94.30985693424961,94.19929435650637
1086,2020-07-11T19:23:51,2020-07-11T19:53:21,178,29.2,57.2,28.000000000000004,34.712504916666674,123.9732318452381,29.5,71.97,23.94,125.8216783216783,-70.60169539325844,-70.60001,40.89887640449438,43.0,123.9732318452381,125.97205397979954,0,0,92.61666548801134,92.61666548801134,94.10992526878246
1087,2020-07-11T19:53:32,2020-07-11T20:27:52,207,57.2,88.8,31.599999999999994,39.37556125000001,124.60620648734182,34.33333206176758,111.83,37.2,125.93468468468468,-68.76136260869563,-46.20001,43.21497584541063,45.0,124.60620648734182,125.97205397979954,0,0,93.08954176797552,93.08954176797552,94.10992526878246
1089,2020-07-12T19:38:58,2020-07-12T19:58:18,117,26.0,44.0,18.0,22.480977680555554,124.89432044753086,19.33333396911621,55.27,18.38,125.61363636363637,-69.76839299145298,-69.60001,38.68803418803419,41.0,124.89432044753086,125.97205397979954,0,0,93.30478302510888,93.30478302510888,94.10992526878246
1090,2020-07-12T19:58:29,2020-07-12T20:26:19,168,44.0,70.4,26.400000000000006,32.38472991666668,122.66943150252527,27.83333396911621,88.73,29.51,126.03693181818181,-69.8113261309524,-69.80002,41.42857142857143,43.0,122.66943150252527,125.97205397979954,0,0,91.64263554294277,91.64263554294277,94.10992526878246
1091,2020-07-12T20:26:30,2020-07-12T21:00:40,206,70.4,96.8,26.39999999999999,33.72375372222222,127.74149137205391,34.16666793823242,121.97,40.57,126.00206611570248,-59.21408417475729,-45.20001,42.87621359223301,44.0,127.74149137205391,125.97205397979954,0,0,95.43181862125213,95.43181862125213,94.10992526878246
1093,2020-07-13T12:48:24,2020-07-13T14:07:00,590,39.6,98.0,58.4,73.7446336375,126.27505759845891,78.5999984741211,123.43,41.06,125.94897959183675,-56.260345576271185,-13.39999,39.722033898305085,42.0,126.27505759845891,125.97205397979954,0,0,94.33629014104832,94.33629014104832,94.10992526878246
1095,2020-07-13T23:37:47,2020-07-14T00:04:47,163,56.4,81.2,24.800000000000004,31.45971852777778,126.85370374103941,27.0,102.37,34.05,126.07142857142857,-69.91042122699386,-69.80002,41.263803680981596,43.0,126.85370374103941,126.09168012455237,0,0,94.76857923624758,94.76857923624758,94.19929435650637
1096,2020-07-14T00:04:58,2020-07-14T00:28:58,145,81.2,97.6,16.39999999999999,21.063473527777774,128.43581419376696,24.0,122.97,40.9,125.9938524590164,-52.58345151724139,-13.60001,42.0,43.0,128.43581419376696,126.18726996302541,0,0,95.95052627743041,95.95052627743041,94.27070664416024
1097,2020-07-14T18:21:51,2020-07-14T18:44:41,138,40.4,61.6,21.200000000000003,26.647778666666667,125.69706918238992,22.83333396911621,77.53,25.79,125.86038961038962,-70.02319072463769,-69.89999,40.905797101449274,43.0,125.69706918238992,126.09168012455237,0,0,93.90449241350474,93.90449241350474,94.19929435650637
1099,2020-07-15T01:07:45,2020-07-15T01:34:35,162,42.4,67.2,24.800000000000004,31.30555566666667,126.23207930107526,26.83333396911621,84.64,28.15,125.95238095238095,-70.00000024691357,-69.80002,39.2962962962963,41.0,126.23207930107526,126.18347206923681,0,0,94.30418235025526,94.30418235025526,94.26786935216306
1100,2020-07-15T01:34:46,2020-07-15T02:03:16,172,67.6,91.6,24.0,30.759721930555553,128.16550804398148,28.5,115.43,38.4,126.01528384279477,-64.71627843023256,-45.30002,40.700581395348834,42.0,128.16550804398148,126.18347206923681,0,0,95.74858869879822,95.74858869879822,94.26786935216306
1102,2020-07-15T06:52:10,2020-07-15T07:08:40,100,52.0,62.0,10.0,12.308059277777783,123.08059277777782,16.5,78.00999,25.95,125.82256451612903,-44.6930135,-32.0,38.475,40.0,123.08059277777782,126.18347206923681,0,0,91.94980174103969,91.94980174103969,94.26786935216306
1103,2020-07-15T07:08:51,2020-07-15T07:39:51,187,62.0,80.4,18.400000000000006,23.151675500000003,125.82432336956519,31.0,101.29,33.69,125.98258706467662,-44.80964278074867,-44.80002,38.5,40.0,125.82432336956519,126.09168012455237,0,0,93.99956018184584,93.99956018184584,94.19929435650637
1104,2020-07-15T07:40:02,2020-07-15T08:10:42,185,80.4,97.6,17.19999999999999,22.011116083333338,127.97160513565903,30.66666603088379,122.94,40.89,125.96311475409836,-42.9908205945946,-13.80002,38.5,40.0,127.97160513565903,126.18347206923681,0,0,95.60372967939578,95.60372967939578,94.26786935216306
1106,2020-07-15T17:18:11,2020-07-15T17:45:41,166,37.6,65.6,27.999999999999993,34.829028319444454,124.3893868551588,27.5,82.68,27.5,126.03658536585368,-75.98132644578314,-68.70001,43.015060240963855,45.0,124.3893868551588,126.18347206923681,0,0,92.92756235478899,92.92756235478899,94.26786935216306
1107,2020-07-15T17:45:52,2020-07-15T18:14:42,174,65.6,89.2,23.60000000000001,29.78847511111112,126.22235216572503,28.83333396911621,112.36,37.38,125.96412556053811,-61.95920149425287,-45.30002,44.5948275862069,46.0,126.22235216572503,126.17860850156168,0,0,94.2969155005694,94.2969155005694,94.26423592732013
1110,2020-07-16T01:47:04,2020-07-16T02:25:50,235,44.4,80.4,36.00000000000001,45.35645118333334,125.99014217592591,38.766666412353516,101.2,33.66,125.87064676616914,-70.19915936170214,-70.10001,41.41489361702128,44.0,125.99014217592591,126.09168012455237,0,0,94.12343841500753,94.12343841500753,94.19929435650637
1112,2020-07-16T16:24:52,2020-07-16T17:36:22,537,18.8,85.6,66.8,83.19917667777779,124.5496656852961,71.5,107.81,35.86,125.94626168224299,-69.81751305400374,-69.5,41.03351955307262,44.0,124.5496656852961,126.09168012455237,0,0,93.04730183866538,93.04730183866538,94.19929435650637
1113,2020-07-17T00:26:56,2020-07-17T00:44:06,104,39.6,55.6,16.0,20.094308861111124,125.58943038194452,17.16666603088379,70.03,23.29,125.95323741007194,-70.23174230769231,-70.0,38.74038461538461,41.0,125.58943038194452,126.09168012455237,0,0,93.82407870946557,93.82407870946557,94.19929435650637
1114,2020-07-17T00:44:17,2020-07-17T01:10:07,156,55.6,79.6,23.999999999999993,30.211115666666664,125.87964861111114,25.83333396911621,100.21,33.33,125.89195979899498,-70.16795929487179,-70.0,39.92628205128205,41.0,125.87964861111114,126.01931879381615,0,0,94.04089200253838,94.04089200253838,94.1452353869747
1115,2020-07-17T01:10:18,2020-07-17T01:34:48,148,80.0,97.2,17.200000000000003,22.203753374999998,129.09158938953485,24.5,122.46,40.73,125.98765432098764,-54.40000824324325,-45.39999,40.2027027027027,42.0,129.09158938953485,126.01931879381615,0,0,96.44043616392582,96.44043616392582,94.1452353869747
1117,2020-07-17T14:23:41,2020-07-17T14:50:41,163,9.6,34.8,25.199999999999996,31.472636763888893,124.89141572971786,27.0,43.81,14.57,125.89080459770116,-69.93864564417179,-69.80002,40.37116564417178,42.0,124.89141572971786,125.94067392109503,0,0,93.30261299796658,93.30261299796658,94.08648217258522
1118,2020-07-17T14:50:52,2020-07-17T15:24:12,201,34.8,66.0,31.200000000000003,38.58666430555556,123.67520610754984,33.33333206176758,83.11,27.65,125.92424242424242,-69.45571721393036,-68.80002,43.59452736318408,46.0,123.67520610754984,125.88542713868763,0,0,92.39401944060693,92.39401944060693,94.04520896635066
1119,2020-07-17T15:24:23,2020-07-17T15:52:23,169,66.0,88.8,22.799999999999997,28.996941569444445,127.17956828703706,28.0,111.89,37.22,126.00225225225225,-62.10650278106509,-45.39999,45.5,46.0,127.17956828703706,125.94067392109503,0,0,95.01202281839717,95.01202281839717,94.08648217258522
1121,2020-07-17T23:45:09,2020-07-18T00:06:19,128,14.8,34.4,19.599999999999998,24.917364555555565,127.12941099773249,21.16666603088379,43.22,14.38,125.63953488372094,-70.63204101562499,-70.5,40.05859375,43.0,127.12941099773249,125.94067392109503,0,0,94.97455181908414,94.97455181908414,94.08648217258522
1122,2020-07-18T00:06:30,2020-07-18T00:32:40,158,34.4,59.2,24.800000000000004,30.662643250000002,123.63969052419353,26.16666603088379,74.54,24.79,125.91216216216216,-70.30823784810127,-69.60001,42.575949367088604,45.0,123.63969052419353,125.88542713868763,0,0,92.36748681856938,92.36748681856938,94.04520896635066
1123,2020-07-18T00:32:51,2020-07-18T01:02:21,178,59.6,86.0,26.4,33.03806031944445,125.14416787668351,29.5,108.28,36.02,125.90697674418605,-67.14326808988764,-46.0,44.438202247191015,46.0,125.14416787668351,125.85198599033816,0,0,93.4914365100947,93.4914365100947,94.0202260921921
1125,2020-07-18T07:04:27,2020-07-18T08:21:10,576,32.0,97.6,65.6,82.73341958611113,126.11801766175478,76.71666717529297,122.94,40.89,125.96311475409836,-64.68975925347223,-45.20001,39.888020833333336,43.0,126.11801766175478,125.88542713868763,0,0,94.21897033684944,94.21897033684944,94.04520896635066
1127,2020-07-19T10:20:45,2020-07-19T10:45:35,150,24.8,48.4,23.599999999999998,29.174166166666666,123.6193481638418,24.83333396911621,60.89,20.26,125.80578512396694,-70.48733206666667,-70.39999,35.443333333333335,38.0,123.6193481638418,125.88542713868763,0,0,92.35228965418244,92.35228965418244,94.04520896635066
1128,2020-07-19T10:45:46,2020-07-19T11:14:26,173,48.4,76.0,27.6,33.678888444444446,122.02495813204509,28.66666603088379,95.82,31.87,126.07894736842104,-70.49075052023122,-70.39999,38.34971098265896,40.0,122.02495813204509,125.85198599033816,0,0,91.16116890953107,91.16116890953107,94.0202260921921
1129,2020-07-19T11:14:37,2020-07-19T11:40:27,156,76.0,95.6,19.599999999999994,24.65152761111111,125.77310005668937,25.83333396911621,120.39,40.04,125.93096234309624,-57.260897115384616,-45.80002,39.5,40.0,125.77310005668937,125.85198599033816,0,0,93.96129278844812,93.96129278844812,94.0202260921921
1131,2020-07-19T17:08:54,2020-07-19T17:40:04,188,54.8,83.6,28.799999999999997,36.358196250000006,126.2437369791667,31.16666603088379,105.25,35.01,125.89712918660288,-69.99521627659574,-69.70001,42.92553191489362,44.0,126.2437369791667,125.88542713868763,0,0,94.31289145024475,94.31289145024475,94.04520896635066
1132,2020-07-19T17:40:15,2020-07-19T18:02:15,133,83.6,98.0,14.400000000000006,17.966529166666668,124.76756365740738,22.0,123.43,41.06,125.94897959183675,-48.94511654135339,-13.39999,43.53007518796993,45.0,124.76756365740738,125.88542713868763,0,0,93.21008684711573,93.21008684711573,94.04520896635066
1133,2020-07-20T14:36:13,2020-07-20T14:53:23,104,33.2,49.2,16.0,20.131943944444437,125.82464965277772,17.16666603088379,61.84,20.57,125.6910569105691,-70.36345980769231,-70.20001,38.63461538461539,40.0,125.82464965277772,125.85214913194443,0,0,93.99980393820113,93.99980393820113,94.02034797036976
1134,2020-07-20T14:53:34,2020-07-20T15:17:44,146,49.6,72.4,22.800000000000004,28.35777397222222,124.37620163255357,24.16666603088379,91.29,30.36,126.09116022099447,-70.40547,-70.39999,40.73287671232877,42.0,124.37620163255357,125.82448651117146,0,0,92.9177120723269,92.9177120723269,93.99968206002347
1135,2020-07-20T22:23:01,2020-07-20T22:49:31,160,12.0,36.4,24.4,30.865974569444443,126.49989577641165,26.5,45.87,15.25,126.01648351648352,-69.88563025,-69.60001,38.3875,40.0,126.49989577641165,125.85214913194443,0,0,94.50425996813468,94.50425996813468,94.02034797036976
1136,2020-07-20T22:49:42,2020-07-20T23:19:42,181,36.4,64.8,28.4,34.92389194444445,122.97145050860722,30.0,81.54,27.12,125.83333333333334,-69.84752000000002,-69.60001,41.027624309392266,43.0,122.97145050860722,125.82448651117146,0,0,91.86826484082404,91.86826484082404,93.99968206002347
1137,2020-07-20T23:19:53,2020-07-20T23:57:47,229,64.8,95.6,30.799999999999997,38.67847632222222,125.57946857864356,37.900001525878906,120.39,40.04,125.93096234309624,-61.17555227074236,-45.0,42.3646288209607,44.0,125.57946857864356,125.82448651117146,0,0,93.8166365464256,93.8166365464256,93.99968206002347
1139,2020-07-21T05:19:32,2020-07-21T05:46:52,165,45.6,62.0,16.4,20.590282333333334,125.55050203252034,27.33333396911621,78.06,25.96,125.90322580645162,-45.198191818181826,-45.10001,37.90909090909091,40.0,125.55050203252034,125.79871171312729,0,0,93.7949965127449,93.7949965127449,93.98042648514698
1140,2020-07-21T05:47:03,2020-07-21T06:17:23,183,62.0,80.0,18.0,22.851116166666667,126.95064537037038,30.33333396911621,100.81,33.53,126.0125,-45.20001,-45.20001,38.5,40.0,126.95064537037038,125.79871171312729,0,0,94.84100140611419,94.84100140611419,93.98042648514698
1141,2020-07-21T06:17:34,2020-07-21T06:48:14,185,80.4,97.6,17.19999999999999,22.105560347222227,128.52069969315258,30.66666603088379,122.94,40.89,125.96311475409836,-43.17622556756758,-14.0,38.5,40.0,128.52069969315258,125.79871171312729,0,0,96.01394167593511,96.01394167593511,93.98042648514698
1144,2020-07-21T14:11:34,2020-07-21T14:38:54,165,45.2,70.4,25.200000000000003,31.758199625000007,126.02460168650796,27.33333396911621,88.68999,29.5,125.98009943181816,-69.71334472727273,-69.60001,38.696969696969695,41.0,126.02460168650796,125.82448651117146,0,0,94.14918207690094,94.14918207690094,93.99968206002347
1148,2020-07-21T20:43:27,2020-07-21T21:14:37,188,52.4,70.4,18.000000000000007,22.689030013888893,126.05016674382713,31.16666603088379,88.61,29.47,125.86647727272727,-43.679791595744675,-42.80002,38.99734042553192,40.0,126.05016674382713,125.85214913194443,0,0,94.16828096080249,94.16828096080249,94.02034797036976
1149,2020-07-21T21:14:48,2020-07-21T21:48:48,205,70.4,89.2,18.799999999999997,23.683058055555556,125.97371306146574,34.0,112.35,37.37,125.95291479820627,-41.79366302439024,-40.80002,39.06341463414634,41.0,125.97371306146574,125.85214913194443,0,0,94.11116471869765,94.11116471869765,94.02034797036976
1152,2020-07-22T02:37:42,2020-07-22T03:04:32,162,68.4,91.6,23.19999999999999,29.29152827777778,126.25658740421463,26.83333396911621,115.45,38.4,126.03711790393014,-65.45740858024692,-46.80002,39.160493827160494,41.0,126.25658740421463,125.85214913194443,0,0,94.32249161554115,94.32249161554115,94.02034797036976
1154,2020-07-22T21:21:29,2020-07-22T21:47:49,159,23.2,47.6,24.400000000000002,30.996809402777778,127.03610410974498,26.33333396911621,59.97,19.95,125.98739495798318,-70.62453710691823,-70.30002,37.37735849056604,40.0,127.03610410974498,125.92668083628844,0,0,94.90484505493964,94.90484505493964,94.07602836061801
1155,2020-07-22T21:48:00,2020-07-22T22:23:20,213,48.0,81.2,33.2,41.618339222222225,125.35644344042838,35.33333206176758,102.23,34.01,125.89901477832512,-70.67277995305164,-70.60001,40.340375586854464,42.0,125.35644344042838,125.85214913194443,0,0,93.6500211866899,93.6500211866899,94.02034797036976
1156,2020-07-22T22:23:31,2020-07-22T22:47:31,145,81.6,97.6,16.0,20.77180583333333,129.82378645833333,24.0,122.9,40.88,125.922131147541,-51.86413868965517,-14.20001,41.48275862068966,42.0,129.82378645833333,125.85214913194443,0,0,96.98743852873363,96.98743852873363,94.02034797036976
1172,2020-07-23T17:12:46,2020-07-23T17:52:15,297,64.0,96.4,32.400000000000006,41.22640589166667,127.24199349279834,39.483333587646484,121.43,40.39,125.96473029045643,-62.63401148148148,-45.10001,42.7979797979798,44.0,127.24199349279834,125.92668083628844,0,0,95.05865880839241,95.05865880839241,94.07602836061801
1173,2020-07-24T01:02:52,2020-07-24T01:24:42,132,36.4,43.2,6.800000000000004,8.177222236111112,120.2532681781045,21.83333396911621,54.27,18.05,125.62499999999999,-22.44393946969697,-15.10001,38.5,40.0,120.2532681781045,125.85214913194443,0,0,89.83759273610822,89.83759273610822,94.02034797036976
1174,2020-07-24T01:24:53,2020-07-24T01:55:03,182,43.2,52.4,9.199999999999996,11.3125,122.96195652173918,30.16666603088379,65.93,21.93,125.8206106870229,-22.5,-22.5,38.5,40.0,122.96195652173918,125.85214913194443,0,0,91.86117216934313,91.86117216934313,94.02034797036976
1175,2020-07-24T01:55:14,2020-07-24T02:24:34,177,52.4,61.2,8.800000000000004,11.0,124.99999999999994,29.33333396911621,77.02,25.62,125.84967320261437,-22.5,-22.5,38.567796610169495,40.0,124.99999999999994,125.85214913194443,0,0,93.38373303402831,93.38373303402831,94.02034797036976
1176,2020-07-24T02:24:45,2020-07-24T02:46:44,133,61.2,68.0,6.799999999999997,8.24375,121.23161764705887,21.983333587646484,85.56,28.46,125.8235294117647,-22.5,-22.5,38.5,40.0,121.23161764705887,125.85214913194443,0,0,90.56848814109075,90.56848814109075,94.02034797036976
1177,2020-07-24T02:46:55,2020-07-24T03:16:08,177,68.0,76.8,8.799999999999997,10.95625,124.50284090909096,29.21666717529297,96.71,32.17,125.92447916666666,-22.5,-22.5,38.05084745762712,40.0,124.50284090909096,125.85214913194443,0,0,93.01232045946122,93.01232045946122,94.02034797036976
1178,2020-07-24T03:16:19,2020-07-24T03:43:39,165,76.8,84.8,8.0,10.25,128.125,27.33333396911621,106.79,35.52,125.93160377358491,-22.5,-22.5,37.74848484848485,39.0,128.125,125.85214913194443,0,0,95.71832635987904,95.71832635987904,94.02034797036976
1179,2020-07-24T03:43:50,2020-07-24T04:09:50,157,84.8,92.4,7.6000000000000085,9.75,128.28947368421038,26.0,116.39,38.71,125.96320346320346,-22.5,-22.5,37.5,39.0,128.28947368421038,125.85214913194443,0,0,95.84119969281845,95.84119969281845,94.02034797036976
1180,2020-07-24T11:22:58,2020-07-24T11:44:48,132,50.8,65.2,14.400000000000006,18.200417263888887,126.3917865547839,21.83333396911621,82.14,27.32,125.98159509202453,-50.01666833333333,-50.0,38.34090909090909,40.0,126.3917865547839,125.85214913194443,0,0,94.42349482660667,94.42349482660667,94.02034797036976
1181,2020-07-24T11:44:59,2020-07-24T12:13:09,170,65.2,83.6,18.39999999999999,23.472777833333332,127.56944474637686,28.16666603088379,105.37,35.05,126.04066985645935,-50.001176588235296,-50.0,39.008823529411764,40.0,127.56944474637686,125.85214913194443,0,0,95.30328777195909,95.30328777195909,94.02034797036976
1183,2020-07-24T20:49:31,2020-07-24T21:12:21,138,28.0,49.6,21.6,26.78055491666667,123.98405054012346,22.83333396911621,62.39,20.75,125.78629032258064,-70.37246202898551,-70.30002,41.88768115942029,44.0,123.98405054012346,125.85214913194443,0,0,92.62474780893093,92.62474780893093,94.02034797036976
1185,2020-07-24T21:19:53,2020-07-24T21:52:33,197,56.4,86.0,29.6,36.746530166666666,124.14368299549548,32.66666793823242,108.31,36.03,125.94186046511628,-67.4431516751269,-45.80002,44.66751269035533,46.0,124.14368299549548,125.82448651117146,0,0,92.74400440569916,92.74400440569916,93.99968206002347
1187,2020-07-25T04:29:57,2020-07-25T04:51:57,133,21.6,41.6,20.0,25.626666833333342,128.1333341666667,22.0,52.3,17.4,125.72115384615383,-69.8909779699248,-69.80002,38.63157894736842,41.0,128.1333341666667,125.82448651117146,0,0,95.72455256463958,95.72455256463958,93.99968206002347
1188,2020-07-25T04:52:08,2020-07-25T05:23:48,191,42.0,71.6,29.599999999999994,36.84778250000001,124.48575168918924,31.66666603088379,90.12,29.97,125.86592178770951,-69.81676282722513,-69.70001,41.547120418848166,44.0,124.48575168918924,125.82448651117146,0,0,92.99955361826872,92.99955361826872,93.99968206002347
1189,2020-07-25T05:23:59,2020-07-25T05:49:59,157,71.6,93.2,21.60000000000001,27.057502736111115,125.26621637088475,26.0,117.37,39.04,125.93347639484978,-62.41019732484078,-45.20001,42.51592356687898,45.0,125.26621637088475,125.79887485473355,0,0,93.58261526209226,93.58261526209226,93.98054836332463
1192,2020-07-25T13:58:41,2020-07-25T14:26:41,169,44.4,71.2,26.800000000000004,33.18264347222223,123.81583385157549,28.0,89.7,29.84,125.98314606741572,-71.10592698224852,-71.0,42.680473372781066,44.0,123.81583385157549,125.68126521931694,0,0,92.49907819024908,92.49907819024908,93.89268574895684
1193,2020-07-25T14:26:52,2020-07-25T14:55:52,175,71.2,93.2,22.0,28.059861305555557,127.54482411616162,29.0,117.4,39.05,125.9656652360515,-58.05885754285715,-46.30002,43.997142857142855,45.0,127.54482411616162,125.79887485473355,0,0,95.2848944410859,95.2848944410859,93.98054836332463
1195,2020-07-26T00:20:34,2020-07-26T00:45:04,148,35.6,58.4,22.799999999999997,28.427920541666666,124.68386202485381,24.5,73.53,24.45,125.90753424657535,-69.61892837837837,-69.5,39.361486486486484,41.0,124.68386202485381,125.68126521931694,0,0,93.14755587984457,93.14755587984457,93.89268574895684
1196,2020-07-26T00:45:15,2020-07-26T01:12:15,163,58.4,83.6,25.199999999999996,31.34028227777778,124.36619951499122,27.0,105.34,35.04,126.00478468899523,-69.64540877300614,-69.60001,40.84969325153374,42.0,124.36619951499122,125.58444948029404,0,0,92.91023979171716,92.91023979171716,93.82035762794558
1197,2020-07-26T01:12:26,2020-07-26T01:34:26,133,83.6,97.6,14.0,18.02236452777778,128.7311751984127,22.0,122.95,40.9,125.97336065573771,-49.094746090225556,-13.39999,41.0,42.0,128.7311751984127,125.68126521931694,0,0,96.17118158308242,96.17118158308242,93.89268574895684
1199,2020-07-26T07:13:58,2020-07-26T07:50:52,223,57.2,90.0,32.8,41.52238990555556,126.59265215108405,36.900001525878906,113.41,37.72,126.0111111111111,-67.48071914798207,-45.60001,38.9237668161435,41.0,126.59265215108405,125.79887485473355,0,0,94.57355546037157,94.57355546037157,93.98054836332463
1202,2020-07-26T18:24:15,2020-07-26T18:52:15,169,13.6,30.4,16.799999999999997,21.10847840277778,125.64570477843918,28.0,38.14,12.68,125.46052631578948,-45.2325576331361,-45.20001,40.142011834319526,41.0,125.64570477843918,125.70940241756428,0,0,93.86611961521683,93.86611961521683,93.91370620183247
1203,2020-07-26T18:52:26,2020-07-26T19:20:36,170,30.4,47.2,16.800000000000004,21.21944919444445,126.30624520502647,28.16666603088379,59.43,19.77,125.91101694915254,-45.2011865882353,-45.20001,41.555882352941175,43.0,126.30624520502647,125.70940241756428,0,0,94.35958946205372,94.35958946205372,93.91370620183247
1204,2020-07-26T19:20:47,2020-07-26T19:51:27,185,47.6,66.4,18.800000000000004,23.103060750000004,122.88862101063829,30.66666603088379,83.54,27.79,125.8132530120482,-45.20163178378379,-45.20001,43.21891891891892,44.0,122.88862101063829,125.70940241756428,0,0,91.80638541901865,91.80638541901865,93.91370620183247
1205,2020-07-26T19:51:38,2020-07-26T20:25:48,206,66.4,86.8,20.39999999999999,25.764869402777776,126.29837942538131,34.16666793823242,109.4,36.39,126.03686635944702,-45.24564563106796,-45.20001,43.737864077669904,45.0,126.29837942538131,125.79887485473355,0,0,94.35371317512181,94.35371317512181,93.98054836332463
1206,2020-07-26T20:25:59,2020-07-26T20:44:49,114,86.8,97.6,10.799999999999997,13.88666993055556,128.58027713477372,18.83333396911621,122.97,40.9,125.9938524590164,-44.11229105263159,-14.0,44.0,45.0,128.58027713477372,125.79887485473355,0,0,96.0584501871607,96.0584501871607,93.98054836332463
1207,2020-07-27T04:52:38,2020-07-27T06:16:26,629,35.2,97.6,62.39999999999999,78.97757435972224,126.56662557647797,83.80000305175781,122.99,40.91,126.01434426229508,-56.515901764705895,-13.30002,38.41971383147854,41.0,126.56662557647797,125.79887485473355,0,0,94.55411179081314,94.55411179081314,93.98054836332463
1209,2020-07-28T08:11:26,2020-07-28T08:37:26,157,33.2,58.0,24.799999999999997,30.58666997222222,123.33334666218639,26.0,73.01,24.28,125.8793103448276,-70.58472101910829,-70.5,36.07006369426752,38.0,123.33334666218639,125.79887485473355,0,0,92.13862655115908,92.13862655115908,93.98054836332463
1210,2020-07-28T08:37:37,2020-07-28T09:10:07,196,58.0,88.4,30.400000000000006,37.55292205555557,123.5293488669591,32.5,111.34,37.03,125.9502262443439,-69.27245892857144,-46.10001,38.607142857142854,40.0,123.5293488669591,125.79887485473355,0,0,92.28505389167569,92.28505389167569,93.98054836332463
1211,2020-07-28T09:10:18,2020-07-28T09:27:28,104,88.4,97.6,9.199999999999989,11.771942986111105,127.95590202294694,17.16666603088379,122.94,40.89,125.96311475409836,-41.038456538461546,-14.20001,39.5,40.0,127.95590202294694,125.79887485473355,0,0,95.59199835711331,95.59199835711331,93.98054836332463
1217,2020-07-28T19:10:01,2020-07-28T19:39:41,179,48.4,66.0,17.6,22.34889383333334,126.98235132575759,29.66666603088379,83.15,27.66,125.98484848484848,-45.200010000000006,-45.20001,42.47206703910614,44.0,126.98235132575759,125.89918135712173,0,0,94.86468796990194,94.86468796990194,94.05548432844938
1220,2020-07-28T20:07:53,2020-07-28T20:26:23,112,68.8,81.2,12.400000000000006,13.936669749999998,112.39249798387091,18.5,102.22,34.0,125.88669950738915,-45.20001000000001,-45.20001,42.28125,43.0,112.39249798387091,125.89918135712173,0,0,83.96504821402696,83.96504821402696,94.05548432844938
1224,2020-07-29T14:46:19,2020-07-29T15:04:59,113,35.6,46.8,11.199999999999996,14.026252611111113,125.23439831349212,18.66666603088379,58.85,19.57,125.74786324786326,-45.084964159292035,-45.0,39.46017699115044,41.0,125.23439831349212,125.89918135712173,0,0,93.55884495027455,93.55884495027455,94.05548432844938
1225,2020-07-29T15:45:11,2020-07-29T16:03:11,109,46.8,57.6,10.800000000000004,13.498336347222224,124.98459580761315,18.0,72.52,24.12,125.90277777777776,-44.89083577981651,-22.30002,40.53669724770642,42.0,124.98459580761315,125.73517721560845,0,0,93.37222502611267,93.37222502611267,93.93296177670898
1226,2020-07-29T17:01:54,2020-07-29T17:31:04,176,56.8,74.0,17.200000000000003,21.893893347222225,127.29007760012918,29.16666603088379,93.15,30.99,125.87837837837839,-44.98580465909091,-26.30002,41.38636363636363,42.0,127.29007760012918,125.89918135712173,0,0,95.09458099592972,95.09458099592972,94.05548432844938
1227,2020-07-29T17:31:15,2020-07-29T17:48:25,104,74.4,84.4,10.0,12.883334166666668,128.83334166666666,17.16666603088379,106.26,35.35,125.90047393364928,-45.02981067307692,-45.0,41.52884615384615,43.0,128.83334166666666,125.99915737398686,0,0,96.24750707265407,96.24750707265407,94.1301733977993
1230,2020-07-30T00:42:13,2020-07-30T01:09:53,167,48.4,74.0,25.6,32.225136791666664,125.8794405924479,27.66666603088379,93.17,30.99,125.9054054054054,-69.885624251497,-69.70001,37.76347305389221,40.0,125.8794405924479,125.99915737398686,0,0,94.04073659806389,94.04073659806389,94.1301733977993
1231,2020-07-30T01:10:04,2020-07-30T01:42:24,195,74.4,97.2,22.799999999999997,28.444862916666672,124.75817068713454,32.33333206176758,122.46,40.73,125.98765432098764,-52.72718276923077,-13.39999,38.94615384615385,40.0,124.75817068713454,125.92657682695682,0,0,93.20306964208889,93.20306964208889,94.07595065838078
1233,2020-07-31T20:09:59,2020-07-31T20:35:09,152,30.0,46.4,16.4,20.763194513888887,126.60484459688348,25.16666603088379,58.42,19.43,125.90517241379311,-49.50197388157895,-49.39999,33.93092105263158,35.0,126.60484459688348,125.99915737398686,0,0,94.5826640692001,94.5826640692001,94.1301733977993
1234,2020-07-31T20:35:20,2020-07-31T21:00:50,154,46.8,63.6,16.800000000000004,21.023331916666663,125.13888045634916,25.5,80.12,26.65,125.9748427672956,-49.46687980519481,-49.39999,35.5551948051948,37.0,125.13888045634916,125.99915737398686,0,0,93.48748643770317,93.48748643770317,94.1301733977993
1235,2020-07-31T21:01:01,2020-07-31T21:29:11,170,64.0,82.4,18.400000000000006,23.221526180555557,126.20394663345408,28.16666603088379,103.77,34.52,125.93446601941746,-49.46587894117648,-49.39999,36.0,37.0,126.20394663345408,126.03738421516755,0,0,94.2831652820739,94.2831652820739,94.15873151885171
1236,2020-07-31T21:29:22,2020-07-31T21:54:22,151,82.4,97.6,15.199999999999989,19.58916620833333,128.87609347587727,25.0,123.02,40.92,126.04508196721311,-47.01523066225165,-44.89999,36.0,37.0,128.87609347587727,126.03738421516755,0,0,96.27944566095844,96.27944566095844,94.15873151885171
1237,2020-08-01T12:07:06,2020-08-01T12:29:36,136,12.8,26.4,13.599999999999998,17.191808138888888,126.41035396241831,22.5,33.17,11.03,125.64393939393939,-45.847800955882356,-45.5,32.00367647058823,33.0,126.41035396241831,126.03738421516755,0,0,94.43736597730799,94.43736597730799,94.15873151885171
1239,2020-08-01T12:39:52,2020-08-01T13:03:02,140,32.8,46.8,14.0,17.397502652777778,124.26787609126983,23.16666603088379,58.83,19.57,125.7051282051282,-45.05786407142858,-44.60001,34.003571428571426,35.0,124.26787609126983,126.01193990264645,0,0,92.83678532490283,92.83678532490283,94.13972283975008
1240,2020-08-01T13:03:13,2020-08-01T13:31:33,171,46.8,63.6,16.800000000000004,20.67833613888889,123.0853341600529,28.33333396911621,80.06,26.63,125.88050314465409,-43.789479590643275,-42.89999,36.014619883040936,37.0,123.0853341600529,125.92657682695682,0,0,91.95334388485239,91.95334388485239,94.07595065838078
1241,2020-08-01T13:31:44,2020-08-01T14:06:17,209,63.6,83.2,19.6,24.182003436111117,123.37756855158733,34.54999923706055,104.82,34.87,125.9855769230769,-41.99282885167465,-41.10001,37.02153110047847,38.0,123.37756855158733,125.76257268544354,0,0,92.17166339207171,92.17166339207171,93.95342810664036
1242,2020-08-01T14:06:28,2020-08-01T14:34:28,169,83.2,97.6,14.399999999999991,18.790419444444442,130.48902391975315,28.0,122.95,40.9,125.97336065573771,-40.26568644970415,-39.5,37.5,38.0,130.48902391975315,125.76257268544354,0,0,97.48441738874534,97.48441738874534,93.95342810664036
1243,2020-08-01T22:54:00,2020-08-02T00:12:43,591,28.8,96.8,68.0,85.53997396666666,125.79407936274508,78.71666717529297,121.95,40.56,125.98140495867769,-65.19035664974619,-45.39999,34.50592216582064,37.0,125.79407936274508,125.71989207059212,0,0,93.9769657957757,93.9769657957757,93.92154270549626
1244,2020-08-02T16:11:08,2020-08-02T16:30:38,118,42.0,54.8,12.799999999999997,16.18167283333334,126.41931901041676,19.5,68.95,22.94,125.8211678832117,-49.789849491525416,-49.70001,34.53813559322034,36.0,126.41931901041676,125.8367599775965,0,0,94.44406349449937,94.44406349449937,94.00885119691979
1245,2020-08-02T16:30:49,2020-08-02T17:04:39,204,54.8,77.2,22.400000000000006,28.08806491666667,125.39314694940475,33.83333206176758,97.23,32.35,125.94559585492229,-49.811291127450986,-49.80002,35.245098039215684,36.0,125.39314694940475,125.71989207059212,0,0,93.67744127215919,93.67744127215919,93.92154270549626
1246,2020-08-02T17:04:50,2020-08-02T17:35:40,186,77.2,96.8,19.599999999999994,24.733897722222224,126.19335572562362,30.83333396911621,122.02,40.59,126.05371900826447,-48.1290494623656,-45.70001,35.5,36.0,126.19335572562362,125.71989207059212,0,0,94.27525313399846,94.27525313399846,93.92154270549626
1248,2020-08-03T00:31:51,2020-08-03T02:07:07,715,16.0,97.6,81.6,103.27798910833334,126.56616312295753,95.26667022705078,122.92,40.88,125.94262295081968,-65.01384805594407,-13.60001,38.8944055944056,42.0,126.56616312295753,125.8367599775965,0,0,94.5537663057244,94.5537663057244,94.00885119691979
1249,2020-08-03T14:24:22,2020-08-03T14:49:35,190,61.6,84.8,23.199999999999996,29.33348932638889,126.43745399305558,25.21666717529297,106.77,35.52,125.90801886792453,-69.79527084210527,-69.5,33.31315789473684,35.0,126.43745399305558,126.03639815903577,0,0,94.45761159351794,94.45761159351794,94.15799486603117
1251,2020-08-03T21:35:33,2020-08-03T22:07:03,190,54.0,82.8,28.799999999999997,36.713748708333334,127.47829412615742,31.5,104.42,34.73,126.11111111111111,-69.93105015789475,-69.80002,33.22105263157895,35.0,127.47829412615742,126.19865117953884,0,0,95.23519189048343,95.23519189048343,94.27920920803618
1252,2020-08-03T22:07:14,2020-08-03T22:31:24,146,83.2,97.6,14.399999999999991,17.93708575,124.56309548611121,24.16666603088379,122.95,40.9,125.97336065573771,-44.51370452054795,-13.39999,34.04109589041096,35.0,124.56309548611121,126.19865117953884,0,0,93.05733483813752,93.05733483813752,94.27920920803618
1254,2020-08-04T04:26:37,2020-08-04T04:57:37,187,68.0,86.4,18.400000000000006,23.250555611111114,126.36171527777776,31.0,108.82,36.2,125.94907407407405,-45.00106962566845,-45.0,33.0,34.0,126.36171527777776,126.2511630294177,0,0,94.40102948177518,94.40102948177518,94.31843922859785
1255,2020-08-04T04:57:48,2020-08-04T05:19:38,132,86.4,97.6,11.199999999999989,14.604027208333331,130.39310007440488,21.83333396911621,122.95,40.9,125.97336065573771,-40.05227113636363,-13.89999,33.0,34.0,130.39310007440488,126.2511630294177,0,0,97.41275557462053,97.41275557462053,94.31843922859785
1256,2020-08-04T15:48:30,2020-08-04T16:13:00,148,30.0,38.4,8.399999999999999,10.657642972222225,126.8767020502646,24.5,48.23,16.04,125.59895833333333,-26.100685675675678,-26.10001,35.189189189189186,37.0,126.8767020502646,126.2511630294177,0,0,94.78576057999892,94.78576057999892,94.31843922859785
1257,2020-08-04T16:13:11,2020-08-04T16:40:11,163,38.4,48.0,9.600000000000001,11.745004500000004,122.34379687500002,27.0,60.37,20.08,125.77083333333333,-26.100010000000005,-26.10001,36.0,37.0,122.34379687500002,126.19865117953884,0,0,91.39936372595514,91.39936372595514,94.27920920803618
1258,2020-08-04T16:40:22,2020-08-04T17:10:22,181,48.0,58.8,10.799999999999997,13.050005000000006,120.83337962962972,30.0,74.02,24.62,125.8843537414966,-26.100010000000005,-26.10001,36.72375690607735,38.0,120.83337962962972,126.03639815903577,0,0,90.27097651946193,90.27097651946193,94.15799486603117
1259,2020-08-04T17:10:33,2020-08-04T17:36:33,157,58.8,67.6,8.799999999999997,11.304587125000003,128.46121732954555,26.0,85.1,28.31,125.88757396449705,-26.087269872611465,-26.0,36.77707006369427,38.0,128.46121732954555,126.19865117953884,0,0,95.96950419462861,95.96950419462861,94.27920920803618
1260,2020-08-04T17:36:44,2020-08-04T18:13:44,223,68.0,80.4,12.400000000000006,16.077365513888896,129.65617349910394,37.0,101.26,33.68,125.94527363184079,-26.071307578475338,-26.0,36.5,37.0,129.65617349910394,126.2511630294177,0,0,96.86221993803187,96.86221993803187,94.31843922859785
1261,2020-08-04T18:13:55,2020-08-04T18:38:35,149,80.8,88.8,8.0,10.730004111111114,134.12505138888892,24.66666603088379,111.84,37.2,125.94594594594595,-26.100010000000005,-26.10001,36.5,37.0,134.12505138888892,126.2511630294177,0,0,100.20078393660268,100.20078393660268,94.31843922859785
1262,2020-08-04T18:38:46,2020-08-04T19:04:56,158,89.2,97.6,8.399999999999991,11.381393138888892,135.49277546296315,26.16666603088379,122.97,40.9,125.9938524590164,-26.09747810126583,-26.0,36.5,37.0,135.49277546296315,126.30231231520389,0,0,101.22256937498318,101.22256937498318,94.35665131858777
1264,2020-08-05T12:04:02,2020-08-05T12:34:22,183,22.0,32.4,10.399999999999999,13.144444444444444,126.3888888888889,30.33333396911621,40.7,13.54,125.61728395061729,-26.0,-26.0,28.75136612021858,30.0,126.3888888888889,126.33398024140212,0,0,94.42133006773977,94.42133006773977,94.38030947191444
1265,2020-08-05T12:34:33,2020-08-05T13:20:02,274,32.4,48.4,16.0,19.709444444444443,123.18402777777777,45.483333587646484,60.83,20.24,125.68181818181819,-26.0,-26.0,29.874087591240876,31.0,123.18402777777777,126.33398024140212,0,0,92.02707491245064,92.02707491245064,94.38030947191444
1266,2020-08-05T13:20:13,2020-08-05T13:57:33,225,48.8,62.8,14.0,16.177777777777777,115.55555555555554,37.33333206176758,79.07,26.3,125.9076433121019,-26.0,-26.0,30.95111111111111,32.0,115.55555555555554,126.30231231520389,0,0,86.32807320479063,86.32807320479063,94.35665131858777
1267,2020-08-05T13:57:44,2020-08-05T14:37:29,241,62.8,76.8,14.0,17.225,123.03571428571428,39.75,96.68,32.16,125.88541666666667,-26.0,-26.0,31.0,32.0,123.03571428571428,126.30231231520389,0,0,91.91627437206503,91.91627437206503,94.35665131858777
1268,2020-08-05T14:37:40,2020-08-05T15:04:50,164,76.8,86.4,9.600000000000009,11.772222222222222,122.62731481481471,27.16666603088379,108.82,36.2,125.94907407407405,-26.0,-26.0,31.0,32.0,122.62731481481471,126.30231231520389,0,0,91.61117143477125,91.61117143477125,94.35665131858777
1271,2020-08-06T21:24:15,2020-08-06T21:50:55,161,25.2,50.4,25.2,31.72374965277778,125.88789544753087,26.66666603088379,63.47,21.11,125.93253968253968,-71.3782601242236,-71.30002,35.440993788819874,38.0,125.88789544753087,126.2511630294177,0,0,94.04705296550316,94.04705296550316,94.31843922859785
1272,2020-08-06T21:51:06,2020-08-06T22:21:56,186,50.8,80.4,29.60000000000001,36.66819634722222,123.87904171358855,30.83333396911621,101.22,33.67,125.89552238805969,-71.35430478494625,-71.30002,38.196236559139784,39.0,123.87904171358855,126.19865117953884,0,0,92.5462988791441,92.5462988791441,94.27920920803618
1273,2020-08-06T22:22:07,2020-08-06T22:48:17,158,80.4,97.6,17.19999999999999,21.54416480555555,125.25677212532305,26.16666603088379,122.94,40.89,125.96311475409836,-49.360122341772154,-14.60001,38.94620253164557,40.0,125.25677212532305,126.19865117953884,0,0,93.57555975084233,93.57555975084233,94.27920920803618
1275,2020-08-07T01:08:44,2020-08-07T01:31:24,137,81.6,97.6,16.0,20.113475180555557,125.70921987847223,22.66666603088379,122.94,40.89,125.96311475409836,-53.15986182481752,-14.10001,37.98905109489051,39.0,125.70921987847223,126.04062558657725,0,0,93.91356983237775,93.91356983237775,94.16115304975081
1277,2020-08-07T17:36:10,2020-08-07T17:53:30,105,22.0,38.0,16.0,20.393058194444446,127.45661371527778,17.33333396911621,47.72,15.87,125.57894736842105,-70.59143771428572,-70.5,38.42857142857143,40.0,127.45661371527778,126.19865117953884,0,0,95.2189951088702,95.2189951088702,94.27920920803618
1278,2020-08-07T17:53:41,2020-08-07T18:24:41,187,38.0,67.2,29.200000000000003,36.472782555555554,124.90678957382038,31.0,84.65,28.16,125.96726190476191,-70.59252262032085,-70.5,41.088235294117645,43.0,124.90678957382038,126.04062558657725,0,0,93.31409833359358,93.31409833359358,94.16115304975081
1279,2020-08-07T18:24:52,2020-08-07T18:57:52,199,67.2,94.4,27.200000000000003,34.35208877777778,126.2944440359477,33.0,118.88,39.55,125.93220338983049,-62.43920587939698,-46.60001,42.84422110552764,44.0,126.2944440359477,126.04062558657725,0,0,94.35077316427179,94.35077316427179,94.16115304975081
1282,2020-08-08T06:07:30,2020-08-08T06:41:30,205,15.6,47.2,31.6,39.91291368055556,126.3066888625176,34.0,59.48,19.78,126.01694915254235,-70.43414112195123,-70.30002,36.80975609756098,40.0,126.3066888625176,126.04062558657725,0,0,94.3599209051954,94.3599209051954,94.16115304975081
1283,2020-08-08T06:41:41,2020-08-08T07:10:11,172,47.2,74.4,27.200000000000003,33.46305322222222,123.02593096405228,28.5,93.82,31.2,126.10215053763439,-70.44883232558139,-70.30002,39.79360465116279,42.0,123.02593096405228,126.04062558657725,0,0,91.90896554727888,91.90896554727888,94.16115304975081
1284,2020-08-08T07:10:22,2020-08-08T07:37:02,161,74.4,95.2,20.799999999999997,25.99250286111111,124.9639560630342,26.66666603088379,119.93,39.89,125.97689075630252,-58.48199397515528,-46.20001,40.87577639751553,42.0,124.9639560630342,126.04062558657725,0,0,93.35680569493147,93.35680569493147,94.16115304975081
1287,2020-08-08T16:25:51,2020-08-08T16:54:21,172,27.6,54.4,26.799999999999997,33.35556220833333,124.46105301616917,28.5,68.41,22.76,125.75367647058822,-70.22152558139534,-70.0,42.81976744186046,45.0,124.46105301616917,125.88366801998939,0,0,92.98110198396792,92.98110198396792,94.04389478178352
1288,2020-08-08T16:54:32,2020-08-08T17:21:22,162,54.4,79.2,24.800000000000004,31.312361791666667,126.2595233534946,26.83333396911621,99.87,33.22,126.09848484848484,-70.01543364197532,-69.89999,45.24074074074074,47.0,126.2595233534946,125.88366801998939,0,0,94.32468497477126,94.32468497477126,94.04389478178352
1289,2020-08-08T17:21:33,2020-08-08T17:50:33,175,79.6,97.6,18.0,23.359310319444443,129.7739462191358,29.0,122.99,40.91,126.01434426229508,-48.29372411428572,-14.10001,46.0,47.0,129.7739462191358,126.04062558657725,0,0,96.95020438800104,96.95020438800104,94.16115304975081
1291,2020-08-09T02:21:20,2020-08-09T02:53:20,193,35.2,64.8,29.599999999999994,37.65653279166667,127.2180161880631,32.0,81.59,27.14,125.9104938271605,-70.60570886010362,-70.5,39.24352331606217,42.0,127.2180161880631,126.19865117953884,0,0,95.04074608659825,95.04074608659825,94.27920920803618
1292,2020-08-09T02:53:31,2020-08-09T03:24:41,188,65.2,92.0,26.799999999999997,33.99819898611111,126.85895144071313,31.16666603088379,115.88,38.54,125.95652173913042,-65.41437042553191,-46.5,41.162234042553195,43.0,126.85895144071313,126.23173499347433,0,0,94.77249963453056,94.77249963453056,94.30392512842258
1296,2020-08-09T07:40:19,2020-08-09T08:04:09,144,82.4,97.6,15.199999999999989,19.351807430555557,127.31452256944455,23.83333396911621,122.94,40.89,125.96311475409836,-48.674310347222224,-14.30002,39.08680555555556,41.0,127.31452256944455,126.23173499347433,0,0,95.11284309583829,95.11284309583829,94.30392512842258
1297,2020-08-09T19:33:18,2020-08-09T19:59:48,160,12.0,36.4,24.4,31.025693166666663,127.15448019125682,26.5,45.74,15.21,125.65934065934067,-70.02812212500001,0.0,41.2125,43.0,127.15448019125682,126.23173499347433,0,0,94.99328025808778,94.99328025808778,94.30392512842258
1298,2020-08-09T19:59:59,2020-08-09T20:31:49,192,36.8,66.8,30.0,37.30236279166668,124.34120930555561,31.83333396911621,84.18,28.0,126.01796407185631,-70.30833651041667,-70.10001,43.611979166666664,45.0,124.34120930555561,126.23173499347433,0,0,92.89157035934596,92.89157035934596,94.30392512842258
1299,2020-08-09T20:32:00,2020-08-09T20:58:20,159,67.2,88.8,21.599999999999994,27.348614236111114,126.61395479681075,26.33333396911621,111.85,37.2,125.9572072072072,-62.28805742138365,-46.39999,44.984276729559745,46.0,126.61395479681075,126.27698369472115,0,0,94.58947002502326,94.58947002502326,94.33772906952152
1301,2020-08-10T01:26:16,2020-08-10T01:43:36,105,51.2,67.2,16.0,20.52694613888889,128.29341336805555,17.33333396911621,84.56,28.13,125.83333333333333,-71.05429152380952,-70.80002,41.24761904761905,43.0,128.29341336805555,126.27698369472115,0,0,95.84414291189394,95.84414291189394,94.33772906952152
1302,2020-08-10T01:43:47,2020-08-10T02:16:57,200,67.2,94.4,27.200000000000003,34.69292212500001,127.54750781250003,33.16666793823242,118.94,39.56,125.9957627118644,-62.7420099,-46.80002,42.2025,44.0,127.54750781250003,126.30056644923266,0,0,95.28689934974518,95.28689934974518,94.3553470347336
1305,2020-08-10T06:39:25,2020-08-10T07:07:45,171,64.8,89.6,24.799999999999997,31.681946194444443,127.7497830421147,28.33333396911621,112.94,37.56,126.04910714285715,-67.03743052631579,-45.70001,40.01754385964912,42.0,127.7497830421147,126.33420207014768,0,0,95.43801307807904,95.43801307807904,94.3804751934853
1308,2020-08-10T20:58:38,2020-08-10T21:29:49,189,24.0,53.6,29.6,37.10816280277778,125.36541487424923,31.183332443237305,67.4,22.42,125.74626865671642,-71.39999253968254,-71.30002,41.2989417989418,44.0,125.36541487424923,126.30056644923266,0,0,93.65672347453676,93.65672347453676,94.3553470347336
1309,2020-08-10T21:30:00,2020-08-10T21:56:50,162,53.6,79.2,25.6,31.828474972222224,124.32998036024306,26.83333396911621,99.79,33.19,125.99747474747475,-71.16975919753087,-71.0,44.0,45.0,124.32998036024306,126.27698369472115,0,0,92.88318155269539,92.88318155269539,94.33772906952152
1310,2020-08-10T21:57:01,2020-08-10T22:27:11,182,79.6,97.6,18.0,22.65236404166667,125.84646689814817,30.16666603088379,122.94,40.89,125.96311475409836,-45.04286302197803,-14.80002,44.120879120879124,45.0,125.84646689814817,126.27698369472115,0,0,94.01610294473882,94.01610294473882,94.33772906952152
1313,2020-08-12T10:08:51,2020-08-12T10:38:51,181,66.4,91.6,25.19999999999999,32.489860763888885,128.92801890432102,30.0,115.42,38.39,126.00436681222709,-64.94254082872928,-46.20001,31.06353591160221,32.0,128.92801890432102,126.30056644923266,0,0,96.31823758373818,96.31823758373818,94.3553470347336
1315,2020-08-12T21:13:56,2020-08-12T22:58:32,785,9.6,97.6,88.0,110.68347094583335,125.77667152935608,104.5999984741211,122.92,40.88,125.94262295081968,-63.41707728662421,0.0,35.57452229299363,39.0,125.77667152935608,126.30056644923266,0,0,93.9639609280485,93.9639609280485,94.3553470347336
1316,2020-08-13T06:36:43,2020-08-13T07:35:57,445,51.2,98.0,46.8,59.102378109722224,126.28713271308169,59.233333587646484,123.43,41.06,125.94897959183675,-59.80584584269663,0.0,34.391011235955055,36.0,126.28713271308169,126.2907883745147,0,0,94.34531109529061,94.34531109529061,94.34804212978119
1317,2020-08-13T13:31:39,2020-08-13T13:53:45,134,56.0,76.4,20.400000000000006,25.789362547222222,126.41844385893242,22.100000381469727,96.22,32.01,125.94240837696334,-70.0156754477612,-69.70001,34.29477611940298,36.0,126.41844385893242,126.30056644923266,0,0,94.44340969519875,94.44340969519875,94.3553470347336
1318,2020-08-13T13:53:56,2020-08-13T14:25:40,193,76.4,97.6,21.19999999999999,27.093557275000002,127.79979846698122,31.733333587646484,122.92,40.88,125.94262295081968,-51.33420015544041,-13.5,35.0,36.0,127.79979846698122,126.30056644923266,0,0,95.4753780947456,95.4753780947456,94.3553470347336
1320,2020-08-13T20:44:26,2020-08-13T21:19:26,211,60.8,90.8,30.0,38.24306138888889,127.47687129629631,35.0,114.43,38.06,126.02422907488989,-65.5218109478673,-45.60001,36.64691943127962,38.0,127.47687129629631,126.33420207014768,0,0,95.2341289371722,95.2341289371722,94.3804751934853
1322,2020-08-14T22:12:48,2020-08-14T23:48:36,719,3.6,91.2,87.60000000000001,109.5380708736111,125.04345990138252,95.80000305175781,114.86,38.2,125.94298245614034,-68.5607797635605,0.0,36.67315716272601,40.0,125.04345990138252,126.33420207014768,0,0,93.41620061665546,93.41620061665546,94.3804751934853
1323,2020-08-15T08:50:51,2020-08-15T09:50:21,447,51.6,97.6,45.99999999999999,58.71369907500001,127.63847625000004,59.5,122.94,40.89,125.96311475409836,-59.14877422818792,-13.39999,34.67002237136465,37.0,127.63847625000004,126.33420207014768,0,0,95.35485912800137,95.35485912800137,94.3804751934853
1326,2020-08-16T00:11:51,2020-08-16T00:39:31,168,32.8,58.8,26.0,32.263887499999996,124.09187499999997,27.66666603088379,74.1,24.65,126.0204081632653,-69.97023511904762,-69.89999,35.520833333333336,38.0,124.09187499999997,126.30056644923266,0,0,92.7053002135361,92.7053002135361,94.3553470347336
1327,2020-08-16T00:39:42,2020-08-16T01:12:52,200,58.8,88.8,30.0,37.52958351388888,125.09861171296293,33.16666793823242,111.81,37.19,125.91216216216216,-67.8430003,-45.89999,37.3325,39.0,125.09861171296293,126.2907883745147,0,0,93.45740287304722,93.45740287304722,94.34804212978119
1328,2020-08-16T01:13:03,2020-08-16T01:31:03,110,88.8,97.6,8.799999999999997,11.220276527777774,127.50314236111112,18.0,122.94,40.89,125.96311475409836,-37.40908672727272,-13.70001,37.413636363636364,38.0,127.50314236111112,126.30056644923266,0,0,95.25375525799768,95.25375525799768,94.3553470347336
1329,2020-08-16T14:06:13,2020-08-16T14:32:13,157,19.6,43.6,24.0,30.439590027777786,126.83162511574078,26.0,54.89,18.26,125.89449541284404,-70.24396439490447,-69.89999,35.97452229299363,38.0,126.83162511574078,126.30056644923266,0,0,94.7520849606424,94.7520849606424,94.3553470347336
1330,2020-08-16T14:32:24,2020-08-16T15:07:54,214,44.0,77.2,33.2,41.58890008333333,125.26777133534135,35.5,97.18999,32.33,125.8937694300518,-70.29114042056074,-70.20001,39.12850467289719,41.0,125.26777133534135,126.2907883745147,0,0,93.5837769291778,93.5837769291778,94.34804212978119
1331,2020-08-16T15:08:05,2020-08-16T15:34:15,158,77.2,96.8,19.599999999999994,24.612922819444446,125.57613683390026,26.16666603088379,122.0,40.58,126.03305785123968,-56.44874829113924,-46.20001,40.348101265822784,41.0,125.57613683390026,126.27332803328815,0,0,93.81414750033244,93.81414750033244,94.33499803503094
1334,2020-08-17T01:15:26,2020-08-17T01:42:56,166,35.2,61.2,26.0,32.198479152777786,123.8403044337607,27.5,77.13,25.65,126.02941176470588,-70.25121993975903,-70.20001,35.963855421686745,39.0,123.8403044337607,126.27332803328815,0,0,92.51735942476085,92.51735942476085,94.33499803503094
1335,2020-08-17T01:43:07,2020-08-17T02:18:37,214,61.2,92.0,30.799999999999997,38.415704763888904,124.72631416847047,35.5,115.97,38.58,126.05434782608695,-64.89674640186917,-46.20001,37.89719626168224,40.0,124.72631416847047,126.27332803328815,0,0,93.17927059701434,93.17927059701434,94.33499803503094
1338,2020-08-17T05:53:02,2020-08-17T06:24:42,191,74.8,97.6,22.799999999999997,28.818058486111106,126.39499336013644,31.66666603088379,122.95,40.9,125.97336065573771,-54.53560764397906,-13.60001,37.5,39.0,126.39499336013644,126.27332803328815,0,0,94.42589053424612,94.42589053424612,94.33499803503094
1341,2020-08-17T15:10:39,2020-08-17T15:37:59,165,34.0,60.0,26.0,32.295413986111114,124.21313071581197,27.33333396911621,75.49,25.11,125.81666666666666,-70.8927213939394,-70.80002,38.233333333333334,40.0,124.21313071581197,126.07370940051274,0,0,92.79588670469,92.79588670469,94.18586897013721
1342,2020-08-17T15:38:10,2020-08-17T16:05:20,164,60.4,86.0,25.6,32.11999727777778,125.46873936631944,27.16666603088379,108.38,36.05,126.02325581395348,-70.9396281097561,-70.89999,40.045731707317074,41.0,125.46873936631944,125.86718117283951,0,0,93.73391408880366,93.73391408880366,94.03157795512098
1344,2020-08-18T01:14:59,2020-08-18T01:36:29,130,17.2,36.8,19.599999999999998,25.264861458333332,128.9023543792517,21.5,46.29,15.4,125.78804347826087,-70.50615476923076,-70.30002,35.41923076923077,38.0,128.9023543792517,125.86718117283951,0,0,96.29906439047804,96.29906439047804,94.03157795512098
1345,2020-08-18T01:36:40,2020-08-18T01:54:54,111,36.8,54.4,17.6,21.44789124722223,121.8630184501263,18.233333587646484,68.43999,22.77,125.8088051470588,-70.57838612612612,-70.5,37.72522522522522,40.0,121.8630184501263,125.81156921375212,0,0,91.04018865333973,91.04018865333973,93.99003193639365
1346,2020-08-18T01:55:05,2020-08-18T02:26:45,191,54.4,84.0,29.6,37.27514416666668,125.92954110360363,31.66666603088379,105.8,35.19,125.95238095238095,-70.62671157068061,-70.60001,39.81675392670157,42.0,125.92954110360363,125.86718117283951,0,0,94.07816518013296,94.07816518013296,94.03157795512098
1347,2020-08-18T11:31:44,2020-08-18T11:58:34,162,39.2,64.0,24.799999999999997,31.35000301388889,126.41130247535844,26.83333396911621,80.55,26.79,125.859375,-70.09938944444444,-69.80002,36.45061728395062,39.0,126.41130247535844,125.90871827556725,0,0,94.43807458274142,94.43807458274142,94.06260907281805
1348,2020-08-18T11:58:45,2020-08-18T12:28:45,181,64.0,90.0,26.0,33.225556708333336,127.79060272435898,30.0,113.41,37.72,126.0111111111111,-66.40442226519338,-45.80002,38.16298342541437,40.0,127.79060272435898,126.09453222854911,0,0,95.4685082325529,95.4685082325529,94.20142507745211
1350,2020-08-19T10:16:06,2020-08-19T10:38:16,134,21.6,32.8,11.199999999999996,14.415970069444443,128.71401847718258,22.16666603088379,41.16,13.69,125.48780487804879,-38.89700910447761,-5.0,27.37686567164179,29.0,128.71401847718258,126.27332803328815,0,0,96.15836431368167,96.15836431368167,94.33499803503094
1351,2020-08-19T10:38:27,2020-08-19T11:08:07,179,32.8,48.8,16.0,19.728606194444446,123.30378871527778,29.66666603088379,61.37,20.41,125.75819672131148,-39.9005487150838,-39.89999,28.960893854748605,30.0,123.30378871527778,126.27332803328815,0,0,92.1165446997739,92.1165446997739,94.33499803503094
1352,2020-08-19T11:08:18,2020-08-19T11:37:28,176,49.2,65.2,16.0,19.396661888888893,121.22913680555558,29.16666603088379,82.05,27.29,125.84355828220858,-39.901694715909095,-39.89999,30.477272727272727,32.0,121.22913680555558,126.27332803328815,0,0,90.56663477916561,90.56663477916561,94.33499803503094
1353,2020-08-19T11:37:39,2020-08-19T12:11:09,202,65.6,83.6,18.0,22.277494416666663,123.76385787037036,33.5,105.33,35.03,125.99282296650718,-39.89999,-39.89999,31.363861386138613,32.0,123.76385787037036,126.27332803328815,0,0,92.46024850102475,92.46024850102475,94.33499803503094
1354,2020-08-19T12:11:20,2020-08-19T12:40:20,175,83.6,98.0,14.400000000000006,17.996802125,124.97779253472217,29.0,123.43,41.06,125.94897959183675,-37.13599291428572,0.0,31.517142857142858,33.0,124.97779253472217,126.27332803328815,0,0,93.3671425059574,93.3671425059574,94.33499803503094
1356,2020-08-19T17:30:30,2020-08-19T17:59:30,175,67.2,91.6,24.39999999999999,30.76597026388889,126.09004206511844,29.0,115.38,38.38,125.96069868995633,-63.621138800000004,-45.89999,31.66,33.0,126.09004206511844,126.17478270930653,0,0,94.19807061166739,94.19807061166739,94.26137779321932
1359,2020-08-20T19:19:34,2020-08-20T19:44:14,149,21.2,44.0,22.8,28.773056388888893,126.19761574074076,24.66666603088379,55.3,18.4,125.68181818181817,-69.98926382550336,-69.70001,36.738255033557046,39.0,126.19761574074076,126.22856954711767,0,0,94.27843566291382,94.27843566291382,94.30156031884255
1360,2020-08-20T19:44:25,2020-08-20T20:15:35,188,44.0,73.6,29.599999999999994,36.34597308333334,122.79044960585591,31.16666603088379,92.74,30.84,126.00543478260869,-69.97127824468086,-69.70001,39.7313829787234,41.0,122.79044960585591,126.1438289029296,0,0,91.73304452097247,91.73304452097247,94.2382531372906
1361,2020-08-20T20:15:46,2020-08-20T20:45:46,181,74.0,96.4,22.400000000000006,28.54166836111111,127.41816232638885,30.0,121.49,40.41,126.02697095435683,-57.087848618784534,-45.70001,40.93922651933702,42.0,127.41816232638885,126.1438289029296,0,0,95.19026923499187,95.19026923499187,94.2382531372906
1364,2020-08-21T14:38:16,2020-08-21T15:03:16,151,12.4,25.6,13.200000000000001,16.674584125000003,126.32260700757577,25.0,32.07,10.67,125.2734375,-40.019207218543045,-40.0,36.0,37.0,126.32260700757577,126.22856954711767,0,0,94.37181287166347,94.37181287166347,94.30156031884255
1365,2020-08-21T15:03:27,2020-08-21T15:32:57,178,25.6,41.2,15.600000000000001,19.692641486111114,126.23488132122507,29.5,51.77,17.22,125.65533980582524,-40.05281426966292,-40.0,36.87640449438202,38.0,126.23488132122507,126.24720233735984,0,0,94.30627565506828,94.30627565506828,94.31548031491977
1366,2020-08-21T15:33:08,2020-08-21T15:59:48,161,41.2,56.0,14.799999999999997,17.78500072222222,120.16892379879883,26.66666603088379,70.48,23.44,125.85714285714285,-40.01615068322982,-40.0,38.285714285714285,40.0,120.16892379879883,126.24720233735984,0,0,89.77458159210819,89.77458159210819,94.31548031491977
1367,2020-08-21T15:59:59,2020-08-21T16:27:09,164,56.0,70.8,14.799999999999997,18.12805725,122.48687331081085,27.16666603088379,89.12,29.64,125.87570621468927,-40.037198841463415,-40.0,39.0,40.0,122.48687331081085,126.21624853098291,0,0,91.50625181943688,91.50625181943688,94.29235565899106
1368,2020-08-21T16:27:20,2020-08-21T16:56:00,173,70.8,86.4,15.600000000000009,19.143336555555553,122.71369586894579,28.66666603088379,108.78,36.18,125.90277777777776,-40.06763682080925,-40.0,39.358381502890175,40.0,122.71369586894579,126.1438289029296,0,0,91.67570411715664,91.67570411715664,94.2382531372906
1369,2020-08-21T16:56:11,2020-08-21T17:19:16,140,86.4,97.6,11.199999999999989,14.693544881944444,131.19236501736123,23.08333396911621,122.92,40.88,125.94262295081968,-38.02572257142857,-13.80002,39.5,40.0,131.19236501736123,126.1438289029296,0,0,98.00986232707248,98.00986232707248,94.2382531372906
1371,2020-08-22T00:37:00,2020-08-22T01:08:20,189,41.2,60.0,18.799999999999997,23.441802125,124.6904368351064,31.33333396911621,75.53,25.12,125.88333333333334,-44.88835328042328,-44.80002,36.48677248677249,38.0,124.6904368351064,126.00979158436104,0,0,93.1524677224476,93.1524677224476,94.13811789590017
1372,2020-08-22T01:08:31,2020-08-22T01:41:51,201,60.0,79.6,19.599999999999994,24.908060916666663,127.08194345238097,33.33333206176758,100.22,33.34,125.90452261306534,-44.83483542288558,-44.80002,37.0,38.0,127.08194345238097,126.00979158436104,0,0,94.93909024642105,94.93909024642105,94.13811789590017
1373,2020-08-22T01:42:02,2020-08-22T02:09:52,168,79.6,96.0,16.400000000000006,20.82805108333333,127.00031148373978,27.83333396911621,120.9,40.22,125.93750000000001,-44.89879988095239,-44.80002,37.395833333333336,39.0,127.00031148373978,126.00979158436104,0,0,94.878105462688,94.878105462688,94.13811789590017
1376,2020-08-22T18:51:52,2020-08-22T19:22:12,183,26.0,54.4,28.4,35.41639163888889,124.70560436228483,30.33333396911621,68.55,22.8,126.0110294117647,-70.05410377049179,-70.0,39.78415300546448,43.0,124.70560436228483,126.00979158436104,0,0,93.16379892491814,93.16379892491814,94.13811789590017
1377,2020-08-22T19:22:23,2020-08-22T19:51:43,177,54.4,82.0,27.6,34.271809958333336,124.17322448671497,29.33333396911621,103.26,34.34,125.92682926829269,-70.10113892655367,-70.0,41.954802259887,44.0,124.17322448671497,125.8880040008759,0,0,92.76607396353491,92.76607396353491,94.04713406243589
1378,2020-08-22T19:51:54,2020-08-22T20:15:14,141,82.0,97.6,15.599999999999994,19.799309236111117,126.91864894943029,23.33333396911621,122.92,40.88,125.94262295081968,-50.84965482269504,-14.0,42.09574468085106,44.0,126.91864894943029,125.8880040008759,0,0,94.81709784426529,94.81709784426529,94.04713406243589
1380,2020-08-23T02:00:06,2020-08-23T02:32:56,198,56.4,86.4,30.000000000000007,38.189036458333334,127.29678819444443,32.83333206176758,108.85,36.21,125.98379629629628,-69.78688454545454,-69.70001,37.90151515151515,40.0,127.29678819444443,125.8880040008759,0,0,95.099594278714,95.099594278714,94.04713406243589
1381,2020-08-23T02:33:07,2020-08-23T02:54:07,127,86.4,97.6,11.199999999999989,14.050832416666667,125.45386086309536,21.0,122.95,40.9,125.97336065573771,-40.15905244094488,-13.89999,38.5,40.0,125.45386086309536,125.81156921375212,0,0,93.72279880741947,93.72279880741947,93.99003193639365
1383,2020-08-23T23:50:49,2020-08-24T00:15:49,151,34.0,57.6,23.6,29.40111338888889,124.58098893596987,25.0,72.52,24.12,125.90277777777776,-70.56225708609271,-70.5,37.0728476821192,39.0,124.58098893596987,125.81156921375212,0,0,93.07070249529478,93.07070249529478,93.99003193639365
1384,2020-08-24T00:16:00,2020-08-24T00:45:00,175,57.6,84.8,27.199999999999996,34.11333666666667,125.41667892156865,29.0,106.89,35.56,126.0495283018868,-70.5800069142857,-70.5,38.94285714285714,40.0,125.41667892156865,125.81156921375212,0,0,93.69502129940973,93.69502129940973,93.99003193639365
1385,2020-08-24T00:45:11,2020-08-24T01:06:51,131,84.8,97.6,12.799999999999997,16.32291684722222,127.52278786892363,21.66666603088379,122.97,40.9,125.9938524590164,-45.18091664122138,-14.30002,39.11068702290076,40.0,127.52278786892363,125.85310631647985,0,0,95.26843182485274,95.26843182485274,94.02106305409072
1386,2020-08-24T12:08:28,2020-08-24T13:21:19,547,38.4,97.6,59.199999999999996,75.31598837083335,127.2229533291104,72.8499984741211,122.92,40.88,125.94262295081968,-61.93016639853747,0.0,38.73400365630713,41.0,127.2229533291104,125.85310631647985,0,0,95.04443447589034,95.04443447589034,94.02106305409072
1387,2020-08-24T17:52:35,2020-08-24T18:13:55,129,62.4,82.0,19.6,25.06638886111111,127.88973908730158,21.33333396911621,103.42,34.4,126.1219512195122,-70.49922472868217,-70.39999,42.01937984496124,43.0,127.88973908730158,126.00979158436104,0,0,95.54257002176088,95.54257002176088,94.13811789590017
1390,2020-08-24T22:56:03,2020-08-24T23:19:23,141,61.2,82.4,21.200000000000003,27.124866958333346,127.94748565251577,23.33333396911621,103.85,34.55,126.03155339805824,-69.7496604255319,-69.60001,40.0,41.0,127.94748565251577,126.00979158436104,0,0,95.58571074039763,95.58571074039763,94.13811789590017
1391,2020-08-24T23:19:34,2020-08-24T23:44:54,153,82.4,97.6,15.199999999999989,19.389727125000007,127.56399424342119,25.33333396911621,122.94,40.89,125.96311475409836,-45.89543647058824,-13.5,40.0359477124183,41.0,127.56399424342119,126.00979158436104,0,0,95.29921586545578,95.29921586545578,94.13811789590017
1393,2020-08-25T15:58:25,2020-08-25T16:30:55,196,35.2,66.8,31.599999999999994,39.890136194444445,126.23460821026725,32.5,84.14,27.99,125.95808383233535,-73.63826040816328,-70.5,42.92602040816327,45.0,126.23460821026725,126.00979158436104,0,0,94.30607162210207,94.30607162210207,94.13811789590017
1394,2020-08-25T16:31:06,2020-08-25T17:03:26,195,67.2,92.8,25.599999999999994,32.34597698611111,126.35147260199655,32.33333206176758,116.89,38.89,125.95905172413794,-60.01590625641025,-46.5,44.52307692307692,46.0,126.35147260199655,126.00979158436104,0,0,94.39337748736953,94.39337748736953,94.13811789590017
1397,2020-08-26T12:59:25,2020-08-26T13:28:25,175,66.0,92.0,26.0,32.945002111111116,126.7115465811966,29.0,115.92,38.56,126.0,-68.1262901142857,-47.70001,38.15428571428571,39.0,126.7115465811966,126.1438289029296,0,0,94.66237790613849,94.66237790613849,94.2382531372906
1399,2020-08-26T19:27:37,2020-08-26T19:49:47,134,40.8,61.2,20.400000000000006,26.13611463888889,128.11820901416118,22.16666603088379,78.03,26.19,127.5,-70.7455319402985,-70.5,34.014925373134325,37.0,128.11820901416118,126.1438289029296,0,0,95.71325301901017,95.71325301901017,94.2382531372906
1400,2020-08-26T19:49:58,2020-08-26T20:17:28,166,61.6,86.4,24.800000000000004,30.129864152777778,121.49138771281359,27.5,110.16,36.97,127.49999999999999,-65.6963921686747,-46.89999,36.18975903614458,39.0,121.49138771281359,126.1438289029296,0,0,90.76255452885611,90.76255452885611,94.2382531372906
1403,2020-08-27T11:49:36,2020-08-27T12:23:46,206,49.6,81.2,31.6,39.93861680555557,126.38802786568218,34.16666793823242,102.23,34.01,125.89901477832512,-70.13641776699029,-70.10001,34.40291262135922,36.0,126.38802786568218,126.216111975504,0,0,94.42068682324958,94.42068682324958,94.29225364250794
1404,2020-08-27T12:23:57,2020-08-27T12:51:07,164,81.2,97.6,16.39999999999999,20.916670236111116,127.5406721714093,27.16666603088379,122.94,40.89,125.96311475409836,-46.17134932926829,-13.89999,35.801829268292686,37.0,127.5406721714093,126.216111975504,0,0,95.28179264828331,95.28179264828331,94.29225364250794
1406,2020-08-28T10:35:48,2020-08-28T11:03:48,169,36.0,51.2,15.200000000000003,18.713338000000004,123.11406578947368,28.0,64.45,21.44,125.87890625,-40.10001,-40.10001,34.248520710059175,36.0,123.11406578947368,126.1438289029296,0,0,91.9748084193441,91.9748084193441,94.2382531372906
1407,2020-08-28T11:03:59,2020-08-28T11:35:49,192,51.2,68.8,17.599999999999994,21.28028308333333,120.91069933712124,31.83333396911621,86.67,28.83,125.97383720930233,-40.109384999999996,-40.10001,36.002604166666664,37.0,120.91069933712124,126.1438289029296,0,0,90.32873974284318,90.32873974284318,94.2382531372906
1408,2020-08-28T11:36:00,2020-08-28T12:05:10,176,68.8,84.4,15.600000000000009,19.499588194444442,124.99736022079765,29.16666603088379,106.33,35.36,125.98341232227487,-40.113646363636356,-40.10001,36.64488636363637,38.0,124.99736022079765,126.1438289029296,0,0,93.38176093453792,93.38176093453792,94.2382531372906
1409,2020-08-28T12:05:21,2020-08-28T12:32:01,161,84.4,98.0,13.599999999999994,17.156115027777776,126.14790461601311,26.66666603088379,123.43,41.06,125.94897959183675,-38.52920130434782,-13.89999,37.5,38.0,126.14790461601311,126.17276017837693,0,0,94.24129797971071,94.24129797971071,94.25986682131227
1411,2020-08-28T22:06:52,2020-08-28T22:34:02,164,20.0,45.2,25.200000000000003,31.970698930555557,126.86785289902998,27.16666603088379,56.98,18.96,126.06194690265485,-70.60976597560975,-70.5,39.66158536585366,42.0,126.86785289902998,126.216111975504,0,0,94.77914964578716,94.77914964578716,94.29225364250794
1412,2020-08-28T22:34:13,2020-08-28T23:05:03,186,45.2,74.8,29.599999999999994,36.28736622222223,122.59245345345352,30.83333396911621,94.16,31.32,125.88235294117646,-70.61345080645161,-70.5,42.615591397849464,44.0,122.59245345345352,126.17276017837693,0,0,91.5851275622708,91.5851275622708,94.25986682131227
1413,2020-08-28T23:05:14,2020-08-28T23:35:44,184,74.8,96.8,22.0,27.431249333333334,124.68749696969697,30.5,121.95,40.56,125.98140495867769,-53.98804217391305,-46.30002,43.90760869565217,45.0,124.68749696969697,126.17276017837693,0,0,93.1502714375952,93.1502714375952,94.25986682131227
1417,2020-08-29T04:05:24,2020-08-29T04:36:04,185,65.2,91.2,26.0,33.11736801388889,127.37449236111112,30.66666603088379,114.91,38.23,125.99780701754385,-64.75731075675677,-45.80002,40.62432432432433,43.0,127.37449236111112,126.216111975504,0,0,95.15764471995907,95.15764471995907,94.29225364250794
1419,2020-08-29T07:01:14,2020-08-29T07:30:34,177,71.6,81.6,10.0,12.633189708333331,126.3318970833333,29.33333396911621,102.75,34.18,125.91911764705883,-25.779086384180786,-4.0,38.75141242937853,41.0,126.3318970833333,126.216111975504,0,0,94.37875320729873,94.37875320729873,94.29225364250794
1420,2020-08-29T07:30:45,2020-08-29T07:57:05,159,81.6,90.4,8.800000000000011,11.36721783333333,129.1729299242422,26.33333396911621,113.83,37.87,125.91814159292035,-25.899989999999992,-25.89999,38.119496855345915,40.0,129.1729299242422,126.23474476574617,0,0,96.50120322614949,96.50120322614949,94.30617363858516
1421,2020-08-29T07:57:16,2020-08-29T08:18:36,129,90.8,97.6,6.799999999999997,9.20888533333333,135.42478431372547,21.33333396911621,122.92,40.88,125.94262295081968,-25.89999,-25.89999,37.7093023255814,40.0,135.42478431372547,126.27874416440042,0,0,101.17177523635046,101.17177523635046,94.33904426336588
1422,2020-08-29T13:57:23,2020-08-29T14:29:33,194,46.0,65.2,19.200000000000003,24.100692013888885,125.52443757233792,32.16666793823242,82.09,27.31,125.90490797546012,-44.95463463917526,-44.89999,39.02577319587629,40.0,125.52443757233792,126.23474476574617,0,0,93.77552454001409,93.77552454001409,94.30617363858516
1424,2020-08-29T14:39:49,2020-08-29T15:02:39,138,71.2,84.4,13.200000000000003,17.088885277777777,129.46125210437705,22.83333396911621,106.34,35.37,125.9952606635071,-44.905062971014495,-44.89999,39.5,40.0,129.46125210437705,126.23474476574617,0,0,96.7166000381295,96.7166000381295,94.30617363858516
1426,2020-08-29T19:42:12,2020-08-29T20:14:32,195,52.4,63.2,10.800000000000004,14.00805525,129.70421527777773,32.33333206176758,79.54,26.45,125.85443037974684,-25.99435841025641,-25.89999,38.0,39.0,129.70421527777773,126.23474476574617,0,0,96.8981105031051,96.8981105031051,94.30617363858516
1427,2020-08-29T20:14:43,2020-08-29T20:43:53,176,63.6,73.2,9.600000000000001,12.638055472222222,131.64641116898144,29.16666603088379,92.15,30.65,125.88797814207652,-25.998295284090908,-25.89999,38.0,39.0,131.64641116898144,126.27874416440042,0,0,98.34906652393673,98.34906652393673,94.33904426336588
1428,2020-08-29T20:44:04,2020-08-29T21:18:14,206,73.2,84.8,11.599999999999994,14.801110666666666,127.59578160919547,34.16666793823242,106.76,35.51,125.89622641509435,-25.99223223300971,-25.89999,38.0,39.0,127.59578160919547,126.32725204545454,0,0,95.32296324849034,95.32296324849034,94.3752830394811
1429,2020-08-29T21:18:25,2020-08-29T21:43:55,154,84.8,93.6,8.799999999999997,11.043332666666668,125.49241666666673,25.5,117.93,39.22,125.99358974358975,-25.984414025974026,-25.89999,38.0,39.0,125.49241666666673,126.32725204545454,0,0,93.75160268636044,93.75160268636044,94.3752830394811
1432,2020-08-30T16:36:36,2020-08-30T17:08:16,191,36.8,55.6,18.800000000000004,23.85556083333333,126.89128102836875,31.66666603088379,69.92,23.25,125.75539568345323,-45.20001,-45.20001,39.30628272251309,41.0,126.89128102836875,126.34168484266493,0,0,94.79665209519243,94.79665209519243,94.38606534733412
1433,2020-08-30T17:08:27,2020-08-30T17:42:17,204,56.0,76.0,20.0,25.487783416666673,127.43891708333337,33.83333206176758,95.7,31.83,125.92105263157895,-45.20001,-45.20001,40.6764705882353,42.0,127.43891708333337,126.36975023383937,0,0,95.20577448844541,95.20577448844541,94.40703215530957
1438,2020-08-31T12:02:03,2020-08-31T12:30:03,169,44.8,62.0,17.200000000000003,21.093338000000003,122.63568604651161,28.0,78.00999,25.95,125.82256451612903,-45.20001000000001,-45.20001,34.032544378698226,35.0,122.63568604651161,126.36975023383937,0,0,91.61742532969885,91.61742532969885,94.40703215530957
1439,2020-08-31T12:30:14,2020-08-31T12:59:44,178,62.0,79.6,17.599999999999994,22.22333825000001,126.26896732954555,29.5,100.3,33.37,126.00502512562815,-45.20001000000001,-45.20001,34.8876404494382,36.0,126.26896732954555,126.36975023383937,0,0,94.33174028467782,94.33174028467782,94.40703215530957
1440,2020-08-31T12:59:55,2020-08-31T13:28:55,175,79.6,96.8,17.200000000000003,21.717504833333336,126.26456298449611,29.0,121.93,40.56,125.96074380165291,-44.84572428571428,-14.20001,35.5,36.0,126.26456298449611,126.34168484266493,0,0,94.32844993121954,94.32844993121954,94.38606534733412
1442,2020-09-01T03:06:06,2020-09-01T03:40:16,206,32.8,53.2,20.400000000000006,25.621666333333334,125.5964035947712,34.16666793823242,66.92,22.25,125.78947368421052,-44.994174174757276,-44.89999,34.76699029126213,37.0,125.5964035947712,126.34168484266493,0,0,93.82928818662553,93.82928818662553,94.38606534733412
1443,2020-09-01T03:40:27,2020-09-01T04:08:57,172,53.2,70.4,17.200000000000003,21.375,124.27325581395345,28.5,88.6,29.47,125.8522727272727,-45.0,-45.0,36.468023255813954,37.0,124.27325581395345,126.34168484266493,0,0,92.84080435359792,92.84080435359792,94.38606534733412
1444,2020-09-01T04:09:08,2020-09-01T04:39:28,183,70.8,88.4,17.60000000000001,22.75,129.26136363636357,30.33333396911621,111.34,37.03,125.9502262443439,-45.0,-45.0,36.96448087431694,38.0,129.26136363636357,126.36975023383937,0,0,96.56726938746107,96.56726938746107,94.40703215530957
1445,2020-09-01T04:39:39,2020-09-01T04:57:19,107,88.8,97.6,8.799999999999997,11.743055555555555,133.4438131313132,17.66666603088379,122.95,40.9,125.97336065573771,-39.78504672897196,-14.0,37.5,38.0,133.4438131313132,126.54978722343938,0,0,99.69185136397853,99.69185136397853,94.54153236469404
1447,2020-09-02T03:26:03,2020-09-02T03:55:35,179,22.4,50.0,27.6,34.54244936666667,125.15380205314011,29.53333282470703,62.9,20.92,125.8,-70.17654631284917,-70.10001,34.70949720670391,37.0,125.15380205314011,126.54978722343938,0,0,93.49863391299252,93.49863391299252,94.54153236469404
1448,2020-09-02T03:55:46,2020-09-02T04:20:18,149,50.0,73.2,23.200000000000003,28.701781894444444,123.71457713122604,24.53333282470703,92.17,30.66,125.9153005464481,-70.1946409395973,-70.10001,37.624161073825505,39.0,123.71457713122604,126.36975023383937,0,0,92.42343234592096,92.42343234592096,94.40703215530957
1449,2020-09-02T04:20:29,2020-09-02T04:53:59,202,73.6,97.2,23.60000000000001,29.84806118055556,126.4748355108286,33.5,122.44,40.73,125.96707818930041,-53.40298034653466,-14.0,38.698019801980195,40.0,126.4748355108286,126.43143168825539,0,0,94.48553819892692,94.48553819892692,94.45311251108825
1451,2020-09-02T12:20:40,2020-09-02T12:44:30,144,53.2,74.8,21.599999999999994,27.820557055555554,128.79887525720167,23.83333396911621,94.2,31.33,125.93582887700535,-70.03750375,-70.0,38.50694444444444,40.0,128.79887525720167,126.43143168825539,0,0,96.22175825681312,96.22175825681312,94.45311251108825
1452,2020-09-02T12:44:41,2020-09-02T13:03:11,112,75.2,90.4,15.200000000000003,19.549444388888887,128.61476571637422,18.5,113.83,37.87,125.91814159292035,-63.35535696428571,-45.89999,39.40625,41.0,128.61476571637422,126.43143168825539,0,0,96.08421556713593,96.08421556713593,94.45311251108825
1454,2020-09-02T22:35:41,2020-09-02T23:04:41,175,34.0,51.2,17.200000000000003,21.805004833333335,126.77328391472867,29.0,64.45,21.44,125.87890625,-45.11372428571429,-45.10001,39.08571428571429,41.0,126.77328391472867,126.5931910460126,0,0,94.70850000752081,94.70850000752081,94.5739580525327
1455,2020-09-02T23:04:52,2020-09-02T23:34:12,177,51.2,69.2,18.0,22.05833822222223,122.54632345679016,29.33333396911621,87.1,28.98,125.86705202312137,-45.11921903954802,-45.10001,40.25141242937853,42.0,122.54632345679016,126.5931910460126,0,0,91.55066523192463,91.55066523192463,94.5739580525327
1456,2020-09-02T23:34:23,2020-09-03T00:09:23,211,69.2,90.0,20.799999999999997,26.34208916666667,126.64465945512825,35.0,113.37,37.71,125.96666666666667,-45.15782990521327,-45.10001,40.5,42.0,126.64465945512825,126.55974748297842,0,0,94.61240854994503,94.61240854994503,94.54897337443597
1458,2020-09-03T13:59:33,2020-09-03T14:16:53,105,34.4,50.4,16.0,20.281114430555558,126.75696519097224,17.33333396911621,63.5,21.12,125.9920634920635,-70.20286857142858,-70.0,38.77619047619048,41.0,126.75696519097224,126.55974748297842,0,0,94.696308780779,94.696308780779,94.54897337443597
1459,2020-09-03T14:17:04,2020-09-03T14:45:44,173,50.4,77.2,26.800000000000004,33.56750741666667,125.25189334577115,28.66666603088379,97.25,32.35,125.97150259067357,-70.25781901734103,-70.20001,41.153179190751445,43.0,125.25189334577115,126.55974748297842,0,0,93.57191496166467,93.57191496166467,94.54897337443597
1460,2020-09-03T14:45:55,2020-09-03T15:07:45,132,77.2,94.0,16.799999999999997,21.049865916666672,125.29682093253973,21.83333396911621,118.44,39.4,126.0,-57.84925560606061,-46.10001,42.35606060606061,43.0,125.29682093253973,126.55974748297842,0,0,93.60547900781395,93.60547900781395,94.54897337443597
1463,2020-09-03T20:50:58,2020-09-03T21:18:18,165,64.4,89.2,24.799999999999997,31.35500454166667,126.4314699260753,27.33333396911621,112.36,37.38,125.96412556053811,-68.76607054545454,-46.60001,40.96060606060606,42.0,126.4314699260753,126.55974748297842,0,0,94.45314107741119,94.45314107741119,94.54897337443597
1465,2020-09-04T06:10:14,2020-09-04T06:29:54,119,65.2,83.2,18.0,22.93805627777778,127.43364598765433,19.66666603088379,104.72,34.83,125.8653846153846,-69.9806744537815,-69.70001,37.02100840336134,39.0,127.43364598765433,126.55974748297842,0,0,95.20183661171191,95.20183661171191,94.54897337443597
1466,2020-09-04T06:30:05,2020-09-04T06:53:55,144,83.2,97.6,14.399999999999991,18.32986251388889,127.29071190200627,23.83333396911621,122.92,40.88,125.94262295081968,-46.11597583333334,-13.60001,37.5,39.0,127.29071190200627,126.55974748297842,0,0,95.09505486374694,95.09505486374694,94.54897337443597
1467,2020-09-04T16:13:48,2020-09-04T16:37:48,145,14.4,30.0,15.6,20.073476263888896,128.6761298967237,24.0,37.66,12.52,125.53333333333333,-50.170354965517255,-46.30002,36.172413793103445,38.0,128.6761298967237,126.55974748297842,0,0,96.13005889702079,96.13005889702079,94.54897337443597
1468,2020-09-04T16:37:59,2020-09-04T17:12:29,208,30.0,53.2,23.200000000000003,28.839450194444446,124.30797497605363,34.5,66.97,22.28,125.88345864661653,-50.155298461538464,-50.10001,38.14663461538461,40.0,124.30797497605363,126.45315271845195,0,0,92.86674199331574,92.86674199331574,94.46933963816906
1469,2020-09-04T17:12:40,2020-09-04T17:31:20,113,53.2,66.0,12.799999999999997,15.596392000000005,121.84681250000007,18.66666603088379,83.05,27.62,125.83333333333333,-50.13098345132743,-50.10001,39.902654867256636,41.0,121.84681250000007,126.40974889587874,0,0,91.02808167637852,91.02808167637852,94.43691395033039
1471,2020-09-05T13:32:40,2020-09-05T13:53:30,126,24.4,43.6,19.200000000000003,24.316391,126.64786979166664,20.83333396911621,54.91,18.27,125.94036697247705,-70.03016484126984,-69.70001,31.5515873015873,33.0,126.64786979166664,126.45315271845195,0,0,94.61480689562704,94.61480689562704,94.46933963816906
1472,2020-09-05T13:53:41,2020-09-05T14:25:41,193,43.6,74.0,30.4,37.407366388888896,123.05054733187137,32.0,93.3,31.03,126.08108108108108,-70.13887000000001,-70.0,34.740932642487046,37.0,123.05054733187137,126.45315271845195,0,0,91.92735569384436,91.92735569384436,94.46933963816906
1473,2020-09-05T14:25:52,2020-09-05T14:55:02,176,74.0,96.4,22.400000000000006,28.003477138888893,125.01552294146823,29.16666603088379,121.43,40.39,125.96473029045643,-57.610237386363636,-46.0,36.48295454545455,38.0,125.01552294146823,126.40974889587874,0,0,93.39532975580413,93.39532975580413,94.43691395033039
1475,2020-09-06T00:07:05,2020-09-06T00:30:25,141,33.2,54.8,21.599999999999994,27.21013779166667,125.97286014660499,23.33333396911621,68.97,22.94,125.85766423357666,-69.96879148936169,-69.80002,36.340425531914896,39.0,125.97286014660499,126.35996247450774,0,0,94.11052753170839,94.11052753170839,94.39972001527416
1476,2020-09-06T00:30:36,2020-09-06T01:01:26,186,54.8,83.2,28.400000000000006,35.93388538888889,126.5277654538341,30.83333396911621,104.86,34.88,126.03365384615384,-69.92526198924732,-69.80002,38.486559139784944,40.0,126.5277654538341,126.40974889587874,0,0,94.52508056426399,94.52508056426399,94.43691395033039
1478,2020-09-06T06:50:48,2020-09-06T07:17:58,164,24.4,49.6,25.200000000000003,31.682223319444446,125.72310841049384,27.16666603088379,62.48,20.78,125.96774193548387,-69.97378292682927,-69.70001,36.390243902439025,39.0,125.72310841049384,126.3816835047043,0,0,93.92394553611008,93.92394553611008,94.41594714235495
1479,2020-09-06T07:18:09,2020-09-06T07:42:09,145,50.0,72.4,22.400000000000006,27.980139597222223,124.91133748759918,24.0,91.25,30.35,126.03591160220994,-69.95034655172414,-69.70001,38.793103448275865,41.0,124.91133748759918,126.30043220643942,0,0,93.31749594292303,93.31749594292303,94.35524674598827
1480,2020-09-06T07:42:20,2020-09-06T08:09:00,161,72.8,94.0,21.200000000000003,26.71486240277778,126.01350189989518,26.66666603088379,118.45,39.4,126.01063829787235,-60.094412857142856,-45.70001,39.5,41.0,126.01350189989518,126.30043220643942,0,0,94.14088976082267,94.14088976082267,94.35524674598827
1483,2020-09-07T16:00:18,2020-09-07T16:30:58,185,53.6,73.6,19.999999999999993,25.606671777777787,128.03335888888898,30.66666603088379,92.68999,30.83,125.93748641304347,-50.100010000000005,-50.10001,35.7972972972973,37.0,128.03335888888898,126.3816835047043,0,0,95.64986404743959,95.64986404743959,94.41594714235495
1484,2020-09-07T16:31:09,2020-09-07T16:55:59,150,74.0,90.0,16.0,20.567087472222227,128.5442967013889,24.83333396911621,113.37,37.71,125.96666666666667,-49.68201,-46.10001,36.586666666666666,38.0,128.5442967013889,126.45315271845195,0,0,96.03157028967544,96.03157028967544,94.46933963816906
1487,2020-09-08T12:32:53,2020-09-08T12:59:53,163,34.0,59.6,25.6,31.793337819444446,124.19272585720486,27.0,75.04,24.96,125.9060402684564,-70.65154368098159,-70.5,31.484662576687118,34.0,124.19272585720486,126.45315271845195,0,0,92.7806428497399,92.7806428497399,94.46933963816906
1488,2020-09-08T13:00:04,2020-09-08T13:28:34,172,60.0,86.4,26.400000000000006,33.49417258333334,126.87186584595958,28.5,108.96,36.24,126.11111111111109,-70.44536127906976,-46.70001,34.00581395348837,36.0,126.87186584595958,126.45315271845195,0,0,94.78214759750519,94.78214759750519,94.46933963816906
1489,2020-09-08T13:28:45,2020-09-08T13:50:45,133,86.8,97.6,10.799999999999997,13.661110472222223,126.49176363168728,22.0,122.94,40.89,125.96311475409836,-37.206013383458654,-14.10001,35.0,36.0,126.49176363168728,126.48329957125793,0,0,94.4981846878792,94.4981846878792,94.49186144340305
1490,2020-09-09T01:01:21,2020-09-09T01:21:11,120,12.8,31.2,18.4,23.26860994444444,126.45983665458934,19.83333396911621,39.1,13.0,125.32051282051283,-70.39249658333334,-70.30002,33.391666666666666,35.0,126.45983665458934,126.48329957125793,0,0,94.47433300543202,94.47433300543202,94.49186144340305
1491,2020-09-09T01:21:22,2020-09-09T01:54:12,198,31.2,62.4,31.2,38.522498111111105,123.46954522792021,32.83333206176758,78.52,26.11,125.83333333333333,-70.39646116161617,-70.30002,36.28030303030303,39.0,123.46954522792021,126.46733608270897,0,0,92.2403763951759,92.2403763951759,94.47993560217947
1492,2020-09-09T01:54:23,2020-09-09T02:23:43,177,62.4,88.8,26.4,32.99444227777778,124.97894802188551,29.33333396911621,111.83,37.2,125.93468468468468,-67.43671875706215,-46.20001,38.559322033898304,40.0,124.97894802188551,126.46733608270897,0,0,93.36800573559569,93.36800573559569,94.47993560217947
1493,2020-09-09T02:23:54,2020-09-09T02:41:54,109,88.8,97.6,8.799999999999997,10.947918805555556,124.40816824494955,18.0,122.94,40.89,125.96311475409836,-36.43395201834862,-13.89999,39.0,40.0,124.40816824494955,126.44565329033232,0,0,92.9415933651108,92.9415933651108,94.46373704142161
1494,2020-09-09T11:53:49,2020-09-09T12:25:39,192,26.4,47.2,20.800000000000004,26.483194152777774,127.32304881143158,31.83333396911621,59.32,19.73,125.6779661016949,-49.838541145833325,-20.10001,31.888020833333332,34.0,127.32304881143158,126.44565329033232,0,0,95.11921279428229,95.11921279428229,94.46373704142161
1495,2020-09-09T12:25:50,2020-09-09T12:52:50,163,47.2,65.6,18.39999999999999,22.483470569444442,122.19277483393725,27.0,82.59,27.47,125.89939024390246,-49.96318650306749,-49.89999,33.923312883435585,36.0,122.19277483393725,126.44565329033232,0,0,91.28653971023627,91.28653971023627,94.46373704142161
1496,2020-09-09T12:53:01,2020-09-09T13:13:21,123,66.0,79.6,13.599999999999994,16.943055416666667,124.58128982843141,20.33333396911621,100.29,33.36,125.9924623115578,-49.995934552845526,-49.89999,34.78455284552845,36.0,124.58128982843141,126.35021862781042,0,0,93.0709272829852,93.0709272829852,94.3924406810445
1498,2020-09-09T20:13:00,2020-09-09T20:41:00,169,21.2,47.2,26.000000000000004,32.66444422222222,125.63247777777778,28.0,59.43,19.77,125.91101694915254,-69.99526579881656,-69.89999,35.01183431952663,38.0,125.63247777777778,126.26676515702083,0,0,93.85623812162798,93.85623812162798,94.33009510794868
1499,2020-09-09T20:41:11,2020-09-09T21:12:31,189,47.2,76.8,29.599999999999994,36.55555555555556,123.49849849849853,31.33333396911621,96.85,32.22,126.10677083333333,-70.0,-70.0,37.78042328042328,40.0,123.49849849849853,126.13903244219564,0,0,92.2620065110971,92.2620065110971,94.2346698460211
1500,2020-09-09T21:12:42,2020-09-09T21:42:02,177,76.8,97.2,20.400000000000006,25.809027569444442,126.5148410266884,29.33333396911621,122.43,40.73,125.9567901234568,-52.72994305084746,-13.89999,38.67231638418079,40.0,126.5148410266884,126.13903244219564,0,0,94.51542511423044,94.51542511423044,94.2346698460211
1504,2020-09-10T05:18:08,2020-09-10T05:45:08,163,50.8,76.0,25.200000000000003,31.63500900000001,125.53575000000004,27.0,95.74,31.85,125.9736842105263,-70.30001999999999,-70.30002,35.1319018404908,37.0,125.53575000000004,126.13903244219564,0,0,93.78397571381221,93.78397571381221,94.2346698460211
1505,2020-09-10T05:45:19,2020-09-10T06:13:59,173,76.0,97.2,21.200000000000003,26.551395680555558,125.24243245545074,28.66666603088379,122.51,40.75,126.03909465020577,-55.49538994219653,-14.10001,36.320809248554916,38.0,125.24243245545074,125.99318102325009,0,0,93.56484701561712,93.56484701561712,94.12570864626554
1507,2020-09-10T14:16:00,2020-09-10T14:37:40,131,48.4,54.8,6.399999999999999,8.16153138888889,127.52392795138891,21.66666603088379,68.92,22.92,125.76642335766425,-22.60153671755726,-22.60001,36.11068702290076,37.0,127.52392795138891,125.99318102325009,0,0,95.26928354610533,95.26928354610533,94.12570864626554
1508,2020-09-10T14:37:51,2020-09-10T14:59:35,133,55.2,61.2,6.0,8.186225844444444,136.4370974074074,21.733333587646484,77.02,25.62,125.84967320261437,-22.600010000000005,-22.60001,36.5,37.0,136.4370974074074,126.13903244219564,0,0,101.92804384184844,101.92804384184844,94.2346698460211
1509,2020-09-10T14:59:46,2020-09-10T15:30:46,187,61.6,70.4,8.800000000000004,11.67764405555556,132.7005006313131,31.0,88.6,29.47,125.8522727272727,-22.602149037433158,-22.60001,36.62299465240642,38.0,132.7005006313131,126.13903244219564,0,0,99.13654499549162,99.13654499549162,94.2346698460211
1510,2020-09-10T15:30:57,2020-09-10T16:01:47,186,70.8,79.6,8.799999999999997,11.621949583333334,132.0676089015152,30.83333396911621,100.24,33.35,125.92964824120604,-22.615601397849463,-22.60001,37.00268817204301,38.0,132.0676089015152,126.22248591298523,0,0,98.66373065681249,98.66373065681249,94.29701541911693
1511,2020-09-10T16:01:58,2020-09-10T16:29:18,165,79.6,88.0,8.400000000000006,10.305837888888892,122.68854629629624,27.33333396911621,110.83,36.87,125.94318181818181,-22.622434242424244,-22.60001,37.46969696969697,38.0,122.68854629629624,126.22248591298523,0,0,91.65691562933084,91.65691562933084,94.29701541911693
1513,2020-09-10T22:54:55,2020-09-10T23:22:55,169,48.8,74.4,25.60000000000001,32.68778043055556,127.68664230685764,28.0,93.8,31.2,126.07526881720428,-70.04497615384615,-69.80002,36.875739644970416,39.0,127.68664230685764,126.44565329033232,0,0,95.39084253756049,95.39084253756049,94.46373704142161
1514,2020-09-10T23:23:06,2020-09-10T23:54:36,190,74.8,97.2,22.400000000000006,28.57208748611112,127.55396199156746,31.5,122.44,40.73,125.96707818930041,-54.35737636842105,-13.70001,38.0,39.0,127.55396199156746,126.44565329033232,0,0,95.29172107242508,95.29172107242508,94.46373704142161
1517,2020-09-11T03:20:44,2020-09-11T03:43:54,140,83.6,97.6,14.0,17.976392805555555,128.40280575396824,23.16666603088379,122.95,40.9,125.97336065573771,-46.523581500000006,-13.70001,36.99285714285714,38.0,128.40280575396824,126.44565329033232,0,0,95.92586666679014,95.92586666679014,94.46373704142161
1518,2020-09-11T05:52:47,2020-09-11T06:09:27,101,82.0,92.0,10.0,12.528752777777779,125.28752777777778,16.66666603088379,115.96,38.57,126.04347826086955,-45.10397039603961,-45.10001,35.97029702970297,37.0,125.28752777777778,126.44565329033232,0,0,93.59853637194729,93.59853637194729,94.46373704142161
1519,2020-09-11T16:01:03,2020-09-11T16:19:43,113,35.2,46.0,10.799999999999997,14.05278091666667,130.11834182098772,18.66666603088379,57.92,19.26,125.91304347826087,-45.13894814159292,-38.20001,34.66814159292036,36.0,130.11834182098772,126.46733608270897,0,0,97.2074919635325,97.2074919635325,94.47993560217947
1520,2020-09-11T16:19:54,2020-09-11T16:44:09,147,46.4,60.8,14.399999999999999,18.268337375000005,126.8634539930556,24.25,76.48,25.44,125.78947368421053,-45.200010000000006,-45.20001,36.12244897959184,37.0,126.8634539930556,126.47580014313831,0,0,94.77586335569794,94.77586335569794,94.4862588466556
1521,2020-09-11T16:44:20,2020-09-11T17:13:30,176,61.2,78.4,17.200000000000003,21.972227083333333,127.74550629844958,29.16666603088379,98.79,32.86,126.00765306122449,-45.20001000000001,-45.20001,37.08806818181818,38.0,127.74550629844958,126.47580014313831,0,0,95.43481805176962,95.43481805176962,94.4862588466556
1522,2020-09-11T17:13:41,2020-09-11T17:41:11,166,78.4,94.8,16.39999999999999,20.71667125,126.32116615853666,27.5,119.39,39.71,125.93881856540085,-45.200010000000006,-45.20001,37.623493975903614,39.0,126.32116615853666,126.44565329033232,0,0,94.37073645676737,94.37073645676737,94.46373704142161
1525,2020-09-12T00:28:57,2020-09-12T00:56:17,165,56.0,74.4,18.400000000000006,23.643328777777775,128.49635205314004,27.33333396911621,93.71,31.17,125.95430107526879,-51.89999,-51.89999,35.96666666666667,37.0,128.49635205314004,126.44565329033232,0,0,95.99575228781559,95.99575228781559,94.46373704142161
1526,2020-09-12T00:56:28,2020-09-12T01:29:18,198,74.4,96.0,21.599999999999994,27.175690624999998,125.81338252314818,32.83333206176758,120.96,40.24,126.0,-49.65756878787878,-45.89999,36.0,37.0,125.81338252314818,126.44565329033232,0,0,93.99138660519806,93.99138660519806,94.46373704142161
1529,2020-09-12T11:28:37,2020-09-12T11:54:07,154,71.6,92.4,20.80000000000001,26.88167225000001,129.23880889423074,25.5,116.39,38.71,125.96320346320346,-63.218194935064936,-46.20001,32.48051948051948,34.0,129.23880889423074,126.44565329033232,0,0,96.55041941931721,96.55041941931721,94.46373704142161
1531,2020-09-13T00:31:23,2020-09-13T00:48:03,101,2.8,18.0,15.2,19.44583347222222,127.9331149488304,16.66666603088379,22.56,7.51,125.33333333333333,-70.00495099009902,-69.89999,31.495049504950494,33.0,127.9331149488304,126.44565329033232,0,0,95.57497482074591,95.57497482074591,94.46373704142161
1534,2020-09-13T01:17:34,2020-09-13T01:48:34,187,45.6,74.4,28.800000000000004,36.16361080555556,125.56809307484566,31.0,93.68999,31.17,125.92740591397848,-69.99411705882353,-69.89999,35.96524064171123,38.0,125.56809307484566,126.44565329033232,0,0,93.80813825034728,93.80813825034728,94.46373704142161
1536,2020-09-13T10:22:50,2020-09-13T10:42:30,119,65.6,83.6,18.0,22.953473069444446,127.51929483024692,19.66666603088379,105.29,35.03,125.94497607655504,-70.027733697479,-69.89999,31.69327731092437,33.0,127.51929483024692,126.47580014313831,0,0,95.26582228092263,95.26582228092263,94.4862588466556
1537,2020-09-13T10:42:41,2020-09-13T11:07:31,150,83.6,97.6,14.0,17.69430626388889,126.38790188492064,24.83333396911621,122.95,40.9,125.97336065573771,-42.74533506666667,-13.70001,32.5,33.0,126.38790188492064,126.47580014313831,0,0,94.42059270681918,94.42059270681918,94.4862588466556
1539,2020-09-13T19:17:35,2020-09-13T19:42:35,151,38.8,62.4,23.6,29.411253624999993,124.62395603813556,25.0,78.61,26.15,125.9775641025641,-70.58676364238411,-70.5,37.0364238410596,39.0,124.62395603813556,126.42386926975499,0,0,93.10280192247788,93.10280192247788,94.4474628561256
1540,2020-09-13T19:42:46,2020-09-13T20:13:06,183,62.4,89.6,27.199999999999996,34.25569862500001,125.94006847426475,30.33333396911621,112.9,37.56,126.0044642857143,-67.70820497267759,-46.5,38.91803278688525,40.0,125.94006847426475,126.35453402172865,0,0,94.0860298615039,94.0860298615039,94.39566458179328
1542,2020-09-14T08:33:02,2020-09-14T09:17:44,336,65.6,97.6,32.0,40.904640666666666,127.82700208333333,44.70000076293945,122.95,40.9,125.97336065573771,-54.876192857142854,-13.5,33.763392857142854,35.0,127.82700208333333,126.35453402172865,0,0,95.49570109672148,95.49570109672148,94.39566458179328
1544,2020-09-14T13:58:12,2020-09-14T14:29:12,187,68.0,88.4,20.400000000000006,25.993064361111117,127.41698216230935,31.0,111.32,37.03,125.92760180995474,-50.30910796791443,-50.20001,35.467914438502675,36.0,127.41698216230935,126.42386926975499,0,0,95.18938756997318,95.18938756997318,94.4474628561256
1545,2020-09-14T14:29:23,2020-09-14T14:47:53,112,88.8,97.6,8.799999999999997,11.55819913888889,131.34317203282833,18.5,122.95,40.9,125.97336065573771,-37.438408035714296,-14.0,35.80357142857143,37.0,131.34317203282833,126.47580014313831,0,0,98.12252570364879,98.12252570364879,94.4862588466556
1547,2020-09-15T10:29:39,2020-09-15T11:01:09,190,24.4,45.2,20.800000000000004,26.09833916666667,125.47278445512819,31.5,56.83,18.9,125.73008849557522,-49.71106373684211,-49.70001,30.902631578947368,33.0,125.47278445512819,126.42386926975499,0,0,93.73693605275098,93.73693605275098,94.4474628561256
1548,2020-09-15T11:01:20,2020-09-15T11:31:20,181,45.2,66.0,20.799999999999997,24.85014390277778,119.47184568643166,30.0,83.05,27.62,125.83333333333333,-49.70056254143647,-49.70001,33.07734806629834,35.0,119.47184568643166,126.42386926975499,0,0,89.25381554131492,89.25381554131492,94.4474628561256
1549,2020-09-15T11:31:31,2020-09-15T12:01:11,179,66.0,86.0,20.0,24.59611827777778,122.9805913888889,29.66666603088379,108.31,36.03,125.94186046511628,-49.74470720670391,-49.70001,34.01675977653631,35.0,122.9805913888889,126.42386926975499,0,0,91.8750937170154,91.8750937170154,94.4474628561256
1550,2020-09-15T12:01:22,2020-09-15T12:24:52,142,86.0,97.6,11.599999999999994,14.629311305555559,126.11475263409972,23.5,122.94,40.89,125.96311475409836,-37.311282253521135,-13.60001,34.5,35.0,126.11475263409972,126.42386926975499,0,0,94.21653113308233,94.21653113308233,94.4474628561256
1552,2020-09-15T19:56:27,2020-09-15T20:25:07,173,56.8,75.6,18.799999999999997,23.809310319444446,126.64526765661941,28.66666603088379,95.25,31.68,125.99206349206351,-49.83353595375723,-49.80002,32.48554913294798,34.0,126.64526765661941,126.42386926975499,0,0,94.6128629189505,94.6128629189505,94.4474628561256
1553,2020-09-15T20:25:18,2020-09-15T20:43:08,108,75.6,87.2,11.600000000000009,14.82971975,127.84241163793094,17.83333396911621,109.81,36.53,125.9288990825688,-49.89443611111111,-49.80002,32.842592592592595,34.0,127.84241163793094,126.47580014313831,0,0,95.5072131105832,95.5072131105832,94.4862588466556
1554,2020-09-16T01:24:11,2020-09-16T01:43:01,114,11.2,28.0,16.8,21.76972333333334,129.58168650793652,18.83333396911621,35.26,11.73,125.92857142857142,-69.35438964912281,-69.30002,36.5,38.0,129.58168650793652,126.50330232918785,0,0,96.80657295165037,96.80657295165037,94.50680490105482
1555,2020-09-16T01:43:12,2020-09-16T02:19:32,219,28.4,61.2,32.800000000000004,41.980285305555554,127.98867471205959,36.33333206176758,77.07,25.63,125.9313725490196,-69.32512662100457,-69.30002,38.37899543378995,41.0,127.98867471205959,126.5800543416539,0,0,95.61648184552054,95.61648184552054,94.56414401659046
1556,2020-09-16T02:19:43,2020-09-16T02:54:13,208,61.6,91.2,29.6,37.57278419444445,126.935081737988,34.5,114.86,38.2,125.94298245614034,-65.30578038461539,-45.39999,40.44471153846154,42.0,126.935081737988,126.5800543416539,0,0,94.82937428538271,94.82937428538271,94.56414401659046
1559,2020-09-16T13:04:47,2020-09-16T13:36:59,195,19.2,49.2,30.000000000000004,37.610781484722224,125.36927161574073,32.20000076293945,61.87,20.58,125.75203252032519,-70.08257102564103,-70.0,37.05384615384615,40.0,125.36927161574073,126.50330232918785,0,0,93.65960472987935,93.65960472987935,94.50680490105482
1560,2020-09-16T13:37:10,2020-09-16T14:06:10,175,49.2,76.4,27.200000000000003,33.85291854166666,124.45925934436272,29.0,96.31,32.04,126.06020942408377,-70.04057531428572,-69.89999,40.17142857142857,42.0,124.45925934436272,126.50330232918785,0,0,92.97976198581492,92.97976198581492,94.50680490105482
1561,2020-09-16T14:06:21,2020-09-16T14:36:31,182,76.8,97.6,20.799999999999997,26.308056402777773,126.48104039797008,30.16666603088379,122.92,40.88,125.94262295081968,-52.26758412087912,-13.5,41.0,42.0,126.48104039797008,126.48640201482868,0,0,94.49017368312154,94.49017368312154,94.49417918550037
1563,2020-09-16T22:21:48,2020-09-16T23:11:26,373,48.8,91.6,42.8,54.516877576388886,127.3758821878245,49.63333511352539,115.38,38.38,125.96069868995633,-65.87935970509385,-45.70001,37.57238605898123,40.0,127.3758821878245,126.49794071232924,0,0,95.1586830176132,95.1586830176132,94.50279939867599
1564,2020-09-17T04:35:53,2020-09-17T05:35:40,449,51.6,98.0,46.4,58.31400517777777,125.67673529693487,59.78333282470703,123.43,41.06,125.94897959183675,-58.46993839643653,0.0,36.5445434298441,39.0,125.67673529693487,126.49794071232924,0,0,93.8893015804577,93.8893015804577,94.50279939867599
1566,2020-09-17T19:57:25,2020-09-17T20:24:35,164,72.8,90.4,17.60000000000001,22.512504527777782,127.91195754419189,27.16666603088379,113.95,37.9,126.05088495575221,-49.710985609756094,-46.10001,35.28353658536585,36.0,127.91195754419189,126.5800543416539,0,0,95.55916876133426,95.55916876133426,94.56414401659046
1567,2020-09-18T02:29:33,2020-09-18T02:56:43,164,40.4,58.4,18.0,22.73111580555556,126.2839766975309,27.16666603088379,73.48,24.44,125.8219178082192,-50.20366890243903,-50.20001,35.39329268292683,37.0,126.2839766975309,126.5800543416539,0,0,94.34295333118146,94.34295333118146,94.56414401659046
1568,2020-09-18T02:56:54,2020-09-18T03:26:14,177,58.4,77.6,19.199999999999996,24.545977486111113,127.84363274016208,29.33333396911621,97.73,32.51,125.94072164948456,-50.20792039548024,-50.20001,36.46045197740113,38.0,127.84363274016208,126.7543608248375,0,0,95.50812535926129,95.50812535926129,94.69436313732422
1569,2020-09-18T03:26:25,2020-09-18T03:55:55,178,78.0,96.4,18.400000000000006,23.815006583333336,129.42938360507245,29.5,121.47,40.4,126.00622406639003,-48.43596842696629,-46.20001,36.93258426966292,38.0,129.42938360507245,126.7543608248375,0,0,96.69279204267944,96.69279204267944,94.69436313732422
1572,2020-09-18T14:05:09,2020-09-18T14:39:49,209,49.2,72.0,22.799999999999997,28.946672444444452,126.95908966861603,34.66666793823242,90.66,30.15,125.91666666666667,-50.10001,-50.10001,35.81818181818182,37.0,126.95908966861603,126.89926786552181,0,0,94.84730988685844,94.84730988685844,94.80261882054032
1574,2020-09-19T13:22:42,2020-09-19T13:51:52,176,18.0,39.2,21.200000000000003,26.714581680555554,126.01217773846957,29.16666603088379,49.36,16.42,125.91836734693877,-54.9551102840909,-54.80002,31.71875,34.0,126.01217773846957,126.89926786552181,0,0,94.13990051972617,94.13990051972617,94.80261882054032
1575,2020-09-19T13:52:03,2020-09-19T14:24:23,195,39.2,63.6,24.4,29.609997888888895,121.35245036429875,32.33333206176758,80.09,26.64,125.92767295597484,-54.94666276923077,-54.80002,34.52307692307692,36.0,121.35245036429875,126.89926786552181,0,0,90.6587586227588,90.6587586227588,94.80261882054032
1576,2020-09-19T14:24:34,2020-09-19T14:52:24,168,63.6,84.0,20.4,25.49305358333333,124.9659489379085,27.83333396911621,105.76,35.18,125.90476190476191,-54.95535291666666,-54.80002,36.0,37.0,124.9659489379085,126.89926786552181,0,0,93.35829451169332,93.35829451169332,94.80261882054032
1577,2020-09-19T14:52:35,2020-09-19T15:17:25,150,84.0,97.6,13.599999999999994,17.106528625000003,125.78329871323535,24.83333396911621,122.94,40.89,125.96311475409836,-41.28466873333334,-13.70001,36.5,37.0,125.78329871323535,126.89926786552181,0,0,93.9689118974097,93.9689118974097,94.80261882054032
1578,2020-09-20T01:01:27,2020-09-20T01:22:47,129,27.6,47.2,19.6,24.891807138888886,126.99901601473921,21.33333396911621,59.49,19.79,126.03813559322033,-70.00698124031008,-69.60001,33.24418604651163,36.0,126.99901601473921,126.94708570330201,0,0,94.87713765683758,94.87713765683758,94.83834208612058
1579,2020-09-20T01:22:58,2020-09-20T01:48:38,155,47.2,71.2,24.0,29.977503305555555,124.90626377314815,25.66666603088379,89.62,29.81,125.87078651685393,-70.0774270967742,-70.0,35.82258064516129,38.0,124.90626377314815,126.94708570330201,0,0,93.31370552375674,93.31370552375674,94.83834208612058
1580,2020-09-20T01:48:49,2020-09-20T02:16:09,165,71.6,93.6,22.0,27.756113972222224,126.16415441919193,27.33333396911621,117.99,39.25,126.0576923076923,-60.910309272727275,-45.89999,36.987878787878785,39.0,126.16415441919193,126.89926786552181,0,0,94.25343771796597,94.25343771796597,94.80261882054032
1583,2020-09-20T16:58:39,2020-09-20T17:25:29,162,35.2,60.4,25.199999999999996,31.424590763888894,124.70075699955913,26.83333396911621,76.02,25.29,125.86092715231788,-70.26606598765431,-70.20001,35.907407407407405,38.0,124.70075699955913,126.7543608248375,0,0,93.16017760630457,93.16017760630457,94.69436313732422
1584,2020-09-20T17:25:40,2020-09-20T17:50:20,149,60.4,83.2,22.800000000000004,28.878339277777776,126.65938279727092,24.66666603088379,104.82,34.87,125.9855769230769,-70.24498093959731,-70.20001,37.73489932885906,39.0,126.65938279727092,126.65232522694517,0,0,94.6234079151612,94.6234079151612,94.61813541705584
1585,2020-09-20T17:50:31,2020-09-20T18:14:21,144,83.6,97.6,14.0,17.87875286111111,127.70537757936506,23.83333396911621,122.97,40.9,125.9938524590164,-44.98889604166667,-13.89999,38.048611111111114,39.0,127.70537757936506,126.65232522694517,0,0,95.40483909504972,95.40483909504972,94.61813541705584
1586,2020-09-21T04:04:26,2020-09-21T04:22:56,112,28.4,45.6,17.200000000000003,21.61694725000001,125.67992587209305,18.5,57.31,19.06,125.6798245614035,-70.1098305357143,-70.0,34.191964285714285,37.0,125.67992587209305,126.65232522694517,0,0,93.89168516300808,93.89168516300808,94.61813541705584
1587,2020-09-21T04:23:07,2020-09-21T04:55:57,198,45.6,76.4,30.800000000000004,38.36458815277779,124.56035114538241,32.83333206176758,96.28,32.02,126.02094240837697,-70.10758454545454,-70.0,36.926767676767675,39.0,124.56035114538241,126.56315402729474,0,0,93.05528462388175,93.05528462388175,94.55151830103603
1589,2020-09-21T14:32:30,2020-09-21T14:52:31,151,8.0,23.6,15.600000000000001,19.983639141666668,128.10025090811965,20.016666412353516,29.59,9.84,125.38135593220338,-59.90132523178808,-59.70001,36.51655629139073,38.0,128.10025090811965,126.56315402729474,0,0,95.69983705916714,95.69983705916714,94.55151830103603
1590,2020-09-21T15:18:56,2020-09-21T16:23:42,487,23.2,74.8,51.599999999999994,64.66175153055556,125.31347195844104,64.76667022705078,94.22,31.34,125.96256684491979,-59.90287618069816,-59.70001,39.322381930184804,42.0,125.31347195844104,126.43447114144536,0,0,93.61791848747404,93.61791848747404,94.45538319497035
1592,2020-09-21T23:03:34,2020-09-21T23:36:14,197,37.2,67.6,30.39999999999999,38.277509138888895,125.91285900950297,32.66666793823242,85.17,28.33,125.99112426035505,-70.3056004568528,-70.20001,36.93908629441624,39.0,125.91285900950297,126.43447114144536,0,0,94.06570249035741,94.06570249035741,94.45538319497035
1593,2020-09-21T23:36:25,2020-09-21T23:55:15,114,67.6,85.2,17.60000000000001,22.077641791666675,125.4411465435606,18.83333396911621,107.33,35.7,125.97417840375587,-70.33597412280703,-70.30002,38.574561403508774,40.0,125.4411465435606,126.35453402172865,0,0,93.71330032245032,93.71330032245032,94.39566458179328
1595,2020-09-22T11:12:59,2020-09-22T11:43:29,184,48.0,75.6,27.599999999999994,35.32722202777777,127.99718126006441,30.5,95.2,31.67,125.92592592592595,-69.49619527173913,-69.39999,36.21739130434783,38.0,127.99718126006441,126.35453402172865,0,0,95.62283683118392,95.62283683118392,94.39566458179328
1596,2020-09-22T11:43:40,2020-09-22T12:14:00,183,75.6,97.2,21.60000000000001,26.99861402777778,124.99358346193412,30.33333396911621,122.43,40.73,125.9567901234568,-53.33880355191256,-13.5,37.50273224043716,39.0,124.99358346193412,126.30257142803379,0,0,93.37893943180637,93.37893943180637,94.35684489397443
1599,2020-09-23T03:58:46,2020-09-23T04:26:46,169,13.2,39.2,26.000000000000004,32.55889677777778,125.22652606837609,28.0,49.25,16.38,125.63775510204081,-69.7692476923077,-69.70001,33.082840236686394,35.0,125.22652606837609,126.22406555836142,0,0,93.5529638331842,93.5529638331842,94.29819552457371
1600,2020-09-23T04:26:57,2020-09-23T04:58:47,192,39.2,69.6,30.39999999999999,37.01334200000001,121.75441447368426,31.83333396911621,87.75,29.18,126.07758620689656,-69.76355802083334,-69.70001,36.390625,39.0,121.75441447368426,126.13945352664582,0,0,90.95905389539975,90.95905389539975,94.23498442552415
1601,2020-09-23T04:58:58,2020-09-23T05:29:38,185,70.0,94.4,24.400000000000006,30.38153145833334,124.51447318989071,30.66666603088379,118.88,39.55,125.93220338983049,-59.430818,-44.80002,38.005405405405405,39.0,124.51447318989071,126.13945352664582,0,0,93.02101058589946,93.02101058589946,94.23498442552415
1603,2020-09-23T13:10:34,2020-09-23T13:34:14,143,41.6,63.6,22.0,27.590693069444445,125.41224122474748,23.66666603088379,80.09,26.64,125.92767295597484,-69.94824825174825,-69.80002,38.00349650349651,40.0,125.41224122474748,126.06346518628465,0,0,93.69170602984785,93.69170602984785,94.17821582640426
1604,2020-09-23T13:34:25,2020-09-23T14:04:55,184,64.0,90.8,26.799999999999997,33.46236081944444,124.85955529643451,30.5,114.37,38.05,125.9581497797357,-65.78206461956522,-44.89999,39.63315217391305,41.0,124.85955529643451,125.97612310636717,0,0,93.27881102839791,93.27881102839791,94.11296519061503
1607,2020-09-24T02:15:30,2020-09-24T02:46:30,187,28.0,57.6,29.6,36.19083563888889,122.26633661786786,31.0,72.54,24.13,125.9375,-70.0465285026738,-69.89999,32.86363636363637,36.0,122.26633661786786,125.97612310636717,0,0,91.34149550217293,91.34149550217293,94.11296519061503
1608,2020-09-24T02:46:41,2020-09-24T03:18:01,189,57.6,87.2,29.6,36.26416861111111,122.51408314564563,31.33333396911621,109.87,36.54,125.99770642201835,-69.37883968253969,-45.0,35.544973544973544,37.0,122.51408314564563,125.92646374188385,0,0,91.52657946705378,91.52657946705378,94.07586617593066
1609,2020-09-24T03:18:12,2020-09-24T03:38:42,124,87.2,97.6,10.399999999999991,12.965558097222226,124.66882785790612,20.5,122.94,40.89,125.96311475409836,-37.8774268548387,-13.20001,36.0,37.0,124.66882785790612,125.84807886136916,0,0,93.13632430678352,93.13632430678352,94.01730719388355
1611,2020-09-24T16:05:41,2020-09-24T16:32:01,159,30.4,55.6,25.200000000000003,30.728889555555554,121.94003791887124,26.33333396911621,70.06,23.3,126.0071942446043,-70.01509584905659,-70.0,35.83647798742138,38.0,121.94003791887124,125.84807886136916,0,0,91.09772757740132,91.09772757740132,94.01730719388355
1612,2020-09-24T16:32:12,2020-09-24T16:59:42,166,56.0,82.0,26.0,32.08500016666667,123.4038467948718,27.5,103.42,34.4,126.1219512195122,-70.00361481927712,-69.89999,38.0933734939759,39.0,123.4038467948718,125.73161229266421,0,0,92.19129507571554,92.19129507571554,93.93029853020889
1613,2020-09-24T16:59:53,2020-09-24T17:20:29,126,82.0,96.4,14.400000000000006,17.75498674861111,123.29851908757712,20.600000381469727,121.41,40.38,125.94398340248961,-51.96349396825397,-44.89999,38.82936507936508,40.0,123.29851908757712,125.67833058451396,0,0,92.1126079197228,92.1126079197228,93.89049337173289
1615,2020-09-24T22:52:31,2020-09-24T23:12:01,118,58.4,76.8,18.4,22.769029597222218,123.74472607185989,19.5,96.7,32.17,125.91145833333333,-70.05848016949152,-70.0,35.20762711864407,37.0,123.74472607185989,125.57475987603152,0,0,92.44595571090825,92.44595571090825,93.81311881660434
1616,2020-09-24T23:12:12,2020-09-24T23:42:02,180,76.8,97.6,20.799999999999997,26.14264026388889,125.68577049946583,29.83333396911621,122.97,40.9,125.9938524590164,-52.51778055555555,-13.70001,35.5,37.0,125.68577049946583,125.57475987603152,0,0,93.89605150798617,93.89605150798617,93.81311881660434
1617,2020-09-25T04:46:18,2020-09-25T05:04:58,113,64.4,82.0,17.599999999999994,21.878614416666675,124.31030918560616,18.66666603088379,103.35,34.38,126.03658536585365,-70.32390451327434,-70.20001,32.72566371681416,35.0,124.31030918560616,125.55894092024774,0,0,92.86848581092933,92.86848581092933,93.80130095145401
1618,2020-09-25T05:05:09,2020-09-25T05:28:29,141,82.0,97.6,15.599999999999994,19.764866222222224,126.69786039886046,23.33333396911621,123.01,40.92,126.03483606557378,-50.76171517730497,-13.70001,33.5,35.0,126.69786039886046,125.67833058451396,0,0,94.6521533717582,94.6521533717582,93.89049337173289
1619,2020-09-25T18:24:08,2020-09-25T18:42:08,109,28.0,44.4,16.4,20.72069651388889,126.34571045054203,18.0,55.86,18.57,125.8108108108108,-69.06881422018348,-69.0,34.95871559633027,37.0,126.34571045054203,125.68284818577945,0,0,94.3890727576645,94.3890727576645,93.89386833549713
1620,2020-09-25T18:42:19,2020-09-25T19:10:39,171,44.8,71.6,26.799999999999997,32.61500316666666,121.69777300995024,28.33333396911621,90.12,29.97,125.86592178770951,-69.0672581871345,-69.0,37.514619883040936,39.0,121.69777300995024,125.67833058451396,0,0,90.91673876477579,90.91673876477579,93.89049337173289
1621,2020-09-25T19:10:50,2020-09-25T19:37:30,161,71.6,93.2,21.60000000000001,26.87014305555556,124.3988104423868,26.66666603088379,117.36,39.04,125.92274678111588,-60.434170869565214,-44.20001,38.89751552795031,40.0,124.3988104423868,125.55894092024774,0,0,92.93460243282037,92.93460243282037,93.80130095145401
1624,2020-09-26T14:03:21,2020-09-26T14:37:21,205,49.2,80.8,31.599999999999994,39.132781055555554,123.83791473277076,34.0,101.77,33.85,125.95297029702971,-69.05805458536585,-69.0,33.69268292682927,35.0,123.83791473277076,125.42669388415405,0,0,92.51557415116663,92.51557415116663,93.7025031761491
1627,2020-09-27T08:34:39,2020-09-27T09:03:49,176,32.4,52.0,19.6,24.014856625,122.52477869897959,29.16666603088379,65.45,21.77,125.86538461538461,-49.40169539772728,-49.30002,27.65909090909091,30.0,122.52477869897959,125.3907564202441,0,0,91.5345697926313,91.5345697926313,93.6756553798636
1628,2020-09-27T09:04:00,2020-09-27T09:32:30,172,52.4,71.6,19.199999999999996,23.46916233333333,122.23522048611113,28.5,90.13,29.98,125.87988826815642,-49.408711802325584,-49.39999,29.65406976744186,31.0,122.23522048611113,125.34137178709088,0,0,91.31824957784475,91.31824957784475,93.6387616086767
1629,2020-09-27T09:32:41,2020-09-27T10:07:31,210,71.6,94.0,22.400000000000006,27.99263593055556,124.96712468998015,34.83333206176758,118.37,39.38,125.92553191489363,-48.21094728571429,-44.39999,30.685714285714287,32.0,124.96712468998015,125.26999901340857,0,0,93.3591728806339,93.3591728806339,93.58544116032911
1631,2020-09-28T00:30:56,2020-09-28T00:57:56,163,53.6,79.2,25.6,31.516390388888887,123.11089995659721,27.0,99.7,33.17,125.88383838383838,-70.03681319018405,-69.89999,29.085889570552148,31.0,123.11089995659721,125.1100547651551,0,0,91.97244332100676,91.97244332100676,93.46595163249529
1632,2020-09-28T00:58:07,2020-09-28T01:27:17,176,79.2,97.6,18.39999999999999,22.92597427777778,124.5976862922706,29.16666603088379,122.94,40.89,125.96311475409836,-47.13068607954545,-13.30002,30.477272727272727,31.0,124.5976862922706,125.1100547651551,0,0,93.08317658700008,93.08317658700008,93.46595163249529
1635,2020-09-28T07:08:01,2020-09-28T07:41:01,199,64.4,84.0,19.599999999999994,24.75833416666667,126.31803146258508,33.0,105.83,35.21,125.98809523809524,-45.01507688442211,-45.0,29.633165829145728,31.0,126.31803146258508,125.1100547651551,0,0,94.3683946198883,94.3683946198883,93.46595163249529
1636,2020-09-28T07:41:12,2020-09-28T08:07:12,157,84.0,97.6,13.599999999999994,17.10694576388889,125.78636591094778,26.0,122.94,40.89,125.96311475409836,-39.412741910828025,-13.60001,30.03503184713376,32.0,125.78636591094778,125.1100547651551,0,0,93.97120330838841,93.97120330838841,93.46595163249529
1637,2020-09-28T17:29:29,2020-09-28T17:52:09,138,16.0,37.2,21.200000000000003,26.44573777916667,124.74404612814466,22.66666603088379,46.86,15.58,125.96774193548386,-70.00217833333333,-69.80002,33.45652173913044,35.0,124.74404612814466,124.98035407595714,0,0,93.19251760972142,93.19251760972142,93.36905615622014
1638,2020-09-28T17:52:20,2020-09-28T18:19:10,162,37.2,63.2,26.0,31.293056861111108,120.35791100427349,26.83333396911621,79.49,26.44,125.7753164556962,-69.97160790123456,-69.70001,36.27777777777778,38.0,120.35791100427349,124.96653681394432,0,0,89.91576823805134,89.91576823805134,93.35873369616361
1641,2020-09-28T18:43:41,2020-09-28T19:08:01,147,83.2,97.6,14.399999999999991,18.293474333333332,127.03801620370378,24.33333396911621,122.94,40.89,125.96311475409836,-45.08435891156463,-13.20001,38.642857142857146,40.0,127.03801620370378,124.96653681394432,0,0,94.90627352271392,94.90627352271392,93.35873369616361
1642,2020-09-29T20:48:52,2020-09-29T21:35:42,352,14.4,42.8,28.4,35.11409613194444,123.64118356318467,46.83333206176758,53.79,17.89,125.67757009345794,-44.98607815340909,-44.89999,32.81392045454545,35.0,123.64118356318467,124.93610635552832,0,0,92.36860222300585,92.36860222300585,93.33600001772503
1644,2020-09-29T22:10:37,2020-09-29T23:38:07,659,49.6,97.6,47.99999999999999,59.668667633333335,124.30972423611114,87.5,122.94,40.89,125.96311475409836,-40.90895362670713,-13.70001,35.74886191198786,37.0,124.30972423611114,124.88290953479134,0,0,92.86804881278948,92.86804881278948,93.29625827607732
1646,2020-09-30T10:17:43,2020-09-30T10:53:43,217,23.6,47.6,24.0,29.880012000000008,124.50005000000003,36.0,59.92,19.93,125.88235294117646,-49.80002000000001,-49.80002,34.4815668202765,37.0,124.50005000000003,124.80180071228958,0,0,93.01023545538547,93.01023545538547,93.23566431905967
1647,2020-09-30T10:53:54,2020-09-30T11:26:14,195,47.6,69.6,21.999999999999993,26.835844027777785,121.98110921717179,32.33333206176758,87.63,29.15,125.90517241379311,-49.79848138461539,-49.70001,36.98461538461538,38.0,121.98110921717179,124.72240156385189,0,0,91.1284107066482,91.1284107066482,93.176347608013
1648,2020-09-30T11:26:25,2020-09-30T12:03:18,224,70.0,94.0,24.0,29.97706785000001,124.90444937500006,36.88333511352539,118.4,39.38,125.95744680851065,-48.72859142857144,-44.80002,37.9375,39.0,124.90444937500006,124.80180071228958,0,0,93.31235004157851,93.31235004157851,93.23566431905967
1651,2020-10-01T00:23:44,2020-10-01T00:51:34,168,36.0,51.6,15.600000000000001,19.573615750000002,125.47189583333332,27.83333396911621,64.93,21.59,125.83333333333334,-42.194652857142856,-42.10001,33.11309523809524,35.0,125.47189583333332,124.80180071228958,0,0,93.7362721901873,93.7362721901873,93.23566431905967
1652,2020-10-01T00:51:45,2020-10-01T01:19:15,166,52.0,67.6,15.599999999999994,19.34167125,123.98507211538467,27.5,85.1,28.31,125.88757396449705,-42.200010000000006,-42.20001,34.454819277108435,36.0,123.98507211538467,124.72240156385189,0,0,92.62551099702266,92.62551099702266,93.176347608013
1653,2020-10-01T01:19:26,2020-10-01T01:51:46,195,67.6,86.0,18.400000000000006,22.741116500000004,123.59302445652173,32.33333206176758,108.33,36.03,125.96511627906976,-42.20001,-42.20001,35.04615384615385,37.0,123.59302445652173,124.68479242873264,0,0,92.3326240057277,92.3326240057277,93.14825095654405
1656,2020-10-01T05:34:54,2020-10-01T06:04:04,176,70.4,94.0,23.599999999999994,29.453197305555555,124.8016834981168,29.16666603088379,118.42,39.39,125.97872340425533,-60.572733181818194,-44.89999,33.22159090909091,35.0,124.8016834981168,124.68479242873264,0,0,93.23557675188351,93.23557675188351,93.14825095654405
1660,2020-10-01T23:48:02,2020-10-02T00:18:32,184,42.4,71.2,28.800000000000004,35.503891333333335,123.27740046296296,30.5,89.62,29.81,125.87078651685393,-69.84348315217392,-69.60001,32.62228260869565,34.0,123.27740046296296,124.63325707508835,0,0,92.09683083169868,92.09683083169868,93.10975044689181
1662,2020-10-02T17:17:12,2020-10-02T17:40:42,142,8.400001,24.0,15.599999,19.62333725,125.7906314609379,23.5,30.16,10.03,125.66666666666667,-50.10212267605634,-50.10001,35.32394366197183,37.0,125.7906314609379,124.63325707508835,0,0,93.97438997224057,93.97438997224057,93.10975044689181
1663,2020-10-02T17:40:53,2020-10-02T18:11:03,182,24.0,44.4,20.4,25.187782666666664,123.46952287581699,30.16666603088379,55.84,18.57,125.76576576576578,-50.09726247252748,-50.0,36.26373626373626,38.0,123.46952287581699,124.5790187188265,0,0,92.2403596965932,92.2403596965932,93.06923060544091
1664,2020-10-02T18:11:14,2020-10-02T18:49:09,230,44.4,70.4,26.000000000000007,31.652922236111113,121.74200860042733,37.91666793823242,88.67,29.49,125.95170454545453,-50.08826969565217,-50.0,38.44347826086957,40.0,121.74200860042733,124.53741216763656,0,0,90.94978584134951,90.94978584134951,93.03814760489061
1665,2020-10-02T18:49:20,2020-10-02T19:19:20,181,70.4,90.4,20.0,24.91667152777778,124.5833576388889,30.0,113.86,37.87,125.95132743362831,-49.82100419889503,-45.10001,39.0,40.0,124.5833576388889,124.53741216763656,0,0,93.07247208186301,93.07247208186301,93.03814760489061
1667,2020-10-03T04:03:02,2020-10-03T05:25:21,618,26.4,97.6,71.19999999999999,88.90721499305556,124.86968397901065,82.31666564941406,123.01,40.92,126.03483606557378,-64.79385597087379,-44.70001,38.04368932038835,41.0,124.86968397901065,124.5489154143898,0,0,93.28637786191533,93.28637786191533,93.04674133388124
1668,2020-10-03T12:50:43,2020-10-03T13:09:23,113,32.8,50.4,17.6,21.47750084722222,122.0312548137626,18.66666603088379,63.36,21.08,125.71428571428571,-69.03540097345133,-69.0,36.45575221238938,38.0,122.0312548137626,124.50726159494536,0,0,91.16587297068715,91.16587297068715,93.01562302064247
1669,2020-10-03T13:09:34,2020-10-03T13:42:04,196,50.4,80.8,30.4,37.399863486111116,123.02586673062868,32.5,101.88,33.88,126.0891089108911,-69.04592275510204,-69.0,38.68877551020408,40.0,123.02586673062868,124.44943022119341,0,0,91.90891756042382,91.90891756042382,92.97241894410291
1670,2020-10-03T13:42:15,2020-10-03T14:07:55,155,81.2,97.6,16.39999999999999,21.06805538888889,128.46375237127378,25.66666603088379,123.01,40.92,126.03483606557378,-49.19677380645161,-12.89999,39.825806451612905,41.0,128.46375237127378,124.44943022119341,0,0,95.97139804790845,95.97139804790845,92.97241894410291
1671,2020-10-04T03:08:52,2020-10-04T03:33:52,151,57.2,80.4,23.200000000000003,29.106946555555563,125.46097653256706,25.0,101.27,33.69,125.95771144278606,-69.85695874172185,-69.60001,35.21523178807947,37.0,125.46097653256706,124.44943022119341,0,0,93.7281147096459,93.7281147096459,92.97241894410291
1672,2020-10-04T03:34:03,2020-10-04T03:55:33,130,80.4,96.0,15.599999999999994,19.30694586111111,123.76247346866101,21.5,120.9,40.22,125.93750000000001,-53.90615792307693,-44.60001,36.0,37.0,123.76247346866101,124.35455981399647,0,0,92.45921425622765,92.45921425622765,92.90154412187485
1674,2020-10-04T14:00:52,2020-10-04T14:31:52,187,29.2,58.8,29.599999999999998,36.5058385,123.33053547297298,31.0,73.99,24.61,125.83333333333333,-70.65615973262034,-70.60001,37.95187165775401,40.0,123.33053547297298,124.31001671085865,0,0,92.13652639641498,92.13652639641498,92.8682673118594
1675,2020-10-04T14:32:03,2020-10-04T15:03:03,187,59.2,88.4,29.200000000000003,36.06792206944445,123.52028105974125,31.0,111.34,37.03,125.9502262443439,-69.74706930481283,-45.70001,40.32620320855615,41.0,123.52028105974125,124.1473981757479,0,0,92.27827960616818,92.27827960616818,92.74677990490608
1678,2020-10-04T20:46:11,2020-10-04T21:16:41,184,62.0,89.2,27.200000000000003,34.342640625,126.25970818014706,30.5,112.43,37.4,126.04260089686099,-67.50489472826087,-44.80002,41.141304347826086,43.0,126.25970818014706,124.31001671085865,0,0,94.32482305319341,94.32482305319341,92.8682673118594
1680,2020-10-05T02:42:53,2020-10-05T03:06:53,145,57.2,72.4,15.200000000000003,18.995836027777777,124.97260544590641,24.0,91.2,30.33,125.96685082872926,-47.49242041379311,-46.5,37.141379310344824,39.0,124.97260544590641,124.31001671085865,0,0,93.36326738821985,93.36326738821985,92.8682673118594
1681,2020-10-05T03:07:04,2020-10-05T03:36:24,177,72.4,90.8,18.39999999999999,22.837780722222224,124.11837349033823,29.33333396911621,114.43,38.06,126.02422907488989,-46.6858818079096,-34.89999,37.5,39.0,124.11837349033823,124.21404886322469,0,0,92.72509643711653,92.72509643711653,92.796572624953
1686,2020-10-05T07:19:56,2020-10-05T07:37:46,108,88.4,97.6,9.199999999999989,11.744027888888889,127.65247705314025,17.83333396911621,122.94,40.89,125.96311475409836,-39.41759296296296,-13.39999,35.1712962962963,37.0,127.65247705314025,124.21404886322469,0,0,95.36531870610303,95.36531870610303,92.796572624953
1687,2020-10-05T20:12:32,2020-10-05T20:37:52,153,53.6,66.8,13.199999999999996,16.54888891666667,125.37037058080814,25.33333396911621,84.05,27.95,125.82335329341318,-39.08562098039216,-5.0,31.5,32.0,125.37037058080814,124.31001671085865,0,0,93.6604257335631,93.6604257335631,92.8682673118594
1688,2020-10-05T20:38:03,2020-10-05T21:08:03,181,66.8,83.2,16.400000000000006,20.000555611111114,121.95460738482382,30.0,104.8,34.86,125.96153846153845,-40.00110508287293,-40.0,31.823204419889503,33.0,121.95460738482382,124.31001671085865,0,0,91.10861198635303,91.10861198635303,92.8682673118594
1689,2020-10-05T21:08:14,2020-10-05T21:30:54,137,83.2,95.2,12.0,15.111388916666668,125.92824097222224,22.66666603088379,119.93,39.89,125.97689075630252,-40.000730000000004,-40.0,32.113138686131386,33.0,125.92824097222224,124.31001671085865,0,0,94.07719389115833,94.07719389115833,92.8682673118594
1691,2020-10-06T19:39:22,2020-10-06T20:02:02,137,40.8,56.0,15.200000000000003,19.03916313888889,125.25765222953214,22.66666603088379,70.43,23.43,125.76785714285714,-50.39780087591241,-50.30002,30.87226277372263,32.0,125.25765222953214,124.35455981399647,0,0,93.57621725017435,93.57621725017435,92.90154412187485
1692,2020-10-06T20:02:13,2020-10-06T20:29:33,165,56.4,74.8,18.4,22.95832927777778,124.77352868357488,27.33333396911621,94.14,31.31,125.85561497326204,-50.39635472727273,-50.30002,32.35454545454545,33.0,124.77352868357488,124.44943022119341,0,0,93.21454313840508,93.21454313840508,92.97241894410291
1693,2020-10-06T20:29:44,2020-10-06T20:55:14,154,74.8,91.6,16.799999999999997,21.079995999999994,125.47616666666664,25.5,115.38,38.38,125.96069868995633,-49.58895162337663,-45.39999,32.896103896103895,34.0,125.47616666666664,124.54170381944446,0,0,93.73946280106595,93.73946280106595,93.04135376862425
1696,2020-10-07T04:08:40,2020-10-07T04:35:30,162,51.6,76.4,24.800000000000004,31.347364805555557,126.40066453853045,26.83333396911621,96.31,32.04,126.06020942408377,-70.09383543209876,-70.0,31.685185185185187,34.0,126.40066453853045,124.59052196557974,0,0,94.4301273007192,94.4301273007192,93.07782433443154
1697,2020-10-07T04:35:41,2020-10-07T05:03:01,165,76.8,96.8,20.0,24.908614458333332,124.54307229166666,27.33333396911621,121.95,40.56,125.98140495867769,-54.598795272727266,-13.30002,32.93636363636364,34.0,124.54307229166666,124.56321496527778,0,0,93.04237611298154,93.04237611298154,93.05742409742228
1699,2020-10-07T15:58:07,2020-10-07T16:20:37,136,59.2,80.4,21.200000000000003,26.265418125,123.8934817216981,22.5,101.25,33.68,125.93283582089552,-70.04118036764706,-69.89999,29.801470588235293,31.0,123.8934817216981,124.56321496527778,0,0,92.5570865740426,92.5570865740426,93.05742409742228
1700,2020-10-07T16:20:48,2020-10-07T16:43:18,136,80.4,96.4,16.0,19.979445138888888,124.87153211805555,22.5,121.41,40.38,125.94398340248961,-53.14411948529411,0.0,30.643382352941178,32.0,124.87153211805555,124.56321496527778,0,0,93.28775855090076,93.28775855090076,93.05742409742228
1701,2020-10-08T01:22:12,2020-10-08T01:51:12,175,36.8,54.4,17.6,21.800560402777776,123.86682047032826,29.0,68.4,22.75,125.73529411764706,-45.10515291428572,-45.10001,28.548571428571428,30.0,123.86682047032826,124.52156114583335,0,0,92.53716875660041,92.53716875660041,93.0263057841835
1702,2020-10-08T01:51:23,2020-10-08T02:20:43,177,54.8,72.4,17.60000000000001,22.048893777777785,125.27780555555555,29.33333396911621,91.15,30.32,125.8977900552486,-45.10001,-45.10001,29.997175141242938,31.0,125.27780555555555,124.56321496527778,0,0,93.5912731927113,93.5912731927113,93.05742409742228
1703,2020-10-08T02:20:54,2020-10-08T02:53:04,194,72.8,92.0,19.200000000000003,24.178616472222227,125.93029412615742,32.16666793823242,115.96,38.57,126.04347826086955,-45.10001,-45.10001,30.608247422680414,32.0,125.93029412615742,124.59052196557974,0,0,94.07872774059001,94.07872774059001,93.07782433443154
1705,2020-10-08T16:28:25,2020-10-08T16:47:15,114,40.4,58.4,18.0,21.976528402777774,122.09182445987652,18.83333396911621,73.51,24.45,125.87328767123289,-70.0131598245614,-69.80002,29.67543859649123,32.0,122.09182445987652,124.59052196557974,0,0,91.21112272798848,91.21112272798848,93.07782433443154
1706,2020-10-08T16:47:26,2020-10-08T17:15:06,167,58.4,84.4,26.000000000000007,32.26972388888889,124.11432264957263,27.66666603088379,106.36,35.38,126.01895734597156,-69.98263832335329,-69.70001,31.88323353293413,33.0,124.11432264957263,124.59052196557974,0,0,92.72207017605558,92.72207017605558,93.07782433443154
1711,2020-10-09T01:57:49,2020-10-09T02:25:49,169,51.6,70.4,18.800000000000004,23.164726888888893,123.21663238770684,28.0,88.62,29.48,125.88068181818181,-49.638471538461545,-49.60001,30.62721893491124,32.0,123.21663238770684,124.59052196557974,0,0,92.05143283396501,92.05143283396501,93.07782433443154
1712,2020-10-09T02:26:00,2020-10-09T02:54:30,172,70.4,89.2,18.799999999999997,23.560143638888892,125.31991297281327,28.5,112.41,37.39,126.0201793721973,-49.5860565116279,-44.70001,31.386627906976745,33.0,125.31991297281327,124.59052196557974,0,0,93.62273037520687,93.62273037520687,93.07782433443154
1713,2020-10-09T02:54:41,2020-10-09T03:11:31,102,89.2,98.0,8.799999999999997,10.652641694444444,121.05274652777781,16.83333396911621,123.43,41.06,125.94897959183675,-37.88138254901961,-13.20001,32.0,33.0,121.05274652777781,124.59052196557974,0,0,90.43485891828725,90.43485891828725,93.07782433443154
1714,2020-10-10T01:45:41,2020-10-10T02:13:01,165,38.0,56.8,18.799999999999997,23.082643444444447,122.78001832151303,27.33333396911621,71.42,23.76,125.73943661971832,-50.66910090909091,-50.60001,26.47878787878788,28.0,122.78001832151303,124.56321496527778,0,0,91.72525162279425,91.72525162279425,93.05742409742228
1715,2020-10-10T02:13:12,2020-10-10T02:39:22,158,57.2,74.8,17.599999999999994,22.099309916666666,125.56426089015156,26.16666603088379,94.27,31.35,126.02941176470588,-50.673427721518976,-50.60001,28.24367088607595,29.0,125.56426089015156,124.56321496527778,0,0,93.805275340648,93.805275340648,93.05742409742228
1716,2020-10-10T02:39:33,2020-10-10T03:08:13,173,75.2,93.6,18.39999999999999,23.45111588888889,127.45171678743968,28.66666603088379,117.97,39.24,126.0363247863248,-49.07862271676301,-45.70001,29.115606936416185,30.0,127.45171678743968,124.56321496527778,0,0,95.21533676165484,95.21533676165484,93.05742409742228
1718,2020-10-10T17:32:12,2020-10-10T19:11:36,746,20.0,97.2,77.2,95.45020025277779,123.64015576784688,99.4000015258789,122.41,40.72,125.93621399176955,-57.58874344504022,-13.5,34.85991957104557,37.0,123.64015576784688,124.52156114583335,0,0,92.36783438808234,92.36783438808234,93.0263057841835
1720,2020-10-11T01:38:03,2020-10-11T02:05:33,166,60.8,86.0,25.200000000000003,32.01652970833334,127.04972106481483,27.5,108.35,36.04,125.98837209302324,-69.85422108433735,-69.70001,32.954819277108435,35.0,127.04972106481483,124.56321496527778,0,0,94.91501787171548,94.91501787171548,93.05742409742228
1722,2020-10-11T05:47:07,2020-10-11T06:29:16,317,69.6,97.6,28.0,35.60021160972222,127.14361289186508,42.150001525878906,122.94,40.89,125.96311475409836,-50.628395835962145,-13.30002,31.49684542586751,33.0,127.14361289186508,124.56321496527778,0,0,94.98516162620618,94.98516162620618,93.05742409742228
1725,2020-10-11T14:25:50,2020-10-11T14:46:30,125,61.6,77.2,15.600000000000001,19.466807625,124.7872283653846,20.66666603088379,97.21,32.33,125.91968911917097,-56.516805999999995,-55.39999,33.492,34.0,124.7872283653846,124.67844316123188,0,0,93.22477775783524,93.22477775783524,93.14350761013404
1728,2020-10-11T22:50:49,2020-10-11T23:15:39,150,35.2,59.2,24.0,29.42028091666667,122.58450381944446,24.83333396911621,74.5,24.78,125.84459459459458,-71.08200753333334,-70.80002,34.02,36.0,122.58450381944446,124.67844316123188,0,0,91.57918863027064,91.57918863027064,93.14350761013404
1729,2020-10-11T23:15:50,2020-10-12T00:04:11,292,59.2,97.6,38.39999999999999,47.846951788888894,124.60143695023153,48.349998474121094,122.94,40.89,125.96311475409836,-59.276036506849316,-13.89999,35.928082191780824,37.0,124.60143695023153,124.68748281690321,0,0,93.0859785905339,93.0859785905339,93.15026086446949
1730,2020-10-12T17:17:37,2020-10-12T17:35:57,111,8.400001,20.4,11.999998999999999,15.338614166666666,127.82179537403852,18.33333396911621,25.51,8.48,125.04901960784315,-50.19910909909909,-50.10001,36.689189189189186,38.0,127.82179537403852,124.78037852447974,0,0,95.49181132111529,95.49181132111529,93.21966044812015
1731,2020-10-12T17:36:08,2020-10-12T18:03:38,166,20.8,39.2,18.400000000000002,23.00028236111111,125.00153457125602,27.5,49.25,16.38,125.63775510204081,-50.18254012048193,-50.10001,36.92168674698795,39.0,125.00153457125602,124.78037852447974,0,0,93.3848794659683,93.3848794659683,93.21966044812015
1732,2020-10-12T18:03:49,2020-10-12T18:33:59,182,39.2,60.0,20.799999999999997,25.212505027777784,121.2139664797009,30.16666603088379,75.58,25.14,125.96666666666667,-50.14616384615385,-50.10001,38.78846153846154,40.0,121.2139664797009,124.68748281690321,0,0,90.55530148588839,90.55530148588839,93.15026086446949
1733,2020-10-12T18:34:10,2020-10-12T19:04:40,184,60.0,80.8,20.799999999999997,25.515977305555555,122.67296781517096,30.5,101.83,33.87,126.02722772277228,-50.195118695652184,-50.10001,39.83967391304348,41.0,122.67296781517096,124.68748281690321,0,0,91.645277415551,91.645277415551,93.15026086446949
1734,2020-10-12T19:04:51,2020-10-12T19:24:21,118,80.8,93.2,12.400000000000006,15.737781027777778,126.9175889336917,19.5,117.48,39.08,126.05150214592274,-48.417806610169485,-45.10001,40.0,41.0,126.9175889336917,124.78037852447974,0,0,94.81630593845132,94.81630593845132,93.21966044812015
1738,2020-10-13T02:44:02,2020-10-13T03:12:32,172,39.6,66.4,26.800000000000004,32.90986918055556,122.79801933043119,28.5,83.59,27.8,125.88855421686746,-69.28373790697674,-69.20001,35.94767441860465,39.0,122.79801933043119,124.68748281690321,0,0,91.7386996340835,91.7386996340835,93.15026086446949
1741,2020-10-13T19:50:43,2020-10-13T20:16:23,155,35.2,59.6,24.4,29.953751541666666,122.7612768101093,25.66666603088379,74.99,24.94,125.8221476510067,-70.02129387096774,-69.80002,30.9,33.0,122.7612768101093,124.68748281690321,0,0,91.7112504044136,91.7112504044136,93.15026086446949
1743,2020-10-13T20:29:12,2020-10-13T20:55:12,157,71.6,92.8,21.200000000000003,26.190973916666675,123.54232979559751,26.0,116.89,38.89,125.95905172413794,-60.42293388535032,-44.80002,33.6687898089172,35.0,123.54232979559751,124.59239729456021,0,0,92.2947515522717,92.2947515522717,93.07922533619845
1747,2020-10-14T02:10:59,2020-10-14T02:42:39,191,61.6,90.0,28.4,35.04153070833333,123.38567150821598,31.66666603088379,113.32,37.69,125.9111111111111,-66.3476494764398,-44.70001,33.84816753926702,36.0,123.38567150821598,124.59239729456021,0,0,92.17771686678047,92.17771686678047,93.07922533619845
1750,2020-10-14T11:20:40,2020-10-14T11:48:40,169,34.4,49.6,15.200000000000003,18.65347090277778,122.72020330774853,28.0,62.36,20.74,125.7258064516129,-39.97159479289941,-39.89999,31.13609467455621,33.0,122.72020330774853,124.59239729456021,0,0,91.68056562857977,91.68056562857977,93.07922533619845
1751,2020-10-14T11:48:51,2020-10-14T12:22:11,201,49.6,68.0,18.4,22.19277483333333,120.61290670289854,33.33333206176758,85.61,28.47,125.8970588235294,-39.9472584079602,-39.89999,32.73134328358209,34.0,120.61290670289854,124.5722546209491,0,0,90.10626784001316,90.10626784001316,93.06417735175772
1752,2020-10-14T12:22:22,2020-10-14T12:53:52,190,68.4,85.2,16.799999999999997,20.974997499999997,124.85117559523809,31.5,107.3,35.69,125.93896713615024,-39.95262684210526,-39.89999,33.0,34.0,124.85117559523809,124.5722546209491,0,0,93.27255080616247,93.27255080616247,93.06417735175772
1753,2020-10-14T12:54:03,2020-10-14T13:18:43,149,85.2,97.6,12.399999999999991,15.86735861111111,127.96256944444453,24.66666603088379,122.94,40.89,125.96311475409836,-38.516101275167784,-13.39999,33.2751677852349,34.0,127.96256944444453,124.68748281690321,0,0,95.59697938678656,95.59697938678656,93.15026086446949
1754,2020-10-14T17:10:51,2020-10-14T17:34:41,144,65.2,77.2,12.0,15.478199672222221,128.98499726851853,23.83333396911621,97.18,32.32,125.88082901554405,-38.85070754166668,-4.800018,33.75694444444444,35.0,128.98499726851853,124.78037852447974,0,0,96.36080440254567,96.36080440254567,93.21966044812015
1756,2020-10-15T02:01:44,2020-10-15T02:23:54,134,17.2,37.6,20.400000000000002,25.961117430555564,127.26037956154687,22.16666603088379,47.26,15.72,125.69148936170212,-70.27016634328358,-70.0,32.37686567164179,35.0,127.26037956154687,124.78037852447974,0,0,95.07239448627688,95.07239448627688,93.21966044812015
1757,2020-10-15T02:24:05,2020-10-15T02:50:25,159,38.0,63.2,25.200000000000003,30.85764654166668,122.45097833994714,26.33333396911621,79.57,26.47,125.90189873417721,-70.30882238993709,-70.30002,35.166666666666664,38.0,122.45097833994714,124.68748281690321,0,0,91.47943576842569,91.47943576842569,93.15026086446949
1758,2020-10-15T02:52:01,2020-10-15T03:08:41,101,62.8,78.4,15.600000000000009,19.51333534722222,125.08548299501416,16.66666603088379,98.72,32.83,125.91836734693877,-70.15842297029702,-52.0,36.9009900990099,38.0,125.08548299501416,124.78037852447974,0,0,93.44759480351115,93.44759480351115,93.21966044812015
1765,2020-10-15T14:16:15,2020-10-15T14:41:45,154,18.8,42.8,23.999999999999996,29.685002888888892,123.68751203703707,25.5,53.81,17.9,125.72429906542057,-69.84740941558442,-69.70001,33.77272727272727,36.0,123.68751203703707,124.78037852447974,0,0,92.4032128296787,92.4032128296787,93.21966044812015
1766,2020-10-15T14:41:56,2020-10-15T15:09:36,167,42.8,69.6,26.799999999999997,32.182924736111126,120.08554006011616,27.66666603088379,87.64,29.15,125.91954022988507,-69.79402946107784,-69.70001,36.97305389221557,39.0,120.08554006011616,124.78037852447974,0,0,89.71228811376803,89.71228811376803,93.21966044812015
1767,2020-10-15T15:09:47,2020-10-15T15:41:07,189,69.6,94.8,25.200000000000003,31.158475819444455,123.64474531525578,31.33333396911621,119.44,39.73,125.9915611814346,-59.65291693121693,-44.80002,38.68783068783069,40.0,123.64474531525578,124.68748281690321,0,0,92.37126310064218,92.37126310064218,93.15026086446949
1769,2020-10-15T19:05:14,2020-10-15T19:33:24,170,77.2,97.6,20.39999999999999,25.232499847222222,123.68872474128545,28.16666603088379,122.94,40.89,125.96311475409836,-53.68235264705883,-14.10001,37.51176470588236,39.0,123.68872474128545,124.5722546209491,0,0,92.40411880447694,92.40411880447694,93.06417735175772
1772,2020-10-16T22:19:41,2020-10-16T22:47:51,170,26.0,53.2,27.200000000000003,33.05527383333333,121.52674203431371,28.16666603088379,66.87,22.24,125.69548872180451,-70.413521,-70.30002,31.461764705882352,34.0,121.52674203431371,124.5722546209491,0,0,90.78896667702065,90.78896667702065,93.06417735175772
1773,2020-10-16T22:48:02,2020-10-16T23:20:22,195,53.2,84.0,30.799999999999997,37.95388522222222,123.22690007215006,32.33333206176758,105.8,35.19,125.95238095238095,-70.43024964102564,-70.30002,34.34615384615385,36.0,123.22690007215006,124.32869747061964,0,0,92.05910351158839,92.05910351158839,92.88222314451856
1774,2020-10-16T23:20:33,2020-10-16T23:39:03,112,84.4,96.4,12.0,15.16347044444444,126.36225370370367,18.5,121.41,40.38,125.94398340248961,-49.054458571428576,0.0,35.0,36.0,126.36225370370367,124.32869747061964,0,0,94.40143172355859,94.40143172355859,92.88222314451856
1776,2020-10-17T15:40:22,2020-10-17T16:06:32,158,58.4,82.8,24.4,30.53472286111111,125.14230680783243,26.16666603088379,104.34,34.7,126.0144927536232,-70.01582424050632,-69.89999,30.639240506329113,32.0,125.14230680783243,124.5722546209491,0,0,93.49004616164073,93.49004616164073,93.06417735175772
1777,2020-10-17T16:06:43,2020-10-17T16:31:23,149,82.8,97.6,14.799999999999997,18.642224472222225,125.96097616366372,24.66666603088379,122.94,40.89,125.96311475409836,-45.32282429530201,-13.60001,31.5,32.0,125.96097616366372,124.5722546209491,0,0,94.10164936618544,94.10164936618544,93.06417735175772
1778,2020-10-17T23:24:25,2020-10-17T23:55:54,237,57.2,86.8,29.599999999999994,36.75432242083333,124.17000817849102,31.483333587646484,109.36,36.38,125.99078341013825,-70.0455753164557,-69.70001,30.59282700421941,32.0,124.17000817849102,124.35654023507884,0,0,92.76367115658657,92.76367115658657,92.90302363478406
1780,2020-10-18T08:56:38,2020-10-18T09:16:28,120,55.2,73.6,18.39999999999999,23.133054972222222,125.72312484903388,19.83333396911621,92.65,30.82,125.88315217391305,-69.98249824999999,-69.89999,28.141666666666666,30.0,125.72312484903388,124.35654023507884,0,0,93.92395781684796,93.92395781684796,92.90302363478406
1781,2020-10-18T09:16:42,2020-10-18T09:43:22,161,74.0,94.4,20.400000000000006,25.719026958333334,126.07366156045748,26.66666603088379,118.98,39.58,126.03813559322033,-57.865215527950305,-44.89999,29.472049689440993,31.0,126.07366156045748,124.35654023507884,0,0,94.18583323027362,94.18583323027362,92.90302363478406
1784,2020-10-18T16:25:45,2020-10-18T16:54:15,172,72.8,95.2,22.400000000000006,28.038061222222225,125.1699161706349,28.5,120.0,39.92,126.05042016806722,-59.01977936046512,-45.10001,32.0,33.0,125.1699161706349,124.35654023507884,0,0,93.51067228456222,93.51067228456222,92.90302363478406
1787,2020-10-19T05:11:42,2020-10-19T05:42:42,187,22.4,52.0,29.6,36.23875461111112,122.42822503753754,31.0,65.53,21.79,126.01923076923077,-70.13904631016044,-69.89999,27.8048128342246,31.0,122.42822503753754,124.14216541403182,0,0,91.4624374618828,91.4624374618828,92.74287066632107
1788,2020-10-19T05:42:53,2020-10-19T06:12:03,176,52.0,80.4,28.400000000000006,34.118893750000005,120.13694982394367,29.16666603088379,101.38,33.72,126.09452736318407,-70.18751000000002,-70.10001,30.9375,33.0,120.13694982394367,124.14216541403182,0,0,89.75069479905291,89.75069479905291,92.74287066632107
1789,2020-10-19T06:12:14,2020-10-19T06:32:54,125,80.4,95.2,14.799999999999997,18.04611048611111,121.93317896021024,20.66666603088379,119.9,39.89,125.9453781512605,-52.25359824,0.0,32.0,33.0,121.93317896021024,123.99057155995044,0,0,91.0926034560854,91.0926034560854,92.629619466328
1791,2020-10-19T18:03:48,2020-10-19T18:34:48,187,29.6,59.6,30.0,36.23042183333334,120.7680727777778,31.0,74.96,24.94,125.7718120805369,-70.12353941176471,-70.10001,31.620320855614974,34.0,120.7680727777778,123.90152369542903,0,0,90.22218773851286,90.22218773851286,92.56309449026625
1792,2020-10-19T18:34:59,2020-10-19T19:03:39,173,59.6,86.8,27.199999999999996,33.41208811111111,122.83855923202616,28.66666603088379,109.4,36.39,126.03686635944702,-69.86128167630058,-45.20001,34.11849710982659,36.0,122.83855923202616,123.68811838916126,0,0,91.76898577286566,91.76898577286566,92.40366581707781
1793,2020-10-19T19:03:50,2020-10-19T19:24:40,126,87.2,97.6,10.399999999999991,13.278059027777779,127.67364449786336,20.83333396911621,122.94,40.89,125.96311475409836,-38.170644920634935,-13.60001,34.76190476190476,36.0,127.67364449786336,123.68811838916126,0,0,95.38113226615931,95.38113226615931,92.40366581707781
1795,2020-10-20T01:21:43,2020-10-20T01:47:43,157,80.4,97.6,17.19999999999999,21.29306129166667,123.79686797480632,26.0,122.94,40.89,125.96311475409836,-49.08918522292995,-13.20001,30.06687898089172,32.0,123.79686797480632,123.7427963580459,0,0,92.48490935526533,92.48490935526533,92.44451407987114
1796,2020-10-20T15:58:08,2020-10-20T16:45:21,355,39.2,83.6,44.39999999999999,55.24829899305556,124.43310584021526,47.21666717529297,105.34,35.04,126.00478468899523,-70.20620650704225,-70.0,31.326760563380283,34.0,124.43310584021526,123.7427963580459,0,0,92.96022349102124,92.96022349102124,92.44451407987114
1798,2020-10-21T01:55:38,2020-10-21T02:29:48,206,37.6,70.4,32.800000000000004,39.84583180555556,121.4811945291328,34.16666793823242,88.78,29.53,126.10795454545453,-69.97329830097087,-69.89999,31.24271844660194,34.0,121.4811945291328,123.7427963580459,0,0,90.7549395085072,90.7549395085072,92.44451407987114
1799,2020-10-21T02:29:59,2020-10-21T02:50:09,122,70.4,88.8,18.39999999999999,22.59319473611111,122.78910182669087,20.16666603088379,111.9,37.22,126.01351351351352,-67.14016483606558,-45.0,33.21311475409836,35.0,122.78910182669087,123.68811838916126,0,0,91.73203763577457,91.73203763577457,92.40366581707781
1801,2020-10-21T15:24:06,2020-10-21T15:55:46,191,19.6,49.2,29.6,36.85250519444445,124.50170673798797,31.66666603088379,61.85,20.57,125.71138211382113,-69.8256642408377,-69.70001,30.31413612565445,33.0,124.50170673798797,123.7427963580459,0,0,93.01147315440926,93.01147315440926,92.44451407987114
1803,2020-10-21T16:09:16,2020-10-21T16:46:30,225,62.4,93.6,31.199999999999996,38.724920619444454,124.11833531873225,37.233333587646484,117.94,39.23,126.00427350427351,-62.40089528888889,-44.70001,34.477777777777774,36.0,124.11833531873225,123.95760164676929,0,0,92.72506792026003,92.72506792026003,92.60498863776269
1806,2020-10-22T17:00:16,2020-10-22T17:33:06,198,24.0,46.0,22.0,27.36111111111111,124.36868686868686,32.83333206176758,57.9,19.26,125.8695652173913,-50.0,-50.0,30.901515151515152,33.0,124.36868686868686,123.95760164676929,0,0,92.91209801870497,92.91209801870497,92.60498863776269
1807,2020-10-22T17:33:17,2020-10-22T18:05:57,197,46.0,68.8,22.799999999999997,27.22222222222222,119.39571150097467,32.66666793823242,86.64,28.82,125.93023255813955,-50.0,-50.0,33.42893401015228,35.0,119.39571150097467,123.7427963580459,0,0,89.19693798571909,89.19693798571909,92.44451407987114
1808,2020-10-22T18:06:08,2020-10-22T18:35:38,178,68.8,88.4,19.60000000000001,24.583333333333332,125.42517006802714,29.5,111.34,37.03,125.9502262443439,-50.0,-50.0,34.19662921348315,35.0,125.42517006802714,123.95760164676929,0,0,93.701364779042,93.701364779042,92.60498863776269
1810,2020-10-23T00:28:03,2020-10-23T00:48:03,121,51.6,64.8,13.199999999999996,16.70305851388889,126.53832207491588,20.0,81.6,27.14,125.92592592592591,-50.109099752066115,-50.0,32.00413223140496,34.0,126.53832207491588,123.95760164676929,0,0,94.53296709774273,94.53296709774273,92.60498863776269
1811,2020-10-23T00:48:14,2020-10-23T01:20:14,193,64.8,86.4,21.60000000000001,26.766810888888894,123.92042078189299,32.0,108.87,36.21,126.00694444444443,-50.18757476683938,-50.10001,32.67616580310881,34.0,123.92042078189299,123.85864437834965,0,0,92.57721193408602,92.57721193408602,92.53106064467568
1812,2020-10-23T01:20:25,2020-10-23T01:39:45,117,86.4,97.6,11.199999999999989,14.374725444444445,128.34576289682553,19.33333396911621,122.95,40.9,125.97336065573771,-44.50257410256411,-13.60001,33.0,34.0,128.34576289682553,123.85864437834965,0,0,95.88325166724685,95.88325166724685,92.53106064467568
1813,2020-10-23T13:21:46,2020-10-23T13:41:46,121,6.8,25.6,18.8,23.324444083333336,124.06619193262414,20.0,32.13,10.68,125.50781250000001,-69.97355264462809,-69.80002,29.429752066115704,31.0,124.06619193262414,123.99330635725856,0,0,92.68611316787755,92.68611316787755,92.63166255098179
1814,2020-10-23T13:41:57,2020-10-23T14:10:57,175,25.6,52.8,27.199999999999996,33.76861175000001,124.14930790441183,29.0,66.57,22.14,126.07954545454544,-69.86628697142858,-69.80002,31.694285714285716,34.0,124.14930790441183,123.99330635725856,0,0,92.74820660563982,92.74820660563982,92.63166255098179
1815,2020-10-23T14:11:08,2020-10-23T14:38:48,167,53.2,79.2,26.0,32.21388950000001,123.89957500000003,27.66666603088379,99.75,33.18,125.94696969696969,-69.86107928143713,-69.70001,34.72754491017964,36.0,123.89957500000003,123.9099978909465,0,0,92.5616386786366,92.5616386786366,92.56942530636131
1816,2020-10-23T14:38:59,2020-10-23T15:04:39,155,79.2,97.2,18.0,22.27180588888889,123.73225493827161,25.66666603088379,122.46,40.73,125.98765432098764,-51.99612993548388,-13.20001,35.848387096774196,37.0,123.73225493827161,123.84822148740318,0,0,92.43663890283112,92.43663890283112,92.52327401695096
1818,2020-10-24T08:12:17,2020-10-24T08:29:07,102,89.6,97.6,8.0,9.80222426388889,122.52780329861112,16.83333396911621,122.92,40.88,125.94262295081968,-34.88334058823529,-13.5,27.0,28.0,122.52780329861112,123.84822148740318,0,0,91.5368293798675,91.5368293798675,92.52327401695096
1820,2020-10-24T19:57:43,2020-10-24T20:24:03,159,50.4,75.6,25.199999999999996,30.991531666666667,122.98226851851855,26.33333396911621,95.17,31.66,125.88624338624341,-70.61384534591194,-70.5,32.132075471698116,34.0,122.98226851851855,123.84822148740318,0,0,91.8763466500202,91.8763466500202,92.52327401695096
1821,2020-10-24T20:24:14,2020-10-24T20:56:04,192,75.6,97.6,22.0,27.310560861111114,124.13891300505051,31.83333396911621,122.94,40.89,125.96311475409836,-51.428135000000005,-14.10001,33.416666666666664,34.0,124.13891300505051,123.84822148740318,0,0,92.74044088958485,92.74044088958485,92.52327401695096
1824,2020-10-25T03:18:39,2020-10-25T03:49:50,189,65.2,91.6,26.39999999999999,33.333844912500005,126.26456406250007,31.183332443237305,115.42,38.39,126.00436681222709,-64.12962523809523,-44.80002,32.50529100529101,34.0,126.26456406250007,123.9099978909465,0,0,94.32845073656381,94.32845073656381,92.56942530636131
1828,2020-10-25T17:35:45,2020-10-25T18:02:25,161,38.4,64.0,25.6,31.096945666666667,121.47244401041667,26.66666603088379,80.67,26.83,126.046875,-69.96832571428573,-69.70001,32.81055900621118,35.0,121.47244401041667,123.9099978909465,0,0,90.74840225967765,90.74840225967765,92.56942530636131
1829,2020-10-25T18:02:36,2020-10-25T18:28:46,158,64.4,88.4,24.0,29.846251583333334,124.35938159722222,26.16666603088379,111.38,37.05,125.99547511312217,-68.36899101265823,-44.80002,34.81012658227848,36.0,124.35938159722222,123.99330635725856,0,0,92.90514633081486,92.90514633081486,92.63166255098179
1830,2020-10-25T18:28:57,2020-10-25T18:46:37,107,88.4,97.6,9.199999999999989,11.865556875,128.97344429347842,17.66666603088379,122.92,40.88,125.94262295081968,-40.19252794392522,-13.10001,35.5,36.0,128.97344429347842,124.09226362567819,0,0,96.35217352305052,96.35217352305052,92.7055905440688
1832,2020-10-26T17:14:11,2020-10-26T17:41:41,166,14.0,30.4,16.4,20.625,125.76219512195124,27.5,38.22,12.71,125.72368421052632,-45.0,-45.0,31.77710843373494,33.0,125.76219512195124,124.12862416189138,0,0,93.95314604033341,93.95314604033341,92.73275440492245
1833,2020-10-26T17:41:52,2020-10-26T18:13:32,191,30.8,50.0,19.2,23.75,123.69791666666666,31.66666603088379,62.94,20.93,125.88,-45.0,-45.0,33.36649214659686,35.0,123.69791666666666,124.12862416189138,0,0,92.41098581492388,92.41098581492388,92.73275440492245
1835,2020-10-26T18:26:43,2020-10-26T18:50:50,146,56.0,70.4,14.400000000000006,18.025555611111113,125.1774695216049,24.116666793823242,88.6,29.47,125.8522727272727,-44.69315082191781,0.0,35.0,36.0,125.1774695216049,124.12862416189138,0,0,93.51631516544617,93.51631516544617,92.73275440492245
1836,2020-10-26T18:51:01,2020-10-26T19:15:51,150,70.8,85.6,14.799999999999997,18.625,125.84459459459462,24.83333396911621,107.81,35.86,125.94626168224299,-45.0,-45.0,35.28666666666667,36.0,125.84459459459462,124.12862416189138,0,0,94.0147042031772,94.0147042031772,92.73275440492245
1837,2020-10-27T01:32:20,2020-10-27T02:36:38,483,37.2,88.8,51.599999999999994,64.06452669722222,124.15605949074076,64.30000305175781,111.85,37.2,125.9572072072072,-59.765009337474126,-44.89999,33.38198757763975,35.0,124.15605949074076,124.12862416189138,0,0,92.75325051232221,92.75325051232221,92.73275440492245
1838,2020-10-27T14:02:28,2020-10-27T14:31:08,173,26.0,43.6,17.6,21.741811055555555,123.53301736111109,28.66666603088379,54.82,18.24,125.73394495412845,-45.50694791907515,-45.10001,33.297687861271676,35.0,123.53301736111109,124.09226362567819,0,0,92.28779451310389,92.28779451310389,92.7055905440688
1839,2020-10-27T14:31:19,2020-10-27T14:59:39,171,43.6,61.2,17.6,20.872362750000004,118.59297017045456,28.33333396911621,76.99,25.61,125.80065359477123,-44.200003508771935,-43.20001,34.96491228070175,36.0,118.59297017045456,124.09226362567819,0,0,88.59723412888172,88.59723412888172,92.7055905440688
1840,2020-10-27T14:59:50,2020-10-27T15:28:40,174,61.2,78.0,16.799999999999997,20.386809041666663,121.35005381944443,28.83333396911621,98.23,32.67,125.93589743589743,-42.42357051724139,-41.60001,35.82183908045977,37.0,121.35005381944443,123.99330635725856,0,0,90.65696823631976,90.65696823631976,92.63166255098179
1841,2020-10-27T15:28:51,2020-10-27T15:54:11,153,78.0,92.0,14.0,17.27472486111111,123.39089186507935,25.33333396911621,115.86,38.54,125.93478260869564,-40.91373176470589,-40.20001,36.31699346405229,37.0,123.39089186507935,123.99330635725856,0,0,92.18161683807384,92.18161683807384,92.63166255098179
1844,2020-10-27T22:02:12,2020-10-27T22:27:20,152,53.6,76.8,23.199999999999996,29.362947091666673,126.56442711925293,25.133333206176758,96.71,32.17,125.92447916666666,-70.09737473684211,-69.89999,34.776315789473685,36.0,126.56442711925293,124.09226362567819,0,0,94.55246938967241,94.55246938967241,92.7055905440688
1845,2020-10-27T22:27:31,2020-10-27T22:47:03,119,77.2,92.0,14.799999999999997,18.595973694444446,125.64847090840844,19.53333282470703,115.86,38.54,125.93478260869564,-57.04370201680671,-44.89999,35.09243697478992,37.0,125.64847090840844,124.12862416189138,0,0,93.86818610755753,93.86818610755753,92.73275440492245
1848,2020-10-28T06:55:59,2020-10-28T07:19:39,143,50.4,68.8,18.4,22.89583601388889,124.43389137983092,23.66666603088379,86.73,28.85,126.06104651162792,-58.046160629370625,-56.70001,31.03146853146853,33.0,124.43389137983092,124.14411045473116,0,0,92.96081034399529,92.96081034399529,92.74432374761233
1849,2020-10-28T07:19:50,2020-10-28T07:45:30,155,69.2,88.0,18.799999999999997,23.724725125,126.19534640957448,25.66666603088379,110.92,36.9,126.04545454545455,-55.460652,-54.20001,31.961290322580645,33.0,126.19534640957448,124.1526836975763,0,0,94.27674031398745,94.27674031398745,92.75072855898102
1850,2020-10-28T07:45:41,2020-10-28T08:03:11,106,88.4,97.6,9.199999999999989,11.93249913888889,129.70107759661852,17.5,122.95,40.9,125.97336065573771,-40.8443366981132,-13.30002,32.325471698113205,34.0,129.70107759661852,124.16303383461589,0,0,96.89576643606735,96.89576643606735,92.75846083445438
1851,2020-10-29T05:57:45,2020-10-29T06:21:15,142,25.6,32.4,6.799999999999997,8.841531694444445,130.0225249183007,23.5,40.68,13.53,125.55555555555556,-22.544376197183105,-14.10001,26.12323943661972,27.0,130.0225249183007,124.16303383461589,0,0,97.13591004304712,97.13591004304712,92.75846083445438
1852,2020-10-29T06:21:26,2020-10-29T06:51:56,184,32.8,42.0,9.200000000000003,11.48833841666667,124.87324365942028,30.5,52.77,17.55,125.64285714285715,-22.60001,-22.60001,26.744565217391305,28.0,124.87324365942028,124.16303383461589,0,0,93.2890371918758,93.2890371918758,92.75846083445438
1853,2020-10-29T06:52:07,2020-10-29T07:22:07,181,42.0,51.6,9.600000000000001,11.300005000000002,117.70838541666667,30.0,64.87,21.58,125.7170542635659,-22.60001,-22.60001,27.560773480662984,29.0,117.70838541666667,124.1526836975763,0,0,87.93638751693213,87.93638751693213,92.75072855898102
1854,2020-10-29T07:22:18,2020-10-29T07:52:38,183,51.6,61.2,9.600000000000001,11.425560611111115,119.01625636574076,30.33333396911621,76.98,25.6,125.78431372549021,-22.60001,-22.60001,28.4672131147541,29.0,119.01625636574076,124.14411045473116,0,0,88.91345848934249,88.91345848934249,92.74432374761233
1855,2020-10-29T07:52:49,2020-10-29T08:24:49,193,61.6,71.6,9.999999999999993,12.053338666666669,120.53338666666679,32.0,90.1,29.97,125.83798882681565,-22.60001,-22.60001,28.5,29.0,120.53338666666679,124.12862416189138,0,0,90.04686081733858,90.04686081733858,92.73275440492245
1856,2020-10-29T08:25:00,2020-10-29T08:53:00,169,71.6,80.0,8.400000000000006,10.546671333333334,125.55561111111103,28.0,100.71,33.5,125.88749999999999,-22.60001,-22.60001,28.236686390532544,29.0,125.55561111111103,124.12862416189138,0,0,93.7988133513942,93.7988133513942,92.73275440492245
1857,2020-10-29T08:53:11,2020-10-29T09:21:31,171,80.0,88.4,8.400000000000006,10.672226944444446,127.0503207671957,28.33333396911621,111.32,37.03,125.92760180995474,-22.60001,-22.60001,28.0,29.0,127.0503207671957,124.12862416189138,0,0,94.91546589129176,94.91546589129176,92.73275440492245
1858,2020-10-29T09:21:42,2020-10-29T09:52:52,188,88.8,97.6,8.799999999999997,11.739449638888892,133.40283680555564,31.16666603088379,122.92,40.88,125.94262295081968,-22.600010000000005,-22.60001,28.0,29.0,133.40283680555564,124.14411045473116,0,0,99.66123918585646,99.66123918585646,92.74432374761233
1859,2020-10-30T13:48:15,2020-10-30T14:05:01,103,16.4,32.4,16.0,19.602613544444445,122.51633465277777,16.766666412353516,40.68,13.53,125.55555555555556,-70.14661048543688,-69.80002,25.101941747572816,27.0,122.51633465277777,124.14411045473116,0,0,91.5282615001814,91.5282615001814,92.74432374761233
1862,2020-10-30T14:23:23,2020-10-30T14:51:23,169,47.2,73.6,26.39999999999999,32.684446722222226,123.80472243266,28.0,92.65,30.82,125.88315217391305,-70.03905816568047,-69.70001,30.49112426035503,32.0,123.80472243266,124.14411045473116,0,0,92.490777184028,92.490777184028,92.74432374761233
1863,2020-10-30T14:51:34,2020-10-30T15:17:14,155,73.6,93.6,20.0,24.70916877777778,123.5458438888889,25.66666603088379,117.9,39.22,125.96153846153848,-57.76065012903226,-44.80002,32.31612903225806,33.0,123.5458438888889,124.14411045473116,0,0,92.29737682546994,92.29737682546994,92.74432374761233
1865,2020-10-30T22:23:18,2020-10-30T22:52:28,176,63.6,89.6,25.999999999999993,32.41431108333334,124.67042724358978,29.16666603088379,112.86,37.54,125.95982142857144,-66.62671590909092,-44.80002,30.511363636363637,32.0,124.67042724358978,124.1526836975763,0,0,93.13751915962914,93.13751915962914,92.75072855898102
1867,2020-10-31T12:32:12,2020-10-31T12:58:22,158,38.8,64.0,25.200000000000003,30.87708833333334,122.52812830687833,26.16666603088379,80.7,26.85,126.09375,-70.80064430379748,-70.5,30.38607594936709,33.0,122.52812830687833,124.14411045473116,0,0,91.53707218374959,91.53707218374959,92.74432374761233
1868,2020-10-31T12:58:33,2020-10-31T13:29:13,185,64.0,91.2,27.200000000000003,33.40833231944445,122.8247511744281,30.66666603088379,114.83,38.2,125.91008771929823,-65.3254034054054,-45.5,32.57297297297297,34.0,122.8247511744281,124.14411045473116,0,0,91.75867018915002,91.75867018915002,92.74432374761233
1870,2020-10-31T19:01:08,2020-10-31T19:34:58,205,48.4,70.8,22.4,28.25431119444445,126.13531783234131,33.83333206176758,89.18,29.67,125.96045197740115,-50.10635146341463,-50.10001,33.28292682926829,35.0,126.13531783234131,124.14411045473116,0,0,94.2318947729414,94.2318947729414,92.74432374761233
1871,2020-10-31T19:35:09,2020-10-31T20:04:59,180,70.8,90.8,20.0,24.67972652777778,123.3986326388889,29.83333396911621,114.38,38.05,125.96916299559471,-49.62334194444444,-44.89999,34.0,35.0,123.3986326388889,124.14411045473116,0,0,92.18739973691311,92.18739973691311,92.74432374761233
1872,2020-11-01T03:26:18,2020-11-01T03:47:08,126,43.2,51.2,8.0,9.841252194444445,123.01565243055556,20.83333396911621,64.37,21.41,125.72265625,-28.34524444444445,-26.20001,31.488095238095237,33.0,123.01565243055556,124.14411045473116,0,0,91.90128676465457,91.90128676465457,92.74432374761233
1873,2020-11-01T03:47:19,2020-11-01T04:17:29,182,51.2,62.0,10.799999999999997,13.354586569444445,123.65357934670786,30.16666603088379,78.00999,25.95,125.82256451612903,-26.5653910989011,-24.89999,31.98076923076923,33.0,123.65357934670786,124.12862416189138,0,0,92.37786273932007,92.37786273932007,92.73275440492245
1874,2020-11-01T04:17:40,2020-11-01T04:43:40,157,62.0,71.6,9.599999999999994,11.740002444444446,122.29169212962971,26.0,90.15,29.99,125.9078212290503,-27.090451464968147,-25.70001,32.0,33.0,122.29169212962971,124.10255246883733,0,0,91.3604378409034,91.3604378409034,92.7132770287312
1875,2020-11-01T04:43:51,2020-11-01T05:13:51,181,71.6,82.4,10.800000000000011,13.868752972222222,128.41437937242785,30.0,103.77,34.52,125.93446601941746,-27.737022541436463,-26.30002,32.0,33.0,128.41437937242785,124.10255246883733,0,0,95.9345129683619,95.9345129683619,92.7132770287312
1876,2020-11-01T05:14:02,2020-11-01T05:43:02,175,82.8,93.6,10.799999999999997,13.746252638888889,127.280117026749,29.0,117.91,39.22,125.97222222222223,-28.438291257142858,-27.20001,32.0,33.0,127.280117026749,124.14411045473116,0,0,95.08713975172651,95.08713975172651,92.74432374761233
1879,2020-11-01T15:40:13,2020-11-01T16:14:43,208,28.0,61.2,33.2,40.16014229166667,120.96428401104419,34.5,77.12,25.65,126.01307189542484,-69.84375591346155,-69.70001,34.89182692307692,38.0,120.96428401104419,124.10255246883733,0,0,90.36877123791787,90.36877123791787,92.7132770287312
1880,2020-11-01T16:14:54,2020-11-01T16:43:24,172,61.2,88.0,26.799999999999997,32.79305815277778,122.36215728648428,28.5,110.91,36.89,126.0340909090909,-68.96919156976746,-44.60001,37.51162790697674,39.0,122.36215728648428,123.99330635725856,0,0,91.41308023607067,91.41308023607067,92.63166255098179
1881,2020-11-01T16:43:35,2020-11-01T17:01:05,106,88.0,97.6,9.599999999999994,12.191253152777781,126.99222034143529,17.5,122.99,40.91,126.01434426229508,-41.677369339622636,-13.20001,38.0,39.0,126.99222034143529,124.10255246883733,0,0,94.87206081410477,94.87206081410477,92.7132770287312
1882,2020-11-02T01:04:21,2020-11-02T01:24:11,120,57.2,75.6,18.39999999999999,23.07541926388889,125.40988730374403,19.83333396911621,95.34,31.71,126.11111111111113,-69.80834116666668,-69.60001,32.479166666666664,34.0,125.40988730374403,124.10255246883733,0,0,93.6899474864033,93.6899474864033,92.7132770287312
1883,2020-11-02T01:24:22,2020-11-02T01:50:52,160,75.6,96.0,20.400000000000006,25.197225347222222,123.51581052559908,26.5,120.95,40.23,125.98958333333334,-57.05063206250001,-44.39999,33.35,35.0,123.51581052559908,124.01924400252527,0,0,92.27493980483338,92.27493980483338,92.65103978411072
1885,2020-11-02T12:42:08,2020-11-02T13:09:38,166,54.8,72.8,18.0,22.870551833333334,127.05862129629631,27.5,91.68999,30.5,125.94778846153845,-49.899389457831326,-49.80002,30.346385542168676,31.0,127.05862129629631,124.01924400252527,0,0,94.92166696644034,94.92166696644034,92.65103978411072
1886,2020-11-02T13:09:49,2020-11-02T13:37:59,170,73.2,91.6,18.39999999999999,23.030276333333337,125.16454528985516,28.16666603088379,115.38,38.38,125.96069868995633,-49.048232235294115,-44.70001,30.78235294117647,32.0,125.16454528985516,124.14748624789564,0,0,93.50665986138706,93.50665986138706,92.74684570095353
1889,2020-11-03T16:14:06,2020-11-03T16:46:16,194,22.0,52.8,30.799999999999997,37.48652756944445,121.70950509559886,32.16666793823242,65.01,21.62,123.125,-69.92268005154641,-69.70001,29.29123711340206,32.0,121.70950509559886,124.14748624789564,0,0,90.92550345240893,90.92550345240893,92.74684570095353
1890,2020-11-03T16:46:27,2020-11-03T17:11:37,152,53.2,77.6,24.39999999999999,29.31819545833334,120.15653876366127,25.16666603088379,95.67,31.82,123.28608247422682,-69.89802868421054,-69.70001,32.7796052631579,34.0,120.15653876366127,124.14748624789564,0,0,89.76532910558898,89.76532910558898,92.74684570095353
1893,2020-11-04T09:52:17,2020-11-04T10:17:07,150,71.6,92.4,20.80000000000001,25.27083493055556,121.49439870459398,24.83333396911621,113.38,37.72,122.70562770562769,-61.02800380000001,-43.5,27.086666666666666,28.0,121.49439870459398,124.14748624789564,0,0,90.76480395007682,90.76480395007682,92.74684570095353
1895,2020-11-04T16:58:28,2020-11-04T17:16:52,112,34.4,47.2,12.800000000000004,15.316609438888888,119.6610112413194,18.399999618530273,57.83,19.24,122.52118644067795,-49.945530267857144,-49.89999,29.861607142857142,31.0,119.6610112413194,123.98039096170038,0,0,89.39513542672988,89.39513542672988,92.6220138481751
1896,2020-11-04T17:17:03,2020-11-04T17:39:13,134,47.6,63.2,15.600000000000001,18.44666411111111,118.24784686609685,22.16666603088379,77.43,25.76,122.51582278481014,-49.93059007462687,-49.89999,31.399253731343283,33.0,118.24784686609685,123.75131954966332,0,0,88.33940290873802,88.33940290873802,92.45088149947594
1898,2020-11-04T17:51:44,2020-11-04T18:22:24,185,71.6,92.0,20.400000000000006,25.032636250000003,122.70900122549017,30.66666603088379,112.8,37.52,122.6086956521739,-48.964859729729724,-43.39999,32.65405405405406,34.0,122.70900122549017,123.75131954966332,0,0,91.67219689050744,91.67219689050744,92.45088149947594
1900,2020-11-04T20:08:15,2020-11-04T20:28:35,123,83.2,97.2,14.0,16.81542052777778,120.11014662698412,20.33333396911621,119.26,39.67,122.69547325102882,-49.67480813008131,-43.10001,32.99593495934959,34.0,120.11014662698412,123.67574800668726,0,0,89.73067093833828,89.73067093833828,92.39442427712197
1902,2020-11-06T13:30:41,2020-11-06T13:59:31,174,19.6,37.6,18.0,21.579023180555556,119.88346211419754,28.83333396911621,45.95,15.28,122.20744680851064,-44.90458816091954,-44.89999,28.339080459770116,30.0,119.88346211419754,123.59971161779838,0,0,89.56132177013819,89.56132177013819,92.337619782395
1903,2020-11-06T13:59:42,2020-11-06T14:32:42,199,37.6,58.8,21.199999999999996,24.694994499999996,116.48582311320754,33.0,72.02,23.96,122.48299319727892,-44.899989999999995,-44.89999,30.472361809045225,32.0,116.48582311320754,123.539430625,0,0,87.02304806282257,87.02304806282257,92.29258566928692
1904,2020-11-06T14:32:53,2020-11-06T15:00:13,165,58.8,76.0,17.200000000000003,20.454439888888885,118.92116214470279,27.33333396911621,93.16,30.99,122.57894736842104,-44.89999,-44.89999,31.806060606060605,33.0,118.92116214470279,123.52441394335509,0,0,88.84241646253858,88.84241646253858,92.28136715896864
1906,2020-11-06T17:26:08,2020-11-06T17:45:29,147,69.2,85.2,16.0,19.285236731388892,120.53272957118057,19.350000381469727,104.52,34.77,122.67605633802816,-59.62517198639456,-8.200012,33.5,34.0,120.53272957118057,123.45722158224399,0,0,90.04636992110288,90.04636992110288,92.23116977087324
1907,2020-11-07T00:34:46,2020-11-07T01:02:56,170,22.8,46.4,23.599999999999998,28.44208641666667,120.51731532485877,28.16666603088379,56.81,18.9,122.43534482758622,-60.58647711764707,-59.70001,32.47352941176471,35.0,120.51731532485877,123.39476225198413,0,0,90.03485440219539,90.03485440219539,92.18450828749347
1908,2020-11-07T01:03:07,2020-11-07T01:33:57,186,46.4,71.6,25.199999999999996,29.843197444444446,118.42538668430338,30.83333396911621,87.73,29.18,122.52793296089386,-58.07366177419355,-56.5,34.77956989247312,37.0,118.42538668430338,123.20327214781746,0,0,88.47203755662849,88.47203755662849,92.0414518013642
1910,2020-11-07T06:19:42,2020-11-07T06:37:22,107,42.4,59.6,17.200000000000003,20.674309375000004,120.1994731104651,17.66666603088379,73.03,24.29,122.53355704697988,-70.21496626168225,-70.10001,31.64018691588785,34.0,120.1994731104651,122.92020180249183,0,0,89.79740406222834,89.79740406222834,91.8299784769023
1911,2020-11-07T06:37:33,2020-11-07T07:06:03,172,59.6,87.2,27.6,33.34069983333334,120.79963707729469,28.5,107.03,35.6,122.7408256880734,-70.19070901162792,-70.0,33.270348837209305,35.0,120.79963707729469,122.92020180249183,0,0,90.2457684754688,90.2457684754688,91.8299784769023
1914,2020-11-07T12:59:51,2020-11-07T13:27:51,169,51.2,78.0,26.799999999999997,32.685974152777774,121.96259012230514,28.0,95.59,31.79,122.55128205128206,-70.04142426035503,-70.0,35.36094674556213,37.0,121.96259012230514,122.92020180249183,0,0,91.11457564895973,91.11457564895973,91.8299784769023
1915,2020-11-07T13:28:02,2020-11-07T13:50:32,136,78.4,95.2,16.799999999999997,20.854307,124.13277976190477,22.5,116.78,38.84,122.66806722689076,-55.61985676470588,-43.39999,36.74632352941177,38.0,124.13277976190477,122.92020180249183,0,0,92.73585892846042,92.73585892846042,91.8299784769023
1917,2020-11-07T20:55:16,2020-11-07T21:26:26,188,52.8,74.4,21.60000000000001,25.81639408333334,119.52034297839505,31.16666603088379,91.25,30.36,122.64784946236557,-49.70001,-49.70001,35.045212765957444,37.0,119.52034297839505,122.76687619995914,0,0,89.29004640663958,89.29004640663958,91.71543353982872
1918,2020-11-07T21:26:37,2020-11-07T21:56:27,180,74.4,94.0,19.599999999999994,23.974172791666675,122.31720812074838,29.83333396911621,115.25,38.34,122.60638297872342,-48.206678999999994,-43.30002,35.86388888888889,37.0,122.31720812074838,122.61856476618425,0,0,91.3795000689252,91.3795000689252,91.6046345371285
1920,2020-11-08T17:18:15,2020-11-08T17:34:45,100,6.8,22.8,16.0,19.25361147222222,120.33507170138888,16.5,27.9,9.27,122.36842105263158,-70.0130013,-69.89999,31.865,33.0,120.33507170138888,122.52223147982805,0,0,89.89870568314527,89.89870568314527,91.5326668419655
1921,2020-11-08T17:34:56,2020-11-08T18:30:28,335,22.8,76.4,53.60000000000001,64.76371992777777,120.82783568615255,55.53333282470703,93.66,31.15,122.59162303664921,-69.97283334328357,-69.80002,35.04477611940298,38.0,120.82783568615255,122.43924596963103,0,0,90.2668348063609,90.2668348063609,91.47067086812604
1922,2020-11-08T18:30:39,2020-11-08T18:57:29,162,76.8,96.4,19.60000000000001,24.712221819444444,126.08276438492058,26.83333396911621,118.32,39.35,122.73858921161823,-55.26666580246914,-43.39999,37.78086419753087,39.0,126.08276438492058,122.43924596963103,0,0,94.19263367610976,94.19263367610976,91.47067086812604
1923,2020-11-09T01:09:35,2020-11-09T01:26:45,104,50.8,67.2,16.400000000000006,20.024445458333336,122.10027718495932,17.16666603088379,82.49,27.44,122.75297619047618,-69.98942663461538,-69.70001,32.54807692307692,35.0,122.10027718495932,122.33968270361632,0,0,91.21743750416883,91.21743750416883,91.39629015249793
1924,2020-11-09T01:26:56,2020-11-09T01:43:26,100,67.6,83.2,15.600000000000009,19.240417152777777,123.33600738960106,16.5,101.98,33.92,122.57211538461537,-69.96400179999999,-69.70001,33.55,35.0,123.33600738960106,122.33968270361632,0,0,92.14061430042763,92.14061430042763,91.39629015249793
1926,2020-11-09T05:09:17,2020-11-09T05:36:27,164,55.2,81.6,26.39999999999999,31.98042116666667,121.13795896464651,27.16666603088379,100.16,33.32,122.74509803921569,-70.63171725609757,-70.5,32.0030487804878,34.0,121.13795896464651,122.33968270361632,0,0,90.49851856193304,90.49851856193304,91.39629015249793
1927,2020-11-09T05:36:38,2020-11-09T05:59:48,140,82.0,97.6,15.599999999999994,19.781669208333334,126.80557184829064,23.16666603088379,119.75,39.84,122.69467213114754,-51.276435142857146,-44.0,32.5,34.0,126.80557184829064,122.43924596963103,0,0,94.73262134966458,94.73262134966458,91.47067086812604
1929,2020-11-09T15:09:18,2020-11-09T15:39:28,182,46.0,75.2,29.200000000000003,35.12097404166667,120.27730836187214,30.16666603088379,92.29,30.7,122.72606382978724,-69.85384978021979,-69.70001,32.5467032967033,34.0,120.27730836187214,122.43924596963103,0,0,89.85555243293258,89.85555243293258,91.47067086812604
1932,2020-11-09T23:36:00,2020-11-10T00:04:00,169,33.2,60.4,27.199999999999996,32.670557152777775,120.11234247344771,28.0,74.06,24.63,122.61589403973511,-70.00887917159763,-69.70001,30.73076923076923,33.0,120.11234247344771,122.33968270361632,0,0,89.7323113890578,89.7323113890578,91.39629015249793
1944,2020-11-10T00:38:42,2020-11-10T00:55:32,102,81.6,92.8,11.200000000000003,13.294584208333335,118.70164471726189,16.83333396911621,113.79,37.85,122.61853448275863,-47.26568941176471,0.0,33.955882352941174,35.0,118.70164471726189,122.30445012518905,0,0,88.67842160781491,88.67842160781491,91.3699689549143
1946,2020-11-10T07:05:18,2020-11-10T07:27:08,132,45.6,58.4,12.799999999999997,15.319725861111115,119.6853582899306,21.83333396911621,71.53,23.79,122.48287671232877,-42.10001,-42.10001,28.62121212121212,31.0,119.6853582899306,122.19598465729452,0,0,89.41332437303129,89.41332437303129,91.28893767253612
1948,2020-11-10T07:35:39,2020-11-10T08:02:29,162,63.2,78.8,15.599999999999994,18.835143361111115,120.73809846866104,26.83333396911621,96.61,32.14,122.60152284263961,-42.11605938271605,-42.10001,29.570987654320987,31.0,120.73809846866104,122.03143365363223,0,0,90.19979483546935,90.19979483546935,91.16600657656429
1949,2020-11-10T08:02:40,2020-11-10T08:33:00,183,78.8,96.0,17.200000000000003,21.167223750000005,123.06525436046512,30.33333396911621,117.77,39.17,122.67708333333333,-41.868855464480866,-41.39999,30.049180327868854,32.0,123.06525436046512,122.03143365363223,0,0,91.93834287169975,91.93834287169975,91.16600657656429
1951,2020-11-10T15:51:08,2020-11-10T16:13:48,137,53.2,74.8,21.599999999999994,26.448333722222223,122.44598945473255,22.66666603088379,91.84,30.55,122.7807486631016,-70.01022000000002,-69.89999,30.912408759124087,32.0,122.44598945473255,122.03143365363223,0,0,91.47570872262555,91.47570872262555,91.16600657656429
1952,2020-11-10T16:13:59,2020-11-10T16:42:39,173,75.2,96.8,21.599999999999994,26.73694723611111,123.78216313014406,28.66666603088379,118.73,39.5,122.65495867768595,-55.96590179190752,-43.5,31.91907514450867,33.0,123.78216313014406,122.03143365363223,0,0,92.47392380895934,92.47392380895934,91.16600657656429
1954,2020-11-11T07:28:00,2020-11-11T07:52:30,148,65.2,88.4,23.200000000000003,28.047918111111116,120.89619875478927,24.5,108.4,36.05,122.62443438914028,-68.61013864864866,-43.89999,26.44256756756757,28.0,120.89619875478927,121.836047608952,0,0,90.31790679476856,90.31790679476856,91.02003955068433
1955,2020-11-11T07:52:41,2020-11-11T08:10:21,107,88.4,97.6,9.199999999999989,11.675420388888892,126.90674335748811,17.66666603088379,119.71,39.82,122.65368852459017,-39.549545140186915,-13.39999,27.252336448598133,28.0,126.90674335748811,121.836047608952,0,0,94.80820353530895,94.80820353530895,91.02003955068433
1957,2020-11-12T10:56:36,2020-11-12T11:30:16,203,34.8,68.4,33.60000000000001,39.684034347222216,118.10724508101848,33.66666793823242,83.8,27.88,122.51461988304092,-70.72414965517243,-70.60001,28.15024630541872,31.0,118.10724508101848,121.60195190009642,0,0,88.2343635522431,88.2343635522431,90.84515370124288
1958,2020-11-12T11:30:27,2020-11-12T12:04:07,203,68.4,95.6,27.19999999999999,33.428057333333335,122.89726960784319,33.66666793823242,117.24,39.0,122.63598326359832,-59.56404261083745,-44.0,31.098522167487683,32.0,122.89726960784319,121.60195190009642,0,0,91.81284652535867,91.81284652535867,90.84515370124288
1960,2020-11-12T20:05:26,2020-11-12T20:31:26,157,40.0,65.2,25.200000000000003,30.285274972222226,120.17966258818343,26.0,80.02,26.62,122.73006134969324,-69.88916547770701,-69.80002,32.11464968152866,34.0,120.17966258818343,121.31617883462025,0,0,89.7826042180362,89.7826042180362,90.63166125600493
1961,2020-11-12T20:31:37,2020-11-12T20:58:37,163,65.6,90.0,24.400000000000006,29.79957891666667,122.12942178961747,27.0,110.38,36.72,122.64444444444443,-66.16256687116565,-43.39999,33.8680981595092,35.0,122.12942178961747,121.31617883462025,0,0,91.23921056001505,91.23921056001505,90.63166125600493
1963,2020-11-13T04:19:21,2020-11-13T05:03:11,265,46.4,88.0,41.6,50.69866401805555,121.87178850494122,43.83333206176758,107.95,35.91,122.67045454545455,-69.35397766037737,-43.70001,29.543396226415094,32.0,121.87178850494122,121.31617883462025,0,0,91.04674049699996,91.04674049699996,90.63166125600493
1964,2020-11-13T05:03:22,2020-11-13T05:21:02,107,88.0,97.6,9.599999999999994,11.983474583333336,124.82786024305565,17.66666603088379,119.71,39.82,122.65368852459017,-40.5850546728972,-13.39999,30.5,32.0,124.82786024305565,121.31617883462025,0,0,93.25513260917208,93.25513260917208,90.63166125600493
1965,2020-11-13T15:07:24,2020-11-13T15:28:04,125,17.2,30.4,13.2,16.087364736111113,121.87397527356903,20.66666603088379,37.13,12.35,122.13815789473685,-46.70561056,-46.70001,29.768,31.0,121.87397527356903,121.31617883462025,0,0,91.04837416594194,91.04837416594194,90.63166125600493
1966,2020-11-13T15:28:15,2020-11-13T15:54:35,159,30.8,48.0,17.2,20.4961155,119.16346220930232,26.33333396911621,58.8,19.55,122.5,-46.700010000000006,-46.70001,31.569182389937108,33.0,119.16346220930232,121.31617883462025,0,0,89.0234315389121,89.0234315389121,90.63166125600493
1967,2020-11-13T15:54:46,2020-11-13T16:16:06,129,48.0,62.4,14.399999999999999,16.604448000000005,115.30866666666671,21.33333396911621,76.43,25.42,122.48397435897436,-46.70001000000001,-46.70001,33.27906976744186,35.0,115.30866666666671,121.01707885971788,0,0,86.14362995607814,86.14362995607814,90.4082126783508
1969,2020-11-13T16:25:17,2020-11-13T16:51:57,161,64.8,82.0,17.200000000000003,20.755560000000006,120.67186046511628,26.66666603088379,100.58,33.46,122.65853658536587,-46.70001000000001,-46.70001,34.43167701863354,35.0,120.67186046511628,120.8620172204709,0,0,90.15031041915151,90.15031041915151,90.29237080056473
1972,2020-11-14T01:10:44,2020-11-14T01:37:14,160,46.4,72.4,26.000000000000007,30.92444522222222,118.9401739316239,26.5,88.82999,29.54,122.69335635359114,-70.01750175,-69.89999,33.296875,35.0,118.9401739316239,120.81373638172363,0,0,88.85661959561331,88.85661959561331,90.25630164091484
1974,2020-11-14T08:06:44,2020-11-14T08:23:44,103,48.8,65.2,16.400000000000006,19.859168972222232,121.09249373306234,17.0,80.00999,26.61,122.71470858895705,-70.09127029126213,-70.0,29.59223300970874,31.0,121.09249373306234,120.81373638172363,0,0,90.46455285754435,90.46455285754435,90.25630164091484
1975,2020-11-14T08:23:55,2020-11-14T08:51:45,168,65.6,90.4,24.80000000000001,30.327085888888888,122.28663664874546,27.83333396911621,110.83,36.87,122.59955752212389,-65.32441023809524,-43.5,31.086309523809526,33.0,122.28663664874546,120.81373638172363,0,0,91.35666104348537,91.35666104348537,90.25630164091484
1979,2020-11-14T17:31:35,2020-11-14T18:01:15,179,68.4,86.4,18.0,22.25,123.61111111111111,29.66666603088379,105.98,35.26,122.66203703703702,-45.0,-45.0,29.0,30.0,123.61111111111111,120.81373638172363,0,0,92.34613600031692,92.34613600031692,90.25630164091484
1981,2020-11-15T08:15:54,2020-11-15T08:40:04,146,42.4,66.0,23.6,28.25194795833334,119.71164389124296,24.16666603088379,80.86,26.9,122.51515151515152,-70.1424744520548,-69.89999,26.636986301369863,28.0,119.71164389124296,120.76886777297787,0,0,89.43296155363602,89.43296155363602,90.22278165546908
1982,2020-11-15T08:40:15,2020-11-15T09:11:15,187,66.0,92.4,26.400000000000006,32.17666840277778,121.88131970749156,31.0,113.36,37.71,122.68398268398268,-62.24759689839572,-43.39999,28.946524064171122,30.0,121.88131970749156,120.81373638172363,0,0,91.05386097119559,91.05386097119559,90.25630164091484
1985,2020-11-16T12:59:19,2020-11-16T13:27:39,171,74.8,96.4,21.60000000000001,26.512220458333335,122.74176138117281,28.33333396911621,118.27,39.34,122.68672199170123,-56.146779883040935,-43.39999,27.444444444444443,29.0,122.74176138117281,120.81373638172363,0,0,91.6966710155668,91.6966710155668,90.25630164091484
1987,2020-11-16T20:18:47,2020-11-16T21:22:33,479,43.6,97.6,53.99999999999999,65.97569926666667,122.17722086419755,63.766666412353516,119.67,39.81,122.61270491803279,-62.0382091440501,-12.80002,33.11377870563674,35.0,122.17722086419755,120.8620172204709,0,0,91.27491980817393,91.27491980817393,90.29237080056473
1988,2020-11-17T16:11:24,2020-11-17T16:29:34,110,39.2,51.6,12.399999999999999,15.13555522222222,122.06092921146953,18.16666603088379,63.17,21.01,122.42248062015504,-49.989089818181824,-49.89999,28.19090909090909,30.0,122.06092921146953,120.9943462439258,0,0,91.18804181895442,91.18804181895442,90.39122982615646
1989,2020-11-17T16:29:45,2020-11-17T16:59:45,181,52.0,72.8,20.799999999999997,24.98416508333333,120.11617828525642,30.0,89.24,29.69,122.58241758241758,-49.96850513812155,-49.89999,29.975138121546962,31.0,120.11617828525642,120.8620172204709,0,0,89.7351770084651,89.7351770084651,90.29237080056473
1990,2020-11-17T16:59:56,2020-11-17T17:24:26,148,72.8,89.6,16.799999999999997,20.387638694444444,121.35499222883598,24.5,109.86,36.54,122.61160714285715,-49.90743195945945,-43.39999,30.780405405405407,32.0,121.35499222883598,120.9943462439258,0,0,90.66065757315363,90.66065757315363,90.39122982615646
1992,2020-11-18T00:52:03,2020-11-18T01:19:33,166,46.4,73.2,26.800000000000004,32.54597265277778,121.44019646558871,27.5,89.86,29.89,122.75956284153006,-71.00963951807229,-70.89999,31.846385542168676,33.0,121.44019646558871,121.11522634885443,0,0,90.7243110907399,90.7243110907399,90.4815357097387
1996,2020-11-18T15:48:30,2020-11-18T16:19:30,187,42.8,73.6,30.799999999999997,36.78986722222222,119.44762085137084,31.0,90.37,30.06,122.78532608695653,-71.205894171123,-71.10001,33.524064171122994,35.0,119.44762085137084,121.11522634885443,0,0,89.23571789707403,89.23571789707403,90.4815357097387
1997,2020-11-18T16:19:41,2020-11-18T16:49:41,181,74.0,97.2,23.200000000000003,28.591531236111113,123.23935877634098,30.0,119.27,39.68,122.70576131687243,-57.186194806629835,-44.30002,35.30110497237569,36.0,123.23935877634098,121.24647559674125,0,0,92.06841103403731,92.06841103403731,90.57958806754334
1999,2020-11-18T23:57:30,2020-11-19T00:20:10,137,52.0,73.6,21.599999999999994,26.391944472222225,122.18492811213996,22.66666603088379,90.28,30.03,122.66304347826087,-69.86058401459854,-69.70001,32.79197080291971,34.0,122.18492811213996,121.39759434721235,0,0,91.28067766084817,91.28067766084817,90.69248433194676
2000,2020-11-19T00:20:21,2020-11-19T00:39:31,116,74.0,90.4,16.400000000000006,20.091665638888887,122.51015633468829,19.16666603088379,110.93,36.9,122.71017699115045,-62.65430724137931,0.0,33.793103448275865,35.0,122.51015633468829,121.65599248526496,0,0,91.52364586492486,91.52364586492486,90.88552579386993
2001,2020-11-19T03:16:28,2020-11-19T03:33:08,101,70.8,86.8,16.0,19.56694319444445,122.2933949652778,16.66666603088379,106.43,35.4,122.6152073732719,-70.4405897029703,-70.30002,33.039603960396036,35.0,122.2933949652778,121.87288188925513,0,0,91.36170997809991,91.36170997809991,91.04755733147095
2002,2020-11-19T03:33:19,2020-11-19T03:50:49,106,87.2,98.0,10.799999999999997,13.135553986111109,121.62549987139919,17.5,120.17,39.97,122.62244897959184,-45.150938018867926,-43.80002,33.5,35.0,121.62549987139919,121.87288188925513,0,0,90.86274568096792,90.86274568096792,91.04755733147095
2004,2020-11-19T16:04:26,2020-11-19T16:37:06,197,43.6,75.6,31.999999999999993,38.111805597222215,119.09939249131943,32.66666793823242,92.68,30.83,122.59259259259262,-70.00152294416245,-69.89999,33.9263959390863,36.0,119.09939249131943,121.87288188925513,0,0,88.97556698339467,88.97556698339467,91.04755733147095
2005,2020-11-19T16:37:17,2020-11-19T17:03:37,159,75.6,95.6,20.0,24.789443847222223,123.94721923611111,26.33333396911621,117.23,38.99,122.6255230125523,-56.48364641509434,-43.39999,35.42767295597484,36.0,123.94721923611111,121.87288188925513,0,0,92.59723225164146,92.59723225164146,91.04755733147095
2008,2020-11-20T02:37:30,2020-11-20T03:13:23,217,58.0,90.4,32.400000000000006,39.849842711111116,122.99334170096022,35.88333511352539,110.81,36.86,122.57743362831859,-66.6032414746544,-44.10001,32.41013824884793,34.0,122.99334170096022,121.87288188925513,0,0,91.88461909092396,91.88461909092396,91.04755733147095
2011,2020-11-20T10:07:11,2020-11-20T10:37:51,185,62.8,90.4,27.60000000000001,33.50458713888889,121.39343166264086,30.66666603088379,110.93,36.9,122.71017699115045,-65.50541286486488,-43.5,32.38648648648649,34.0,121.39343166264086,121.87288188925513,0,0,90.68937451574894,90.68937451574894,91.04755733147095
2014,2020-11-20T19:27:27,2020-11-20T19:54:47,165,29.6,46.4,16.799999999999997,20.580004555555558,122.50002711640214,27.33333396911621,56.84,18.91,122.50000000000001,-45.175767575757575,-45.10001,34.54545454545455,36.0,122.50002711640214,121.87288188925513,0,0,91.51607863119465,91.51607863119465,91.04755733147095
2015,2020-11-20T19:54:58,2020-11-20T20:18:18,141,46.8,61.6,14.800000000000004,17.573059444444446,118.73688813813811,23.33333396911621,75.55,25.13,122.6461038961039,-45.187953262411355,-45.10001,36.13120567375886,38.0,118.73688813813811,121.87288188925513,0,0,88.70475090546542,88.70475090546542,91.04755733147095
2016,2020-11-20T20:18:29,2020-11-20T20:49:09,185,62.0,80.8,18.799999999999997,23.10139400000001,122.87975531914901,30.66666603088379,99.07,32.96,122.61138613861387,-45.19838837837838,-45.10001,37.0,38.0,122.87975531914901,121.8776474905303,0,0,91.79976212808108,91.79976212808108,91.05111756856877
2017,2020-11-20T20:49:20,2020-11-20T21:16:00,161,81.2,97.2,16.0,19.80125444444445,123.7578402777778,26.66666603088379,119.2,39.65,122.63374485596708,-44.552183913043486,-43.70001,37.0,38.0,123.7578402777778,121.8776474905303,0,0,92.45575293894338,92.45575293894338,91.05111756856877
2019,2020-11-21T13:06:25,2020-11-21T13:43:53,227,39.6,76.0,36.4,43.622364258333334,119.8416600503663,37.46666717529297,93.2,31.0,122.63157894736842,-69.85771431718062,-69.60001,32.52863436123348,35.0,119.8416600503663,121.87288188925513,0,0,89.53009270798549,89.53009270798549,91.04755733147095
2020,2020-11-21T13:44:04,2020-11-21T14:08:44,149,76.4,95.2,18.799999999999997,22.996668930555558,122.3227070774232,24.66666603088379,116.81,38.86,122.69957983193277,-55.941616308724846,-43.10001,34.238255033557046,35.0,122.3227070774232,121.87288188925513,0,0,91.3836081737419,91.3836081737419,91.04755733147095
2021,2020-11-22T01:11:40,2020-11-22T02:36:47,639,22.0,97.6,75.6,91.75821130972223,121.37329538323047,85.11666870117188,119.67,39.81,122.61270491803279,-64.66604276995307,-43.20001,33.66744913928012,36.0,121.37329538323047,121.87288188925513,0,0,90.67433130822286,90.67433130822286,91.04755733147095
2022,2020-11-22T14:33:41,2020-11-22T15:45:36,540,35.2,98.0,62.8,75.92416122500002,120.89834589968156,71.91666412353516,120.18,39.98,122.6326530612245,-63.29241446296297,0.0,34.233333333333334,37.0,120.89834589968156,121.7486441881702,0,0,90.31951086201182,90.31951086201182,90.95474308898395
2023,2020-11-23T02:10:01,2020-11-23T03:20:04,526,36.8,97.6,60.8,73.5707397638889,121.00450619060673,70.05000305175781,119.75,39.84,122.69467213114754,-62.976048745247155,-12.80002,32.22718631178707,35.0,121.00450619060673,121.7486441881702,0,0,90.39882001614438,90.39882001614438,90.95474308898395
2025,2020-11-23T06:56:09,2020-11-23T07:13:19,104,66.8,83.2,16.400000000000006,20.05319659722222,122.27558900745252,17.16666603088379,102.01,33.93,122.60817307692307,-70.08846903846154,-69.89999,31.45673076923077,33.0,122.27558900745252,121.87288188925513,0,0,91.34840768360414,91.34840768360414,91.04755733147095
2027,2020-11-23T07:14:17,2020-11-23T07:37:27,140,83.6,97.6,14.0,17.34708625,123.90775892857143,23.16666603088379,119.7,39.81,122.64344262295083,-44.90429328571429,-13.20001,31.79642857142857,34.0,123.90775892857143,121.8776474905303,0,0,92.56775264504364,92.56775264504364,91.05111756856877
2030,2020-11-23T15:51:57,2020-11-23T16:23:57,193,44.8,76.0,31.200000000000003,37.34444591666667,119.69373691239316,32.0,93.15,30.98,122.56578947368422,-70.02021005181346,-69.80002,31.082901554404145,33.0,119.69373691239316,121.8776474905303,0,0,89.41958378937717,89.41958378937717,91.05111756856877
2031,2020-11-23T16:24:08,2020-11-23T16:53:58,180,76.4,97.6,21.19999999999999,26.44541794444444,124.7425374737946,29.83333396911621,119.77,39.84,122.71516393442623,-53.12222483333334,-13.10001,32.86388888888889,34.0,124.7425374737946,121.97112445948054,0,0,93.1913905395209,93.1913905395209,91.120951395075
2033,2020-11-24T02:00:22,2020-11-24T02:28:22,169,41.6,68.8,27.199999999999996,32.68791879166667,120.1761720281863,28.0,84.49,28.11,122.80523255813954,-70.04556668639053,-69.80002,27.724852071005916,30.0,120.1761720281863,121.8776474905303,0,0,89.77999652585291,89.77999652585291,91.05111756856877
2034,2020-11-24T02:28:33,2020-11-24T02:51:43,140,68.8,89.6,20.799999999999997,25.157362680555558,120.94885904113251,23.16666603088379,109.96,36.58,122.72321428571429,-65.09571842857143,-43.30002,29.667857142857144,31.0,120.94885904113251,121.87288188925513,0,0,90.35724770773955,90.35724770773955,91.04755733147095
2035,2020-11-24T15:51:06,2020-11-24T16:12:50,133,4.8,28.4,23.599999999999998,25.384335288888895,107.56074274952923,21.733333587646484,34.73,11.55,122.28873239436619,-70.08045661654135,-69.89999,30.25187969924812,32.0,107.56074274952923,121.7486441881702,0,0,80.3553894869107,80.3553894869107,90.95474308898395
2036,2020-11-24T16:13:01,2020-11-24T16:40:31,166,28.4,54.8,26.4,32.09694609722222,121.5793412773569,27.5,67.24,22.36,122.7007299270073,-70.03012409638553,-69.80002,32.53313253012048,35.0,121.5793412773569,121.7486441881702,0,0,90.82826198638175,90.82826198638175,90.95474308898395
2037,2020-11-24T16:40:42,2020-11-24T17:09:52,176,55.2,82.4,27.200000000000003,34.03444602777779,125.12663980800657,29.16666603088379,101.09,33.63,122.68203883495146,-70.01307147727273,-69.70001,35.56534090909091,37.0,125.12663980800657,121.7486441881702,0,0,93.47834181820728,93.47834181820728,90.95474308898395
2038,2020-11-24T17:10:03,2020-11-24T17:31:23,129,82.8,97.2,14.400000000000006,18.67458483333333,129.68461689814808,21.33333396911621,119.27,39.68,122.70576131687243,-52.554267829457366,-43.30002,36.5,37.0,129.68461689814808,121.87288188925513,0,0,96.8834691442952,96.8834691442952,91.04755733147095
2039,2020-11-24T19:12:59,2020-11-24T19:30:09,104,86.8,97.6,10.799999999999997,13.154445375000002,121.80042013888894,17.16666603088379,119.74,39.83,122.68442622950819,-46.0807725,-43.5,34.50480769230769,36.0,121.80042013888894,121.83610432191509,0,0,90.99342334145996,90.99342334145996,91.02008191922997
2040,2020-11-25T17:27:25,2020-11-25T18:44:01,575,30.4,97.6,67.19999999999999,81.60814581111113,121.44069317129633,76.5999984741211,119.67,39.81,122.61270491803279,-63.91078803478262,-43.10001,32.13739130434782,34.0,121.44069317129633,121.83610432191509,0,0,90.72468216460548,90.72468216460548,91.02008191922997
2041,2020-11-26T04:17:53,2020-11-26T04:44:23,160,13.2,35.6,22.400000000000002,26.987780305555553,120.48116207837299,26.5,43.62,14.51,122.52808988764043,-61.1056306875,-60.39999,29.2625,31.0,120.48116207837299,121.71296000514405,0,0,90.00784540125026,90.00784540125026,90.92808451121394
2042,2020-11-26T04:44:34,2020-11-26T05:11:34,163,35.6,58.0,22.4,26.74805809722222,119.4109736483135,27.0,71.09,23.65,122.5689655172414,-59.439269447852766,-58.0,31.803680981595093,34.0,119.4109736483135,121.60242057437804,0,0,89.20833987606001,89.20833987606001,90.84550383367483
2043,2020-11-26T05:11:45,2020-11-26T05:40:45,175,58.4,80.8,22.4,27.358474944444442,122.13604885912699,29.0,99.15,32.98,122.71039603960398,-56.60400565714284,-55.20001,33.62285714285714,35.0,122.13604885912699,121.60242057437804,0,0,91.24416144393405,91.24416144393405,90.84550383367483
2044,2020-11-26T05:40:56,2020-11-26T06:02:26,130,81.2,95.2,14.0,17.645280097222223,126.03771498015873,21.5,116.76,38.84,122.6470588235294,-49.24308338461538,-43.5,34.0,35.0,126.03771498015873,121.60242057437804,0,0,94.15897862340877,94.15897862340877,90.84550383367483
2045,2020-11-26T13:15:19,2020-11-26T13:38:29,140,52.4,74.4,22.000000000000007,26.997087205555555,122.7140327525252,23.16666603088379,91.34,30.38,122.76881720430106,-69.67786719999998,-1.800018,31.660714285714285,33.0,122.7140327525252,121.71296000514405,0,0,91.67595579272658,91.67595579272658,90.92808451121394
2048,2020-11-26T20:35:22,2020-11-26T21:04:42,177,45.2,64.4,19.200000000000003,22.831116000000005,118.9120625,29.33333396911621,78.92,26.25,122.54658385093168,-46.70001,-46.70001,31.27683615819209,33.0,118.9120625,121.71296000514405,0,0,88.83561839220555,88.83561839220555,90.92808451121394
2049,2020-11-26T21:04:53,2020-11-26T21:34:13,177,64.4,83.2,18.799999999999997,22.831116000000005,121.44210638297876,29.33333396911621,102.09,33.96,122.70432692307692,-46.70001,-46.70001,32.0,33.0,121.44210638297876,121.71296000514405,0,0,90.72573793246526,90.72573793246526,90.92808451121394
2050,2020-11-26T21:34:24,2020-11-26T21:57:44,141,83.6,97.6,14.0,17.846531666666667,127.47522619047618,23.33333396911621,119.71,39.82,122.65368852459017,-45.89149936170214,-45.20001,32.652482269503544,34.0,127.47522619047618,121.84086992319024,0,0,95.23289992819043,95.23289992819043,91.02364215632778
2051,2020-11-27T04:25:20,2020-11-27T05:11:30,347,56.8,96.0,39.2,47.90023826111111,122.19448535997732,46.16666793823242,117.73,39.16,122.63541666666667,-62.23170308357349,-43.20001,28.05187319884726,30.0,122.19448535997732,121.97112445948054,0,0,91.28781759269286,91.28781759269286,91.120951395075
2052,2020-11-27T11:00:37,2020-11-27T11:20:47,122,60.0,74.0,14.0,17.024864472222227,121.60617480158731,20.16666603088379,90.7,30.17,122.56756756756758,-50.65246901639345,-50.60001,26.0,27.0,121.60617480158731,121.84086992319024,0,0,90.84830850368651,90.84830850368651,91.02364215632778
2053,2020-11-27T11:20:58,2020-11-27T11:51:58,187,74.0,94.8,20.799999999999997,25.156671833333338,120.94553766025645,31.0,116.33,38.7,122.71097046413503,-48.68343245989305,-44.10001,26.75668449197861,28.0,120.94553766025645,121.71296000514405,0,0,90.35476640417927,90.35476640417927,90.92808451121394
2054,2020-11-27T20:46:59,2020-11-27T21:09:29,136,32.8,48.4,15.600000000000001,18.737776555555556,120.11395227920225,22.5,59.23,19.7,122.37603305785123,-49.967643823529414,-49.89999,26.330882352941178,28.0,120.11395227920225,121.71296000514405,0,0,89.73351402642434,89.73351402642434,90.92808451121394
2055,2020-11-27T21:09:40,2020-11-27T21:39:40,181,48.4,69.6,21.199999999999996,24.982498250000003,117.84197287735851,30.0,85.4,28.41,122.70114942528737,-49.96518988950277,-49.89999,28.472375690607734,30.0,117.84197287735851,121.61583733649326,0,0,88.03618668305965,88.03618668305965,90.85552709232721
2056,2020-11-27T21:39:51,2020-11-27T22:05:01,152,70.0,87.2,17.200000000000003,20.971944416666666,121.92990939922477,25.16666603088379,106.95,35.57,122.64908256880734,-49.99934203947368,-49.89999,29.582236842105264,31.0,121.92990939922477,121.61583733649326,0,0,91.09016086560375,91.09016086560375,90.85552709232721
2057,2020-11-27T22:05:12,2020-11-27T22:22:52,107,87.2,98.0,10.799999999999997,13.154166666666667,121.79783950617288,17.66666603088379,120.17,39.97,122.62244897959184,-44.49065420560748,0.0,30.11682242990654,31.0,121.79783950617288,121.61583733649326,0,0,90.99149542852703,90.99149542852703,90.85552709232721
2058,2020-11-28T06:25:52,2020-11-28T06:51:32,155,43.2,67.6,24.39999999999999,29.554864333333335,121.12649316939896,25.66666603088379,82.39,27.39,121.87869822485209,-69.08903974193548,-68.70001,23.88064516129032,26.0,121.12649316939896,121.5927580394721,0,0,90.48995281183367,90.48995281183367,90.83828524503413
2059,2020-11-28T06:51:43,2020-11-28T07:25:33,204,67.6,94.8,27.200000000000003,33.12889309722222,121.79740109272873,33.83333206176758,116.32,38.69,122.70042194092827,-58.736281960784325,-42.5,25.764705882352942,27.0,121.79740109272873,121.61583733649326,0,0,90.99116790305482,90.99116790305482,90.85552709232721
2061,2020-11-28T13:20:52,2020-11-28T13:49:22,172,55.6,82.8,27.199999999999996,33.2861145,122.37542095588236,28.5,101.65,33.81,122.7657004830918,-70.07616994186047,-70.0,26.816860465116278,29.0,122.37542095588236,121.71145048206395,0,0,91.42298912376765,91.42298912376765,90.92695679201137
2062,2020-11-28T13:49:33,2020-11-28T14:12:23,138,83.2,97.6,14.399999999999991,18.225141,126.56347916666675,22.83333396911621,119.72,39.83,122.6639344262295,-47.84638231884058,-13.39999,28.068840579710145,29.0,126.56347916666675,121.79762029945081,0,0,94.55176120286252,94.55176120286252,90.99133166579092
2064,2020-11-29T04:59:56,2020-11-29T05:27:36,167,30.8,58.0,27.2,32.25999822222222,118.60293464052286,27.66666603088379,71.01,23.61,122.43103448275863,-69.96167281437125,-69.89999,23.952095808383234,27.0,118.60293464052286,121.79762029945081,0,0,88.6046782841832,88.6046782841832,90.99133166579092
2065,2020-11-29T05:27:47,2020-11-29T05:58:57,188,58.4,88.0,29.6,35.71694293055556,120.66534773836337,31.16666603088379,107.93,35.9,122.64772727272728,-68.69574175531915,-43.20001,26.699468085106382,28.0,120.66534773836337,121.71145048206395,0,0,90.14544495726015,90.14544495726015,90.92695679201137
2070,2020-11-29T16:02:06,2020-11-29T16:28:36,160,66.0,90.0,24.0,29.209303222222225,121.70543009259261,26.5,110.34,36.71,122.6,-66.07811968749999,-43.89999,26.45625,28.0,121.70543009259261,121.6654649819959,0,0,90.92245914046615,90.92245914046615,90.89260241071703
2073,2020-11-30T00:07:04,2020-11-30T00:50:32,262,38.4,66.0,27.6,32.6724516888889,118.37844814814817,43.46666717529297,80.8,26.87,122.42424242424241,-45.10001,-45.10001,24.116412213740457,26.0,118.37844814814817,121.61583733649326,0,0,88.43697119079388,88.43697119079388,90.85552709232721
2074,2020-11-30T00:50:43,2020-11-30T01:21:23,185,66.4,85.2,18.799999999999997,23.081394000000007,122.77337234042558,30.66666603088379,104.5,34.76,122.65258215962442,-45.15892891891892,-45.10001,25.58108108108108,27.0,122.77337234042558,121.61583733649326,0,0,91.7202866106053,91.7202866106053,90.85552709232721
2076,2020-11-30T07:25:37,2020-11-30T07:51:47,158,21.6,37.6,16.0,19.591250097222222,122.44531310763888,26.16666603088379,45.41,15.09,120.77127659574467,-44.844304050632914,-20.10001,21.7626582278481,24.0,122.44531310763888,121.65580244708997,0,0,91.47520344409409,91.47520344409409,90.88538382207634
2077,2020-11-30T07:51:58,2020-11-30T08:24:28,196,38.0,58.8,20.799999999999997,24.375,117.18750000000001,32.5,71.59,23.8,121.75170068027212,-45.0,-45.0,24.005102040816325,26.0,117.18750000000001,121.65580244708997,0,0,87.54724971940158,87.54724971940158,90.88538382207634
2078,2020-11-30T08:24:39,2020-11-30T08:53:29,174,58.8,76.8,18.0,21.625,120.1388888888889,28.83333396911621,94.04,31.28,122.44791666666667,-45.0,-45.0,25.474137931034484,27.0,120.1388888888889,121.5927580394721,0,0,89.75214341603835,89.75214341603835,90.83828524503413
2079,2020-11-30T08:53:40,2020-11-30T09:21:20,167,76.8,93.6,16.799999999999997,20.58125,122.5074404761905,27.66666603088379,114.76,38.18,122.60683760683762,-44.631736526946106,-43.5,26.0,27.0,122.5074404761905,121.5927580394721,0,0,91.52161692888554,91.52161692888554,90.83828524503413
2081,2020-11-30T23:16:55,2020-11-30T23:37:05,122,37.2,43.2,6.0,7.547499819444445,125.79166365740743,20.16666603088379,52.24,17.36,120.92592592592591,-22.41639286885246,-13.0,22.991803278688526,24.0,125.79166365740743,121.65580244708997,0,0,93.97516109511696,93.97516109511696,90.88538382207634
2082,2020-11-30T23:37:16,2020-12-01T00:06:26,176,43.2,52.8,9.599999999999994,10.924720944444445,113.7991765046297,29.16666603088379,64.01,21.28,121.23106060606061,-22.473861022727274,-22.39999,23.275568181818183,25.0,113.7991765046297,121.5927580394721,0,0,85.01593534560489,85.01593534560489,90.83828524503413
2083,2020-12-01T00:06:37,2020-12-01T00:52:06,276,52.8,67.2,14.400000000000006,17.055222119444444,118.43904249614194,45.483333587646484,81.85,27.21,121.80059523809523,-22.498550579710145,-22.39999,24.0,25.0,118.43904249614194,121.5927580394721,0,0,88.48223940212524,88.48223940212524,90.83828524503413
2084,2020-12-01T00:52:17,2020-12-01T01:20:47,172,67.2,76.0,8.799999999999997,10.6875,121.44886363636368,28.5,92.63,30.79,121.88157894736841,-22.5,-22.5,24.0,25.0,121.44886363636368,121.51410245686029,0,0,90.73078607283439,90.73078607283439,90.77952402960807
2085,2020-12-01T01:20:58,2020-12-01T01:51:28,184,76.4,85.6,9.199999999999989,11.4375,124.32065217391319,30.5,104.35,34.7,121.90420560747663,-22.5,-22.5,24.0,25.0,124.32065217391319,121.51410245686029,0,0,92.87621274580003,92.87621274580003,90.77952402960807
2086,2020-12-01T01:51:39,2020-12-01T02:22:59,189,85.6,94.8,9.200000000000003,11.631112597222224,126.42513692632848,31.33333396911621,115.56,38.42,121.8987341772152,-22.27143142857143,-21.70001,24.0,25.0,126.42513692632848,121.5927580394721,0,0,94.4484098841499,94.4484098841499,90.83828524503413
2089,2020-12-01T08:11:24,2020-12-01T08:38:04,161,85.2,98.0,12.799999999999997,15.241112750000001,119.07119335937503,26.66666603088379,118.54,39.4,120.9591836734694,-34.321742795031064,-18.39999,22.09006211180124,23.0,119.07119335937503,121.51410245686029,0,0,88.95450026172037,88.95450026172037,90.77952402960807
2090,2020-12-01T21:04:20,2020-12-01T21:27:40,141,29.2,41.6,12.400000000000002,15.171247661111112,122.34877146057346,23.33333396911621,50.87,16.91,122.28365384615383,-38.89361107801418,-4.800018,24.70212765957447,26.0,122.34877146057346,121.5927580394721,0,0,91.4030800889243,91.4030800889243,90.83828524503413
2091,2020-12-01T21:27:51,2020-12-01T21:56:21,172,41.6,58.0,16.4,18.93930476388889,115.48356563346887,28.5,71.08,23.64,122.55172413793105,-39.87209139534884,-39.80002,26.15988372093023,28.0,115.48356563346887,121.5927580394721,0,0,86.27429170346838,86.27429170346838,90.83828524503413
2092,2020-12-01T21:56:32,2020-12-01T22:26:42,182,58.0,74.8,16.799999999999997,20.052219777777783,119.3584510582011,30.16666603088379,91.7,30.51,122.59358288770053,-39.882962142857146,-39.80002,27.425824175824175,28.0,119.3584510582011,121.5927580394721,0,0,89.16910183179351,89.16910183179351,90.83828524503413
2093,2020-12-01T22:26:53,2020-12-01T22:57:03,182,75.2,91.2,16.0,20.05291401388889,125.33071258680557,30.16666603088379,111.83,37.2,122.62061403508771,-39.884060714285724,-39.80002,27.6510989010989,29.0,125.33071258680557,121.5927580394721,0,0,93.63079844136631,93.63079844136631,90.83828524503413
2095,2020-12-02T02:10:46,2020-12-02T02:43:12,244,73.6,97.6,24.0,29.378169013888886,122.40903755787036,32.43333435058594,119.46,39.73,122.39754098360655,-54.293446967213114,-13.20001,25.831967213114755,28.0,122.40903755787036,121.5927580394721,0,0,91.44810307405211,91.44810307405211,90.83828524503413
2096,2020-12-02T13:20:23,2020-12-02T13:44:33,146,36.0,51.6,15.600000000000001,18.16583741666667,116.44767574786324,24.16666603088379,62.88,20.9,121.86046511627907,-45.002749863013705,-16.20001,22.986301369863014,25.0,116.44767574786324,121.5927580394721,0,0,86.99454931577246,86.99454931577246,90.83828524503413
2097,2020-12-02T13:44:44,2020-12-02T14:11:44,163,51.6,68.8,17.199999999999996,20.340004500000003,118.25584011627912,27.0,84.18,27.99,122.35465116279072,-45.200010000000006,-45.20001,25.042944785276074,26.0,118.25584011627912,121.51410245686029,0,0,88.34537442506678,88.34537442506678,90.77952402960807
2098,2020-12-02T14:11:55,2020-12-02T14:39:05,164,68.8,85.6,16.799999999999997,20.474727666666666,121.87337896825397,27.16666603088379,104.93,34.9,122.58177570093459,-45.220133963414646,-45.20001,26.201219512195124,27.0,121.87337896825397,121.5927580394721,0,0,91.04792868421114,91.04792868421114,90.83828524503413
2099,2020-12-02T14:39:16,2020-12-02T14:58:46,118,86.0,97.2,11.200000000000003,14.219586625000003,126.96059486607142,19.5,119.2,39.65,122.63374485596708,-43.62967118644067,-13.30002,27.161016949152543,28.0,126.96059486607142,121.65580244708997,0,0,94.84843437451714,94.84843437451714,90.88538382207634
2101,2020-12-03T02:48:43,2020-12-03T03:16:53,170,34.4,62.4,28.0,32.95361580555556,117.69148501984127,28.16666603088379,76.6,25.48,122.75641025641025,-70.19706882352942,-70.10001,25.1,28.0,117.69148501984127,121.65580244708997,0,0,87.92376173976962,87.92376173976962,90.88538382207634
2102,2020-12-03T03:17:04,2020-12-03T03:45:24,171,62.8,88.8,26.0,31.637643722222226,121.68324508547009,28.33333396911621,108.89,36.22,122.62387387387388,-66.9386067251462,-43.60001,27.625730994152047,29.0,121.68324508547009,121.69433758903135,0,0,90.90588539020624,90.90588539020624,90.91417226533619
2105,2020-12-03T13:07:10,2020-12-03T13:38:40,190,26.8,37.6,10.8,13.087085277777781,121.17671553497944,31.5,45.38,15.08,120.69148936170214,-24.927372157894737,-24.60001,21.3,23.0,121.17671553497944,121.64470994352871,0,0,90.52747242767131,90.52747242767131,90.87709694694638
2106,2020-12-03T13:38:51,2020-12-03T14:08:41,180,37.6,48.0,10.399999999999999,12.169584458333333,117.01523517628206,29.83333396911621,58.18,19.34,121.20833333333334,-24.475002333333336,-24.30002,22.380555555555556,24.0,117.01523517628206,121.5275192189755,0,0,87.41855586092773,87.41855586092773,90.78954728826045
2107,2020-12-03T14:08:52,2020-12-03T14:40:32,191,48.4,59.6,11.200000000000003,12.68528054166667,113.2614334077381,31.66666603088379,72.34,24.04,121.37583892617451,-24.03508382198953,-23.70001,23.358638743455497,24.0,113.2614334077381,121.44548500967122,0,0,84.61420368319675,84.61420368319675,90.72826200264983
2108,2020-12-03T14:40:43,2020-12-03T15:06:03,153,59.6,68.4,8.800000000000004,9.967641999999998,113.26865909090903,25.33333396911621,83.34,27.71,121.84210526315789,-23.607850522875815,-23.39999,23.61111111111111,25.0,113.26865909090903,121.44548500967122,0,0,84.61960177334252,84.61960177334252,90.72826200264983
2109,2020-12-03T15:06:14,2020-12-03T15:39:14,199,68.4,78.8,10.399999999999991,12.784726541666666,122.93006290064112,33.0,96.06,31.94,121.9035532994924,-23.245233969849245,-23.0,24.0,25.0,122.93006290064112,121.5275192189755,0,0,91.83734540615825,91.83734540615825,90.78954728826045
2110,2020-12-03T15:39:25,2020-12-03T16:09:15,180,78.8,88.0,9.200000000000003,11.393751152777776,123.84512122584536,29.83333396911621,107.25,35.66,121.875,-22.915002388888887,-22.70001,24.0,25.0,123.84512122584536,121.64470994352871,0,0,92.52095790496976,92.52095790496976,90.87709694694638
2111,2020-12-03T16:09:26,2020-12-03T16:40:36,188,88.0,97.6,9.599999999999994,11.769727875000001,122.60133203125008,31.16666603088379,119.02,39.57,121.94672131147541,-22.658521542553192,-22.60001,24.018617021276597,25.0,122.60133203125008,121.64470994352871,0,0,91.59176048018021,91.59176048018021,90.87709694694638
2113,2020-12-03T23:43:14,2020-12-04T00:06:04,138,55.6,77.6,21.999999999999993,26.58375131944445,120.83523327020208,22.83333396911621,94.27,31.33,121.4819587628866,-69.85507594202899,-69.80002,22.797101449275363,25.0,120.83523327020208,121.5275192189755,0,0,90.27236131847273,90.27236131847273,90.78954728826045
2115,2020-12-04T10:34:53,2020-12-04T10:59:43,150,52.4,76.4,24.000000000000007,29.027920847222223,120.94967019675923,24.83333396911621,92.1,30.61,120.54973821989527,-70.13534346666665,-70.10001,20.013333333333332,22.0,120.94967019675923,121.44548500967122,0,0,90.3578536976635,90.3578536976635,90.72826200264983
2117,2020-12-04T11:31:38,2020-12-04T11:53:28,132,88.4,97.6,9.199999999999989,11.276804875,122.57396603260884,21.83333396911621,118.1,39.25,121.00409836065573,-31.05302848484849,-18.89999,22.318181818181817,23.0,122.57396603260884,121.5275192189755,0,0,91.57131616728962,91.57131616728962,90.78954728826045
2119,2020-12-05T03:40:15,2020-12-05T04:07:05,162,76.0,94.4,18.400000000000006,22.31402811111111,121.27189190821252,26.83333396911621,112.9,37.5,119.59745762711864,-49.92469209876543,-43.5,18.953703703703702,20.0,121.27189190821252,121.5275192189755,0,0,90.59857582790448,90.59857582790448,90.78954728826045
2121,2020-12-05T07:16:30,2020-12-05T07:49:40,200,58.0,78.4,20.400000000000006,24.93028330555556,122.20727110566446,33.16666793823242,94.09,31.26,120.01275510204081,-45.100010000000005,-45.10001,19.6275,21.0,122.20727110566446,121.5275192189755,0,0,91.29736943798797,91.29736943798797,90.78954728826045
2122,2020-12-05T07:49:51,2020-12-05T08:18:41,174,78.4,95.2,16.799999999999997,20.21236588888889,120.31170171957673,28.83333396911621,114.71,38.12,120.49369747899158,-42.00173408045977,-18.60001,20.74137931034483,22.0,120.31170171957673,121.3603777722881,0,0,89.88124667400483,89.88124667400483,90.66468095036944
2125,2020-12-05T23:21:21,2020-12-05T23:48:01,161,15.2,32.0,16.8,20.044448888888894,119.31219576719579,26.66666603088379,38.51,12.8,120.34374999999999,-45.10001,-45.10001,19.925465838509318,21.0,119.31219576719579,121.22430372159599,0,0,89.1345458978203,89.1345458978203,90.5630241277879
2126,2020-12-05T23:48:12,2020-12-06T00:17:02,174,32.0,50.0,18.0,21.673060361111112,120.40589089506175,28.83333396911621,60.67,20.16,121.34,-45.100010000000005,-45.10001,21.939655172413794,24.0,120.40589089506175,121.22430372159599,0,0,89.95161256855032,89.95161256855032,90.5630241277879
2127,2020-12-06T00:17:13,2020-12-06T00:49:33,195,50.4,71.2,20.800000000000004,24.303894277777783,116.84564556623931,32.33333206176758,86.72,28.83,121.79775280898875,-45.10001,-45.10001,23.794871794871796,25.0,116.84564556623931,121.22430372159599,0,0,87.29186057397112,87.29186057397112,90.5630241277879
2128,2020-12-06T00:49:44,2020-12-06T01:21:04,189,71.2,90.4,19.200000000000003,23.504310777777782,122.41828530092593,31.33333396911621,110.7,36.82,122.45575221238938,-45.00477190476191,-43.60001,24.534391534391535,26.0,122.41828530092593,121.3603777722881,0,0,91.45501178420147,91.45501178420147,90.66468095036944
2129,2020-12-06T01:21:15,2020-12-06T01:39:55,113,90.4,97.6,7.199999999999989,9.154725333333337,127.14896296296322,18.66666603088379,119.49,39.73,122.42827868852459,-29.440717964601767,-18.60001,25.0,26.0,127.14896296296322,121.3603777722881,0,0,94.98915850309531,94.98915850309531,90.66468095036944
2131,2020-12-06T14:12:39,2020-12-06T14:44:19,191,35.6,56.0,20.4,23.79028180555556,116.61902845860568,31.66666603088379,68.43999,22.76,122.21426785714283,-45.07644743455497,-45.0,23.62565445026178,26.0,116.61902845860568,121.22430372159599,0,0,87.1225617621295,87.1225617621295,90.5630241277879
2132,2020-12-06T14:44:30,2020-12-06T15:18:50,207,56.0,77.6,21.599999999999994,25.804588791666667,119.46568885030868,34.33333206176758,95.2,31.66,122.68041237113404,-45.095178599033815,-45.0,25.504830917874397,27.0,119.46568885030868,121.22430372159599,0,0,89.24921595458818,89.24921595458818,90.5630241277879
2134,2020-12-06T23:31:12,2020-12-07T00:41:00,524,24.4,90.4,66.0,79.13061274861111,119.89486780092592,69.80000305175781,110.87,36.88,122.64380530973452,-67.99713879770992,-43.30002,26.81679389312977,30.0,119.89486780092592,121.06319286586933,0,0,89.56984261497429,89.56984261497429,90.4426630626674
2137,2020-12-07T15:35:11,2020-12-07T15:56:51,131,56.8,70.0,13.200000000000003,16.190413069444443,122.65464446548818,21.66666603088379,85.63,28.47,122.32857142857144,-44.77098244274809,-28.0,24.37786259541985,25.0,122.65464446548818,121.06319286586933,0,0,91.63158859319049,91.63158859319049,90.4426630626674
2138,2020-12-07T15:57:02,2020-12-07T16:26:32,178,70.4,88.4,18.0,22.075550722222218,122.6419484567901,29.5,108.48,36.08,122.71493212669684,-44.89942837078652,-44.80002,25.264044943820224,26.0,122.6419484567901,121.06319286586933,0,0,91.62210378769561,91.62210378769561,90.4426630626674
2141,2020-12-07T22:37:10,2020-12-07T23:03:40,160,62.4,87.6,25.199999999999996,30.69653145833333,121.81163277116403,26.5,107.48,35.75,122.69406392694066,-69.4225083125,-43.60001,26.40625,28.0,121.81163277116403,121.22430372159599,0,0,91.00179996113184,91.00179996113184,90.5630241277879
2142,2020-12-07T23:03:51,2020-12-07T23:22:31,113,87.6,97.6,10.0,12.520831916666664,125.20831916666663,18.66666603088379,119.7,39.81,122.64344262295083,-40.143358407079646,-13.70001,27.088495575221238,29.0,125.20831916666663,121.3603777722881,0,0,93.53936200559528,93.53936200559528,90.66468095036944
2144,2020-12-08T05:37:31,2020-12-08T06:09:11,191,56.4,86.4,30.000000000000007,36.35319722222223,121.17732407407408,31.66666603088379,105.42,35.05,122.01388888888887,-68.85812041884817,-59.20001,23.850785340314136,26.0,121.17732407407408,121.2246079911433,0,0,90.52792704889015,90.52792704889015,90.56325143839732
2147,2020-12-08T14:46:41,2020-12-08T15:04:01,105,27.6,44.0,16.4,20.195417208333335,123.14278785569108,17.33333396911621,53.87,17.92,122.43181818181817,-69.90762085714286,-69.70001,24.642857142857142,27.0,123.14278785569108,121.3603777722881,0,0,91.99626580945474,91.99626580945474,90.66468095036944
2150,2020-12-08T15:19:01,2020-12-08T15:47:01,169,57.2,84.4,27.200000000000003,32.62639066666667,119.94996568627452,28.0,103.47,34.42,122.5947867298578,-69.91420497041422,-69.70001,29.062130177514792,31.0,119.94996568627452,121.2246079911433,0,0,89.61100458470337,89.61100458470337,90.56325143839732
2151,2020-12-08T15:47:12,2020-12-08T16:08:22,128,84.4,97.2,12.799999999999997,15.914446333333332,124.33161197916668,21.16666603088379,119.27,39.68,122.70576131687243,-45.08281789062501,-12.89999,30.24609375,31.0,124.33161197916668,121.2246079911433,0,0,92.88440048602321,92.88440048602321,90.56325143839732
2152,2020-12-08T23:29:41,2020-12-08T23:56:31,162,49.6,75.6,25.999999999999993,31.03236261111111,119.35524081196583,26.83333396911621,92.65,30.82,122.55291005291008,-69.24629962962963,-22.89999,27.27777777777778,29.0,119.35524081196583,121.2246079911433,0,0,89.16670355357425,89.16670355357425,90.56325143839732
2153,2020-12-08T23:56:42,2020-12-09T00:19:42,139,75.6,93.6,18.0,22.154864805555558,123.08258225308644,23.0,114.87,38.21,122.72435897435899,-57.784901726618706,-43.10001,28.805755395683452,30.0,123.08258225308644,121.3603777722881,0,0,91.95128801808848,91.95128801808848,90.66468095036944
2154,2020-12-09T06:23:54,2020-12-09T06:48:54,151,29.6,50.8,21.199999999999996,25.179446916666663,118.77097602201258,25.0,61.67,20.49,121.39763779527559,-60.4311317218543,-59.30002,22.397350993377483,25.0,118.77097602201258,121.2246079911433,0,0,88.73021693624483,88.73021693624483,90.56325143839732
2156,2020-12-09T06:59:22,2020-12-09T07:27:02,167,58.4,79.6,21.199999999999996,26.167085666666665,123.42964937106919,27.66666603088379,97.39,32.39,122.34924623115579,-56.747909221556874,-55.20001,25.15568862275449,27.0,123.42964937106919,121.2246079911433,0,0,92.21057140281319,92.21057140281319,90.56325143839732
2157,2020-12-09T07:27:13,2020-12-09T07:58:13,187,80.0,97.6,17.599999999999994,21.853197,124.1658920454546,31.0,119.46,39.73,122.39754098360655,-42.25348085561498,-13.10001,25.927807486631018,27.0,124.1658920454546,121.3603777722881,0,0,92.76059611763773,92.76059611763773,90.66468095036944
2159,2020-12-09T11:02:30,2020-12-09T11:24:40,134,72.4,86.0,13.599999999999994,16.589579791666665,121.98220435049022,22.16666603088379,105.26,35.0,122.39534883720931,-44.904468059701486,-44.89999,25.350746268656717,27.0,121.98220435049022,121.5660543609169,0,0,91.12922884774775,91.12922884774775,90.8183357315203
2160,2020-12-09T11:24:51,2020-12-09T11:46:51,133,86.0,97.6,11.599999999999994,14.199579861111108,122.41017121647513,22.0,119.51,39.74,122.44877049180329,-38.67292285714286,-18.39999,25.627819548872182,27.0,122.41017121647513,121.74743892831705,0,0,91.44894999623212,91.44894999623212,90.95384267566904
2161,2020-12-09T19:13:36,2020-12-09T19:38:06,148,46.4,61.6,15.200000000000003,18.314718277777775,120.49156761695903,24.5,75.47,25.1,122.51623376623377,-44.80269310810811,-30.10001,25.68581081081081,27.0,120.49156761695903,121.47756849684131,0,0,90.01561906554942,90.01561906554942,90.75223060905536
2162,2020-12-09T19:38:17,2020-12-09T20:11:17,199,61.6,82.0,20.4,24.694994499999996,121.05389460784313,33.0,100.57,33.45,122.64634146341463,-44.899989999999995,-44.89999,26.90954773869347,28.0,121.05389460784313,121.2246079911433,0,0,90.4357166143058,90.4357166143058,90.56325143839732
2163,2020-12-09T20:11:28,2020-12-09T20:38:28,163,82.0,98.0,16.0,19.47124574999999,121.69528593749995,27.0,120.17,39.97,122.62244897959184,-43.182199202453994,-13.20001,27.87116564417178,29.0,121.69528593749995,121.47756849684131,0,0,90.91488074789791,90.91488074789791,90.75223060905536
2165,2020-12-10T21:00:12,2020-12-10T21:30:02,180,27.6,56.8,29.199999999999996,34.761111500000005,119.0449023972603,29.83333396911621,69.56,23.14,122.46478873239438,-69.91055638888889,-69.60001,26.816666666666666,30.0,119.0449023972603,121.2246079911433,0,0,88.93485907622173,88.93485907622173,90.56325143839732
2166,2020-12-10T21:30:13,2020-12-10T21:58:33,171,57.2,84.4,27.200000000000003,32.985419041666674,121.26992294730394,28.33333396911621,103.51,34.43,122.64218009478672,-69.85146701754385,-69.60001,29.862573099415204,31.0,121.26992294730394,121.27090742775823,0,0,90.59710487654576,90.59710487654576,90.59784035222512
2167,2020-12-10T21:58:44,2020-12-10T22:19:54,128,84.8,97.6,12.799999999999997,16.159307458333334,126.24458951822919,21.16666603088379,119.77,39.84,122.71516393442623,-45.77109914062501,-12.80002,30.66796875,32.0,126.24458951822919,121.47756849684131,0,0,94.31352835648646,94.31352835648646,90.75223060905536
2168,2020-12-11T03:15:12,2020-12-11T03:32:42,106,59.6,76.4,16.800000000000004,20.377223138888883,121.29299487433856,17.5,93.7,31.17,122.64397905759162,-69.8660408490566,-69.60001,29.410377358490567,31.0,121.29299487433856,121.28244339127554,0,0,90.614341217944,90.614341217944,90.60645852292424
2169,2020-12-11T05:35:10,2020-12-11T05:59:40,148,52.0,67.2,15.200000000000003,18.457920875000003,121.43368996710527,24.5,82.39,27.41,122.60416666666666,-45.203388716216224,-45.20001,29.179054054054053,31.0,121.43368996710527,121.28244339127554,0,0,90.71945028180099,90.71945028180099,90.60645852292424
2171,2020-12-11T06:16:04,2020-12-11T06:44:54,174,77.2,95.2,18.0,21.53583940277778,119.64355223765433,28.83333396911621,116.77,38.84,122.65756302521007,-44.812656321839086,-43.70001,29.853448275862068,31.0,119.64355223765433,121.28244339127554,0,0,89.38209233123149,89.38209233123149,90.60645852292424
2181,2020-12-11T23:17:36,2020-12-11T23:44:16,161,50.0,55.6,5.600000000000001,6.413058319444445,114.51889856150791,26.66666603088379,68.1,22.65,122.48201438848919,-14.431062173913043,-13.20001,27.88198757763975,29.0,114.51889856150791,121.28244339127554,0,0,85.55361800495062,85.55361800495062,90.60645852292424
2183,2020-12-11T23:57:06,2020-12-12T00:24:33,166,58.0,63.6,5.600000000000001,6.320266051388889,112.86189377480156,27.450000762939453,77.9,25.91,122.48427672955975,-13.798799891566267,-8.300018,28.0,29.0,112.86189377480156,121.27090742775823,0,0,84.31571966384747,84.31571966384747,90.59784035222512
2184,2020-12-12T00:24:44,2020-12-12T01:05:33,246,63.6,68.8,5.199999999999996,5.766211197499999,110.88867687500007,40.81666564941406,84.31,28.04,122.54360465116281,-8.476426959349592,-8.200012,27.796747967479675,29.0,110.88867687500007,121.22362351068901,0,0,82.8415887823331,82.8415887823331,90.56251596271795
2191,2020-12-12T07:12:50,2020-12-12T07:42:40,180,67.6,92.8,25.200000000000003,30.93958855555556,122.77614506172841,29.83333396911621,113.83,37.87,122.66163793103449,-62.19278827777778,-43.20001,26.391666666666666,28.0,122.77614506172841,121.27090742775823,0,0,91.72235802713267,91.72235802713267,90.59784035222512
2194,2020-12-12T23:22:35,2020-12-12T23:51:05,172,22.8,50.4,27.599999999999998,32.87083816666667,119.09723973429955,28.5,61.81,20.56,122.63888888888889,-69.2017543604651,-69.20001,28.712209302325583,31.0,119.09723973429955,121.22362351068901,0,0,88.97395872350002,88.97395872350002,90.56251596271795
2195,2020-12-12T23:51:16,2020-12-13T00:20:36,177,50.4,78.8,28.4,33.83250505555556,119.12853892801253,29.33333396911621,96.75,32.18,122.7791878172589,-69.2034002259887,-69.10001,31.93502824858757,34.0,119.12853892801253,121.22362351068901,0,0,88.997341407899,88.997341407899,90.56251596271795
2196,2020-12-13T00:20:47,2020-12-13T00:47:37,162,79.2,97.6,18.39999999999999,23.148616736111116,125.80769965277786,26.83333396911621,119.7,39.81,122.64344262295083,-51.787049629629635,-42.80002,33.0,34.0,125.80769965277786,121.27090742775823,0,0,93.98714110400181,93.98714110400181,90.59784035222512
2198,2020-12-13T07:58:55,2020-12-13T08:32:15,201,31.2,52.4,21.2,24.93666344444444,117.62577096436057,33.33333206176758,64.18999,21.35,122.49998091603052,-44.88606383084578,-44.80002,28.77860696517413,31.0,117.62577096436057,121.27090742775823,0,0,87.87466874926088,87.87466874926088,90.59784035222512
2199,2020-12-13T08:32:26,2020-12-13T09:00:06,167,52.4,69.6,17.199999999999996,20.68055794444445,120.23580200258404,27.66666603088379,85.33,28.39,122.60057471264368,-44.849705688622755,-44.80002,30.58682634730539,32.0,120.23580200258404,121.27090742775823,0,0,89.82454428273279,89.82454428273279,90.59784035222512
2200,2020-12-13T09:00:17,2020-12-13T09:28:07,168,70.0,86.8,16.799999999999997,20.82832877777778,123.97814748677251,27.83333396911621,106.45,35.41,122.63824884792628,-44.89939494047619,-44.80002,31.0,32.0,123.97814748677251,121.27090742775823,0,0,92.62033781566525,92.62033781566525,90.59784035222512
2201,2020-12-13T09:28:18,2020-12-13T09:46:48,112,86.8,97.6,10.799999999999997,13.520969222222224,125.19415946502062,18.5,119.75,39.84,122.69467213114754,-43.85445455357143,-43.39999,31.0,32.0,125.19415946502062,121.27090742775823,0,0,93.52878371920846,93.52878371920846,90.59784035222512
2203,2020-12-13T20:33:16,2020-12-13T21:04:06,186,7.6,29.6,22.0,25.996393361111114,118.16542436868689,30.83333396911621,36.22,12.05,122.36486486486484,-50.58764311827957,-50.5,27.663978494623656,29.0,118.16542436868689,121.22362351068901,0,0,88.27782754478498,88.27782754478498,90.56251596271795
2204,2020-12-13T21:04:17,2020-12-13T21:34:07,180,29.6,50.4,20.799999999999997,25.150004000000003,120.9134807692308,29.83333396911621,61.71,20.52,122.44047619047619,-50.58111916666667,-50.5,29.272222222222222,32.0,120.9134807692308,121.22362351068901,0,0,90.33081766695176,90.33081766695176,90.56251596271795
2205,2020-12-13T21:34:18,2020-12-13T22:02:28,170,50.8,70.8,20.0,23.747087347222223,118.73543673611111,28.16666603088379,86.74,28.85,122.51412429378531,-50.585302647058825,-50.5,31.208823529411763,33.0,118.73543673611111,121.22362351068901,0,0,88.7036666067501,88.7036666067501,90.56251596271795
2206,2020-12-13T22:02:39,2020-12-13T22:37:09,208,70.8,93.6,22.799999999999997,28.27125552777778,123.99673477095519,34.5,114.85,38.2,122.70299145299145,-49.15866346153847,-44.10001,31.99278846153846,33.0,123.99673477095519,121.22362351068901,0,0,92.63422381553679,92.63422381553679,90.56251596271795
2209,2020-12-14T08:13:44,2020-12-14T08:33:54,122,89.6,97.6,8.0,9.872643347222224,123.4080418402778,20.16666603088379,118.1,39.25,121.00409836065573,-29.388537868852474,-18.70001,22.5,24.0,123.4080418402778,121.22362351068901,0,0,92.19442906771762,92.19442906771762,90.56251596271795
2210,2020-12-14T16:58:11,2020-12-14T17:28:01,180,41.2,62.4,21.199999999999996,25.323607638888884,119.45097942872117,29.83333396911621,74.8,24.85,119.87179487179486,-50.930548611111114,-50.89999,19.21388888888889,21.0,119.45097942872117,121.1156093409586,0,0,89.23822698899927,89.23822698899927,90.48182183159798
2211,2020-12-14T17:28:12,2020-12-14T17:58:42,184,62.4,84.0,21.6,25.901108722222222,119.91254038065843,30.5,101.26,33.65,120.54761904761907,-50.95325619565217,-50.89999,20.66304347826087,22.0,119.91254038065843,121.1156093409586,0,0,89.5830452667164,89.5830452667164,90.48182183159798
2213,2020-12-16T17:22:45,2020-12-16T17:43:05,123,30.4,45.6,15.200000000000003,21.266252944444446,139.90955884502924,20.33333396911621,55.3,18.38,121.2719298245614,-62.76017130081301,-57.5,17.540650406504064,24.0,120.23580200258404,121.1156093409586,1,0,104.52221513674311,89.82454428273279,90.48182183159798
2214,2020-12-16T17:43:16,2020-12-16T18:11:56,173,46.0,74.4,28.400000000000006,33.389998388888884,117.57041686228479,28.66666603088379,91.14,30.3,122.49999999999999,-69.88612387283237,-69.80002,24.74277456647399,27.0,117.57041686228479,121.1156093409586,0,0,87.8333153677362,87.8333153677362,90.48182183159798
2215,2020-12-16T18:12:07,2020-12-16T18:37:17,152,74.4,93.6,19.19999999999999,23.14972423611111,120.57148039641208,25.16666603088379,114.87,38.21,122.72435897435899,-55.20066269736843,-43.20001,26.0,27.0,120.57148039641208,121.1156093409586,0,0,90.07531949484903,90.07531949484903,90.48182183159798
2216,2020-12-17T02:32:21,2020-12-17T02:51:51,118,22.0,40.8,18.799999999999997,22.768474069444448,121.10890462470452,19.5,48.9,16.24,119.8529411764706,-70.05678533898305,-70.0,19.64830508474576,23.0,121.10890462470452,121.08139961627383,0,0,90.47681294013607,90.47681294013607,90.45626477722094
2217,2020-12-17T02:52:02,2020-12-17T03:24:02,193,40.8,72.8,32.0,37.36847551388889,116.77648598090278,32.0,88.7,29.49,121.84065934065934,-70.0658092746114,-70.0,23.088082901554404,26.0,116.77648598090278,120.98368768853697,0,0,87.24019353194062,87.24019353194062,90.38326714062879
2220,2020-12-17T16:03:42,2020-12-17T16:37:52,206,24.4,58.0,33.6,39.9491723888889,118.89634639550266,34.16666793823242,70.32,23.37,121.24137931034483,-70.15486441747574,-70.10001,20.655339805825243,24.0,118.89634639550266,120.98368768853697,0,0,88.82387736415183,88.82387736415183,90.38326714062879
2221,2020-12-17T16:38:03,2020-12-17T17:07:33,178,58.0,86.0,28.0,33.782505111111114,120.65180396825397,29.5,105.24,35.0,122.37209302325581,-68.68877443820226,-59.5,24.370786516853933,26.0,120.65180396825397,120.98368768853697,0,0,90.1353268147628,90.1353268147628,90.38326714062879
2222,2020-12-17T17:07:44,2020-12-17T17:28:44,127,86.0,97.6,11.599999999999994,14.006809152777782,120.74835476532577,21.0,119.48,39.73,122.41803278688525,-39.991348897637785,-13.30002,25.484251968503937,26.0,120.74835476532577,120.98368768853697,0,0,90.20745700562661,90.20745700562661,90.38326714062879
2223,2020-12-18T02:46:38,2020-12-18T03:58:41,541,36.4,94.0,57.6,69.1557967625,120.06214715711805,72.05000305175781,113.69,37.79,120.9468085106383,-57.57745340110906,-43.30002,20.391866913123845,23.0,120.06214715711805,120.8309177672783,0,0,89.6948119809003,89.6948119809003,90.26913733628919
2225,2020-12-18T08:35:51,2020-12-18T09:01:31,155,77.2,94.4,17.200000000000003,20.80111115277778,120.93669274870798,25.66666603088379,113.3,37.64,120.02118644067795,-48.6619355483871,-43.0,20.383870967741935,22.0,120.93669274870798,120.8309177672783,0,0,90.34815863730927,90.34815863730927,90.26913733628919
2228,2020-12-18T16:32:02,2020-12-18T16:59:22,165,61.2,80.0,18.799999999999997,22.831254500000004,121.44284308510642,27.33333396911621,96.75,32.16,120.9375,-50.11758563636363,-50.0,21.848484848484848,23.0,121.44284308510642,120.8309177672783,0,0,90.72628830042379,90.72628830042379,90.26913733628919
2229,2020-12-18T16:59:33,2020-12-18T17:32:53,201,80.0,97.6,17.599999999999994,21.333756680555556,121.2145265940657,33.33333206176758,118.53,39.4,121.44467213114754,-38.38110656716418,-18.70001,22.771144278606965,24.0,121.2145265940657,120.8309177672783,0,0,90.55571993045089,90.55571993045089,90.26913733628919
2231,2020-12-19T01:27:15,2020-12-19T02:39:32,543,42.0,97.6,55.599999999999994,67.39193470138888,121.20851564998,72.28333282470703,118.98,39.56,121.90573770491804,-55.916393867403315,-18.39999,22.486187845303867,25.0,121.20851564998,120.8309177672783,0,0,90.55122933526863,90.55122933526863,90.26913733628919
2232,2020-12-19T16:26:40,2020-12-19T17:40:51,557,40.4,97.6,57.199999999999996,69.2425595888889,121.05342585470088,74.18333435058594,118.07,39.25,120.97336065573771,-55.98725639138241,-18.20001,20.691202872531417,23.0,121.05342585470088,120.8309177672783,0,0,90.43536642295945,90.43536642295945,90.26913733628919
2233,2020-12-20T02:39:17,2020-12-20T03:02:27,140,36.4,55.6,19.200000000000003,22.99430761111111,119.76201880787035,23.16666603088379,66.36,22.04,119.3525179856115,-59.55357685714285,-58.20001,18.067857142857143,21.0,119.76201880787035,120.8309177672783,0,0,89.47059513576356,89.47059513576356,90.26913733628919
2234,2020-12-20T03:02:38,2020-12-20T03:30:48,170,56.0,78.0,22.0,26.645002666666667,121.11364848484848,28.16666603088379,93.57,31.08,119.96153846153845,-56.758829176470584,-55.30002,20.291176470588237,22.0,121.11364848484848,120.8309177672783,0,0,90.48035693508993,90.48035693508993,90.26913733628919
2235,2020-12-20T03:30:59,2020-12-20T03:54:49,144,78.0,94.4,16.400000000000006,19.666668694444443,119.91871155149046,23.83333396911621,113.74,37.8,120.4872881355932,-49.50972736111112,-43.5,21.37152777777778,23.0,119.91871155149046,120.8309177672783,0,0,89.58765556247229,89.58765556247229,90.26913733628919
2239,2020-12-20T10:24:22,2020-12-20T10:56:22,193,57.2,67.2,10.0,12.053060861111112,120.5306086111111,32.0,79.79,26.5,118.73511904761905,-22.59949181347151,-22.5,18.0,19.0,120.5306086111111,120.70007936678988,0,0,90.04478541575166,90.04478541575166,90.1713919101947
2240,2020-12-20T10:56:33,2020-12-20T11:21:43,152,67.2,75.2,8.0,9.47944863888889,118.49310798611113,25.16666603088379,89.34,29.67,118.80319148936171,-22.60001,-22.60001,18.0,19.0,118.49310798611113,120.70007936678988,0,0,88.52263010037834,88.52263010037834,90.1713919101947
2241,2020-12-20T11:21:54,2020-12-20T11:49:34,167,75.2,83.6,8.399999999999991,10.42083791666667,124.05759424603193,27.66666603088379,99.55,33.06,119.07894736842105,-22.59941113772456,-22.5,18.0,19.0,124.05759424603193,120.70007936678988,0,0,92.67969009532204,92.67969009532204,90.1713919101947
2242,2020-12-20T11:49:45,2020-12-20T12:16:35,162,83.6,91.6,8.0,9.901673708333332,123.77092135416665,26.83333396911621,109.09,36.23,119.09388646288211,-22.14075648148148,-21.80002,18.0,19.0,123.77092135416665,120.70007936678988,0,0,92.46552541690572,92.46552541690572,90.1713919101947
2243,2020-12-20T12:16:46,2020-12-20T12:42:56,158,91.6,97.6,6.0,7.6840361916666655,128.0672698611111,26.16666603088379,116.2,38.6,119.05737704918033,-17.606348405063283,-9.200012,18.003164556962027,19.0,128.0672698611111,120.70007936678988,0,0,95.6751979128549,95.6751979128549,90.1713919101947
2245,2020-12-20T20:02:14,2020-12-20T20:34:24,194,49.2,80.4,31.200000000000003,37.57722595833333,120.43982678952987,32.16666793823242,98.41,32.73,122.4004975124378,-70.092275,-69.80002,23.9819587628866,26.0,120.43982678952987,120.61164218233303,0,0,89.97696505262458,89.97696505262458,90.10532315480592
2246,2020-12-20T20:34:35,2020-12-20T21:01:45,164,80.8,98.0,17.200000000000003,20.971113666666668,121.92507945736432,27.16666603088379,119.93,39.88,122.37755102040818,-46.38110323170733,-13.20001,25.23780487804878,27.0,121.92507945736432,120.70007936678988,0,0,91.08655256159362,91.08655256159362,90.1713919101947
2247,2020-12-21T13:36:27,2020-12-21T14:06:47,183,17.6,38.8,21.199999999999996,25.24471891666667,119.07886281446544,30.33333396911621,46.63,15.49,120.18041237113404,-49.93496617486338,-49.89999,19.502732240437158,22.0,119.07886281446544,120.61164218233303,0,0,88.9602298804938,88.9602298804938,90.10532315480592
2248,2020-12-21T14:06:58,2020-12-21T14:38:18,189,38.8,61.2,22.400000000000006,26.05888366666666,116.33430208333327,31.33333396911621,74.51,24.77,121.7483660130719,-49.899989999999995,-49.89999,22.502645502645503,25.0,116.33430208333327,120.5510445037616,0,0,86.90985126760002,86.90985126760002,90.06005245530034
2249,2020-12-21T14:38:29,2020-12-21T15:03:59,154,61.2,79.2,18.0,21.228608972222222,117.93671651234568,25.5,96.88,32.22,122.32323232323232,-49.94934558441559,-49.89999,24.399350649350648,26.0,117.93671651234568,120.5510445037616,0,0,88.10696679759018,88.10696679759018,90.06005245530034
2250,2020-12-21T15:04:10,2020-12-21T15:34:10,181,79.2,97.6,18.39999999999999,22.557081444444442,122.59283393719811,30.0,119.67,39.81,122.61270491803279,-45.039222762430946,-13.20001,25.480662983425415,27.0,122.59283393719811,120.5510445037616,0,0,91.58541181021023,91.58541181021023,90.06005245530034
2252,2020-12-22T10:38:24,2020-12-22T11:58:51,604,41.2,97.6,56.39999999999999,68.3910487375,121.26072471187945,80.44999694824219,117.62,39.09,120.51229508196722,-50.98510460264901,-18.5,19.2773178807947,22.0,121.26072471187945,120.5510445037616,0,0,90.59023315205563,90.59023315205563,90.06005245530034
2254,2020-12-22T20:04:25,2020-12-22T20:35:55,190,60.8,90.0,29.200000000000003,35.37972456944444,121.16344030631656,31.5,110.34,36.71,122.6,-67.33632021052631,-43.89999,24.61842105263158,26.0,121.16344030631656,120.5510445037616,0,0,90.51755490439596,90.51755490439596,90.06005245530034
2257,2020-12-23T13:47:10,2020-12-23T14:16:20,176,57.6,85.2,27.6,33.23069830555556,120.4010808172303,29.16666603088379,104.29,34.68,122.40610328638499,-68.33580335227273,-58.80002,24.0,25.0,120.4010808172303,120.48521770032049,0,0,89.94801910435764,89.94801910435764,90.01087523418812
2258,2020-12-23T14:16:31,2020-12-23T14:38:21,132,85.2,97.6,12.399999999999991,15.38666852777778,124.08603651433702,21.83333396911621,119.48,39.73,122.41803278688525,-42.23561106060606,-12.89999,25.382575757575758,26.0,124.08603651433702,120.5510445037616,0,0,92.70093845684433,92.70093845684433,90.06005245530034
2259,2020-12-24T00:18:25,2020-12-24T00:37:45,117,50.8,69.6,18.799999999999997,22.532917833333336,119.85594592198585,19.33333396911621,85.35,28.39,122.62931034482759,-69.93077282051281,-69.60001,25.65811965811966,27.0,119.85594592198585,120.5510445037616,0,0,89.54076525215731,89.54076525215731,90.06005245530034
2260,2020-12-24T00:37:56,2020-12-24T00:54:56,103,69.6,86.0,16.400000000000006,19.776946861111117,120.59113939701896,17.0,105.43,35.07,122.59302325581396,-69.80195029126213,-69.60001,26.864077669902912,28.0,120.59113939701896,120.58130989671552,0,0,90.09000614176414,90.09000614176414,90.08266281830657
2261,2020-12-24T11:45:00,2020-12-24T12:10:10,152,62.8,80.4,17.60000000000001,20.968749652777777,119.14062302714642,25.16666603088379,97.68999,32.47,121.50496268656715,-49.992104473684215,-49.89999,22.963815789473685,24.0,119.14062302714642,120.58130989671552,0,0,89.00636907419882,89.00636907419882,90.08266281830657
2262,2020-12-24T12:10:21,2020-12-24T12:41:31,188,80.4,97.2,16.799999999999997,20.791804805555557,123.76074289021166,31.16666603088379,118.97,39.56,122.3971193415638,-39.99627515957447,-18.5,24.20744680851064,25.0,123.76074289021166,120.58130989671552,0,0,92.45792139322037,92.45792139322037,90.08266281830657
2264,2020-12-24T20:23:47,2020-12-24T20:40:37,102,40.4,52.4,12.0,13.968053194444446,116.40044328703705,16.83333396911621,64.13,21.33,122.38549618320609,-49.661756372549014,-24.10001,25.044117647058822,27.0,116.40044328703705,120.58130989671552,0,0,86.95926336767378,86.95926336767378,90.08266281830657
2265,2020-12-24T20:40:48,2020-12-24T21:10:48,181,52.4,73.2,20.800000000000004,24.949994999999998,119.9518990384615,30.0,89.77,29.86,122.63661202185791,-49.89999,-49.89999,26.64917127071823,28.0,119.9518990384615,120.58130989671552,0,0,89.61244893385928,89.61244893385928,90.08266281830657
2266,2020-12-24T21:10:59,2020-12-24T21:39:59,175,73.2,92.4,19.200000000000003,23.520968138888886,122.50504239004626,29.0,113.36,37.71,122.68398268398268,-48.65256297142857,-43.39999,27.722857142857144,29.0,122.50504239004626,120.58130989671552,0,0,91.51982539099524,91.51982539099524,90.08266281830657
2272,2020-12-25T06:26:53,2020-12-25T06:47:33,125,69.2,88.0,18.799999999999997,22.737503347222226,120.94416674054378,20.66666603088379,107.79,35.85,122.48863636363637,-65.93280968,-42.80002,25.372,27.0,120.94416674054378,120.62147168263647,0,0,90.3537422313756,90.3537422313756,90.11266647826346
2273,2020-12-25T06:47:44,2020-12-25T07:05:14,106,88.0,97.6,9.599999999999994,11.850276652777774,123.44038179976855,17.5,119.46,39.73,122.39754098360655,-40.64905292452831,-12.60001,25.787735849056602,27.0,123.44038179976855,120.70007936678988,0,0,92.21858927686493,92.21858927686493,90.1713919101947
2275,2020-12-25T14:55:43,2020-12-25T15:25:13,178,44.8,73.2,28.400000000000006,34.48361490277778,121.42117923513302,29.5,89.7,29.84,122.54098360655739,-70.135962752809,-69.89999,24.837078651685392,27.0,121.42117923513302,120.70007936678988,0,0,90.71010389096455,90.71010389096455,90.1713919101947
2278,2020-12-25T22:44:45,2020-12-25T23:14:05,177,50.4,78.8,28.4,34.230000777777775,120.52817175273866,29.33333396911621,96.50999,32.09,122.47460659898479,-70.01582079096045,-70.0,24.161016949152543,26.0,120.52817175273866,120.62147168263647,0,0,90.0429649122981,90.0429649122981,90.11266647826346
2279,2020-12-25T23:14:16,2020-12-25T23:42:16,169,79.2,97.6,18.39999999999999,22.49486416666667,122.25469655797109,28.0,119.48,39.73,122.41803278688525,-48.165095266272196,-13.5,25.606508875739646,27.0,122.25469655797109,120.70007936678988,0,0,91.33279956420573,91.33279956420573,90.1713919101947
2282,2020-12-26T20:56:24,2020-12-26T21:29:14,198,33.2,56.4,23.199999999999996,27.422366583333336,118.19985596264371,32.83333206176758,69.08,22.98,122.4822695035461,-50.11213121212122,-50.10001,26.0,28.0,118.19985596264371,120.62147168263647,0,0,88.30355035100898,88.30355035100898,90.11266647826346
2283,2020-12-26T21:29:25,2020-12-26T21:57:15,168,56.4,76.0,19.6,23.240837972222224,118.5757039399093,27.83333396911621,93.22,31.01,122.6578947368421,-50.100010000000005,-50.10001,28.080357142857142,29.0,118.5757039399093,120.62147168263647,0,0,88.58433504837178,88.58433504837178,90.11266647826346
2284,2020-12-26T21:57:26,2020-12-26T22:28:26,187,76.0,96.0,20.0,24.70236627777778,123.5118313888889,31.0,117.82,39.19,122.72916666666666,-47.80589235294118,-43.60001,29.093582887700535,30.0,123.5118313888889,120.62147168263647,0,0,92.27196711171139,92.27196711171139,90.11266647826346
2286,2020-12-27T09:21:12,2020-12-27T09:46:32,153,56.0,80.4,24.400000000000006,29.544860819444448,121.08549516165755,25.33333396911621,98.4,32.72,122.38805970149254,-69.97516274509803,-69.80002,24.947712418300654,27.0,121.08549516165755,120.62147168263647,0,0,90.45932443575488,90.45932443575488,90.11266647826346
2287,2020-12-27T09:46:43,2020-12-27T10:13:23,161,80.8,97.6,16.799999999999997,20.930277375000003,124.58498437500003,26.66666603088379,119.71,39.82,122.65368852459017,-47.059005341614906,-13.30002,26.0527950310559,28.0,124.58498437500003,120.70007936678988,0,0,93.07368736738877,93.07368736738877,90.1713919101947
2288,2020-12-27T17:14:36,2020-12-27T17:33:57,146,62.4,78.4,16.000000000000007,19.367556911111112,121.04723069444441,19.350000381469727,96.07999,31.96,122.55100765306122,-60.05342890410959,-59.5,29.523972602739725,31.0,121.04723069444441,120.84252375701688,0,0,90.4307382054275,90.4307382054275,90.27780782146795
2289,2020-12-27T23:22:09,2020-12-27T23:47:59,156,38.4,63.6,25.200000000000003,30.275559916666673,120.1411107804233,25.83333396911621,78.05,25.96,122.72012578616352,-70.31795871794871,-70.20001,27.17628205128205,30.0,120.1411107804233,120.84252375701688,0,0,89.7538033242454,89.7538033242454,90.27780782146795
2290,2020-12-27T23:48:10,2020-12-28T00:18:30,183,63.6,91.2,27.6,33.15361709722223,120.12180107689213,30.33333396911621,111.85,37.2,122.64254385964911,-65.53170584699453,-43.70001,29.060109289617486,31.0,120.12180107689213,120.84252375701688,0,0,89.73937762664922,89.73937762664922,90.27780782146795
2293,2020-12-28T16:39:20,2020-12-28T17:09:40,183,42.4,72.0,29.6,35.67028063888889,120.5077048611111,30.33333396911621,88.36,29.39,122.72222222222223,-70.55628978142076,-70.5,30.05464480874317,32.0,120.5077048611111,120.84252375701688,0,0,90.02767471434782,90.02767471434782,90.27780782146795
2294,2020-12-28T17:09:51,2020-12-28T17:40:21,184,72.4,96.4,24.0,29.419168875,122.5798703125,30.5,118.24,39.33,122.65560165975103,-57.87065652173912,-43.89999,32.171195652173914,33.0,122.5798703125,120.84252375701688,0,0,91.57572707686653,91.57572707686653,90.27780782146795
2296,2020-12-29T02:31:56,2020-12-29T03:01:16,177,26.8,55.6,28.8,34.32083606944445,119.16956968557098,29.33333396911621,68.15,22.67,122.57194244604317,-70.20113553672317,-69.89999,28.384180790960453,32.0,119.16956968557098,120.84252375701688,0,0,89.02799425037917,89.02799425037917,90.27780782146795
2297,2020-12-29T03:01:27,2020-12-29T03:30:47,177,56.0,84.4,28.400000000000006,34.281808375,120.71059286971828,29.33333396911621,103.54,34.44,122.67772511848341,-70.12090977401131,-69.80002,31.353107344632768,34.0,120.71059286971828,120.84252375701688,0,0,90.17924623140046,90.17924623140046,90.27780782146795
2298,2020-12-29T03:30:58,2020-12-29T03:51:38,125,84.4,97.6,13.199999999999989,16.608057263888888,125.81861563552198,20.66666603088379,119.74,39.83,122.68442622950819,-48.285604959999986,-43.30002,32.5,34.0,125.81861563552198,120.94042974462587,0,0,93.99529610574888,93.99529610574888,90.35095043434244
2300,2020-12-29T10:48:46,2020-12-29T11:19:36,186,67.6,78.4,10.800000000000011,13.309717083333327,123.23812114197513,30.83333396911621,96.13,31.97,122.61479591836734,-25.899989999999995,-25.89999,26.0,27.0,123.23812114197513,120.9956987174941,0,0,92.0674864346996,92.0674864346996,90.39224021840155
2301,2020-12-29T11:19:47,2020-12-29T11:46:57,164,78.4,88.0,9.599999999999994,11.726662222222219,122.15273148148151,27.16666603088379,107.92,35.9,122.63636363636364,-25.89938042682926,-25.80002,26.161585365853657,28.0,122.15273148148151,121.05032827457265,0,0,91.25662452835215,91.25662452835215,90.43305231419347
2302,2020-12-29T11:47:08,2020-12-29T12:13:58,162,88.0,97.2,9.200000000000003,11.58305108333333,125.9027291666666,26.83333396911621,119.21,39.66,122.64403292181069,-25.899989999999995,-25.89999,26.953703703703702,28.0,125.9027291666666,121.06946050817922,0,0,94.05813479004455,94.05813479004455,90.44734542935717
2304,2020-12-29T21:02:16,2020-12-29T21:18:46,100,38.8,54.8,16.0,19.160556986111114,119.75348116319446,16.5,67.26,22.37,122.73722627737229,-69.32900519999998,0.0,30.325,32.0,119.75348116319446,121.05032827457265,0,0,89.46421691871434,89.46421691871434,90.43305231419347
2305,2020-12-29T21:18:57,2020-12-29T21:49:27,184,55.2,84.4,29.200000000000003,35.582501944444445,121.85788337138507,30.5,103.65,34.47,122.80805687203791,-69.99782994565217,-69.70001,32.369565217391305,34.0,121.85788337138507,121.05032827457265,0,0,91.03635239076148,91.03635239076148,90.43305231419347
2306,2020-12-29T21:49:38,2020-12-29T22:10:08,124,84.8,97.6,12.799999999999997,16.37014027777778,127.89172092013892,20.5,119.77,39.84,122.71516393442623,-47.98306862903226,-43.30002,33.0,34.0,127.89172092013892,121.05032827457265,0,0,95.54405058934968,95.54405058934968,90.43305231419347
2308,2020-12-30T16:31:12,2020-12-30T17:13:32,258,52.8,78.8,26.0,31.678881999999994,121.84185384615382,42.33333206176758,94.57999,31.42,120.02536802030457,-44.89921503875969,-44.80002,18.92248062015504,20.0,121.84185384615382,121.06636292805098,0,0,91.02437721552262,91.02437721552262,90.4450313205912
2309,2020-12-30T17:13:43,2020-12-30T17:39:22,155,79.2,94.4,15.200000000000003,18.683912488888883,122.92047690058473,25.649999618530273,113.72,37.79,120.46610169491524,-43.62837735483871,-18.5,20.229032258064517,21.0,122.92047690058473,121.09957182325302,0,0,91.83018399439722,91.83018399439722,90.46984068542241
2311,2020-12-31T01:46:43,2020-12-31T03:05:50,594,23.6,88.4,64.80000000000001,76.78422657361112,118.49417681112826,79.11666870117188,108.41,36.06,122.63574660633483,-58.20926254208756,-43.5,24.161616161616163,28.0,118.49417681112826,121.06636292805098,0,0,88.52342858733883,88.52342858733883,90.4450313205912
2312,2020-12-31T15:08:27,2020-12-31T15:30:47,135,30.0,45.6,15.600000000000001,18.502781777777777,118.60757549857547,22.33333396911621,54.39,18.06,119.27631578947368,-49.70964029629631,-49.70001,17.988888888888887,20.0,118.60757549857547,121.06636292805098,0,0,88.60814532937866,88.60814532937866,90.4450313205912
2313,2020-12-31T15:30:58,2020-12-31T16:01:58,187,45.6,68.0,22.4,25.67861630555556,114.63667993551591,31.0,81.88,27.21,120.41176470588233,-49.700544812834224,-49.70001,20.27005347593583,22.0,114.63667993551591,121.06636292805098,0,0,85.64160892004458,85.64160892004458,90.4450313205912
2314,2020-12-31T16:02:09,2020-12-31T16:32:29,183,68.0,88.8,20.799999999999997,25.08972815277778,120.62369304220088,30.33333396911621,107.49,35.73,121.04729729729729,-49.61094071038251,-43.30002,21.808743169398905,23.0,120.62369304220088,121.06636292805098,0,0,90.11432598905176,90.11432598905176,90.4450313205912
2316,2020-12-31T22:10:06,2020-12-31T22:27:26,105,62.4,78.8,16.4,19.943057583333335,121.60400965447157,17.33333396911621,94.6,31.43,120.0507614213198,-69.0276259047619,-66.0,19.995238095238093,22.0,121.60400965447157,121.06636292805098,0,0,90.84669098752462,90.84669098752462,90.4450313205912
2321,2021-01-01T06:19:26,2021-01-01T06:50:06,185,28.4,58.8,30.4,35.86542136111111,117.97835974049708,30.66666603088379,72.14,23.99,122.68707482993199,-70.17136054054055,-69.89999,25.654054054054054,29.0,117.97835974049708,120.9956987174941,0,0,88.13807719839309,88.13807719839309,90.39224021840155
2322,2021-01-01T06:50:17,2021-01-01T07:19:47,178,58.8,87.2,28.400000000000006,34.23125400000001,120.53258450704226,29.5,106.96,35.58,122.66055045871559,-69.55113174157304,-43.5,28.15449438202247,30.0,120.53258450704226,120.82737980513103,0,0,90.04626154805676,90.04626154805676,90.26649423138804
2325,2021-01-01T14:57:02,2021-01-01T15:26:32,178,35.6,64.4,28.800000000000004,34.46430861111111,119.66773823302466,29.5,78.14,25.97,121.33540372670807,-70.09719724719102,-69.80002,22.14887640449438,25.0,119.66773823302466,120.82737980513103,0,0,89.4001609595101,89.4001609595101,90.26649423138804
2328,2021-01-01T15:41:37,2021-01-01T16:00:37,115,79.2,93.2,14.0,17.182362916666666,122.73116369047617,19.0,114.15,37.96,122.47854077253218,-54.2817447826087,-43.30002,25.0,26.0,122.73116369047617,120.82737980513103,0,0,91.68875380021647,91.68875380021647,90.26649423138804
2329,2021-01-02T01:57:27,2021-01-02T02:29:37,194,28.8,56.0,27.2,32.124447527777775,118.10458649918299,32.16666793823242,67.43999,22.41,120.42855357142855,-59.92113979381444,-58.0,19.27061855670103,22.0,118.10458649918299,120.82737980513103,0,0,88.2323774058721,88.2323774058721,90.26649423138804
2330,2021-01-02T02:29:48,2021-01-02T03:01:18,190,56.4,81.2,24.800000000000004,29.715281083333334,119.81968178763438,31.5,98.24,32.66,120.98522167487684,-56.601585210526316,-54.70001,21.78684210526316,23.0,119.81968178763438,120.82737980513103,0,0,89.51367341022942,89.51367341022942,90.26649423138804
2333,2021-01-02T22:27:24,2021-01-02T22:55:14,168,36.4,64.4,28.000000000000007,32.500141041666666,116.07193229166663,27.83333396911621,78.12,25.96,121.30434782608695,-70.06012369047619,-69.80002,22.077380952380953,24.0,116.07193229166663,120.82737980513103,0,0,86.71384270295049,86.71384270295049,90.26649423138804
2334,2021-01-02T22:55:25,2021-01-02T23:20:45,153,64.4,88.0,23.599999999999994,28.139862416666674,119.23670515536729,25.33333396911621,107.74,35.82,122.43181818181817,-66.5823560130719,-43.39999,24.42156862745098,26.0,119.23670515536729,120.66714295595958,0,0,89.07814913668776,89.07814913668776,90.14678611022612
2336,2021-01-03T07:48:10,2021-01-03T08:16:40,172,22.8,50.8,27.999999999999996,33.29167076388889,118.89882415674604,28.5,62.18,20.68,122.4015748031496,-70.08779930232558,-70.0,24.290697674418606,28.0,118.89882415674604,120.60741621960992,0,0,88.82572842490762,88.82572842490762,90.10216606540794
2337,2021-01-03T08:16:51,2021-01-03T08:47:01,182,50.8,80.4,29.60000000000001,35.23500383333333,119.03717511261256,30.16666603088379,98.68999,32.83,122.74874378109452,-70.08022736263736,-70.0,27.23901098901099,30.0,119.03717511261256,120.56186195203061,0,0,88.92908625472874,88.92908625472874,90.06813384491045
2338,2021-01-03T08:47:12,2021-01-03T09:14:32,165,80.4,98.0,17.599999999999994,21.266808625,120.83413991477276,27.33333396911621,120.17,39.97,122.62244897959184,-46.65212793939395,-13.10001,28.421212121212122,30.0,120.83413991477276,120.60741621960992,0,0,90.27154450558055,90.27154450558055,90.10216606540794
2341,2021-01-04T23:25:44,2021-01-04T23:56:24,185,14.0,44.0,30.0,35.826809763888896,119.422699212963,30.66666603088379,53.87,17.92,122.43181818181817,-70.0956838918919,-70.0,24.456756756756757,27.0,119.422699212963,120.56186195203061,0,0,89.21709969205122,89.21709969205122,90.06813384491045
2342,2021-01-04T23:56:35,2021-01-05T00:26:55,183,44.0,74.0,30.0,35.43847622222223,118.12825407407409,30.33333396911621,90.82999,30.21,122.74322972972972,-70.09836857923497,-70.0,28.12295081967213,30.0,118.12825407407409,120.56186195203061,0,0,88.25005873783365,88.25005873783365,90.06813384491045
2343,2021-01-05T00:27:06,2021-01-05T00:55:16,170,74.0,95.6,21.599999999999994,26.461669958333335,122.50773128858029,28.16666603088379,117.23,38.99,122.6255230125523,-56.370595235294125,-43.5,29.83235294117647,31.0,122.50773128858029,120.57813877462158,0,0,91.5218341860581,91.5218341860581,90.08029376855427
2347,2021-01-05T08:36:04,2021-01-05T09:03:44,167,70.8,93.2,22.400000000000006,27.504723930555556,122.78894611855156,27.66666603088379,113.62,37.78,121.9098712446352,-59.6311413772455,-43.20001,23.88323353293413,25.0,122.78894611855156,120.66714295595958,0,0,91.73192131091608,91.73192131091608,90.14678611022612
2350,2021-01-05T16:06:46,2021-01-05T16:36:36,180,62.8,89.6,26.799999999999997,32.720971527777785,122.09317734245444,29.83333396911621,109.91,36.56,122.66741071428572,-65.75666522222222,-43.30002,27.266666666666666,29.0,122.09317734245444,120.66714295595958,0,0,91.21213342579235,91.21213342579235,90.14678611022612
2353,2021-01-05T23:21:07,2021-01-05T23:47:57,162,44.8,71.2,26.400000000000006,31.368614333333333,118.8205088383838,26.83333396911621,87.23,29.02,122.51404494382022,-70.14074796296298,-69.89999,26.67283950617284,29.0,118.8205088383838,120.66714295595958,0,0,88.7672214106483,88.7672214106483,90.14678611022612
2354,2021-01-05T23:48:08,2021-01-06T00:05:28,105,71.2,87.6,16.39999999999999,19.860002138888888,121.09757401761523,17.33333396911621,107.39,35.72,122.59132420091326,-68.63334076190476,-43.39999,28.195238095238096,30.0,121.09757401761523,120.77236639224552,0,0,90.46834818503574,90.46834818503574,90.2253953684905
2355,2021-01-06T03:32:25,2021-01-06T03:52:15,120,67.6,86.4,18.80000000000001,22.614445513888896,120.28960379728129,19.83333396911621,105.75,35.16,122.39583333333331,-68.38250316666667,-59.30002,25.358333333333334,27.0,120.28960379728129,120.66714295595958,0,0,89.86473798219487,89.86473798219487,90.14678611022612
2358,2021-01-06T13:08:37,2021-01-06T13:35:42,170,46.4,63.2,16.800000000000004,20.318861747222222,120.94560563822749,27.08333396911621,76.74,25.51,121.42405063291139,-45.01470735294118,-45.0,22.647058823529413,24.0,120.94560563822749,120.66714295595958,0,0,90.35481718847286,90.35481718847286,90.14678611022612
2360,2021-01-06T13:51:47,2021-01-06T14:15:14,144,73.2,87.6,14.399999999999991,17.59194488888889,122.16628395061737,23.450000762939453,106.84,35.52,121.96347031963472,-45.01111222222222,-45.0,24.072916666666668,25.0,122.16628395061737,120.66714295595958,0,0,91.26674916963003,91.26674916963003,90.14678611022612
2361,2021-01-06T17:49:32,2021-01-06T18:16:32,163,64.0,88.8,24.799999999999997,30.537921583333336,123.13678057795701,27.0,108.99,36.25,122.73648648648648,-67.79632981595093,-43.80002,25.834355828220858,28.0,123.13678057795701,120.66714295595958,0,0,91.99177795329331,91.99177795329331,90.14678611022612
2362,2021-01-06T18:25:13,2021-01-06T18:44:48,119,88.8,98.4,9.600000000000009,11.849581888888883,123.43314467592576,19.58333396911621,120.67,40.14,122.6321138211382,-36.25797899159662,-13.70001,26.53361344537815,28.0,123.43314467592576,120.77236639224552,0,0,92.213182639738,92.213182639738,90.2253953684905
2364,2021-01-07T14:59:44,2021-01-07T15:28:44,175,36.4,45.6,9.200000000000003,11.097638583333335,120.6265063405797,29.0,54.3,18.04,119.07894736842104,-23.027999371428574,0.0,16.78,19.0,120.6265063405797,120.668549605149,0,0,90.11642771948976,90.11642771948976,90.1478369754451
2365,2021-01-07T15:28:55,2021-01-07T15:54:30,155,45.6,70.8,25.199999999999996,29.648501447222216,117.6527835207231,25.58333396911621,85.25,28.33,120.40960451977402,-69.53419696774193,-69.5,19.780645161290323,22.0,117.6527835207231,120.668549605149,0,0,87.89484901607628,87.89484901607628,90.1478369754451
2366,2021-01-07T15:54:41,2021-01-07T16:16:51,134,70.8,89.6,18.799999999999997,22.521668583333327,119.79610948581558,22.16666603088379,108.42,36.04,121.0044642857143,-60.9268708955224,-43.10001,21.91417910447761,23.0,119.79610948581558,120.668549605149,0,0,89.49606325390906,89.49606325390906,90.1478369754451
2371,2021-01-07T21:56:55,2021-01-07T22:30:35,203,57.6,78.4,20.800000000000004,25.25,121.39423076923075,33.66666793823242,93.68,31.12,119.48979591836735,-45.0,-45.0,19.70689655172414,21.0,121.39423076923075,120.668549605149,0,0,90.68997150420059,90.68997150420059,90.1478369754451
2372,2021-01-07T22:30:46,2021-01-07T22:57:06,159,78.4,94.4,16.0,19.084027777777777,119.2751736111111,26.33333396911621,113.3,37.64,120.02118644067795,-43.40880503144654,-18.5,20.553459119496857,22.0,119.2751736111111,120.62509969139029,0,0,89.10688776069905,89.10688776069905,90.11537685427076
2373,2021-01-08T06:22:05,2021-01-08T07:58:22,723,28.8,97.6,68.8,82.95093113472223,120.56821385860789,96.28333282470703,119.46,39.73,122.39754098360655,-51.64841840940526,-18.39999,24.152143845089903,28.0,120.56821385860789,120.59595345040438,0,0,90.072879162895,90.072879162895,90.09360257597339
2374,2021-01-09T09:11:19,2021-01-09T10:54:35,775,15.6,97.6,82.0,90.62620888055557,110.5197669275068,103.26667022705078,119.49,39.73,122.42827868852459,-52.627363212903234,-13.10001,23.571612903225805,28.0,110.5197669275068,120.55039918282507,0,0,82.56598727793063,82.56598727793063,90.05957035547588
2375,2021-01-09T16:05:54,2021-01-09T16:22:44,102,66.4,82.4,16.0,19.563334222222224,122.2708388888889,16.83333396911621,99.39,33.03,120.61893203883494,-69.73235617647059,-65.89999,20.995098039215687,23.0,122.2708388888889,120.59595345040438,0,0,91.34485901317355,91.34485901317355,90.09360257597339
2376,2021-01-09T16:22:55,2021-01-09T16:51:45,174,82.8,97.6,14.799999999999997,18.03347434722222,121.84779964339342,28.83333396911621,117.59,39.08,120.48155737704919,-37.53391247126437,-18.20001,21.75862068965517,23.0,121.84779964339342,120.62509969139029,0,0,91.0288191414594,91.0288191414594,90.11537685427076
2378,2021-01-10T19:52:51,2021-01-10T20:23:41,186,34.0,62.4,28.4,34.050137819444444,119.89485147691707,30.83333396911621,76.1,25.3,121.95512820512819,-66.24462155913979,-57.30002,21.448924731182796,26.0,119.89485147691707,120.62509969139029,0,0,89.56983041979922,89.56983041979922,90.11537685427076
2379,2021-01-10T20:23:52,2021-01-10T20:47:22,142,62.8,85.2,22.400000000000006,27.210971236111114,121.4775501612103,23.5,104.28,34.67,122.3943661971831,-69.47464535211267,-69.39999,25.359154929577464,27.0,121.4775501612103,120.62509969139029,0,0,90.75221691105799,90.75221691105799,90.11537685427076
2380,2021-01-11T02:18:10,2021-01-11T03:39:34,611,32.4,97.6,65.19999999999999,79.18512115277778,121.44957232021135,81.4000015258789,118.52,39.39,121.43442622950819,-58.34779792144027,-18.5,22.238952536824875,25.0,121.44957232021135,120.668549605149,0,0,90.73131550918028,90.73131550918028,90.1478369754451
2382,2021-01-11T13:42:39,2021-01-11T14:31:16,293,41.2,86.0,44.8,54.11216449444444,120.7860814608135,48.61666488647461,104.95,34.89,122.03488372093024,-66.75597003412969,-57.60001,23.47952218430034,27.0,120.7860814608135,120.70629390069661,0,0,90.23564148290407,90.23564148290407,90.17603460119692
2384,2021-01-11T23:49:48,2021-01-12T00:20:58,188,27.6,56.4,28.799999999999997,34.048896875000004,118.2253363715278,31.16666603088379,68.8,22.87,121.98581560283688,-65.53618558510638,-57.10001,21.492021276595743,27.0,118.2253363715278,120.62509969139029,0,0,88.32258599661562,88.32258599661562,90.11537685427076
2385,2021-01-12T00:21:09,2021-01-12T00:54:29,201,56.4,87.6,31.199999999999996,37.5138967638889,120.23684860220804,33.33333206176758,107.47,35.75,122.6826484018265,-67.46767587064677,-42.70001,26.286069651741293,29.0,120.23684860220804,120.59595345040438,0,0,89.82532616577184,89.82532616577184,90.09360257597339
2387,2021-01-12T05:47:26,2021-01-12T06:15:56,172,47.6,69.2,21.6,25.98208633333333,120.28743672839504,28.5,83.95,27.9,121.3150289017341,-54.68547145348838,-47.20001,22.351744186046513,27.0,120.28743672839504,120.55039918282507,0,0,89.86311903033614,89.86311903033614,90.05957035547588
2388,2021-01-12T06:16:07,2021-01-12T06:42:17,158,69.2,88.8,19.599999999999994,23.809307513888886,121.47605874433108,26.16666603088379,107.85,35.85,121.4527027027027,-54.565827278481024,-43.39999,24.59493670886076,27.0,121.47605874433108,120.55039918282507,0,0,90.75110271845247,90.75110271845247,90.05957035547588
2391,2021-01-12T17:21:13,2021-01-12T17:50:23,176,31.2,60.0,28.8,33.85625486111112,117.55644048996915,29.16666603088379,72.75,24.18,121.25,-69.64716909090909,-69.60001,20.943181818181817,24.0,117.55644048996915,120.55039918282507,0,0,87.82287404116735,87.82287404116735,90.05957035547588
2392,2021-01-12T17:50:34,2021-01-12T18:22:34,193,60.4,89.2,28.800000000000004,34.87750488888889,121.1024475308642,32.0,109.19,36.31,122.41031390134529,-65.3487138341969,-43.20001,24.080310880829014,26.0,121.1024475308642,120.55039918282507,0,0,90.47198903991718,90.47198903991718,90.05957035547588
2393,2021-01-12T18:22:45,2021-01-12T18:43:35,126,89.6,98.0,8.400000000000006,10.386670638888887,123.65084093915333,20.83333396911621,119.94,39.89,122.38775510204081,-29.91985269841271,-18.20001,24.996031746031747,26.0,123.65084093915333,120.55039918282507,0,0,92.37581695755998,92.37581695755998,90.05957035547588
2394,2021-01-13T18:31:17,2021-01-13T18:55:47,148,26.4,50.0,23.6,28.430559611111114,120.46847292843692,24.5,60.41,20.08,120.82,-69.62636128378378,-69.5,20.14527027027027,23.0,120.46847292843692,120.5005287177396,0,0,89.99836571972979,89.99836571972979,90.02231363389328
2395,2021-01-13T18:55:58,2021-01-13T19:21:28,154,50.4,75.6,25.199999999999996,29.598754250000002,117.45537400793654,25.5,92.12,30.63,121.85185185185188,-69.64416584415585,-69.60001,23.37987012987013,25.0,117.45537400793654,120.3790383628591,0,0,87.74737031815279,87.74737031815279,89.93155185096234
2396,2021-01-13T19:21:39,2021-01-13T19:54:25,198,75.6,97.6,22.0,26.91300767222222,122.33185305555556,32.766666412353516,119.46,39.73,122.39754098360655,-49.294963535353546,-13.0,25.032828282828284,26.0,122.33185305555556,120.5005287177396,0,0,91.39044085838387,91.39044085838387,90.02231363389328
2397,2021-01-14T16:49:04,2021-01-14T17:07:24,111,19.6,37.6,18.0,21.385138513888887,118.80632507716048,18.33333396911621,45.33,15.07,120.55851063829786,-69.98738612612613,-69.89999,21.59009009009009,24.0,118.80632507716048,120.5005287177396,0,0,88.75662515007633,88.75662515007633,90.02231363389328
2398,2021-01-14T17:07:35,2021-01-14T17:34:45,164,37.6,64.8,27.199999999999996,31.671108777777775,116.43789991830066,27.16666603088379,79.45,26.42,122.60802469135803,-69.94877536585366,-69.89999,25.25609756097561,28.0,116.43789991830066,120.5005287177396,0,0,86.987246088108,86.987246088108,90.02231363389328
2399,2021-01-14T17:34:56,2021-01-14T18:03:26,172,65.2,90.4,25.200000000000003,30.427501152777776,120.7440521935626,28.5,110.83,36.87,122.59955752212389,-64.0151186627907,-43.5,28.142441860465116,30.0,120.7440521935626,120.5005287177396,0,0,90.20424268392347,90.20424268392347,90.02231363389328
2402,2021-01-15T04:55:46,2021-01-15T05:15:56,122,68.8,87.2,18.400000000000006,22.55444554166667,122.57850837862317,20.16666603088379,105.18,34.96,120.61926605504588,-67.08360983606558,-59.10001,21.266393442622952,23.0,122.57850837862317,120.5005287177396,0,0,91.57470961711002,91.57470961711002,90.02231363389328
2403,2021-01-15T05:16:07,2021-01-15T05:40:17,146,87.2,97.6,10.399999999999991,12.802360958333335,123.09962459935909,24.16666603088379,117.6,39.08,120.49180327868852,-31.83424616438357,-18.30002,21.575342465753426,23.0,123.09962459935909,120.55039918282507,0,0,91.96401984140525,91.96401984140525,90.05957035547588
2407,2021-01-17T21:06:48,2021-01-17T21:38:28,191,49.6,80.4,30.800000000000004,36.99194775,120.10372646103895,31.66666603088379,98.36,32.71,122.33830845771143,-70.09005863874346,-69.80002,23.712041884816752,25.0,120.10372646103895,120.5183433935224,0,0,89.72587462583701,89.72587462583701,90.0356224413124
2408,2021-01-17T21:38:39,2021-01-17T22:06:59,171,80.4,97.6,17.19999999999999,20.887225986111112,121.43736038436701,28.33333396911621,119.71,39.82,122.65368852459017,-44.216967076023394,-13.20001,25.461988304093566,26.0,121.43736038436701,120.5973600995938,0,0,90.72219233992655,90.72219233992655,90.09465344119238
2411,2021-01-18T10:32:15,2021-01-18T10:59:35,165,60.0,85.6,25.599999999999994,31.19597490277778,121.85927696397573,27.33333396911621,103.16,34.28,120.51401869158879,-68.45697557575757,-59.20001,20.221212121212123,22.0,121.85927696397573,120.5973600995938,0,0,91.03739350178903,91.03739350178903,90.09465344119238
2412,2021-01-18T10:59:46,2021-01-18T11:17:26,107,86.0,95.6,9.599999999999994,11.936667902777778,124.34029065393526,17.66666603088379,115.64,38.44,120.96234309623432,-40.43925654205608,0.0,21.5,22.0,124.34029065393526,120.68527926707114,0,0,92.89088406240464,92.89088406240464,90.16033520170662
2414,2021-01-18T16:45:50,2021-01-18T17:17:50,193,49.2,71.2,22.0,26.565981097222227,120.7544595328283,32.0,87.17,28.99,122.42977528089887,-49.81141554404146,-49.80002,24.29015544041451,26.0,120.7544595328283,120.74925586319546,0,0,90.21201769345613,90.21201769345613,90.20813018868981
2415,2021-01-18T17:18:01,2021-01-18T17:47:11,176,71.2,90.8,19.599999999999994,23.89237083333334,121.89985119047626,29.16666603088379,111.4,37.05,122.68722466960354,-49.13524727272728,-43.30002,25.47159090909091,27.0,121.89985119047626,120.7702704968209,0,0,91.06770528367373,91.06770528367373,90.22382958818011
2418,2021-01-19T07:46:53,2021-01-19T08:15:03,170,68.0,90.4,22.400000000000006,26.97944695833333,120.44395963541662,28.16666603088379,107.69,35.77,119.12610619469027,-57.46706417647059,-43.5,18.176470588235293,19.0,120.44395963541662,120.7702704968209,0,0,89.98005257724024,89.98005257724024,90.22382958818011
2419,2021-01-19T08:15:14,2021-01-19T08:34:54,119,90.4,97.6,7.199999999999989,9.440973125,131.1246267361113,19.66666603088379,116.66,38.75,119.52868852459017,-28.821851512605043,-18.39999,18.915966386554622,20.0,131.1246267361113,120.81011068779313,0,0,97.95925709849307,97.95925709849307,90.25359299424231
2420,2021-01-19T17:03:31,2021-01-19T17:59:28,421,54.8,98.0,43.2,52.439667147222224,121.38811839634772,55.95000076293945,119.94,39.89,122.38775510204081,-56.22114064133016,-13.39999,24.475059382422803,26.0,121.38811839634772,120.88987277650013,0,0,90.68540513462048,90.68540513462048,90.3131808470267
2422,2021-01-20T18:02:11,2021-01-20T18:32:51,185,47.6,77.6,29.999999999999993,35.783889499999994,119.27963166666667,30.66666603088379,95.12,31.64,122.57731958762889,-70.01189308108108,-69.89999,24.66216216216216,27.0,119.27963166666667,120.86584354952049,0,0,89.11021823965787,89.11021823965787,90.29522933568848
2423,2021-01-20T18:33:02,2021-01-20T19:00:52,168,77.6,97.2,19.60000000000001,24.094027097222224,122.92870967970516,27.83333396911621,119.29,39.68,122.72633744855968,-51.87737952380952,-13.10001,26.532738095238095,28.0,122.92870967970516,121.02158982792136,0,0,91.8363344555773,91.8363344555773,90.4115826867543
2428,2021-01-21T14:31:22,2021-01-21T15:03:32,194,60.0,78.0,18.0,21.53917202777778,119.66206682098768,32.16666793823242,95.1,31.62,121.9230769230769,-40.176298659793815,-40.10001,24.015463917525775,25.0,119.66206682098768,121.02158982792136,0,0,89.3959240184894,89.3959240184894,90.4115826867543
2429,2021-01-21T15:03:43,2021-01-21T15:37:16,204,78.0,96.4,18.400000000000006,22.43078328611112,121.90643090277779,33.54999923706055,118.01,39.25,122.41701244813278,-40.11471573529412,-40.0,24.95343137254902,26.0,121.90643090277779,121.02158982792136,0,0,91.07262078844978,91.07262078844978,90.4115826867543
2431,2021-01-22T03:10:10,2021-01-22T03:28:10,109,40.0,54.8,14.799999999999997,17.878890569444444,120.80331465840844,18.0,66.75,22.19,121.8065693430657,-59.59633587155963,-58.5,23.21559633027523,25.0,120.80331465840844,120.87446014831797,0,0,90.24851588549228,90.24851588549228,90.30166653698257
2432,2021-01-22T03:28:21,2021-01-22T03:57:11,174,55.2,78.0,22.799999999999997,27.335974597222222,119.89462542641327,28.83333396911621,95.63,31.81,122.60256410256409,-56.88448764367817,-55.5,25.07471264367816,26.0,119.89462542641327,120.79469805961097,0,0,89.56966154428002,89.56966154428002,90.24207868419818
2433,2021-01-22T03:57:22,2021-01-22T04:27:32,182,78.0,97.6,19.599999999999994,23.930416194444447,122.09396017573701,30.16666603088379,119.67,39.81,122.61270491803279,-47.523075989011,-13.0,26.282967032967033,27.0,122.09396017573701,120.87446014831797,0,0,91.2127182569465,91.2127182569465,90.30166653698257
2436,2021-01-22T14:59:19,2021-01-22T15:32:19,199,53.2,85.6,32.39999999999999,38.74721944444444,119.59018347050757,33.0,104.95,34.91,122.60514018691589,-70.4492411557789,-70.39999,26.545226130653266,29.0,119.59018347050757,120.79469805961097,0,0,89.34222213360277,89.34222213360277,90.24207868419818
2437,2021-01-22T15:32:30,2021-01-22T15:53:50,129,85.6,97.6,12.0,15.150280875000002,126.25234062500002,21.33333396911621,119.71,39.82,122.65368852459017,-42.60621023255814,-13.80002,28.0,29.0,126.25234062500002,120.87446014831797,0,0,94.3193189747697,94.3193189747697,90.30166653698257
2439,2021-01-23T01:43:02,2021-01-23T02:11:42,173,35.2,51.2,16.0,19.07082930555556,119.19268315972225,28.66666603088379,62.77,20.87,122.59765625,-39.915598497109826,-39.89999,25.921965317919074,28.0,119.19268315972225,120.79469805961097,0,0,89.04526163037623,89.04526163037623,90.24207868419818
2440,2021-01-23T02:11:53,2021-01-23T02:39:23,166,51.6,66.8,15.199999999999996,18.302358013888888,120.4102500913743,27.5,81.86,27.23,122.54491017964074,-39.93252337349398,-39.89999,27.343373493975903,29.0,120.4102500913743,120.7702704968209,0,0,89.95486919274786,89.95486919274786,90.22382958818011
2441,2021-01-23T02:39:34,2021-01-23T03:05:44,158,67.2,81.2,14.0,17.432498805555554,124.51784861111109,26.16666603088379,99.55,33.12,122.59852216748767,-39.97214911392405,-39.89999,28.0,29.0,124.51784861111109,120.7702704968209,0,0,93.02353226137244,93.02353226137244,90.22382958818011
2442,2021-01-23T03:05:55,2021-01-23T03:34:15,171,81.6,96.8,15.200000000000003,18.86499761111111,124.11182638888887,28.33333396911621,118.79,39.51,122.71694214876034,-39.949702573099415,-39.89999,28.0,29.0,124.11182638888887,120.7702704968209,0,0,92.72020529492538,92.72020529492538,90.22382958818011
2444,2021-01-23T23:49:22,2021-01-24T00:18:42,177,30.8,49.2,18.400000000000002,22.0,119.56521739130433,29.33333396911621,60.31,20.06,122.58130081300813,-45.0,-45.0,25.031073446327685,27.0,119.56521739130433,120.7702704968209,0,0,89.323570728201,89.323570728201,90.22382958818011
2445,2021-01-24T00:18:53,2021-01-24T00:45:03,158,49.6,66.4,16.800000000000004,19.625,116.81547619047616,26.16666603088379,81.43999,27.09,122.65058734939758,-45.0,-45.0,27.14240506329114,28.0,116.81547619047616,120.7702704968209,0,0,87.26932194251455,87.26932194251455,90.22382958818011
2446,2021-01-24T00:45:14,2021-01-24T01:17:54,197,66.4,86.8,20.39999999999999,24.5,120.09803921568633,32.66666793823242,106.46,35.42,122.64976958525345,-45.0,-45.0,28.17258883248731,29.0,120.09803921568633,120.7702704968209,0,0,89.72162585622335,89.72162585622335,90.22382958818011
2449,2021-01-24T05:59:09,2021-01-24T06:26:29,165,62.0,76.8,14.799999999999997,18.216943916666665,123.08745889639641,27.33333396911621,94.03,31.27,122.43489583333333,-39.988483696969695,-39.89999,25.5,27.0,123.08745889639641,120.7702704968209,0,0,91.95493121134416,91.95493121134416,90.22382958818011
2450,2021-01-24T06:26:40,2021-01-24T06:44:30,108,76.8,86.8,10.0,11.884999611111109,118.84999611111108,17.83333396911621,106.21,35.32,122.36175115207372,-39.987035740740744,-39.89999,25.5,27.0,118.84999611111108,120.7702704968209,0,0,88.78925046348243,88.78925046348243,90.22382958818011
2451,2021-01-24T19:29:15,2021-01-24T19:50:35,129,30.0,43.6,13.600000000000001,16.422499739166664,120.75367455269605,21.33333396911621,53.39,17.76,122.45412844036697,-46.017053582945735,-0.2000122,26.75581395348837,28.0,120.75367455269605,120.7702704968209,0,0,90.21143125845528,90.21143125845528,90.22382958818011
2452,2021-01-24T19:50:46,2021-01-24T20:16:56,158,43.6,61.6,18.0,20.928055027777777,116.26697237654321,26.16666603088379,75.54,25.12,122.62987012987014,-47.98797348101266,-47.89999,28.60759493670886,30.0,116.26697237654321,120.7702704968209,0,0,86.85955127268687,86.85955127268687,90.22382958818011
2453,2021-01-24T20:17:07,2021-01-24T20:48:57,192,61.6,82.8,21.199999999999996,25.462777388888888,120.10744051362686,31.83333396911621,101.6,33.8,122.70531400966183,-47.99270760416666,-47.89999,29.75,31.0,120.10744051362686,120.75406704276219,0,0,89.72864928259976,89.72864928259976,90.2117244759557
2454,2021-01-24T20:49:08,2021-01-24T21:13:38,148,82.8,97.6,14.799999999999997,18.566527555555552,125.44951051051052,24.5,119.74,39.83,122.68442622950819,-45.4709454054054,-43.39999,30.5,31.0,125.44951051051052,120.75406704276219,0,0,93.71954879010438,93.71954879010438,90.2117244759557
2455,2021-01-25T13:26:59,2021-01-25T13:49:49,138,43.2,57.6,14.399999999999999,17.12763915277778,118.9419385609568,22.83333396911621,70.54,23.46,122.46527777777777,-45.00724710144927,-45.0,26.264492753623188,28.0,118.9419385609568,120.75406704276219,0,0,88.85793789700953,88.85793789700953,90.2117244759557
2456,2021-01-25T13:50:00,2021-01-25T14:13:07,140,57.6,72.0,14.399999999999999,17.3375,120.39930555555556,23.116666793823242,88.25,29.36,122.56944444444444,-45.0,-45.0,27.45357142857143,28.0,120.39930555555556,120.74886337312932,0,0,89.94669285985924,89.94669285985924,90.20783697118938
2458,2021-01-25T14:27:57,2021-01-25T14:52:07,146,81.2,95.6,14.399999999999991,17.860416666666666,124.03067129629638,24.16666603088379,117.24,39.0,122.63598326359832,-44.342465753424655,-43.5,28.568493150684933,30.0,124.03067129629638,120.74886337312932,0,0,92.65957677091731,92.65957677091731,90.20783697118938
2460,2021-01-26T11:44:39,2021-01-26T12:12:19,167,41.2,68.8,27.599999999999994,32.654034569444455,118.3117194545089,27.66666603088379,84.18999,28.0,122.36917151162791,-70.81618233532933,-70.70001,23.84431137724551,26.0,118.3117194545089,120.60626256099977,0,0,88.38712019469374,88.38712019469374,90.10130420182662
2461,2021-01-26T12:12:30,2021-01-26T12:41:30,175,69.2,93.2,24.0,29.039305972222216,120.99710821759257,29.0,114.28,38.02,122.61802575107295,-60.066857999999996,-44.10001,26.21142857142857,27.0,120.99710821759257,120.74886337312932,0,0,90.39329321344881,90.39329321344881,90.20783697118938
2464,2021-01-27T02:17:33,2021-01-27T02:45:33,169,11.6,30.8,19.200000000000003,22.592364125000003,117.66856315104167,28.0,37.57,12.49,121.98051948051949,-48.41184076923077,-47.39999,24.28698224852071,26.0,117.66856315104167,120.74886337312932,0,0,87.90663750235665,87.90663750235665,90.20783697118938
2465,2021-01-27T02:45:44,2021-01-27T03:19:24,203,30.8,52.8,21.999999999999996,26.562920319444444,120.74054690656567,33.66666793823242,64.73,21.53,122.59469696969697,-47.33744492610837,-46.20001,26.37192118226601,29.0,120.74054690656567,120.74886337312932,0,0,90.20162398964244,90.20162398964244,90.20783697118938
2466,2021-01-27T03:19:35,2021-01-27T03:46:45,164,53.2,70.8,17.599999999999994,21.32458651388889,121.16242337436873,27.16666603088379,86.86,28.89,122.68361581920905,-47.09878750000001,-46.20001,28.295731707317074,30.0,121.16242337436873,120.74886337312932,0,0,90.51679518518372,90.51679518518372,90.20783697118938
2467,2021-01-27T03:46:56,2021-01-27T04:17:36,185,70.8,90.4,19.60000000000001,23.870419416666667,121.78785416666662,30.66666603088379,110.86,36.87,122.63274336283186,-46.67351886486487,-34.5,29.0,30.0,121.78785416666662,120.75406704276219,0,0,90.98403568229737,90.98403568229737,90.2117244759557
2470,2021-01-27T17:48:52,2021-01-27T18:15:02,158,26.8,52.8,25.999999999999996,30.506247847222227,117.33172248931628,26.16666603088379,64.63,21.5,122.40530303030302,-69.95062797468354,-69.89999,28.2373417721519,31.0,117.33172248931628,120.74886337312932,0,0,87.65499399492008,87.65499399492008,90.20783697118938
2471,2021-01-27T18:15:13,2021-01-27T18:47:43,196,52.8,84.4,31.60000000000001,37.890136347222224,119.90549476969056,32.5,103.55,34.44,122.68957345971562,-69.95101571428572,-69.80002,31.40561224489796,33.0,119.90549476969056,120.74229955006413,0,0,89.57778170308693,89.57778170308693,90.20293333678296
2472,2021-01-27T18:47:54,2021-01-27T19:08:34,125,84.8,97.6,12.799999999999997,16.330002625000002,127.57814550781254,20.66666603088379,119.71,39.82,122.65368852459017,-47.36400752,-13.39999,32.5,33.0,127.57814550781254,120.74886337312932,0,0,95.30978784862391,95.30978784862391,90.20783697118938
2473,2021-01-28T06:53:10,2021-01-28T07:20:10,163,38.8,65.2,26.400000000000006,31.571393208333337,119.58861063762625,27.0,79.73,26.51,122.28527607361963,-70.15951877300614,-69.89999,23.644171779141104,26.0,119.58861063762625,120.74886337312932,0,0,89.3410471175556,89.3410471175556,90.20783697118938
2474,2021-01-28T07:20:21,2021-01-28T07:49:11,174,65.2,90.8,25.599999999999994,30.62653034722222,119.63488416883682,28.83333396911621,111.32,37.03,122.59911894273128,-63.69195936781609,-43.39999,26.166666666666668,28.0,119.63488416883682,120.74229955006413,0,0,89.3756166782365,89.3756166782365,90.20293333678296
2476,2021-01-29T09:25:35,2021-01-29T11:26:16,907,13.6,93.2,79.60000000000001,94.01799765,118.11306237437185,120.68333435058594,113.64,37.78,121.931330472103,-46.714883054024256,0.0,20.890297684674753,25.0,118.11306237437185,120.74229955006413,0,0,88.23870947679903,88.23870947679903,90.20293333678296
2478,2021-01-30T07:30:18,2021-01-30T07:58:18,169,24.0,52.0,28.0,32.710975097222224,116.82491106150793,28.0,62.71,20.84,120.59615384615384,-70.09586420118343,-69.80002,19.5,22.0,116.82491106150793,120.74229955006413,0,0,87.27637045033569,87.27637045033569,90.20293333678296
2479,2021-01-30T07:58:29,2021-01-30T08:48:05,300,52.4,94.8,42.4,50.42633730277778,118.93004080843816,49.599998474121094,116.05,38.59,122.415611814346,-60.98600483333333,-18.0,23.655,26.0,118.93004080843816,120.59225327099114,0,0,88.84904944465029,88.84904944465029,90.09083828344134
2482,2021-01-31T19:58:47,2021-01-31T20:27:57,176,37.6,56.8,19.199999999999996,21.875,113.9322916666667,29.16666603088379,68.05,22.64,119.80633802816902,-45.0,-45.0,24.670454545454547,26.0,113.9322916666667,120.42710486339546,0,0,85.11538167164045,85.11538167164045,89.96746088499405
2483,2021-01-31T20:28:08,2021-01-31T21:04:24,220,57.2,80.4,23.200000000000003,27.2,117.24137931034481,36.266666412353516,96.39,32.06,119.88805970149254,-45.0,-45.0,26.477272727272727,28.0,117.24137931034481,120.40477782346493,0,0,87.58750132846795,87.58750132846795,89.95078102630356
2484,2021-01-31T21:04:35,2021-01-31T21:33:25,174,80.4,97.6,17.19999999999999,21.050831125000002,122.38855305232568,28.83333396911621,117.13,38.96,120.01024590163934,-43.80459310344827,-42.39999,27.5,28.0,122.38855305232568,120.42710486339546,0,0,91.43279971727516,91.43279971727516,89.96746088499405
2485,2021-02-01T02:45:36,2021-02-01T03:44:51,446,52.0,97.6,45.599999999999994,54.53728163611112,119.59930183357702,59.25,117.05,38.94,119.92827868852459,-55.225564439461884,-42.20001,27.426008968609864,29.0,119.59930183357702,120.40477782346493,0,0,89.34903418786347,89.34903418786347,89.95078102630356
2486,2021-02-01T05:39:57,2021-02-01T05:56:37,101,89.2,97.6,8.399999999999991,10.295141125,122.56120386904776,16.66666603088379,116.81,38.84,119.68237704918033,-37.04753277227722,-13.0,26.282178217821784,28.0,122.56120386904776,120.40477782346493,0,0,91.56178193949022,91.56178193949022,89.95078102630356
2487,2021-02-01T17:30:56,2021-02-01T17:48:56,109,14.8,32.4,17.599999999999998,21.050419777777787,119.60465782828288,18.0,38.7,12.87,119.44444444444444,-70.1688176146789,-70.10001,28.344036697247706,30.0,119.60465782828288,120.2533730345912,0,0,89.35303549010142,89.35303549010142,89.8376710712295
2488,2021-02-01T17:49:07,2021-02-01T18:21:07,193,32.8,64.8,32.0,37.39028288888889,116.84463402777779,32.0,77.61,25.82,119.76851851851852,-70.10674533678757,-70.0,31.238341968911918,34.0,116.84463402777779,120.1027398646566,0,0,87.29110488406995,87.29110488406995,89.72513756941156
2489,2021-02-01T18:21:18,2021-02-01T18:56:08,210,65.2,94.8,29.599999999999994,35.52972623611111,120.0328589057808,34.83333206176758,113.72,37.83,119.957805907173,-61.17619738095238,-42.5,33.46190476190476,35.0,120.0328589057808,120.06544906073356,0,0,89.67293161094901,89.67293161094901,89.69727873358619
2492,2021-02-02T19:15:47,2021-02-02T19:43:17,166,33.2,61.2,28.0,32.294581819444446,115.33779221230158,27.5,73.29,24.38,119.75490196078432,-70.46023771084337,-70.30002,30.42168674698795,33.0,115.33779221230158,119.96917683773569,0,0,86.16538877350243,86.16538877350243,89.62535665701796
2493,2021-02-02T19:43:28,2021-02-02T20:13:38,182,61.6,90.0,28.4,34.07527579166667,119.98336546361504,30.16666603088379,107.89,35.89,119.87777777777778,-67.71263346153845,-42.70001,33.005494505494504,34.0,119.98336546361504,119.9444301166528,0,0,89.63595655182786,89.63595655182786,89.6068691274574
2495,2021-02-03T03:21:54,2021-02-03T03:41:04,116,38.8,58.0,19.200000000000003,22.38027961111111,116.56395630787034,19.16666603088379,69.48,23.11,119.79310344827587,-70.06035060344827,-70.0,27.17241379310345,29.0,116.56395630787034,119.90006009805191,0,0,87.08141901795446,87.08141901795446,89.57372162368347
2496,2021-02-03T03:41:15,2021-02-03T04:08:25,164,58.4,85.2,26.800000000000004,31.70194519444444,118.29084027777776,27.16666603088379,102.24,34.01,120.0,-70.01646506097562,-69.89999,29.286585365853657,31.0,118.29084027777776,119.90006009805191,0,0,88.37152199096708,88.37152199096708,89.57372162368347
2497,2021-02-03T04:08:36,2021-02-03T04:28:46,122,85.2,97.6,12.399999999999991,15.675692222222223,126.41687275985672,20.16666603088379,117.07,38.94,119.94877049180327,-46.717206557377054,-42.39999,30.0,31.0,126.41687275985672,119.90006009805191,0,0,94.44223597442551,94.44223597442551,89.57372162368347
2499,2021-02-03T17:07:26,2021-02-03T17:37:26,181,46.0,76.0,30.0,35.096116138888895,116.98705379629632,30.0,91.2,30.33,120.0,-70.19227524861878,-70.10001,30.26243093922652,32.0,116.98705379629632,119.90006009805191,0,0,87.39750240120678,87.39750240120678,89.57372162368347
2500,2021-02-03T17:37:37,2021-02-03T18:06:37,175,76.4,97.6,21.19999999999999,26.34250626388889,124.25710501834389,29.0,117.02,38.93,119.89754098360656,-54.51315582857144,-42.60001,32.01428571428571,33.0,124.25710501834389,119.90006009805191,0,0,92.82873858091399,92.82873858091399,89.57372162368347
2502,2021-02-04T00:49:39,2021-02-04T01:17:09,166,53.2,80.8,27.599999999999994,32.17500463888889,116.5761037640902,27.5,96.82999,32.21,119.83909653465346,-70.20001012048192,-70.10001,30.707831325301203,33.0,116.5761037640902,119.76475479762505,0,0,87.09049401642389,87.09049401642389,89.47263911125826
2503,2021-02-04T01:17:20,2021-02-04T01:42:00,149,80.8,98.0,17.200000000000003,20.904449097222226,121.53749475129199,24.66666603088379,117.51,39.09,119.90816326530613,-50.88658852348994,-42.60001,31.503355704697988,33.0,121.53749475129199,119.7701894692637,0,0,90.79699970783417,90.79699970783417,89.47669919066172
2505,2021-02-04T15:19:47,2021-02-04T15:52:37,198,47.2,78.0,30.799999999999997,36.06069358333333,117.08017397186147,32.83333206176758,93.53,31.11,119.91025641025641,-65.88181661616161,-55.5,30.67929292929293,32.0,117.08017397186147,119.61977099855986,0,0,87.46706967812725,87.46706967812725,89.36432608416897
2506,2021-02-04T15:52:48,2021-02-04T16:19:48,163,78.4,96.4,18.0,22.195698097222227,123.30943387345683,27.0,115.69,38.48,120.0103734439834,-49.320866993865046,-42.20001,31.85276073619632,33.0,123.30943387345683,119.7701894692637,0,0,92.12076202732851,92.12076202732851,89.47669919066172
2509,2021-02-05T01:42:08,2021-02-05T02:09:28,165,50.8,78.0,27.200000000000003,31.911529972222223,117.32180136846405,27.33333396911621,93.53,31.11,119.91025641025641,-70.05030787878789,-70.0,28.333333333333332,30.0,117.32180136846405,119.61977099855986,0,0,87.6475822245116,87.6475822245116,89.36432608416897
2510,2021-02-05T02:09:39,2021-02-05T02:37:19,167,78.0,98.0,20.0,24.153055,120.76527499999999,27.66666603088379,117.53,39.1,119.92857142857143,-52.276046706586826,0.0,29.706586826347305,31.0,120.76527499999999,119.7701894692637,0,0,90.22009760304813,90.22009760304813,89.47669919066172
2511,2021-02-05T13:41:14,2021-02-05T14:05:14,145,58.4,82.4,24.000000000000007,28.012223416666668,116.71759756944441,24.0,98.93999,32.91,120.07280339805824,-70.03034779310346,-69.89999,27.362068965517242,29.0,116.71759756944441,119.61977099855986,0,0,87.19619977438522,87.19619977438522,89.36432608416897
2512,2021-02-05T14:05:25,2021-02-05T14:28:05,137,82.4,97.6,15.199999999999989,18.815276902777775,123.78471646564336,22.66666603088379,117.05,38.94,119.92827868852459,-49.85182248175183,-42.30002,28.5,29.0,123.78471646564336,119.61977099855986,0,0,92.47583132896425,92.47583132896425,89.36432608416897
2513,2021-02-06T01:51:03,2021-02-06T02:13:33,136,21.6,44.0,22.4,26.27291890277778,117.28981653025795,22.5,52.77,17.55,119.93181818181819,-70.06103536764707,-69.89999,26.720588235294116,29.0,117.28981653025795,119.60197983092995,0,0,87.62368731577418,87.62368731577418,89.35103483898244
2514,2021-02-06T02:13:44,2021-02-06T02:42:54,176,44.4,73.6,29.199999999999996,34.04333477777778,116.58676293759514,29.16666603088379,88.29,29.37,119.9592391304348,-70.032389375,-69.89999,29.724431818181817,32.0,116.58676293759514,119.60197983092995,0,0,87.09845716372747,87.09845716372747,89.35103483898244
2515,2021-02-06T02:43:05,2021-02-06T03:11:15,170,74.0,95.6,21.599999999999994,26.70652822222222,123.64133436213994,28.16666603088379,114.64,38.13,119.9163179916318,-56.885295117647054,-42.30002,31.029411764705884,33.0,123.64133436213994,119.61977099855986,0,0,92.3687148803609,92.3687148803609,89.36432608416897
2518,2021-02-06T19:08:52,2021-02-06T19:37:12,171,73.6,93.2,19.60000000000001,23.103057875,117.87274426020403,28.33333396911621,111.76,37.18,119.91416309012875,-48.90877684210526,-42.5,27.406432748538013,29.0,117.87274426020403,119.60197983092995,0,0,88.05917505586551,88.05917505586551,89.35103483898244
2521,2021-02-06T23:08:36,2021-02-06T23:36:26,168,55.6,75.2,19.6,23.104730583333343,117.8812784863946,27.83333396911621,90.21,30.01,119.96010638297871,-49.80656565476191,-49.80002,31.586309523809526,33.0,117.8812784863946,119.59395623560164,0,0,88.06555071906737,88.06555071906737,89.34504065270954
2522,2021-02-06T23:36:37,2021-02-07T00:03:27,162,75.2,93.6,18.39999999999999,21.68514327777778,117.85403955314015,26.83333396911621,112.24,37.33,119.91452991452992,-48.47346654320989,-42.20001,32.0,33.0,117.85403955314015,119.59395623560164,0,0,88.04520133289806,88.04520133289806,89.34504065270954
2525,2021-02-07T18:17:29,2021-02-07T18:47:59,184,20.8,40.4,19.599999999999998,23.277641680555558,118.76347796201816,30.5,48.4,16.1,119.8019801980198,-45.79185336956522,-45.30002,31.706521739130434,33.0,118.76347796201816,119.26527459929153,0,0,88.7246153615825,88.7246153615825,89.09949250728258
2526,2021-02-07T18:48:10,2021-02-07T19:18:30,183,40.8,60.0,19.200000000000003,22.541671402777776,117.40453855613423,30.33333396911621,71.91,23.92,119.85,-44.58744109289617,-43.60001,33.650273224043715,35.0,117.40453855613423,119.26527459929153,0,0,87.7093926840746,87.7093926840746,89.09949250728258
2527,2021-02-07T19:18:41,2021-02-07T19:48:11,178,60.0,78.0,18.0,21.017919708333338,116.76622060185188,29.5,93.53,31.11,119.91025641025641,-42.748882584269666,-42.0,34.5,35.0,116.76622060185188,118.93598968469749,0,0,87.23252457660638,87.23252457660638,88.85349367082992
2528,2021-02-07T19:48:22,2021-02-07T20:18:22,181,78.0,94.8,16.799999999999997,20.55805843055556,122.36939541997357,30.0,113.74,37.84,119.9789029535865,-41.116027845303876,-40.30002,34.78176795580111,36.0,122.36939541997357,118.93598968469749,0,0,91.4184876274741,91.4184876274741,88.85349367082992
2531,2021-02-08T01:47:47,2021-02-08T02:14:27,161,32.4,59.2,26.800000000000004,31.086248069444444,115.99346294568822,26.66666603088379,70.89,23.58,119.7466216216216,-69.9440950310559,-69.80002,34.20807453416149,38.0,115.99346294568822,118.84675938522815,0,0,86.65522061930086,86.65522061930086,88.78683240311639
2532,2021-02-08T02:14:38,2021-02-08T02:47:18,197,59.6,90.4,30.800000000000004,36.493055180555565,118.48394539141415,32.66666793823242,108.41,36.06,119.92256637168141,-66.97258817258883,-42.20001,36.0,38.0,118.48394539141415,118.62371167671616,0,0,88.5157850020017,88.5157850020017,88.6202001817921
2535,2021-02-08T17:22:17,2021-02-08T17:51:27,176,36.4,66.0,29.6,33.97736023611112,114.78837917605105,29.16666603088379,79.05,26.29,119.77272727272727,-69.8960209659091,-69.80002,31.30965909090909,33.0,114.78837917605105,118.39783242296153,0,0,85.75493885108135,85.75493885108135,88.45145259834771
2536,2021-02-08T17:51:38,2021-02-08T18:21:08,178,66.0,92.4,26.400000000000006,31.260000763888893,118.40909380260942,29.5,110.8,36.86,119.9134199134199,-63.537642022471914,-42.20001,33.306179775280896,35.0,118.40909380260942,118.44651959701179,0,0,88.45986563571279,88.45986563571279,88.48782531885725
2538,2021-02-09T23:10:24,2021-02-09T23:28:54,112,44.8,63.6,18.800000000000004,21.630696694444453,115.05689731087472,18.5,75.43999,25.07,118.61633647798742,-70.15357875000001,-69.89999,22.191964285714285,24.0,115.05689731087472,118.34996704019359,0,0,85.9555406576187,85.9555406576187,88.41569381333994
2539,2021-02-09T23:29:05,2021-02-09T23:57:55,175,63.6,89.6,25.999999999999993,31.065364130555555,119.482169732906,28.83333396911621,106.82,35.52,119.21875,-64.53086337142857,-42.20001,24.014285714285716,26.0,119.482169732906,118.44651959701179,0,0,89.26152832531325,89.26152832531325,88.48782531885725
2541,2021-02-10T17:15:14,2021-02-10T17:37:04,132,38.0,53.6,15.600000000000001,18.114867097222223,116.12094293091167,21.83333396911621,63.09,20.96,117.70522388059702,-49.78183454545456,-49.70001,20.09469696969697,22.0,116.12094293091167,118.34996704019359,0,0,86.75045707455916,86.75045707455916,88.41569381333994
2542,2021-02-10T17:37:15,2021-02-10T18:06:25,176,53.6,74.4,20.800000000000004,24.201536819444453,116.35354240117523,29.16666603088379,87.96,29.23,118.22580645161288,-49.78581403409091,-49.70001,21.792613636363637,23.0,116.35354240117523,118.2019513260748,0,0,86.92422512923876,86.92422512923876,88.30511573388306
2543,2021-02-10T18:06:36,2021-02-10T18:36:36,181,74.4,94.4,20.0,23.84056481944445,119.20282409722223,30.0,112.14,37.28,118.79237288135593,-47.67184171270719,-42.20001,22.900552486187845,24.0,119.20282409722223,118.2019513260748,0,0,89.05283761917794,89.05283761917794,88.30511573388306
2546,2021-02-12T04:25:09,2021-02-12T05:34:32,521,12.0,55.6,43.6,50.92684019444444,116.80467934505604,69.38333129882812,66.48,22.11,119.568345323741,-44.038777543186185,-42.89999,23.072936660268713,26.0,116.80467934505604,118.2019513260748,0,0,87.26125594467199,87.26125594467199,88.30511573388306
2547,2021-02-12T05:34:43,2021-02-12T06:44:06,521,56.0,97.6,41.599999999999994,49.98903458194445,120.16594851428957,69.38333129882812,116.82,38.85,119.69262295081967,-43.22438207293666,-36.30002,25.58637236084453,27.0,120.16594851428957,118.2019513260748,0,0,89.7723588467137,89.7723588467137,88.30511573388306
2549,2021-02-13T08:12:42,2021-02-13T08:39:52,164,40.8,68.4,27.60000000000001,31.778198972222228,115.1384020732689,27.16666603088379,81.47,27.08,119.10818713450291,-70.18476609756098,-70.10001,22.34451219512195,24.0,115.1384020732689,117.99717043038322,0,0,86.01643040939807,86.01643040939807,88.1521300979332
2550,2021-02-13T08:40:03,2021-02-13T09:07:13,164,68.8,92.0,23.200000000000003,27.942921458333334,120.4436269755747,27.16666603088379,110.17,36.64,119.75,-61.68171786585366,-42.5,24.539634146341463,26.0,120.4436269755747,117.99717043038322,0,0,89.9798040570973,89.9798040570973,88.1521300979332
2553,2021-02-13T11:59:49,2021-02-13T12:32:09,195,72.8,97.6,24.799999999999997,29.47014104166667,118.8312138776882,32.33333206176758,117.02,38.93,119.89754098360656,-54.6189783076923,-12.89999,27.923076923076923,29.0,118.8312138776882,117.99717043038322,0,0,88.77521882290847,88.77521882290847,88.1521300979332
2555,2021-02-13T16:12:47,2021-02-13T16:31:27,113,59.2,77.6,18.39999999999999,21.821529847222223,118.59527090881649,18.66666603088379,93.03,30.94,119.88402061855672,-70.14248451327434,-69.80002,30.123893805309734,31.0,118.59527090881649,118.08605938208618,0,0,88.59895294117749,88.59895294117749,88.21853635501722
2556,2021-02-13T16:31:38,2021-02-13T16:54:26,139,78.0,95.2,17.200000000000003,20.545058049999998,119.4480119186046,22.799999237060547,114.19,37.99,119.94747899159663,-54.221589352517995,-42.20001,30.97482014388489,32.0,119.4480119186046,118.34996704019359,0,0,89.23601005161926,89.23601005161926,88.41569381333994
2557,2021-02-14T12:43:38,2021-02-14T13:05:18,131,29.6,51.6,22.0,25.197640347222226,114.53472885101012,21.66666603088379,61.77,20.54,119.7093023255814,-69.57633992366414,-16.89999,24.1793893129771,27.0,114.53472885101012,118.08605938208618,0,0,85.56544433718042,85.56544433718042,88.21853635501722
2558,2021-02-14T13:05:29,2021-02-14T13:35:09,179,51.6,81.2,29.6,34.573751375,116.80321410472972,29.66666603088379,97.43,32.41,119.98768472906404,-69.9240251396648,-69.70001,27.41340782122905,29.0,116.80321410472972,118.08605938208618,0,0,87.26016130778027,87.26016130778027,88.21853635501722
2559,2021-02-14T13:35:20,2021-02-14T13:59:30,146,81.6,97.6,16.0,20.077641222222223,125.4852576388889,24.16666603088379,117.13,38.96,120.01024590163934,-49.89041684931508,-42.10001,29.027397260273972,30.0,125.4852576388889,118.34996704019359,0,0,93.74625439245014,93.74625439245014,88.41569381333994
2560,2021-02-15T18:34:40,2021-02-15T18:52:20,107,14.4,32.0,17.6,20.66930790277778,117.43924944760101,17.66666603088379,38.23,12.72,119.46874999999999,-70.19907336448598,-69.89999,26.210280373831775,28.0,117.43924944760101,118.08605938208618,0,0,87.73532414505146,87.73532414505146,88.21853635501722
2561,2021-02-15T18:52:31,2021-02-15T19:21:11,173,32.0,61.2,29.200000000000003,33.50875331944445,114.75600451864537,28.66666603088379,73.37,24.4,119.88562091503269,-70.13526710982659,-69.80002,29.395953757225435,32.0,114.75600451864537,117.87701137329933,0,0,85.73075272016743,85.73075272016743,88.06236288746643
2562,2021-02-15T19:21:22,2021-02-15T19:45:42,147,61.2,85.2,24.0,28.434446625000007,118.47686093750004,24.33333396911621,102.3,34.03,120.07042253521126,-70.11225027210884,-69.80002,32.04421768707483,33.0,118.47686093750004,117.87701137329933,0,0,88.51049241997764,88.51049241997764,88.06236288746643
2563,2021-02-15T19:45:53,2021-02-15T20:03:33,107,85.6,96.8,11.200000000000003,13.852640361111112,123.68428893849203,17.66666603088379,116.13,38.63,119.96900826446281,-47.13178074766355,-42.20001,32.5,33.0,123.68428893849203,117.87701137329933,0,0,92.40080494988612,92.40080494988612,88.06236288746643
2564,2021-02-16T17:57:11,2021-02-16T18:19:11,133,48.8,70.8,22.0,25.708335972222226,116.85607260101011,22.0,84.89,28.23,119.90112994350284,-70.11278909774437,-69.89999,28.729323308270676,30.0,116.85607260101011,117.87701137329933,0,0,87.29965029742209,87.29965029742209,88.06236288746643
2565,2021-02-16T18:19:22,2021-02-16T18:48:02,173,70.8,94.4,23.60000000000001,28.380557888888895,120.25660122410544,28.66666603088379,113.21,37.66,119.9258474576271,-59.383241965317914,-42.20001,30.291907514450866,31.0,120.25660122410544,117.87701137329933,0,0,89.84008275433175,89.84008275433175,88.06236288746643
2568,2021-02-16T22:31:29,2021-02-16T23:01:49,183,70.8,91.6,20.799999999999997,24.830564041666666,119.37771173878207,30.33333396911621,109.87,36.54,119.94541484716159,-49.101109672131145,-42.70001,31.546448087431695,33.0,119.37771173878207,118.08605938208618,0,0,89.18349090582093,89.18349090582093,88.21853635501722
2570,2021-02-17T12:21:35,2021-02-17T12:42:35,127,58.8,70.4,11.600000000000009,13.642637180555553,117.60894121168572,21.0,83.91,27.9,119.19034090909089,-38.84881401574803,-5.0,23.440944881889763,24.0,117.60894121168572,117.87701137329933,0,0,87.86209574821434,87.86209574821434,88.06236288746643
2571,2021-02-17T12:42:46,2021-02-17T13:14:56,194,70.8,88.8,18.0,21.395967374999998,118.86648541666666,32.16666793823242,106.33,35.36,119.740990990991,-39.90978479381444,-39.89999,24.283505154639176,25.0,118.86648541666666,118.08605938208618,0,0,88.80156912674579,88.80156912674579,88.21853635501722
2573,2021-02-18T15:26:52,2021-02-18T16:04:03,280,5.6,40.8,35.199999999999996,37.20411342222223,105.69350404040406,37.18333435058594,48.86,16.25,119.75490196078432,-60.03393232142858,-59.70001,24.226785714285715,26.0,105.69350404040406,117.87701137329933,0,0,78.96043171792071,78.96043171792071,88.06236288746643
2574,2021-02-18T16:04:14,2021-02-18T17:18:25,557,40.8,97.6,56.8,70.02929432916667,123.29101114289908,74.18333435058594,117.07,38.94,119.94877049180327,-56.628188850987435,-42.10001,29.15798922800718,31.0,123.29101114289908,117.87701137329933,0,0,92.1069989605112,92.1069989605112,88.06236288746643
2575,2021-02-19T01:09:50,2021-02-19T01:30:20,124,25.2,38.4,13.2,15.334998611111107,116.17423190235687,20.5,45.9,15.26,119.53125,-44.88306056451613,-44.80002,25.04032258064516,27.0,116.17423190235687,117.87701137329933,0,0,86.79026765922394,86.79026765922394,88.06236288746643
2576,2021-02-19T01:30:31,2021-02-19T01:58:41,170,38.4,56.8,18.4,21.033342055555558,114.3116416062802,28.16666603088379,68.11,22.66,119.91197183098592,-44.804724470588255,-44.80002,26.511764705882353,29.0,114.3116416062802,117.86339190667209,0,0,85.39878257953917,85.39878257953917,88.05218819438178
2578,2021-02-19T02:10:04,2021-02-19T02:40:31,185,64.4,83.6,19.19999999999999,22.76869478611111,118.58695201099542,30.450000762939453,100.25,33.35,119.91626794258374,-44.86432502702703,-44.80002,27.856756756756756,29.0,118.58695201099542,117.87701137329933,0,0,88.59273814331141,88.59273814331141,88.06236288746643
2579,2021-02-19T02:40:42,2021-02-19T02:59:32,114,83.6,94.8,11.200000000000003,13.71236691666667,122.4318474702381,18.83333396911621,113.71,37.82,119.94725738396625,-43.68422903508773,-42.20001,28.0,29.0,122.4318474702381,117.87701137329933,0,0,91.46514367218874,91.46514367218874,88.06236288746643
2581,2021-02-19T11:20:13,2021-02-19T11:50:13,181,62.4,89.6,27.199999999999996,32.13111355555556,118.12909395424839,30.0,107.25,35.67,119.69866071428572,-64.21823690607735,-42.20001,24.69889502762431,26.0,118.12909395424839,118.00518622032149,0,0,88.25068618700146,88.25068618700146,88.15811845303442
2583,2021-02-20T02:57:37,2021-02-20T03:23:52,159,22.0,50.0,28.0,32.50903116666667,116.10368273809523,26.25,59.81,19.89,119.62,-74.30692597484276,-74.10001,25.141509433962263,28.0,116.10368273809523,117.87701137329933,0,0,86.73756250465448,86.73756250465448,88.06236288746643
2584,2021-02-20T03:24:03,2021-02-20T03:57:46,204,50.4,86.4,36.00000000000001,41.67692138888889,115.7692260802469,33.71666717529297,103.57,34.45,119.87268518518516,-74.16569465686274,-73.80002,28.683823529411764,31.0,115.7692260802469,117.87701137329933,0,0,86.48770001467078,86.48770001467078,88.06236288746643
2585,2021-02-20T15:59:39,2021-02-20T16:22:49,140,29.2,52.8,23.599999999999998,27.07500283333334,114.72458827683619,23.16666603088379,63.33,21.06,119.94318181818181,-70.1228645,-69.89999,27.32857142857143,30.0,114.72458827683619,117.86339190667209,0,0,85.7072825926631,85.7072825926631,88.05218819438178
2586,2021-02-20T16:23:00,2021-02-20T16:54:20,189,52.8,84.0,31.200000000000003,36.58875238888889,117.27164227207976,31.33333396911621,100.79,33.52,119.98809523809526,-70.06349661375661,-69.80002,30.53968253968254,32.0,117.27164227207976,117.86339190667209,0,0,87.61010987518375,87.61010987518375,88.05218819438178
2587,2021-02-20T16:54:31,2021-02-20T17:15:41,128,84.4,98.0,13.599999999999994,16.85125111111111,123.90625816993469,21.16666603088379,117.51,39.09,119.90816326530613,-47.833596875000005,-42.20001,31.828125,33.0,123.90625816993469,117.86339190667209,0,0,92.56663147349259,92.56663147349259,88.05218819438178
2589,2021-02-21T13:44:33,2021-02-21T14:15:33,187,41.2,72.4,31.200000000000003,36.07528452777778,115.6259119480057,31.0,86.75999,28.86,119.8342403314917,-69.8230077540107,-69.80002,28.323529411764707,30.0,115.6259119480057,117.86339190667209,0,0,86.38063434534905,86.38063434534905,88.05218819438178
2590,2021-02-21T14:15:44,2021-02-21T14:36:37,128,72.4,90.8,18.39999999999999,21.907237309722216,119.06107233544688,20.883333206176758,108.89,36.22,119.9229074889868,-62.97969109375001,-42.30002,30.34375,31.0,119.06107233544688,117.87701137329933,0,0,88.94693914974808,88.94693914974808,88.06236288746643
2592,2021-02-21T23:41:00,2021-02-22T01:05:35,635,20.8,97.6,76.8,90.90751575972222,118.36916114547164,84.58333587646484,117.04,38.93,119.91803278688525,-64.47496198425198,-42.30002,31.930708661417324,35.0,118.36916114547164,117.87701137329933,0,0,88.43003315096483,88.43003315096483,88.06236288746643
2593,2021-02-22T09:06:52,2021-02-22T09:29:02,134,58.8,80.4,21.60000000000001,25.84916601388889,119.67206487911518,22.16666603088379,96.39,32.06,119.88805970149254,-69.96865500000001,-69.80002,25.563432835820894,27.0,119.67206487911518,118.00518622032149,0,0,89.4033932664177,89.4033932664177,88.15811845303442
2594,2021-02-22T09:29:13,2021-02-22T09:53:53,149,80.8,97.6,16.799999999999997,20.75444459722222,123.53836069775133,24.66666603088379,117.13,38.96,120.01024590163934,-50.52214798657718,-42.30002,26.86577181208054,28.0,123.53836069775133,118.24912754986002,0,0,92.29178635888248,92.29178635888248,88.34035966898315
2596,2021-02-22T14:22:01,2021-02-22T14:39:01,103,89.2,97.6,8.399999999999991,10.294168097222222,122.54962020502659,17.0,117.05,38.94,119.92827868852459,-36.249519611650484,-13.0,29.538834951456312,31.0,122.54962020502659,118.38912747404052,0,0,91.55312813318216,91.55312813318216,88.44494939333882
2598,2021-02-22T22:05:43,2021-02-22T22:32:43,163,53.6,80.8,27.199999999999996,31.914026458333332,117.3309796262255,27.0,96.98,32.26,120.02475247524754,-70.9196290184049,-70.80002,32.714723926380366,35.0,117.3309796262255,118.24912754986002,0,0,87.65443902429169,87.65443902429169,88.34035966898315
2600,2021-02-23T03:25:05,2021-02-23T03:52:15,164,54.8,81.2,26.400000000000006,31.619587680555565,119.77116545664984,27.16666603088379,97.39,32.4,119.93842364532019,-69.83476567073171,-69.80002,30.125,32.0,119.77116545664984,118.38912747404052,0,0,89.4774283214258,89.4774283214258,88.44494939333882
2601,2021-02-23T03:52:26,2021-02-23T04:16:06,143,81.6,97.6,16.0,19.852782986111116,124.07989366319447,23.66666603088379,117.1,38.95,119.97950819672131,-50.3706425874126,-42.20001,31.02097902097902,33.0,124.07989366319447,118.44297737005473,0,0,92.69634931787502,92.69634931787502,88.48517902784522
2602,2021-02-23T18:10:59,2021-02-23T19:35:10,632,11.6,92.4,80.80000000000001,94.89858074583336,117.44873854682344,84.18333435058594,110.82,36.86,119.93506493506491,-67.61725487341774,-42.0,34.49604430379747,38.0,117.44873854682344,118.38912747404052,0,0,87.74241316511963,87.74241316511963,88.44494939333882
2603,2021-02-24T08:11:33,2021-02-24T09:21:36,526,28.4,94.0,65.6,76.90479612777779,117.23292092649054,70.05000305175781,112.71,37.49,119.90425531914893,-65.81635363117871,0.0,30.564638783269963,33.0,117.23292092649054,118.38912747404052,0,0,87.58118232478998,87.58118232478998,88.44494939333882
2606,2021-02-24T16:05:58,2021-02-24T16:28:58,139,52.8,65.6,12.799999999999997,14.976109433333333,117.0008549479167,23.0,78.6,26.14,119.81707317073172,-38.94819703597122,-4.899994,30.902877697841728,32.0,117.0008549479167,118.24912754986002,0,0,87.40781282567461,87.40781282567461,88.34035966898315
2607,2021-02-24T16:29:09,2021-02-24T17:02:29,201,65.6,84.4,18.80000000000001,22.20263693055556,118.09913260933801,33.33333206176758,101.18,33.65,119.88151658767772,-39.964673084577115,-39.89999,31.32089552238806,33.0,118.09913260933801,118.24912754986002,0,0,88.22830296912586,88.22830296912586,88.34035966898315
2610,2021-02-25T01:24:19,2021-02-25T02:14:54,305,29.6,79.6,49.99999999999999,58.45486091666667,116.90972183333335,50.58333206176758,95.52,31.77,120.0,-69.309508,-50.39999,31.231147540983606,34.0,116.90972183333335,118.11411328179321,0,0,87.33973002213213,87.33973002213213,88.23949457806367
2611,2021-02-25T02:15:05,2021-02-25T02:35:51,126,80.0,95.2,15.200000000000003,18.590138361111105,122.30354184941514,20.766666412353516,114.23,38.0,119.98949579831933,-53.78333182539683,-42.30002,33.53968253968254,35.0,122.30354184941514,118.24912754986002,0,0,91.36929040945517,91.36929040945517,88.34035966898315
2613,2021-02-25T08:28:34,2021-02-25T08:55:34,163,50.8,68.0,17.200000000000003,20.297365611111115,118.0079395994832,27.0,81.47,27.1,119.80882352941175,-45.105531472392634,-45.10001,28.236196319018404,30.0,118.0079395994832,118.11411328179321,0,0,88.16017541963103,88.16017541963103,88.23949457806367
2614,2021-02-25T08:55:45,2021-02-25T09:25:05,177,68.4,86.8,18.39999999999999,22.048893777777785,119.83094444444454,29.33333396911621,104.12,34.63,119.95391705069125,-45.10001,-45.10001,28.694915254237287,31.0,119.83094444444454,118.24912754986002,0,0,89.52208740172392,89.52208740172392,88.34035966898315
2615,2021-02-25T09:25:16,2021-02-25T09:43:26,110,86.8,97.6,10.799999999999997,13.117223180555557,121.45577019032926,18.16666603088379,117.04,38.93,119.91803278688525,-43.327275909090915,-42.5,29.5,31.0,121.45577019032926,118.42301104148584,0,0,90.73594575116805,90.73594575116805,88.47026278547123
2617,2021-02-25T19:00:22,2021-02-25T19:29:42,177,30.4,51.6,21.200000000000003,24.338203375000003,114.80284610849057,29.33333396911621,61.8,20.56,119.76744186046511,-49.782504124293794,-49.70001,28.516949152542374,31.0,114.80284610849057,118.24912754986002,0,0,85.76574666033538,85.76574666033538,88.34035966898315
2618,2021-02-25T19:29:53,2021-02-25T19:58:43,174,51.6,72.4,20.800000000000004,23.912368791666673,114.96331149839745,28.83333396911621,86.84,28.89,119.94475138121545,-49.75978609195402,-49.70001,30.551724137931036,32.0,114.96331149839745,118.24912754986002,0,0,85.8856255173935,85.8856255173935,88.34035966898315
2619,2021-02-25T19:58:54,2021-02-25T20:25:14,159,72.4,90.4,18.0,21.687229680555554,120.48460933641975,26.33333396911621,108.4,36.05,119.91150442477877,-49.39246981132075,-42.20001,31.062893081761008,32.0,120.48460933641975,118.24912754986002,0,0,90.01042074385137,90.01042074385137,88.34035966898315
2622,2021-02-26T20:03:19,2021-02-26T20:32:59,179,24.4,43.6,19.200000000000003,22.25,115.88541666666664,29.66666603088379,52.2,17.36,119.72477064220185,-45.0,-45.0,25.38268156424581,27.0,115.88541666666664,118.24912754986002,0,0,86.57450250029709,86.57450250029709,88.34035966898315
2623,2021-02-26T20:33:10,2021-02-26T21:02:20,176,43.6,63.2,19.6,21.875,111.60714285714285,29.16666603088379,75.71,25.18,119.79430379746834,-45.0,-45.0,27.551136363636363,29.0,111.60714285714285,118.11411328179321,0,0,83.37833306609672,83.37833306609672,88.23949457806367
2624,2021-02-26T21:02:31,2021-02-26T21:31:21,174,63.2,81.6,18.39999999999999,21.646529930555555,117.64418440519329,28.83333396911621,97.9,32.56,119.97549019607844,-45.04483206896551,-45.0,28.5,29.0,117.64418440519329,118.0535361044106,0,0,87.88842487600456,87.88842487600456,88.19423919437844
2625,2021-02-26T21:31:32,2021-02-26T21:58:12,161,81.6,97.6,16.0,19.460277625,121.62673515624999,26.66666603088379,117.1,38.95,119.97950819672131,-43.785713975155275,-42.39999,29.279503105590063,30.0,121.62673515624999,118.0535361044106,0,0,90.86366852505375,90.86366852505375,88.19423919437844
2627,2021-02-27T03:00:05,2021-02-27T03:26:55,162,69.2,92.4,23.200000000000003,27.589863069444448,118.92182357519157,26.83333396911621,110.8,36.86,119.9134199134199,-61.65802913580247,-42.10001,26.17283950617284,28.0,118.92182357519157,118.0535361044106,0,0,88.84291059732405,88.84291059732405,88.19423919437844
2783,2021-02-27T11:57:57,2021-02-27T12:25:17,165,79.2,88.4,9.200000000000003,11.210282333333335,121.85089492753622,27.33333396911621,105.36,35.03,119.18552036199095,-24.60788878787879,-24.60001,24.0,25.0,121.85089492753622,118.11411328179321,0,0,91.03113153496383,91.03113153496383,88.23949457806367
2784,2021-02-27T12:25:28,2021-02-27T12:54:08,173,88.4,96.8,8.399999999999991,10.649859916666664,126.78404662698424,28.66666603088379,115.39,38.36,119.20454545454545,-22.293061098265895,-20.89999,24.309248554913296,25.0,126.78404662698424,118.24912754986002,0,0,94.71654050550478,94.71654050550478,88.34035966898315
2786,2021-02-27T18:18:09,2021-02-27T19:19:48,463,45.6,97.6,51.99999999999999,61.97175485277778,119.17645163995729,61.650001525878906,117.09,38.94,119.96926229508198,-60.27214293736501,-12.70001,28.415766738660906,31.0,119.17645163995729,118.24912754986002,0,0,89.03313555110849,89.03313555110849,88.34035966898315
2787,2021-02-28T03:02:14,2021-02-28T03:30:54,173,66.4,82.0,15.599999999999994,18.666805553194443,119.65900995637467,28.66666603088379,97.73,32.49,119.18292682926831,-38.960693689595374,-0.3000183,24.73699421965318,26.0,119.65900995637467,118.42301104148584,0,0,89.39364032705785,89.39364032705785,88.47026278547123
2789,2021-02-28T14:54:18,2021-02-28T15:17:08,138,37.6,44.8,7.199999999999996,8.56319451388889,118.93325713734578,22.83333396911621,53.2,17.68,118.75000000000001,-22.50217413043478,-22.5,23.340579710144926,24.0,118.93325713734578,118.53190647424773,0,0,88.85145226705076,88.85145226705076,88.55161528164453
2790,2021-02-28T15:17:19,2021-02-28T15:40:53,143,44.8,52.8,8.0,8.8375,110.46875,23.566667556762695,62.89,20.9,119.10984848484848,-22.5,-22.5,23.947552447552447,25.0,110.46875,118.47805657823352,0,0,82.52787406882256,82.52787406882256,88.51138564713813
2791,2021-02-28T15:41:04,2021-02-28T16:08:24,165,52.8,61.6,8.800000000000004,10.25,116.47727272727268,27.33333396911621,73.62,24.48,119.51298701298703,-22.5,-22.5,24.5,25.0,116.47727272727268,118.24912754986002,0,0,87.01666032716273,87.01666032716273,88.34035966898315
2792,2021-02-28T16:08:35,2021-02-28T16:29:56,130,62.0,68.8,6.799999999999997,8.00625,117.73897058823533,21.350000381469727,82.32,27.37,119.65116279069767,-22.5,-22.5,24.646153846153847,26.0,117.73897058823533,118.24912754986002,0,0,87.95923677690467,87.95923677690467,88.34035966898315
2793,2021-03-01T12:05:39,2021-03-01T12:23:49,110,12.4,30.4,18.0,21.194028791666668,117.74460439814816,18.16666603088379,36.3,12.07,119.4078947368421,-69.99818509090909,-69.70001,24.59090909090909,26.0,117.74460439814816,118.11411328179321,0,0,87.96344562651157,87.96344562651157,88.23949457806367
2794,2021-03-01T12:24:00,2021-03-01T12:53:50,180,30.4,60.4,30.0,34.770140402777784,115.90046800925928,29.83333396911621,72.39,24.08,119.85099337748345,-69.92889199999999,-69.70001,27.70277777777778,30.0,115.90046800925928,118.0535361044106,0,0,86.58574690476489,86.58574690476489,88.19423919437844
2795,2021-03-01T12:54:01,2021-03-01T13:27:11,200,60.4,90.8,30.4,36.005835625,118.44024876644738,33.16666793823242,108.91,36.23,119.94493392070486,-65.09150410000001,-42.10001,30.8375,32.0,118.44024876644738,118.11411328179321,0,0,88.48314057031862,88.48314057031862,88.23949457806367
2797,2021-03-01T16:29:52,2021-03-01T16:50:32,156,79.2,93.6,14.399999999999991,17.194223977777778,119.40433317901243,20.66666603088379,112.26,37.34,119.93589743589745,-49.91282557692308,-42.20001,30.96474358974359,32.0,119.40433317901243,118.11411328179321,0,0,89.20337898156056,89.20337898156056,88.23949457806367
2798,2021-03-02T18:31:49,2021-03-02T19:47:28,568,25.2,95.2,70.0,82.25674097916668,117.50962997023812,75.6500015258789,114.15,37.97,119.90546218487394,-65.22148272887324,-42.5,27.338028169014084,30.0,117.50962997023812,118.11411328179321,0,0,87.78790331254538,87.78790331254538,88.23949457806367
2799,2021-03-03T01:15:08,2021-03-03T01:55:26,303,54.0,91.2,37.2,44.23340492361112,118.90700248282558,40.29999923706055,109.35,36.38,119.90131578947367,-65.82178534653464,-42.5,26.622112211221122,29.0,118.90700248282558,118.11411328179321,0,0,88.83183820586183,88.83183820586183,88.23949457806367
2800,2021-03-04T01:25:21,2021-03-04T02:41:40,573,24.8,95.2,70.4,82.89981147916667,117.7554140329072,76.31666564941406,114.19,37.99,119.94747899159663,-65.1572472251309,-42.60001,25.954624781849912,29.0,117.7554140329072,118.11411328179321,0,0,87.97152117888383,87.97152117888383,88.23949457806367
2801,2021-03-04T15:24:20,2021-03-04T16:22:46,439,32.8,89.2,56.400000000000006,66.3813784152778,117.69747945971238,58.43333435058594,106.93,35.57,119.87668161434978,-68.13326091116173,-42.5,23.644646924829157,27.0,117.69747945971238,118.11411328179321,0,0,87.92824000515053,87.92824000515053,88.23949457806367
2802,2021-03-05T05:09:58,2021-03-05T06:12:32,470,50.8,97.6,46.8,56.613240788888895,120.96846322412158,62.56666564941406,116.35,38.69,119.21106557377048,-54.26766404255319,-17.70001,23.248936170212765,25.0,120.96846322412158,118.11411328179321,0,0,90.37189340206436,90.37189340206436,88.23949457806367
2803,2021-03-05T20:56:05,2021-03-05T21:13:55,108,53.6,68.0,14.399999999999999,17.201946069444446,119.45795881558644,17.83333396911621,81.02,26.93,119.14705882352939,-57.87870907407407,-56.80002,23.305555555555557,24.0,119.45795881558644,118.11411328179321,0,0,89.24344107859741,89.24344107859741,88.23949457806367
2808,2021-03-06T00:14:54,2021-03-06T00:41:46,163,80.8,96.8,16.0,19.04753234444445,119.0470771527778,26.866666793823242,115.87,38.53,119.7004132231405,-42.448476441717794,0.0,24.75153374233129,26.0,119.0470771527778,118.23414687740483,0,0,88.93648377053101,88.93648377053101,88.32916806004535
2814,2021-03-06T12:57:46,2021-03-06T13:28:03,228,34.4,60.4,26.0,30.243889522222226,116.32265200854702,30.28333282470703,72.37,24.07,119.81788079470199,-59.92149250000001,-59.70001,28.157894736842106,30.0,116.32265200854702,118.23414687740483,0,0,86.90114784781069,86.90114784781069,88.32916806004535
2817,2021-03-06T13:43:06,2021-03-06T14:18:18,265,66.4,92.8,26.39999999999999,31.635989705555556,119.83329433922563,35.20000076293945,111.27,37.01,119.90301724137932,-53.92340233962264,-42.5,30.39622641509434,32.0,119.83329433922563,118.40470495595952,0,0,89.5238429372991,89.5238429372991,88.45658686064172
2818,2021-03-06T21:57:51,2021-03-06T22:55:22,432,40.8,93.6,52.8,62.348169418055555,118.08365420086278,57.516666412353516,112.24,37.33,119.91452991452992,-65.02361398148149,-42.5,28.32986111111111,31.0,118.08365420086278,118.40470495595952,0,0,88.2167395166071,88.2167395166071,88.45658686064172
2819,2021-03-07T04:17:52,2021-03-07T04:34:42,102,22.0,38.4,16.4,19.77374945833333,120.57164303861789,16.83333396911621,45.93,15.28,119.609375,-70.48039019607843,-70.39999,26.691176470588236,29.0,120.57164303861789,118.67362562463649,0,0,90.07544099993964,90.07544099993964,88.65748938809023
2820,2021-03-07T04:34:53,2021-03-07T05:02:43,168,38.8,66.8,28.0,32.704166666666666,116.80059523809523,27.83333396911621,80.18,26.67,120.0299401197605,-70.5,-70.5,29.407738095238095,32.0,116.80059523809523,118.40470495595952,0,0,87.25820483143909,87.25820483143909,88.45658686064172
2821,2021-03-07T05:02:54,2021-03-07T05:31:14,171,67.2,92.0,24.799999999999997,30.01541618055555,121.02990395385304,28.33333396911621,110.41,36.72,120.01086956521738,-63.523390760233916,-43.30002,31.25438596491228,33.0,121.02990395385304,118.67362562463649,0,0,90.41779391968564,90.41779391968564,88.65748938809023
2824,2021-03-07T11:12:24,2021-03-07T11:42:14,180,22.4,52.4,30.0,34.989721833333334,116.63240611111112,29.83333396911621,62.73,20.86,119.71374045801525,-70.36999922222222,-70.20001,28.70277777777778,32.0,116.63240611111112,118.40470495595952,0,0,87.13255580317102,87.13255580317102,88.45658686064172
2825,2021-03-07T11:42:25,2021-03-07T12:18:31,218,52.4,88.0,35.6,42.134859486111104,118.3563468710986,36.099998474121094,105.52,35.1,119.9090909090909,-69.9706395412844,-43.30002,32.11009174311926,35.0,118.3563468710986,118.39829781877299,0,0,88.4204599927482,88.4204599927482,88.45180028153342
2826,2021-03-07T12:18:42,2021-03-07T12:35:22,101,88.0,97.6,9.599999999999994,11.966807361111112,124.65424334490748,16.66666603088379,117.13,38.96,120.01024590163934,-43.08119465346535,-43.0,33.0,34.0,124.65424334490748,118.39829781877299,0,0,93.12542865663715,93.12542865663715,88.45180028153342
2827,2021-03-08T14:36:25,2021-03-08T15:25:31,369,46.0,91.2,45.2,53.78839356666667,119.00087072271387,49.099998474121094,109.37,36.38,119.92324561403508,-65.60596777777779,0.0,26.220867208672086,28.0,119.00087072271387,118.39829781877299,0,0,88.90196433909465,88.90196433909465,88.45180028153342
2829,2021-03-08T23:30:49,2021-03-08T23:57:39,162,57.2,83.6,26.39999999999999,31.302638597222224,118.57060074705392,26.83333396911621,100.29,33.36,119.9641148325359,-69.99320919753087,-69.89999,27.299382716049383,29.0,118.57060074705392,118.39829781877299,0,0,88.58052260677796,88.58052260677796,88.45180028153342
2830,2021-03-08T23:57:50,2021-03-09T00:20:10,135,83.6,97.6,14.0,17.337365152777778,123.83832251984126,22.33333396911621,117.12,38.96,120.00000000000001,-46.54001074074075,-12.89999,28.133333333333333,29.0,123.83832251984126,118.50542475675064,0,0,92.51587879659805,92.51587879659805,88.5318315885483
2831,2021-03-09T14:07:00,2021-03-09T14:52:46,344,46.8,90.4,43.60000000000001,51.67645182777778,118.5239720820591,45.766666412353516,108.46,36.08,119.97787610619469,-67.71483526162791,-43.5,28.287790697674417,30.0,118.5239720820591,118.48211042425325,0,0,88.5456877363491,88.5456877363491,88.51441415333386
2833,2021-03-09T22:47:38,2021-03-09T23:19:38,193,24.0,56.0,32.0,37.33486284722222,116.67144639756943,32.0,67.16,22.33,119.92857142857142,-70.00259388601036,-69.80002,30.27979274611399,34.0,116.67144639756943,118.39829781877299,0,0,87.16172162467657,87.16172162467657,88.45180028153342
2834,2021-03-09T23:19:49,2021-03-09T23:50:59,188,56.4,86.8,30.4,36.343057444444455,119.5495310672515,31.16666603088379,104.19,34.66,120.03456221198157,-69.96542914893618,-69.70001,33.319148936170215,35.0,119.5495310672515,118.48211042425325,0,0,89.31185194821992,89.31185194821992,88.51441415333386
2835,2021-03-09T23:51:10,2021-03-10T00:09:10,111,87.2,97.6,10.399999999999991,13.393196834722225,128.7807387954061,18.0,117.02,38.93,119.89754098360656,-44.71712495495495,-42.60001,34.0,35.0,128.7807387954061,118.54728641455651,0,0,96.20820905276113,96.20820905276113,88.56310517156354
2837,2021-03-10T13:48:43,2021-03-10T14:20:43,193,27.6,59.6,32.0,37.28416858333333,116.51302682291666,32.0,71.54,23.79,120.03355704697988,-69.9077756476684,-69.60001,29.321243523316063,32.0,116.51302682291666,118.54728641455651,0,0,87.04337113454265,87.04337113454265,88.56310517156354
2838,2021-03-10T14:20:54,2021-03-10T14:47:44,162,60.0,86.0,26.0,31.26125181944445,120.23558392094019,26.83333396911621,103.16,34.32,119.95348837209302,-69.90123858024693,-69.60001,32.32716049382716,34.0,120.23558392094019,118.73880161493975,0,0,89.82438136050871,89.82438136050871,88.7061804063199
2840,2021-03-11T00:13:21,2021-03-11T01:41:25,661,11.6,94.0,82.4,97.83985572222223,118.73768898327938,88.06666564941406,112.77,37.51,119.96808510638299,-66.64540102874433,-42.70001,32.79046898638427,36.0,118.73768898327938,118.82234573305249,0,0,88.7053491927364,88.7053491927364,88.76859369929912
2842,2021-03-11T14:41:00,2021-03-11T15:10:40,179,52.8,82.0,29.200000000000003,34.982924180555564,119.8045348649163,29.66666603088379,98.31,32.7,119.89024390243904,-70.75197050279328,-70.70001,29.432960893854748,31.0,119.8045348649163,118.82234573305249,0,0,89.50235760073028,89.50235760073028,88.76859369929912
2843,2021-03-11T15:10:51,2021-03-11T15:33:41,138,82.4,98.0,15.599999999999994,19.10361506944445,122.4590709579773,22.83333396911621,117.51,39.09,119.90816326530613,-50.2485611594203,-43.20001,30.503623188405797,32.0,122.4590709579773,118.91441302900857,0,0,91.48548151947908,91.48548151947908,88.83737440159294
2844,2021-03-12T01:26:18,2021-03-12T01:51:58,155,26.8,52.4,25.599999999999998,29.79375427777778,116.38185264756945,25.66666603088379,62.84,20.9,119.92366412213741,-69.64775193548387,-69.60001,28.570967741935483,31.0,116.38185264756945,118.82234573305249,0,0,86.94537486117,86.94537486117,88.76859369929912
2845,2021-03-12T01:52:09,2021-03-12T02:22:29,183,52.4,82.4,30.000000000000007,35.21903283333334,117.39677611111111,30.33333396911621,98.85,32.88,119.96359223300969,-69.66394442622949,-69.60001,31.55464480874317,33.0,117.39677611111111,118.65414486516664,0,0,87.70359359532478,87.70359359532478,88.64293589975719
2846,2021-03-12T02:22:40,2021-03-12T02:45:40,139,82.4,98.0,15.599999999999994,18.985695041666666,121.70317334401713,23.0,117.51,39.09,119.90816326530613,-49.4223037410072,0.0,32.931654676258994,34.0,121.70317334401713,118.82234573305249,0,0,90.92077319161416,90.92077319161416,88.76859369929912
2847,2021-03-12T15:36:54,2021-03-12T16:05:09,172,60.8,71.6,10.799999999999997,12.677003119444445,117.37965851337452,28.25,85.83,28.55,119.87430167597766,-26.925006686046515,-26.60001,31.5,32.0,117.37965851337452,118.82234573305249,0,0,87.69080555390703,87.69080555390703,88.76859369929912
2849,2021-03-13T00:14:39,2021-03-13T00:45:29,186,20.8,38.4,17.599999999999998,20.516246069444442,116.56957994002525,30.83333396911621,45.93,15.28,119.609375,-39.92364827956989,-39.89999,28.615591397849464,30.0,116.56957994002525,118.65414486516664,0,0,87.08562026406514,87.08562026406514,88.64293589975719
2850,2021-03-13T00:45:40,2021-03-13T01:18:00,195,38.4,57.2,18.800000000000004,21.513329111111112,114.43260165484631,32.33333206176758,68.49,22.78,119.73776223776221,-39.92153061538461,-39.89999,30.67948717948718,32.0,114.43260165484631,118.65414486516664,0,0,85.48914818660383,85.48914818660383,88.64293589975719
2851,2021-03-13T01:18:11,2021-03-13T01:51:21,200,57.2,76.0,18.799999999999997,22.072357236111113,117.40615551122934,33.16666793823242,91.07999,30.3,119.84209210526315,-39.929993,-39.89999,32.0775,33.0,117.40615551122934,118.65414486516664,0,0,87.71060066249805,87.71060066249805,88.64293589975719
2852,2021-03-14T15:43:22,2021-03-14T16:00:22,103,56.4,72.8,16.4,19.794444777777777,120.69783401084011,17.0,87.27,29.03,119.87637362637362,-69.86213728155339,-69.70001,25.54854368932039,27.0,120.69783401084011,118.82234573305249,0,0,90.16971447243007,90.16971447243007,88.76859369929912
2855,2021-03-15T01:22:51,2021-03-15T02:29:41,502,39.2,97.6,58.39999999999999,70.43740703472223,120.61199834712711,66.83333587646484,117.02,38.93,119.89754098360656,-63.21852972111554,-42.5,31.102589641434264,33.0,120.61199834712711,118.82234573305249,0,0,90.10558923479029,90.10558923479029,88.76859369929912
2856,2021-03-15T16:57:26,2021-03-15T17:23:26,157,32.0,46.4,14.399999999999999,17.025142069444446,118.23015326003087,26.0,55.55,18.48,119.7198275862069,-39.18217292993631,-5.0,31.05095541401274,33.0,118.23015326003087,118.65414486516664,0,0,88.32618454885584,88.32618454885584,88.64293589975719
2857,2021-03-15T17:23:37,2021-03-15T17:49:27,156,46.8,61.6,14.800000000000004,17.25792023611111,116.60756916291288,25.83333396911621,73.86,24.57,119.90259740259741,-40.082700576923074,-40.0,32.53525641025641,34.0,116.60756916291288,118.54728641455651,0,0,87.11400086765163,87.11400086765163,88.56310517156354
2858,2021-03-15T17:49:38,2021-03-15T18:21:38,193,61.6,79.6,17.999999999999993,21.34097298611111,118.56096103395066,32.0,95.48,31.76,119.94974874371862,-40.014509222797926,-40.0,33.2979274611399,34.0,118.56096103395066,118.54246655800489,0,0,88.57332106761828,88.57332106761828,88.55950440198369
2860,2021-03-16T03:23:04,2021-03-16T04:41:16,587,28.0,97.6,69.6,83.32787297777779,119.72395542784166,78.19999694824219,117.04,38.93,119.91803278688525,-63.92215562180579,-42.39999,32.45059625212947,35.0,119.72395542784166,118.54246655800489,0,0,89.44215913161179,89.44215913161179,88.55950440198369
2862,2021-03-16T15:38:53,2021-03-16T16:07:33,173,54.8,83.2,28.400000000000006,33.49041980555556,117.92401339984352,28.66666603088379,99.85,33.22,120.01201923076921,-70.0965383815029,-69.89999,33.95375722543353,35.0,117.92401339984352,118.48211042425325,0,0,88.09747668505734,88.09747668505734,88.51441415333386
2864,2021-03-16T21:12:25,2021-03-16T21:37:45,153,76.4,94.4,18.0,21.30014169444445,118.33412052469139,25.33333396911621,113.23,37.66,119.94703389830508,-50.4411831372549,-42.5,30.96732026143791,32.0,118.33412052469139,118.39829781877299,0,0,88.40385535915452,88.40385535915452,88.45180028153342
2866,2021-03-17T05:44:32,2021-03-17T06:06:52,135,40.4,62.8,22.4,26.066945513888893,116.37029247271829,22.33333396911621,75.31,25.05,119.9203821656051,-70.031114,-69.89999,28.462962962962962,31.0,116.37029247271829,118.39829781877299,0,0,86.93673860291298,86.93673860291298,88.45180028153342
2867,2021-03-17T06:07:03,2021-03-17T06:34:33,166,62.8,88.8,26.0,31.05236065277778,119.43215635683761,27.5,106.54,35.44,119.97747747747748,-67.68192674698794,-42.70001,30.412650602409638,32.0,119.43215635683761,118.48211042425325,0,0,89.22416483924204,89.22416483924204,88.51441415333386
2870,2021-03-17T13:16:33,2021-03-17T13:43:13,161,52.0,78.0,26.0,31.115278194444443,119.67414690170939,26.66666603088379,93.54,31.12,119.92307692307693,-70.00931770186335,-69.89999,33.62732919254658,35.0,119.67414690170939,118.54246655800489,0,0,89.40494868275456,89.40494868275456,88.55950440198369
2872,2021-03-18T12:48:47,2021-03-18T14:13:46,641,14.0,94.0,80.0,94.73665397472222,118.42081746840276,84.98332977294922,112.74,37.5,119.93617021276596,-66.84898679563183,0.0,33.269890795631824,37.0,118.42081746840276,118.54246655800489,0,0,88.46862403312579,88.46862403312579,88.55950440198369
2874,2021-03-18T22:36:28,2021-03-18T23:08:18,192,45.6,77.6,31.999999999999993,37.53736912500002,117.30427851562507,31.83333396911621,93.0,30.94,119.84536082474229,-70.75105677083333,-70.70001,34.703125,37.0,117.30427851562507,118.54246655800489,0,0,87.63449142921951,87.63449142921951,88.55950440198369
2875,2021-03-18T23:08:29,2021-03-18T23:35:29,163,77.6,97.6,20.0,24.54167026388889,122.70835131944445,27.0,117.02,38.93,119.89754098360656,-54.55276871165644,-43.5,36.0,37.0,122.70835131944445,118.56578089050228,0,0,91.67171136528609,91.67171136528609,88.57692183719811
2877,2021-03-19T03:57:52,2021-03-19T04:25:42,168,65.6,91.2,25.60000000000001,30.237641833333335,118.11578841145831,27.83333396911621,109.32,36.36,119.86842105263156,-65.13155404761905,-42.60001,32.17559523809524,34.0,118.11578841145831,118.54246655800489,0,0,88.24074601695521,88.24074601695521,88.55950440198369
2879,2021-03-19T13:01:09,2021-03-19T13:28:29,165,53.6,80.4,26.800000000000004,31.94514202777778,119.19829114842454,27.33333396911621,96.54,32.11,120.07462686567165,-70.12364327272728,-69.80002,31.906060606060606,33.0,119.19829114842454,118.56578089050228,0,0,89.04945118973488,89.04945118973488,88.57692183719811
2880,2021-03-19T13:28:40,2021-03-19T13:53:30,150,80.8,97.6,16.799999999999997,20.922780277777782,124.54035879629633,24.83333396911621,117.12,38.96,120.00000000000001,-50.59000600000001,-42.5,32.99,34.0,124.54035879629633,118.56578089050228,0,0,93.04034894236352,93.04034894236352,88.57692183719811
2882,2021-03-19T22:29:20,2021-03-19T22:58:10,174,67.6,92.8,25.200000000000003,30.101113847222223,119.44886447310405,28.83333396911621,111.37,37.05,120.01077586206898,-62.60287931034484,-42.60001,32.758620689655174,34.0,119.44886447310405,118.65414486516664,0,0,89.23664696939345,89.23664696939345,88.64293589975719
2885,2021-03-20T05:02:59,2021-03-20T05:30:39,167,65.6,90.8,25.200000000000003,30.45917163888889,120.86972872574957,27.66666603088379,108.9,36.22,119.93392070484583,-66.0000107784431,-43.10001,31.898203592814372,34.0,120.86972872574957,118.86927985299663,0,0,90.29813183376659,90.29813183376659,88.80365676591552
2887,2021-03-20T11:09:23,2021-03-20T12:12:38,475,48.8,97.6,48.8,58.74651916111111,120.3822113957195,63.25,117.05,38.94,119.92827868852459,-55.72021555789474,-42.60001,32.874736842105264,35.0,120.3822113957195,118.86927985299663,0,0,89.93392232819068,89.93392232819068,88.80365676591552
2889,2021-03-20T19:14:40,2021-03-20T19:45:10,184,53.6,83.2,29.6,35.33902876388889,119.3886106888138,30.5,99.79,33.19,119.93990384615384,-69.51956717391305,-69.39999,36.244565217391305,38.0,119.3886106888138,118.86927985299663,0,0,89.19163318294184,89.19163318294184,88.80365676591552
2890,2021-03-20T19:45:21,2021-03-20T20:07:11,132,83.6,97.6,14.0,17.671530819444452,126.22522013888893,21.83333396911621,117.04,38.93,119.91803278688525,-48.61819015151515,-42.20001,37.0,38.0,126.22522013888893,118.86927985299663,0,0,94.2990580768917,94.2990580768917,88.80365676591552
2892,2021-03-21T19:46:23,2021-03-21T20:17:13,186,49.2,79.2,30.0,35.68680270833334,118.9560090277778,30.83333396911621,94.48,31.41,119.29292929292929,-69.44461811827956,-69.39999,22.443548387096776,24.0,118.9560090277778,118.97843987524584,0,0,88.86844951874774,88.86844951874774,88.88520692892119
2893,2021-03-21T20:17:24,2021-03-21T20:44:54,166,79.6,96.4,16.80000000000001,20.41292123611111,121.50548354828032,27.5,114.94,38.21,119.2323651452282,-44.530130421686756,-17.20001,24.19578313253012,25.0,121.50548354828032,118.97843987524584,0,0,90.77308510274507,90.77308510274507,88.88520692892119
2896,2021-03-22T02:48:42,2021-03-22T03:18:42,181,17.6,47.2,29.6,35.11319881944445,118.6256716873123,30.0,56.51,18.79,119.72457627118642,-70.22708055248619,-70.0,23.790055248618785,27.0,118.6256716873123,118.97843987524584,0,0,88.62166444664213,88.62166444664213,88.88520692892119
2897,2021-03-22T03:18:53,2021-03-22T03:48:03,176,47.6,76.8,29.199999999999996,34.12486486111112,116.86597555175042,29.16666603088379,92.13,30.65,119.96093749999999,-70.19943954545455,-70.0,27.394886363636363,29.0,116.86597555175042,118.84684900552858,0,0,87.30704849348756,87.30704849348756,88.78689935574207
2898,2021-03-22T03:48:14,2021-03-22T04:18:34,183,76.8,97.6,20.799999999999997,25.33055866666667,121.78153205128208,30.33333396911621,117.05,38.94,119.92827868852459,-50.057383169398925,-12.80002,28.991803278688526,30.0,121.78153205128208,118.97843987524584,0,0,90.97931262041514,90.97931262041514,88.88520692892119
2900,2021-03-22T10:56:20,2021-03-22T11:15:30,116,36.8,50.4,13.600000000000001,15.922780888888898,117.07927124183013,19.16666603088379,60.07,19.97,119.18650793650794,-49.84569939655172,-49.80002,23.780172413793103,26.0,117.07927124183013,118.84684900552858,0,0,87.46639527572525,87.46639527572525,88.78689935574207
2901,2021-03-22T11:15:41,2021-03-22T11:44:01,171,50.4,70.4,20.000000000000007,23.516676111111114,117.58338055555552,28.33333396911621,84.41,28.08,119.90056818181816,-49.80002,-49.80002,25.58187134502924,27.0,117.58338055555552,118.84684900552858,0,0,87.84300015230845,87.84300015230845,88.78689935574207
2904,2021-03-22T11:55:23,2021-03-22T12:25:33,182,78.4,97.6,19.19999999999999,23.124174277777783,120.43840769675936,30.16666603088379,117.02,38.93,119.89754098360656,-45.91210307692308,-12.80002,26.967032967032967,28.0,120.43840769675936,118.97843987524584,0,0,89.97590489118113,89.97590489118113,88.88520692892119
2906,2021-03-22T16:38:39,2021-03-22T17:14:40,271,70.4,97.6,27.19999999999999,32.64805611944445,120.02961808619287,36.016666412353516,117.02,38.93,119.89754098360656,-54.34280542435425,-14.10001,26.93911439114391,28.0,120.02961808619287,118.97843987524584,0,0,89.67051049229931,89.67051049229931,88.88520692892119
2908,2021-03-23T16:04:09,2021-03-23T17:22:53,591,22.8,97.6,74.8,88.03926293611113,117.69954937982772,78.73332977294922,117.05,38.94,119.92827868852459,-67.05314015228427,-13.70001,26.38155668358714,29.0,117.69954937982772,118.84684900552858,0,0,87.92978638009014,87.92978638009014,88.78689935574207
2909,2021-03-24T03:09:06,2021-03-24T04:06:28,431,55.6,97.6,41.99999999999999,50.832687056944444,121.03020727843918,57.36666488647461,115.92,38.53,118.77049180327869,-53.14293025522042,-17.60001,22.799303944315547,25.0,121.03020727843918,119.07715008810118,0,0,90.41802052434302,90.41802052434302,88.95895035424131
2911,2021-03-24T15:03:13,2021-03-24T15:34:53,191,27.6,59.2,31.6,36.98736411111111,117.048620604782,31.66666603088379,71.07,23.64,120.05067567567565,-70.08115748691098,-69.80002,25.69371727748691,29.0,117.048620604782,118.84684900552858,0,0,87.44349710846585,87.44349710846585,88.78689935574207
2912,2021-03-24T15:35:04,2021-03-24T16:00:54,156,59.2,84.8,25.599999999999994,30.157918319444445,117.80436843532989,25.83333396911621,101.66,33.81,119.88207547169812,-70.04359352564103,-69.80002,28.935897435897434,30.0,117.80436843532989,118.84684900552858,0,0,88.00809353765729,88.00809353765729,88.78689935574207
2915,2021-03-24T22:33:34,2021-03-24T22:58:14,149,58.8,82.8,24.0,28.479589569444446,118.66495653935186,24.66666603088379,99.32,33.04,119.95169082125604,-69.27518288590603,-69.20001,28.043624161073826,30.0,118.66495653935186,118.84684900552858,0,0,88.65101297572328,88.65101297572328,88.78689935574207
2916,2021-03-24T22:58:25,2021-03-24T23:20:45,135,82.8,97.6,14.799999999999997,18.112226194444442,122.37990671921924,22.33333396911621,117.13,38.96,120.01024590163934,-48.712603185185195,-42.20001,29.0,30.0,122.37990671921924,118.84684900552858,0,0,91.42634030237488,91.42634030237488,88.78689935574207
2917,2021-03-25T06:41:10,2021-03-25T07:06:20,152,50.0,73.2,23.200000000000003,27.311114652777775,117.72032177921453,25.16666603088379,87.68,29.15,119.78142076502733,-65.11250842105264,-65.0,25.032894736842106,27.0,117.72032177921453,118.70132276131562,0,0,87.94530481368066,87.94530481368066,88.67818108422983
2918,2021-03-25T07:06:31,2021-03-25T07:38:01,190,73.2,96.8,23.599999999999994,28.447361972222225,120.53966937382302,31.5,116.13,38.63,119.96900826446281,-54.18473847368421,-42.80002,26.521052631578947,28.0,120.53966937382302,118.84684900552858,0,0,90.05155443852104,90.05155443852104,88.78689935574207
2920,2021-03-25T17:45:03,2021-03-25T18:13:13,170,46.8,74.4,27.60000000000001,32.74153459722222,118.62874854066018,28.16666603088379,89.27,29.69,119.98655913978493,-69.74530864705882,-69.70001,32.15,34.0,118.62874854066018,118.70132276131562,0,0,88.62396307105513,88.62396307105513,88.67818108422983
2921,2021-03-25T18:13:24,2021-03-25T18:38:34,152,74.4,94.4,20.0,24.242642791666672,121.21321395833336,25.16666603088379,113.18,37.65,119.89406779661017,-57.64606190789475,0.0,33.82236842105263,35.0,121.21321395833336,118.81048278356482,0,0,90.55473929985249,90.55473929985249,88.75973124723551
2922,2021-03-26T12:00:24,2021-03-26T12:24:04,143,34.8,58.4,23.6,27.531812236111122,116.6602213394539,23.66666603088379,70.09,23.31,120.01712328767124,-69.79931755244755,-69.70001,28.405594405594407,31.0,116.6602213394539,118.64685254000602,0,0,87.15333572203376,87.15333572203376,88.63748802338921
2923,2021-03-26T12:24:15,2021-03-26T12:53:05,174,58.8,86.8,28.0,33.54709031944446,119.81103685515876,28.83333396911621,104.08,34.62,119.90783410138249,-69.80920988505748,-69.70001,30.99425287356322,33.0,119.81103685515876,118.64685254000602,0,0,89.5072150416982,89.5072150416982,88.63748802338921
2924,2021-03-26T12:53:16,2021-03-26T13:11:16,109,87.2,97.6,10.399999999999991,13.274864083333332,127.64292387820522,18.0,117.09,38.94,119.96926229508198,-44.3596428440367,-42.60001,32.04128440366973,33.0,127.64292387820522,118.81048278356482,0,0,95.35818181700094,95.35818181700094,88.75973124723551
2926,2021-03-26T23:31:18,2021-03-26T23:48:08,102,37.2,54.0,16.799999999999997,19.719447888888894,117.37766600529105,16.83333396911621,64.72,21.53,119.85185185185185,-70.2882475490196,-70.10001,31.470588235294116,34.0,117.37766600529105,118.81048278356482,0,0,87.68931701116355,87.68931701116355,88.75973124723551
2927,2021-03-26T23:48:19,2021-03-27T00:36:38,292,54.4,96.0,41.6,50.29356194722222,120.89798545005341,48.31666564941406,115.09,38.28,119.88541666666667,-62.46404904109589,-42.89999,33.861301369863014,36.0,120.89798545005341,118.81048278356482,0,0,90.31924158095704,90.31924158095704,88.75973124723551
2930,2021-03-27T06:05:30,2021-03-27T06:35:30,181,24.4,45.6,21.200000000000003,24.850005000000003,117.21700471698114,30.0,54.54,18.14,119.60526315789473,-49.70000999999999,-49.70001,30.303867403314918,33.0,117.21700471698114,118.81048278356482,0,0,87.56929180431206,87.56929180431206,88.75973124723551
2931,2021-03-27T06:35:41,2021-03-27T07:03:21,167,45.6,65.6,19.999999999999993,22.9138935,114.56946750000004,27.66666603088379,78.68,26.17,119.93902439024393,-49.69282437125748,-49.60001,32.26347305389221,34.0,114.56946750000004,118.81048278356482,0,0,85.59139653496632,85.59139653496632,88.75973124723551
2932,2021-03-27T07:03:32,2021-03-27T07:33:52,183,65.6,86.8,21.200000000000003,25.12611616666667,118.51941588050315,30.33333396911621,104.06,34.61,119.88479262672811,-49.70001,-49.70001,33.37158469945355,35.0,118.51941588050315,118.81048278356482,0,0,88.54228393547108,88.54228393547108,88.75973124723551
2933,2021-03-27T07:34:03,2021-03-27T07:52:33,112,86.8,97.6,10.799999999999997,13.694167486111109,126.79784709362141,18.5,117.02,38.93,119.89754098360656,-44.42857410714286,-42.5,33.5,35.0,126.79784709362141,119.07715008810118,0,0,94.72685041824232,94.72685041824232,88.95895035424131
2934,2021-03-27T19:57:47,2021-03-27T20:22:57,152,41.2,55.2,14.0,16.395273666666665,117.10909761904759,25.16666603088379,66.11,21.99,119.76449275362317,-38.978279684210534,-4.899994,31.851973684210527,33.0,117.10909761904759,118.81048278356482,0,0,87.48867766330484,87.48867766330484,88.75973124723551
2935,2021-03-27T20:23:08,2021-03-27T20:54:28,189,55.2,72.8,17.599999999999994,20.83666144444445,118.39012184343441,31.33333396911621,87.32,29.05,119.94505494505493,-39.89999,-39.89999,33.16137566137566,34.0,118.39012184343441,118.64685254000602,0,0,88.44569225674694,88.44569225674694,88.63748802338921
2936,2021-03-27T20:54:39,2021-03-27T21:22:29,168,72.8,88.4,15.600000000000009,18.509439833333335,118.6502553418803,27.83333396911621,106.01,35.26,119.92081447963801,-39.90058529761905,-39.89999,33.625,35.0,118.6502553418803,118.65760594061608,0,0,88.64003015412356,88.64003015412356,88.64552156492343
2937,2021-03-27T21:22:40,2021-03-27T21:40:10,106,88.4,98.0,9.599999999999994,11.637497083333333,121.22392795138896,17.5,117.51,39.09,119.90816326530613,-39.89999,-39.89999,34.174528301886795,35.0,121.22392795138896,118.81048278356482,0,0,90.56274340119033,90.56274340119033,88.75973124723551
2939,2021-03-28T04:06:35,2021-03-28T04:35:55,177,73.6,96.4,22.80000000000001,27.800279958333334,121.93105244883034,29.33333396911621,115.69,38.48,120.0103734439834,-56.86215141242939,-42.70001,32.07627118644068,34.0,121.93105244883034,119.07715008810118,0,0,91.09101480351744,91.09101480351744,88.95895035424131
2941,2021-03-28T11:45:05,2021-03-28T12:04:45,119,51.6,70.8,19.199999999999996,22.943472944444448,119.49725491898153,19.66666603088379,84.93999,28.26,119.97173728813559,-69.99832159663865,-69.70001,31.983193277310924,33.0,119.49725491898153,119.07715008810118,0,0,89.2727980132272,89.2727980132272,88.95895035424131
2942,2021-03-28T12:04:56,2021-03-28T12:31:46,162,71.2,93.2,22.0,26.75764061111111,121.62563914141414,26.83333396911621,111.8,37.19,119.95708154506437,-59.80864580246914,-42.5,32.96913580246913,34.0,121.62563914141414,119.29345091861917,0,0,90.86284972539909,90.86284972539909,89.12054218633835
2943,2021-03-29T11:39:49,2021-03-29T12:09:29,179,15.6,44.4,28.799999999999997,34.355276625,119.28915494791669,29.66666603088379,53.19,17.69,119.79729729729729,-69.48323793296089,-69.39999,30.131284916201118,33.0,119.28915494791669,119.33888281836525,0,0,89.11733279608875,89.11733279608875,89.15448298951529
2944,2021-03-29T12:09:40,2021-03-29T12:39:10,178,44.8,74.0,29.200000000000003,34.125274555555556,116.86737861491628,29.5,88.79,29.54,119.9864864864865,-69.4072967977528,-69.30002,33.57022471910113,35.0,116.86737861491628,119.33888281836525,0,0,87.30809667969643,87.30809667969643,89.15448298951529
2945,2021-03-29T12:39:21,2021-03-29T12:58:01,113,74.0,90.4,16.400000000000006,19.68347026388889,120.02116014566391,18.66666603088379,108.4,36.05,119.91150442477877,-63.20353353982301,-42.30002,34.95132743362832,36.0,120.02116014566391,119.33888281836525,0,0,89.66419181981632,89.66419181981632,89.15448298951529
2946,2021-03-29T19:08:17,2021-03-29T19:30:17,133,31.6,50.4,18.799999999999997,21.91736344444445,116.58172044917262,22.0,60.31,20.06,119.66269841269842,-59.77369045112782,-59.39999,35.31954887218045,37.0,116.58172044917262,119.24372304817061,0,0,87.09469007258606,87.09469007258606,89.08339199291181
2947,2021-03-29T19:30:28,2021-03-29T19:58:18,168,50.4,74.0,23.6,27.79138469444444,117.76010463747643,27.83333396911621,88.67,29.49,119.82432432432432,-59.90951476190477,-59.89999,37.42857142857143,39.0,117.76010463747643,119.24372304817061,0,0,87.97502538820274,87.97502538820274,89.08339199291181
2948,2021-03-29T19:58:29,2021-03-29T20:27:29,175,74.0,95.2,21.200000000000003,25.95527679166667,122.43055090408805,29.0,114.23,38.0,119.98949579831933,-53.68628365714286,-42.5,38.0,39.0,122.43055090408805,119.33888281836525,0,0,91.46417504669101,91.46417504669101,89.15448298951529
2951,2021-03-30T12:58:00,2021-03-30T13:28:50,186,61.6,83.2,21.6,25.74583847222223,119.19369663065845,30.83333396911621,99.82,33.2,119.97596153846152,-50.10000999999999,-50.10001,30.583333333333332,32.0,119.19369663065845,119.24372304817061,0,0,89.04601876397098,89.04601876397098,89.08339199291181
2952,2021-03-30T19:21:21,2021-03-30T19:42:31,128,47.6,68.8,21.199999999999996,25.14236648611112,118.59606833071284,21.16666603088379,82.42,27.42,119.796511627907,-71.26954648437501,-71.10001,34.26953125,36.0,118.59606833071284,119.24372304817061,0,0,88.59954867104537,88.59954867104537,89.08339199291181
2953,2021-03-30T19:42:42,2021-03-30T20:11:22,173,68.8,93.6,24.799999999999997,29.872224402777785,120.45251775313625,28.66666603088379,112.3,37.36,119.97863247863248,-62.49480225433526,-43.89999,35.70520231213873,37.0,120.45251775313625,119.33888281836525,0,0,89.98644608908349,89.98644608908349,89.15448298951529
2955,2021-03-31T14:08:33,2021-03-31T14:59:25,383,40.0,89.6,49.599999999999994,58.5074356875,117.95853969254034,50.86666488647461,107.48,35.75,119.95535714285715,-68.98068488250654,-42.89999,33.11096605744125,35.0,117.95853969254034,119.24142578928758,0,0,88.12327023785619,88.12327023785619,89.08167578002985
2956,2021-03-31T23:05:57,2021-03-31T23:32:07,158,30.4,38.4,8.0,9.744717874999997,121.80897343749997,26.16666603088379,45.92,15.27,119.58333333333333,-22.289863481012652,-5.0,30.974683544303797,32.0,121.80897343749997,119.24142578928758,0,0,90.99981325309237,90.99981325309237,89.08167578002985
2957,2021-03-31T23:32:18,2021-04-01T00:01:08,174,38.4,48.0,9.600000000000001,10.764439638888888,112.12957957175924,28.83333396911621,57.43,19.1,119.64583333333334,-22.39999,-22.39999,31.376436781609197,33.0,112.12957957175924,119.07485282921812,0,0,83.76862979157602,83.76862979157602,88.95723414135935
2958,2021-04-01T00:01:19,2021-04-01T00:30:09,174,48.0,57.2,9.200000000000003,10.764439638888888,117.00477868357484,28.83333396911621,68.52,22.79,119.79020979020977,-22.39999,-22.39999,32.0,33.0,117.00477868357484,118.81048278356482,0,0,87.41074413034019,87.41074413034019,88.75973124723551
2959,2021-04-01T00:30:20,2021-04-01T00:59:20,175,57.2,66.8,9.599999999999994,10.82666183333333,112.77772743055559,29.0,80.06,26.63,119.85029940119762,-22.39999,-22.39999,32.0,33.0,112.77772743055559,118.65760594061608,0,0,84.25284152447534,84.25284152447534,88.64552156492343
2960,2021-04-01T00:59:31,2021-04-01T01:27:11,167,66.8,75.6,8.799999999999997,10.328884277777775,117.37368497474748,27.66666603088379,90.61,30.14,119.85449735449737,-22.399989999999995,-22.39999,32.0,33.0,117.37368497474748,118.63950194127024,0,0,87.6863429032157,87.6863429032157,88.63199661258935
2963,2021-04-01T05:58:49,2021-04-01T06:28:09,177,31.2,50.0,18.8,22.097504888888896,117.53991962174945,29.33333396911621,59.84,19.9,119.68,-45.1994450282486,-45.10001,29.951977401129945,32.0,117.53991962174945,118.62721011398625,0,0,87.81053179838881,87.81053179838881,88.62281375884862
2964,2021-04-01T06:28:20,2021-04-01T06:54:30,158,50.4,67.2,16.800000000000004,19.709171027777778,117.31649421296294,26.16666603088379,80.55,26.79,119.86607142857142,-45.19304797468356,-45.10001,31.72151898734177,33.0,117.31649421296294,118.61087000901257,0,0,87.6436174085717,87.6436174085717,88.61060655884376
2965,2021-04-01T06:54:41,2021-04-01T07:21:13,161,67.2,84.0,16.799999999999997,19.985948866666675,118.9639813492064,26.53333282470703,100.73,33.5,119.91666666666667,-45.194419937888206,-45.10001,32.25155279503105,34.0,118.9639813492064,118.61240843568652,0,0,88.87440539983534,88.87440539983534,88.61175587105025
2967,2021-04-01T13:21:32,2021-04-01T13:51:22,180,38.0,68.4,30.400000000000006,35.93138983333334,118.19536129385966,29.83333396911621,82.0,27.27,119.88304093567251,-72.26222416666666,-71.30002,34.86666666666667,37.0,118.19536129385966,118.61240843568652,0,0,88.30019251941053,88.30019251941053,88.61175587105025
2968,2021-04-01T13:51:33,2021-04-01T14:13:23,132,68.8,89.6,20.799999999999997,25.316669125000004,121.71475540865389,21.83333396911621,107.52,35.77,120.00000000000001,-69.49091583333333,-45.10001,36.90151515151515,38.0,121.71475540865389,118.61240843568652,0,0,90.92942580307033,90.92942580307033,88.61175587105025
2969,2021-04-01T22:49:27,2021-04-01T23:14:57,154,30.8,56.4,25.599999999999998,30.03611518055556,117.32857492404514,25.5,67.67,22.51,119.98226950354612,-70.67273681818182,-70.5,33.9025974025974,37.0,117.32857492404514,118.61240843568652,0,0,87.6526425437602,87.6526425437602,88.61175587105025
2970,2021-04-01T23:15:08,2021-04-01T23:45:38,184,56.8,86.8,30.0,35.957784722222236,119.85928240740746,30.5,104.24,34.67,120.09216589861751,-70.73642668478261,-70.70001,35.99184782608695,38.0,119.85928240740746,118.63950194127024,0,0,89.54325783986839,89.54325783986839,88.63199661258935
2972,2021-04-02T13:11:07,2021-04-02T13:50:52,299,46.8,80.0,33.2,39.59751406805556,119.26962068691434,39.75,95.95,31.91,119.9375,-59.669899966555185,0.0,32.97826086956522,34.0,119.26962068691434,118.63950194127024,0,0,89.10273933837306,89.10273933837306,88.63199661258935
2973,2021-04-02T17:35:52,2021-04-02T18:01:02,152,45.6,70.4,24.800000000000004,29.368613,118.4218266129032,25.16666603088379,84.35,28.06,119.81534090909089,-70.01710980263158,-69.70001,36.30263157894737,38.0,118.4218266129032,118.61240843568652,0,0,88.46937793457076,88.46937793457076,88.61175587105025
2974,2021-04-02T18:01:13,2021-04-02T18:30:43,178,70.4,94.8,24.39999999999999,29.45958590277778,120.73600779826963,29.5,113.67,37.81,119.90506329113924,-59.89888162921349,-42.5,37.33988764044944,39.0,120.73600779826963,118.63950194127024,0,0,90.1982329586238,90.1982329586238,88.63199661258935
2977,2021-04-03T12:29:13,2021-04-03T12:58:23,176,52.4,80.8,28.4,33.981662166666666,119.65374002347419,29.16666603088379,96.89,32.23,119.91336633663367,-69.90510437500001,-69.80002,33.22443181818182,35.0,119.65374002347419,118.63950194127024,0,0,89.38970331900117,89.38970331900117,88.63199661258935
2978,2021-04-03T12:58:34,2021-04-03T13:18:04,118,81.2,95.2,14.0,17.165834444444446,122.61310317460317,19.5,114.18,37.98,119.93697478991596,-52.84746101694915,-42.60001,34.41101694915254,35.0,122.61310317460317,118.65760594061608,0,0,91.60055434664733,91.60055434664733,88.64552156492343
2981,2021-04-03T23:20:55,2021-04-03T23:49:45,174,20.4,40.8,20.4,24.026110944444444,117.77505364923748,28.83333396911621,48.88,16.26,119.80392156862746,-49.99655137931034,-49.89999,34.270114942528735,36.0,117.77505364923748,118.65760594061608,0,0,87.98619334439006,87.98619334439006,88.64552156492343
2982,2021-04-03T23:49:56,2021-04-04T00:20:16,183,40.8,62.8,22.0,25.246246847222228,114.75566748737376,30.33333396911621,75.24,25.03,119.80891719745222,-49.93769868852458,-49.89999,36.377049180327866,38.0,114.75566748737376,118.63950194127024,0,0,85.7305009342611,85.7305009342611,88.63199661258935
2983,2021-04-04T00:20:27,2021-04-04T00:51:37,188,62.8,84.4,21.60000000000001,25.964304763888887,120.20511464763369,31.16666603088379,101.22,33.67,119.92890995260662,-49.984572925531914,-49.89999,37.476063829787236,39.0,120.20511464763369,118.63950194127024,0,0,89.80161868463516,89.80161868463516,88.63199661258935
2984,2021-04-04T00:51:48,2021-04-04T01:13:18,130,84.4,97.6,13.199999999999989,16.34583761111111,123.83210311447822,21.5,117.04,38.93,119.91803278688525,-45.622319615384626,-42.70001,38.0,39.0,123.83210311447822,118.80711834554336,0,0,92.51123246627763,92.51123246627763,88.75721777697945
2986,2021-04-04T06:16:35,2021-04-04T06:47:25,186,44.0,63.6,19.6,23.125,117.98469387755101,30.83333396911621,76.25999,25.37,119.90564465408805,-45.0,-45.0,33.38172043010753,36.0,117.98469387755101,118.63950194127024,0,0,88.14280924130226,88.14280924130226,88.63199661258935
2987,2021-04-04T06:47:36,2021-04-04T07:16:56,177,63.6,82.4,18.800000000000004,22.003889277777777,117.04196424349878,29.33333396911621,98.79,32.86,119.89077669902912,-45.00791039548023,-45.0,34.26553672316384,36.0,117.04196424349878,118.62316183629656,0,0,87.43852434154546,87.43852434154546,88.61978941258447
2988,2021-04-04T07:17:07,2021-04-04T07:38:27,129,82.4,95.2,12.799999999999997,15.675834138888886,122.46745421006945,21.33333396911621,114.19,37.99,119.94747899159663,-44.08682403100776,-42.80002,34.5,36.0,122.46745421006945,118.62316183629656,0,0,91.49174439448173,91.49174439448173,88.61978941258447
2989,2021-04-04T14:37:16,2021-04-04T16:01:52,635,21.2,97.6,76.39999999999999,91.15339516805557,119.31072665975861,84.5999984741211,117.1,38.95,119.97950819672131,-64.63621508661417,-42.70001,33.996062992125985,37.0,119.31072665975861,118.80711834554336,0,0,89.13344837192662,89.13344837192662,88.75721777697945
2990,2021-04-05T02:43:08,2021-04-05T03:04:28,129,10.4,32.0,21.6,25.101530680555552,116.21079018775717,21.33333396911621,38.25,12.72,119.53125,-70.59768255813954,-70.39999,28.147286821705425,30.0,116.21079018775717,118.62316183629656,0,0,86.81757925253596,86.81757925253596,88.61978941258447
2991,2021-04-05T03:04:39,2021-04-05T03:35:09,184,32.0,62.4,30.4,35.93861641666667,118.21913294956141,30.5,74.81,24.89,119.88782051282051,-70.69892347826088,-70.60001,31.092391304347824,34.0,118.21913294956141,118.55774210560799,0,0,88.31795160700918,88.31795160700918,88.57091630325823
2992,2021-04-05T03:35:20,2021-04-05T04:08:20,199,62.8,92.4,29.60000000000001,36.11889481944445,122.02329330893392,33.0,110.85,36.87,119.96753246753245,-65.62714648241206,-43.30002,33.70603015075377,35.0,122.02329330893392,118.62316183629656,0,0,91.15992517035536,91.15992517035536,88.61978941258447
2994,2021-04-05T15:14:55,2021-04-05T17:09:33,860,28.0,97.6,69.6,82.7150660277778,118.84348567209454,114.63333129882812,117.05,38.94,119.92827868852459,-43.29361012790698,-40.0,29.79767441860465,32.0,118.84348567209454,118.62316183629656,0,0,88.78438671069,88.78438671069,88.61978941258447
2995,2021-04-06T18:46:36,2021-04-06T20:04:31,585,27.2,97.6,70.39999999999999,83.93136549861111,119.22068962870898,77.91666412353516,117.05,38.94,119.92827868852459,-64.61437304273504,-43.0,34.6017094017094,37.0,119.22068962870898,118.74687050698742,0,0,89.0661844193609,89.0661844193609,88.71220843240678
2996,2021-04-07T04:48:13,2021-04-07T06:05:28,580,28.4,98.0,69.6,83.07087527499999,119.35470585488505,77.25,117.51,39.09,119.90816326530613,-64.50966617241379,-43.10001,33.27413793103448,36.0,119.35470585488505,118.90373351065048,0,0,89.16630390326053,89.16630390326053,88.82939605526266
2997,2021-04-07T18:07:03,2021-04-07T18:53:45,351,58.4,97.6,39.199999999999996,47.72933596666666,121.75851011904761,46.70000076293945,117.02,38.93,119.89754098360656,-61.31310877492878,-43.39999,30.846153846153847,32.0,121.75851011904761,119.07883898993242,0,0,90.96211362862545,90.96211362862545,88.96021208190317
2998,2021-04-08T14:40:48,2021-04-08T16:05:07,633,48.4,97.6,49.199999999999996,59.50873010277779,120.95270346093048,84.31666564941406,117.05,38.94,119.92827868852459,-42.34692503949447,-39.89999,24.872827804107423,27.0,120.95270346093048,119.07883898993242,0,0,90.36011975791622,90.36011975791622,88.96021208190317
3000,2021-04-09T01:40:38,2021-04-09T02:10:38,181,26.0,42.8,16.799999999999997,19.984026180555553,118.95253678902117,30.0,50.93,16.93,118.99532710280374,-39.96795259668508,-39.89999,23.383977900552487,26.0,118.95253678902117,119.07883898993242,0,0,88.8658555138111,88.8658555138111,88.96021208190317
3001,2021-04-09T02:10:49,2021-04-09T02:42:19,190,42.8,61.2,18.400000000000006,20.988332166666662,114.06702264492748,31.5,73.14,24.32,119.50980392156863,-39.97736615789474,-39.89999,25.305263157894736,27.0,114.06702264492748,119.07883898993242,0,0,85.21603512528299,85.21603512528299,88.96021208190317
3002,2021-04-09T02:42:30,2021-04-09T03:12:50,183,61.2,78.8,17.599999999999994,20.209998777777777,114.82953851010105,30.33333396911621,94.47,31.43,119.88578680203047,-39.97595387978142,-39.89999,26.008196721311474,28.0,114.82953851010105,119.07883898993242,0,0,85.78568774918362,85.78568774918362,88.96021208190317
3003,2021-04-09T03:13:01,2021-04-09T03:33:31,124,78.8,90.0,11.200000000000003,13.598193152777776,121.41243886408725,20.5,107.97,35.92,119.96666666666667,-39.63951233870968,0.0,26.5,28.0,121.41243886408725,119.07883898993242,0,0,90.7035742231537,90.7035742231537,88.96021208190317
3005,2021-04-09T15:11:00,2021-04-09T15:40:20,177,16.8,46.0,29.2,34.25014136111111,117.29500466133943,29.33333396911621,55.07,18.32,119.71739130434783,-70.05763220338983,-69.80002,26.505649717514125,29.0,117.29500466133943,118.95825906911378,0,0,87.62756321215706,87.62756321215706,88.87013045682322
3006,2021-04-09T15:40:31,2021-04-09T16:10:11,179,46.0,75.6,29.599999999999994,34.630834916666664,116.99606390765767,29.66666603088379,90.64,30.15,119.89417989417991,-70.03966798882682,-69.80002,30.31564245810056,32.0,116.99606390765767,118.89801123055786,0,0,87.40423358387858,87.40423358387858,88.82512111225054
3007,2021-04-09T16:10:22,2021-04-09T16:31:52,130,75.6,92.8,17.200000000000003,20.830835083333337,121.1095062984496,21.5,111.35,37.04,119.98922413793103,-58.119235538461545,-42.60001,32.026923076923076,33.0,121.1095062984496,118.89801123055786,0,0,90.47726243245914,90.47726243245914,88.82512111225054
3008,2021-04-09T20:11:03,2021-04-09T20:31:33,124,44.4,57.6,13.200000000000003,15.30820081944445,115.97121832912458,20.5,68.97,22.94,119.73958333333331,-44.80485725806451,-44.80002,31.629032258064516,34.0,115.97121832912458,118.71977700140368,0,0,86.63860233662388,86.63860233662388,88.69196769086768
3009,2021-04-09T20:31:44,2021-04-09T21:04:24,197,57.6,78.4,20.800000000000004,24.391122000000006,117.26500961538461,32.66666793823242,93.96,31.25,119.8469387755102,-44.80002,-44.80002,32.5,34.0,117.26500961538461,118.71977700140368,0,0,87.60515481724674,87.60515481724674,88.69196769086768
3010,2021-04-09T21:04:35,2021-04-09T21:28:45,146,78.4,93.2,14.799999999999997,17.87028504166667,120.74516920045049,24.16666603088379,111.85,37.2,120.01072961373389,-44.36303171232877,-42.60001,32.705479452054796,34.0,120.74516920045049,118.71977700140368,0,0,90.2050771661076,90.2050771661076,88.69196769086768
3013,2021-04-10T03:45:53,2021-04-10T04:13:23,166,52.4,79.2,26.800000000000004,32.13097552777778,119.89169973051409,27.5,94.96,31.59,119.89898989898988,-70.10422409638555,-69.80002,30.14457831325301,33.0,119.89169973051409,118.89801123055786,0,0,89.56747584504173,89.56747584504173,88.82512111225054
3014,2021-04-10T04:13:34,2021-04-10T04:39:14,155,79.6,97.6,18.0,22.39861311111111,124.43673950617284,25.66666603088379,117.04,38.93,119.91803278688525,-52.3877466451613,-42.70001,31.5,33.0,124.43673950617284,118.95825906911378,0,0,92.96293809335498,92.96293809335498,88.87013045682322
3016,2021-04-10T16:14:34,2021-04-10T16:35:44,128,37.2,50.8,13.599999999999994,15.80445150000001,116.20920220588246,21.16666603088379,60.84,20.24,119.76377952755907,-44.80002000000001,-44.80002,28.82421875,30.0,116.20920220588246,118.89801123055786,0,0,86.81639291913237,86.81639291913237,88.82512111225054
3017,2021-04-10T16:35:55,2021-04-10T17:04:25,172,50.8,69.2,18.400000000000006,21.286674166666668,115.68844655797099,28.5,82.91,27.58,119.81213872832369,-44.81396930232558,-44.80002,30.476744186046513,32.0,115.68844655797099,118.71977700140368,0,0,86.42735206792814,86.42735206792814,88.69196769086768
3018,2021-04-10T17:04:36,2021-04-10T17:29:16,149,69.2,84.8,15.599999999999994,18.45083163888889,118.27456178774933,24.66666603088379,101.71,33.83,119.94103773584905,-44.88053275167786,-44.80002,31.33221476510067,32.0,118.27456178774933,118.63265614249887,0,0,88.359360821631,88.359360821631,88.62688232263038
3019,2021-04-10T20:36:52,2021-04-10T20:55:32,113,44.0,60.0,16.0,18.70833630555556,116.92710190972224,18.66666603088379,71.85,23.9,119.75,-60.1336378761062,-60.0,34.597345132743364,36.0,116.92710190972224,118.34819420032628,0,0,87.35271415344101,87.35271415344101,88.41436937810087
3020,2021-04-10T20:55:43,2021-04-10T21:23:33,168,60.0,83.6,23.599999999999994,27.908893555555554,118.25802354048967,27.83333396911621,100.29,33.36,119.9641148325359,-60.163105297619055,-60.10001,35.663690476190474,37.0,118.25802354048967,118.34819420032628,0,0,88.34700559549542,88.34700559549542,88.41436937810087
3021,2021-04-10T21:23:44,2021-04-10T21:45:24,131,83.6,97.6,14.0,17.45833865277778,124.7024189484127,21.66666603088379,117.12,38.96,120.00000000000001,-48.370243740458015,-42.70001,36.0,37.0,124.7024189484127,118.34819420032628,0,0,93.16141919820903,93.16141919820903,88.41436937810087
3022,2021-04-11T01:58:53,2021-04-11T02:27:13,171,32.0,50.0,18.0,21.148897388888887,117.49387438271604,28.33333396911621,59.94,19.93,119.88,-44.78598280701756,-44.70001,31.464912280701753,34.0,117.49387438271604,118.34819420032628,0,0,87.77613278791372,87.77613278791372,88.41436937810087
3023,2021-04-11T02:27:24,2021-04-11T02:57:04,179,50.0,68.8,18.799999999999997,22.119034458333335,117.65443860815606,29.66666603088379,82.5,27.44,119.91279069767442,-44.73520905027934,-44.70001,33.14804469273743,35.0,117.65443860815606,118.34819420032628,0,0,87.89608548202018,87.89608548202018,88.41436937810087
3024,2021-04-11T02:57:15,2021-04-11T03:24:15,163,69.2,86.0,16.799999999999997,20.157647652777783,119.9859979332011,27.0,103.12,34.3,119.90697674418605,-44.79449797546014,-44.70001,33.58282208588957,35.0,119.9859979332011,118.63265614249887,0,0,89.63792319052423,89.63792319052423,88.62688232263038
3025,2021-04-11T03:24:26,2021-04-11T03:44:26,121,86.0,98.0,12.0,14.471949013888892,120.59957511574078,20.0,117.51,39.09,119.90816326530613,-43.41819553719009,-42.60001,34.13223140495868,36.0,120.59957511574078,118.89801123055786,0,0,90.09630821300468,90.09630821300468,88.82512111225054
3027,2021-04-11T09:32:11,2021-04-11T10:01:01,174,60.4,88.0,27.6,32.50597631944445,117.77527651972626,28.83333396911621,105.52,35.1,119.9090909090909,-67.57587057471264,-42.39999,30.804597701149426,33.0,117.77527651972626,118.89801123055786,0,0,87.98635984421587,87.98635984421587,88.82512111225054
3028,2021-04-11T10:01:12,2021-04-11T10:20:32,117,88.0,97.6,9.599999999999994,11.90875059722222,124.04948538773152,19.33333396911621,117.05,38.94,119.92827868852459,-36.877779658119664,-12.60001,31.5,33.0,124.04948538773152,118.95825906911378,0,0,92.67363221165216,92.67363221165216,88.87013045682322
3030,2021-04-11T20:40:29,2021-04-11T21:09:19,174,52.4,80.4,28.000000000000007,33.62833394444445,120.10119265873014,28.83333396911621,96.55,32.12,120.0870646766169,-69.9775874137931,-69.70001,33.93390804597701,36.0,120.10119265873014,119.08661320886507,0,0,89.72398169849008,89.72398169849008,88.966019966586
3031,2021-04-11T21:09:30,2021-04-11T21:26:40,104,80.8,93.6,12.799999999999997,15.890418819444443,124.14389702690974,17.16666603088379,112.29,37.35,119.96794871794873,-55.54808451923077,-42.5,35.0,36.0,124.14389702690974,119.24515515781167,0,0,92.74416430211875,92.74416430211875,89.08446187886697
3034,2021-04-12T04:02:11,2021-04-12T04:30:01,168,47.2,70.0,22.799999999999997,26.921113624999997,118.07505975877193,27.83333396911621,83.87,27.9,119.81428571428573,-58.03333880952381,-56.30002,30.991071428571427,33.0,118.07505975877193,119.08661320886507,0,0,88.2103188679208,88.2103188679208,88.966019966586
3035,2021-04-12T04:30:12,2021-04-12T04:56:32,159,70.0,90.4,20.400000000000006,24.129864083333338,118.28364746732025,26.33333396911621,108.41,36.06,119.92256637168141,-54.94528987421383,-42.80002,32.100628930817614,34.0,118.28364746732025,119.08661320886507,0,0,88.36614845903486,88.36614845903486,88.966019966586
3037,2021-04-12T16:16:36,2021-04-12T17:51:50,718,24.4,97.6,73.19999999999999,87.61924827555556,119.69842660595025,95.23332977294922,117.04,38.93,119.91803278688525,-55.21170682172703,-43.200012,35.03481894150418,37.0,119.69842660595025,119.08661320886507,0,0,89.42308731810634,89.42308731810634,88.966019966586
3038,2021-04-13T02:34:43,2021-04-13T02:56:43,133,33.6,45.6,12.0,14.186246414166666,118.21872011805556,22.0,54.54,18.14,119.60526315789473,-38.54961436240601,-0.2000122,31.804511278195488,34.0,118.21872011805556,118.89801123055786,0,0,88.31764319303213,88.31764319303213,88.82512111225054
3039,2021-04-13T02:56:54,2021-04-13T03:29:44,198,45.6,64.4,18.800000000000004,21.835828027777776,116.14802142434984,32.83333206176758,77.18999,25.68,119.86023291925464,-39.90302060606061,-39.89999,33.29040404040404,35.0,116.14802142434984,118.89801123055786,0,0,86.77068660097672,86.77068660097672,88.82512111225054
3040,2021-04-13T03:29:55,2021-04-13T03:58:26,173,64.4,80.4,16.0,18.966078830555556,118.53799269097223,28.516666412353516,96.42,32.07,119.92537313432835,-39.90519283236994,-39.89999,34.0,35.0,118.53799269097223,118.69073918153339,0,0,88.55616211074683,88.55616211074683,88.6702744107184
3041,2021-04-13T03:58:37,2021-04-13T04:28:37,181,80.4,96.4,16.0,19.95860697222222,124.74129357638887,30.0,115.63,38.46,119.94813278008297,-39.91711878453039,-39.89999,34.0414364640884,36.0,124.74129357638887,118.69073918153339,0,0,93.19046126125482,93.19046126125482,88.6702744107184
3044,2021-04-13T07:35:03,2021-04-13T08:02:43,167,82.0,91.6,9.599999999999994,11.896675888888886,123.92370717592597,27.66666603088379,109.87,36.54,119.94541484716159,-25.800019999999996,-25.80002,31.55389221556886,33.0,123.92370717592597,118.69073918153339,0,0,92.57966710003018,92.57966710003018,88.6702744107184
3047,2021-04-13T17:57:51,2021-04-13T18:51:14,401,53.6,97.6,43.99999999999999,53.739575218055556,122.13539822285355,53.38333511352539,117.12,38.96,120.00000000000001,-60.3618518703242,-12.70001,34.061097256857856,36.0,122.13539822285355,118.89801123055786,0,0,91.24367537318156,91.24367537318156,88.82512111225054
3049,2021-04-14T03:48:36,2021-04-14T04:19:46,188,53.2,83.2,30.0,36.383058277777785,121.27686092592596,31.16666603088379,99.78,33.19,119.92788461538461,-70.04309037234043,-69.70001,33.204787234042556,35.0,121.27686092592596,119.08661320886507,0,0,90.60228803129323,90.60228803129323,88.966019966586
3052,2021-04-14T19:36:51,2021-04-14T20:02:51,157,52.4,74.0,21.6,25.72152898611111,119.08115271347735,26.0,88.75999,29.52,119.94593243243244,-59.357327643312104,-59.30002,32.30573248407644,33.0,119.08115271347735,119.01684475124927,0,0,88.96194059503783,88.96194059503783,88.91389805442446
3054,2021-04-15T02:44:32,2021-04-15T04:14:11,673,45.2,97.6,52.39999999999999,63.86110714305556,121.87234187606026,89.6500015258789,117.05,38.94,119.92827868852459,-42.74116563150075,-40.10001,31.058692421991086,33.0,121.87234187606026,119.01684475124927,0,0,91.04715390388675,91.04715390388675,88.91389805442446
3055,2021-04-15T16:38:58,2021-04-15T18:01:57,623,22.4,97.6,75.19999999999999,89.89641658055557,119.54310715499412,82.98332977294922,117.07,38.94,119.94877049180327,-64.98747988764045,-43.39999,33.340288924558585,36.0,119.54310715499412,119.15092117109316,0,0,89.3070528369617,89.3070528369617,89.01406250719936
3056,2021-04-16T22:35:56,2021-04-17T00:01:11,640,20.8,97.6,76.8,91.60470170555556,119.27695534577546,85.25,117.04,38.93,119.91803278688525,-64.462036375,-43.20001,29.18515625,32.0,119.27695534577546,119.24882248724222,0,0,89.10821884097292,89.10821884097292,89.0872016301669
3058,2021-04-17T09:09:15,2021-04-17T09:34:35,153,79.6,98.0,18.400000000000006,22.084030819444443,120.02190662741542,25.33333396911621,117.51,39.09,119.90816326530613,-52.19085679738563,0.0,26.526143790849673,28.0,120.02190662741542,119.24882248724222,0,0,89.6647494938371,89.6647494938371,89.0872016301669
3060,2021-04-17T16:23:14,2021-04-17T16:52:34,177,54.4,83.2,28.800000000000004,34.189168555555554,118.71239081790121,29.33333396911621,99.81,33.2,119.9639423076923,-69.931642259887,-69.70001,29.045197740112993,31.0,118.71239081790121,119.15092117109316,0,0,88.686449695761,88.686449695761,89.01406250719936
3061,2021-04-17T16:52:45,2021-04-17T17:14:35,132,83.2,97.6,14.399999999999991,17.760141750000003,123.33431770833343,21.83333396911621,117.13,38.96,120.01024590163934,-48.865159469696984,-43.0,30.071969696969695,31.0,123.33431770833343,119.24882248724222,0,0,92.13935199047235,92.13935199047235,89.0872016301669
3063,2021-04-18T01:07:43,2021-04-18T01:36:33,174,33.2,53.6,20.4,24.029861319444446,117.79343784041396,28.83333396911621,64.29,21.39,119.94402985074628,-50.00459816091954,-50.0,29.155172413793103,31.0,117.79343784041396,119.24882248724222,0,0,87.99992761959703,87.99992761959703,89.0872016301669
3064,2021-04-18T01:36:44,2021-04-18T02:04:34,168,54.0,73.6,19.599999999999994,23.194444444444443,118.33900226757372,27.83333396911621,88.25999,29.36,119.91846467391305,-50.0,-50.0,30.904761904761905,32.0,118.33900226757372,119.15092117109316,0,0,88.40750236214703,88.40750236214703,89.01406250719936
3065,2021-04-18T02:04:45,2021-04-18T02:34:45,181,73.6,93.6,20.0,24.28500168055556,121.42500840277779,30.0,112.23,37.33,119.90384615384616,-48.55967182320441,-43.30002,31.64917127071823,33.0,121.42500840277779,119.24882248724222,0,0,90.7129645467172,90.7129645467172,89.0872016301669
3067,2021-04-18T05:12:01,2021-04-18T05:35:11,140,75.2,83.2,8.0,10.006246874999997,125.07808593749996,23.16666603088379,99.74,33.18,119.87980769230768,-25.91213478571428,-25.0,30.5,32.0,125.07808593749996,119.31583060033026,0,0,93.44206868475801,93.44206868475801,89.13726137211673
3068,2021-04-18T05:35:22,2021-04-18T06:08:22,199,83.6,95.2,11.600000000000009,14.244994499999994,122.80167672413778,33.0,114.19,37.99,119.94747899159663,-25.899989999999995,-25.89999,30.5,32.0,122.80167672413778,119.41003125038479,0,0,91.74143196270347,91.74143196270347,89.20763583896732
3071,2021-04-18T15:06:24,2021-04-18T15:34:54,172,31.2,47.2,16.000000000000004,19.047504749999998,119.04690468749996,28.5,56.47,18.78,119.63983050847456,-40.10001,-40.10001,29.09593023255814,31.0,119.04690468749996,119.1790540296264,0,0,88.93635492691931,88.93635492691931,89.03507971800538
3072,2021-04-18T15:35:05,2021-04-18T16:05:45,185,47.6,65.2,17.6,20.495560666666666,116.45204924242422,30.66666603088379,78.14,25.99,119.84662576687116,-40.10001,-40.10001,30.927027027027027,32.0,116.45204924242422,119.06402870048865,0,0,86.99781662176052,86.99781662176052,88.94914776097858
3073,2021-04-18T16:05:56,2021-04-18T16:33:56,169,65.2,80.8,15.599999999999994,18.713338000000004,119.95729487179494,28.0,96.89,32.23,119.91336633663367,-40.10001,-40.10001,31.5,32.0,119.95729487179494,119.1790540296264,0,0,89.61647999833534,89.61647999833534,89.03507971800538
3074,2021-04-18T16:34:07,2021-04-18T16:59:57,156,81.2,95.2,14.0,17.265282083333332,123.32344345238093,25.83333396911621,114.21,37.99,119.96848739495796,-40.10001,-40.10001,31.92948717948718,33.0,123.32344345238093,119.41003125038479,0,0,92.13122816155385,92.13122816155385,89.20763583896732
3075,2021-04-19T00:17:12,2021-04-19T00:40:02,138,37.6,60.0,22.4,26.763893250000006,119.48166629464289,22.83333396911621,71.89,23.92,119.81666666666668,-70.32827239130434,-70.30002,28.702898550724637,31.0,119.48166629464289,119.5123867248185,0,0,89.26115222175835,89.26115222175835,89.28410252936003
3076,2021-04-19T00:40:13,2021-04-19T01:08:13,169,60.0,87.6,27.599999999999994,32.84249858333333,118.99456008454106,28.0,105.13,34.97,120.01141552511416,-70.37692,-70.30002,31.0207100591716,33.0,118.99456008454106,119.37931082020918,0,0,88.89724985149142,88.89724985149142,89.18468553136563
3077,2021-04-19T01:08:24,2021-04-19T01:25:44,105,87.6,97.6,10.0,12.624169555555559,126.24169555555558,17.33333396911621,117.04,38.93,119.91803278688525,-43.69905761904763,-43.60001,31.938095238095237,33.0,126.24169555555558,119.5123867248185,0,0,94.31136636418468,94.31136636418468,89.28410252936003
3078,2021-04-19T13:59:26,2021-04-19T14:29:26,181,30.8,49.6,18.8,22.450133902777775,119.41560586583923,30.0,59.39,19.75,119.73790322580645,-44.900542541436465,-44.89999,28.049723756906076,30.0,119.41560586583923,119.5123867248185,0,0,89.21180046617823,89.21180046617823,89.28410252936003
3079,2021-04-19T14:29:37,2021-04-19T14:58:17,173,50.0,68.0,18.0,21.44999588888889,119.1666438271605,28.66666603088379,81.56,27.13,119.94117647058823,-44.895367109826594,-44.80002,30.109826589595375,31.0,119.1666438271605,119.44863608024106,0,0,89.02580842973357,89.02580842973357,89.23647634396829
3080,2021-04-19T14:58:28,2021-04-19T15:28:28,181,68.4,86.8,18.39999999999999,22.449994999999998,122.0108423913044,30.0,104.08,34.62,119.90783410138249,-44.89999,-44.89999,30.748618784530386,32.0,122.0108423913044,119.5123867248185,0,0,91.15062346501183,91.15062346501183,89.28410252936003
3081,2021-04-19T15:28:39,2021-04-19T15:46:49,110,87.2,98.0,10.799999999999997,13.242917777777778,122.61960905349798,18.16666603088379,117.51,39.09,119.90816326530613,-43.740912727272715,-43.20001,31.5,32.0,122.61960905349798,119.62076688047219,0,0,91.60541469271024,91.60541469271024,89.36507007753403
3082,2021-04-19T20:10:29,2021-04-19T20:28:29,109,64.4,79.6,15.199999999999989,18.015001499999997,118.51974671052639,18.0,95.52,31.77,120.0,-60.050463761467896,-60.0,31.408256880733944,33.0,118.51974671052639,119.5123867248185,0,0,88.54253108861164,88.54253108861164,89.28410252936003
3083,2021-04-19T20:28:40,2021-04-19T20:49:50,128,79.6,94.8,15.200000000000003,18.19833618055556,119.72589592470761,21.16666603088379,113.72,37.83,119.957805907173,-51.58672687500001,-43.30002,32.0,33.0,119.72589592470761,119.5123867248185,0,0,89.44360881834206,89.44360881834206,89.28410252936003
3085,2021-04-20T17:09:07,2021-04-20T17:37:27,171,19.2,42.8,23.599999999999998,28.235842472222227,119.6434003060264,28.33333396911621,51.24,17.04,119.71962616822431,-59.79358660818714,-59.70001,28.628654970760234,31.0,119.6434003060264,119.5123867248185,0,0,89.38197882769083,89.38197882769083,89.28410252936003
3086,2021-04-20T17:37:38,2021-04-20T18:08:38,187,43.2,69.6,26.39999999999999,30.896954138888898,117.03391719276102,31.0,83.49,27.77,119.95689655172414,-59.80055352941176,-59.70001,31.727272727272727,33.0,117.03391719276102,119.5123867248185,0,0,87.43251263244301,87.43251263244301,89.28410252936003
3087,2021-04-20T18:08:49,2021-04-20T18:39:19,184,69.6,93.2,23.60000000000001,28.114311263888887,119.12843755885116,30.5,111.78,37.18,119.93562231759657,-55.285880815217396,-43.10001,33.23913043478261,34.0,119.12843755885116,119.5123867248185,0,0,88.99726567805337,88.99726567805337,89.28410252936003
3090,2021-04-21T11:58:08,2021-04-21T12:31:38,202,34.0,67.6,33.599999999999994,39.46264480555556,117.44834763558204,33.5,81.00999,26.94,119.83726331360948,-70.67921851485148,-70.5,32.06188118811881,35.0,117.44834763558204,119.5123867248185,0,0,87.74212112711157,87.74212112711157,89.28410252936003
3091,2021-04-21T12:31:49,2021-04-21T12:59:49,169,67.6,92.0,24.400000000000006,29.858477430555556,122.37080914162111,28.0,110.31,36.69,119.90217391304347,-63.94320639053255,-43.89999,34.396449704142015,36.0,122.37080914162111,119.59325373051026,0,0,91.41954377631345,91.41954377631345,89.34451583232627
3094,2021-04-22T00:05:31,2021-04-22T00:30:43,153,17.2,34.4,17.2,20.20719651666667,117.4837006782946,25.200000762939453,41.18,13.69,119.7093023255814,-48.113076797385624,-47.10001,32.245098039215684,34.0,117.4837006782946,119.59325373051026,0,0,87.76853231993246,87.76853231993246,89.34451583232627
3095,2021-04-22T00:30:54,2021-04-22T01:01:44,186,34.4,54.8,20.4,24.222363388888887,118.73707543572985,30.83333396911621,65.65,21.84,119.79927007299273,-47.1376388172043,-46.20001,34.01075268817204,36.0,118.73707543572985,119.5123867248185,0,0,88.70489082985185,88.70489082985185,89.28410252936003
3096,2021-04-22T01:01:55,2021-04-22T01:30:05,170,54.8,73.6,18.799999999999997,22.08722525,117.48524069148938,28.16666603088379,88.28,29.36,119.94565217391305,-47.04941817647059,-46.20001,35.45,37.0,117.48524069148938,119.5123867248185,0,0,87.76968281738085,87.76968281738085,89.28410252936003
3099,2021-04-22T21:08:42,2021-04-22T21:37:12,172,20.4,48.0,27.6,33.27944677777778,120.57770571658614,28.5,57.61,19.16,120.02083333333334,-70.06163279069767,-69.80002,35.18604651162791,38.0,120.57770571658614,119.59325373051026,0,0,90.0799702439465,90.0799702439465,89.34451583232627
3100,2021-04-22T21:37:23,2021-04-22T22:01:13,144,48.4,71.6,23.199999999999996,27.82291841666667,119.92637248563223,23.83333396911621,85.86,28.56,119.91620111731844,-70.0444488888889,-69.80002,37.986111111111114,40.0,119.92637248563223,119.59325373051026,0,0,89.59337881550178,89.59337881550178,89.34451583232627
3101,2021-04-22T22:01:24,2021-04-22T22:25:34,146,71.6,92.4,20.80000000000001,25.063613208333333,120.49814042467942,24.16666603088379,110.86,36.87,119.97835497835497,-62.18904623287672,-43.10001,39.0,40.0,120.49814042467942,119.59325373051026,0,0,90.02052941212098,90.02052941212098,89.34451583232627
3102,2021-04-23T01:26:06,2021-04-23T01:52:26,159,64.4,89.2,24.799999999999997,29.858056625000003,120.39538961693552,26.33333396911621,107.0,35.59,119.95515695067265,-67.96037981132075,-43.10001,36.75471698113208,39.0,120.39538961693552,119.67091345598831,0,0,89.94376738012588,89.94376738012588,89.40253307289859
3104,2021-04-23T06:39:15,2021-04-23T07:17:21,230,64.8,94.4,29.60000000000001,35.80476315694445,120.96203769237987,38.099998474121094,113.24,37.66,119.95762711864406,-56.37434673913043,-43.70001,33.68260869565217,36.0,120.96203769237987,119.67091345598831,0,0,90.3670930809382,90.3670930809382,89.40253307289859
3106,2021-04-23T18:58:16,2021-04-23T19:23:03,150,24.4,48.4,24.0,28.889900656944448,120.37458607060186,24.78333282470703,58.03,19.3,119.89669421487604,-69.94132826666667,-69.80002,37.11666666666667,39.0,120.37458607060186,119.67091345598831,0,0,89.92822567759,89.92822567759,89.40253307289859
3108,2021-04-23T19:23:57,2021-04-23T19:50:07,158,49.2,75.2,26.0,30.49263570833333,117.27936810897435,26.16666603088379,90.2,30.0,119.9468085106383,-69.91961297468355,-69.80002,39.96518987341772,41.0,117.27936810897435,119.59325373051026,0,0,87.61588161510399,87.61588161510399,89.34451583232627
3109,2021-04-23T19:50:18,2021-04-23T20:18:48,172,75.2,96.8,21.599999999999994,26.657502180555557,123.4143619470165,28.5,116.15,38.64,119.98966942148762,-56.123841802325586,-43.10001,41.0,42.0,123.4143619470165,119.67091345598831,0,0,92.19915062900108,92.19915062900108,89.40253307289859
3111,2021-04-24T02:31:39,2021-04-24T03:01:59,183,54.8,84.4,29.60000000000001,35.428336013888895,119.69032437124623,30.33333396911621,101.2,33.66,119.90521327014217,-70.07814737704918,-69.80002,38.049180327868854,40.0,119.69032437124623,119.69437548859824,0,0,89.41703438272572,89.41703438272572,89.42006085041604
3114,2021-04-24T20:44:14,2021-04-24T21:16:14,193,27.2,54.4,27.2,32.00444793055556,117.66341150939542,32.0,65.18,21.68,119.81617647058825,-60.006742227979274,-58.39999,34.41450777202073,37.0,117.66341150939542,119.66686233863632,0,0,87.9027888661312,87.9027888661312,89.39950660520827
3115,2021-04-24T21:16:25,2021-04-24T21:47:15,186,54.4,79.2,24.800000000000004,29.23361347222222,117.87747367831538,30.83333396911621,94.98,31.59,119.92424242424242,-56.886563817204305,-55.10001,36.60215053763441,38.0,117.87747367831538,119.66686233863632,0,0,88.06270826161206,88.06270826161206,89.39950660520827
3116,2021-04-24T21:47:26,2021-04-24T22:08:16,126,79.2,93.6,14.399999999999991,17.623058583333332,122.38235127314822,20.83333396911621,112.21,37.33,119.88247863247864,-50.74365952380953,-43.10001,37.0,38.0,122.38235127314822,119.70811014797692,0,0,91.42816655494681,91.42816655494681,89.43032160053389
3118,2021-04-25T03:05:32,2021-04-25T03:39:22,204,51.6,72.0,20.4,24.510559055555557,120.14979929193902,33.83333206176758,86.35,28.72,119.93055555555556,-43.467163039215684,-42.39999,34.5,36.0,120.14979929193902,119.82613420516992,0,0,89.76029424936416,89.76029424936416,89.51849381692192
3119,2021-04-25T03:39:33,2021-04-25T04:24:41,273,72.0,97.2,25.200000000000003,30.959337286111108,122.85451304012344,45.13333511352539,116.63,38.79,119.98971193415638,-41.15751435897436,-39.89999,34.637362637362635,36.0,122.85451304012344,119.82613420516992,0,0,91.78090438211552,91.78090438211552,89.51849381692192
3121,2021-04-25T06:37:10,2021-04-25T07:04:00,162,78.0,97.6,19.599999999999994,23.835835833333338,121.61140731292522,26.83333396911621,117.13,38.96,120.01024590163934,-53.227166111111124,-13.30002,34.48765432098765,36.0,121.61140731292522,119.82613420516992,0,0,90.85221755522153,90.85221755522153,89.51849381692192
3122,2021-04-25T23:40:55,2021-04-25T23:59:15,111,26.8,44.8,17.999999999999996,21.520136736111105,119.55631520061728,18.33333396911621,53.61,17.83,119.66517857142858,-70.4297227027027,-70.39999,28.315315315315317,30.0,119.55631520061728,119.70811014797692,0,0,89.3169201698127,89.3169201698127,89.43032160053389
3125,2021-04-26T00:15:25,2021-04-26T00:40:53,154,61.2,86.0,24.799999999999997,29.918499516666667,120.63911095430109,25.46666717529297,103.08,34.29,119.86046511627907,-70.48831051948052,-70.39999,32.41558441558441,34.0,120.63911095430109,119.70811014797692,0,0,90.12584424655181,90.12584424655181,89.43032160053389
3126,2021-04-26T03:07:50,2021-04-26T04:00:32,396,53.2,97.6,44.39999999999999,53.846255183333334,121.27534951201204,52.70000076293945,117.04,38.93,119.91803278688525,-61.29621803030304,-43.20001,33.22348484848485,35.0,121.27534951201204,119.82613420516992,0,0,90.60115889950569,90.60115889950569,89.51849381692192
3128,2021-04-27T03:19:03,2021-04-27T03:47:23,171,56.0,66.4,10.400000000000006,12.194447319444446,117.25430114850424,28.33333396911621,79.55,26.46,119.80421686746988,-25.823397894736843,-25.60001,25.5,26.0,117.25430114850424,119.70811014797692,0,0,87.59715484434786,87.59715484434786,89.43032160053389
3129,2021-04-27T03:47:34,2021-04-27T04:14:44,164,66.4,76.0,9.599999999999994,11.53916622222222,120.1996481481482,27.16666603088379,91.07999,30.3,119.84209210526315,-25.48536487804878,-25.30002,25.503048780487806,27.0,120.1996481481482,119.82613420516992,0,0,89.79753482760648,89.79753482760648,89.51849381692192
3130,2021-04-27T04:14:55,2021-04-27T04:41:15,159,76.0,85.2,9.200000000000003,11.079589305555556,120.43031853864731,26.33333396911621,102.18,33.99,119.92957746478875,-25.244667610062894,-25.10001,26.39308176100629,27.0,120.43031853864731,119.94183367871358,0,0,89.96986172492828,89.96986172492828,89.60492940691856
3131,2021-04-27T04:41:26,2021-04-27T05:14:46,201,85.2,96.0,10.799999999999997,13.689588027777779,126.75544470164614,33.33333206176758,115.15,38.3,119.94791666666667,-24.641301990049755,-24.10001,26.5,27.0,126.75544470164614,119.94183367871358,0,0,94.69517286902452,94.69517286902452,89.60492940691856
3134,2021-04-27T09:46:36,2021-04-27T10:15:46,176,75.2,97.2,22.0,26.465142361111113,120.29610164141415,29.16666603088379,116.6,38.79,119.95884773662551,-54.369893409090906,-12.89999,28.227272727272727,29.0,120.29610164141415,120.05354708186698,0,0,89.86959232572926,89.86959232572926,89.68838712384975
3137,2021-04-28T00:23:59,2021-04-28T00:52:19,171,6.0,34.0,28.0,33.1391715,118.35418392857143,28.33333396911621,40.77,13.56,119.91176470588235,-70.17720321637427,-70.10001,28.605263157894736,31.0,118.35418392857143,119.94183367871358,0,0,88.41884412356802,88.41884412356802,89.60492940691856
3138,2021-04-28T00:52:30,2021-04-28T01:26:30,205,34.0,67.6,33.599999999999994,39.766255722222226,118.35195155423283,34.0,81.05,26.96,119.89644970414201,-70.17561985365855,-70.10001,32.165853658536584,35.0,118.35195155423283,119.94183367871358,0,0,88.41717638397387,88.41717638397387,89.60492940691856
3139,2021-04-28T01:26:41,2021-04-28T01:58:31,192,67.6,94.0,26.400000000000006,32.22944725000001,122.08123958333333,31.83333396911621,112.74,37.5,119.93617021276596,-60.72604692708334,-43.39999,34.583333333333336,36.0,122.08123958333333,120.05354708186698,0,0,91.20321508570602,91.20321508570602,89.68838712384975
3141,2021-04-28T16:04:01,2021-04-28T17:22:21,588,28.4,97.6,69.19999999999999,82.89912622777778,119.79642518465,78.33333587646484,117.09,38.94,119.96926229508198,-63.45953539115647,-12.60001,28.577380952380953,32.0,119.79642518465,119.94183367871358,0,0,89.49629910299444,89.49629910299444,89.60492940691856
3142,2021-04-29T05:18:51,2021-04-29T06:58:31,748,8.8,98.0,89.2,106.80042495833335,119.73141811472348,99.66666412353516,117.51,39.09,119.90816326530613,-64.26457720588236,-12.80002,28.795454545454547,32.0,119.73141811472348,119.86139883514112,0,0,89.4477342800877,89.4477342800877,89.54483895924811
3143,2021-04-29T16:59:40,2021-04-29T17:17:20,107,11.6,22.8,11.200000000000001,13.172636111111109,117.61282242063488,17.66666603088379,27.25,9.059999,119.51754385964912,-44.5766261682243,-10.20001,31.00467289719626,32.0,117.61282242063488,119.76392164968675,0,0,87.86499528245722,87.86499528245722,89.47201669154107
3144,2021-04-29T17:17:31,2021-04-29T17:49:51,195,22.8,43.2,20.400000000000002,24.194717249999997,118.6015551470588,32.33333206176758,51.69,17.19,119.65277777777776,-44.89742666666667,-44.80002,32.07692307692308,34.0,118.6015551470588,119.76392164968675,0,0,88.60364770618824,88.60364770618824,89.47201669154107
3145,2021-04-29T17:50:02,2021-04-29T18:17:22,165,43.2,60.8,17.599999999999994,20.45360680555555,116.21367503156569,27.33333396911621,72.88,24.24,119.86842105263158,-44.89817236363636,-44.80002,33.99393939393939,35.0,116.21367503156569,119.76392164968675,0,0,86.81973443240845,86.81973443240845,89.47201669154107
3146,2021-04-29T18:17:33,2021-04-29T18:45:43,170,60.8,78.4,17.60000000000001,21.07582930555555,119.74903014520194,28.16666603088379,94.0,31.27,119.89795918367346,-44.895285529411765,-44.80002,34.89705882352941,36.0,119.74903014520194,119.74022412996271,0,0,89.4608916973068,89.4608916973068,89.45431298869725
3147,2021-04-29T18:45:54,2021-04-29T19:13:44,168,78.8,95.2,16.400000000000006,20.57597055555555,125.46323509485087,27.83333396911621,114.23,38.0,119.98949579831933,-44.35356785714286,-43.20001,35.19642857142857,36.0,125.46323509485087,119.74022412996271,0,0,93.72980201346472,93.72980201346472,89.45431298869725
3148,2021-04-30T05:06:44,2021-04-30T06:26:23,598,18.4,92.8,74.4,88.57497693194445,119.05238834938768,79.6500015258789,111.35,37.04,119.98922413793103,-66.70435138795987,-43.0,29.879598662207357,33.0,119.05238834938768,119.74022412996271,0,0,88.94045160546149,88.94045160546149,89.45431298869725
3150,2021-04-30T13:29:35,2021-04-30T13:59:05,178,41.6,66.0,24.4,28.867641888888887,118.3100077413479,29.5,79.11,26.32,119.86363636363636,-58.71348926966293,-57.0,34.20786516853933,36.0,118.3100077413479,119.74022412996271,0,0,88.38584142537486,88.38584142537486,89.45431298869725
3151,2021-04-30T13:59:16,2021-04-30T14:27:36,171,66.0,88.0,22.0,26.283197444444447,119.46907929292931,28.33333396911621,105.59,35.12,119.98863636363637,-55.65848590643275,-54.20001,35.45906432748538,37.0,119.46907929292931,119.72865701971554,0,0,89.2517488520966,89.2517488520966,89.44567154921488
3156,2021-04-30T22:22:44,2021-04-30T22:53:24,185,60.0,81.2,21.200000000000003,25.506661777777772,120.31444234800834,30.66666603088379,97.36,32.38,119.90147783251231,-49.90431475675676,-49.89999,35.997297297297294,37.0,120.31444234800834,119.74022412996271,0,0,89.88329411491523,89.88329411491523,89.45431298869725
3158,2021-05-01T04:58:02,2021-05-01T06:10:50,547,36.0,93.200005,57.200005000000004,68.53511795333334,119.81662930507319,72.80000305175781,111.82,37.2,119.97853433591553,-56.47715370383912,-43.30002,33.75868372943327,36.0,119.81662930507319,119.77272766492598,0,0,89.51139299249672,89.51139299249672,89.47859540015062
3160,2021-05-01T13:27:40,2021-05-01T13:58:10,184,61.2,90.0,28.799999999999997,34.425416722222224,119.5326969521605,30.5,107.92,35.9,119.91111111111111,-67.66195668478261,-43.10001,36.25,38.0,119.5326969521605,119.74022412996271,0,0,89.29927568814377,89.29927568814377,89.45431298869725
3162,2021-05-02T10:27:28,2021-05-02T11:05:05,283,60.0,93.2,33.2,40.0611136,120.66600481927709,37.61666488647461,111.76,37.18,119.91416309012875,-63.870321978798586,-43.0,31.681978798586574,33.0,120.66600481927709,119.74022412996271,0,0,90.14593584260919,90.14593584260919,89.45431298869725
3164,2021-05-02T17:54:01,2021-05-02T18:24:11,182,36.4,61.6,25.200000000000003,29.905002874999997,118.67064632936507,30.16666603088379,73.85,24.56,119.88636363636363,-59.47802774725274,-57.60001,32.70879120879121,35.0,118.67064632936507,119.74022412996271,0,0,88.65526364637618,88.65526364637618,89.45431298869725
3165,2021-05-02T18:24:22,2021-05-02T18:51:52,166,61.6,83.2,21.6,25.83028036111111,119.58463130144031,27.5,99.75999,33.19,119.90383413461538,-56.35723457831326,-54.89999,34.20783132530121,36.0,119.58463130144031,119.74022412996271,0,0,89.33807427541129,89.33807427541129,89.45431298869725
3166,2021-05-02T18:52:03,2021-05-02T19:14:33,136,83.6,97.6,14.0,17.79986325,127.14188035714285,22.5,117.02,38.93,119.89754098360656,-47.4794174264706,-43.20001,34.5,36.0,127.14188035714285,119.77272766492598,0,0,94.9838673017264,94.9838673017264,89.47859540015062
3168,2021-05-04T14:46:05,2021-05-04T15:13:45,167,24.0,51.2,27.200000000000003,32.32514208333334,118.84243412990197,27.66666603088379,61.3,20.39,119.72656249999999,-70.1024020958084,-69.89999,34.34730538922156,37.0,118.84243412990197,119.77272766492598,0,0,88.78360113520691,88.78360113520691,89.47859540015062
3169,2021-05-04T15:20:16,2021-05-04T15:43:06,138,51.2,73.2,22.0,26.669168722222224,121.2234941919192,22.83333396911621,87.73,29.18,119.8497267759563,-70.07899086956522,-69.89999,37.04710144927536,38.0,121.2234941919192,119.8065272448616,0,0,90.56241935256215,90.56241935256215,89.50384604774558
3170,2021-05-04T15:43:17,2021-05-04T16:06:17,139,73.6,92.4,18.80000000000001,23.029445875000004,122.4970525265957,23.0,110.82,36.86,119.93506493506491,-60.05180230215828,-43.10001,37.89928057553957,39.0,122.4970525265957,119.87150089535271,0,0,91.51385640479167,91.51385640479167,89.55238590399925
3171,2021-05-04T20:47:51,2021-05-04T21:05:51,109,52.0,63.2,11.200000000000003,13.501527930555556,120.54935652281743,18.0,75.74,25.19,119.84177215189872,-45.00550513761468,-45.0,32.0,34.0,120.54935652281743,119.87150089535271,0,0,90.05879141560548,90.05879141560548,89.55238590399925
3172,2021-05-04T21:06:02,2021-05-04T21:35:12,176,63.2,81.6,18.39999999999999,21.875,118.88586956521745,29.16666603088379,97.87,32.55,119.93872549019609,-45.0,-45.0,32.44602272727273,34.0,118.88586956521745,119.87150089535271,0,0,88.81605043997266,88.81605043997266,89.55238590399925
3173,2021-05-04T21:35:23,2021-05-04T22:02:13,162,81.6,97.6,16.0,19.74958775,123.4349234375,26.83333396911621,117.12,38.96,120.00000000000001,-44.16050370370371,-43.30002,32.898148148148145,35.0,123.4349234375,120.03808588878562,0,0,92.21451149890582,92.21451149890582,89.67683653243297
3174,2021-05-05T03:09:07,2021-05-05T03:35:37,160,65.6,90.0,24.400000000000006,29.590003125000003,121.27050461065572,26.5,107.92,35.9,119.91111111111111,-66.93250706250001,-43.20001,30.60625,33.0,121.27050461065572,120.1747237200436,0,0,90.59753941970702,90.59753941970702,89.77891453848532
3177,2021-05-05T12:49:12,2021-05-05T13:36:26,355,30.8,77.2,46.400000000000006,54.900435838888896,118.31990482519157,47.233333587646484,92.53,30.78,119.85751295336787,-69.66930247887325,-19.89999,31.85211267605634,34.0,118.31990482519157,120.03808588878562,0,0,88.39323523845866,88.39323523845866,89.67683653243297
3178,2021-05-05T13:36:38,2021-05-05T14:04:40,211,77.6,97.6,20.0,24.97225285138889,124.86126425694445,28.03333282470703,117.09,38.94,119.96926229508198,-53.4583,-42.80002,33.94549763033175,35.0,124.86126425694445,120.1747237200436,0,0,93.28008774129412,93.28008774129412,89.77891453848532
3179,2021-05-05T22:31:08,2021-05-05T23:42:23,535,31.6,96.0,64.4,77.09636455,119.71485178571429,71.25,115.13,38.3,119.92708333333333,-64.86990942056076,0.0,37.22803738317757,40.0,119.71485178571429,119.98321429850611,0,0,89.43535807492331,89.43535807492331,89.63584362093044
3180,2021-05-06T16:23:38,2021-05-06T17:19:43,422,17.6,72.8,55.199999999999996,65.51870325833333,118.69330300422706,56.08333206176758,87.34,29.05,119.97252747252747,-70.09432222748816,-70.0,35.21208530805687,39.0,118.69330300422706,119.8065272448616,0,0,88.6721897653902,88.6721897653902,89.50384604774558
3181,2021-05-06T20:36:42,2021-05-06T21:13:16,275,63.6,95.2,31.6,38.07503088888889,120.4906040787623,36.56666564941406,114.13,37.97,119.88445378151259,-62.44655061818183,-43.30002,36.11272727272727,38.0,120.4906040787623,119.8065272448616,0,0,90.01489923519956,90.01489923519956,89.50384604774558
3182,2021-05-07T00:14:58,2021-05-07T00:55:37,306,69.200005,97.6,28.39999499999999,34.541020771111114,121.62333398689375,40.650001525878906,117.1,38.95,119.97950819672131,-50.98170949673204,-43.100006,34.552287581699346,36.0,121.62333398689375,119.8065272448616,0,0,90.86112761392442,90.86112761392442,89.50384604774558
3186,2021-05-07T11:18:16,2021-05-07T11:42:16,145,38.8,62.4,23.6,27.98375051388889,118.57521404190207,24.0,74.75,24.86,119.79166666666667,-69.96000131034482,-69.70001,35.16896551724138,37.0,118.57521404190207,119.8065272448616,0,0,88.58396906033401,88.58396906033401,89.50384604774558
3189,2021-05-07T12:12:48,2021-05-07T12:30:38,108,79.6,93.6,14.0,16.901113402777778,120.72223859126983,17.83333396911621,127.24,42.32,135.94017094017093,-56.86204462962964,-43.10001,37.00925925925926,38.0,120.72223859126983,119.8065272448616,0,1,90.18794639901932,90.18794639901932,89.50384604774558
3190,2021-05-07T18:13:04,2021-05-07T18:41:14,170,33.6,61.2,27.6,32.907226444444454,119.22908132045092,28.16666603088379,83.23,27.67,135.9967320261438,-70.09824429411765,-70.0,39.305882352941175,42.0,119.22908132045092,119.8065272448616,0,0,89.07245359937154,89.07245359937154,89.50384604774558
3191,2021-05-07T18:41:25,2021-05-07T19:15:25,205,61.6,92.0,30.4,36.95542047222222,121.56388313230994,34.0,125.03,41.57,135.90217391304347,-65.17415302439024,-43.39999,41.4609756097561,43.0,121.56388313230994,119.98321429850611,0,0,90.81671367205962,90.81671367205962,89.63584362093044
3194,2021-05-08T01:29:01,2021-05-08T01:59:31,184,36.0,61.6,25.6,29.982364041666663,117.1186095377604,30.5,83.75999,27.85,135.97400974025973,-58.98098402173913,-57.10001,38.11684782608695,41.0,117.1186095377604,119.98321429850611,0,0,87.49578373112658,87.49578373112658,89.63584362093044
3195,2021-05-08T01:59:42,2021-05-08T02:28:32,174,61.6,84.4,22.800000000000004,26.859724888888888,117.80581091617931,28.83333396911621,114.82,38.18,136.042654028436,-55.89310890804598,-54.39999,39.5,41.0,117.80581091617931,119.8065272448616,0,0,88.00917117162969,88.00917117162969,89.50384604774558
3196,2021-05-08T10:41:27,2021-05-08T11:14:40,250,50.0,77.6,27.599999999999994,33.170639847222226,120.18347770732692,33.21666717529297,105.56,35.1,136.03092783505156,-59.916801760000006,-59.70001,35.322,37.0,120.18347770732692,119.8065272448616,0,0,89.7854543785769,89.7854543785769,89.50384604774558
3198,2021-05-08T19:13:48,2021-05-08T19:43:48,181,29.2,50.4,21.2,25.050005000000002,118.16040094339624,30.0,68.51,22.78,135.9325396825397,-50.10001,-50.10001,37.15469613259668,39.0,118.16040094339624,119.77272766492598,0,0,88.27407469513491,88.27407469513491,89.47859540015062
3199,2021-05-08T19:43:59,2021-05-08T20:11:19,165,50.8,70.0,19.200000000000003,22.82333788888889,118.87155150462962,27.33333396911621,95.13,31.64,135.9,-50.10001,-50.10001,39.08181818181818,40.0,118.87155150462962,119.74022412996271,0,0,88.80535384839267,88.80535384839267,89.45431298869725
3201,2021-05-09T09:43:25,2021-05-09T11:41:06,883,38.8,99.6,60.8,76.24830674166667,125.40839924616229,117.68333435058594,135.39,45.02,135.93373493975903,-38.86399409966025,-13.10001,32.41223103057758,34.0,125.40839924616229,119.77272766492598,0,0,93.68883580342768,93.68883580342768,89.47859540015062
3203,2021-05-10T01:24:48,2021-05-10T01:58:28,203,13.2,34.8,21.599999999999998,25.394308402777774,117.56624260545267,33.66666793823242,47.11,15.67,135.3735632183908,-45.257147980295564,-44.80002,33.8128078817734,35.0,117.56624260545267,119.74022412996271,0,0,87.83019690625122,87.83019690625122,89.45431298869725
3204,2021-05-10T01:58:39,2021-05-10T02:30:29,192,34.8,54.8,20.0,23.472644222222225,117.36322111111112,31.83333396911621,74.45,24.75,135.85766423357666,-44.24115588541667,-43.39999,35.4453125,37.0,117.36322111111112,119.72313495021888,0,0,87.67852566602912,87.67852566602912,89.4415461775055
3205,2021-05-10T02:30:40,2021-05-10T02:59:10,172,54.8,72.0,17.200000000000003,20.17069823611111,117.27150137273898,28.5,97.89,32.55,135.95833333333334,-42.46454290697675,-41.60001,36.84011627906977,38.0,117.27150137273898,119.72313495021888,0,0,87.61000461353237,87.61000461353237,89.4415461775055
3206,2021-05-10T02:59:21,2021-05-10T03:28:31,176,72.0,88.4,16.400000000000006,19.866670152777772,121.13823263888881,29.16666603088379,120.15,39.96,135.9162895927602,-40.86818897727273,-40.0,37.0,38.0,121.13823263888881,119.72313495021888,0,0,90.49872301571209,90.49872301571209,89.4415461775055
3207,2021-05-10T03:28:42,2021-05-10T03:46:12,106,88.4,97.6,9.199999999999989,11.558890291666666,125.64011186594217,17.5,132.75,44.14,136.01434426229508,-39.630193490566036,-39.20001,37.0,38.0,125.64011186594217,119.72313495021888,0,0,93.86194131883681,93.86194131883681,89.4415461775055
3208,2021-05-12T20:08:49,2021-05-12T21:37:25,665,11.6,94.4,82.80000000000001,98.57156103333334,119.0477790257649,88.5999984741211,128.3,42.67,135.91101694915255,-66.7400037293233,-43.0,38.52105263157895,42.0,119.0477790257649,119.6497415435773,0,0,88.93700811868823,88.93700811868823,89.3867161751673
3209,2021-05-13T12:32:15,2021-05-13T13:33:53,463,25.2,86.0,60.8,72.10100959166668,118.58718682839915,61.63333511352539,116.98,38.9,136.02325581395348,-70.19007412526999,-69.89999,36.30237580993521,39.0,118.58718682839915,119.55866412680041,0,0,88.59291356831736,88.59291356831736,89.31867498177752
3210,2021-05-13T19:23:15,2021-05-13T20:06:29,325,49.6,90.0,40.4,48.569478391666664,120.22148116749175,43.233333587646484,122.3,40.67,135.88888888888889,-67.37016243076924,-42.89999,36.45384615384615,39.0,120.22148116749175,119.6497415435773,0,0,89.81384561840412,89.81384561840412,89.3867161751673
3211,2021-05-14T01:36:37,2021-05-14T02:43:20,501,39.6,97.6,57.99999999999999,70.06818111111112,120.80720881226055,66.71666717529297,132.71,44.13,135.9733606557377,-63.00240818363274,-43.0,37.26447105788423,40.0,120.80720881226055,119.72313495021888,0,0,90.25142509048206,90.25142509048206,89.4415461775055
3214,2021-05-14T06:45:02,2021-05-14T07:14:02,175,74.8,97.2,22.400000000000006,27.11375366666667,121.04354315476189,29.0,132.13,43.94,135.93621399176953,-56.101721885714284,-43.20001,36.45142857142857,38.0,121.04354315476189,119.72313495021888,0,0,90.42798335565737,90.42798335565737,89.4415461775055
3216,2021-05-14T19:23:09,2021-05-14T19:54:19,188,17.6,48.0,30.4,36.38791848611111,119.69710028326024,31.16666603088379,65.12,21.65,135.66666666666669,-70.05106728723405,-69.89999,34.625,37.0,119.69710028326024,119.70597603448726,0,0,89.42209646239434,89.42209646239434,89.42872726865883
3217,2021-05-14T19:54:30,2021-05-14T20:23:10,173,48.4,76.8,28.4,33.42680540277778,117.70001902386544,28.66666603088379,104.32,34.69,135.83333333333331,-69.96358352601156,-69.70001,37.88150289017341,39.0,117.70001902386544,119.64086579235027,0,0,87.93013723699765,87.93013723699765,89.38008536890281
3218,2021-05-14T20:23:21,2021-05-14T20:51:31,170,77.2,97.6,20.39999999999999,25.15611379166667,123.31428329248374,28.16666603088379,132.74,44.14,136.00409836065575,-53.6047115882353,-43.0,38.96470588235294,40.0,123.31428329248374,119.70597603448726,0,0,92.12438488214273,92.12438488214273,89.42872726865883
3219,2021-05-15T08:43:45,2021-05-15T09:49:00,490,40.8,97.6,56.8,68.63013195,120.82769709507045,65.25,132.75,44.14,136.01434426229508,-63.096537000000005,-43.0,34.38367346938775,37.0,120.82769709507045,119.73194096545811,0,0,90.26673126914,90.26673126914,89.44812488611507
3220,2021-05-16T00:46:07,2021-05-16T01:49:59,483,12.400001,75.6,63.19999899999999,74.59521328583334,118.0304026362933,63.86666488647461,102.82,34.19,136.005291005291,-70.07888663354036,-70.0,37.27329192546584,41.0,118.0304026362933,119.73194096545811,0,0,88.1769568774919,88.1769568774919,89.44812488611507
3221,2021-05-16T20:40:51,2021-05-16T21:04:11,141,9.6,32.8,23.199999999999996,27.23861265277778,117.40781315852493,23.33333396911621,44.42,14.77,135.4268292682927,-70.04255716312058,-70.0,37.36524822695036,39.0,117.40781315852493,119.70597603448726,0,0,87.71183904083819,87.71183904083819,89.42872726865883
3222,2021-05-16T21:04:22,2021-05-16T21:27:22,139,32.8,55.6,22.800000000000004,26.833333333333332,117.69005847953214,23.0,75.41,25.07,135.6294964028777,-70.0,-70.0,39.76618705035971,42.0,117.69005847953214,119.64086579235027,0,0,87.9226960144945,87.9226960144945,89.38008536890281
3223,2021-05-16T21:27:33,2021-05-16T21:57:53,183,55.6,85.2,29.6,35.38277716666667,119.53640934684684,30.33333396911621,115.83,38.52,135.95070422535213,-69.98797693989071,-69.89999,42.21857923497268,44.0,119.53640934684684,119.64086579235027,0,0,89.3020491063382,89.3020491063382,89.38008536890281
3226,2021-05-17T20:21:27,2021-05-17T20:48:47,165,14.4,42.0,27.6,32.75471858333333,118.67651660628016,27.33333396911621,56.99,18.95,135.6904761904762,-71.90059806060606,-71.80002,38.56969696969697,41.0,118.67651660628016,119.64086579235027,0,0,88.65964915335438,88.65964915335438,89.38008536890281
3227,2021-05-17T20:48:58,2021-05-17T21:19:48,186,42.0,73.2,31.200000000000003,36.966524652777785,118.48245081018518,30.83333396911621,99.46,33.07,135.87431693989072,-71.93494016129031,-71.80002,41.696236559139784,44.0,118.48245081018518,119.64086579235027,0,0,88.51466844540583,88.51466844540583,89.38008536890281
3232,2021-05-18T07:07:30,2021-05-18T07:34:50,165,32.4,55.2,22.800000000000004,27.14055779166667,119.0375341739766,27.33333396911621,75.03,24.95,135.92391304347825,-59.576368606060605,-58.30002,36.515151515151516,39.0,119.0375341739766,119.56052032414357,0,0,88.92935449865324,88.92935449865324,89.32006169087475
3233,2021-05-18T07:35:01,2021-05-18T08:03:51,174,55.6,78.4,22.800000000000004,27.26611423611111,119.58822033382064,28.83333396911621,106.6,35.45,135.96938775510202,-56.73851229885058,-55.10001,38.37643678160919,40.0,119.58822033382064,119.56052032414357,0,0,89.34075553334453,89.34075553334453,89.32006169087475
3234,2021-05-18T08:04:02,2021-05-18T08:32:42,173,78.8,97.6,18.799999999999997,23.487781124999998,124.93500598404256,28.66666603088379,132.75,44.14,136.01434426229508,-49.16070057803468,-43.0,38.528901734104046,40.0,124.93500598404256,119.58642581763047,0,0,93.33517796334851,93.33517796334851,89.33941490437792
3235,2021-05-18T13:51:34,2021-05-18T14:31:58,304,61.2,95.200005,34.000005,40.88411469333334,120.24737847342475,40.400001525878906,129.48,43.059998,136.00839621804639,-60.70559744078948,-43.0,38.97203947368421,40.0,120.24737847342475,119.58642581763047,0,0,89.8331927152325,89.8331927152325,89.33941490437792
3237,2021-05-18T21:09:14,2021-05-18T21:43:04,204,54.8,82.8,28.0,33.60056047222223,120.00200168650794,33.83333206176758,112.52,37.42,135.8937198067633,-59.58726362745098,-59.5,38.16421568627451,40.0,120.00200168650794,119.64266030854044,0,0,89.649879112335,89.649879112335,89.38142599786943
3238,2021-05-18T21:43:15,2021-05-18T22:05:55,137,82.8,97.6,14.799999999999997,18.246945319444446,123.29017107732737,22.66666603088379,132.74,44.14,136.00409836065575,-48.3226300729927,-42.89999,38.5,40.0,123.29017107732737,119.70597603448726,0,0,92.10637137283857,92.10637137283857,89.42872726865883
3240,2021-05-19T03:49:25,2021-05-19T04:17:25,169,60.8,88.0,27.200000000000003,32.51652408333333,119.54604442401958,28.0,119.67,39.79,135.98863636363637,-69.60058384615385,-43.20001,37.53846153846154,39.0,119.54604442401958,119.64266030854044,0,0,89.3092471821339,89.3092471821339,89.38142599786943
3241,2021-05-19T04:17:36,2021-05-19T04:34:16,101,88.0,97.6,9.599999999999994,12.005003277777776,125.0521174768519,16.66666603088379,132.72,44.14,135.98360655737704,-43.217833564356425,-43.20001,38.0,39.0,125.0521174768519,119.70597603448726,0,0,93.4226684303863,93.4226684303863,89.42872726865883
3242,2021-05-19T21:01:09,2021-05-19T21:18:39,106,29.2,46.4,17.2,20.425695625000003,118.75404433139538,17.5,63.11,20.99,136.01293103448276,-70.03113613207549,-69.70001,36.20283018867924,38.0,118.75404433139538,119.64266030854044,0,0,88.71756778043354,88.71756778043354,89.38142599786943
3243,2021-05-19T21:18:50,2021-05-19T21:51:00,194,46.8,78.4,31.60000000000001,37.502501055555555,118.67880080872008,32.16666793823242,106.53,35.42,135.88010204081633,-69.95257922680413,-69.70001,38.88917525773196,41.0,118.67880080872008,119.56713237892012,0,0,88.66135561216115,88.66135561216115,89.32500135773921
3245,2021-05-20T10:04:57,2021-05-20T10:27:57,139,48.4,70.8,22.4,26.68597513888889,119.13381758432541,23.0,96.28,32.02,135.98870056497177,-69.61655431654675,-69.5,35.60791366906475,37.0,119.13381758432541,119.54122688543322,0,0,89.0012849329542,89.0012849329542,89.30564814423605
3246,2021-05-20T10:28:08,2021-05-20T10:53:38,154,70.8,92.8,22.0,26.211946819444446,119.14521281565658,25.5,126.14,41.95,135.92672413793105,-61.64026532467532,-42.89999,37.142857142857146,38.0,119.14521281565658,119.54122688543322,0,0,89.00979796687814,89.00979796687814,89.30564814423605
3248,2021-05-21T07:00:26,2021-05-21T07:23:26,139,25.6,38.4,12.799999999999997,14.955135097222222,116.83699294704863,23.0,52.09,17.32,135.65104166666669,-38.89423474820144,-5.0,32.780575539568346,34.0,116.83699294704863,119.38274533364887,0,0,87.28539646292674,87.28539646292674,89.18725135285487
3249,2021-05-21T07:23:37,2021-05-21T07:52:57,177,38.4,55.2,16.800000000000004,19.50749519444444,116.11604282407403,29.33333396911621,75.01,24.94,135.88768115942028,-39.901685084745765,-39.89999,34.217514124293785,36.0,116.11604282407403,119.18714706805375,0,0,86.74679635240905,86.74679635240905,89.04112578312484
3250,2021-05-21T07:53:08,2021-05-21T08:24:08,187,55.2,72.8,17.599999999999994,20.621245458333327,117.16616737689395,31.0,98.92,32.89,135.87912087912088,-39.91229069518717,-39.89999,35.46524064171123,36.0,117.16616737689395,119.18714706805375,0,0,87.53131275955317,87.53131275955317,89.04112578312484
3251,2021-05-21T08:24:19,2021-05-21T08:49:39,153,73.2,86.8,13.599999999999994,16.85513551388889,123.93481995506541,25.33333396911621,118.03,39.25,135.97926267281107,-39.92025346405229,-39.89999,35.748366013071895,37.0,123.93481995506541,119.18714706805375,0,0,92.58796912243356,92.58796912243356,89.04112578312484
3252,2021-05-21T08:49:50,2021-05-21T09:09:50,121,87.2,97.6,10.399999999999991,13.306941805555555,127.95136351495736,20.0,132.67,44.12,135.93237704918033,-39.92147975206612,-39.89999,36.0,37.0,127.95136351495736,119.18714706805375,0,0,95.58860777456553,95.58860777456553,89.04112578312484
3254,2021-05-21T20:12:09,2021-05-21T20:46:40,209,10.8,45.6,34.8,41.262132376388884,118.56934590916347,34.516666412353516,61.85,20.57,135.6359649122807,-71.72537167464115,-71.5,41.27511961722488,44.0,118.56934590916347,119.18714706805375,0,0,88.57958515520545,88.57958515520545,89.04112578312484
3255,2021-05-21T20:46:51,2021-05-21T21:11:51,151,45.6,69.2,23.6,28.196531625000002,119.47682891949152,25.0,94.03,31.27,135.8815028901734,-67.68279066225165,-67.0,44.64900662251656,46.0,119.47682891949152,119.18714706805375,0,0,89.25753836456059,89.25753836456059,89.04112578312484
3257,2021-05-22T04:30:27,2021-05-22T04:53:57,142,16.8,40.0,23.2,27.695837888888892,119.37861159003833,23.5,54.33,18.07,135.825,-70.71268767605633,-70.60001,37.401408450704224,40.0,119.37861159003833,119.18714706805375,0,0,89.18416315757682,89.18416315757682,89.04112578312484
3258,2021-05-22T04:54:08,2021-05-22T05:22:38,172,40.0,68.8,28.799999999999997,33.59195013888889,116.63871576003088,28.5,93.57999,31.12,136.0174273255814,-70.71977941860465,-70.70001,40.56686046511628,43.0,116.63871576003088,119.18714706805375,0,0,87.1372695517331,87.1372695517331,89.04112578312484
3259,2021-05-22T05:22:49,2021-05-22T05:51:59,176,68.8,94.0,25.200000000000003,30.20320029166667,119.85396941137567,29.16666603088379,127.84,42.51,136.0,-62.10512562500001,-44.0,42.07670454545455,44.0,119.85396941137567,119.18714706805375,0,0,89.53928866064403,89.53928866064403,89.04112578312484
3261,2021-05-22T17:25:21,2021-05-22T18:44:20,594,21.2,92.8,71.6,84.94849241194444,118.64314582673805,78.98332977294922,126.21,41.969997,136.0021551724138,-64.49596437710439,-43.30002,42.457070707070706,45.0,118.64314582673805,119.139515199991,0,0,88.63471884961119,88.63471884961119,89.00554144991617
3262,2021-05-23T00:54:25,2021-05-23T01:46:35,392,28.8,80.4,51.60000000000001,61.04645440555556,118.3070821813092,52.16666793823242,109.39,36.38,136.05721393034824,-70.21276653061226,-69.89999,41.235969387755105,44.0,118.3070821813092,119.09079830504515,0,0,88.38365582763383,88.38365582763383,88.96914652582122
3264,2021-05-23T19:10:06,2021-05-23T19:38:56,174,54.0,82.4,28.400000000000006,33.607219055555554,118.33527836463222,28.83333396911621,112.06,37.26,135.99514563106794,-69.93390143678161,-69.89999,39.17528735632184,41.0,118.33527836463222,119.09079830504515,0,0,88.40472034648195,88.40472034648195,88.96914652582122
3265,2021-05-23T19:39:07,2021-05-23T20:01:27,135,82.4,97.6,15.199999999999989,18.840554097222217,123.95101379751468,22.33333396911621,132.72,44.14,135.98360655737704,-50.66147755555556,-43.30002,40.0,41.0,123.95101379751468,119.139515199991,0,0,92.60006705411419,92.60006705411419,89.00554144991617
3266,2021-05-24T03:15:04,2021-05-24T03:35:24,123,57.2,69.6,12.399999999999991,15.217080041666664,122.71838743279577,20.33333396911621,94.57,31.45,135.8764367816092,-44.90324235772357,-44.89999,36.74390243902439,38.0,122.71838743279577,119.139515199991,0,0,91.67920904312527,91.67920904312527,89.00554144991617
3267,2021-05-24T03:35:35,2021-05-24T04:09:16,204,70.0,90.8,20.799999999999997,25.161494913888884,120.96872554754273,33.68333435058594,123.48,41.07,135.9911894273128,-44.81665764705881,-43.20001,37.120098039215684,38.0,120.96872554754273,119.26191220284745,0,0,90.372089375987,90.372089375987,89.09698056222749
3269,2021-05-24T06:40:56,2021-05-24T07:18:50,285,66.8,97.6,30.799999999999997,37.391712850000005,121.40166509740261,37.900001525878906,132.71,44.13,135.9733606557377,-59.18913000000001,-43.10001,37.81578947368421,39.0,121.40166509740261,119.42772025476492,0,0,90.69552546673889,90.69552546673889,89.2208507610687
3271,2021-05-24T17:57:20,2021-05-24T18:27:00,179,30.0,59.2,29.200000000000003,34.58277672222223,118.43416685692542,29.66666603088379,80.39,26.73,135.7939189189189,-69.94301463687152,-69.80002,35.1536312849162,38.0,118.43416685692542,119.26191220284745,0,0,88.47859695899753,88.47859695899753,89.09698056222749
3272,2021-05-24T18:27:11,2021-05-24T18:55:51,173,59.6,87.6,27.999999999999993,33.41124968055556,119.32589171626988,28.66666603088379,119.16,39.63,136.02739726027397,-69.93063514450867,-69.70001,37.72832369942196,39.0,119.32589171626988,119.3522516531541,0,0,89.14477772863616,89.14477772863616,89.1644704431065
3273,2021-05-24T18:56:02,2021-05-24T19:13:12,104,87.6,97.6,10.0,12.627225791666666,126.27225791666665,17.16666603088379,132.64,44.11,135.9016393442623,-44.25385855769231,-43.10001,38.05769230769231,39.0,126.27225791666665,119.42772025476492,0,0,94.33419858315176,94.33419858315176,89.2208507610687
3275,2021-05-25T05:13:41,2021-05-25T05:42:51,176,26.0,51.2,25.200000000000003,29.389727055555557,116.62590101410936,29.16666603088379,69.57,23.14,135.87890624999997,-60.45739630681819,-60.10001,34.27840909090909,37.0,116.62590101410936,119.42772025476492,0,0,87.12769604123683,87.12769604123683,89.2208507610687
3276,2021-05-25T05:43:02,2021-05-25T06:12:02,175,51.2,76.0,24.799999999999997,29.230142694444442,117.86347860663084,29.0,103.23,34.33,135.82894736842107,-60.474293599999996,-60.0,36.68857142857143,38.0,117.86347860663084,119.3522516531541,0,0,88.0522529653082,88.0522529653082,89.1644704431065
3278,2021-05-25T07:25:35,2021-05-25T07:51:05,154,63.6,81.6,17.999999999999993,21.293754138888893,118.29863410493833,25.5,110.86,36.86,135.85784313725492,-50.10325649350649,-50.0,36.5,38.0,118.29863410493833,119.23555226596324,0,0,88.37734452436608,88.37734452436608,89.07728784775715
3279,2021-05-25T07:51:16,2021-05-25T08:16:26,152,81.6,97.6,16.0,19.570694333333336,122.31683958333335,25.16666603088379,132.75,44.14,136.01434426229508,-46.659210263157895,-43.30002,36.5,38.0,122.31683958333335,119.3522516531541,0,0,91.37922474572858,91.37922474572858,89.1644704431065
3281,2021-05-27T12:57:52,2021-05-27T13:24:42,162,40.4,67.2,26.800000000000004,31.379865944444447,117.08905203150913,26.83333396911621,91.46,30.41,136.10119047619045,-70.1660601851852,-70.10001,34.74691358024691,37.0,117.08905203150913,119.3522516531541,0,0,87.47370220894322,87.47370220894322,89.1644704431065
3282,2021-05-27T13:24:53,2021-05-27T13:46:33,131,67.6,88.4,20.80000000000001,25.018059861111112,120.27913394764951,21.66666603088379,120.21,39.97,135.9841628959276,-69.1862714503817,-43.5,36.88167938931298,38.0,120.27913394764951,119.3522516531541,0,0,89.8569162730515,89.8569162730515,89.1644704431065
3283,2021-05-27T21:18:19,2021-05-27T22:41:19,623,13.6,84.0,70.4,82.90879303472224,117.76817192432135,83.0,114.25,38.0,136.01190476190476,-59.934190385232746,-59.70001,39.33948635634029,42.0,117.76817192432135,119.23555226596324,0,0,87.98105221509101,87.98105221509101,89.07728784775715
3285,2021-05-28T02:18:31,2021-05-28T02:43:41,152,36.8,61.6,24.800000000000004,29.26722855555556,118.01301836917561,25.16666603088379,83.81,27.87,136.05519480519482,-69.7763307894737,-69.70001,39.7796052631579,43.0,118.01301836917561,119.139515199991,0,0,88.16396961541582,88.16396961541582,89.00554144991617
3286,2021-05-28T02:43:52,2021-05-28T03:15:12,189,61.6,90.8,29.199999999999996,34.77278609722223,119.08488389459669,31.33333396911621,123.46,41.06,135.96916299559473,-66.53282015873016,-43.10001,41.54761904761905,44.0,119.08488389459669,119.10935073946105,0,0,88.96472804801022,88.96472804801022,88.98300649048221
3288,2021-05-29T00:12:01,2021-05-29T00:29:11,104,30.0,48.0,18.0,21.18972358333334,117.72068657407411,17.16666603088379,65.21,21.68,135.85416666666666,-74.0596201923077,-73.80002,36.125,38.0,117.72068657407411,119.10935073946105,0,0,87.94557734092689,87.94557734092689,88.98300649048221
3289,2021-05-29T00:29:22,2021-05-29T00:58:12,174,48.4,78.4,30.000000000000007,35.5679182638889,118.55972754629632,28.83333396911621,106.67,35.47,136.05867346938774,-74.01437114942529,-73.70001,38.73275862068966,40.0,118.55972754629632,119.06120903428663,0,0,88.57239956616377,88.57239956616377,88.94704127333173
3291,2021-05-29T06:25:07,2021-05-29T07:34:14,519,44.0,97.6,53.599999999999994,64.90789216944444,121.09681374896353,69.11666870117188,132.72,44.14,135.98360655737704,-56.338923872832375,-43.0,36.85356454720617,39.0,121.09681374896353,119.06120903428663,0,0,90.4677802112373,90.4677802112373,88.94704127333173
3292,2021-05-29T20:42:00,2021-05-29T21:59:13,580,36.8,98.0,61.2,72.823949725,118.99338190359478,77.21666717529297,133.19,44.29,135.90816326530611,-56.58069374137932,-43.0,32.86810344827586,35.0,118.99338190359478,119.06120903428663,0,0,88.8963696680118,88.8963696680118,88.94704127333173
3294,2021-05-31T11:36:53,2021-05-31T12:05:43,174,41.2,70.0,28.799999999999997,33.78528672222223,117.31002334104943,28.83333396911621,95.18,31.65,135.9714285714286,-70.30461632183908,-70.30002,36.66379310344828,38.0,117.31002334104943,119.06120903428663,0,0,87.63878321516955,87.63878321516955,88.94704127333173
3297,2021-05-31T16:35:38,2021-05-31T17:05:48,182,53.2,79.6,26.39999999999999,31.538336763888886,119.4633968329125,30.16666603088379,108.19,35.98,135.91708542713567,-62.72802884615383,-55.20001,38.782967032967036,40.0,119.4633968329125,119.10935073946105,0,0,89.2475036574631,89.2475036574631,88.98300649048221
3298,2021-05-31T17:05:59,2021-05-31T17:28:29,136,79.6,95.2,15.600000000000009,18.75111397222222,120.19944853988596,22.5,129.35,43.02,135.8718487394958,-49.99706647058824,-43.10001,39.0,40.0,120.19944853988596,119.10935073946105,0,0,89.7973857062891,89.7973857062891,88.98300649048221
3299,2021-06-01T00:58:59,2021-06-01T01:16:29,106,12.4,27.2,14.799999999999999,17.877501930555557,120.79393196321323,17.5,36.78,12.23,135.22058823529412,-61.29717641509434,-60.70001,32.16981132075472,34.0,120.79393196321323,119.139515199991,0,0,90.24150635666629,90.24150635666629,89.00554144991617
3300,2021-06-01T01:16:40,2021-06-01T01:45:10,172,27.6,51.6,24.0,28.480003083333333,118.6666795138889,28.5,70.02,23.28,135.69767441860463,-59.95698319767442,-58.80002,33.997093023255815,37.0,118.6666795138889,119.139515199991,0,0,88.6523001580768,88.6523001580768,89.00554144991617
3301,2021-06-01T01:45:21,2021-06-01T02:16:51,190,51.6,77.2,25.6,29.96472476388889,117.04970610894097,31.5,104.78,34.85,135.72538860103626,-57.07632057894738,-55.39999,36.26578947368421,38.0,117.04970610894097,119.139515199991,0,0,87.44430805591055,87.44430805591055,89.00554144991617
3302,2021-06-01T02:17:02,2021-06-01T02:44:22,165,77.6,96.0,18.400000000000006,22.647641833333335,123.08500996376809,27.33333396911621,130.35,43.35,135.78125,-49.71152157575759,-43.0,36.68787878787879,38.0,123.08500996376809,119.139515199991,0,0,91.9531016875779,91.9531016875779,89.00554144991617
3305,2021-06-02T00:34:34,2021-06-02T01:06:24,192,52.4,83.6,31.199999999999996,37.165696694444456,119.12082273860405,31.83333396911621,113.67,37.8,135.9688995215311,-70.0510459375,-69.80002,30.171875,32.0,119.12082273860405,119.12732016146472,0,0,88.99157687532491,88.99157687532491,88.99643090413956
3306,2021-06-02T01:06:35,2021-06-02T01:28:35,133,84.0,97.6,13.599999999999994,16.932502527777782,124.50369505718962,22.0,132.57,44.09,135.82991803278688,-46.14361593984963,-12.70001,31.477443609022558,33.0,124.50369505718962,119.12732016146472,0,0,93.01295856776535,93.01295856776535,88.99643090413956
3308,2021-06-02T14:02:29,2021-06-02T14:39:11,223,52.0,87.6,35.599999999999994,42.78041677777777,120.16971004993759,36.70000076293945,119.02,39.58,135.86757990867582,-69.88161457399103,-43.30002,32.80493273542601,35.0,120.16971004993759,119.12732016146472,0,0,89.77516897663972,89.77516897663972,88.99643090413956
3310,2021-06-03T04:39:14,2021-06-03T05:09:34,183,24.0,50.0,26.0,30.35458681944445,116.74841084401712,30.33333396911621,67.88,22.57,135.76,-60.0415368852459,-58.70001,29.469945355191257,32.0,116.74841084401712,119.10285331660037,0,0,87.21921944323803,87.21921944323803,88.97815246166756
3311,2021-06-03T05:09:45,2021-06-03T05:39:05,177,50.0,74.0,24.0,28.016252638888894,116.73438599537039,29.33333396911621,100.45,33.4,135.74324324324326,-57.30735011299436,-55.60001,32.32768361581921,34.0,116.73438599537039,119.03913289909573,0,0,87.20874190146309,87.20874190146309,88.93054885801101
3312,2021-06-03T05:39:16,2021-06-03T06:08:36,177,74.4,94.8,20.39999999999999,24.928614680555555,122.19909157135082,29.33333396911621,128.75,42.82,135.81223628691984,-50.981928248587565,-42.89999,33.46892655367232,35.0,122.19909157135082,119.03913289909573,0,0,91.29125875439847,91.29125875439847,88.93054885801101
3314,2021-06-03T12:52:05,2021-06-03T13:12:55,126,63.2,79.6,16.39999999999999,19.557501986111117,119.2530608909215,20.83333396911621,108.17,35.97,135.89195979899498,-56.326989920634915,-55.20001,34.13095238095238,36.0,119.2530608909215,119.10285331660037,0,0,89.09036801382831,89.09036801382831,88.97815246166756
3315,2021-06-03T13:13:06,2021-06-03T13:33:26,123,79.6,94.0,14.400000000000006,17.296807499999996,120.11671874999993,20.33333396911621,127.65,42.45,135.79787234042556,-51.024396016260155,-43.0,34.91463414634146,36.0,120.11671874999993,119.12732016146472,0,0,89.73558077338768,89.73558077338768,88.99643090413956
3317,2021-06-04T10:13:48,2021-06-04T10:42:38,174,52.4,61.6,9.200000000000003,10.860560361111112,118.04956914251206,28.83333396911621,83.56,27.78,135.64935064935065,-22.60001,-22.60001,29.597701149425287,31.0,118.04956914251206,119.10285331660037,0,0,88.19127559669133,88.19127559669133,88.97815246166756
3318,2021-06-04T10:42:49,2021-06-04T11:14:59,194,61.6,72.0,10.399999999999999,12.116116472222226,116.50111992521373,32.16666793823242,97.71,32.5,135.70833333333334,-22.600010000000005,-22.60001,30.0,31.0,116.50111992521373,119.03913289909573,0,0,87.03447585009184,87.03447585009184,88.93054885801101
3319,2021-06-04T11:15:10,2021-06-04T11:42:00,162,72.0,80.4,8.400000000000006,10.107226694444448,120.32412731481476,26.83333396911621,109.14,36.29,135.7462686567164,-22.60001,-22.60001,30.0,31.0,120.32412731481476,119.10285331660037,0,0,89.89052946175279,89.89052946175279,88.97815246166756
3320,2021-06-04T11:42:11,2021-06-04T12:11:51,179,80.4,89.6,9.199999999999989,11.174449388888892,121.46140640096637,29.66666603088379,121.66,40.46,135.78125,-22.60001,-22.60001,30.0,31.0,121.46140640096637,119.18694181476278,0,0,90.74015639428372,90.74015639428372,89.04097244457661
3324,2021-06-04T21:06:53,2021-06-04T21:36:43,180,46.4,76.0,29.6,34.780557083333335,117.50188203828827,29.83333396911621,103.21,34.32,135.80263157894737,-69.94944744444444,-69.60001,32.02777777777778,34.0,117.50188203828827,119.18694181476278,0,0,87.78211506607522,87.78211506607522,89.04097244457661
3327,2021-06-05T13:31:10,2021-06-05T14:03:30,195,36.4,68.4,32.00000000000001,37.67903054166668,117.74697044270835,32.33333206176758,92.99,30.92,135.9502923976608,-69.92051794871794,-69.70001,31.102564102564102,33.0,117.74697044270835,119.10285331660037,0,0,87.96521322710001,87.96521322710001,88.97815246166756
3328,2021-06-05T14:03:41,2021-06-05T14:33:11,178,68.4,93.6,25.19999999999999,30.314031333333336,120.2937751322752,29.5,127.1,42.27,135.7905982905983,-61.628097078651685,-43.0,33.264044943820224,34.0,120.2937751322752,119.10285331660037,0,0,89.8678542608626,89.8678542608626,88.97815246166756
3330,2021-06-05T23:32:42,2021-06-05T23:52:52,122,24.0,43.6,19.6,23.52250102777778,120.01276034580499,20.16666603088379,58.98,19.61,135.27522935779817,-69.98279008196722,-69.70001,33.3155737704918,35.0,120.01276034580499,119.18694181476278,0,0,89.6579165824758,89.6579165824758,89.04097244457661
3331,2021-06-05T23:53:03,2021-06-06T00:22:53,180,43.6,73.2,29.6,34.77625193055556,117.48733760322823,29.83333396911621,99.32,33.03,135.6830601092896,-69.94055944444445,-69.70001,36.05277777777778,38.0,117.48733760322823,119.10285331660037,0,0,87.77124935694899,87.77124935694899,88.97815246166756
3332,2021-06-06T00:23:04,2021-06-06T00:52:04,175,73.6,96.4,22.80000000000001,27.88361430555556,122.29655397173485,29.0,130.83,43.51,135.71576763485479,-57.68286377142857,-43.0,37.04857142857143,39.0,122.29655397173485,119.10285331660037,0,0,91.364069976625,91.364069976625,88.97815246166756
3335,2021-06-06T13:40:49,2021-06-06T14:24:57,266,32.0,68.8,36.8,43.158726844444445,117.27914903381642,44.13333511352539,93.32,31.03,135.63953488372093,-58.674442368421055,-56.20001,37.47932330827068,40.0,117.27914903381642,119.10285331660037,0,0,87.6157179506555,87.6157179506555,88.97815246166756
3336,2021-06-06T14:25:08,2021-06-06T14:54:28,177,69.2,91.2,22.0,26.505558569444446,120.47981167929294,29.33333396911621,123.76,41.16,135.7017543859649,-54.1909666101695,-43.0,39.0,40.0,120.47981167929294,119.10285331660037,0,0,90.00683655879281,90.00683655879281,88.97815246166756
3338,2021-06-06T20:51:45,2021-06-06T21:42:42,384,60.0,98.0,38.0,45.08182471861111,118.6363808384503,50.95000076293945,132.95999,44.21,135.6734591836735,-53.00313121354168,0.0,39.58984375,41.0,118.6363808384503,119.10285331660037,0,0,88.62966493072926,88.62966493072926,88.97815246166756
3340,2021-06-07T02:48:14,2021-06-07T03:17:34,177,61.6,84.8,23.199999999999996,27.459030541666667,118.35789026580463,29.33333396911621,115.05,38.26,135.67216981132074,-56.16667237288136,-54.5,36.5,38.0,118.35789026580463,119.10285331660037,0,0,88.42161301642177,88.42161301642177,88.97815246166756
3341,2021-06-07T03:17:45,2021-06-07T03:37:25,119,84.8,97.6,12.799999999999997,15.591667972222222,121.80990603298613,19.66666603088379,132.49,44.06,135.74795081967216,-47.574793781512604,-42.20001,36.5,38.0,121.80990603298613,119.18694181476278,0,0,91.00050996707564,91.00050996707564,89.04097244457661
3343,2021-06-07T14:22:00,2021-06-07T14:53:40,191,45.6,77.6,31.999999999999993,37.01528263888889,115.6727582465278,31.66666603088379,105.23,35.0,135.6056701030928,-70.13404062827226,-69.89999,37.63612565445026,39.0,115.6727582465278,119.10285331660037,0,0,86.41563180322763,86.41563180322763,88.97815246166756
3344,2021-06-07T14:53:51,2021-06-07T15:10:41,102,77.6,92.4,14.800000000000011,17.570140916666666,118.71716835585578,16.83333396911621,125.32,41.67,135.6277056277056,-62.56569352941176,-42.5,38.98529411764706,40.0,118.71716835585578,119.03913289909573,0,0,88.69001885039226,88.69001885039226,88.93054885801101
3346,2021-06-08T03:46:39,2021-06-08T04:13:39,163,23.6,50.8,27.199999999999996,31.48138941666667,115.74040226715688,27.0,68.81,22.88,135.45275590551182,-69.95828331288344,-69.80002,34.45092024539877,37.0,115.74040226715688,118.85527512972527,0,0,86.46616661253782,86.46616661253782,88.79319425920204
3347,2021-06-08T04:13:50,2021-06-08T04:44:30,185,50.8,81.6,30.799999999999997,35.740001777777785,116.03896681096684,30.66666603088379,110.74,36.82,135.7107843137255,-69.92648994594596,-69.70001,37.3972972972973,39.0,116.03896681096684,118.69192393487234,0,0,86.68921518575841,86.68921518575841,88.67115950423454
3348,2021-06-08T04:44:41,2021-06-08T05:06:41,133,82.0,97.6,15.599999999999994,19.348335069444445,124.0277889066952,22.0,132.46,44.05,135.71721311475412,-52.79398962406015,-42.30002,38.0,39.0,124.0277889066952,118.85527512972527,0,0,92.65742342450918,92.65742342450918,88.79319425920204
3350,2021-06-08T19:39:42,2021-06-08T20:08:02,171,25.6,50.0,24.4,28.409863750000003,116.43386782786887,28.33333396911621,67.86,22.57,135.72,-60.16199391812866,-59.10001,36.8187134502924,39.0,116.43386782786887,118.69192393487234,0,0,86.98423383485638,86.98423383485638,88.67115950423454
3351,2021-06-08T20:08:13,2021-06-08T20:31:43,142,50.4,69.6,19.199999999999996,22.678196916666668,118.11560894097227,23.5,94.5,31.42,135.77586206896552,-57.90141478873239,-56.5,38.74295774647887,40.0,118.11560894097227,118.65153017616959,0,0,88.24061193996357,88.24061193996357,88.64098254440303
3352,2021-06-08T23:36:43,2021-06-08T23:53:33,102,22.0,36.4,14.399999999999999,16.756948152777785,116.36769550540129,16.83333396911621,49.26,16.38,135.32967032967034,-59.726483725490176,-59.39999,38.55392156862745,40.0,116.36769550540129,118.65153017616959,0,0,86.93479848689195,86.93479848689195,88.64098254440303
3353,2021-06-08T23:53:44,2021-06-09T00:26:54,200,36.4,65.2,28.800000000000004,33.061953638888895,114.79845013503088,33.16666793823242,88.39,29.39,135.56748466257667,-59.81051665000001,-59.70001,40.475,43.0,114.79845013503088,118.65153017616959,0,0,85.76246256103951,85.76246256103951,88.64098254440303
3354,2021-06-09T00:27:05,2021-06-09T00:53:35,160,65.2,87.6,22.39999999999999,26.413897055555562,117.91918328373023,26.5,118.87,39.53,135.69634703196348,-59.8050185,-59.80002,41.5,43.0,117.91918328373023,118.65153017616959,0,0,88.09386825086818,88.09386825086818,88.64098254440303
3356,2021-06-10T10:34:50,2021-06-10T10:52:40,108,26.8,44.8,17.999999999999996,20.892088902777775,116.06716057098767,17.83333396911621,60.57,20.14,135.20089285714286,-70.29075944444445,-70.20001,33.013888888888886,35.0,116.06716057098767,118.5980541923733,0,0,86.7102778942305,86.7102778942305,88.60103224844651
3357,2021-06-10T10:52:51,2021-06-10T11:20:31,167,44.8,73.2,28.400000000000006,32.41639758333335,114.14224501173713,27.66666603088379,99.14,32.96,135.43715846994536,-70.30061766467065,-70.20001,36.11377245508982,38.0,114.14224501173713,118.5980541923733,0,0,85.27223148864572,85.27223148864572,88.60103224844651
3360,2021-06-10T22:22:27,2021-06-10T22:48:37,158,27.6,44.4,16.799999999999997,19.653337111111114,116.9841494708995,26.16666603088379,60.03,19.96,135.2027027027027,-45.06456556962026,-44.5,33.06962025316456,35.0,116.9841494708995,118.45880890605048,0,0,87.39533266722678,87.39533266722678,88.49700629129276
3361,2021-06-10T22:48:48,2021-06-10T23:15:38,162,44.4,61.6,17.200000000000003,19.641807361111113,114.19655442506458,26.83333396911621,83.4,27.74,135.3896103896104,-43.91913987654322,-43.10001,35.03395061728395,37.0,114.19655442506458,118.45880890605048,0,0,85.31280441468894,85.31280441468894,88.49700629129276
3362,2021-06-10T23:15:49,2021-06-10T23:46:09,183,62.0,80.0,18.0,21.325002513888894,118.47223618827164,30.33333396911621,108.35,36.03,135.43749999999997,-42.181425792349735,-41.30002,36.0,37.0,118.47223618827164,118.51598186728398,0,0,88.50703740919928,88.50703740919928,88.53971848768153
3363,2021-06-10T23:46:20,2021-06-11T00:14:10,168,80.0,95.6,15.599999999999994,18.830697166666674,120.70959722222231,27.83333396911621,129.6,43.1,135.56485355648536,-40.5928630952381,-39.80002,36.416666666666664,38.0,120.70959722222231,118.51598186728398,0,0,90.17850241316077,90.17850241316077,88.53971848768153
3366,2021-06-11T10:59:09,2021-06-11T11:26:49,167,33.6,61.6,28.0,32.27486081944444,115.26736006944442,27.66666603088379,83.39,27.73,135.37337662337663,-69.99341251497005,-69.89999,36.01796407185629,39.0,115.26736006944442,118.51598186728398,0,0,86.11277104209773,86.11277104209773,88.53971848768153
3367,2021-06-11T11:27:00,2021-06-11T11:45:00,109,61.6,79.6,17.999999999999993,21.002083541666668,116.6782418981482,18.0,107.99,35.91,135.66582914572865,-70.00642266055047,-69.89999,38.54128440366973,40.0,116.6782418981482,118.41506322703813,0,0,87.16679833837162,87.16679833837162,88.46432521281054
3369,2021-06-11T20:07:42,2021-06-11T20:34:32,162,9.6,18.0,8.4,10.107226694444448,120.32412731481485,26.83333396911621,24.2,8.04,134.44444444444446,-22.60001,-22.60001,34.75617283950617,36.0,120.32412731481485,118.41506322703813,0,0,89.89052946175285,89.89052946175285,88.46432521281054
3370,2021-06-11T20:34:43,2021-06-11T21:08:03,201,18.0,29.2,11.2,12.555561111111114,112.10322420634924,33.33333206176758,39.43,13.11,135.03424657534248,-22.60001,-22.60001,34.514925373134325,36.0,112.10322420634924,118.23674960338845,0,0,83.74894049231632,83.74894049231632,88.33111247819267
3371,2021-06-11T21:08:14,2021-06-11T21:38:14,181,29.2,38.8,9.599999999999998,11.300005000000002,117.70838541666672,30.0,52.42,17.43,135.10309278350516,-22.60001,-22.60001,35.08563535911602,36.0,117.70838541666672,118.23674960338845,0,0,87.93638751693216,87.93638751693216,88.33111247819267
3372,2021-06-11T21:38:25,2021-06-11T22:07:35,176,38.8,48.4,9.600000000000001,10.986115972222226,114.4387080439815,29.16666603088379,65.47,21.77,135.26859504132233,-22.60001,-22.60001,35.76988636363637,37.0,114.4387080439815,118.08258904174215,0,0,85.49371008590624,85.49371008590624,88.21594376832745
3373,2021-06-11T22:07:46,2021-06-11T22:38:56,188,48.4,58.4,10.0,11.739449638888892,117.39449638888892,31.16666603088379,79.08,26.3,135.4109589041096,-22.600010000000005,-22.60001,36.5186170212766,38.0,117.39449638888892,117.98437621312115,0,0,87.70189048355365,87.70189048355365,88.14257192377976
3374,2021-06-11T22:39:07,2021-06-11T23:13:04,205,58.4,69.2,10.800000000000004,12.787838991666671,118.40591658950618,33.95000076293945,93.71,31.17,135.41907514450864,-22.600010000000005,-22.60001,37.0,38.0,118.40591658950618,117.98437621312115,0,0,88.45749203555098,88.45749203555098,88.14257192377976
3375,2021-06-11T23:13:15,2021-06-11T23:30:45,106,69.2,74.8,5.599999999999994,6.591669583333336,117.70838541666683,17.5,101.31,33.69,135.44117647058823,-22.600010000000005,-22.60001,37.0,38.0,117.70838541666683,117.83307686321929,0,0,87.93638751693224,87.93638751693224,88.0295407389841
3377,2021-06-12T02:08:56,2021-06-12T02:41:16,195,59.2,91.6,32.39999999999999,37.932079986111106,117.0743209447874,32.33333206176758,124.11,41.28,135.49126637554585,-70.38922461538462,-70.30002,36.723076923076924,38.0,117.0743209447874,117.83307686321929,0,0,87.46269705798544,87.46269705798544,88.0295407389841
3380,2021-06-12T16:44:43,2021-06-12T17:14:53,182,43.6,74.0,30.4,35.13875247222223,115.5880015533626,30.16666603088379,100.32,33.36,135.56756756756755,-69.8906642857143,-69.60001,35.244505494505496,37.0,115.5880015533626,117.72767792968759,0,0,86.35231263196853,86.35231263196853,87.95080037201612
3381,2021-06-12T17:15:04,2021-06-12T17:41:34,160,74.0,96.4,22.400000000000006,26.61805776388889,118.83061501736108,26.5,130.66,43.46,135.5394190871369,-60.24125500000001,-42.0,37.159375,38.0,118.83061501736108,117.72767792968759,0,0,88.77477143240517,88.77477143240517,87.95080037201612
3383,2021-06-13T19:34:26,2021-06-13T19:56:36,134,54.4,76.4,22.000000000000007,26.078475347222223,118.53852430555551,22.16666603088379,103.54,34.43,135.5235602094241,-70.58806813432835,-70.5,30.70149253731343,32.0,118.53852430555551,117.72767792968759,0,0,88.5565592639814,88.5565592639814,87.95080037201612
3384,2021-06-13T19:56:47,2021-06-13T20:23:11,160,76.8,97.6,20.799999999999997,25.272893052777782,121.50429352297013,26.399999618530273,132.25,43.98,135.50204918032787,-57.3806344375,-43.0,31.95625,33.0,121.50429352297013,117.72767792968759,0,0,90.7721960706981,90.7721960706981,87.95080037201612
3386,2021-06-14T15:07:40,2021-06-14T15:34:30,162,28.8,52.0,23.2,26.934169680555556,116.09555896791188,26.83333396911621,70.51,23.45,135.59615384615384,-60.22531543209876,-59.20001,32.388888888888886,35.0,116.09555896791188,117.72767792968759,0,0,86.73149348076623,86.73149348076623,87.95080037201612
3387,2021-06-14T15:34:41,2021-06-14T16:00:51,158,52.4,74.4,22.000000000000007,25.174168972222226,114.42804078282826,26.16666603088379,100.79,33.52,135.47043010752688,-57.72468879746836,-56.30002,34.664556962025316,36.0,114.42804078282826,117.72767792968759,0,0,85.48574089656434,85.48574089656434,87.95080037201612
3388,2021-06-14T16:01:02,2021-06-14T16:18:22,105,74.4,88.0,13.599999999999994,16.020140597222223,117.79515145016344,17.33333396911621,119.22,39.65,135.47727272727272,-55.45429171428572,-54.5,35.0,36.0,117.79515145016344,117.72767792968759,0,0,88.0012078058,88.0012078058,87.95080037201612
3398,2021-06-15T21:02:17,2021-06-15T21:30:07,168,35.2,53.6,18.4,20.776391374999996,112.91517051630433,27.83333396911621,72.58,24.14,135.410447761194,-44.78691005952381,-44.0,37.095238095238095,39.0,112.91517051630433,117.70838541666677,0,0,84.35552111189082,84.35552111189082,87.9363875169322
3399,2021-06-15T21:30:18,2021-06-15T22:00:38,183,53.6,72.8,19.199999999999996,21.751253680555553,113.28777958622688,30.33333396911621,98.62,32.8,135.46703296703296,-43.024597431694,-42.10001,38.557377049180324,40.0,113.28777958622688,117.6051337274775,0,0,84.63388611918445,84.63388611918445,87.85925129150368
3400,2021-06-15T22:00:49,2021-06-15T22:18:14,107,73.2,83.2,10.0,12.088057763888889,120.88057763888888,17.41666603088379,112.73,37.49,135.49278846153845,-41.646736355140185,-41.20001,39.0,40.0,120.88057763888888,117.6051337274775,0,0,90.30623672983307,90.30623672983307,87.85925129150368
3402,2021-06-16T03:23:29,2021-06-16T04:42:36,594,32.8,97.6,64.8,76.33356152083333,117.79870605066871,79.11666870117188,132.16,43.95,135.40983606557376,-57.87694055555556,-42.20001,37.897306397306394,40.0,117.79870605066871,117.70838541666677,0,0,88.00386334071702,88.00386334071702,87.9363875169322
3404,2021-06-16T17:03:06,2021-06-16T17:29:06,157,48.8,58.4,9.600000000000001,11.136671000000002,116.00698958333334,26.0,79.0,26.27,135.27397260273975,-25.700009999999995,-25.70001,34.51273885350319,36.0,116.00698958333334,117.6051337274775,0,0,86.66532596265046,86.66532596265046,87.85925129150368
3405,2021-06-16T17:29:17,2021-06-16T18:02:37,201,58.4,70.8,12.399999999999999,14.277783333333337,115.14341397849466,33.33333206176758,95.81,31.86,135.32485875706215,-25.700010000000006,-25.70001,35.475124378109456,36.0,115.14341397849466,117.49460982075826,0,0,86.02017465275482,86.02017465275482,87.77668221151211
3406,2021-06-16T18:02:48,2021-06-16T18:34:58,194,70.8,82.4,11.600000000000009,13.778060916666671,118.77638721264363,32.16666793823242,111.53,37.09,135.3519417475728,-25.700010000000002,-25.70001,35.5,36.0,118.77638721264363,117.59786150994748,0,0,88.73425947369512,88.73425947369512,87.85381843694057
3407,2021-06-16T18:35:09,2021-06-16T19:06:39,190,82.4,93.6,11.199999999999989,13.492505250000002,120.46879687500014,31.5,126.75,42.15,135.41666666666669,-25.700010000000002,-25.70001,35.5,36.0,120.46879687500014,117.59786150994748,0,0,89.9986077304448,89.9986077304448,87.85381843694057
3410,2021-06-17T19:17:35,2021-06-17T19:35:33,111,25.2,40.4,15.2,17.990432880555556,118.35811105628656,17.96666717529297,54.57,18.14,135.0742574257426,-60.082890540540525,-59.60001,36.207207207207205,38.0,118.35811105628656,117.59786150994748,0,0,88.42177796233715,88.42177796233715,87.85381843694057
3411,2021-06-17T19:35:44,2021-06-17T19:57:23,132,40.8,59.6,18.800000000000004,21.683890898611114,115.33984520537824,21.649999618530273,80.6,26.81,135.23489932885906,-60.094702651515156,-59.70001,37.89772727272727,40.0,115.33984520537824,117.44091699605858,0,0,86.16692250276157,86.16692250276157,87.73656992025133
3412,2021-06-17T19:57:34,2021-06-17T20:14:44,104,59.6,74.4,14.800000000000004,17.19375222222222,116.17400150150144,17.16666603088379,100.66,33.47,135.29569892473117,-60.09616153846154,-59.80002,39.04807692307692,40.0,116.17400150150144,117.33682271135268,0,0,86.79009553368815,86.79009553368815,87.65880421710457
3413,2021-06-17T20:39:25,2021-06-17T20:57:15,108,74.4,89.6,15.199999999999989,17.852362902777777,117.44975593932757,17.83333396911621,121.28,40.33,135.35714285714286,-60.062043055555556,-59.70001,39.0,40.0,117.44975593932757,117.33682271135268,0,0,87.74317322839961,87.74317322839961,87.65880421710457
3415,2021-06-18T22:16:10,2021-06-18T22:47:20,188,18.4,48.8,30.4,35.57583272222222,117.02576553362574,31.16666603088379,65.97,21.93,135.1844262295082,-68.48829670212766,-68.39999,37.619680851063826,40.0,117.02576553362574,117.23440866683816,0,0,87.42642277355921,87.42642277355921,87.58229377076955
3416,2021-06-18T22:47:31,2021-06-18T23:16:11,173,49.2,77.6,28.39999999999999,32.718888,115.20735211267609,28.66666603088379,105.08,34.94,135.41237113402065,-68.48150104046243,-68.39999,40.75722543352601,42.0,115.20735211267609,117.05004323920657,0,0,86.06794090597955,86.06794090597955,87.44455991577232
3417,2021-06-18T23:16:22,2021-06-18T23:41:32,152,77.6,97.6,20.0,24.27944606944444,121.39723034722219,25.16666603088379,132.22,43.97,135.47131147540983,-57.86447756578947,-41.10001,41.953947368421055,43.0,121.39723034722219,117.05004323920657,0,0,90.69221239852354,90.69221239852354,87.44455991577232
3418,2021-06-19T14:27:43,2021-06-19T14:51:03,141,21.6,45.2,23.6,27.32181197222223,115.77038971280605,23.33333396911621,61.02,20.29,135.0,-70.25533560283688,-70.0,39.06382978723404,42.0,115.77038971280605,117.00495750226261,0,0,86.48856932948881,86.48856932948881,87.41087772039299
3419,2021-06-19T14:51:14,2021-06-19T15:22:54,191,45.2,77.2,32.0,37.10667605555557,115.95836267361115,31.66666603088379,104.64,34.79,135.5440414507772,-70.30734764397906,-70.30002,42.30104712041885,44.0,115.95836267361115,116.83119568452385,0,0,86.62899826380432,86.62899826380432,87.28106550279921
3420,2021-06-19T15:23:05,2021-06-19T15:50:25,165,77.2,97.2,20.0,24.235145222222226,121.17572611111112,27.33333396911621,131.61,43.77,135.40123456790124,-53.219407757575766,-42.70001,43.972727272727276,45.0,121.17572611111112,117.00495750226261,0,0,90.52673325891631,90.52673325891631,87.41087772039299
3421,2021-06-19T22:22:15,2021-06-19T22:41:45,118,31.2,47.6,16.400000000000002,19.30596940277777,117.71932562669369,19.5,64.41,21.42,135.31512605042016,-59.403381186440676,-59.30002,38.23728813559322,41.0,117.71932562669369,117.00495750226261,0,0,87.94456061815211,87.94456061815211,87.41087772039299
3422,2021-06-19T22:41:56,2021-06-19T23:13:06,188,47.6,74.4,26.800000000000004,30.853884027777774,115.1264329394693,31.16666603088379,100.67,33.48,135.3091397849462,-59.3978629787234,-59.30002,40.111702127659576,43.0,115.1264329394693,117.00495750226261,0,0,86.00748863023495,86.00748863023495,87.41087772039299
3423,2021-06-19T23:13:17,2021-06-19T23:40:07,162,74.4,95.6,21.19999999999999,25.334718791666667,119.50339052672963,26.83333396911621,129.53,43.07,135.49163179916317,-56.612338024691354,-41.89999,41.0,43.0,119.50339052672963,117.05004323920657,0,0,89.27738174087482,89.27738174087482,87.44455991577232
3425,2021-06-20T18:08:35,2021-06-20T18:35:45,164,26.8,53.6,26.8,31.636666666666674,118.04726368159206,27.16666603088379,72.5,24.1,135.26119402985074,-69.87256091463415,-69.80002,39.875,42.0,118.04726368159206,117.05004323920657,0,0,88.18955325631474,88.18955325631474,87.44455991577232
3426,2021-06-20T18:35:56,2021-06-20T19:01:58,158,54.0,80.0,26.0,30.302822798611118,116.5493184561966,26.03333282470703,108.29,36.01,135.3625,-69.83988120253164,-69.70001,42.4746835443038,44.0,116.5493184561966,117.05004323920657,0,0,87.07048352009133,87.07048352009133,87.44455991577232
3427,2021-06-20T19:02:09,2021-06-20T19:19:54,108,80.0,95.2,15.200000000000003,18.220210243055558,119.86980423062865,17.75,128.95,42.88,135.45168067226888,-61.45000638888889,-42.30002,43.0,44.0,119.86980423062865,117.05004323920657,0,0,89.55111837691413,89.55111837691413,87.44455991577232
3428,2021-06-21T16:53:23,2021-06-21T17:56:47,478,33.6,95.2,61.6,72.10031057638889,117.04595872790405,63.400001525878906,128.95,42.88,135.45168067226888,-68.16946077405859,0.0,41.13702928870293,43.0,117.04595872790405,117.06013983634573,0,0,87.44150850046793,87.44150850046793,87.45210277922669
3430,2021-06-21T22:56:55,2021-06-21T23:17:35,125,52.0,69.2,17.200000000000003,20.114307430555563,116.9436478520672,20.66666603088379,93.53,31.1,135.15895953757226,-58.39680552,-57.10001,34.784,37.0,116.9436478520672,117.06013983634573,0,0,87.36507512834292,87.36507512834292,87.45210277922669
3431,2021-06-21T23:17:46,2021-06-21T23:36:46,115,69.2,84.4,15.200000000000003,17.780974333333333,116.98009429824559,19.0,114.21,37.98,135.31990521327012,-56.150441478260866,-55.20001,35.00869565217391,37.0,116.98009429824559,117.0358621307649,0,0,87.39230316994262,87.39230316994262,87.43396563701357
3432,2021-06-21T23:36:57,2021-06-21T23:56:07,116,84.4,97.6,13.199999999999989,15.975834180555557,121.02904682239068,19.16666603088379,132.06,43.92,135.30737704918033,-50.00086474137931,-42.39999,35.89655172413793,38.0,121.02904682239068,117.06013983634573,0,0,90.41715358260038,90.41715358260038,87.45210277922669
3433,2021-06-22T19:09:16,2021-06-22T20:25:09,571,25.6,97.6,72.0,84.05866784888889,116.74814979012346,75.88333129882812,132.06,43.92,135.30737704918033,-66.45166467950963,-42.399994,33.4614711033275,36.0,116.74814979012346,117.06013983634573,0,0,87.21902441774112,87.21902441774112,87.45210277922669
3435,2021-06-26T08:16:25,2021-06-26T08:37:55,130,15.6,34.0,18.4,21.677084291666667,117.81024071557971,21.5,45.9,15.26,135.0,-60.49384892307693,-60.20001,29.51153846153846,31.0,117.81024071557971,117.23440866683816,0,0,88.01248054126648,88.01248054126648,87.58229377076955
3436,2021-06-26T08:38:06,2021-06-26T09:05:36,166,34.4,58.0,23.6,27.75778063888889,117.61771457156308,27.5,78.41,26.07,135.1896551724138,-60.56265686746988,-60.5,31.67168674698795,34.0,117.61771457156308,117.42212616410825,0,0,87.86865006098714,87.86865006098714,87.72253185597663
3439,2021-06-26T09:35:18,2021-06-26T10:02:58,167,74.8,97.6,22.799999999999997,27.115004402777785,118.92545790692012,27.66666603088379,132.11,43.93,135.35860655737707,-58.76168616766467,-43.0,34.616766467065865,36.0,118.92545790692012,117.42212616410825,0,0,88.84562569703522,88.84562569703522,87.72253185597663
3441,2021-06-27T02:48:15,2021-06-27T03:18:25,182,14.8,35.6,20.8,23.564586624999993,113.2912818509615,30.16666603088379,47.97,15.95,134.74719101123594,-46.86923725274726,-46.5,33.59615384615385,35.0,113.2912818509615,117.23440866683816,0,0,84.63650255562439,84.63650255562439,87.58229377076955
3442,2021-06-27T03:18:36,2021-06-27T03:47:56,177,35.6,54.8,19.199999999999996,22.50139108333333,117.19474522569446,29.33333396911621,74.11,24.64,135.2372262773723,-46.0254281920904,-45.30002,35.206214689265536,37.0,117.19474522569446,117.2946208072917,0,0,87.55266240917776,87.55266240917776,87.6272764463657
3443,2021-06-27T03:48:07,2021-06-27T04:16:57,174,54.8,72.8,18.0,21.286392388888892,118.25773549382718,28.83333396911621,98.46,32.75,135.24725274725273,-44.295984195402305,-43.30002,37.05747126436781,38.0,118.25773549382718,117.42212616410825,0,0,88.34679040451437,88.34679040451437,87.72253185597663
3444,2021-06-27T04:17:08,2021-06-27T04:47:38,184,72.8,90.4,17.60000000000001,21.559447638888887,122.4968615845959,30.5,122.35,40.68,135.3429203539823,-42.41196271739131,-41.39999,37.58423913043478,39.0,122.4968615845959,117.42212616410825,0,0,91.51371375777781,91.51371375777781,87.72253185597663
3446,2021-06-27T19:02:09,2021-06-27T19:24:19,134,57.6,75.6,17.999999999999993,21.195002041666665,117.75001134259263,22.16666603088379,102.3,34.02,135.31746031746033,-57.372393656716426,-55.89999,34.992537313432834,36.0,117.75001134259263,117.53373525544532,0,0,87.96748499176384,87.96748499176384,87.80591164469337
3447,2021-06-27T19:24:30,2021-06-27T19:48:04,143,76.0,94.4,18.400000000000006,21.572223980555556,117.2403477204106,23.566667556762695,127.66,42.46,135.2330508474576,-54.9251793006993,-53.70001,35.92307692307692,37.0,117.2403477204106,117.42212616410825,0,0,87.58673065871582,87.58673065871582,87.72253185597663
3449,2021-06-29T01:30:34,2021-06-29T01:52:34,133,28.8,50.8,21.999999999999996,25.645275861111113,116.56943573232326,22.0,68.67,22.83,135.1771653543307,-69.94134812030076,-69.80002,31.89097744360902,34.0,116.56943573232326,117.42212616410825,0,0,87.0855125308368,87.0855125308368,87.72253185597663
3450,2021-06-29T01:52:45,2021-06-29T02:19:05,159,50.8,77.6,26.799999999999997,30.681663944444445,114.48382068822556,26.33333396911621,105.07,34.94,135.39948453608247,-69.90754094339621,-69.80002,34.729559748427675,36.0,114.48382068822556,117.34505182986908,0,0,85.52741238291861,85.52741238291861,87.66495194355772
3451,2021-06-29T02:19:16,2021-06-29T02:37:06,108,77.6,94.0,16.400000000000006,19.51583240277778,118.99897806571812,17.83333396911621,127.18,42.29,135.29787234042556,-65.573145,-42.39999,36.00925925925926,37.0,118.99897806571812,117.34505182986908,0,0,88.90055039208973,88.90055039208973,87.66495194355772
3452,2021-06-29T12:58:05,2021-06-29T13:27:05,175,26.4,51.6,25.200000000000003,29.173614249999996,115.768310515873,29.0,69.71,23.18,135.09689922480618,-60.359435085714274,-59.20001,34.31428571428572,37.0,115.768310515873,117.21754647305252,0,0,86.48701602411823,86.48701602411823,87.5696965339468
3454,2021-06-29T13:37:52,2021-06-29T14:06:42,174,60.8,84.4,23.60000000000001,27.250974958333334,115.47023287429374,28.83333396911621,114.26,38.0,135.37914691943126,-56.70747701149425,-55.0,37.956896551724135,39.0,115.47023287429374,117.21754647305252,0,0,86.26433120088105,86.26433120088105,87.5696965339468
3456,2021-06-29T20:29:04,2021-06-29T20:55:14,158,50.4,76.4,26.000000000000007,30.525557166666665,117.40598910256406,26.16666603088379,103.32,34.36,135.23560209424082,-69.99494037974684,-69.70001,36.95569620253165,39.0,117.40598910256406,117.32316841148733,0,0,87.71047634359907,87.71047634359907,87.64860350115745
3458,2021-06-30T15:42:11,2021-06-30T16:07:11,151,10.8,35.6,24.8,29.154860375000005,117.55992086693551,25.0,48.1,16.0,135.1123595505618,-69.97152139072848,-69.80002,35.55960264900662,37.0,117.55992086693551,117.32316841148733,0,0,87.82547412591522,87.82547412591522,87.64860350115745
3459,2021-06-30T16:07:22,2021-06-30T16:34:02,161,36.0,62.4,26.4,31.094444000000003,117.78198484848485,26.66666603088379,84.38,28.06,135.22435897435898,-69.96273192546585,-69.80002,38.09316770186335,41.0,117.78198484848485,117.32316841148733,0,0,87.99137143447105,87.99137143447105,87.64860350115745
3460,2021-06-30T16:34:13,2021-06-30T17:04:33,183,62.8,92.4,29.60000000000001,35.35930623611112,119.45711566253752,30.33333396911621,124.95,41.55,135.22727272727272,-69.94153136612022,-69.70001,40.63387978142077,42.0,119.45711566253752,117.32316841148733,0,0,89.24281118436359,89.24281118436359,87.64860350115745
3463,2021-07-01T02:11:25,2021-07-01T02:34:45,141,46.0,69.6,23.599999999999994,27.362223000000004,115.94162288135598,23.33333396911621,94.11,31.3,135.21551724137933,-70.35957659574468,-70.30002,36.666666666666664,39.0,115.94162288135598,117.32316841148733,0,0,86.61649246947631,86.61649246947631,87.64860350115745
3464,2021-07-01T02:34:56,2021-07-01T03:02:36,167,69.6,96.0,26.400000000000006,30.91402436111111,117.09857712542085,27.66666603088379,129.73,43.14,135.13541666666666,-66.98023209580838,-42.80002,38.461077844311376,40.0,117.09857712542085,117.32316841148733,0,0,87.48081811955902,87.48081811955902,87.64860350115745
3465,2021-07-01T12:49:13,2021-07-01T13:09:23,122,31.2,51.2,20.000000000000004,23.49833138888889,117.49165694444443,20.16666603088379,69.18999,23.01,135.13669921874998,-69.91228926229509,-69.80002,37.692622950819676,40.0,117.49165694444443,117.32316841148733,0,0,87.77447620660513,87.77447620660513,87.64860350115745
3466,2021-07-01T13:09:34,2021-07-01T13:35:44,158,51.6,77.6,25.999999999999993,30.48638663888889,117.25533322649576,26.16666603088379,104.82,34.85,135.07731958762886,-69.90442537974683,-69.80002,40.30379746835443,42.0,117.25533322649576,117.33066116452991,0,0,87.59792587871291,87.59792587871291,87.654201111156
3469,2021-07-01T20:28:09,2021-07-01T20:44:49,101,34.0,50.8,16.799999999999997,19.453750708333335,115.7961351686508,16.66666603088379,68.6,22.81,135.03937007874015,-70.03267574257426,-69.80002,37.81188118811881,40.0,115.7961351686508,117.33066116452991,0,0,86.50780298369239,86.50780298369239,87.654201111156
3470,2021-07-01T20:45:00,2021-07-01T21:01:30,100,51.2,67.6,16.39999999999999,19.248750569444447,117.37043030149059,16.5,91.32,30.37,135.0887573964497,-69.9940021,-69.80002,39.845,42.0,117.37043030149059,117.31288176399318,0,0,87.68391143490743,87.68391143490743,87.64091865681017
3474,2021-07-02T09:55:20,2021-07-02T10:23:20,169,66.4,94.4,28.0,32.60417427777779,116.44347956349209,28.0,127.54,42.42,135.10593220338984,-69.7893653846154,-43.10001,33.38165680473373,35.0,116.44347956349209,117.24784047345318,0,0,86.99141447288385,86.99141447288385,87.59232826871437
3478,2021-07-03T00:47:39,2021-07-03T01:04:29,102,34.8,51.6,16.800000000000004,19.625276416666665,116.81712152777774,16.83333396911621,69.71,23.17,135.09689922480618,-69.95195598039216,-69.89999,37.495098039215684,39.0,116.81712152777774,117.24784047345318,0,0,87.27055112442913,87.27055112442913,87.59232826871437
3480,2021-07-03T01:20:21,2021-07-03T01:46:49,161,67.2,92.8,25.599999999999994,30.858095809722226,120.53943675672747,26.46666717529297,125.35,41.68,135.07543103448276,-69.95589745341614,-69.80002,40.80124223602485,43.0,120.53943675672747,117.31288176399318,0,0,90.05138065729905,90.05138065729905,87.64091865681017
3483,2021-07-03T13:38:05,2021-07-03T14:08:35,184,39.6,70.0,30.4,35.46834216666667,116.67217817982458,30.5,94.6,31.46,135.14285714285714,-69.77393043478261,-69.70001,38.37771739130435,40.0,116.67217817982458,117.24784047345318,0,0,87.16226831714661,87.16226831714661,87.59232826871437
3484,2021-07-03T14:08:46,2021-07-03T14:28:46,121,70.4,90.0,19.599999999999994,23.264450555555563,118.69617630385494,20.0,121.69,40.47,135.2111111111111,-69.79340677685951,-69.70001,40.19834710743802,41.0,118.69617630385494,117.24784047345318,0,0,88.6743363209532,88.6743363209532,87.59232826871437
3485,2021-07-03T21:52:30,2021-07-03T23:09:30,578,33.6,98.0,64.4,75.5184511486111,117.26467569660109,77.0,132.42,44.03,135.12244897959184,-58.83132012110727,-42.20001,38.51038062283737,41.0,117.26467569660109,117.24784047345318,0,0,87.60490535658646,87.60490535658646,87.59232826871437
3487,2021-07-04T03:57:11,2021-07-04T04:15:21,110,74.4,90.0,15.599999999999994,18.271113083333333,117.1225197649573,18.16666603088379,121.66,40.46,135.17777777777778,-60.344552090909076,-60.30002,36.7,38.0,117.1225197649573,117.24784047345318,0,0,87.49870494402785,87.49870494402785,87.59232826871437
3490,2021-07-04T19:19:31,2021-07-04T19:41:21,132,50.4,69.2,18.800000000000004,21.950002444444443,116.7553321513002,21.83333396911621,93.6,31.13,135.2601156069364,-60.31894613636364,-59.89999,36.84090909090909,38.0,116.7553321513002,117.24784047345318,0,0,87.2243901433306,87.2243901433306,87.59232826871437
3491,2021-07-04T19:41:32,2021-07-04T20:03:22,132,69.6,88.0,18.400000000000006,21.961113055555554,119.35387530193232,21.83333396911621,118.85,39.53,135.0568181818182,-60.35227803030303,-60.0,37.708333333333336,39.0,119.35387530193232,117.24784047345318,0,0,89.16568342217886,89.16568342217886,87.59232826871437
3494,2021-07-05T11:58:30,2021-07-05T12:18:00,118,31.6,48.4,16.799999999999997,19.523335097222223,116.2103279596561,19.5,65.17,21.67,134.6487603305785,-60.072039322033895,-59.70001,35.07203389830509,37.0,116.2103279596561,117.24784047345318,0,0,86.81723393585123,86.81723393585123,87.59232826871437
3495,2021-07-05T12:18:11,2021-07-05T12:38:51,125,48.8,66.8,18.0,20.69722375,114.98457638888888,20.66666603088379,90.24,30.01,135.08982035928145,-60.0880044,-59.70001,36.992,39.0,114.98457638888888,117.24784047345318,0,0,85.9015118762467,85.9015118762467,87.59232826871437
3496,2021-07-05T12:39:02,2021-07-05T13:01:32,136,66.8,86.0,19.200000000000003,22.539306930555558,117.3922235966435,22.5,116.1,38.6,135.0,-60.10441544117648,-59.70001,38.13970588235294,39.0,117.3922235966435,117.24784047345318,0,0,87.70019254895935,87.70019254895935,87.59232826871437
3499,2021-07-06T08:38:40,2021-07-06T08:56:00,105,31.2,37.6,6.400000000000002,7.222222222222222,112.8472222222222,17.33333396911621,50.6,16.82,134.5744680851064,-25.0,-25.0,32.5,33.0,112.8472222222222,117.24784047345318,0,0,84.30475898905335,84.30475898905335,87.59232826871437
3500,2021-07-06T08:56:11,2021-07-06T09:12:41,100,37.6,43.2,5.600000000000001,6.875,122.76785714285711,16.5,58.19,19.35,134.69907407407405,-25.0,-25.0,33.395,34.0,122.76785714285711,117.26000446154842,0,0,91.71616637270638,91.71616637270638,87.60141561764968
3501,2021-07-06T09:12:52,2021-07-06T09:33:32,125,43.6,50.8,7.199999999999996,8.61111111111111,119.59876543209884,20.66666603088379,68.45,22.76,134.74409448818898,-25.0,-25.0,33.7,35.0,119.59876543209884,117.26000446154842,0,0,89.34863345848396,89.34863345848396,87.60141561764968
3502,2021-07-06T09:33:43,2021-07-06T09:53:23,119,51.2,58.4,7.199999999999996,8.194444444444445,113.8117283950618,19.66666603088379,78.75999,26.19,134.86299657534246,-25.0,-25.0,34.5,35.0,113.8117283950618,117.24784047345318,0,0,85.02531248468635,85.02531248468635,87.59232826871437
3503,2021-07-06T09:53:34,2021-07-06T10:13:04,118,58.4,65.6,7.199999999999996,8.125,112.8472222222223,19.5,88.49,29.42,134.89329268292684,-25.0,-25.0,35.00423728813559,36.0,112.8472222222223,117.24784047345318,0,0,84.30475898905343,84.30475898905343,87.59232826871437
3504,2021-07-06T10:13:15,2021-07-06T10:30:45,106,65.6,72.0,6.400000000000006,7.291666666666667,113.93229166666657,17.5,97.17,32.32,134.95833333333334,-25.0,-25.0,35.5,36.0,113.93229166666657,117.21754647305252,0,0,85.11538167164035,85.11538167164035,87.5696965339468
3507,2021-07-06T19:41:46,2021-07-06T19:58:46,103,28.8,44.8,15.999999999999996,18.656668333333336,116.60417708333337,17.0,60.32,20.06,134.64285714285717,-65.84660796116505,-65.80002,36.8252427184466,39.0,116.60417708333337,117.15863249532589,0,0,87.11146674722056,87.11146674722056,87.5256836766028
3508,2021-07-06T19:58:57,2021-07-06T20:17:27,112,44.8,62.4,17.6,20.312498916666662,115.41192566287876,18.5,84.17,27.99,134.88782051282053,-65.87856785714287,-65.80002,38.92857142857143,41.0,115.41192566287876,117.15863249532589,0,0,86.22077164036315,86.22077164036315,87.5256836766028
3509,2021-07-06T20:17:38,2021-07-06T20:36:28,114,62.4,80.4,18.000000000000007,20.683331333333335,114.90739629629626,18.83333396911621,108.52,36.09,134.97512437810943,-65.89385324561404,-65.80002,40.59649122807018,42.0,114.90739629629626,117.11054844518907,0,0,85.84385295494901,85.84385295494901,87.48976153179343
3510,2021-07-06T20:36:39,2021-07-06T20:55:09,112,80.4,96.4,16.0,19.10388798611111,119.39929991319444,18.5,130.21,43.3,135.07261410788382,-61.89285428571429,-43.20001,41.330357142857146,42.0,119.39929991319444,117.15863249532589,0,0,89.19961878034907,89.19961878034907,87.5256836766028
3511,2021-07-07T09:46:13,2021-07-07T11:01:39,567,31.6,95.6,63.99999999999999,75.31015604305557,117.67211881727435,75.43333435058594,129.15,42.95,135.09414225941424,-59.8495616931217,0.0,35.401234567901234,38.0,117.67211881727435,117.21754647305252,0,0,87.90929383344648,87.90929383344648,87.5696965339468
3512,2021-07-07T17:22:21,2021-07-07T18:02:16,300,54.4,88.4,34.00000000000001,39.71902125277778,116.82065074346403,39.91666793823242,119.42,39.71,135.09049773755657,-59.70267773333333,-59.5,37.16,39.0,116.82065074346403,117.21754647305252,0,0,87.27318769511288,87.27318769511288,87.5696965339468
3513,2021-07-07T22:19:49,2021-07-07T22:36:29,101,56.4,72.8,16.4,19.395975208333336,118.26814151422768,16.66666603088379,98.32,32.69,135.05494505494505,-69.82575326732672,-69.70001,36.78712871287129,38.0,118.26814151422768,117.21754647305252,0,0,88.35456442876257,88.35456442876257,87.5696965339468
3514,2021-07-07T22:36:40,2021-07-07T22:56:00,117,73.2,92.0,18.799999999999997,22.509445388888892,119.73109249408986,19.33333396911621,124.17,41.29,134.9673913043478,-69.85641333333332,-69.80002,37.92307692307692,39.0,119.73109249408986,117.24784047345318,0,0,89.44749101872515,89.44749101872515,87.59232826871437
3519,2021-07-08T17:06:51,2021-07-08T17:25:51,115,44.0,60.4,16.4,19.004028180555554,115.87822061314364,19.0,81.52,27.1,134.96688741721854,-60.013044782608695,-60.0,39.3304347826087,41.0,115.87822061314364,117.21754647305252,0,0,86.56912654556837,86.56912654556837,87.5696965339468
3520,2021-07-08T17:26:02,2021-07-08T17:44:32,112,60.8,76.8,16.0,18.504722694444443,115.65451684027776,18.5,103.6,34.45,134.89583333333331,-60.015180089285714,-60.0,40.86607142857143,42.0,115.65451684027776,117.15863249532589,0,0,86.40200419833627,86.40200419833627,87.5256836766028
3524,2021-07-08T23:50:16,2021-07-09T00:11:36,129,50.0,68.4,18.400000000000006,21.304163749999997,115.7834986413043,21.33333396911621,92.24,30.67,134.85380116959064,-59.91782124031008,-59.89999,38.44186046511628,40.0,115.7834986413043,117.11054844518907,0,0,86.49836261492275,86.49836261492275,87.48976153179343
3525,2021-07-09T00:11:47,2021-07-09T00:30:57,116,68.4,84.8,16.39999999999999,19.149303819444444,116.76404767953935,19.16666603088379,114.47,38.07,134.98820754716982,-59.945684224137935,-59.89999,39.46551724137931,41.0,116.76404767953935,117.11054844518907,0,0,87.23090125182928,87.23090125182928,87.48976153179343
3526,2021-07-09T00:31:08,2021-07-09T00:47:38,100,84.8,97.6,12.799999999999997,15.05444329166667,117.61283821614589,16.5,131.76,43.82,135.0,-54.7079958,-42.39999,39.5,41.0,117.61283821614589,117.11054844518907,0,0,87.86500708280747,87.86500708280747,87.48976153179343
3527,2021-07-09T15:55:58,2021-07-09T17:02:42,501,19.6,76.8,57.199999999999996,66.67618046805555,116.56674907002719,66.73332977294922,103.64,34.46,134.94791666666666,-59.94850289421158,-59.70001,40.15469061876247,43.0,116.56674907002719,116.95961393444244,0,0,87.08350540639992,87.08350540639992,87.37700290733595
3529,2021-07-09T17:22:55,2021-07-09T17:42:24,147,82.4,97.6,15.199999999999989,17.871361756944445,117.57474840095038,19.483333587646484,131.64,43.78,134.87704918032784,-55.00612442176871,-42.30002,42.5,43.0,117.57474840095038,116.95961393444244,0,0,87.83655132973921,87.83655132973921,87.37700290733595
3530,2021-07-10T09:17:32,2021-07-10T09:37:02,118,6.8,13.6,6.8,8.12569451388889,119.49550755718955,19.5,18.14,6.03,133.38235294117646,-25.002542627118643,-25.0,33.0,34.0,119.49550755718955,116.95961393444244,0,0,89.27149261189045,89.27149261189045,87.37700290733595
3531,2021-07-10T09:37:13,2021-07-10T09:55:13,109,13.6,20.0,6.4,7.5,117.1875,18.0,26.75,8.889999,133.75,-25.0,-25.0,32.69724770642202,34.0,117.1875,116.95961393444244,0,0,87.54724971940158,87.54724971940158,87.37700290733595
3532,2021-07-10T09:55:24,2021-07-10T10:13:54,112,20.0,26.8,6.800000000000001,7.708333333333333,113.35784313725489,18.5,36.0,11.97,134.32835820895522,-25.0,-25.0,32.504464285714285,34.0,113.35784313725489,116.95961393444244,0,0,84.68622848674137,84.68622848674137,87.37700290733595
3542,2021-07-14T07:53:49,2021-07-14T08:17:19,142,24.8,48.4,23.599999999999998,27.281808750000003,115.60088453389832,23.5,65.22,21.69,134.7520661157025,-69.65493767605632,-69.39999,34.25,37.0,115.60088453389832,116.95961393444244,0,0,86.36193711848877,86.36193711848877,87.37700290733595
3543,2021-07-14T08:17:30,2021-07-14T08:44:40,164,48.4,76.0,27.6,31.559449138888894,114.34583021336555,27.16666603088379,102.53,34.1,134.9078947368421,-69.70183963414634,-69.60001,37.49085365853659,39.0,114.34583021336555,116.81888613562089,0,0,85.42432385759409,85.42432385759409,87.271869409771
3544,2021-07-14T08:44:51,2021-07-14T09:09:51,151,76.0,97.6,21.599999999999994,25.861670861111115,119.72995769032927,25.0,131.6,43.77,134.8360655737705,-62.027162384105964,-42.0,39.18543046357616,40.0,119.72995769032927,116.95961393444244,0,0,89.44664324103374,89.44664324103374,87.37700290733595
3546,2021-07-14T16:14:00,2021-07-14T16:33:50,120,50.8,70.0,19.200000000000003,22.29139072222223,116.10099334490742,19.83333396911621,94.43,31.4,134.9,-67.4325055,-64.10001,43.55,45.0,116.10099334490742,116.95961393444244,0,0,86.73555334005069,86.73555334005069,87.37700290733595
3548,2021-07-14T18:39:47,2021-07-14T19:02:27,137,58.8,80.0,21.200000000000003,25.112226361111112,118.45389792976938,22.66666603088379,107.81,35.85,134.7625,-66.48030291970804,-64.60001,43.73357664233577,45.0,118.45389792976938,116.95961393444244,0,0,88.49333744890902,88.49333744890902,87.37700290733595
3550,2021-07-17T07:03:10,2021-07-17T07:24:10,127,12.8,34.0,21.2,24.35028027777778,114.85981263102727,21.0,45.7,15.2,134.41176470588235,-69.57244811023622,-69.5,28.980314960629922,30.0,114.85981263102727,116.81888613562089,0,0,85.80830463259494,85.80830463259494,87.271869409771
3551,2021-07-17T07:24:21,2021-07-17T07:53:01,173,34.0,62.4,28.4,33.245142763888886,117.06036184467919,28.66666603088379,84.07,27.96,134.7275641025641,-69.58266705202313,-69.5,31.453757225433527,34.0,117.06036184467919,116.81888613562089,0,0,87.45226863496224,87.45226863496224,87.271869409771
3552,2021-07-17T07:53:12,2021-07-17T08:23:52,185,62.4,92.0,29.6,35.58083816666667,120.20553434684685,30.66666603088379,124.12,41.28,134.91304347826087,-69.61460405405406,-69.5,34.862162162162164,37.0,120.20553434684685,116.81888613562089,0,0,89.80193222926937,89.80193222926937,87.271869409771
3555,2021-07-17T13:31:09,2021-07-17T14:02:19,188,44.8,64.8,20.0,23.078473805555557,115.39236902777778,31.16666603088379,87.39,29.06,134.86111111111111,-44.428194521276595,-43.39999,37.31117021276596,39.0,115.39236902777778,116.81888613562089,0,0,86.20616146763265,86.20616146763265,87.271869409771
3556,2021-07-17T14:02:30,2021-07-17T14:36:10,203,64.8,85.2,20.400000000000006,23.780003194444447,116.56864311002175,33.66666793823242,114.9,38.21,134.85915492957747,-42.38030118226602,-41.39999,38.26600985221675,39.0,116.56864311002175,116.79058460365854,0,0,87.0849203866016,87.0849203866016,87.2507261881292
3557,2021-07-17T14:36:21,2021-07-17T14:58:11,132,85.2,97.6,12.399999999999991,14.857363597222223,119.81744836469542,21.83333396911621,131.72,43.81,134.95901639344262,-40.82955227272728,-40.20001,38.5,39.0,119.81744836469542,116.79058460365854,0,0,89.51200488725755,89.51200488725755,87.2507261881292
3558,2021-07-18T01:11:39,2021-07-18T02:10:31,442,24.8,84.4,59.60000000000001,69.21566056388889,116.13365866424309,58.86666488647461,113.82,37.85,134.85781990521326,-70.51833373303168,-44.10001,36.94343891402715,40.0,116.13365866424309,116.75968991541977,0,0,86.75995661573319,86.75995661573319,87.22764569757993
3560,2021-07-18T05:14:51,2021-07-18T05:35:41,126,51.2,72.0,20.799999999999997,23.990280972222223,115.33788928952994,20.83333396911621,97.04,32.27,134.7777777777778,-69.0920726984127,-69.0,38.48809523809524,41.0,115.33788928952994,116.75968991541977,0,0,86.16546129697424,86.16546129697424,87.22764569757993
3561,2021-07-18T05:35:52,2021-07-18T05:56:32,125,72.0,92.4,20.400000000000006,23.795141736111116,116.64285164760346,20.66666603088379,124.6,41.43,134.84848484848484,-69.08240824,-69.0,39.568,41.0,116.64285164760346,116.71375516556239,0,0,87.1403593487006,87.1403593487006,87.1933292302386
3564,2021-07-18T15:07:20,2021-07-18T15:24:50,106,41.6,57.2,15.600000000000001,17.775276138888888,113.94407781339028,17.5,77.12,25.64,134.82517482517483,-60.94339056603774,-60.89999,39.759433962264154,42.0,113.94407781339028,116.71375516556239,0,0,85.12418674667352,85.12418674667352,87.1933292302386
3565,2021-07-18T15:25:01,2021-07-18T15:42:31,106,57.2,72.8,15.599999999999994,17.7733315,113.93161217948723,17.5,98.11,32.63,134.76648351648353,-60.93678613207547,-60.89999,41.485849056603776,43.0,113.93161217948723,116.65751491371402,0,0,85.11487404724551,85.11487404724551,87.1513138329236
3566,2021-07-18T15:42:42,2021-07-18T15:59:52,104,72.8,87.6,14.799999999999997,17.446804958333335,117.88381728603608,17.16666603088379,117.97,39.23,134.6689497716895,-60.97884403846153,-60.89999,42.0,43.0,117.88381728603608,116.65751491371402,0,0,88.06744737977095,88.06744737977095,87.1513138329236
3569,2021-07-18T19:34:08,2021-07-18T19:54:58,126,74.8,92.8,18.0,20.90930973611112,116.162831867284,20.83333396911621,125.07,41.59,134.77370689655172,-60.21905968253967,-60.10001,40.5,42.0,116.162831867284,116.62351436546842,0,0,86.78175103656936,86.78175103656936,87.12591304796058
3572,2021-07-19T00:58:19,2021-07-19T01:33:15,212,59.6,89.2,29.6,34.572430426388884,116.79875144050297,34.93333435058594,120.21,39.97,134.76457399103137,-59.380188396226416,-59.30002,38.801886792452834,40.0,116.79875144050297,116.62351436546842,0,0,87.2568273858221,87.2568273858221,87.12591304796058
3575,2021-07-19T16:01:21,2021-07-19T16:30:11,174,35.2,54.0,18.799999999999997,21.709169055555556,115.47430348699766,28.83333396911621,72.66,24.16,134.55555555555554,-45.17471764367817,-44.5,35.06896551724138,37.0,115.47430348699766,116.58641009667755,0,0,86.26737223296126,86.26737223296126,87.09819356691108
3576,2021-07-19T16:30:22,2021-07-19T17:03:22,199,54.4,75.2,20.800000000000004,23.932087013888893,115.05811064369658,33.0,101.25,33.67,134.6409574468085,-43.51307201005026,-42.5,37.08793969849246,38.0,115.05811064369658,116.56769609002447,0,0,85.95644710200526,85.95644710200526,87.08421289650076
3577,2021-07-19T17:03:33,2021-07-19T17:30:53,165,75.2,91.2,16.0,19.02097425,118.88108906249998,27.33333396911621,122.83,40.85,134.68201754385964,-41.753337757575764,-41.0,37.5,38.0,118.88108906249998,116.56769609002447,0,0,88.81247907045636,88.81247907045636,87.08421289650076
3581,2021-07-20T03:20:01,2021-07-20T03:38:01,109,44.4,62.8,18.4,20.969861972222223,113.96664115338164,18.0,84.65,28.15,134.79299363057325,-69.90183779816513,-69.60001,36.06880733944954,38.0,113.96664115338164,116.38853851484164,0,0,85.14104313801839,85.14104313801839,86.95036967112557
3582,2021-07-20T03:38:12,2021-07-20T03:54:42,100,63.2,79.6,16.39999999999999,19.207918263888892,117.12145282859086,16.5,107.21,35.65,134.6859296482412,-69.84700579999999,-69.60001,37.83,39.0,117.12145282859086,116.56769609002447,0,0,87.49790786802139,87.49790786802139,87.08421289650076
3585,2021-07-20T16:38:41,2021-07-20T17:00:11,130,53.2,74.8,21.599999999999994,25.083056083333336,116.12525964506177,21.5,100.68,33.48,134.59893048128342,-70.00000153846155,-69.80002,32.38076923076923,34.0,116.12525964506177,116.56769609002447,0,0,86.7536819616134,86.7536819616134,87.08421289650076
3590,2021-07-21T02:19:40,2021-07-21T02:38:00,111,37.6,56.4,18.799999999999997,21.355000916666665,113.59043040780142,18.33333396911621,75.87,25.23,134.5212765957447,-69.88829144144142,-69.70001,35.31531531531532,38.0,113.59043040780142,116.3647904686556,0,0,84.85998742738002,84.85998742738002,86.93262822148463
3601,2021-07-21T20:48:26,2021-07-21T21:08:16,120,56.4,76.4,20.000000000000007,23.166251902777784,115.83125951388888,19.83333396911621,102.84,34.2,134.60732984293193,-70.08250575000001,-69.80002,34.545833333333334,37.0,115.83125951388888,116.3647904686556,0,0,86.53404332352204,86.53404332352204,86.93262822148463
3602,2021-07-21T21:08:27,2021-07-21T21:27:47,117,76.4,94.8,18.39999999999999,21.687918208333336,117.86912069746384,19.33333396911621,127.69,42.46,134.69409282700423,-67.21368,-42.10001,35.666666666666664,37.0,117.86912069746384,116.3647904686556,0,0,88.05646800134103,88.05646800134103,86.93262822148463
3607,2021-07-22T16:50:39,2021-07-22T18:07:49,580,23.6,98.0,74.4,87.09847328833334,117.06784044130823,77.16666412353516,131.87999,43.85,134.57141836734692,-67.70344909655172,-42.200012,39.44827586206897,42.0,117.06784044130823,116.3647904686556,0,0,87.45785566913084,87.45785566913084,86.93262822148463
3608,2021-07-23T06:10:08,2021-07-23T07:43:20,700,4.4,97.6,93.19999999999999,107.70689251555557,115.56533531711972,93.19999694824219,131.33,43.67,134.5594262295082,-69.32057376285714,-42.200012,37.63,42.0,115.56533531711972,116.3647904686556,0,0,86.335379369935,86.335379369935,86.93262822148463
3609,2021-07-23T15:17:15,2021-07-23T16:14:46,432,28.8,84.4,55.60000000000001,64.27193884027777,115.59701230265784,57.516666412353516,113.64,37.79,134.64454976303315,-67.04653641203704,-64.20001,43.70023148148148,47.0,115.59701230265784,116.3647904686556,0,0,86.35904429122152,86.35904429122152,86.93262822148463
3610,2021-07-23T23:22:28,2021-07-23T23:41:28,115,46.0,58.4,12.399999999999999,14.193614069444447,114.46462959229395,19.0,78.50999,26.1,134.43491438356165,-44.82087895652174,-44.30002,39.86521739130435,42.0,114.46462959229395,116.3647904686556,0,0,85.51307529348574,85.51307529348574,86.93262822148463
3612,2021-07-24T12:24:24,2021-07-24T13:35:10,531,17.2,88.0,70.8,82.45615526527777,116.463496137398,70.76667022705078,118.46,39.39,134.61363636363635,-69.9111132015066,-69.60001,39.09792843691149,42.0,116.463496137398,116.313164002341,0,0,87.00636825203493,87.00636825203493,86.89405964430215
3613,2021-07-24T17:18:28,2021-07-24T18:05:56,357,56.8,99.6,42.8,50.83801695694445,118.78041345080479,47.46666717529297,134.03,44.57,134.56827309236948,-64.2386593557423,-42.0,42.917366946778714,44.0,118.78041345080479,116.5151226037126,0,0,88.7372673548917,88.7372673548917,87.04493682921742
3614,2021-07-25T06:13:04,2021-07-25T07:16:24,476,31.6,94.8,63.199999999999996,73.45655474888889,116.22872586849508,63.33333206176758,127.63,42.44,134.63080168776372,-69.56197403361344,-42.200012,38.83613445378151,42.0,116.22872586849508,116.5151226037126,0,0,86.83097845911047,86.83097845911047,87.04493682921742
3616,2021-07-25T13:00:14,2021-07-25T13:21:04,126,57.2,78.0,20.799999999999997,24.253057194444448,116.60123651175218,20.83333396911621,104.93,34.89,134.52564102564102,-69.84841753968254,-69.70001,40.90079365079365,43.0,116.60123651175218,116.5151226037126,0,0,87.10926993480851,87.10926993480851,87.04493682921742
3617,2021-07-25T13:21:15,2021-07-25T13:39:35,111,78.0,95.6,17.599999999999994,20.450280277777786,116.19477430555564,18.33333396911621,128.65,42.78,134.571129707113,-66.82883702702702,-42.0,42.0,43.0,116.19477430555564,116.34611100294654,0,0,86.80561426959346,86.80561426959346,86.91867335557271
3620,2021-07-25T22:22:25,2021-07-25T22:48:35,158,33.6,56.4,22.799999999999997,26.137086319444446,114.6363435063353,26.16666603088379,75.88,25.23,134.53900709219857,-59.93228537974683,-58.80002,40.66139240506329,43.0,114.6363435063353,116.21175008702537,0,0,85.64135758394227,85.64135758394227,86.81829636435197
3621,2021-07-25T22:48:46,2021-07-25T23:16:16,166,56.4,79.2,22.800000000000004,26.29444680555556,115.32652107699805,27.5,106.61,35.45,134.60858585858585,-57.36988469879519,-55.70001,42.36746987951807,44.0,115.32652107699805,116.17880308641982,0,0,86.15696844798103,86.15696844798103,86.79368265308142
3622,2021-07-25T23:16:27,2021-07-25T23:41:17,150,79.6,97.6,18.0,21.875419499999996,121.53010833333332,24.83333396911621,131.35,43.67,134.57991803278688,-52.8273402,-42.0,42.583333333333336,44.0,121.53010833333332,116.17880308641982,0,0,90.79148153757232,90.79148153757232,86.79368265308142
3625,2021-07-26T04:59:43,2021-07-26T05:20:33,126,68.0,89.2,21.200000000000003,24.465970902777777,115.40552312631026,20.83333396911621,119.98,39.9,134.5067264573991,-70.46190095238096,-70.39999,37.50396825396825,40.0,115.40552312631026,116.17880308641982,0,0,86.21598849823793,86.21598849823793,86.79368265308142
3628,2021-07-26T17:19:14,2021-07-26T17:38:04,114,17.6,36.4,18.799999999999997,22.047226583333334,117.27248182624115,18.83333396911621,48.78,16.22,134.01098901098902,-70.2386103508772,-70.20001,39.15350877192982,41.0,117.27248182624115,116.21175008702537,0,0,87.61073708079715,87.61073708079715,86.81829636435197
3629,2021-07-26T17:38:15,2021-07-26T17:57:35,117,36.4,56.0,19.6,22.622364569444443,115.4202273951247,19.33333396911621,75.24,25.02,134.35714285714283,-70.20770307692308,-70.20001,40.794871794871796,43.0,115.4202273951247,116.21175008702537,0,0,86.22697361434535,86.22697361434535,86.81829636435197
3632,2021-07-27T10:51:50,2021-07-27T11:09:20,106,20.0,38.4,18.4,20.823469763888884,113.17103132548307,17.5,51.51,17.13,134.140625,-71.39433132075472,-71.30002,36.971698113207545,38.0,113.17103132548307,116.17880308641982,0,0,84.54666701187655,84.54666701187655,86.79368265308142
3633,2021-07-27T11:09:31,2021-07-27T11:28:21,114,38.4,57.6,19.200000000000003,22.41194133333333,116.72886111111109,18.83333396911621,77.46,25.76,134.47916666666663,-71.40086728070176,-71.39999,39.0921052631579,41.0,116.72886111111109,116.17880308641982,0,0,87.20461442692937,87.20461442692937,86.79368265308142
3634,2021-07-27T11:28:32,2021-07-27T11:48:42,122,58.0,78.0,20.0,24.004858402777778,120.02429201388888,20.16666603088379,104.85,34.87,134.4230769230769,-71.41966409836066,-71.39999,41.33196721311475,43.0,120.02429201388888,116.17880308641982,0,0,89.66653154418609,89.66653154418609,86.79368265308142
3636,2021-07-27T19:53:47,2021-07-27T21:33:37,749,8.0,97.6,89.6,106.37523238194446,118.72235756913445,99.83333587646484,131.23,43.64,134.45696721311475,-63.92270305740989,-42.0,43.58210947930574,47.0,118.72235756913445,116.17880308641982,0,0,88.69389555525204,88.69389555525204,86.79368265308142
3638,2021-07-29T12:37:40,2021-07-29T12:56:30,114,28.0,44.4,16.4,19.057085444444443,116.20174051490515,18.83333396911621,59.65,19.84,134.34684684684683,-60.71316456140351,-60.0,32.219298245614034,34.0,116.20174051490515,116.17880308641982,0,0,86.81081851466669,86.81081851466669,86.79368265308142
3639,2021-07-29T12:56:41,2021-07-29T13:16:41,121,44.4,61.6,17.200000000000003,19.800280138888887,115.11790778423769,20.0,82.84,27.54,134.4805194805195,-59.40000719008265,-58.20001,34.45867768595041,36.0,115.11790778423769,116.14824526576353,0,0,86.00111974367316,86.00111974367316,86.77085382615127
3640,2021-07-29T13:16:52,2021-07-29T13:35:32,113,61.6,77.2,15.600000000000001,17.834307402777778,114.32248335113958,18.66666603088379,103.83,34.53,134.49481865284974,-57.32478469026549,-56.20001,36.30530973451327,37.0,114.32248335113958,116.14824526576353,0,0,85.40688212039976,85.40688212039976,86.77085382615127
3647,2021-07-29T21:49:32,2021-07-29T22:07:08,107,68.0,85.6,17.599999999999994,20.53232020833333,116.66091027462124,17.600000381469727,115.02,38.25,134.36915887850466,-69.99719887850468,-69.70001,38.13084112149533,40.0,116.66091027462124,116.17880308641982,0,0,87.1538504047357,87.1538504047357,86.79368265308142
3649,2021-07-30T03:32:59,2021-07-30T03:56:32,143,40.4,64.0,23.6,27.46222344444445,116.36535357815444,23.549999237060547,85.93999,28.58,134.281234375,-69.96713587412587,-69.70001,35.06643356643357,38.0,116.36535357815444,116.1982574102304,0,0,86.93304890362151,86.93304890362151,86.80821639213008
3650,2021-07-30T03:56:43,2021-07-30T04:18:02,131,64.4,85.6,21.19999999999999,24.8442925625,117.19005925707555,21.316667556762695,115.08,38.27,134.4392523364486,-69.92824664122138,-69.70001,36.782442748091604,38.0,117.19005925707555,116.1982574102304,0,0,87.54916166323764,87.54916166323764,86.80821639213008
3653,2021-07-30T12:24:59,2021-07-30T12:43:29,112,34.4,53.2,18.800000000000004,21.62319690277778,115.01700480200944,18.5,71.6,23.81,134.58646616541353,-70.128579375,-69.89999,37.089285714285715,39.0,115.01700480200944,116.1982574102304,0,0,85.92573816643524,85.92573816643524,86.80821639213008
3654,2021-07-30T12:43:40,2021-07-30T13:02:20,113,53.2,72.4,19.200000000000003,21.81208540277778,113.60461147280091,18.66666603088379,97.4,32.39,134.5303867403315,-70.11151115044248,-69.89999,39.33185840707964,41.0,113.60461147280091,116.17880308641982,0,0,84.87058167368443,84.87058167368443,86.79368265308142
3655,2021-07-30T13:02:31,2021-07-30T13:19:31,103,72.4,89.6,17.19999999999999,19.854028708333338,115.43039946705437,17.0,120.46,40.06,134.4419642857143,-70.07184786407767,-69.89999,40.1747572815534,42.0,115.43039946705437,116.17880308641982,0,0,86.23457286274122,86.23457286274122,86.79368265308142
3658,2021-07-30T17:14:38,2021-07-30T17:31:08,100,84.0,97.6,13.599999999999994,16.19097390277778,119.0512786968955,16.5,131.08,43.59,134.3032786885246,-58.8480061,-42.0,38.5,40.0,119.0512786968955,116.17880308641982,0,0,88.93962261752476,88.93962261752476,86.79368265308142
3660,2021-07-31T11:27:55,2021-07-31T11:57:05,176,23.6,52.0,28.4,33.36042152777778,117.46627298513305,29.16666603088379,69.86,23.23,134.34615384615384,-68.62728272727273,-68.60001,34.18181818181818,37.0,117.46627298513305,116.17880308641982,0,0,87.75551261556768,87.75551261556768,86.79368265308142
3661,2021-07-31T11:57:16,2021-07-31T12:25:16,169,52.4,80.0,27.6,32.0138935,115.99236775362318,28.0,107.39,35.71,134.23749999999998,-68.60119331360947,-68.5,37.83431952662722,40.0,115.99236775362318,116.17880308641982,0,0,86.65440243431348,86.65440243431348,86.79368265308142
3662,2021-07-31T12:25:27,2021-07-31T12:46:47,129,80.0,97.6,17.599999999999994,21.147919999999996,120.15863636363639,21.33333396911621,131.08,43.59,134.3032786885246,-59.44264503875969,-41.0,39.395348837209305,41.0,120.15863636363639,116.17880308641982,0,0,89.76689615931768,89.76689615931768,86.79368265308142
3664,2021-07-31T23:58:38,2021-08-01T00:15:08,100,29.2,43.2,14.000000000000004,16.591391722222227,118.50994087301586,16.5,58.0,19.28,134.25925925925924,-60.3320104,-60.30002,36.73,39.0,118.50994087301586,116.17880308641982,0,0,88.53520544291358,88.53520544291358,86.79368265308142
3670,2021-08-01T15:23:56,2021-08-01T15:50:06,158,29.2,55.6,26.400000000000002,30.50236054166667,115.5392444760101,26.16666603088379,74.62,24.82,134.20863309352518,-69.9417708227848,-69.80002,41.515822784810126,44.0,115.5392444760101,116.17880308641982,0,0,86.31588768880849,86.31588768880849,86.79368265308142
3671,2021-08-01T15:50:17,2021-08-01T16:19:37,177,56.0,83.2,27.200000000000003,31.811388750000003,116.95363511029412,29.33333396911621,111.85,37.19,134.43509615384613,-65.0790957062147,-63.70001,43.83050847457627,45.0,116.95363511029412,116.1982574102304,0,0,87.37253630799096,87.37253630799096,86.80821639213008
3672,2021-08-01T16:19:48,2021-08-01T16:37:38,108,83.2,96.0,12.799999999999997,15.588752,121.78712500000002,17.83333396911621,129.01,42.9,134.38541666666666,-52.45371037037036,-42.0,44.004629629629626,45.0,121.78712500000002,116.1982574102304,0,0,90.98349094385473,90.98349094385473,86.80821639213008
3675,2021-08-01T23:33:10,2021-08-01T23:49:40,100,47.6,64.4,16.800000000000004,19.22750058333333,114.44940823412695,16.5,86.57,28.78,134.4254658385093,-69.9190021,-69.70001,35.855,38.0,114.44940823412695,116.1982574102304,0,0,85.50170387550588,85.50170387550588,86.80821639213008
3682,2021-08-03T01:28:06,2021-08-03T01:49:36,130,63.6,82.0,18.4,21.552779402777777,117.13467066727053,21.5,110.07,36.6,134.23170731707316,-60.14692761538461,-59.80002,32.09615384615385,33.0,117.13467066727053,116.21523319170012,0,0,87.50778251696977,87.50778251696977,86.82089848688858
3683,2021-08-03T01:49:47,2021-08-03T02:10:07,123,82.0,97.6,15.599999999999994,18.54541893055556,118.8808905804844,20.33333396911621,131.2,43.63,134.4262295081967,-54.697567723577244,-42.20001,32.760162601626014,34.0,118.8808905804844,116.21523319170012,0,0,88.81233079052392,88.81233079052392,86.82089848688858
3686,2021-08-04T00:32:51,2021-08-04T00:51:21,112,39.2,58.0,18.799999999999997,21.60555694444445,114.92317523640668,18.5,77.86,25.89,134.24137931034483,-70.07143303571429,-69.80002,35.1875,37.0,114.92317523640668,116.21523319170012,0,0,85.85564092559567,85.85564092559567,86.82089848688858
3689,2021-08-04T13:16:49,2021-08-04T13:46:49,181,17.2,47.6,30.400000000000002,35.187360347222224,115.74789587902046,30.0,63.85,21.23,134.13865546218486,-70.3745841436464,-70.30002,36.693370165745854,39.0,115.74789587902046,116.1982574102304,0,0,86.47176486413565,86.47176486413565,86.80821639213008
3690,2021-08-04T13:47:00,2021-08-04T14:16:10,176,47.6,77.2,29.6,34.19111547222223,115.510525243994,29.16666603088379,103.54,34.43,134.11917098445596,-70.33580448863637,-70.20001,39.89772727272727,42.0,115.510525243994,116.1982574102304,0,0,86.29443241604422,86.29443241604422,86.80821639213008
3693,2021-08-04T23:18:10,2021-08-04T23:45:10,163,27.2,54.4,27.2,31.50194463888889,115.8159729370915,27.0,72.97,24.27,134.1360294117647,-70.00429490797545,-69.89999,34.6319018404908,37.0,115.8159729370915,116.1982574102304,0,0,86.52262318266884,86.52262318266884,86.80821639213008
3694,2021-08-04T23:45:21,2021-08-05T00:09:11,144,54.8,78.8,24.0,27.80638897222222,115.85995405092592,23.83333396911621,105.69,35.14,134.12436548223351,-70.00208354166666,-69.89999,37.34027777777778,39.0,115.85995405092592,116.16001697530871,0,0,86.55548014741166,86.55548014741166,86.77964811560344
3695,2021-08-05T00:09:22,2021-08-05T00:27:32,110,78.8,95.6,16.799999999999997,19.85916704166667,118.20932762896828,18.16666603088379,128.25,42.65,134.15271966527197,-65.50454663636363,-42.30002,38.27272727272727,40.0,118.20932762896828,116.1982574102304,0,0,88.31062634748452,88.31062634748452,86.80821639213008
3697,2021-08-05T06:06:34,2021-08-05T06:35:14,173,54.4,72.4,18.000000000000007,21.067502694444443,117.0416816358024,28.66666603088379,97.13,32.3,134.1574585635359,-44.09480335260116,-43.10001,33.46242774566474,36.0,117.0416816358024,116.1982574102304,0,0,87.43831321385207,87.43831321385207,86.80821639213008
3698,2021-08-05T06:35:25,2021-08-05T07:08:25,199,72.4,92.4,20.0,23.20194820833334,116.0097410416667,33.0,123.97,41.23,134.16666666666666,-42.1854340201005,-41.30002,34.35175879396985,36.0,116.0097410416667,116.1982574102304,0,0,86.66738149425412,86.66738149425412,86.80821639213008
3701,2021-08-05T18:16:15,2021-08-05T18:35:45,118,26.8,46.4,19.599999999999998,22.633197611111115,115.47549801587304,19.5,62.19,20.68,134.0301724137931,-69.64068771186442,-69.5,34.889830508474574,37.0,115.47549801587304,116.1982574102304,0,0,86.26826462948605,86.26826462948605,86.80821639213008
3702,2021-08-05T18:35:56,2021-08-05T18:57:06,128,46.4,67.6,21.199999999999996,24.552364138888894,115.81303839098537,21.16666603088379,90.72,30.17,134.20118343195267,-69.59766484375,-69.5,37.25390625,39.0,115.81303839098537,116.1982574102304,0,0,86.52043087170762,86.52043087170762,86.80821639213008
3703,2021-08-05T18:57:17,2021-08-05T19:16:57,119,68.0,87.2,19.200000000000003,22.824864388888894,118.87950202546297,19.66666603088379,116.96,38.89,134.12844036697248,-69.63530411764705,-69.60001,38.857142857142854,40.0,118.87950202546297,116.1982574102304,0,0,88.81129344291251,88.81129344291251,86.80821639213008
3705,2021-08-06T08:28:36,2021-08-06T08:46:46,110,49.2,60.8,11.599999999999994,13.403058458333332,115.54360739942534,18.16666603088379,81.49,27.1,134.0296052631579,-44.26728227272728,-43.60001,32.46363636363636,34.0,115.54360739942534,116.10225767361118,0,0,86.31914709741214,86.31914709741214,86.73649788192378
3706,2021-08-06T08:46:57,2021-08-06T09:17:47,186,60.8,79.6,18.799999999999997,21.882503152777783,116.39629336583928,30.83333396911621,106.76,35.5,134.1206030150754,-42.582801881720435,-41.70001,33.454301075268816,34.0,116.39629336583928,116.1982574102304,0,0,86.95616308660784,86.95616308660784,86.80821639213008
3707,2021-08-06T09:17:58,2021-08-06T09:45:48,168,79.6,95.6,16.0,18.97680880555555,118.60505503472218,27.83333396911621,128.32,42.67,134.22594142259413,-40.90834035714286,-40.10001,33.79761904761905,35.0,118.60505503472218,116.21523319170012,0,0,88.60626236678989,88.60626236678989,86.82089848688858
3709,2021-08-06T21:50:57,2021-08-06T22:48:06,429,17.2,74.8,57.599999999999994,66.76503403194445,115.91151741657023,57.150001525878906,100.42,33.39,134.25133689839572,-70.09464526806528,-69.80002,34.46037296037296,38.0,115.91151741657023,116.21523319170012,0,0,86.59400158398498,86.59400158398498,86.82089848688858
3710,2021-08-07T04:09:53,2021-08-07T05:30:39,606,21.6,98.8,77.19999999999999,90.06095479166669,116.65926786485323,80.76667022705078,132.53,44.07,134.13967611336034,-66.87624528052807,-41.89999,36.76320132013201,40.0,116.65926786485323,116.21523319170012,0,0,87.15262340989325,87.15262340989325,86.82089848688858
3712,2021-08-07T15:30:01,2021-08-07T15:47:41,107,30.0,45.2,15.200000000000003,17.635830805555553,116.02520266812863,17.66666603088379,60.64,20.17,134.15929203539824,-59.8953185046729,-59.80002,37.757009345794394,39.0,116.02520266812863,116.1982574102304,0,0,86.67893240943644,86.67893240943644,86.80821639213008
3714,2021-08-07T16:04:23,2021-08-07T16:21:53,106,59.6,74.8,15.199999999999996,17.469581013888885,114.93145403874269,17.5,100.32,33.36,134.1176470588235,-59.89527518867925,-59.80002,41.12735849056604,42.0,114.93145403874269,116.10998848684213,0,0,85.86182576933317,85.86182576933317,86.74227333951495
3718,2021-08-07T23:07:50,2021-08-07T23:24:30,101,51.2,66.0,14.799999999999997,16.661943972222225,112.58070251501506,16.66666603088379,88.43999,29.41,133.99998484848484,-59.983166633663366,-59.89999,35.524752475247524,38.0,112.58070251501506,116.01747185489766,0,0,84.10565014756423,84.10565014756423,86.67315695184527
3720,2021-08-07T23:40:32,2021-08-07T23:57:12,101,79.6,93.6,14.0,16.666944472222223,119.04960337301587,16.66666603088379,125.59,41.76,134.17735042735043,-60.00099019801981,-59.89999,37.07425742574257,39.0,119.04960337301587,116.01747185489766,0,0,88.9383710335414,88.9383710335414,86.67315695184527
3722,2021-08-08T06:12:33,2021-08-08T06:47:03,208,37.2,72.0,34.8,40.269862986111114,115.7179970865262,34.5,96.5,32.09,134.02777777777777,-70.03413783653846,-69.80002,35.47355769230769,38.0,115.7179970865262,116.01747185489766,0,0,86.44942837728506,86.44942837728506,86.67315695184527
3723,2021-08-08T06:47:14,2021-08-08T07:15:34,171,72.4,98.0,25.599999999999994,30.243612374999998,118.13911083984377,28.33333396911621,131.34,43.67,134.0204081632653,-63.99941783625731,-42.10001,37.45906432748538,39.0,118.13911083984377,116.11347159151688,0,0,88.25816950036364,88.25816950036364,86.74487546205157
3725,2021-08-08T20:07:40,2021-08-08T20:25:10,106,61.6,79.2,17.6,20.403889916666667,115.93119270833333,17.5,106.28,35.34,134.1919191919192,-69.95660726415095,-69.70001,34.905660377358494,36.0,115.93119270833333,116.01747185489766,0,0,86.60870040153195,86.60870040153195,86.67315695184527
3730,2021-08-09T11:55:17,2021-08-09T12:14:07,114,35.6,48.0,12.399999999999999,14.261946972222223,115.0157013888889,18.83333396911621,64.25,21.36,133.85416666666669,-45.43597298245614,-45.10001,32.5,34.0,115.0157013888889,116.01747185489766,0,0,85.9247644257722,85.9247644257722,86.67315695184527
3731,2021-08-09T12:14:18,2021-08-09T12:33:08,114,48.0,60.4,12.399999999999999,13.999445833333333,112.89875672043011,18.83333396911621,80.85,26.89,133.85761589403972,-44.600004473684216,-44.10001,33.921052631578945,35.0,112.89875672043011,116.00105439764494,0,0,84.34325885963487,84.34325885963487,86.66089196428379
3732,2021-08-09T12:33:19,2021-08-09T12:51:39,111,60.8,72.0,11.200000000000003,13.27389038888889,118.5168784722222,18.33333396911621,96.52,32.1,134.05555555555554,-43.4423472072072,-42.89999,34.927927927927925,36.0,118.5168784722222,116.01747185489766,0,0,88.54038831421103,88.54038831421103,86.67315695184527
3733,2021-08-09T12:51:50,2021-08-09T13:10:10,111,72.4,83.2,10.799999999999997,12.933057638888888,119.75053369341566,18.33333396911621,111.57,37.1,134.09855769230768,-42.32613288288286,-41.70001,35.414414414414416,36.0,119.75053369341566,116.11347159151688,0,0,89.46201495286675,89.46201495286675,86.74487546205157
3736,2021-08-09T22:30:41,2021-08-09T22:50:31,120,40.0,53.2,13.200000000000003,14.970557958333332,113.41331786616158,19.83333396911621,71.22,23.68,133.8721804511278,-45.28834066666666,-44.80002,30.166666666666668,32.0,113.41331786616158,116.01747185489766,0,0,84.72767198493624,84.72767198493624,86.67315695184527
3737,2021-08-09T22:50:42,2021-08-09T23:08:12,106,53.2,64.8,11.599999999999994,12.911669486111114,111.30749556992346,17.5,86.77,28.85,133.9043209876543,-44.26793424528303,-43.60001,31.504716981132077,33.0,111.30749556992346,116.00105439764494,0,0,83.1544756079042,83.1544756079042,86.66089196428379
3738,2021-08-09T23:08:23,2021-08-09T23:26:23,109,64.8,76.0,11.200000000000003,12.91153026388889,115.28152021329363,18.0,101.86,33.87,134.02631578947367,-43.038540366972484,-42.5,32.22018348623853,33.0,115.28152021329363,115.96178023097826,0,0,86.12334965884124,86.12334965884124,86.63155141792271
3739,2021-08-09T23:26:34,2021-08-09T23:43:34,103,76.0,86.4,10.400000000000006,11.903473652777773,114.45647743055545,17.0,115.8,38.51,134.02777777777777,-42.012626407766994,-41.60001,32.5,33.0,114.45647743055545,115.92135506245178,0,0,85.50698505912224,85.50698505912224,86.60135099275846
3742,2021-08-10T04:33:49,2021-08-10T04:50:59,104,76.4,93.6,17.19999999999999,19.994998944444443,116.24999386304917,17.16666603088379,125.49,41.73,134.07051282051282,-69.88557317307692,-69.80002,31.879807692307693,34.0,116.24999386304917,115.96178023097826,0,0,86.84686713691534,86.84686713691534,86.63155141792271
3745,2021-08-10T14:19:28,2021-08-10T14:37:58,112,24.8,43.6,18.8,21.59375091666667,114.86037721631209,18.5,58.42,19.42,133.9908256880734,-70.03482446428572,-69.89999,32.370535714285715,34.0,114.86037721631209,115.96178023097826,0,0,85.80872641724704,85.80872641724704,86.63155141792271
3746,2021-08-10T14:38:09,2021-08-10T14:58:09,121,43.6,64.4,20.800000000000004,23.342917444444446,112.22556463675211,20.0,86.23,28.67,133.8975155279503,-70.02975446280992,-69.89999,34.6900826446281,37.0,112.22556463675211,115.92135506245178,0,0,83.8403373410524,83.8403373410524,86.60135099275846
3747,2021-08-10T14:58:20,2021-08-10T15:16:10,108,64.4,82.4,18.0,20.818612166666668,115.6589564814815,17.83333396911621,110.46,36.73,134.0533980582524,-70.04352203703704,-69.89999,36.47222222222222,38.0,115.6589564814815,115.88573573374808,0,0,86.40532092048775,86.40532092048775,86.57474086569832
3750,2021-08-11T02:18:30,2021-08-11T02:38:00,118,21.6,41.2,19.6,22.78555811111112,116.25284750566897,19.5,55.16,18.34,133.88349514563106,-70.10848237288135,-69.89999,31.584745762711865,34.0,116.25284750566897,115.88573573374808,0,0,86.84899900731999,86.84899900731999,86.57474086569832
3751,2021-08-11T02:38:11,2021-08-11T02:56:31,111,41.6,60.0,18.4,21.41639084722223,116.39342851751213,18.33333396911621,80.47,26.76,134.11666666666667,-70.09099747747747,-69.89999,33.887387387387385,36.0,116.39342851751213,115.92135506245178,0,0,86.95402284475692,86.95402284475692,86.60135099275846
3752,2021-08-11T02:56:42,2021-08-11T03:15:52,116,60.4,79.6,19.199999999999996,22.38569604166667,116.5921668836806,19.16666603088379,106.68,35.48,134.02010050251258,-70.07672913793104,-69.89999,35.814655172413794,37.0,116.5921668836806,115.96178023097826,0,0,87.10249428899608,87.10249428899608,86.63155141792271
3753,2021-08-11T03:16:03,2021-08-11T03:35:53,120,79.6,97.2,17.60000000000001,20.50555720833334,116.5088477746212,19.83333396911621,130.31,43.33,134.06378600823047,-61.98500491666667,-42.20001,36.96666666666667,38.0,116.5088477746212,116.00105439764494,0,0,87.0402490934998,87.0402490934998,86.66089196428379
3755,2021-08-11T22:41:22,2021-08-11T23:22:05,306,37.2,78.0,40.8,47.36884392222223,116.10010765250549,40.71666717529297,104.5,34.75,133.97435897435898,-69.80262993464054,-69.70001,36.30718954248366,39.0,116.10010765250549,116.00105439764494,0,0,86.73489166594818,86.73489166594818,86.66089196428379
3756,2021-08-12T06:02:10,2021-08-12T06:19:40,106,32.8,48.0,15.200000000000003,17.655834902777777,116.1568085709064,17.5,64.22,21.35,133.79166666666666,-60.51226962264151,-55.80002,31.93867924528302,34.0,116.1568085709064,116.00105439764494,0,0,86.77725121336208,86.77725121336208,86.66089196428379
3758,2021-08-12T06:50:12,2021-08-12T07:20:02,180,54.8,80.8,26.0,30.09916838888889,115.76603226495727,29.83333396911621,108.16,35.97,133.86138613861388,-60.53500350000001,-60.5,34.36944444444445,36.0,115.76603226495727,115.97046687500001,0,0,86.48531401151585,86.48531401151585,86.63804094789303
3759,2021-08-12T07:20:13,2021-08-12T07:41:33,129,80.8,97.6,16.799999999999997,19.96666884722222,118.8492193287037,21.33333396911621,130.75,43.48,133.96516393442624,-56.12093635658915,-42.70001,35.0,36.0,118.8492193287037,115.97046687500001,0,0,88.78867015275478,88.78867015275478,86.63804094789303
3763,2021-08-12T20:20:37,2021-08-12T20:37:37,103,70.4,87.2,16.799999999999997,19.840278416666674,118.09689533730165,17.0,116.81,38.85,133.95642201834863,-70.0242740776699,-69.80002,37.33495145631068,39.0,118.09689533730165,115.97046687500001,0,0,88.2266315706093,88.2266315706093,86.63804094789303
3768,2021-08-13T03:24:59,2021-08-13T03:42:19,105,62.4,79.6,17.199999999999996,20.076110944444444,116.72157525839796,17.33333396911621,106.6,35.45,133.91959798994975,-69.49428514285714,-69.39999,37.65238095238095,39.0,116.72157525839796,116.01747185489766,0,0,87.19917138593186,87.19917138593186,86.67315695184527
3772,2021-08-13T16:20:02,2021-08-13T16:36:52,102,38.0,48.8,10.799999999999997,12.74416919444444,118.00156661522634,16.83333396911621,65.34,21.73,133.89344262295083,-45.42451882352941,-45.10001,36.07843137254902,37.0,118.00156661522634,116.01747185489766,0,0,88.15541435514727,88.15541435514727,86.67315695184527
3773,2021-08-13T16:37:03,2021-08-13T16:54:13,104,48.8,60.0,11.200000000000003,12.784585944444444,114.1480887896825,17.16666603088379,80.32,26.71,133.86666666666667,-44.68366298076923,-44.10001,37.26442307692308,39.0,114.1480887896825,115.97046687500001,0,0,85.27659719904219,85.27659719904219,86.63804094789303
3775,2021-08-13T17:09:55,2021-08-13T17:27:25,106,70.0,80.8,10.799999999999997,12.418473263888888,114.98586355452677,17.5,108.16,35.97,133.86138613861388,-42.5773620754717,-42.10001,38.5,39.0,114.98586355452677,115.97046687500001,0,0,85.9024734789051,85.9024734789051,86.63804094789303
3783,2021-08-14T15:29:59,2021-08-14T15:59:45,224,3.6,29.6,26.0,30.65454443194444,117.90209396901707,29.766666412353516,39.54,13.15,133.58108108108107,-61.79241629464286,-60.60001,36.04017857142857,37.0,117.90209396901707,115.97046687500001,0,0,88.0811013388449,88.0811013388449,86.63804094789303
3784,2021-08-14T15:59:57,2021-08-14T17:24:13,633,29.6,97.2,67.6,80.4837595375,119.05881588387577,84.26667022705078,130.17,43.29,133.91975308641975,-57.30079666666668,-42.0,39.430489731437596,42.0,119.05881588387577,115.97046687500001,0,0,88.9452534227791,88.9452534227791,86.63804094789303
3786,2021-08-14T23:37:16,2021-08-14T23:57:26,122,74.0,94.0,20.0,23.360277833333335,116.80138916666667,20.16666603088379,125.9,41.87,133.93617021276597,-69.50163950819672,-69.39999,38.51229508196721,40.0,116.80138916666667,116.01747185489766,0,0,87.25879795154921,87.25879795154921,86.67315695184527
3787,2021-08-16T12:26:50,2021-08-16T12:45:10,111,43.6,59.2,15.600000000000001,18.043334625,115.66240144230767,18.33333396911621,79.31,26.37,133.96959459459458,-59.05135558558558,-59.0,33.126126126126124,35.0,115.66240144230767,116.01747185489766,0,0,86.4078945469046,86.4078945469046,86.67315695184527
3788,2021-08-16T12:45:21,2021-08-16T13:07:51,136,59.2,78.4,19.200000000000003,22.149307986111104,115.36097909432866,22.5,105.03,34.93,133.96683673469389,-59.06471235294117,-59.0,35.0514705882353,36.0,115.36097909432866,116.01747185489766,0,0,86.1827109943113,86.1827109943113,86.67315695184527
3789,2021-08-16T13:08:02,2021-08-16T13:27:02,115,78.4,94.4,16.0,18.719447611111114,116.99654756944446,19.0,126.5,42.07,134.00423728813558,-59.11392304347826,-59.10001,35.97826086956522,37.0,116.99654756944446,116.06265516031706,0,0,87.404594913024,87.404594913024,86.70691203769232
3790,2021-08-16T20:27:20,2021-08-16T20:44:30,104,31.2,43.6,12.400000000000002,14.339169597222222,115.63846449372757,17.16666603088379,58.32,19.39,133.76146788990826,-50.11827951923077,-50.10001,35.76923076923077,37.0,115.63846449372757,116.06265516031706,0,0,86.39001197397776,86.39001197397776,86.70691203769232
3791,2021-08-16T20:44:41,2021-08-16T21:05:11,124,43.6,58.4,14.799999999999997,17.11750341666667,115.65880686936941,20.5,78.1,25.97,133.73287671232876,-50.100010000000005,-50.10001,36.891129032258064,39.0,115.65880686936941,116.01747185489766,0,0,86.4052091497875,86.4052091497875,86.67315695184527
3792,2021-08-16T21:05:22,2021-08-16T21:24:52,118,58.8,72.8,14.0,16.28250325,116.30359464285713,19.5,97.45,32.41,133.85989010989013,-50.100010000000005,-50.10001,37.94915254237288,39.0,116.30359464285713,116.01747185489766,0,0,86.88691066421136,86.88691066421136,86.67315695184527
3793,2021-08-16T21:25:03,2021-08-16T21:47:03,133,72.8,88.4,15.600000000000009,18.370003666666673,117.75643376068373,22.0,118.39,39.37,133.92533936651583,-50.100010000000005,-50.10001,38.026315789473685,40.0,117.75643376068373,116.06265516031706,0,0,87.97228298677545,87.97228298677545,86.70691203769232
3794,2021-08-16T21:47:14,2021-08-16T22:04:44,106,88.8,99.6,10.799999999999997,13.713890486111115,126.98046746399184,17.5,133.35,44.35,133.8855421686747,-47.012269622641504,-42.39999,38.014150943396224,40.0,126.98046746399184,116.12845811170595,0,0,94.8632805935483,94.8632805935483,86.75607143965513
3796,2021-08-17T03:47:35,2021-08-17T04:08:45,128,14.0,35.2,21.200000000000003,24.648610861111116,116.26703236373167,21.16666603088379,46.89,15.59,133.21022727272725,-69.87031171875,-69.80002,36.86328125,39.0,116.26703236373167,116.2034012169778,0,0,86.85959608730761,86.85959608730761,86.8120591751387
3797,2021-08-17T04:08:56,2021-08-17T04:29:06,122,35.2,55.6,20.4,23.47347506944445,115.06605426198261,20.16666603088379,74.45,24.75,133.90287769784172,-69.8385330327869,-69.80002,38.72950819672131,41.0,115.06605426198261,116.12845811170595,0,0,85.96238153984002,85.96238153984002,86.75607143965513
3798,2021-08-17T04:29:17,2021-08-17T04:47:07,108,55.6,73.6,17.999999999999993,20.753336777777783,115.29631543209884,17.83333396911621,98.37,32.71,133.65489130434784,-69.82408574074074,-69.70001,40.879629629629626,43.0,115.29631543209884,116.12845811170595,0,0,86.13440272094593,86.13440272094593,86.75607143965513
3802,2021-08-17T11:05:17,2021-08-17T11:22:17,103,52.0,69.2,17.200000000000003,19.81305625,115.19218749999996,17.0,92.6,30.79,133.81502890173408,-69.9291286407767,-69.70001,39.71844660194175,42.0,115.19218749999996,116.06265516031706,0,0,86.05661188084586,86.05661188084586,86.70691203769232
3805,2021-08-17T20:06:54,2021-08-17T20:59:13,393,23.6,75.6,51.99999999999999,60.39892155277777,116.15177221688035,52.31666564941406,101.17,33.64,133.82275132275134,-69.26234661577608,-63.70001,41.43511450381679,45.0,116.15177221688035,116.06265516031706,0,0,86.7734887050434,86.7734887050434,86.70691203769232
3807,2021-08-19T17:40:43,2021-08-19T17:59:43,115,27.6,46.8,19.199999999999996,22.54611427777778,117.42767853009263,19.0,62.53,20.79,133.61111111111111,-71.19827086956522,-71.10001,31.069565217391304,33.0,117.42767853009263,116.12593993469292,0,0,87.72667986127898,87.72667986127898,86.75419018549579
3808,2021-08-19T17:59:54,2021-08-19T18:21:54,133,46.8,69.6,22.799999999999997,26.107781555555558,114.50781384015596,22.0,93.2,31.0,133.9080459770115,-71.20301781954886,-71.20001,33.57518796992481,35.0,114.50781384015596,116.06265516031706,0,0,85.54533694367473,85.54533694367473,86.70691203769232
3810,2021-08-20T07:33:42,2021-08-20T08:22:41,368,52.0,98.0,46.0,54.05171142083334,117.50372048007247,48.983333587646484,131.07,43.59,133.74489795918367,-66.17717766304348,-42.0,33.25135869565217,35.0,117.50372048007247,116.12593993469292,0,0,87.78348851052942,87.78348851052942,86.75419018549579
3812,2021-08-20T15:02:01,2021-08-20T15:30:21,171,52.0,80.8,28.799999999999997,33.296667166666666,115.61342766203704,28.33333396911621,108.1,35.95,133.7871287128713,-70.51052736842105,-70.39999,39.15204678362573,41.0,115.61342766203704,116.12593993469292,0,0,86.37130771152492,86.37130771152492,86.75419018549579
3813,2021-08-20T15:30:32,2021-08-20T15:50:02,118,81.2,97.6,16.39999999999999,19.947085236111114,121.6285685128727,19.5,130.55,43.42,133.76024590163937,-61.3347516101695,-42.60001,40.44915254237288,41.0,121.6285685128727,116.15429039389338,0,0,90.86503817053703,90.86503817053703,86.77536995920275
3815,2021-08-21T23:03:54,2021-08-21T23:21:44,108,16.4,34.4,18.0,20.65888919444445,114.7716066358025,17.83333396911621,45.87,15.25,133.34302325581396,-69.5064825,-69.30002,34.138888888888886,35.0,114.7716066358025,116.12593993469292,0,0,85.74240859171437,85.74240859171437,86.75419018549579
3816,2021-08-21T23:21:55,2021-08-21T23:41:55,121,34.4,54.4,20.0,23.1783345,115.89167249999998,20.0,72.8,24.21,133.8235294117647,-69.53471421487605,-69.5,36.070247933884296,38.0,115.89167249999998,116.12593993469292,0,0,86.57917604485634,86.57917604485634,86.75419018549579
3817,2021-08-21T23:42:06,2021-08-22T00:03:06,127,54.8,75.6,20.799999999999997,24.34472416666667,117.0419431089744,21.0,101.09,33.61,133.71693121693124,-69.55669850393701,-69.5,38.42913385826772,40.0,117.0419431089744,116.12593993469292,0,0,87.43850855257918,87.43850855257918,86.75419018549579
3818,2021-08-22T00:03:17,2021-08-22T00:22:27,116,76.0,94.4,18.400000000000006,21.879724125000003,118.91154415760867,19.16666603088379,126.25,41.98,133.739406779661,-68.38362663793104,-42.0,39.60775862068966,41.0,118.91154415760867,116.15429039389338,0,0,88.83523115422561,88.83523115422561,86.77536995920275
3820,2021-08-22T18:00:16,2021-08-22T18:17:56,107,40.8,58.8,18.0,20.756944416666666,115.31635787037037,17.66666603088379,78.66,26.15,133.77551020408163,-70.4953270093458,-70.30002,37.50934579439252,39.0,115.31635787037037,116.15429039389338,0,0,86.14937582258511,86.14937582258511,86.77536995920275
3821,2021-08-22T18:18:07,2021-08-22T18:38:37,124,59.2,79.6,20.39999999999999,24.10027905555556,118.13862282135084,20.5,106.43,35.39,133.70603015075378,-70.53790701612904,-70.5,39.431451612903224,41.0,118.13862282135084,116.2034012169778,0,0,88.25780491645435,88.25780491645435,86.8120591751387
3822,2021-08-22T18:38:48,2021-08-22T18:56:18,106,80.0,96.0,16.0,19.07764119444445,119.23525746527781,17.5,128.47,42.72,133.82291666666666,-65.32642301886791,-42.70001,40.264150943396224,41.0,119.23525746527781,116.2034012169778,0,0,89.07706761104912,89.07706761104912,86.8120591751387
3823,2021-08-23T13:22:55,2021-08-23T14:18:54,422,12.0,68.0,56.0,65.32595945138888,116.65349902033728,55.983333587646484,90.89,30.22,133.66176470588235,-70.01279744075829,-69.80002,39.447867298578196,43.0,116.65349902033728,116.2034012169778,0,0,87.14831368000371,87.14831368000371,86.8120591751387
3824,2021-08-24T06:35:10,2021-08-24T07:33:54,441,42.4,98.0,55.6,65.13707061666668,117.15300470623502,58.733333587646484,130.94,43.54,133.6122448979592,-66.51362081632654,-41.70001,35.333333333333336,38.0,117.15300470623502,116.25142068435906,0,0,87.52147932497054,87.52147932497054,86.84793307211766
3827,2021-08-24T17:36:41,2021-08-24T18:05:10,174,30.0,58.8,28.799999999999997,33.36050519444446,115.83508748070993,28.483333587646484,78.45,26.09,133.4183673469388,-70.27184994252875,-69.89999,39.83620689655172,42.0,115.83508748070993,116.25142068435906,0,0,86.53690308217547,86.53690308217547,86.84793307211766
3828,2021-08-24T18:17:31,2021-08-24T18:35:00,108,58.0,75.6,17.599999999999994,20.484488973611118,116.38914189551775,17.483333587646484,101.11,33.62,133.74338624338625,-70.30000972222223,-70.10001,42.18981481481482,43.0,116.38914189551775,116.25993993470033,0,0,86.95082043864538,86.95082043864538,86.85429754731379
3830,2021-08-25T11:59:13,2021-08-25T12:43:08,330,42.0,86.0,44.0,51.43956714722223,116.90810715277779,43.91666793823242,114.92,38.21,133.62790697674419,-70.2775915757576,-70.0,36.43636363636364,39.0,116.90810715277779,116.2853135032944,0,0,87.33852374294864,87.33852374294864,86.87325337575948
3831,2021-08-25T21:18:20,2021-08-25T22:32:48,559,30.4,92.8,62.4,72.37736824444444,115.98937218660969,74.46666717529297,124.08,41.26,133.70689655172416,-58.316463703041144,-54.5,36.46601073345259,39.0,115.98937218660969,116.2853135032944,0,0,86.65216453647129,86.65216453647129,86.87325337575948
3833,2021-08-26T03:29:12,2021-08-26T03:48:12,115,36.0,55.2,19.200000000000003,22.206391875000005,115.65829101562501,19.0,73.67,24.5,133.46014492753622,-70.12522678260869,-70.0,35.83913043478261,38.0,115.65829101562501,116.2853135032944,0,0,86.40482377100068,86.40482377100068,86.87325337575948
3834,2021-08-26T03:48:23,2021-08-26T04:10:33,134,55.6,78.0,22.4,25.916948138888888,115.7006613343254,22.16666603088379,104.27,34.67,133.67948717948718,-70.1507562686567,-70.10001,37.899253731343286,40.0,115.7006613343254,116.2853135032944,0,0,86.43647735924135,86.43647735924135,86.87325337575948
3835,2021-08-26T04:10:44,2021-08-26T04:30:54,122,78.0,96.4,18.400000000000006,21.77528065277778,118.34391659118356,20.16666603088379,128.82,42.84,133.63070539419084,-64.71558237704917,-42.30002,38.90983606557377,40.0,118.34391659118356,116.34636826918745,0,0,88.41117370521923,88.41117370521923,86.91886555142837
3838,2021-08-26T14:20:37,2021-08-26T14:39:57,117,41.2,55.6,14.399999999999999,16.440280041666664,114.16861140046295,19.33333396911621,74.26,24.69,133.5611510791367,-51.01795572649572,-49.0,37.995726495726494,40.0,114.16861140046295,116.34636826918745,0,0,85.29192902309245,85.29192902309245,86.91886555142837
3839,2021-08-26T14:40:08,2021-08-26T14:58:48,113,55.6,69.2,13.600000000000001,15.537779416666666,114.24837806372548,18.66666603088379,92.47,30.75,133.62716763005778,-49.94159831858408,-48.5,39.47787610619469,41.0,114.24837806372548,116.2853135032944,0,0,85.35152029338944,85.35152029338944,86.87325337575948
3840,2021-08-26T14:58:59,2021-08-26T15:17:29,112,69.2,86.4,17.200000000000003,20.287778250000002,117.95219912790697,18.5,115.42,38.38,133.58796296296296,-65.74643008928571,-49.20001,40.370535714285715,42.0,117.95219912790697,116.2853135032944,0,0,88.11853339309611,88.11853339309611,86.87325337575948
3842,2021-08-27T10:16:48,2021-08-27T10:35:38,114,48.4,60.8,12.399999999999999,14.147640402777778,114.09387421594984,18.83333396911621,81.25999,27.02,133.65129934210526,-45.07456622807018,-44.5,33.03508771929825,34.0,114.09387421594984,116.21192046731903,0,0,85.23609512480216,85.23609512480216,86.81842365033484
3843,2021-08-27T10:35:49,2021-08-27T10:55:59,122,60.8,73.6,12.799999999999997,14.706251555555555,114.8925902777778,20.16666603088379,98.32,32.7,133.58695652173913,-43.75492270491804,-43.10001,34.204918032786885,35.0,114.8925902777778,116.21192046731903,0,0,85.83279182470402,85.83279182470402,86.81842365033484
3844,2021-08-27T10:56:10,2021-08-27T11:17:40,130,73.6,86.8,13.200000000000003,15.233890749999999,115.40826325757571,21.5,115.99,38.57,133.6290322580645,-42.51308207692308,-41.89999,34.5,35.0,115.40826325757571,116.209402290306,0,0,86.2180355677305,86.2180355677305,86.8165423961755
3845,2021-08-27T11:17:51,2021-08-27T11:36:31,113,86.8,97.6,10.799999999999997,12.874446,119.20783333333337,18.66666603088379,130.46,43.38,133.66803278688525,-41.38230575221239,-40.89999,35.20796460176991,36.0,119.20783333333337,116.2853135032944,0,0,89.05657986851958,89.05657986851958,86.87325337575948
3847,2021-08-27T16:50:42,2021-08-27T17:10:42,121,51.6,68.8,17.199999999999996,20.02361347222222,116.41635739664083,20.0,92.00999,30.6,133.73545058139536,-60.07025495867769,-60.0,37.32231404958678,39.0,116.41635739664083,116.2853135032944,0,0,86.9711523193755,86.9711523193755,86.87325337575948
3848,2021-08-27T17:10:53,2021-08-27T17:37:13,159,68.8,91.6,22.799999999999997,26.36917022222222,115.65425536062378,26.33333396911621,122.38,40.7,133.60262008733625,-60.081769119496855,-60.0,38.38364779874214,40.0,115.65425536062378,116.209402290306,0,0,86.40180885476666,86.40180885476666,86.8165423961755
3853,2021-08-28T04:22:36,2021-08-28T04:50:46,170,49.6,68.0,18.4,20.98417015277778,114.04440300422706,28.16666603088379,90.89,30.22,133.66176470588235,-44.6994191764706,-43.60001,34.09117647058824,36.0,114.04440300422706,116.07057220174502,0,0,85.19913667337504,85.19913667337504,86.71282662075734
3854,2021-08-28T04:50:57,2021-08-28T05:19:17,171,68.0,85.6,17.599999999999994,20.21305863888889,114.846924084596,28.33333396911621,114.37,38.03,133.60981308411215,-42.80410005847954,-41.89999,35.0,36.0,114.846924084596,115.94052234330483,0,0,85.79867598796186,85.79867598796186,86.61567029066381
3855,2021-08-28T05:19:28,2021-08-28T05:40:48,129,85.6,97.6,12.0,14.673890861111117,122.28242384259265,21.33333396911621,130.5,43.39,133.70901639344262,-41.27054813953489,-40.60001,35.0,36.0,122.28242384259265,116.07057220174502,0,0,91.3535137829646,91.3535137829646,86.71282662075734
3856,2021-08-28T12:28:21,2021-08-28T13:14:54,350,48.8,94.8,46.0,53.696461462500004,116.73143796195653,46.54999923706055,126.58,42.1,133.52320675105486,-69.17371828571429,-42.10001,38.30428571428571,40.0,116.73143796195653,116.209402290306,0,0,87.20653951454071,87.20653951454071,86.8165423961755
3860,2021-08-28T18:18:30,2021-08-28T18:36:30,109,76.8,94.0,17.200000000000003,20.449307986111112,118.89132550064598,18.0,125.55,41.75,133.56382978723406,-68.05597137614679,-42.20001,38.72935779816514,41.0,118.89132550064598,116.209402290306,0,0,88.82012640491271,88.82012640491271,86.8165423961755
3863,2021-08-29T00:41:21,2021-08-29T00:58:51,106,47.6,62.4,14.799999999999997,17.306807013888886,116.93788522897898,17.5,83.29,27.7,133.47756410256412,-59.33774084905661,-58.20001,36.485849056603776,39.0,116.93788522897898,116.209402290306,0,0,87.36077004629456,87.36077004629456,86.8165423961755
3864,2021-08-29T00:59:02,2021-08-29T01:17:22,111,62.4,77.6,15.199999999999996,17.474446833333335,114.96346600877196,18.33333396911621,103.64,34.46,133.55670103092785,-57.19009783783783,-56.10001,37.5,39.0,114.96346600877196,116.07057220174502,0,0,85.88574094743802,85.88574094743802,86.71282662075734
3865,2021-08-29T01:17:33,2021-08-29T01:35:03,106,77.6,91.6,14.0,16.132640694444444,115.2331478174603,17.5,122.3,40.67,133.51528384279476,-55.31132688679246,-54.20001,37.735849056603776,39.0,115.2331478174603,116.07057220174502,0,0,86.08721209965151,86.08721209965151,86.71282662075734
3868,2021-08-29T13:08:30,2021-08-29T13:29:00,124,20.4,38.0,17.6,20.296385611111106,115.320372790404,20.5,50.71,16.86,133.44736842105263,-59.40402266129032,-59.39999,35.810483870967744,37.0,115.320372790404,116.07057220174502,0,0,86.1523752483497,86.1523752483497,86.71282662075734
3869,2021-08-29T13:29:11,2021-08-29T13:47:51,113,38.0,54.0,16.0,18.4805525,115.50345312500001,18.66666603088379,72.0,23.94,133.33333333333331,-59.40176008849558,-59.39999,37.402654867256636,39.0,115.50345312500001,115.94052234330483,0,0,86.28914904906726,86.28914904906726,86.61567029066381
3870,2021-08-29T13:48:02,2021-08-29T14:08:22,123,54.0,71.2,17.200000000000003,20.131802347222216,117.04536248385007,20.33333396911621,94.96,31.57,133.3707865168539,-59.40568162601626,-59.39999,39.1910569105691,41.0,117.04536248385007,116.07057220174502,0,0,87.44106306450345,87.44106306450345,86.71282662075734
3871,2021-08-29T14:08:33,2021-08-29T14:29:53,129,71.6,89.2,17.60000000000001,21.136942583333333,120.09626467803025,21.33333396911621,119.17,39.63,133.59865470852017,-59.44728155038759,-59.39999,40.0,41.0,120.09626467803025,116.209402290306,0,0,89.72030015261748,89.72030015261748,86.8165423961755
3874,2021-08-29T20:55:12,2021-08-29T21:11:52,101,52.4,69.2,16.800000000000004,19.44638986111112,115.75232060185186,16.66666603088379,92.28,30.68,133.35260115606934,-70.00693415841585,-69.70001,38.76237623762376,41.0,115.75232060185186,116.07057220174502,0,0,86.47507044122075,86.47507044122075,86.71282662075734
3875,2021-08-29T21:12:03,2021-08-29T21:29:33,106,69.2,86.8,17.599999999999994,20.408195319444445,115.95565522411621,17.5,115.83,38.52,133.4447004608295,-69.97170113207548,-69.70001,39.7688679245283,41.0,115.95565522411621,115.97251370536296,0,0,86.62697560987762,86.62697560987762,86.63957007317445
3878,2021-08-30T03:20:02,2021-08-30T03:37:22,105,37.6,54.8,17.199999999999996,20.180279055555555,117.32720381136954,17.33333396911621,73.22,24.35,133.6131386861314,-69.85524238095239,-69.60001,35.9,38.0,117.32720381136954,115.97251370536296,0,0,87.65161822679973,87.65161822679973,86.63957007317445
3879,2021-08-30T03:37:33,2021-08-30T03:54:03,100,55.2,71.6,16.39999999999999,19.214168083333337,117.15956148373992,16.5,95.53,31.77,133.4217877094972,-69.870005,-69.60001,37.685,39.0,117.15956148373992,115.97251370536296,0,0,87.52637769585118,87.52637769585118,86.63957007317445
3883,2021-08-30T10:48:17,2021-08-30T11:14:27,158,35.2,58.4,23.199999999999996,26.565415208333338,114.50610003591959,26.16666603088379,77.97,25.92,133.51027397260273,-60.91392075949367,-60.70001,35.96518987341772,38.0,114.50610003591959,115.97251370536296,0,0,85.54405661217646,85.54405661217646,86.63957007317445
3884,2021-08-30T11:14:38,2021-08-30T11:40:18,155,58.8,81.2,22.400000000000006,26.07999855555556,116.42856498015871,25.66666603088379,108.49,36.07,133.60837438423644,-60.96644825806452,-60.89999,38.05806451612903,40.0,116.42856498015871,116.07057220174502,0,0,86.9802722371373,86.9802722371373,86.71282662075734
3886,2021-08-30T11:44:39,2021-08-30T12:04:49,122,81.6,97.6,16.0,18.89111208333333,118.0694505208333,20.16666603088379,130.32,43.34,133.52459016393442,-56.17049467213115,-43.0,38.97950819672131,40.0,118.0694505208333,116.27045705619905,0,0,88.20612837529532,88.20612837529532,86.8621545718444
3887,2021-08-30T18:29:08,2021-08-30T19:03:58,262,62.8,90.8,28.0,32.74426753472222,116.94381262400792,34.83333206176758,121.27,40.33,133.55726872246697,-56.40191461832062,-54.39999,37.86068702290076,39.0,116.94381262400792,116.40274964607929,0,0,87.3651982244943,87.3651982244943,86.96098637901045
3888,2021-08-31T18:12:21,2021-08-31T19:38:50,649,10.4,98.0,87.6,102.50041179722224,117.00960250824458,86.48332977294922,130.79,43.5,133.45918367346937,-71.08937451463791,-42.0,37.22419106317411,41.0,117.00960250824458,116.40274964607929,0,0,87.41434786438148,87.41434786438148,86.96098637901045
3889,2021-09-01T07:15:30,2021-09-01T07:33:50,111,75.6,86.4,10.800000000000011,12.741112347222224,117.97326247427974,18.33333396911621,115.21,38.32,133.3449074074074,-41.70090504504503,-41.20001,32.0,33.0,117.97326247427974,116.42246118839978,0,0,88.13426918441193,88.13426918441193,86.9757122782564
3890,2021-09-01T07:34:01,2021-09-01T07:53:41,119,86.4,98.0,11.599999999999994,13.329584888888887,114.91021455938701,19.66666603088379,130.67,43.46,133.33673469387753,-40.6663913445378,-40.10001,32.0,33.0,114.91021455938701,116.40274964607929,0,0,85.84595839437371,85.84595839437371,86.96098637901045
3899,2021-09-02T10:21:51,2021-09-02T10:39:01,104,29.2,46.4,17.2,20.051390138888888,116.57784964470284,17.16666603088379,61.85,20.57,133.29741379310346,-70.08173509615385,-69.80002,33.85096153846154,36.0,116.57784964470284,116.42246118839978,0,0,87.09179831121621,87.09179831121621,86.9757122782564
3902,2021-09-02T10:58:23,2021-09-02T11:18:23,121,64.4,84.4,20.0,23.331529416666672,116.65764708333336,20.0,112.59,37.44,133.40047393364927,-69.99504619834711,-69.70001,37.756198347107436,39.0,116.65764708333336,116.42246118839978,0,0,87.15141257286318,87.15141257286318,86.9757122782564
3908,2021-09-02T21:52:09,2021-09-02T22:12:49,125,55.6,72.8,17.199999999999996,20.042085708333342,116.52375411821714,20.66666603088379,97.00999,32.26,133.2554807692308,-58.18320695999999,-57.10001,37.992,40.0,116.52375411821714,116.47615954918793,0,0,87.05138517358681,87.05138517358681,87.01582870536205
3909,2021-09-02T22:13:00,2021-09-02T22:32:20,117,73.2,88.4,15.200000000000003,18.10930786111111,119.14018329678359,19.33333396911621,117.84,39.18,133.30316742081448,-56.20086188034187,-55.20001,38.99145299145299,40.0,119.14018329678359,116.55080188145999,0,0,89.00604056489632,89.00604056489632,87.07159174240151
3912,2021-09-03T11:35:18,2021-09-03T11:55:39,124,61.6,78.8,17.199999999999996,20.370863197222224,118.43525114664087,20.350000381469727,105.17,34.97,133.46446700507616,-60.06210298387097,-60.0,36.375,37.0,118.43525114664087,116.55080188145999,0,0,88.47940699916808,88.47940699916808,87.07159174240151
3914,2021-09-03T18:30:35,2021-09-03T18:44:52,108,30.0,44.4,14.399999999999999,16.673695425000002,115.78955156250002,14.283333778381348,59.1,19.65,133.1081081081081,-70.04074481481481,-69.89999,39.532407407407405,41.0,115.78955156250002,116.47615954918793,0,0,86.50288456993889,86.50288456993889,87.01582870536205
3915,2021-09-03T18:45:03,2021-09-03T19:16:49,239,44.4,76.8,32.4,37.084668933333326,114.45885473251026,31.766666412353516,102.35,34.03,133.26822916666666,-70.04435573221758,-69.89999,42.29707112970711,44.0,114.45885473251026,116.47615954918793,0,0,85.50876106977096,85.50876106977096,87.01582870536205
3917,2021-09-04T01:13:26,2021-09-04T01:33:16,120,28.0,48.0,20.0,23.133333,115.666665,19.83333396911621,63.89,21.25,133.10416666666669,-69.98333233333332,-69.80002,39.25,42.0,115.666665,116.42246118839978,0,0,86.41107972237111,86.41107972237111,86.9757122782564
3920,2021-09-04T02:14:09,2021-09-04T02:31:49,107,66.4,84.4,18.0,20.511527986111105,113.95293325617281,17.66666603088379,112.5,37.41,133.29383886255923,-69.3383185046729,0.0,42.43457943925234,44.0,113.95293325617281,116.40274964607929,0,0,85.13080238111114,85.13080238111114,86.96098637901045
3923,2021-09-04T17:19:27,2021-09-04T17:38:07,113,34.0,46.0,12.0,14.138612555555556,117.8217712962963,18.66666603088379,61.32,20.39,133.30434782608694,-45.44336752212389,-45.10001,39.19911504424779,41.0,117.8217712962963,116.40274964607929,0,0,88.02109469063743,88.02109469063743,86.96098637901045
3924,2021-09-04T17:38:18,2021-09-04T17:56:08,108,46.4,58.0,11.600000000000001,13.315834694444446,114.79167840038313,17.83333396911621,77.29,25.7,133.2586206896552,-44.80093046296297,-44.30002,40.51851851851852,42.0,114.79167840038313,116.18925704106371,0,0,85.75740360215532,85.75740360215532,86.80149248755833
3925,2021-09-04T17:56:19,2021-09-04T18:14:49,112,58.0,69.6,11.599999999999994,13.474585083333334,116.16021623563226,18.5,92.74,30.84,133.2471264367816,-43.70179133928571,-43.0,41.767857142857146,43.0,116.16021623563226,116.27467906557501,0,0,86.7797969769863,86.7797969769863,86.86530870781584
3928,2021-09-05T07:25:00,2021-09-05T07:42:40,107,61.6,72.4,10.800000000000004,12.84764177777778,118.95964609053495,17.66666603088379,96.52,32.1,133.3149171270718,-43.633654672897215,-43.0,34.43457943925234,35.0,118.95964609053495,116.28828681613655,0,0,88.87116665872807,88.87116665872807,86.8754746481809
3929,2021-09-05T07:42:51,2021-09-05T08:01:51,115,72.4,84.0,11.599999999999994,13.460834750000002,116.04167887931042,19.0,112.03,37.25,133.36904761904762,-42.50783052173913,-42.0,34.76521739130435,36.0,116.04167887931042,116.10094755747134,0,0,86.69124129028776,86.69124129028776,86.73551913363704
3930,2021-09-05T08:02:02,2021-09-05T08:19:32,106,84.0,94.4,10.400000000000006,12.093890750000002,116.28741105769227,17.5,125.89,41.86,133.3580508474576,-41.46510066037737,-41.0,35.2688679245283,36.0,116.28741105769227,116.22381364666226,0,0,86.8748203954388,86.8748203954388,86.82730868621255
3932,2021-09-05T18:12:16,2021-09-05T18:39:22,204,31.2,54.8,23.599999999999998,27.20622433472222,115.28061158780602,27.100000381469727,72.96,24.26,133.13868613138686,-60.23529882352942,-59.0,37.127450980392155,39.0,115.28061158780602,116.22381364666226,0,0,86.12267085212153,86.12267085212153,86.82730868621255
3933,2021-09-05T18:41:12,2021-09-05T19:17:55,276,54.0,84.4,30.400000000000006,34.992753497222225,115.10774176717835,36.71666717529297,112.54,37.42,133.34123222748815,-57.18333902173913,-55.10001,39.539855072463766,41.0,115.10774176717835,116.22381364666226,0,0,85.99352501868846,85.99352501868846,86.82730868621255
3934,2021-09-06T01:36:03,2021-09-06T02:00:43,149,32.0,53.2,21.200000000000003,24.793335722222224,116.94969680293501,24.66666603088379,70.82,23.55,133.12030075187968,-60.308730671140935,-59.30002,36.01006711409396,38.0,116.94969680293501,116.22381364666226,0,0,87.36959411724673,87.36959411724673,86.82730868621255
3938,2021-09-06T03:02:21,2021-09-06T03:27:11,150,63.2,83.2,20.0,23.49541902777778,117.47709513888888,24.83333396911621,110.99,36.91,133.4014423076923,-56.76733900000001,-55.39999,37.916666666666664,39.0,117.47709513888888,116.35188422716655,0,0,87.76359752050519,87.76359752050519,86.92298635740715
3940,2021-09-06T11:52:37,2021-09-06T12:10:07,106,58.8,80.4,21.60000000000001,24.858751555555557,115.08681275720161,17.5,107.11,35.62,133.22139303482587,-85.23019396226417,-83.10001,38.35849056603774,40.0,115.08681275720161,116.35188422716655,0,0,85.97788958604579,85.97788958604579,86.92298635740715
3972,2021-09-06T20:21:23,2021-09-06T20:39:13,108,53.2,68.4,15.200000000000003,17.401390555555555,114.48283260233916,17.83333396911621,91.04,30.28,133.09941520467837,-58.545376018518525,-57.30002,37.73148148148148,40.0,114.48283260233916,116.22381364666226,0,0,85.52667421372956,85.52667421372956,86.82730868621255
3973,2021-09-06T20:39:24,2021-09-06T20:57:54,112,68.4,83.2,14.799999999999997,17.427779847222222,117.75526923798802,18.5,110.81,36.85,133.18509615384613,-56.52232821428572,-55.5,38.66517857142857,40.0,117.75526923798802,116.35188422716655,0,0,87.97141300696323,87.97141300696323,86.92298635740715
3975,2021-09-07T04:17:23,2021-09-07T04:39:33,134,36.0,58.4,22.4,25.873751569444448,115.50781950644844,22.16666603088379,77.78,25.86,133.18493150684932,-70.03433261194029,-69.80002,34.757462686567166,37.0,115.50781950644844,116.35188422716655,0,0,86.2924110410633,86.2924110410633,86.92298635740715
3976,2021-09-07T04:39:44,2021-09-07T05:03:04,141,58.8,82.0,23.200000000000003,27.20250286111111,117.25216750478926,23.33333396911621,109.31,36.35,133.3048780487805,-69.94823425531915,-69.70001,37.198581560283685,39.0,117.25216750478926,116.42246118839978,0,0,87.5955608634273,87.5955608634273,86.9757122782564
3977,2021-09-07T05:03:15,2021-09-07T05:21:45,112,82.4,97.6,15.199999999999989,18.44833588888889,121.37063084795332,18.5,130.11,43.27,133.3094262295082,-59.79911544642857,-42.10001,38.04017857142857,40.0,121.37063084795332,116.42246118839978,0,0,90.67234071421503,90.67234071421503,86.9757122782564
3979,2021-09-07T15:28:20,2021-09-07T15:48:58,126,25.6,46.0,20.4,24.031639025,117.80215208333334,20.633333206176758,61.28,20.38,133.2173913043478,-69.88254007936509,-69.60001,39.57142857142857,42.0,117.80215208333334,116.47615954918793,0,0,88.00643776787204,88.00643776787204,87.01582870536205
3982,2021-09-07T16:16:09,2021-09-07T16:32:49,101,73.6,88.8,15.200000000000003,17.741945333333337,116.72332456140352,16.66666603088379,118.25,39.32,133.1644144144144,-63.87129019801981,-63.60001,44.0,45.0,116.72332456140352,116.55080188145999,0,0,87.2004782374908,87.2004782374908,87.07159174240151
3985,2021-09-08T00:21:32,2021-09-08T00:42:42,128,18.8,40.4,21.599999999999998,24.689582847222223,114.30362429269549,21.16666603088379,53.83,17.9,133.24257425742576,-69.98593609374998,-69.89999,40.71875,43.0,114.30362429269549,116.55080188145999,0,0,85.39279308616761,85.39279308616761,87.07159174240151
3986,2021-09-08T00:42:53,2021-09-08T01:07:03,146,40.4,63.6,23.200000000000003,27.301525986111105,117.6789913194444,24.16666603088379,84.74,28.17,133.2389937106918,-67.77739280821916,-63.89999,42.647260273972606,45.0,117.6789913194444,116.6177483640181,0,0,87.91442807270988,87.91442807270988,87.1216054420397
3987,2021-09-08T01:07:14,2021-09-08T01:30:14,139,64.0,84.4,20.400000000000006,24.490553055555555,120.05173066448798,23.0,112.47,37.4,133.25829383886256,-63.88848266187051,-63.80002,44.33812949640288,46.0,120.05173066448798,116.6177483640181,0,0,89.68703013316495,89.68703013316495,87.1216054420397
3988,2021-09-08T01:30:25,2021-09-08T01:49:15,114,84.8,97.6,12.799999999999997,15.629306944444448,122.10396050347227,18.83333396911621,130.1,43.26,133.29918032786884,-49.821057017543865,-42.20001,44.5,46.0,122.10396050347227,116.6177483640181,0,0,91.22018920043035,91.22018920043035,87.1216054420397
3990,2021-09-08T06:45:50,2021-09-08T07:10:10,147,57.6,78.8,21.199999999999996,24.384031055555557,115.01901441299793,24.33333396911621,105.06,34.93,133.3248730964467,-60.12449782312924,-59.89999,37.75170068027211,40.0,115.01901441299793,116.55080188145999,0,0,85.92723948624365,85.92723948624365,87.07159174240151
3991,2021-09-08T07:10:21,2021-09-08T07:33:51,142,78.8,97.6,18.799999999999997,22.172641791666667,117.93958399822696,23.5,130.08,43.26,133.27868852459017,-56.57395105633802,-42.39999,38.29225352112676,40.0,117.93958399822696,116.55080188145999,0,0,88.10910900987831,88.10910900987831,87.07159174240151
3992,2021-09-08T20:13:37,2021-09-08T21:24:59,538,13.2,84.8,71.6,82.8630061625,115.73045553421788,71.36666870117188,113.01,37.58,133.26650943396228,-69.65186388475837,-63.70001,41.11431226765799,45.0,115.73045553421788,116.55080188145999,0,0,86.45873570811112,86.45873570811112,87.07159174240151
3994,2021-09-09T02:34:41,2021-09-09T02:52:01,105,26.4,43.6,17.200000000000003,20.21972197222222,117.55652309431521,17.33333396911621,58.1,19.32,133.25688073394497,-69.99142771428572,-69.89999,38.13333333333333,40.0,117.55652309431521,116.6177483640181,0,0,87.82293575238495,87.82293575238495,87.1216054420397
3995,2021-09-09T02:52:12,2021-09-09T03:10:22,110,44.0,62.4,18.4,21.191110777777773,115.16908031400963,18.16666603088379,83.07,27.63,133.125,-69.98908981818182,-69.89999,40.236363636363635,43.0,115.16908031400963,116.6177483640181,0,0,86.03934919854436,86.03934919854436,87.1216054420397
3996,2021-09-09T03:10:33,2021-09-09T03:28:33,109,62.4,80.8,18.4,21.001389027777776,114.13798384661835,18.0,107.71,35.82,133.30445544554456,-70.00458761467891,-69.89999,41.76146788990825,44.0,114.13798384661835,116.6177483640181,0,0,85.26904810059878,85.26904810059878,87.1216054420397
3997,2021-09-09T03:28:44,2021-09-09T03:48:24,119,80.8,97.6,16.799999999999997,20.14375225000001,119.90328720238102,19.66666603088379,130.0,43.23,133.19672131147541,-61.410931260504185,-42.20001,42.5,44.0,119.90328720238102,116.6177483640181,0,0,89.57613249607661,89.57613249607661,87.1216054420397
3999,2021-09-09T13:19:02,2021-09-09T13:37:12,110,39.2,57.6,18.4,21.089308583333338,114.61580751811597,18.16666603088379,76.66,25.5,133.09027777777774,-69.65273727272726,-69.60001,38.00909090909091,40.0,114.61580751811597,116.55080188145999,0,0,85.62601576601057,85.62601576601057,87.07159174240151
4001,2021-09-09T16:34:10,2021-09-09T17:04:44,230,46.4,76.8,30.4,35.581141702777785,117.04322928545324,30.566667556762695,102.27,34.0,133.1640625,-69.84304900000001,-69.70001,42.232608695652175,44.0,117.04322928545324,116.6177483640181,0,0,87.43946941626666,87.43946941626666,87.1216054420397
4002,2021-09-09T22:25:31,2021-09-09T22:48:03,137,26.0,48.8,22.799999999999997,26.300140013888885,115.35149128898635,22.53333282470703,64.92,21.59,133.0327868852459,-70.02993000000001,-70.0,38.98540145985402,41.0,115.35149128898635,116.6177483640181,0,0,86.17562294086198,86.17562294086198,87.1216054420397
4003,2021-09-09T22:48:14,2021-09-09T23:09:44,130,48.8,70.8,22.0,25.088889444444447,114.04040656565658,21.5,94.17,31.32,133.0084745762712,-70.01538615384614,-70.0,41.41538461538462,44.0,114.04040656565658,116.55080188145999,0,0,85.19615105455462,85.19615105455462,87.07159174240151
4011,2021-09-10T17:16:22,2021-09-10T18:14:42,438,42.0,97.6,55.599999999999994,64.98315794027778,116.87618334582335,58.33333206176758,129.94,43.21,133.13524590163934,-66.81941171232877,-42.20001,39.49315068493151,42.0,116.87618334582335,116.55080188145999,0,0,87.31467442882014,87.31467442882014,87.07159174240151
4012,2021-09-11T19:54:33,2021-09-11T20:15:55,161,33.2,54.8,21.599999999999994,24.870293386111115,115.14024715792186,21.366666793823242,72.98,24.27,133.17518248175185,-69.83851409937887,-69.60001,36.25776397515528,38.0,115.14024715792186,116.55080188145999,0,0,86.01780881653933,86.01780881653933,87.07159174240151
4013,2021-09-11T20:16:11,2021-09-11T20:40:20,182,55.2,79.2,24.0,28.10083599444445,117.08681664351855,24.149999618530273,105.41,35.05,133.09343434343432,-69.81539126373626,-69.60001,38.532967032967036,40.0,117.08681664351855,116.6177483640181,0,0,87.4720322179405,87.4720322179405,87.1216054420397
4015,2021-09-12T03:36:20,2021-09-12T03:53:00,101,32.0,48.8,16.799999999999997,19.41097309722222,115.54150653108466,16.66666603088379,64.83,21.56,132.8483606557377,-69.8782210891089,-69.70001,39.0990099009901,41.0,115.54150653108466,116.55080188145999,0,0,86.31757760198602,86.31757760198602,87.07159174240151
4016,2021-09-12T03:53:11,2021-09-12T04:10:51,107,48.8,66.8,18.0,20.573473013888893,114.29707229938275,17.66666603088379,88.89,29.56,133.0688622754491,-69.87289981308412,-69.70001,41.35514018691589,43.0,114.29707229938275,116.40558258795471,0,0,85.38789828941276,85.38789828941276,86.96310278451281
4017,2021-09-12T04:11:02,2021-09-12T04:29:22,111,66.8,85.2,18.400000000000006,21.348750708333334,116.02581906702896,18.33333396911621,113.45,37.73,133.15727699530518,-69.86847081081082,-69.70001,42.765765765765764,44.0,116.02581906702896,116.22381364666226,0,0,86.67939290247926,86.67939290247926,86.82730868621255
4020,2021-09-12T11:38:24,2021-09-12T11:57:14,114,83.6,97.6,14.0,16.449863569444446,117.49902549603175,18.83333396911621,129.96,43.21,133.15573770491804,-52.375446403508775,-42.20001,39.31578947368421,40.0,117.49902549603175,116.22381364666226,0,0,87.77998102943934,87.77998102943934,86.82730868621255
4022,2021-09-12T20:35:33,2021-09-12T21:02:43,164,14.4,38.0,23.6,27.202364680555554,115.26425712099811,27.16666603088379,50.42,16.77,132.68421052631578,-60.07866640243903,-60.0,40.74390243902439,42.0,115.26425712099811,116.22381364666226,0,0,86.1104529228231,86.1104529228231,86.82730868621255
4023,2021-09-12T21:02:54,2021-09-12T21:31:54,175,38.0,63.2,25.200000000000003,29.03750375,115.22818948412699,29.0,84.02,27.94,132.94303797468353,-60.07772205714286,-60.0,42.89142857142857,45.0,115.22818948412699,116.10094755747134,0,0,86.08350787824118,86.08350787824118,86.73551913363704
4024,2021-09-12T21:32:05,2021-09-12T22:00:55,174,63.2,88.0,24.799999999999997,28.885698944444442,116.47459251792115,28.83333396911621,117.17,38.96,133.14772727272728,-60.109204770114935,-60.0,44.85919540229885,46.0,116.47459251792115,116.10094755747134,0,0,87.01465802352627,87.01465802352627,86.73551913363704
4026,2021-09-13T11:27:08,2021-09-13T12:47:08,601,20.4,97.6,77.19999999999999,90.08300971777778,116.68783642199196,80.0,129.79,43.16,132.98155737704917,-67.54310212312814,-42.0,40.722129783693845,44.0,116.68783642199196,116.10094755747134,0,0,87.17396611799732,87.17396611799732,86.73551913363704
4027,2021-09-13T18:18:33,2021-09-13T19:25:29,504,38.8,97.6,58.8,69.01573681527778,117.37370206679894,66.93333435058594,129.75,43.14,132.9405737704918,-61.87142921428572,-42.200012,43.86507936507937,46.0,117.37370206679894,116.10094755747134,0,0,87.68635567217227,87.68635567217227,86.73551913363704
4028,2021-09-14T20:22:16,2021-09-14T21:37:50,567,14.0,90.0,76.0,87.9486198361111,115.72186820540935,75.56666564941406,119.61,39.78,132.9,-69.8312238447972,-69.60001,36.84391534391534,41.0,115.72186820540935,116.0337489731697,0,0,86.45232037354369,86.45232037354369,86.68531709638351
4031,2021-09-15T11:10:42,2021-09-15T11:27:32,102,47.6,62.8,15.199999999999996,16.92027968055556,111.31762947733922,16.83333396911621,83.36,27.72,132.7388535031847,-60.308830196078425,-60.0,35.81372549019608,37.0,111.31762947733922,116.0337489731697,0,0,83.16204634474184,83.16204634474184,86.68531709638351
4040,2021-09-15T23:07:55,2021-09-15T23:25:15,105,40.4,58.0,17.6,20.16903218055556,114.59677375315658,17.33333396911621,77.18999,25.67,133.0861896551724,-69.81620561904762,-69.80002,39.28095238095238,41.0,114.59677375315658,116.0337489731697,0,0,85.61179621380577,85.61179621380577,86.68531709638351
4041,2021-09-15T23:25:26,2021-09-15T23:42:56,106,58.0,75.6,17.599999999999994,20.36375409722223,115.70314827967181,17.5,100.49,33.42,132.92328042328043,-69.81888188679247,-69.70001,41.283018867924525,43.0,115.70314827967181,116.0337489731697,0,0,86.43833528116375,86.43833528116375,86.68531709638351
4042,2021-09-15T23:43:07,2021-09-16T00:00:37,106,76.0,93.2,17.200000000000003,20.37680584722223,118.46980143733852,17.5,123.97,41.22,133.01502145922746,-69.86320858490566,-69.80002,42.320754716981135,43.0,118.46980143733852,116.10094755747134,0,0,88.50521848015013,88.50521848015013,86.73551913363704
4045,2021-09-16T13:34:59,2021-09-16T13:55:39,125,24.0,44.8,20.799999999999997,24.131946527777774,116.01897369123932,20.66666603088379,59.46,19.77,132.7232142857143,-70.06000600000002,-70.0,37.584,40.0,116.01897369123932,116.0337489731697,0,0,86.67427892851721,86.67427892851721,86.68531709638351
4046,2021-09-16T13:55:50,2021-09-16T14:15:20,118,44.8,64.8,20.0,22.76291795833334,113.81458979166669,19.5,86.14,28.64,132.9320987654321,-70.03983449152543,-70.0,40.04237288135593,42.0,113.81458979166669,116.0337489731697,0,0,85.0274501478596,85.0274501478596,86.68531709638351
4047,2021-09-16T14:15:31,2021-09-16T14:34:51,117,64.8,84.4,19.60000000000001,22.565556555555563,115.13039058956915,19.33333396911621,112.2,37.31,132.9383886255924,-70.03077230769232,-70.0,41.91025641025641,43.0,115.13039058956915,116.02239637913414,0,0,86.01044527135787,86.01044527135787,86.67683591549823
4050,2021-09-17T09:03:19,2021-09-17T09:21:49,112,19.6,38.4,18.799999999999997,21.634308652777786,115.07610985520101,18.5,51.04,16.97,132.91666666666666,-70.16608151785715,-70.10001,34.1875,36.0,115.07610985520101,115.87471461272861,0,0,85.96989377050087,85.96989377050087,86.56650731831417
4051,2021-09-17T09:22:00,2021-09-17T09:40:50,114,38.4,57.6,19.200000000000003,22.040004027777783,114.79168764467593,18.83333396911621,76.49,25.43,132.79513888888886,-70.21580228070177,-70.10001,36.24561403508772,38.0,114.79168764467593,115.72616186981361,0,0,85.75741050828789,85.75741050828789,86.4555280408274
4052,2021-09-17T09:41:01,2021-09-17T09:59:41,113,57.6,76.0,18.4,21.85556022222222,118.7802185990338,18.66666603088379,100.98,33.58,132.8684210526316,-70.2504575221239,-70.20001,38.45575221238938,40.0,118.7802185990338,115.72616186981361,0,0,88.7371217870056,88.7371217870056,86.4555280408274
4053,2021-09-17T09:59:52,2021-09-17T10:19:12,117,76.0,94.8,18.799999999999997,22.381393194444456,119.04996380023648,19.33333396911621,126.08,41.92,132.99578059071732,-69.34787658119659,-42.60001,39.717948717948715,41.0,119.04996380023648,115.87471461272861,0,0,88.93864029785618,88.93864029785618,86.56650731831417
4056,2021-09-17T19:52:53,2021-09-17T21:00:19,506,32.8,97.6,64.8,75.80261700000001,116.97934722222223,67.43333435058594,129.65,43.11,132.83811475409837,-67.42747559288539,-41.89999,39.74901185770751,43.0,116.97934722222223,116.02239637913414,0,0,87.39174505195925,87.39174505195925,86.67683591549823
4058,2021-09-18T15:38:59,2021-09-18T15:57:59,115,16.0,35.2,19.200000000000003,22.480277472222223,117.08477850115739,19.0,46.61,15.5,132.41477272727272,-70.99043382608696,-70.89999,39.6,41.0,117.08477850115739,116.02239637913414,0,0,87.47050958320338,87.47050958320338,86.67683591549823
4059,2021-09-18T15:58:10,2021-09-18T16:16:20,110,35.2,54.0,18.799999999999997,21.48541548611111,114.28412492612293,18.16666603088379,71.68,23.84,132.74074074074073,-70.96090518181818,-70.89999,41.222727272727276,43.0,114.28412492612293,115.87471461272861,0,0,85.37822569702887,85.37822569702887,86.56650731831417
4060,2021-09-18T16:16:31,2021-09-18T16:33:41,104,54.0,70.8,16.799999999999997,19.75458262499999,117.58680133928567,17.16666603088379,94.02,31.26,132.79661016949152,-69.0336514423077,-64.80002,43.38461538461539,45.0,117.58680133928567,116.02239637913414,0,0,87.84555571674544,87.84555571674544,86.67683591549823
4063,2021-09-19T10:33:50,2021-09-19T10:52:50,115,29.6,48.8,19.199999999999996,22.241115500000006,115.83914322916674,19.0,64.78,21.54,132.74590163934425,-70.23479643478261,-70.10001,34.54347826086956,36.0,115.83914322916674,116.02239637913414,0,0,86.53993300962462,86.53993300962462,86.67683591549823
4064,2021-09-19T10:53:01,2021-09-19T11:11:11,110,48.8,67.6,18.799999999999997,21.276670750000008,113.17378058510644,18.16666603088379,89.82,29.87,132.8698224852071,-70.27183172727273,-70.20001,37.10454545454545,39.0,113.17378058510644,115.92905846020304,0,0,84.54872090089025,84.54872090089025,86.60710596907091
4065,2021-09-19T11:11:22,2021-09-19T11:30:12,114,67.6,86.8,19.200000000000003,22.067919819444448,114.93708239293981,18.83333396911621,115.23,38.32,132.75345622119815,-70.30527315789475,-70.20001,38.719298245614034,40.0,114.93708239293981,115.92905846020304,0,0,85.86603054313929,85.86603054313929,86.60710596907091
4068,2021-09-19T20:22:33,2021-09-19T20:41:43,116,44.8,64.4,19.60000000000001,22.397780972222225,114.27439271541947,19.16666603088379,85.57,28.46,132.8726708074534,-70.1146651724138,-70.10001,40.23275862068966,42.0,114.27439271541947,115.78479938169231,0,0,85.37095505569955,85.37095505569955,86.49933435886787
4069,2021-09-19T20:41:54,2021-09-19T21:01:44,120,64.8,84.4,19.60000000000001,23.16416919444445,118.18453670634919,19.83333396911621,112.24,37.32,132.9857819905213,-70.07667433333333,-70.0,42.041666666666664,43.0,118.18453670634919,115.78479938169231,0,0,88.29210579628828,88.29210579628828,86.49933435886787
4072,2021-09-20T15:16:10,2021-09-20T15:48:30,195,31.6,59.2,27.6,32.272636874999996,116.92984374999997,32.33333206176758,78.65,26.15,132.8547297297297,-59.887175794871794,-59.80002,34.9974358974359,37.0,116.92984374999997,115.78479938169231,0,0,87.35476249968515,87.35476249968515,86.49933435886787
4073,2021-09-20T15:48:41,2021-09-20T16:15:51,164,59.6,82.8,23.199999999999996,27.130414486111107,116.94144175047893,27.16666603088379,109.96,36.57,132.80193236714976,-59.92011713414634,-59.80002,37.72256097560975,39.0,116.94144175047893,115.78479938169231,0,0,87.3634270163288,87.3634270163288,86.49933435886787
4075,2021-09-20T20:58:07,2021-09-20T21:44:02,345,52.0,96.4,44.400000000000006,51.849559030555554,116.77828610485483,45.91666793823242,128.08,42.59,132.86307053941908,-67.7266711884058,-42.30002,37.68260869565217,40.0,116.77828610485483,115.92905846020304,0,0,87.24153835029715,87.24153835029715,86.60710596907091
4076,2021-09-21T20:43:44,2021-09-21T22:04:22,605,19.6,97.6,78.0,90.74952553472222,116.34554555733618,80.63333129882812,129.65,43.11,132.83811475409837,-67.50579378512397,-41.89999,38.518181818181816,42.0,116.34554555733618,115.92905846020304,0,0,86.91825092819731,86.91825092819731,86.60710596907091
4077,2021-09-22T20:23:41,2021-09-22T20:42:11,112,18.8,34.4,15.599999999999998,18.33847668055556,117.55433769586898,18.5,45.63,15.17,132.64534883720933,-59.21162151785716,0.0,36.205357142857146,37.0,117.55433769586898,115.92905846020304,0,0,87.82130310706434,87.82130310706434,86.60710596907091
4078,2021-09-22T20:42:22,2021-09-22T21:10:42,171,34.8,59.2,24.400000000000006,28.19889433333333,115.56923907103823,28.33333396911621,78.53,26.11,132.652027027027,-59.71521619883041,-59.70001,38.25730994152047,40.0,115.56923907103823,115.78479938169231,0,0,86.33829574684505,86.33829574684505,86.49933435886787
4080,2021-09-22T21:24:53,2021-09-22T21:41:53,103,67.2,84.0,16.799999999999997,16.94208887500001,100.8457671130953,17.0,111.64,37.13,132.9047619047619,-59.79516514563106,-59.70001,40.601941747572816,42.0,116.01897369123932,115.92905846020304,1,0,75.3388335496087,86.67427892851721,86.60710596907091
4082,2021-09-23T04:34:56,2021-09-23T05:51:53,580,23.6,97.6,74.0,87.01755626222223,117.59129224624625,76.94999694824219,129.54,43.07,132.72540983606558,-67.83672467586207,-42.100006,39.15689655172414,43.0,117.59129224624625,115.92905846020304,0,0,87.84891073799895,87.84891073799895,86.60710596907091
4084,2021-09-23T11:12:41,2021-09-23T11:30:21,107,74.4,92.0,17.599999999999994,20.53055927777778,116.65090498737379,17.66666603088379,122.09,40.6,132.70652173913044,-69.7261808411215,-69.70001,38.59345794392523,40.0,116.65090498737379,116.01897369123932,0,0,87.14637575614975,87.14637575614975,86.67427892851721
4087,2021-09-23T16:46:11,2021-09-23T17:04:51,113,81.2,97.6,16.39999999999999,19.223334736111113,117.21545570799465,18.66666603088379,129.53,43.07,132.71516393442624,-61.73982761061948,-42.20001,35.256637168141594,37.0,117.21545570799465,116.01897369123932,0,0,87.56813458637876,87.56813458637876,86.67427892851721
4089,2021-09-24T00:48:23,2021-09-24T01:05:13,102,45.6,60.0,14.399999999999999,16.770699402777783,116.46319029706795,16.83333396911621,79.56,26.46,132.60000000000002,-59.77648823529411,-59.70001,33.09313725490196,35.0,116.46319029706795,116.02239637913414,0,0,87.00613976794106,87.00613976794106,86.67683591549823
4090,2021-09-24T01:05:24,2021-09-24T01:22:54,106,60.4,75.2,14.800000000000004,17.43500516666667,117.80408896396395,17.5,99.75999,33.17,132.65956117021275,-59.7773762264151,-59.70001,34.466981132075475,36.0,117.80408896396395,116.18568231218256,0,0,88.00788475302187,88.00788475302187,86.7988219153383
4093,2021-09-24T06:10:50,2021-09-24T07:00:29,373,47.6,97.6,49.99999999999999,58.91969825277778,117.83939650555557,49.650001525878906,129.48,43.06,132.6639344262295,-71.1769482841823,-43.60001,35.792225201072384,38.0,117.83939650555557,116.18568231218256,0,0,88.0342619533265,88.0342619533265,86.7988219153383
4095,2021-09-24T16:58:37,2021-09-24T17:46:24,359,45.6,93.6,47.99999999999999,55.64175294722223,115.92031864004633,47.78333282470703,124.17,41.29,132.6602564102564,-69.8674131476323,-69.5,36.639275766016716,39.0,115.92031864004633,116.18568231218256,0,0,86.6005767128127,86.6005767128127,86.7988219153383
4096,2021-09-25T11:17:39,2021-09-25T11:36:19,113,54.8,66.8,12.0,13.932501458333334,116.10417881944446,18.66666603088379,88.63,29.47,132.6796407185629,-44.781420619469024,-44.20001,34.14601769911504,35.0,116.10417881944446,116.0649989432367,0,0,86.73793311208071,86.73793311208071,86.70866300728
4097,2021-09-25T11:36:30,2021-09-25T11:56:10,119,67.2,79.2,12.0,14.297363944444447,119.14469953703706,19.66666603088379,105.12,34.96,132.72727272727272,-43.61933638655463,-43.0,34.82773109243698,36.0,119.14469953703706,116.22486218839032,0,0,89.0094145118895,89.0094145118895,86.82809202013901
4098,2021-09-25T11:56:21,2021-09-25T12:16:11,120,79.2,91.2,12.0,14.03902979166667,116.99191493055558,19.83333396911621,121.02,40.25,132.69736842105263,-42.47083933333333,-41.89999,35.5,36.0,116.99191493055558,116.40436792720206,0,0,87.40113400811805,87.40113400811805,86.96219534806919
4101,2021-09-25T17:16:33,2021-09-25T17:37:33,127,62.8,84.0,21.200000000000003,24.52527952777778,115.68528079140461,21.0,111.4,37.04,132.61904761904762,-70.07165850393703,-69.89999,38.61417322834646,40.0,115.68528079140461,116.22486218839032,0,0,86.42498701912909,86.42498701912909,86.82809202013901
4102,2021-09-25T17:37:44,2021-09-25T17:54:34,102,84.0,97.6,13.599999999999994,16.225973333333336,119.30862745098045,16.83333396911621,129.51,43.07,132.69467213114754,-57.819611764705876,-42.20001,39.0,40.0,119.30862745098045,116.40436792720206,0,0,89.13188011630963,89.13188011630963,86.96219534806919
4103,2021-09-26T08:35:04,2021-09-26T08:51:44,101,34.4,51.2,16.800000000000004,19.452084097222226,115.78621486441799,16.66666603088379,67.93999,22.59,132.69529296874998,-70.02673534653465,-69.89999,33.37623762376238,35.0,115.78621486441799,116.22486218839032,0,0,86.50039182335563,86.50039182335563,86.82809202013901
4104,2021-09-26T08:51:55,2021-09-26T09:20:05,170,51.6,80.0,28.4,32.88514129166667,115.79275102699533,28.16666603088379,106.13,35.29,132.6625,-70.0511815882353,-70.0,36.13823529411765,38.0,115.79275102699533,116.22486218839032,0,0,86.50527479344514,86.50527479344514,86.82809202013901
4105,2021-09-26T09:20:16,2021-09-26T09:40:56,125,80.0,98.0,18.0,20.89916822222222,116.10649012345678,20.66666603088379,130.01,43.24,132.66326530612244,-60.469604479999994,0.0,37.636,39.0,116.10649012345678,116.22601784039648,0,0,86.7396598176555,86.7396598176555,86.8289553729264
4106,2021-09-27T15:21:37,2021-09-27T15:39:37,109,18.0,33.6,15.600000000000001,18.004308444444444,115.4122336182336,18.0,44.54,14.81,132.5595238095238,-60.01744082568808,-58.10001,36.96788990825688,38.0,115.4122336182336,116.22601784039648,0,0,86.2210017045283,86.2210017045283,86.8289553729264
4107,2021-09-27T15:39:48,2021-09-27T16:10:56,189,33.6,60.8,27.199999999999996,31.44217157777778,115.59621903594774,31.133333206176758,80.63,26.81,132.61513157894737,-60.595247566137566,-60.5,38.9973544973545,41.0,115.59621903594774,116.10533447145062,0,0,86.35845166556807,86.35845166556807,86.7387964648681
4108,2021-09-27T16:11:07,2021-09-27T16:29:37,112,61.2,77.2,16.0,18.68139161111111,116.75869756944444,18.5,102.5,34.09,132.7720207253886,-60.58840169642857,-60.5,41.25,42.0,116.75869756944444,116.22601784039648,0,0,87.22690434580682,87.22690434580682,86.8289553729264
4109,2021-09-27T16:29:48,2021-09-27T16:47:28,107,77.6,92.4,14.800000000000011,17.841113833333335,120.54806644144136,17.66666603088379,122.72,40.81,132.8138528138528,-60.59253261682243,-60.5,41.845794392523366,43.0,120.54806644144136,116.40436792720206,0,0,90.05782763468697,90.05782763468697,86.96219534806919
4112,2021-09-28T03:02:49,2021-09-28T03:26:39,144,38.8,59.6,20.800000000000004,23.890279680555558,114.85711384882477,23.83333396911621,78.97,26.26,132.5,-60.144449236111114,-59.70001,36.14930555555556,38.0,114.85711384882477,116.22601784039648,0,0,85.8062884537412,85.8062884537412,86.8289553729264
4113,2021-09-28T03:26:50,2021-09-28T03:49:00,134,59.6,78.8,19.199999999999996,22.23194509722222,115.79138071469909,22.16666603088379,104.47,34.74,132.5761421319797,-60.176121194029854,-59.80002,37.940298507462686,39.0,115.79138071469909,116.10533447145062,0,0,86.50425107442398,86.50425107442398,86.7387964648681
4114,2021-09-28T03:49:11,2021-09-28T04:10:41,130,78.8,96.4,17.60000000000001,20.80861265277778,118.2307537089646,21.5,127.78,42.5,132.551867219917,-58.01846584615385,-42.20001,38.91153846153846,40.0,118.2307537089646,116.10533447145062,0,0,88.32663312615925,88.32663312615925,86.7387964648681
4117,2021-09-28T15:23:22,2021-09-28T15:42:02,113,22.0,41.2,19.200000000000003,21.850559055555557,113.8049950810185,18.66666603088379,54.5,18.12,132.28155339805824,-70.23363955752214,-70.0,38.508849557522126,40.0,113.8049950810185,116.10533447145062,0,0,85.02028222867793,85.02028222867793,86.7387964648681
4118,2021-09-28T15:42:13,2021-09-28T16:03:33,129,41.2,63.2,22.0,24.970420458333336,113.50191117424244,21.33333396911621,83.77,27.85,132.54746835443038,-70.2294680620155,-70.0,40.689922480620154,43.0,113.50191117424244,116.10533447145062,0,0,84.79385737557963,84.79385737557963,86.7387964648681
4119,2021-09-28T16:03:44,2021-09-28T16:23:14,118,63.2,82.8,19.599999999999994,22.822502916666675,116.4413414115647,19.5,109.74,36.5,132.53623188405797,-70.22289033898306,-70.0,42.63559322033898,44.0,116.4413414115647,116.22601784039648,0,0,86.98981712401364,86.98981712401364,86.8289553729264
4122,2021-09-29T02:03:36,2021-09-29T02:22:56,117,50.4,70.0,19.6,22.585974375000003,115.23456313775512,19.33333396911621,92.82999,30.87,132.61427142857144,-70.09402376068377,-69.89999,36.93162393162393,39.0,115.23456313775512,116.22601784039648,0,0,86.08826944279205,86.08826944279205,86.8289553729264
4123,2021-09-29T02:23:07,2021-09-29T02:40:57,108,70.0,88.0,18.0,20.82750154166667,115.70834189814818,17.83333396911621,116.67,38.8,132.57954545454547,-70.07407925925925,-69.89999,38.08796296296296,40.0,115.70834189814818,116.10533447145062,0,0,86.44221527701397,86.44221527701397,86.7387964648681
4126,2021-09-29T12:07:48,2021-09-29T12:24:58,104,36.0,50.8,14.799999999999997,17.200973805555552,116.2227959834835,17.16666603088379,67.17,22.34,132.2244094488189,-60.12019788461539,-59.39999,35.55288461538461,37.0,116.2227959834835,116.16464305347014,0,0,86.8265484207197,86.8265484207197,86.7831041191876
4127,2021-09-29T12:25:09,2021-09-29T12:44:39,118,51.2,67.6,16.39999999999999,18.97986298611111,115.73087186653122,19.5,89.50999,29.77,132.4112278106509,-58.39915830508473,-57.20001,37.233050847457626,39.0,115.73087186653122,116.16464305347014,0,0,86.45904673743594,86.45904673743594,86.7831041191876
4128,2021-09-29T12:44:50,2021-09-29T13:04:30,119,68.0,83.6,15.599999999999994,18.440001777777784,118.20513960113968,19.66666603088379,110.76,36.83,132.48803827751198,-56.257148319327726,-55.20001,38.142857142857146,39.0,118.20513960113968,116.28417077040984,0,0,88.30749759810304,88.30749759810304,86.8723996744585
4130,2021-09-29T22:30:29,2021-09-29T23:41:37,534,9.6,80.0,70.4,82.25908674722224,116.84529367503158,71.13333129882812,106.07,35.28,132.58749999999998,-69.3790291198502,-63.70001,41.008426966292134,45.0,116.84529367503158,116.39344348445044,0,0,87.29159768665433,87.29159768665433,86.95403402610548
4132,2021-09-30T04:57:39,2021-09-30T05:27:39,181,34.4,60.4,26.0,29.967642347222224,115.26016287393162,30.0,79.98,26.6,132.41721854304637,-59.93426110497237,-58.60001,39.972375690607734,43.0,115.26016287393162,116.39344348445044,0,0,86.10739423422285,86.10739423422285,86.95403402610548
4133,2021-09-30T05:27:50,2021-09-30T05:55:20,166,60.4,82.8,22.4,26.16319697222222,116.79998648313493,27.5,109.78,36.5,132.58454106280195,-57.0837404819277,-55.70001,41.852409638554214,43.0,116.79998648313493,116.39344348445044,0,0,87.25775004895353,87.25775004895353,86.95403402610548
4134,2021-09-30T05:55:31,2021-09-30T06:15:21,120,83.2,97.6,14.399999999999991,17.484446625000004,121.41976822916678,19.83333396911621,129.4,43.03,132.58196721311475,-52.86167333333334,-42.30002,42.2875,44.0,121.41976822916678,116.39344348445044,0,0,90.70904977092886,90.70904977092886,86.95403402610548
4135,2021-09-30T12:28:28,2021-09-30T13:44:50,573,25.2,98.0,72.8,84.49774665694444,116.06833331997863,76.36666870117188,129.88,43.19,132.53061224489795,-66.36999082024434,-42.0,41.58726003490401,45.0,116.06833331997863,116.28417077040984,0,0,86.71115401966001,86.71115401966001,86.8723996744585
4136,2021-10-01T00:31:13,2021-10-01T00:50:13,115,9.6,26.0,16.4,19.15041598611111,116.77082918360435,19.0,34.44,11.45,132.46153846153845,-60.4747804347826,-60.30002,38.22608695652174,40.0,116.77082918360435,116.28417077040984,0,0,87.23596750915067,87.23596750915067,86.8723996744585
4137,2021-10-01T00:50:24,2021-10-01T01:08:24,109,26.4,42.0,15.600000000000001,18.150833416666668,116.35149626068375,18.0,55.63,18.5,132.45238095238096,-60.502752568807345,-60.5,38.37155963302752,40.0,116.35149626068375,116.34852090900996,0,0,86.92269651933951,86.92269651933951,86.92047372376841
4138,2021-10-01T01:08:35,2021-10-01T01:30:25,132,42.0,61.2,19.200000000000003,22.01333313888889,114.65277676504628,21.83333396911621,81.14,26.98,132.58169934640523,-60.494696439393934,-60.39999,39.916666666666664,42.0,114.65277676504628,116.28417077040984,0,0,85.65363437629703,85.65363437629703,86.8723996744585
4139,2021-10-01T01:30:36,2021-10-01T01:51:36,127,61.2,79.2,18.0,21.171666333333334,117.62036851851853,21.0,105.04,34.93,132.62626262626262,-60.49055023622048,-60.39999,41.41732283464567,43.0,117.62036851851853,116.34852090900996,0,0,87.87063274477893,87.87063274477893,86.92047372376841
4140,2021-10-01T01:51:47,2021-10-01T02:10:57,116,79.2,95.2,16.0,19.20527809722222,120.03298810763887,19.16666603088379,126.23,41.98,132.59453781512605,-60.0474148275862,-42.80002,41.5,43.0,120.03298810763887,116.39641883612421,0,0,89.67302813376358,89.67302813376358,86.95625682167658
4143,2021-10-01T11:30:48,2021-10-01T12:02:38,192,62.0,89.2,27.200000000000003,31.88180998611111,117.21253671364379,31.83333396911621,118.3,39.34,132.6233183856502,-60.09115416666666,-60.0,39.3984375,41.0,117.21253671364379,116.45226585431632,0,0,87.56595389366527,87.56595389366527,86.99797844597735
4148,2021-10-02T00:39:24,2021-10-02T01:36:40,430,24.8,82.4,57.60000000000001,66.68484951805556,115.77230819106866,57.266666412353516,109.07,36.27,132.3665048543689,-69.78651402325582,0.0,36.96860465116279,41.0,115.77230819106866,116.45226585431632,0,0,86.49000256678406,86.49000256678406,86.99797844597735
4151,2021-10-02T16:37:53,2021-10-02T16:54:33,101,57.2,72.0,14.799999999999997,16.720558333333333,112.97674549549552,16.66666603088379,95.28,31.68,132.33333333333334,-60.19406940594058,-60.10001,37.103960396039604,38.0,112.97674549549552,116.39641883612421,0,0,84.40152192323774,84.40152192323774,86.95625682167658
4152,2021-10-02T16:54:44,2021-10-02T17:13:14,112,72.0,88.0,16.0,18.56555902777778,116.03474392361113,18.5,116.53,38.75,132.42045454545453,-60.21251125000001,-60.20001,38.044642857142854,39.0,116.03474392361113,116.34852090900996,0,0,86.68606039387475,86.68606039387475,86.92047372376841
4155,2021-10-03T01:44:50,2021-10-03T02:11:12,160,39.6,66.4,26.800000000000004,30.764083575,114.79135662313432,26.366666793823242,87.9,29.23,132.37951807228916,-70.007500625,-69.89999,35.865625,38.0,114.79135662313432,116.28417077040984,0,0,85.75716321206973,85.75716321206973,86.8723996744585
4156,2021-10-03T02:11:23,2021-10-03T02:30:23,115,66.8,85.6,18.799999999999997,22.153887722222223,117.83982830969269,19.0,113.37,37.7,132.44158878504675,-69.95999634782608,-69.80002,37.62173913043478,39.0,117.83982830969269,116.28417077040984,0,0,88.03458454118463,88.03458454118463,86.8723996744585
4159,2021-10-04T09:00:25,2021-10-04T09:17:45,105,19.2,30.8,11.600000000000001,13.345141111111111,115.04431992337163,17.33333396911621,40.61,13.5,131.85064935064935,-46.19524571428573,-45.89999,30.514285714285716,31.0,115.04431992337163,116.16464305347014,0,0,85.94614447044387,85.94614447044387,86.7831041191876
4160,2021-10-04T09:17:56,2021-10-04T09:34:26,100,30.8,41.6,10.8,12.575697666666668,116.4416450617284,16.5,54.92,18.26,132.01923076923077,-45.730011600000005,-45.39999,31.53,33.0,116.4416450617284,116.16464305347014,0,0,86.99004397190023,86.99004397190023,86.7831041191876
4162,2021-10-04T09:50:48,2021-10-04T10:09:38,114,52.4,64.4,12.000000000000007,13.918613930555559,115.98844942129625,18.83333396911621,85.29,28.36,132.43788819875778,-44.34211421052632,-43.60001,34.1359649122807,35.0,115.98844942129625,116.16464305347014,0,0,86.65147516631383,86.65147516631383,86.7831041191876
4163,2021-10-04T10:09:49,2021-10-04T10:28:49,115,64.8,76.4,11.600000000000009,13.639863430555554,117.58502957375468,19.0,101.11,33.62,132.34293193717278,-43.073050782608696,-42.5,35.3,36.0,117.58502957375468,116.28714612208361,0,0,87.84423208411067,87.84423208411067,86.8746224700296
4166,2021-10-04T18:11:06,2021-10-04T19:21:10,526,29.6,97.6,68.0,79.83787131527778,117.4086342871732,70.06666564941406,129.21,42.96,132.38729508196724,-68.34277250950572,-43.0,40.133079847908746,43.0,117.4086342871732,116.28714612208361,0,0,87.71245248130599,87.71245248130599,86.8746224700296
4167,2021-10-05T16:13:07,2021-10-05T17:17:07,481,11.2,66.0,54.8,63.85018754027777,116.51494076693025,64.0,87.33,29.04,132.3181818181818,-59.859881787941795,-57.20001,39.62266112266112,43.0,116.51494076693025,116.28714612208361,0,0,87.04480098443712,87.04480098443712,86.8746224700296
4168,2021-10-05T22:12:58,2021-10-05T22:32:18,117,21.2,38.0,16.8,19.63680379166667,116.88573685515874,19.33333396911621,50.31,16.73,132.39473684210526,-60.94272965811965,-60.80002,38.02136752136752,40.0,116.88573685515874,116.28714612208361,0,0,87.32181156774264,87.32181156774264,86.8746224700296
4169,2021-10-05T22:32:29,2021-10-05T23:03:19,186,38.0,65.2,27.200000000000003,31.319302763888892,115.14449545547386,30.83333396911621,86.23,28.67,132.25460122699386,-60.94569349462366,-60.89999,40.123655913978496,43.0,115.14449545547386,116.16464305347014,0,0,86.02098259161488,86.02098259161488,86.7831041191876
4170,2021-10-05T23:03:30,2021-10-05T23:37:20,204,65.2,94.4,29.200000000000003,34.383193041666665,117.75066110159815,33.83333206176758,124.98,41.56,132.39406779661016,-60.9749975,-60.89999,42.09068627450981,44.0,117.75066110159815,116.16464305347014,0,0,87.9679704071359,87.9679704071359,86.7831041191876
4172,2021-10-06T19:02:24,2021-10-06T20:13:04,531,30.0,97.6,67.6,79.56299803555555,117.69674265614728,70.66666412353516,129.26,42.98,132.43852459016392,-67.53220172504709,-42.399994,41.164783427495294,44.0,117.69674265614728,116.16464305347014,0,0,87.92768956141114,87.92768956141114,86.7831041191876
4174,2021-10-07T17:17:40,2021-10-07T17:38:00,123,29.2,46.8,17.599999999999998,20.212225611111116,114.84219097222226,20.33333396911621,61.82,20.55,132.0940170940171,-59.64228642276423,-59.60001,37.077235772357724,39.0,114.84219097222226,116.16464305347014,0,0,85.79514002234322,85.79514002234322,86.7831041191876
4175,2021-10-07T17:38:11,2021-10-07T17:58:41,124,46.8,64.4,17.60000000000001,20.375836750000005,115.77179971590907,20.5,85.14,28.31,132.20496894409936,-59.63710677419355,-59.60001,38.74193548387097,40.0,115.77179971590907,116.16464305347014,0,0,86.4896227003156,86.4896227003156,86.7831041191876
4176,2021-10-07T17:58:52,2021-10-07T18:19:22,124,64.8,82.0,17.200000000000003,20.37375341666667,118.45205474806201,20.5,108.49,36.07,132.3048780487805,-59.63065516129031,-59.60001,39.96370967741935,41.0,118.45205474806201,116.16464305347014,0,0,88.49196046340106,88.49196046340106,86.7831041191876
4177,2021-10-07T18:19:33,2021-10-07T18:39:23,120,82.4,97.6,15.199999999999989,18.434725527777783,121.28108899853814,19.83333396911621,129.17,42.96,132.34631147540983,-55.728343333333335,-42.10001,40.354166666666664,41.0,121.28108899853814,116.16464305347014,0,0,90.60544669692574,90.60544669692574,86.7831041191876
4178,2021-10-08T11:51:55,2021-10-08T12:30:57,295,44.8,84.0,39.2,45.47084669027778,115.99705788336168,39.03333282470703,111.14,36.96,132.30952380952382,-69.89525338983051,-69.70001,31.32033898305085,34.0,115.99705788336168,116.16464305347014,0,0,86.65790628890063,86.65790628890063,86.7831041191876
4179,2021-10-08T16:19:51,2021-10-08T16:48:56,219,54.0,78.0,24.0,28.02739170555555,116.78079877314813,29.08333396911621,103.18,34.31,132.2820512820513,-57.82283684931506,-56.10001,30.922374429223744,33.0,116.78079877314813,116.16464305347014,0,0,87.243415489058,87.243415489058,86.7831041191876
4181,2021-10-08T22:15:11,2021-10-08T22:37:01,132,18.0,36.4,18.4,21.42722033333333,116.45228442028984,21.83333396911621,47.96,15.95,131.75824175824175,-58.884085681818185,-58.80002,29.643939393939394,32.0,116.45228442028984,116.28714612208361,0,0,86.99799231605668,86.99799231605668,86.8746224700296
4182,2021-10-08T22:37:12,2021-10-08T22:58:12,127,36.4,54.0,17.6,20.571111277777778,116.88131407828281,21.0,71.42,23.75,132.25925925925927,-58.77244141732283,-58.10001,31.30708661417323,34.0,116.88131407828281,116.39641883612421,0,0,87.31850744442224,87.31850744442224,86.95625682167658
4183,2021-10-08T22:58:23,2021-10-08T23:21:33,140,54.4,73.2,18.800000000000004,21.998612972222222,117.01389878841604,23.16666603088379,96.85,32.21,132.3087431693989,-56.97429057142856,-55.70001,33.378571428571426,35.0,117.01389878841604,116.44149323664655,0,0,87.41755748582605,87.41755748582605,86.98993054795693
4184,2021-10-08T23:21:44,2021-10-08T23:44:44,139,73.6,91.2,17.60000000000001,20.938752499999996,118.97018465909083,23.0,120.68,40.13,132.32456140350877,-54.62302812949641,-53.5,34.194244604316545,36.0,118.97018465909083,116.44696474100911,0,0,88.87903970570873,88.87903970570873,86.99401814397845
4186,2021-10-09T06:03:33,2021-10-09T06:53:53,378,44.8,94.4,49.60000000000001,58.09875291944445,117.13458249887992,50.33333206176758,124.85,41.52,132.25635593220338,-69.22143203703705,-42.30002,31.167989417989418,34.0,117.13458249887992,116.48361259361005,0,0,87.50771664902217,87.50771664902217,87.0213966502469
4189,2021-10-09T17:20:49,2021-10-09T17:40:59,122,47.2,67.6,20.39999999999999,23.49986009722222,115.19539263344231,20.16666603088379,89.46,29.75,132.33727810650888,-69.91721008196721,-69.80002,32.131147540983605,34.0,115.19539263344231,116.44696474100911,0,0,86.05900633945161,86.05900633945161,86.99401814397845
4190,2021-10-09T17:41:10,2021-10-09T18:00:20,116,67.6,86.8,19.200000000000003,22.330138958333336,116.30280707465278,19.16666603088379,114.79,38.17,132.24654377880185,-69.90258646551725,-69.70001,33.827586206896555,35.0,116.30280707465278,116.44149323664655,0,0,86.88632229573983,86.88632229573983,86.98993054795693
4193,2021-10-10T04:04:04,2021-10-10T04:21:54,108,23.6,41.2,17.6,20.70083630555556,117.61838809974748,17.83333396911621,54.32,18.06,131.84466019417474,-69.64723222222221,-69.60001,28.712962962962962,31.0,117.61838809974748,116.44696474100911,0,0,87.86915323359644,87.86915323359644,86.99401814397845
4194,2021-10-10T04:22:05,2021-10-10T04:43:05,127,41.2,62.4,21.199999999999996,24.372086833333338,114.9626737421384,21.0,82.64,27.48,132.43589743589743,-69.63465566929136,-69.60001,31.090551181102363,34.0,114.9626737421384,116.44696474100911,0,0,85.88514906891163,85.88514906891163,86.99401814397845
4197,2021-10-10T09:35:10,2021-10-10T09:54:40,118,68.4,88.0,19.599999999999994,22.855281722222227,116.60858021541955,19.5,116.48,38.73,132.36363636363637,-70.32374101694916,-70.20001,31.673728813559322,33.0,116.60858021541955,116.44696474100911,0,0,87.11475619451055,87.11475619451055,86.99401814397845
4199,2021-10-10T23:06:49,2021-10-11T00:21:43,562,25.6,97.6,72.0,83.92338004027779,116.56025005594138,74.9000015258789,129.16,42.95,132.3360655737705,-67.20516418149468,-42.20001,33.85142348754449,37.0,116.56025005594138,116.48361259361005,0,0,87.07865018882893,87.07865018882893,87.0213966502469
4201,2021-10-11T05:56:17,2021-10-11T06:15:47,118,34.0,50.4,16.4,19.292500555555552,117.63719850948509,19.5,66.46,22.1,131.86507936507934,-59.3610186440678,-59.20001,32.91101694915254,35.0,117.63719850948509,116.53759541143582,0,0,87.88320592384602,87.88320592384602,87.06172558663303
4202,2021-10-11T06:15:58,2021-10-11T06:32:58,103,50.8,65.2,14.400000000000006,16.827775611111115,116.85955285493826,17.0,86.14,28.64,132.1165644171779,-59.39222533980582,-59.30002,34.48543689320388,37.0,116.85955285493826,116.58441513568047,0,0,87.30225029025182,87.30225029025182,87.09670319166975
4207,2021-10-11T12:25:39,2021-10-11T12:43:19,107,67.6,82.8,15.200000000000003,17.584864708333335,115.68989939692982,17.66666603088379,109.35,36.36,132.06521739130434,-59.72244214953271,-59.70001,34.58878504672897,36.0,115.68989939692982,116.58441513568047,0,0,86.42843744013192,86.42843744013192,87.09670319166975
4209,2021-10-11T19:03:41,2021-10-11T19:20:11,100,24.8,38.8,13.999999999999996,16.30917166666667,116.4940833333334,16.5,51.1,16.99,131.70103092783506,-59.3060182,-59.30002,34.215,36.0,116.4940833333334,116.58441513568047,0,0,87.02921902435085,87.02921902435085,87.09670319166975
4210,2021-10-11T19:20:22,2021-10-11T19:40:32,122,39.2,56.4,17.199999999999996,19.93250627777778,115.8866644056848,20.16666603088379,74.58,24.8,132.2340425531915,-59.303297377049184,-59.20001,35.63934426229508,38.0,115.8866644056848,116.58441513568047,0,0,86.57543464851604,86.57543464851604,87.09670319166975
4215,2021-10-11T20:15:35,2021-10-11T20:32:35,103,80.8,94.8,14.0,16.39944681944445,117.13890585317463,17.0,125.26,41.65,132.13080168776372,-57.80971708737864,-41.89999,37.70873786407767,39.0,117.13890585317463,116.68970469951195,0,0,87.51094649672832,87.51094649672832,87.17536185183062
4219,2021-10-12T18:07:46,2021-10-12T18:36:16,172,48.8,66.4,17.60000000000001,20.93833638888889,118.9678203914141,28.5,87.75,29.18,132.1536144578313,-44.08082040697675,-43.10001,29.563953488372093,31.0,118.9678203914141,116.68970469951195,0,0,88.87727343257637,88.87727343257637,87.17536185183062
4220,2021-10-12T18:36:27,2021-10-12T19:03:02,161,66.8,82.8,16.0,18.736947,117.10591875,26.58333396911621,109.4,36.38,132.1256038647343,-42.291310124223614,-41.60001,30.788819875776397,32.0,117.10591875,116.68970469951195,0,0,87.4863028260369,87.4863028260369,87.17536185183062
4222,2021-10-13T07:04:11,2021-10-13T07:30:51,161,21.2,48.0,26.8,31.02167494444445,115.75251844941958,26.66666603088379,63.28,21.04,131.83333333333334,-69.79877639751554,-69.70001,26.788819875776397,29.0,115.75251844941958,116.68970469951195,0,0,86.47521824717631,86.47521824717631,87.17536185183062
4223,2021-10-13T07:31:02,2021-10-13T07:59:32,172,48.0,76.8,28.799999999999997,33.160007777777786,115.13891589506176,28.5,101.57,33.78,132.25260416666666,-69.8104815116279,-69.70001,30.322674418604652,32.0,115.13891589506176,116.58441513568047,0,0,86.01681427017512,86.01681427017512,87.09670319166975
4224,2021-10-13T07:59:43,2021-10-13T08:23:33,144,76.8,97.6,20.799999999999997,24.659306138888894,118.55435643696586,23.83333396911621,128.98,42.89,132.1516393442623,-62.03819597222222,-42.39999,32.197916666666664,33.0,118.55435643696586,116.58441513568047,0,0,88.56838697224528,88.56838697224528,87.09670319166975
4226,2021-10-13T16:39:48,2021-10-13T16:58:38,114,68.4,87.2,18.799999999999997,21.900837750000004,116.49381781914897,18.83333396911621,115.17,38.3,132.0756880733945,-69.77282114035089,-69.70001,30.0,31.0,116.49381781914897,116.58441513568047,0,0,87.02902066670514,87.02902066670514,87.09670319166975
4231,2021-10-14T00:58:12,2021-10-14T01:15:42,106,42.0,57.2,15.200000000000003,17.339581986111114,114.07619727704679,17.5,75.63,25.15,132.2202797202797,-59.44999537735848,-59.30002,29.05188679245283,31.0,114.07619727704679,116.53759541143582,0,0,85.2228892164551,85.2228892164551,87.06172558663303
4232,2021-10-14T01:15:53,2021-10-14T01:34:23,112,57.2,73.2,16.0,18.326803652777777,114.5425228298611,18.5,96.77,32.17,132.19945355191257,-59.438386696428566,-59.39999,30.754464285714285,32.0,114.5425228298611,116.53759541143582,0,0,85.57126698390276,85.57126698390276,87.06172558663303
4233,2021-10-14T01:34:34,2021-10-14T01:51:04,100,73.2,87.2,14.0,16.344026041666666,116.74304315476189,16.5,115.3,38.34,132.22477064220183,-59.432993700000004,-59.30002,31.835,33.0,116.74304315476189,116.58441513568047,0,0,87.21520940435468,87.21520940435468,87.09670319166975
4235,2021-10-14T22:29:35,2021-10-14T23:00:05,184,23.2,49.6,26.400000000000002,30.60722806944444,115.93646996001681,30.5,65.43,21.75,131.91532258064518,-60.210881086956526,-60.10001,30.92391304347826,33.0,115.93646996001681,116.53759541143582,0,0,86.61264287723085,86.61264287723085,87.06172558663303
4236,2021-10-14T23:00:16,2021-10-14T23:32:16,193,49.6,77.6,27.999999999999993,32.07194977777778,114.54267777777783,32.0,102.5,34.09,132.08762886597938,-60.13472502590674,-60.10001,33.98186528497409,36.0,114.54267777777783,116.50451205013184,0,0,85.57138274082187,85.57138274082187,87.03701000439398
4237,2021-10-14T23:32:27,2021-10-14T23:49:17,102,77.6,92.0,14.400000000000006,16.877363916666667,117.20391608796292,16.83333396911621,121.6,40.44,132.17391304347825,-60.15687274509803,-60.10001,35.0,36.0,117.20391608796292,116.50451205013184,0,0,87.55951368400791,87.55951368400791,87.03701000439398
4239,2021-10-15T08:30:34,2021-10-15T08:48:24,108,47.2,58.8,11.599999999999994,13.404725194444445,115.55797581417632,17.83333396911621,77.64,25.82,132.04081632653063,-45.100010000000005,-45.10001,29.199074074074073,31.0,115.55797581417632,116.50451205013184,0,0,86.32988130706995,86.32988130706995,87.03701000439398
4240,2021-10-15T08:48:35,2021-10-15T09:07:05,112,59.2,71.2,12.0,13.905836416666666,115.88197013888889,18.5,93.89,31.22,131.86797752808988,-45.10001,-45.10001,30.174107142857142,31.0,115.88197013888889,116.50451205013184,0,0,86.57192770325796,86.57192770325796,87.03701000439398
4241,2021-10-15T09:07:16,2021-10-15T09:25:26,110,71.2,82.8,11.599999999999994,13.655280805555556,117.71793797892727,18.16666603088379,109.28,36.34,131.98067632850243,-45.100010000000005,-45.10001,30.945454545454545,32.0,117.71793797892727,116.53759541143582,0,0,87.9435239483236,87.9435239483236,87.06172558663303
4245,2021-10-15T19:31:01,2021-10-15T19:50:51,120,42.4,55.2,12.800000000000004,14.984723972222229,117.06815603298614,19.83333396911621,72.87,24.23,132.01086956521738,-45.33167191666667,-44.80002,28.354166666666668,30.0,117.06815603298614,116.58441513568047,0,0,87.45809143816282,87.45809143816282,87.09670319166975
4246,2021-10-15T19:51:02,2021-10-15T20:11:52,126,55.2,68.4,13.200000000000003,15.301807750000004,115.92278598484849,20.83333396911621,90.29,30.03,132.00292397660817,-44.06905404761904,-43.30002,29.57936507936508,31.0,115.92278598484849,116.53759541143582,0,0,86.60241999175915,86.60241999175915,87.06172558663303
4247,2021-10-15T20:12:03,2021-10-15T20:32:43,125,68.8,81.2,12.400000000000006,14.706807444444442,118.60328584229383,20.66666603088379,107.2,35.64,132.01970443349754,-42.69760544,-42.10001,30.0,31.0,118.60328584229383,116.58441513568047,0,0,88.60494065644257,88.60494065644257,87.09670319166975
4248,2021-10-15T20:32:54,2021-10-15T20:51:44,114,81.6,92.4,10.800000000000011,13.051112861111111,120.84363760288053,18.83333396911621,122.05,40.59,132.0887445887446,-41.57895298245614,-41.10001,30.135964912280702,32.0,120.84363760288053,116.67581168509072,0,0,90.27863994214611,90.27863994214611,87.16498279943261
4250,2021-10-16T11:18:07,2021-10-16T12:16:27,438,28.8,87.6,58.8,67.9172120263889,115.5054626299131,58.33333206176758,115.69,38.47,132.0662100456621,-69.85799465753426,-69.60001,28.796803652968038,32.0,115.5054626299131,116.67581168509072,0,0,86.29065028962994,86.29065028962994,87.16498279943261
4252,2021-10-17T02:57:37,2021-10-17T03:15:37,109,13.6,31.6,18.0,20.915281361111116,116.19600756172842,18.0,41.53,13.81,131.4240506329114,-69.71744311926605,-69.60001,27.8302752293578,29.0,116.19600756172842,116.58441513568047,0,0,86.80653559811509,86.80653559811509,87.09670319166975
4254,2021-10-17T03:31:59,2021-10-17T03:49:59,109,48.0,66.0,18.0,20.911669888888895,116.17594382716054,18.0,87.02,28.93,131.84848484848484,-69.7055153211009,-69.60001,31.646788990825687,34.0,116.17594382716054,116.53759541143582,0,0,86.79154658665466,86.79154658665466,87.06172558663303
4260,2021-10-17T10:34:52,2021-10-17T10:54:02,116,48.4,68.8,20.4,23.648195819444446,115.92252852668847,19.16666603088379,90.82,30.2,132.00581395348837,-74.02931465517241,-73.80002,31.55603448275862,34.0,115.92252852668847,116.5271666946374,0,0,86.60222765252648,86.60222765252648,87.05393460658989
4264,2021-10-18T15:17:50,2021-10-18T16:14:02,422,21.2,69.6,48.39999999999999,55.790838191666666,115.27032684228652,56.20000076293945,91.82,30.53,131.92528735632183,-59.562327488151666,-57.0,27.811611374407583,31.0,115.27032684228652,116.49395057624119,0,0,86.11498742868221,86.11498742868221,87.02911984552799
4265,2021-10-18T16:14:18,2021-10-18T16:34:51,155,69.6,86.4,16.80000000000001,19.150126891666666,113.98885054563483,20.549999237060547,114.07,37.93,132.02546296296293,-55.912908645161295,-54.89999,30.674193548387098,32.0,113.98885054563483,116.49395057624119,0,0,85.15763510567456,85.15763510567456,87.02911984552799
4266,2021-10-18T23:43:45,2021-10-19T00:13:39,225,49.2,79.2,30.0,34.84695923472222,116.1565307824074,29.899999618530273,104.61,34.78,132.08333333333331,-69.9271128888889,-69.70001,29.628888888888888,32.0,116.1565307824074,116.4730511197194,0,0,86.77704368594583,86.77704368594583,87.01350649138091
4268,2021-10-19T05:54:23,2021-10-19T06:23:33,176,57.6,82.8,25.199999999999996,29.157776888888886,115.7054638447972,29.16666603088379,109.41,36.38,132.13768115942028,-59.98181636363636,-59.89999,29.818181818181817,31.0,115.7054638447972,116.37754574747132,0,0,86.44006517008768,86.44006517008768,86.94215730589826
4272,2021-10-19T17:20:55,2021-10-19T18:34:32,555,26.800001,97.6,70.79999899999999,82.52914015277777,116.56658378311248,73.61666870117188,128.83,42.84,131.99795081967216,-67.25333435675675,-42.30002,35.108108108108105,38.0,116.56658378311248,116.4730511197194,0,0,87.08338192552698,87.08338192552698,87.01350649138091
4274,2021-10-20T09:03:02,2021-10-20T09:22:12,116,33.6,46.0,12.399999999999999,14.616946875,117.87860383064518,19.16666603088379,60.62,20.16,131.78260869565216,-45.75690405172415,-45.5,29.788793103448278,31.0,117.87860383064518,116.49395057624119,0,0,88.06355256435968,88.06355256435968,87.02911984552799
4275,2021-10-20T09:22:23,2021-10-20T09:41:23,115,46.0,58.8,12.799999999999997,14.249863986111114,111.3270623914931,19.0,77.6,25.81,131.97278911564626,-44.99913939130435,-44.39999,31.27391304347826,33.0,111.3270623914931,116.4730511197194,0,0,83.16909339063847,83.16909339063847,87.01350649138091
4276,2021-10-20T09:41:34,2021-10-20T09:58:24,102,58.8,69.6,10.799999999999997,12.29389166666667,113.83233024691364,16.83333396911621,91.79,30.53,131.882183908046,-43.82059813725489,-43.30002,32.470588235294116,34.0,113.83233024691364,116.37754574747132,0,0,85.04070350735307,85.04070350735307,86.94215730589826
4280,2021-10-20T14:30:40,2021-10-20T14:48:10,106,64.8,82.0,17.200000000000003,20.292918875000005,117.98208648255815,17.5,108.1,35.95,131.82926829268294,-69.57547924528302,-69.5,35.575471698113205,37.0,117.98208648255815,116.4730511197194,0,0,88.14086133507884,88.14086133507884,87.01350649138091
4281,2021-10-20T22:42:29,2021-10-20T23:54:43,542,32.8,100.0,67.2,78.8779685513889,117.37792939194776,72.23332977294922,132.11,43.93,132.11,-65.46329261992621,0.0,34.81273062730627,37.0,117.37792939194776,116.4730511197194,0,0,87.68951377939742,87.68951377939742,87.01350649138091
4283,2021-10-21T23:58:42,2021-10-22T02:17:47,1044,8.400001,95.6,87.19999899999999,102.49464024166667,117.53972639571553,139.0833282470703,126.03,41.91,131.8305439330544,-44.213512318007666,-40.60001,25.610632183908045,29.0,117.53972639571553,116.49395057624119,0,0,87.81038744504187,87.81038744504187,87.02911984552799
4284,2021-10-22T13:28:59,2021-10-22T14:30:31,462,38.0,96.4,58.400000000000006,67.70166136666667,115.92750234018264,61.53333282470703,127.16,42.28,131.90871369294604,-65.9885364935065,-41.80002,25.71969696969697,29.0,115.92750234018264,116.39831244690087,0,0,86.60594343869849,86.60594343869849,86.95767148122249
4285,2021-10-23T12:38:46,2021-10-23T13:31:38,397,36.8,90.0,53.2,61.73244841805557,116.0384368760443,52.86666488647461,118.76,39.5,131.95555555555555,-70.06171732997481,-69.80002,23.817380352644836,27.0,116.0384368760443,116.2494073181906,0,0,86.68881928734777,86.68881928734777,86.84642894692746
4286,2021-10-23T22:01:16,2021-10-23T22:55:00,404,12.400001,64.0,51.599999,60.03833884,116.35337209987156,53.733333587646484,84.39,28.07,131.859375,-67.01857049009901,-46.200012,26.775990099009903,31.0,116.35337209987156,116.2494073181906,0,0,86.92409790226694,86.92409790226694,86.84642894692746
4287,2021-10-23T22:55:48,2021-10-23T23:34:16,290,63.600002,98.0,34.399998,40.38487848805556,117.39790940701673,38.46666717529297,129.20999,42.96,131.84692857142858,-62.98138475172414,-42.399994,31.275862068965516,33.0,117.39790940701673,116.2494073181906,0,0,87.70444024654316,87.70444024654316,86.84642894692746
4288,2021-10-24T05:38:18,2021-10-24T06:41:34,475,38.0,97.6,59.599999999999994,69.96643417638889,117.39334593353841,63.266666412353516,128.71,42.8,131.875,-66.32926658947369,-42.20001,29.228421052631578,32.0,117.39334593353841,116.32808958726217,0,0,87.7010310130311,87.7010310130311,86.90521009900338
4297,2021-10-24T20:38:09,2021-10-24T21:02:29,147,57.6,82.0,24.4,28.257504055555557,115.80944285063754,24.33333396911621,108.08,35.94,131.8048780487805,-69.67620047619047,-69.60001,31.836734693877553,34.0,115.80944285063754,116.27468983079999,0,0,86.51774475186798,86.51774475186798,86.86531675019101
4298,2021-10-24T21:02:40,2021-10-24T21:21:40,115,82.0,97.6,15.599999999999994,18.58750319444445,119.15066150284909,19.0,128.66,42.78,131.8237704918033,-58.6730535652174,-42.10001,33.0,34.0,119.15066150284909,116.27468983079999,0,0,89.0138685168795,89.0138685168795,86.86531675019101
4299,2021-10-25T15:35:21,2021-10-25T15:55:31,152,39.2,59.6,20.4,23.550126611111118,115.4417971132898,20.16666603088379,78.42,26.08,131.5771812080537,-70.06645217105265,-69.89999,28.792763157894736,31.0,115.4417971132898,116.27468983079999,0,0,86.24308770076735,86.24308770076735,86.86531675019101
4300,2021-10-25T15:56:25,2021-10-25T16:24:59,215,59.2,87.6,28.39999999999999,33.35283494861112,117.4395596782082,28.566667556762695,115.45,38.39,131.79223744292239,-70.05209637209303,-69.89999,31.165116279069768,33.0,117.4395596782082,116.27468983079999,0,0,87.73555590898907,87.73555590898907,86.86531675019101
4301,2021-10-26T10:46:13,2021-10-26T11:09:53,143,55.6,75.6,19.999999999999993,23.548615680555564,117.74307840277785,23.66666603088379,99.55,33.1,131.6798941798942,-59.70001153846153,-59.39999,26.517482517482517,28.0,117.74307840277785,116.27468983079999,0,0,87.9623056013574,87.9623056013574,86.86531675019101
4302,2021-10-26T11:10:04,2021-10-26T11:38:14,170,75.6,97.6,22.0,26.009729458333336,118.22604299242425,28.16666603088379,128.63,42.78,131.79303278688525,-55.379427176470585,-42.20001,28.00294117647059,29.0,118.22604299242425,116.27468983079999,0,0,88.32311389179283,88.32311389179283,86.86531675019101
4303,2021-10-27T01:16:20,2021-10-27T01:59:10,259,14.8,51.2,36.400000000000006,42.841167324999994,117.69551462912085,42.83333206176758,67.34,22.39,131.5234375,-60.011583976833975,-59.89999,32.82239382239382,36.0,117.69551462912085,116.27468983079999,0,0,87.92677213942719,87.92677213942719,86.86531675019101
4304,2021-10-27T01:59:21,2021-10-27T02:25:21,157,51.6,73.6,21.999999999999993,25.994166083333333,118.15530037878793,26.0,96.97,32.25,131.75271739130434,-59.98662286624204,-59.89999,35.80573248407644,38.0,118.15530037878793,116.42359495951027,0,0,88.27026421702527,88.27026421702527,86.97655928448603
4305,2021-10-27T02:25:32,2021-10-27T02:55:42,182,74.0,98.0,24.0,28.637639111111106,119.32349629629628,30.16666603088379,129.08,42.92,131.71428571428572,-56.92747296703297,-42.5,37.0,38.0,119.32349629629628,116.42359495951027,0,0,89.14298818256161,89.14298818256161,86.97655928448603
4307,2021-10-27T15:54:09,2021-10-27T16:21:39,166,52.4,76.0,23.6,27.636813041666674,117.10514000706218,27.5,100.17,33.31,131.80263157894737,-60.29881144578313,-60.20001,32.90963855421687,34.0,117.10514000706218,116.53020080113072,0,0,87.48572105065605,87.48572105065605,87.05620129611606
4308,2021-10-27T16:21:50,2021-10-27T16:45:10,141,76.4,95.6,19.19999999999999,22.863612513888892,119.08131517650472,23.33333396911621,125.91,41.87,131.7050209205021,-58.741138368794324,-42.80002,34.205673758865245,35.0,119.08131517650472,116.53020080113072,0,0,88.96206196626963,88.96206196626963,87.05620129611606
4312,2021-10-28T03:30:24,2021-10-28T04:01:04,185,42.8,68.8,26.0,30.505699555555562,117.3296136752137,30.66666603088379,90.64,30.14,131.74418604651163,-59.684874864864874,-59.60001,33.41891891891892,36.0,117.3296136752137,116.53020080113072,0,0,87.6534185634547,87.6534185634547,87.05620129611606
4313,2021-10-28T04:01:15,2021-10-28T04:33:15,193,69.2,95.2,26.0,30.94292252777778,119.01124049145301,32.0,125.46,41.72,131.78571428571428,-57.98135813471504,-42.20001,35.17616580310881,37.0,119.01124049145301,116.53020080113072,0,0,88.90971128081914,88.90971128081914,87.05620129611606
4315,2021-10-28T09:14:23,2021-10-28T09:46:09,239,69.2,98.0,28.799999999999997,33.67374986805555,116.92274259741512,31.766666412353516,129.1,42.93,131.73469387755102,-63.4828449372385,0.0,32.18828451882845,34.0,116.92274259741512,116.65481346893719,0,0,87.34945744258742,87.34945744258742,87.14929566494084
4316,2021-10-28T18:47:42,2021-10-28T19:53:23,493,25.2,80.8,55.599999999999994,64.38833930277778,115.80636565247804,65.68333435058594,106.39,35.38,131.67079207920793,-58.79513730223124,-40.5,33.1288032454361,36.0,115.80636565247804,116.65481346893719,0,0,86.51544586985662,86.51544586985662,87.14929566494084
4317,2021-10-28T23:51:16,2021-10-29T00:08:46,106,50.8,66.0,15.200000000000003,17.589588541666675,115.72097724780706,17.5,86.9,28.89,131.66666666666666,-60.30756490566038,-60.30002,32.87264150943396,35.0,115.72097724780706,116.53020080113072,0,0,86.45165476596866,86.45165476596866,87.05620129611606
4318,2021-10-29T00:08:57,2021-10-29T00:38:57,181,66.0,91.6,25.599999999999994,30.155286194444457,117.79408669704868,30.0,120.74,40.15,131.8122270742358,-60.31051408839779,-60.30002,33.99723756906077,36.0,117.79408669704868,116.65481346893719,0,0,88.00041236083507,88.00041236083507,87.14929566494084
4321,2021-10-29T09:00:06,2021-10-29T09:28:06,169,60.0,83.6,23.599999999999994,27.66930911111111,117.24283521657254,28.0,110.15,36.63,131.75837320574163,-59.29054005917159,-58.89999,29.597633136094675,31.0,117.24283521657254,116.83289287608851,0,0,87.5885889921359,87.5885889921359,87.28233342347104
4322,2021-10-29T09:28:17,2021-10-29T09:47:17,115,83.6,97.6,14.0,16.74985863888889,119.64184742063493,19.0,128.64,42.78,131.80327868852459,-52.87477478260869,-41.89999,30.62608695652174,32.0,119.64184742063493,116.99544931520063,0,0,89.3808187138122,89.3808187138122,87.40377444037512
4324,2021-10-29T20:24:34,2021-10-29T20:42:54,111,47.2,56.4,9.199999999999996,10.672082986111112,116.00090202294693,18.33333396911621,74.27,24.7,131.68439716312056,-34.927926846846844,-34.80002,32.71621621621622,34.0,116.00090202294693,116.99544931520063,0,0,86.66077812973883,86.66077812973883,87.40377444037512
4325,2021-10-29T20:43:05,2021-10-29T20:59:55,102,56.8,65.2,8.400000000000006,9.799582791666666,116.66169990079355,16.83333396911621,85.85,28.55,131.67177914110428,-34.929409803921565,-34.70001,33.60294117647059,35.0,116.66169990079355,116.99544931520063,0,0,87.15444031065309,87.15444031065309,87.40377444037512
4326,2021-10-29T21:00:06,2021-10-29T21:17:56,108,65.2,74.0,8.799999999999997,10.385138347222222,118.01293576388893,17.83333396911621,97.46,32.41,131.7027027027027,-34.94073888888889,-34.80002,34.18981481481482,35.0,118.01293576388893,117.08664802002416,0,0,88.16390790349551,88.16390790349551,87.47190624440944
4327,2021-10-29T21:18:07,2021-10-29T21:36:37,112,74.0,83.2,9.200000000000003,10.769721805555555,117.0621935386473,18.5,109.55,36.43,131.67067307692307,-34.92857,-34.80002,34.5,35.0,117.0621935386473,117.06517478581672,0,0,87.45363703832638,87.45363703832638,87.4558642382446
4328,2021-10-29T21:36:48,2021-10-29T21:54:08,105,83.6,92.0,8.400000000000006,10.091527319444445,120.13722999338617,17.33333396911621,121.21,40.31,131.75,-34.931427047619046,-34.70001,34.5,35.0,120.13722999338617,117.08664802002416,0,0,89.75090410520029,89.75090410520029,87.47190624440944
4331,2021-10-30T01:28:13,2021-10-30T01:51:13,139,63.2,86.4,23.200000000000003,26.939171791666677,116.1171197916667,23.0,113.81,37.84,131.72453703703704,-70.2755528057554,-70.0,32.6294964028777,34.0,116.1171197916667,117.08664802002416,0,0,86.74760092244233,86.74760092244233,87.47190624440944
4333,2021-10-30T14:01:46,2021-10-30T14:25:56,146,29.6,50.4,20.799999999999997,24.192919125000003,116.31211117788465,24.16666603088379,66.35,22.07,131.6468253968254,-60.0637047260274,-59.70001,25.736301369863014,28.0,116.31211117788465,117.06517478581672,0,0,86.89327311087844,86.89327311087844,87.4558642382446
4334,2021-10-30T14:26:07,2021-10-30T14:49:47,143,50.8,71.6,20.799999999999997,23.694724444444446,113.91694444444447,23.66666603088379,94.28,31.35,131.6759776536313,-60.07063496503497,-59.70001,28.367132867132867,30.0,113.91694444444447,116.99246806803122,0,0,85.10391622441792,85.10391622441792,87.40154724045689
4335,2021-10-30T14:49:58,2021-10-30T15:12:08,134,72.0,90.8,18.799999999999997,22.20014106944444,118.08585675236407,22.16666603088379,119.6,39.77,131.71806167400882,-60.08955820895523,-59.70001,29.84328358208955,31.0,118.08585675236407,117.08366677285474,0,0,88.21838497645822,88.21838497645822,87.46967904449122
4338,2021-10-31T02:39:03,2021-10-31T02:57:23,111,23.2,41.6,18.400000000000002,21.410973847222227,116.36398830012078,18.33333396911621,54.78,18.21,131.6826923076923,-70.0720773873874,-69.89999,26.153153153153152,28.0,116.36398830012078,116.99246806803122,0,0,86.93202894554621,86.93202894554621,87.40154724045689
4339,2021-10-31T02:57:34,2021-10-31T03:16:14,113,42.0,60.8,18.799999999999997,21.799307069444442,115.95376100768321,18.66666603088379,80.02,26.6,131.61184210526315,-70.06814637168142,-69.89999,28.508849557522122,31.0,115.95376100768321,116.79222124910433,0,0,86.62556049786411,86.62556049786411,87.25194887662025
4340,2021-10-31T03:16:25,2021-10-31T03:36:35,122,60.8,81.2,20.400000000000006,23.538750791666665,115.38603329248362,20.16666603088379,106.89,35.54,131.63793103448276,-70.03196950819672,-69.80002,30.795081967213115,32.0,115.38603329248362,116.79222124910433,0,0,86.20142823072638,86.20142823072638,87.25194887662025
4343,2021-10-31T08:35:04,2021-10-31T09:03:24,171,52.0,76.4,24.400000000000006,28.336389194444443,116.13274260018213,28.33333396911621,100.62,33.46,131.70157068062827,-60.00643339181286,-59.89999,29.283625730994153,32.0,116.13274260018213,116.79222124910433,0,0,86.75927225187951,86.75927225187951,87.25194887662025
4344,2021-10-31T09:03:35,2021-10-31T09:27:55,147,76.8,96.4,19.60000000000001,23.295834097222222,118.85629641439904,24.33333396911621,126.87,42.19,131.6078838174274,-57.4000019047619,-42.5,30.653061224489797,32.0,118.85629641439904,116.99246806803122,0,0,88.79395723020464,88.79395723020464,87.40154724045689
4345,2021-10-31T15:59:36,2021-10-31T16:16:06,100,61.2,74.4,13.200000000000003,15.817501458333334,119.82955650252522,16.5,97.98,32.58,131.69354838709677,-57.52000519999999,-56.5,30.19,31.0,119.82955650252522,117.08366677285474,0,0,89.52105051214264,89.52105051214264,87.46967904449122
4346,2021-10-31T16:16:17,2021-10-31T16:37:37,129,74.8,91.6,16.799999999999997,19.72250234722222,117.39584730489419,21.33333396911621,120.57,40.09,131.62663755458516,-55.46977410852713,-54.20001,31.007751937984494,32.0,117.39584730489419,117.17398761181735,0,0,87.70289971219036,87.70289971219036,87.53715502139598
4347,2021-11-01T08:47:12,2021-11-01T10:10:15,625,17.6,97.6,80.0,92.89861419305556,116.12326774131945,83.05000305175781,128.52,42.74,131.68032786885246,-67.10272224,-42.20001,30.0008,34.0,116.12326774131945,117.17398761181735,0,0,86.75219387035497,86.75219387035497,87.53715502139598
4348,2021-11-01T13:57:39,2021-11-01T14:16:28,142,73.6,92.0,18.400000000000006,21.926931836111116,119.16810780495169,18.816667556762695,121.17,40.29,131.70652173913044,-69.91760978873239,-69.70001,33.09507042253521,35.0,119.16810780495169,117.28622444589311,0,0,89.02690212342334,89.02690212342334,87.6210037777953
4349,2021-11-01T20:53:34,2021-11-01T21:18:04,148,47.6,72.0,24.4,28.638476083333337,117.3708036202186,24.5,94.67,31.48,131.48611111111111,-70.1358202027027,-70.0,31.304054054054053,34.0,117.3708036202186,117.35020864771614,0,0,87.68419033007888,87.68419033007888,87.66880444676679
4350,2021-11-01T21:18:15,2021-11-01T21:43:45,154,72.4,96.0,23.599999999999994,27.67861375,117.2822616525424,25.5,126.38,42.03,131.64583333333334,-65.06948675324675,-42.5,33.3474025974026,35.0,117.2822616525424,117.35020864771614,0,0,87.61804329430464,87.61804329430464,87.66880444676679
4353,2021-11-02T12:53:51,2021-11-02T13:12:31,113,25.2,44.8,19.599999999999998,22.997639625,117.33489604591838,18.66666603088379,58.89,19.58,131.45089285714286,-73.92124123893805,-73.70001,28.995575221238937,31.0,117.33489604591838,117.33225486056604,0,0,87.65736486342009,87.65736486342009,87.65539171343738
4354,2021-11-02T13:12:42,2021-11-02T13:30:22,107,44.8,64.0,19.200000000000003,21.759445472222232,113.33044516782411,17.66666603088379,84.25,28.02,131.640625,-73.90093803738318,-73.70001,31.747663551401867,34.0,113.33044516782411,117.33225486056604,0,0,84.6657602894374,84.6657602894374,87.65539171343738
4356,2021-11-02T13:33:21,2021-11-02T13:51:01,107,67.2,86.0,18.799999999999997,21.763611777777783,115.76389243498822,17.66666603088379,113.07,37.6,131.47674418604652,-73.91495551401869,-73.60001,34.00934579439252,35.0,115.76389243498822,117.33225486056604,0,0,86.4837154090313,86.4837154090313,87.65539171343738
4358,2021-11-02T20:43:38,2021-11-02T21:38:07,411,46.8,97.6,50.8,59.83009957916667,117.77578657316273,54.483333587646484,128.5,42.73,131.65983606557378,-65.88686389294405,-42.30002,31.592457420924575,34.0,117.77578657316273,117.33225486056604,0,0,87.98674088976742,87.98674088976742,87.65539171343738
4359,2021-11-03T17:51:16,2021-11-03T18:53:39,469,34.0,95.2,61.2,71.07930863333334,116.14266116557735,62.38333511352539,125.13,41.61,131.4390756302521,-68.34520554371002,-42.20001,32.12899786780384,35.0,116.14266116557735,117.30593766387804,0,0,86.7666821131831,86.7666821131831,87.63573092887967
4360,2021-11-04T09:54:04,2021-11-04T10:10:54,102,64.0,78.0,14.0,16.820137569444444,120.14383978174602,16.83333396911621,102.48,34.07,131.3846153846154,-59.952936470588234,-59.89999,29.15686274509804,30.0,120.14383978174602,117.30593766387804,0,0,89.75584207889315,89.75584207889315,87.63573092887967
4361,2021-11-04T10:11:05,2021-11-04T10:31:35,124,78.4,95.2,16.799999999999997,19.881109986111113,118.33994039351855,20.5,125.21,41.64,131.52310924369746,-58.13225475806452,-42.39999,29.983870967741936,31.0,118.33994039351855,117.33225486056604,0,0,88.4082032077693,88.4082032077693,87.65539171343738
4364,2021-11-04T19:34:51,2021-11-04T19:52:01,104,45.6,56.8,11.199999999999996,12.904863791666669,115.22199813988101,17.16666603088379,74.55,24.79,131.25,-45.103855480769234,-44.5,33.45673076923077,35.0,115.22199813988101,117.33225486056604,0,0,86.07888251153567,86.07888251153567,87.65539171343738
4366,2021-11-04T20:08:43,2021-11-04T20:26:33,108,67.6,78.4,10.800000000000011,12.732919125000002,117.89739930555545,17.83333396911621,103.09,34.28,131.4923469387755,-42.83982305555555,-42.30002,35.0,36.0,117.89739930555545,117.35284983306849,0,0,88.07759409724983,88.07759409724983,87.67077759674947
4367,2021-11-04T20:26:44,2021-11-04T20:46:04,117,78.4,90.0,11.599999999999994,13.467224083333337,116.09675933908055,19.33333396911621,118.33,39.35,131.47777777777776,-41.794877692307686,-41.30002,35.0,36.0,116.09675933908055,117.33225486056604,0,0,86.73239024189228,86.73239024189228,87.65539171343738
4369,2021-11-05T13:03:53,2021-11-05T13:20:23,100,43.6,57.6,14.0,16.123058194444447,115.1647013888889,16.5,75.66,25.16,131.35416666666666,-58.627009599999994,-58.20001,32.01,34.0,115.1647013888889,117.30593766387804,0,0,86.03607783554875,86.03607783554875,87.63573092887967
4370,2021-11-05T13:20:34,2021-11-05T13:49:24,174,57.6,82.0,24.4,28.167643694444447,115.44116268214937,28.83333396911621,107.75,35.83,131.40243902439025,-58.61495252873563,-58.60001,34.014367816091955,35.0,115.44116268214937,117.30593766387804,0,0,86.24261373638137,86.24261373638137,87.63573092887967
4372,2021-11-05T18:29:04,2021-11-05T18:52:04,139,58.4,81.2,22.800000000000004,26.881531125000002,117.90145230263157,23.0,106.67,35.47,131.36699507389162,-70.12518856115108,-70.0,34.902877697841724,36.0,117.90145230263157,117.30593766387804,0,0,88.08062196922538,88.08062196922538,87.63573092887967
4373,2021-11-05T18:52:15,2021-11-05T19:11:35,117,81.6,97.6,16.0,19.273057680555556,120.45661050347222,19.33333396911621,128.39,42.7,131.54713114754097,-59.782912564102574,-42.39999,35.901709401709404,37.0,120.45661050347222,117.33225486056604,0,0,89.98950365952147,89.98950365952147,87.65539171343738
4374,2021-11-06T03:10:56,2021-11-06T03:54:50,330,36.4,80.4,44.00000000000001,51.217988948611115,116.40452033775252,43.900001525878906,105.79,35.17,131.57960199004975,-70.00212509090909,-69.70001,32.67878787878788,36.0,116.40452033775252,117.30593766387804,0,0,86.96230920939843,86.96230920939843,87.63573092887967
4378,2021-11-06T10:00:24,2021-11-06T10:20:54,124,47.6,65.2,17.6,20.22194616666667,114.89742140151515,20.5,85.67,28.49,131.3957055214724,-59.1854889516129,-58.0,33.66935483870968,36.0,114.89742140151515,117.26254843455747,0,0,85.83640101165877,85.83640101165877,87.60331614322027
4379,2021-11-06T10:21:05,2021-11-06T10:42:11,129,65.2,82.4,17.200000000000003,20.002224472222224,116.29200274547802,21.100000381469727,108.3,36.01,131.43203883495144,-56.886052945736445,-55.80002,35.06976744186046,36.0,116.29200274547802,117.17398761181735,0,0,86.87825070700968,86.87825070700968,87.53715502139598
4380,2021-11-06T10:42:22,2021-11-06T11:02:02,119,82.4,97.2,14.799999999999997,17.4376405,117.8218952702703,19.66666603088379,127.77,42.49,131.4506172839506,-53.16555117647059,-42.39999,35.983193277310924,37.0,117.8218952702703,117.17398761181735,0,0,88.02118730785735,88.02118730785735,87.53715502139598
4384,2021-11-06T21:05:51,2021-11-06T21:22:51,103,38.4,52.8,14.399999999999999,16.86930665277778,117.14796286651237,17.0,69.39,23.07,131.42045454545453,-59.53883883495146,-59.5,35.49514563106796,37.0,117.14796286651237,117.12655143678728,0,0,87.51771271845325,87.51771271845325,87.50171688455465
4387,2021-11-06T21:55:34,2021-11-06T22:12:04,100,81.2,94.8,13.599999999999994,16.38916916666667,120.50859681372555,16.5,124.7,41.46,131.54008438818568,-59.59700910000001,-59.5,38.7,40.0,120.50859681372555,117.12655143678728,0,0,90.02834106526643,90.02834106526643,87.50171688455465
4390,2021-11-07T04:35:44,2021-11-07T05:05:54,182,66.0,92.0,26.0,30.318064000000003,116.60793846153847,30.16666603088379,120.9,40.21,131.41304347826087,-60.301115714285714,-60.20001,33.392857142857146,35.0,116.60793846153847,117.10507820257985,0,0,87.11427675952571,87.11427675952571,87.48567487838982
4392,2021-11-07T15:06:31,2021-11-07T15:56:27,375,42.0,92.0,50.0,58.40884056666667,116.81768113333334,49.93333435058594,120.92,40.21,131.43478260869566,-70.18454200000001,-69.89999,32.717333333333336,35.0,116.81768113333334,116.99246806803122,0,0,87.2709691888756,87.2709691888756,87.40154724045689
4394,2021-11-07T23:22:26,2021-11-07T23:43:46,129,45.6,67.2,21.6,24.83319693055557,114.96850430812762,21.33333396911621,88.18999,29.32,131.23510416666664,-69.84341782945738,-69.80002,31.674418604651162,34.0,114.96850430812762,116.87021186537423,0,0,85.88950490905381,85.88950490905381,87.31021331573152
4398,2021-11-08T16:16:33,2021-11-08T16:35:03,112,48.0,66.8,18.799999999999997,21.600973958333334,114.89879765070924,18.5,86.93999,28.89,130.14968562874253,-70.05714848214286,-69.89999,22.089285714285715,24.0,114.89879765070924,116.73969051706345,0,0,85.8374291659574,85.8374291659574,87.21270474976434
4401,2021-11-08T16:51:22,2021-11-08T17:10:02,113,82.8,98.0,15.200000000000003,17.517501180555556,115.24671829312864,18.66666603088379,128.42,42.7,131.0408163265306,-56.306198495575224,-42.5,25.23008849557522,26.0,115.24671829312864,116.63481918116601,0,0,86.09735019306716,86.09735019306716,87.1343585350894
4402,2021-11-09T14:36:10,2021-11-09T16:15:31,747,12.400001,94.4,81.999999,97.54445532111112,118.95665428131421,99.3499984741211,123.96,41.219997,131.31355932203388,-58.91218863721553,-54.30002,26.45515394912985,30.0,118.95665428131421,116.73969051706345,0,0,88.86893156821961,88.86893156821961,87.21270474976434
4403,2021-11-10T03:20:58,2021-11-10T04:37:20,575,24.0,97.6,73.6,85.96586561166667,116.80144784193841,76.36666870117188,128.2,42.629997,131.35245901639342,-67.52835136695653,-42.399994,29.143478260869564,33.0,116.80144784193841,116.80956448763587,0,0,87.2588417860765,87.2588417860765,87.26490548747606
4404,2021-11-10T13:23:28,2021-11-10T14:32:40,520,41.2,96.8,55.599999999999994,64.98611792444444,116.88150705835332,69.19999694824219,127.1,42.27,131.30165289256198,-56.33712131923077,-42.30002,27.8625,30.0,116.88150705835332,116.80956448763587,0,0,87.31865161401733,87.31865161401733,87.26490548747606
4406,2021-11-11T01:31:15,2021-11-11T02:19:42,364,40.4,69.2,28.800000000000004,33.229434913888895,115.37998233989198,48.45000076293945,90.81,30.2,131.22832369942196,-41.15165376373627,-40.70001,25.800824175824175,28.0,115.37998233989198,116.73157387136598,0,0,86.19690774639503,86.19690774639503,87.20664104836479
4407,2021-11-11T02:20:30,2021-11-11T02:44:47,183,68.4,82.8,14.399999999999991,16.767113645833334,116.438289207176,24.28333282470703,108.71,36.15,131.29227053140096,-41.427875081967215,-41.10001,27.316939890710383,29.0,116.438289207176,116.63481918116601,0,0,86.98753691409526,86.98753691409526,87.1343585350894
4409,2021-11-11T08:06:46,2021-11-11T08:24:46,109,66.4,81.6,15.199999999999989,17.958333833333334,118.14693311403518,18.0,106.97,35.57,131.0906862745098,-59.86055229357798,-59.80002,25.472477064220183,27.0,118.14693311403518,116.73157387136598,0,0,88.26401328568211,88.26401328568211,87.20664104836479
4413,2021-11-11T16:23:24,2021-11-11T16:42:04,113,60.0,76.0,16.0,18.667222277777775,116.67013923611108,18.66666603088379,99.78,33.18,131.28947368421052,-60.001770088495576,-60.0,29.039823008849556,30.0,116.67013923611108,116.73579353902474,0,0,87.16074508374331,87.16074508374331,87.2097934349099
4414,2021-11-11T16:42:15,2021-11-11T16:59:15,103,76.0,90.8,14.799999999999997,17.016668333333335,114.97748873873878,17.0,119.28,39.67,131.36563876651985,-60.05825825242718,-60.0,29.868932038834952,31.0,114.97748873873878,116.63903884882478,0,0,85.89621690641106,85.89621690641106,87.13751092163452
4417,2021-11-12T05:52:15,2021-11-12T06:22:55,185,36.0,55.6,19.6,22.941394166666672,117.04792942176873,30.66666603088379,72.8,24.21,130.93525179856113,-44.88487524324324,-44.30002,24.554054054054053,26.0,117.04792942176873,116.63903884882478,0,0,87.44298074646593,87.44298074646593,87.13751092163452
4419,2021-11-12T06:32:46,2021-11-12T06:53:36,126,59.2,72.0,12.799999999999997,14.932778625000001,116.66233300781253,20.83333396911621,94.5,31.42,131.25,-43.00714531746031,-42.20001,26.61111111111111,28.0,116.66233300781253,116.6351357346755,0,0,87.15491328582783,87.15491328582783,87.13459502267676
4420,2021-11-12T06:53:47,2021-11-12T07:22:51,176,72.0,89.2,17.200000000000003,20.108003438888893,116.90699673772609,29.066667556762695,117.12,38.95,131.30044843049328,-41.505120738636364,-40.60001,27.0,28.0,116.90699673772609,116.66623612196182,0,0,87.33769418532668,87.33769418532668,87.15782918478557
4422,2021-11-12T16:54:17,2021-11-12T17:12:47,112,19.6,38.0,18.4,21.594307375000007,117.3603661684783,18.5,49.89,16.59,131.28947368421052,-70.03750598214286,-69.70001,28.723214285714285,30.0,117.3603661684783,116.73579353902474,0,0,87.67639282442391,87.67639282442391,87.2097934349099
4423,2021-11-12T17:12:58,2021-11-12T17:31:48,114,38.0,56.8,18.799999999999997,21.979585319444446,116.91268786938537,18.83333396911621,74.47,24.76,131.10915492957747,-70.02369052631579,-69.80002,30.605263157894736,32.0,116.91268786938537,116.80956448763587,0,0,87.34194585828293,87.34194585828293,87.26490548747606
4424,2021-11-12T17:31:59,2021-11-12T17:52:59,127,56.8,77.6,20.799999999999997,24.516946291666674,117.86993409455134,21.0,101.96,33.9,131.3917525773196,-70.04882417322835,-69.70001,33.039370078740156,34.0,117.86993409455134,116.80956448763587,0,0,88.05707566579278,88.05707566579278,87.26490548747606
4425,2021-11-12T17:53:10,2021-11-12T18:10:40,106,77.6,94.8,17.200000000000003,20.384445861111114,118.514220122739,17.5,124.64,41.45,131.47679324894514,-69.76226905660377,-42.70001,34.221698113207545,35.0,118.514220122739,116.84959409584333,0,0,88.53840234142342,88.53840234142342,87.29481040144645
4427,2021-11-13T03:14:26,2021-11-13T03:33:06,113,21.2,39.6,18.400000000000002,21.72597520833334,118.07595221920293,18.66666603088379,51.8,17.22,130.8080808080808,-69.8336378761062,-69.70001,26.56637168141593,29.0,118.07595221920293,116.8942518980397,0,0,88.21098559821387,88.21098559821387,87.32817289967201
4430,2021-11-13T04:00:44,2021-11-13T04:19:54,116,67.6,86.8,19.200000000000003,22.29292090277778,116.10896303530092,19.16666603088379,113.82,37.85,131.1290322580645,-69.78708215517241,-69.70001,31.43103448275862,33.0,116.10896303530092,116.8942518980397,0,0,86.74150725557125,86.74150725557125,87.32817289967201
4432,2021-11-13T14:34:32,2021-11-13T15:40:53,498,34.4,97.6,63.199999999999996,73.59723926111111,116.45132794479606,66.3499984741211,128.08,42.59,131.22950819672133,-66.52891851405623,-42.30002,30.02409638554217,33.0,116.45132794479606,116.8942518980397,0,0,86.99727776203936,86.99727776203936,87.32817289967201
4433,2021-11-13T20:43:54,2021-11-13T21:32:10,363,53.2,97.6,44.39999999999999,52.60178055555556,118.47247872872876,48.266666412353516,128.09999,42.6,131.24998975409835,-65.36419079889808,-42.399994,31.454545454545453,34.0,118.47247872872876,116.8942518980397,0,0,88.50721860386567,88.50721860386567,87.32817289967201
4435,2021-11-14T23:50:51,2021-11-15T00:07:51,103,58.0,72.4,14.400000000000006,16.99291595833333,118.0063608217592,17.0,95.03,31.6,131.25690607734805,-59.974754757281545,-59.89999,26.393203883495147,28.0,118.0063608217592,116.8942518980397,0,0,88.15899596237107,88.15899596237107,87.32817289967201
4436,2021-11-15T00:08:02,2021-11-15T00:25:02,103,72.4,87.2,14.799999999999997,16.99944438888889,114.86111073573576,17.0,114.41,38.04,131.20412844036696,-59.998058058252425,-59.89999,27.475728155339805,28.0,114.86111073573576,116.84959409584333,0,0,85.80927440750332,85.80927440750332,87.29481040144645
4439,2021-11-15T06:08:09,2021-11-15T06:34:11,158,50.0,76.0,26.0,30.35374859722223,116.74518691239318,26.03333282470703,99.73,33.16,131.22368421052633,-69.95759170886075,-69.80002,27.231012658227847,29.0,116.74518691239318,116.84959409584333,0,0,87.21681094107731,87.21681094107731,87.29481040144645
4441,2021-11-15T14:23:37,2021-11-15T15:54:48,684,11.2,97.6,86.39999999999999,101.65366910000002,117.65470960648152,91.18333435058594,128.0,42.57,131.14754098360655,-66.87501074561403,-41.80002,34.32163742690059,38.0,117.65470960648152,116.84959409584333,0,0,87.8962879367024,87.8962879367024,87.29481040144645
