session_id_raw,time_start,time_end,n_samples,soc_start,soc_end,delta_soc,charge_throughput_ah,capacity_ah_raw,duration_min,bms_available_capacity_at_max_soc,bms_available_energy_at_max_soc,bms_full_capacity_proxy_diag,mean_current,max_current,mean_temperature,max_temperature,capacity_ah_clean,capacity_ah_smooth,capacity_outlier_flag,bms_jump_flag_diag,soh_raw_percent,soh_clean_percent,soh_smooth_percent
0,2019-07-26T20:02:35,2019-07-26T22:05:33,924,27.2,99.6,72.39999999999999,96.72761556111111,133.60167895181095,122.96666717529297,135.34,45.02,135.8835341365462,-47.191134491342,-14.70001,42.05681818181818,44.0,133.60167895181095,133.60167895181095,0,0,99.5190655674217,99.5190655674217,99.5190655674217
1,2019-07-27T04:06:56,2019-07-27T05:47:16,753,30.0,99.6,69.6,94.30180449722224,135.4910984155492,100.33333587646484,135.34,45.02,135.8835341365462,-56.37465077025233,-14.70001,40.55511288180611,43.0,135.4910984155492,134.54638868368008,0,0,100.92648245747404,100.92648245747404,100.22277401244787
2,2019-07-28T17:25:00,2019-07-28T18:21:19,423,39.6,88.8,49.199999999999996,65.79766698472223,133.7350954974029,56.31666564941406,120.69,40.15,135.91216216216216,-70.08204820330971,-48.39999,37.3806146572104,39.0,133.7350954974029,133.7350954974029,0,0,99.6184467282927,99.6184467282927,99.6184467282927
4,2019-07-28T18:21:55,2019-07-28T18:54:14,244,89.2,100.0,10.799999999999997,15.195222283333335,140.69650262345684,32.31666564941406,136.16,45.29,136.16,-28.26475418032787,0.0,38.55122950819672,40.0,140.69650262345684,134.61309695647606,0,0,104.80395590493383,104.80395590493383,100.27246459288337
6,2019-07-29T12:53:17,2019-07-29T14:39:13,795,26.8,86.4,59.60000000000001,79.24433054583334,132.96028615072706,105.93333435058594,117.39,39.04,135.86805555555554,-44.86162578616352,-10.10001,37.762264150943395,40.0,132.96028615072706,133.7350954974029,0,0,99.04129603094333,99.04129603094333,99.6184467282927
7,2019-07-29T22:20:45,2019-07-29T23:55:28,713,18.8,65.6,46.8,61.71029343333333,131.85960135327636,94.71666717529297,89.07999,29.63,135.79266768292683,-39.08388088359045,-28.20001,33.801542776998595,37.0,131.85960135327636,133.66838722460693,0,0,98.22140272282053,98.22140272282053,99.5687561478572
8,2019-07-30T02:16:49,2019-07-30T05:31:06,1458,38.8,99.6,60.8,82.30744452222221,135.3740863852339,194.28334045410156,135.34,45.02,135.8835341365462,-25.41385462277092,-14.5,34.20301783264746,36.0,135.3740863852339,133.7350954974029,0,0,100.8393209187233,100.8393209187233,99.6184467282927
9,2019-07-30T13:32:26,2019-07-30T14:49:33,579,48.8,99.6,50.8,69.16474871388888,136.15108014545055,77.11666870117188,135.34,45.02,135.8835341365462,-53.80207155440415,-14.39999,38.77892918825561,41.0,136.15108014545055,134.5545909413184,0,0,101.41809877222892,101.41809877222892,100.228883823508
17,2019-07-30T23:59:53,2019-07-31T02:34:07,1157,22.8,73.2,50.400000000000006,66.06330348333333,131.07798310185183,154.23333740234375,99.39,33.06,135.77868852459017,-25.700009999999995,-25.70001,35.60458081244598,37.0,131.07798310185183,133.7350954974029,0,0,97.6391801143736,97.6391801143736,99.6184467282927
19,2019-07-31T08:06:58,2019-07-31T08:21:54,113,14.0,28.0,14.0,18.401670044444447,131.44050031746033,14.933333396911621,37.97,12.63,135.60714285714283,-73.60974805309735,0.0,33.74778761061947,35.0,131.44050031746033,133.66838722460693,0,0,97.9092169494831,97.9092169494831,99.5687561478572
20,2019-07-31T08:22:26,2019-07-31T10:02:28,753,28.4,99.6,71.19999999999999,97.23619307916667,136.56768690894197,100.03333282470703,135.34,45.02,135.8835341365462,-58.205585166002656,-14.39999,38.1726427622842,41.0,136.56768690894197,133.7350954974029,0,0,101.72842657751562,101.72842657751562,99.6184467282927
21,2019-07-31T22:04:53,2019-07-31T22:56:48,390,30.8,60.4,29.599999999999998,38.858214294444444,131.27775099474476,51.91666793823242,82.02,27.28,135.79470198675497,-44.90845238461539,-44.89999,32.32435897435897,35.0,131.27775099474476,133.66838722460693,0,0,97.78798598408314,97.78798598408314,99.5687561478572
22,2019-08-01T08:11:16,2019-08-01T09:36:08,637,60.0,99.6,39.599999999999994,53.70590927222223,135.6209830106622,84.86666870117188,135.34,45.02,135.8835341365462,-37.9572946310832,-14.60001,29.967032967032967,31.0,135.6209830106622,133.7350954974029,0,0,101.02323269024554,101.02323269024554,99.6184467282927
23,2019-08-01T19:18:38,2019-08-01T20:49:45,684,52.0,98.8,46.8,62.506929031944445,133.56181417082146,91.11666870117188,134.29,44.67,135.92105263157893,-41.126753406432755,-14.60001,29.94736842105263,32.0,133.56181417082146,133.66838722460693,0,0,99.48937053825553,99.48937053825553,99.5687561478572
26,2019-08-02T15:32:35,2019-08-02T17:13:43,759,18.0,68.8,50.8,66.92155772583334,131.73534985400264,101.13333129882812,93.45,31.09,135.82848837209303,-39.65374799472991,0.0,31.85375494071146,34.0,131.73534985400264,133.60167895181095,0,0,98.12884854835141,98.12884854835141,99.5190655674217
27,2019-08-02T17:15:19,2019-08-02T17:58:00,321,68.4,89.2,20.799999999999997,28.02431467638889,134.73228209802355,42.68333435058594,121.25,40.33,135.9304932735426,-39.340803277258566,-4.899994,33.7803738317757,35.0,134.73228209802355,133.66838722460693,0,0,100.36124486877051,100.36124486877051,99.5687561478572
28,2019-08-03T01:03:46,2019-08-03T02:47:02,775,19.2,70.0,50.8,67.2969061,132.4742246062992,103.26667022705078,95.11,31.64,135.87142857142857,-39.10091322580645,-39.10001,34.42580645161291,37.0,132.4742246062992,133.60167895181095,0,0,98.67923178826891,98.67923178826891,99.5190655674217
29,2019-08-03T07:04:16,2019-08-03T08:45:48,762,28.8,99.6,70.8,96.20251394305556,135.8792569817169,101.53333282470703,135.34,45.02,135.8835341365462,-56.82585305774279,-14.89999,35.776246719160106,38.0,135.8792569817169,133.66838722460693,0,0,101.21561937626183,101.21561937626183,99.5687561478572
30,2019-08-04T01:00:40,2019-08-04T02:29:32,667,19.2,95.2,76.0,100.70012709166669,132.50016722587722,88.86666870117188,129.44,43.06,135.96638655462183,-67.9793211394303,-48.80002,34.938530734632685,38.0,132.50016722587722,133.60167895181095,0,0,98.69855628537876,98.69855628537876,99.5190655674217
31,2019-08-04T07:27:00,2019-08-04T08:28:23,462,58.8,93.2,34.400000000000006,46.14126023055555,134.13157043766145,61.38333511352539,126.62,42.11,135.85836909871244,-45.101525151515155,-45.10001,33.489177489177486,35.0,134.13157043766145,133.66838722460693,0,0,99.91377846278132,99.91377846278132,99.5687561478572
32,2019-08-04T18:13:01,2019-08-04T23:01:13,2161,24.4,99.6,75.19999999999999,102.60464393666668,136.44234566046103,288.20001220703125,135.34,45.02,135.8835341365462,-21.360713690883852,-7.200012,37.160111059694586,39.0,136.44234566046103,133.7350954974029,0,0,101.63506065559203,101.63506065559203,99.6184467282927
33,2019-08-05T17:11:09,2019-08-05T18:49:53,741,16.0,98.4,82.4,110.71517021111113,134.36307064455232,98.73332977294922,133.71,44.48,135.8841463414634,-67.25021302294198,-15.10001,40.039136302294196,43.0,134.36307064455232,133.93333296753218,0,0,100.08622153721869,100.08622153721869,99.76611259553701
34,2019-08-06T05:16:44,2019-08-06T07:17:45,908,12.4,99.6,87.19999999999999,117.39506354722225,134.62736645323653,121.01667022705078,135.34,45.02,135.8835341365462,-58.186244328193844,-14.20001,40.0192731277533,43.0,134.62736645323653,134.13157043766145,0,0,100.28309385289613,100.28309385289613,99.91377846278132
35,2019-08-06T18:11:52,2019-08-06T21:52:22,1654,21.2,84.0,62.8,82.68150001111111,131.6584395081387,220.5,114.13,37.97,135.86904761904762,-22.496735193470375,-17.10001,37.12363966142684,39.0,131.6584395081387,133.93333296753218,0,0,98.07155850669254,98.07155850669254,99.76611259553701
36,2019-08-07T00:24:17,2019-08-07T01:55:41,686,52.0,99.6,47.599999999999994,65.04159287499999,136.6420018382353,91.4000015258789,135.34,45.02,135.8835341365462,-42.665603921282795,-15.0,36.182944606414,39.0,136.6420018382353,134.13157043766145,0,0,101.78378330939957,101.78378330939957,99.91377846278132
37,2019-08-07T16:09:37,2019-08-07T17:25:33,570,50.0,99.6,49.599999999999994,67.94944346944445,136.99484570452512,75.93333435058594,135.34,45.02,135.8835341365462,-53.675437807017545,-14.39999,39.835087719298244,41.0,136.99484570452512,134.2473205411069,0,0,102.04661452634127,102.04661452634127,100.0
38,2019-08-08T16:01:17,2019-08-08T16:19:49,140,19.2,36.0,16.8,22.884335722222225,136.21628406084656,18.53333282470703,48.89,16.26,135.80555555555557,-74.085722,-74.0,40.385714285714286,42.0,136.21628406084656,134.36307064455232,0,0,101.46666876612764,101.46666876612764,100.08622153721869
39,2019-08-08T16:20:21,2019-08-08T17:53:21,698,36.8,100.0,63.2,85.56842875555556,135.3930834739803,93.0,136.16,45.29,136.16,-55.17708515759312,0.0,43.8230659025788,46.0,135.3930834739803,134.49521854889443,0,0,100.85347173281019,100.85347173281019,100.18465769505741
40,2019-08-09T15:38:38,2019-08-09T17:42:03,926,8.0,99.6,91.6,124.25293836527779,135.6473126258491,123.41666412353516,135.34,45.02,135.8835341365462,-60.39169521598273,-14.5,45.872030237580994,49.0,135.6473126258491,134.62736645323653,0,0,101.04284545799449,101.04284545799449,100.28309385289613
41,2019-08-11T00:17:24,2019-08-11T01:42:55,642,21.2,93.2,72.0,96.26688924305556,133.70401283757718,85.51667022705078,126.73,42.16,135.9763948497854,-67.52726855140187,-47.39999,39.81542056074766,43.0,133.70401283757718,134.49521854889443,0,0,99.59529344694567,99.59529344694567,100.18465769505741
42,2019-08-11T08:55:20,2019-08-11T09:38:26,324,80.0,99.6,19.599999999999994,27.266869294444444,139.1166800736962,43.099998474121094,135.34,45.02,135.8835341365462,-37.97655456790124,-14.20001,37.07253086419753,39.0,139.1166800736962,134.62736645323653,0,0,103.62715584412598,103.62715584412598,100.28309385289613
43,2019-08-11T21:45:40,2019-08-11T22:57:03,536,56.4,99.6,43.199999999999996,59.24313481944445,137.13688615612142,71.38333129882812,135.34,45.02,135.8835341365462,-49.740493320895524,-14.0,39.46735074626866,41.0,137.13688615612142,134.67982427563004,0,0,102.15241958153626,102.15241958153626,100.32216936083333
44,2019-08-12T03:23:37,2019-08-12T04:38:28,562,51.2,100.0,48.8,66.45471170694445,136.1776879240665,74.8499984741211,136.16,45.29,136.16,-53.24075003558719,0.0,40.21085409252669,42.0,136.1776879240665,134.73228209802355,0,0,101.43791874219832,101.43791874219832,100.36124486877051
45,2019-08-12T16:21:32,2019-08-12T19:15:17,1303,18.4,99.6,81.19999999999999,110.04803639583336,135.52713841851403,173.75,135.34,45.02,135.8835341365462,-37.99456839600922,-14.39999,41.279739063699154,43.0,135.52713841851403,135.05318424162874,0,0,100.95332843311033,100.95332843311033,100.60028289374691
46,2019-08-13T03:28:16,2019-08-13T05:01:00,696,27.6,98.8,71.19999999999999,94.78705045416666,133.1278798513577,92.73332977294922,134.26,44.66,135.8906882591093,-61.298999913793104,-14.30002,37.21479885057471,40.0,133.1278798513577,134.73228209802355,0,0,99.1661355435348,99.1661355435348,100.36124486877051
47,2019-08-13T10:31:47,2019-08-13T12:06:34,713,50.0,99.6,49.599999999999994,67.54261573055557,136.17462848902335,94.78333282470703,135.34,45.02,135.8835341365462,-42.75371963534363,-14.5,37.910939691444604,40.0,136.17462848902335,135.05318424162874,0,0,101.43563978792882,101.43563978792882,100.60028289374691
48,2019-08-14T11:47:53,2019-08-14T14:29:33,1213,32.8,85.6,52.8,70.3255825,133.19239109848485,161.6666717529297,116.32,38.69,135.88785046728972,-26.1002573206925,-26.10001,36.023495465787306,37.0,133.19239109848485,134.73228209802355,0,0,99.21418957311776,99.21418957311776,100.36124486877051
49,2019-08-14T14:30:05,2019-08-14T15:11:18,310,86.0,98.8,12.799999999999997,17.78770121388889,138.96641573350698,41.21666717529297,134.29,44.67,135.92105263157893,-25.875816290322586,-14.5,36.553225806451614,38.0,138.96641573350698,135.05318424162874,0,0,103.5152248651064,103.5152248651064,100.60028289374691
50,2019-08-14T18:20:36,2019-08-14T19:32:55,543,78.0,99.6,21.599999999999994,29.854650919444442,138.21597647890948,72.31666564941406,135.34,45.02,135.8835341365462,-24.754521952117866,-14.5,39.1353591160221,40.0,138.21597647890948,135.3740863852339,0,0,102.95622729884384,102.95622729884384,100.8393209187233
51,2019-08-15T08:26:21,2019-08-15T11:08:35,1218,15.2,99.6,84.39999999999999,112.79911060555558,133.64823531463935,162.23333740234375,135.34,45.02,135.8835341365462,-41.70296575533663,-14.70001,34.77339901477833,38.0,133.64823531463935,135.05318424162874,0,0,99.55374511457448,99.55374511457448,100.60028289374691
52,2019-08-16T01:09:46,2019-08-16T02:52:54,774,28.0,99.6,71.6,96.95368069444446,135.41016856765987,103.13333129882812,135.34,45.02,135.8835341365462,-56.36137764857882,-14.70001,37.29780361757106,40.0,135.41016856765987,135.3740863852339,0,0,100.86619831357967,100.86619831357967,100.8393209187233
53,2019-08-16T16:21:49,2019-08-16T18:05:46,780,15.6,98.4,82.80000000000001,110.13955848194445,133.01879043713097,103.94999694824219,133.76,44.49,135.93495934959347,-63.56526611538461,-14.30002,42.58205128205128,45.0,133.01879043713097,135.05318424162874,0,0,99.08487551258072,99.08487551258072,100.60028289374691
54,2019-08-17T02:23:21,2019-08-17T04:10:38,805,25.6,99.6,74.0,100.1801969013889,135.37864446133634,107.28333282470703,135.34,45.02,135.8835341365462,-56.01168616149068,-14.10001,37.38447204968944,40.0,135.37864446133634,135.3740863852339,0,0,100.84271620146268,100.84271620146268,100.8393209187233
55,2019-08-18T04:10:04,2019-08-18T06:14:01,930,26.0,88.8,62.8,82.99740954722223,132.16148017073604,123.94999694824219,120.68,40.14,135.9009009009009,-40.174096021505385,-20.10001,32.0005376344086,34.0,132.16148017073604,135.05318424162874,0,0,98.44627038963347,98.44627038963347,100.60028289374691
56,2019-08-18T17:02:31,2019-08-18T19:08:46,950,17.2,88.4,71.2,95.0665767127778,133.52047291120476,126.25,120.1,39.95,135.85972850678732,-45.15979952000001,-6.399994,35.11,38.0,133.52047291120476,134.73228209802355,0,0,99.45857568927823,99.45857568927823,100.36124486877051
57,2019-08-19T03:30:39,2019-08-19T05:24:12,852,22.4,96.8,74.4,98.66171338944446,132.6098298245221,113.55000305175781,131.6,43.77,135.9504132231405,-52.09249827230048,-6.300018,34.32570422535211,37.0,132.6098298245221,134.67982427563004,0,0,98.7802432778661,98.7802432778661,100.32216936083333
58,2019-08-19T17:13:07,2019-08-19T19:02:39,822,36.0,97.6,61.599999999999994,81.99046268888888,133.10140046897547,109.53333282470703,132.61,44.11,135.87090163934428,-44.885289793187354,0.0,37.01885644768856,39.0,133.10140046897547,134.62736645323653,0,0,99.14641121512699,99.14641121512699,100.28309385289613
59,2019-08-20T17:51:24,2019-08-20T20:45:42,1308,8.8,100.0,91.2,122.06986247222224,133.84853341252438,174.3000030517578,136.16,45.29,136.16,-42.008114006116216,0.0,40.27522935779817,42.0,133.84853341252438,134.49521854889443,0,0,99.70294593070824,99.70294593070824,100.18465769505741
60,2019-08-21T01:51:04,2019-08-21T04:01:19,977,35.6,98.8,63.199999999999996,84.7127008263889,134.03908358605838,130.25,134.26,44.66,135.8906882591093,-39.01341772773798,-14.30002,37.155578300921185,39.0,134.03908358605838,134.36307064455232,0,0,99.84488557819317,99.84488557819317,100.08622153721869
61,2019-08-21T20:39:38,2019-08-21T22:30:55,835,19.6,99.6,80.0,107.24855008472223,134.06068760590279,111.28333282470703,135.34,45.02,135.8835341365462,-57.76635184431137,0.0,39.65389221556886,42.0,134.06068760590279,134.2473205411069,0,0,99.86097827915533,99.86097827915533,100.0
62,2019-08-22T17:24:10,2019-08-22T19:01:10,728,34.8,100.0,65.2,88.20998463055557,135.29138747017726,97.0,136.16,45.29,136.16,-54.5443757967033,-13.89999,40.59684065934066,42.0,135.29138747017726,134.49521854889443,0,0,100.77771900762123,100.77771900762123,100.18465769505741
63,2019-08-23T05:02:24,2019-08-23T07:07:33,939,9.6,99.6,90.0,121.85824202500001,135.39804669444445,125.1500015258789,135.34,45.02,135.8835341365462,-58.40394986155485,-14.0,39.93450479233227,43.0,135.39804669444445,134.49521854889443,0,0,100.85716880508255,100.85716880508255,100.18465769505741
64,2019-08-24T07:07:37,2019-08-24T11:53:54,2147,6.8,98.8,92.0,123.77526696666668,134.5383336594203,286.2833251953125,134.24,44.66,135.87044534412956,-25.93843508616675,-14.5,33.720540288775034,36.0,134.5383336594203,134.58285005632843,0,0,100.21677387462218,100.21677387462218,100.24993386375915
65,2019-08-24T22:27:51,2019-08-25T00:06:27,740,31.6,99.6,68.0,92.43728780555556,135.9371879493464,98.5999984741211,135.32,45.02,135.86345381526104,-56.234870959459464,-14.5,42.07297297297297,44.0,135.9371879493464,134.58285005632843,0,0,101.25877179628479,101.25877179628479,100.24993386375915
66,2019-08-25T21:07:49,2019-08-25T22:45:05,730,19.6,98.4,78.80000000000001,104.32663284166668,132.39420411379018,97.26667022705078,133.73,44.49,135.90447154471542,-64.32508189041097,-14.20001,35.2527397260274,38.0,132.39420411379018,134.58285005632843,0,0,98.61962501758143,98.61962501758143,100.24993386375915
67,2019-08-26T08:06:29,2019-08-26T09:37:37,684,38.8,99.6,60.8,82.16765664722224,135.14417211714186,91.13333129882812,135.34,45.02,135.8835341365462,-54.06433916666666,-14.5,33.37280701754386,36.0,135.14417211714186,134.67982427563004,0,0,100.66805920030288,100.66805920030288,100.32216936083333
68,2019-08-26T22:59:36,2019-08-27T00:34:36,713,32.4,100.0,67.6,90.92612493333334,134.5061019723866,95.0,136.16,45.29,136.16,-57.400289228611506,0.0,35.65427769985975,38.0,134.5061019723866,134.58285005632843,0,0,100.19276469000398,100.19276469000398,100.24993386375915
69,2019-08-27T13:14:29,2019-08-27T14:42:40,662,42.0,99.6,57.599999999999994,78.45405025833334,136.20494836516207,88.18333435058594,135.34,45.02,135.8835341365462,-53.36449791540785,-14.30002,35.4441087613293,37.0,136.20494836516207,134.58285005632843,0,0,101.45822487641811,101.45822487641811,100.24993386375915
70,2019-08-28T05:51:35,2019-08-28T07:08:58,581,51.6,99.6,47.99999999999999,66.48250502777778,138.5052188078704,77.38333129882812,135.34,45.02,135.8835341365462,-51.53718118760758,-14.70001,34.31067125645439,36.0,138.5052188078704,134.67982427563004,0,0,103.1716821234132,103.1716821234132,100.32216936083333
71,2019-08-29T02:23:43,2019-08-29T03:29:38,495,60.0,99.6,39.599999999999994,54.636908812499996,137.97199195075757,65.91666412353516,135.34,45.02,135.8835341365462,-49.72485397979798,-14.5,36.627272727272725,38.0,137.97199195075757,134.9382271075827,0,0,102.77448473059853,102.77448473059853,100.5146520345367
72,2019-08-29T17:56:34,2019-08-29T19:45:18,816,23.2,99.6,76.39999999999999,102.83417534583334,134.59970595004367,108.73332977294922,135.34,45.02,135.8835341365462,-56.72194871323531,-14.20001,39.48774509803921,42.0,134.59970595004367,134.67982427563004,0,0,100.2624897148907,100.2624897148907,100.32216936083333
73,2019-08-31T03:01:44,2019-08-31T04:06:35,487,62.4,99.6,37.199999999999996,51.1615307,137.53099650537638,64.8499984741211,135.34,45.02,135.8835341365462,-47.32731277207392,-14.5,31.18583162217659,32.0,137.53099650537638,134.9382271075827,0,0,102.44598994678931,102.44598994678931,100.5146520345367
74,2019-08-31T12:11:56,2019-08-31T13:05:02,399,70.8,99.6,28.799999999999997,39.73231116111111,137.95941375385803,53.099998474121094,135.34,45.02,135.8835341365462,-44.902512606516304,-14.60001,34.299498746867165,35.0,137.95941375385803,134.9382271075827,0,0,102.76511530940724,102.76511530940724,100.5146520345367
75,2019-09-01T03:08:14,2019-09-01T04:59:47,837,16.0,99.6,83.6,112.95469878472223,135.11327605828018,111.55000305175781,135.34,45.02,135.8835341365462,-60.73871947431303,-14.80002,35.93966547192353,39.0,135.11327605828018,135.12872408771102,0,0,100.6450449168616,100.6450449168616,100.65655205858224
76,2019-09-01T16:49:12,2019-09-01T18:30:04,757,28.0,99.6,71.6,97.0076096736111,135.48548837096524,100.86666870117188,135.34,45.02,135.8835341365462,-57.689835667107005,-14.10001,37.40951122853369,40.0,135.48548837096524,135.21777979365956,0,0,100.92230356990942,100.92230356990942,100.72288910396205
77,2019-09-02T18:15:32,2019-09-02T21:04:03,1264,20.8,99.6,78.8,105.8790782166667,134.36431245769887,168.51666259765625,135.34,45.02,135.8835341365462,-37.688071748417734,-14.5,32.975474683544306,35.0,134.36431245769887,135.21777979365956,0,0,100.08714655616248,100.08714655616248,100.72288910396205
78,2019-09-03T07:58:37,2019-09-03T08:57:05,440,73.2,99.6,26.39999999999999,35.92778812222223,136.09010652356912,58.46666717529297,135.32,45.02,135.86345381526104,-36.88341970454546,-14.10001,30.456818181818182,32.0,136.09010652356912,135.33501596575678,0,0,101.3726798978442,101.3726798978442,100.81021760454195
79,2019-09-03T18:24:18,2019-09-03T19:54:05,674,41.6,99.6,57.99999999999999,79.01916851805555,136.23994572078544,89.78333282470703,135.34,45.02,135.8835341365462,-52.78472862017805,-13.80002,37.231454005934715,39.0,136.23994572078544,135.33501596575678,0,0,101.48429419048881,101.48429419048881,100.81021760454195
80,2019-09-04T14:05:02,2019-09-04T15:37:01,691,34.8,86.8,52.0,69.13339033055556,132.94882755876068,91.98332977294922,118.01,39.25,135.9562211981567,-45.077144587554265,-20.20001,34.18596237337192,36.0,132.94882755876068,135.33501596575678,0,0,99.0327605965524,99.0327605965524,100.81021760454195
81,2019-09-04T18:09:10,2019-09-04T19:25:30,573,68.0,99.6,31.599999999999994,44.050379025000005,139.39993362341775,76.33333587646484,135.34,45.02,135.8835341365462,-34.61275403141362,-14.39999,35.795811518324605,37.0,139.39993362341775,135.38586396765834,0,0,103.83814966402485,103.83814966402485,100.84809396713644
82,2019-09-05T03:41:34,2019-09-05T05:06:27,637,43.2,99.6,56.39999999999999,76.51950761944445,135.67288585007884,84.88333129882812,135.34,45.02,135.8835341365462,-54.08807445839875,-14.0,35.76452119309262,38.0,135.67288585007884,135.38586396765834,0,0,101.06189479479066,101.06189479479066,100.84809396713644
83,2019-09-05T13:13:03,2019-09-05T15:03:15,827,21.2,99.6,78.39999999999999,106.21864515555556,135.4829657596372,110.19999694824219,135.34,45.02,135.8835341365462,-57.80932174123338,-14.70001,38.81257557436518,41.0,135.4829657596372,135.39556508421236,0,0,100.92042449231005,100.92042449231005,100.85532026894637
84,2019-09-06T00:27:05,2019-09-06T02:00:37,702,37.6,100.0,62.4,84.37656001388889,135.218846176104,93.53333282470703,136.16,45.29,136.16,-54.09743874643875,0.0,37.819088319088316,40.0,135.218846176104,135.39556508421236,0,0,100.72368344565925,100.72368344565925,100.85532026894637
85,2019-09-06T17:07:27,2019-09-06T18:43:15,719,34.0,99.6,65.6,89.40184619583334,136.28330212779474,95.80000305175781,135.34,45.02,135.8835341365462,-55.9678887899861,-14.70001,41.01599443671766,43.0,136.28330212779474,135.40410763105217,0,0,101.51659011031391,101.51659011031391,100.86168355933111
86,2019-09-06T22:10:51,2019-09-06T23:35:19,634,40.4,99.2,58.800000000000004,76.18811188055557,129.57161884448223,84.46666717529297,123.31,41.38,124.30443548387098,-54.10363817034701,-14.0,39.98186119873817,42.0,129.57161884448223,135.39556508421236,0,1,96.51709868191153,96.51709868191153,100.85532026894637
87,2019-09-07T08:23:43,2019-09-07T09:28:01,483,8.400001,68.0,59.599999,79.09335333333334,132.70697090671655,64.30000305175781,92.39,30.73,135.8676470588235,-73.8039524016563,-73.70001,37.60248447204969,42.0,132.70697090671655,135.38586396765834,0,1,98.85260307007864,98.85260307007864,100.84809396713644
89,2019-09-07T09:52:58,2019-09-07T10:44:04,384,75.2,99.6,24.39999999999999,35.80639599444445,146.74752456739535,51.099998474121094,135.34,45.02,135.8835341365462,-42.05495627604167,-14.10001,40.963541666666664,42.0,146.74752456739535,135.38586396765834,0,0,109.31132478168222,109.31132478168222,100.84809396713644
90,2019-09-07T21:15:33,2019-09-07T23:01:14,793,20.4,99.6,79.19999999999999,106.40745361944444,134.35284547909652,105.68333435058594,135.34,45.02,135.8835341365462,-60.394204451450186,-15.0,43.55800756620429,46.0,134.35284547909652,135.33501596575678,0,0,100.0786048746182,100.0786048746182,100.81021760454195
91,2019-09-08T10:50:25,2019-09-08T12:26:29,721,38.4,99.6,61.199999999999996,83.92057202222223,137.12511768336967,96.06666564941406,135.34,45.02,135.8835341365462,-52.400565076282945,-13.10001,38.12621359223301,40.0,137.12511768336967,135.33501596575678,0,0,102.14365331886202,102.14365331886202,100.81021760454195
92,2019-09-08T22:11:41,2019-09-08T23:44:40,698,31.6,99.6,68.0,91.67716315000001,134.81935757352943,92.98332977294922,135.34,45.02,135.8835341365462,-59.13252819484241,-14.60001,37.93767908309456,41.0,134.81935757352943,135.33501596575678,0,0,100.42610685272291,100.42610685272291,100.81021760454195
93,2019-09-09T07:21:34,2019-09-09T08:30:25,517,58.0,99.6,41.599999999999994,57.17923026111111,137.45007274305559,68.8499984741211,135.34,45.02,135.8835341365462,-49.813546673114125,-14.70001,35.74564796905222,37.0,137.45007274305559,135.33501596575678,0,0,102.38571033599737,102.38571033599737,100.81021760454195
94,2019-09-09T23:32:16,2019-09-10T01:56:58,1091,18.4,99.6,81.19999999999999,109.95271765972223,135.40975081246583,144.6999969482422,135.34,45.02,135.8835341365462,-45.57773073327222,-14.89999,37.83868010999083,40.0,135.40975081246583,135.33501596575678,0,0,100.86588713031557,100.86588713031557,100.81021760454195
95,2019-09-10T18:57:33,2019-09-10T20:35:45,737,20.4,98.8,78.4,104.23784837916666,132.95643925914115,98.19999694824219,134.31,44.68,135.9412955465587,-63.688603147896885,-14.20001,42.61261872455902,45.0,132.95643925914115,135.2551168231406,0,0,99.03843050515823,99.03843050515823,100.75070122664025
96,2019-09-11T03:17:59,2019-09-11T03:54:48,277,54.0,86.8,32.8,43.77258558333334,133.45300482723582,36.81666564941406,117.99,39.25,135.9331797235023,-71.33574371841155,-71.0,38.915162454873645,41.0,133.45300482723582,135.18150914662294,0,0,99.40831913019235,99.40831913019235,100.69587132298106
97,2019-09-11T15:58:29,2019-09-11T17:59:14,906,10.0,99.6,89.6,120.44221145694445,134.42211100105408,120.75,135.34,45.02,135.8835341365462,-59.8284852759382,-15.5,43.67273730684327,47.0,134.42211100105408,135.18150914662294,0,0,100.13020033416136,100.13020033416136,100.69587132298106
99,2019-09-12T01:22:02,2019-09-12T03:00:46,741,32.8,99.6,66.8,90.86186998333334,136.02076344810382,98.73332977294922,135.34,45.02,135.8835341365462,-55.20243454790823,-14.80002,41.752361673414306,45.0,136.02076344810382,135.18150914662294,0,0,101.32102666917207,101.32102666917207,100.69587132298106
100,2019-09-12T15:25:39,2019-09-12T17:28:20,921,38.8,99.6,60.8,82.78729635166665,136.1633163678728,122.68333435058594,135.34,45.02,135.8835341365462,-40.480247950054284,-7.200012,41.324647122692724,43.0,136.1633163678728,135.2551168231406,0,0,101.42721345874402,101.42721345874402,100.75070122664025
101,2019-09-13T02:59:16,2019-09-13T04:37:19,736,29.2,78.0,48.8,64.7696576238889,132.72470824567398,98.05000305175781,105.99,35.26,135.8846153846154,-39.61101691032609,-4.800018,38.82201086956522,41.0,132.72470824567398,135.18150914662294,0,0,98.86581550432757,98.86581550432757,100.69587132298106
102,2019-09-13T12:48:43,2019-09-13T14:50:57,917,9.6,99.6,90.0,121.80386460555559,135.3376273395062,122.23332977294922,135.34,45.02,135.8835341365462,-59.77263667393675,-14.60001,43.12540894220284,46.0,135.3376273395062,135.18150914662294,0,0,100.81216280072083,100.81216280072083,100.69587132298106
103,2019-09-13T22:26:18,2019-09-13T23:27:49,462,36.0,89.2,53.2,71.07077352916667,133.59167956610275,61.516666412353516,121.23,40.32,135.90807174887894,-69.2952474891775,-47.70001,41.692640692640694,44.0,133.59167956610275,135.18150914662294,0,0,99.51161708676088,99.51161708676088,100.69587132298106
104,2019-09-14T17:11:20,2019-09-14T18:42:11,682,33.6,99.6,66.0,88.12477648055555,133.52238860690235,90.8499984741211,135.34,45.02,135.8835341365462,-58.182119765395896,-16.60001,35.76466275659824,38.0,133.52238860690235,135.12872408771102,0,0,99.4600026791726,99.4600026791726,100.65655205858224
105,2019-09-15T15:00:04,2019-09-15T16:35:12,714,54.4,99.6,45.199999999999996,61.9750682861111,137.11298293387412,95.13333129882812,135.34,45.02,135.8835341365462,-39.050988417366945,-10.20001,37.226190476190474,39.0,137.11298293387412,135.18150914662294,0,0,102.13461421890335,102.13461421890335,100.69587132298106
106,2019-09-16T00:47:30,2019-09-16T02:03:25,570,31.2,94.8,63.599999999999994,84.64816196944444,133.09459429157934,75.91666412353516,128.85,42.86,135.91772151898735,-66.88983182456141,-47.89999,39.170175438596495,42.0,133.09459429157934,135.12872408771102,0,0,99.14134133561751,99.14134133561751,100.65655205858224
107,2019-09-16T05:52:40,2019-09-16T06:45:06,394,72.8,99.6,26.799999999999997,36.99389527777778,138.03692267827532,52.43333435058594,135.34,45.02,135.8835341365462,-42.3436621319797,-14.0,35.42258883248731,37.0,138.03692267827532,135.18150914662294,0,0,102.82285122853388,102.82285122853388,100.69587132298106
109,2019-09-17T09:08:45,2019-09-17T11:32:52,1081,26.8,99.6,72.8,98.25560664166667,134.96649263965202,144.11666870117188,135.34,45.02,135.8835341365462,-40.893071683626275,-14.5,32.55550416281221,35.0,134.96649263965202,135.18150914662294,0,0,100.53570685481571,100.53570685481571,100.69587132298106
110,2019-09-17T19:04:31,2019-09-17T20:35:38,684,40.4,91.6,51.199999999999996,68.46904296388888,133.72859953884546,91.11666870117188,124.52,41.42,135.93886462882097,-45.072817017543855,-26.20001,36.2609649122807,38.0,133.72859953884546,135.18150914662294,0,0,99.61360792888034,99.61360792888034,100.69587132298106
111,2019-09-18T02:18:59,2019-09-18T04:22:20,928,18.8,88.8,70.0,92.72288166944445,132.4612595277778,123.3499984741211,120.68,40.14,135.9009009009009,-45.10238068965517,-45.10001,35.53125,38.0,132.4612595277778,135.18150914662294,0,0,98.66957418134675,98.66957418134675,100.69587132298106
112,2019-09-18T04:24:04,2019-09-18T04:58:31,260,88.8,99.6,10.799999999999997,15.994308061111111,148.0954450102881,34.45000076293945,135.34,45.02,135.8835341365462,-27.920389,-14.5,36.75,38.0,148.0954450102881,135.2551168231406,0,0,110.31538239524184,110.31538239524184,100.75070122664025
113,2019-09-19T09:06:05,2019-09-19T13:53:36,2156,1.6,94.0,92.4,124.11231329166667,134.3206853805916,287.51666259765625,127.71,42.48,135.86170212765958,-25.90022193413729,-25.89999,34.99512987012987,38.0,134.3206853805916,135.2551168231406,0,0,100.05464901585299,100.05464901585299,100.75070122664025
114,2019-09-19T18:52:14,2019-09-19T20:15:05,622,58.8,99.6,40.8,56.061575636111115,137.40582263752725,82.8499984741211,135.34,45.02,135.8835341365462,-40.580721929260456,-14.10001,38.0,39.0,137.40582263752725,135.31450740484172,0,0,102.35274870566464,102.35274870566464,100.79494090417103
115,2019-09-20T01:10:20,2019-09-20T01:59:18,368,70.8,99.2,28.400000000000006,38.802449200000005,136.62834225352114,48.96666717529297,134.83,44.85,135.91733870967744,-47.53370146739131,-13.80002,36.29347826086956,38.0,136.62834225352114,135.36783701697533,0,0,101.77360836910347,101.77360836910347,100.8346658029017
116,2019-09-20T09:20:33,2019-09-20T11:07:41,804,43.6,99.6,55.99999999999999,75.99207875416667,135.7001406324405,107.13333129882812,135.34,45.02,135.8835341365462,-42.54714452736319,-14.20001,35.15733830845771,37.0,135.7001406324405,135.37368907598602,0,0,101.08219671385454,101.08219671385454,100.8390249655182
117,2019-09-20T18:05:20,2019-09-20T19:41:32,722,32.0,99.6,67.6,91.20203476111111,134.91425260519395,96.19999694824219,135.34,45.02,135.8835341365462,-56.85762207756233,-13.89999,39.89819944598338,42.0,134.91425260519395,135.37368907598602,0,0,100.49679357576665,100.49679357576665,100.8390249655182
118,2019-09-21T13:27:59,2019-09-21T14:35:06,504,59.6,99.6,39.99999999999999,55.006395341666675,137.51598835416672,67.11666870117188,135.34,45.02,135.8835341365462,-49.16647400793651,-14.30002,33.81448412698413,35.0,137.51598835416672,135.37368907598602,0,0,102.43481046763907,102.43481046763907,100.8390249655182
119,2019-09-21T23:11:29,2019-09-22T00:32:28,608,48.8,99.6,50.8,69.19756819722222,136.2156854276028,80.98332977294922,135.34,45.02,135.8835341365462,-51.25724621710526,-14.20001,36.098684210526315,38.0,136.2156854276028,135.44635828605152,0,0,101.46622284792134,101.46622284792134,100.89315581131281
120,2019-09-23T02:14:06,2019-09-23T03:55:38,762,29.2,99.6,70.39999999999999,94.46191830972222,134.1788612354009,101.53333282470703,135.34,45.02,135.8835341365462,-55.80722700787401,-14.80002,33.624015748031496,36.0,134.1788612354009,135.44635828605152,0,0,99.94900508596368,99.94900508596368,100.89315581131281
121,2019-09-23T15:14:28,2019-09-23T16:46:40,693,31.2,99.2,68.0,90.6833736777778,133.3579024673203,92.19999694824219,134.84,44.85,135.92741935483872,-59.011263607503615,-14.5,37.95454545454545,40.0,133.3579024673203,135.44635828605152,0,0,99.33747796961485,99.33747796961485,100.89315581131281
122,2019-09-24T00:48:06,2019-09-24T02:36:35,814,33.2,92.0,58.8,77.89327531527778,132.47155665863568,108.48332977294922,125.07,41.6,135.94565217391303,-43.05283186732187,0.0,35.98218673218673,38.0,132.47155665863568,135.37368907598602,0,0,98.6772444505308,98.6772444505308,100.8390249655182
123,2019-09-24T13:56:31,2019-09-24T16:15:57,1046,25.2,99.6,74.39999999999999,99.87424273055558,134.23957356257472,139.43333435058594,135.34,45.02,135.8835341365462,-42.96617157743787,-13.20001,36.78441682600383,38.0,134.23957356257472,135.2782367578051,0,0,99.9942293235344,99.9942293235344,100.76792312319003
124,2019-09-24T20:39:18,2019-09-24T21:31:37,393,78.0,99.6,21.599999999999994,30.18216681388889,139.73225376800417,52.31666564941406,135.34,45.02,135.8835341365462,-34.60229025445293,-14.5,35.94529262086514,37.0,139.73225376800417,135.2782367578051,0,0,104.08569288741802,104.08569288741802,100.76792312319003
125,2019-09-25T14:13:17,2019-09-25T15:22:31,520,46.4,85.2,38.800000000000004,52.10723391666667,134.29699463058418,69.23332977294922,115.81,38.52,135.92723004694835,-45.11462551923078,0.0,32.99423076923077,35.0,134.29699463058418,135.2782367578051,0,0,100.03700192247939,100.03700192247939,100.76792312319003
126,2019-09-25T23:55:03,2019-09-26T01:39:23,783,26.8,99.6,72.8,98.00993525694444,134.62903194635226,104.33333587646484,135.34,45.02,135.8835341365462,-56.34572430395914,-14.60001,36.569604086845466,39.0,134.62903194635226,135.1660611171921,0,0,100.28433446843246,100.28433446843246,100.68436418126042
127,2019-09-26T17:04:53,2019-09-26T18:54:42,824,21.2,99.6,78.39999999999999,104.53479840555556,133.33520204790253,109.81666564941406,135.34,45.02,135.8835341365462,-57.098190885922335,-14.5,39.86104368932039,42.0,133.33520204790253,135.0398843489661,0,0,99.32056856738153,99.32056856738153,100.59037588583865
128,2019-09-27T01:26:30,2019-09-27T02:04:08,283,55.2,83.2,28.0,37.576544098611116,134.2019432093254,37.63333511352539,113.02,37.59,135.84134615384613,-59.90954448763251,-59.60001,36.32685512367491,38.0,134.2019432093254,134.94037262242298,0,0,99.96619870579273,99.96619870579273,100.51625021529118
129,2019-09-27T12:42:38,2019-09-27T13:52:29,526,33.2,86.0,52.8,69.89642186944444,132.3795868739478,69.8499984741211,116.91,38.89,135.94186046511626,-60.0406889163498,-59.70001,35.460076045627375,38.0,132.3795868739478,134.8668050893617,0,0,98.60873672589452,98.60873672589452,100.46145021424478
130,2019-09-27T18:44:44,2019-09-27T19:42:02,432,51.2,92.8,41.599999999999994,55.87982276527778,134.32649703191777,57.29999923706055,126.11,41.95,135.89439655172416,-58.506021944444456,-47.5,37.97800925925926,40.0,134.32649703191777,134.8668050893617,0,0,100.05897807903483,100.05897807903483,100.46145021424478
131,2019-09-28T04:48:30,2019-09-28T10:02:12,2352,16.4,99.6,83.19999999999999,111.38213149416666,133.87275419971957,313.70001220703125,135.34,45.02,135.8835341365462,-21.301574374149663,-7.200012,33.13499149659864,35.0,133.87275419971957,134.72419475994084,0,0,99.72098784550964,99.72098784550964,100.35522066057769
132,2019-09-28T20:03:51,2019-09-28T22:53:50,1275,30.8,86.8,56.0,73.93933388611113,132.034524796627,169.98333740234375,117.92,39.22,135.85253456221199,-26.09726490196079,-22.20001,37.24,39.0,132.034524796627,134.52557147370317,0,0,98.35170211549786,98.35170211549786,100.20726740129692
133,2019-09-29T14:08:16,2019-09-29T15:00:58,396,26.0,73.2,47.2,61.90316548888889,131.1507743408663,52.70000076293945,99.43999,33.08,135.84698087431693,-70.47777646464647,-70.30002,39.48737373737374,43.0,131.1507743408663,134.52557147370317,0,0,97.69340185877869,97.69340185877869,100.20726740129692
134,2019-09-29T15:01:54,2019-09-29T15:27:47,195,73.2,93.2,20.0,26.86147377777778,134.30736888888887,25.883333206176758,126.7,42.14,135.94420600858368,-62.24667025641027,-48.10001,41.864102564102566,43.0,134.30736888888887,134.3874782400753,0,0,100.04472964342226,100.04472964342226,100.10440260438978
135,2019-09-30T01:31:33,2019-09-30T02:55:32,631,29.6,97.6,68.0,90.48030861805557,133.0592773794935,83.98332977294922,132.63,44.12,135.89139344262296,-64.59430687797149,-14.60001,38.28050713153724,41.0,133.0592773794935,134.33967125550714,0,0,99.1150339859114,99.1150339859114,100.0687914768265
136,2019-09-30T06:07:14,2019-09-30T07:23:58,577,57.6,100.0,42.4,57.518797848611115,135.65754209578094,76.73332977294922,136.16,45.29,136.16,-44.96551608318891,0.0,37.13518197573657,39.0,135.65754209578094,134.33967125550714,0,0,101.05046532697257,101.05046532697257,100.0687914768265
137,2019-09-30T17:17:25,2019-09-30T17:53:26,271,38.8,70.4,31.60000000000001,42.274898309722225,133.78132376494372,36.016666412353516,95.57999,31.79,135.76703124999997,-70.42545380073801,-70.39999,38.474169741697416,41.0,133.78132376494372,134.3235912062547,0,0,99.65288187929198,99.65288187929198,100.05681354744391
138,2019-09-30T18:30:08,2019-09-30T19:24:58,412,70.8,99.6,28.799999999999997,39.755292034722224,138.03920845389663,54.83333206176758,135.34,45.02,135.8835341365462,-43.49927223300971,-14.5,39.48907766990291,41.0,138.03920845389663,134.3235912062547,0,0,102.82455388867793,102.82455388867793,100.05681354744391
139,2019-10-01T03:24:55,2019-10-01T03:52:48,210,38.0,64.0,26.0,34.631821379166674,133.1993129967949,27.883333206176758,86.97,28.93,135.890625,-74.52095657142857,-74.30002,36.78809523809524,39.0,133.1993129967949,134.3235912062547,0,0,99.21934565242135,99.21934565242135,100.05681354744391
140,2019-10-01T04:41:30,2019-10-01T05:42:29,458,64.0,99.6,35.599999999999994,48.58562160555556,136.47646518414487,60.983333587646484,135.34,45.02,135.8835341365462,-47.79651687772927,-14.70001,38.19759825327511,40.0,136.47646518414487,134.33967125550714,0,0,101.66047607807221,101.66047607807221,100.0687914768265
141,2019-10-01T19:11:26,2019-10-01T21:50:36,1194,22.0,98.8,76.8,101.76716148916668,132.50932485568578,159.1666717529297,134.24,44.66,135.87044534412956,-38.337430011725296,-4.899994,38.233668341708544,40.0,132.50932485568578,134.3235912062547,0,0,98.70537774726839,98.70537774726839,100.05681354744391
142,2019-10-02T09:44:48,2019-10-02T12:05:10,1053,31.6,98.8,67.19999999999999,88.99653388944445,132.43531828786377,140.36666870117188,134.28,44.67,135.91093117408906,-38.016443728395075,-4.899994,34.55033238366572,36.0,132.43531828786377,134.31402713474023,0,0,98.65025071194007,98.65025071194007,100.04968932963763
143,2019-10-03T11:55:32,2019-10-03T13:40:08,785,16.0,98.4,82.4,107.935988775,130.9902776395631,104.5999984741211,133.73,44.49,135.90447154471542,-61.88688848407643,-14.70001,37.54713375796178,40.0,130.9902776395631,134.30218175973653,0,0,97.57384885715727,97.57384885715727,100.04086578295082
144,2019-10-03T18:26:04,2019-10-03T18:41:33,117,62.4,70.4,8.000000000000007,10.38197735,129.77471687499988,15.483333587646484,95.6,31.8,135.79545454545453,-40.1641223076923,-24.39999,39.0,40.0,129.77471687499988,134.26828409657946,0,0,96.6683851505718,96.6683851505718,100.0156156230069
145,2019-10-03T23:34:23,2019-10-04T00:40:26,496,36.8,94.4,57.60000000000001,76.47532907222222,132.76966852816358,66.05000305175781,128.28,42.67,135.88983050847457,-69.45644776209677,-48.0,38.426411290322584,41.0,132.76966852816358,134.22075838595006,0,0,98.8993061410929,98.8993061410929,99.98021401466357
146,2019-10-04T05:07:24,2019-10-04T05:53:34,347,68.8,98.8,30.0,40.124532650000006,133.7484421666667,46.16666793823242,134.26,44.66,135.8906882591093,-52.080409798270885,-14.5,36.29538904899135,38.0,133.7484421666667,134.19040222236316,0,0,99.62838857980229,99.62838857980229,99.95760189587821
147,2019-10-04T09:47:49,2019-10-04T11:15:20,657,55.6,99.6,43.99999999999999,60.06892395833334,136.52028172348489,87.51667022705078,135.34,45.02,135.8835341365462,-41.1637797564688,-14.30002,36.445205479452056,38.0,136.52028172348489,134.22075838595006,0,0,101.69311474762881,101.69311474762881,99.98021401466357
148,2019-10-04T20:07:49,2019-10-04T22:17:22,972,36.8,98.8,62.0,82.6775101861111,133.35082288082435,129.5500030517578,134.26,44.66,135.8906882591093,-38.26079433333334,-4.899994,38.56738683127572,40.0,133.35082288082435,134.22075838595006,0,0,99.33220442935543,99.33220442935543,99.98021401466357
149,2019-10-05T02:36:36,2019-10-05T03:46:07,522,50.0,84.4,34.400000000000006,46.125092983888884,134.08457262758392,69.51667022705078,114.63,38.13,135.81753554502367,-39.7774029578544,-5.0,38.49616858237548,40.0,134.08457262758392,134.19040222236316,0,0,99.8787700842989,99.8787700842989,99.95760189587821
150,2019-10-05T04:01:59,2019-10-05T04:39:21,281,84.0,99.2,15.200000000000003,20.06166915070833,131.98466546518637,37.36666488647461,134.83,44.85,135.91733870967744,-32.108900761209966,0.0,37.5,39.0,131.98466546518637,134.1317169314924,0,0,98.31456220742395,98.31456220742395,99.91388758513129
151,2019-10-05T07:56:35,2019-10-05T09:28:23,689,56.4,99.6,43.199999999999996,59.1424564,136.90383425925927,91.80000305175781,135.34,45.02,135.8835341365462,-38.615247285921626,-14.20001,36.53846153846154,39.0,136.90383425925927,134.1317169314924,0,0,101.97882066282207,101.97882066282207,99.91388758513129
152,2019-10-05T15:06:52,2019-10-05T15:33:49,203,64.4,77.6,13.199999999999989,18.102869661111114,137.1429519781146,26.950000762939453,105.41,35.06,135.83762886597938,-40.303467241379316,-40.30002,37.82512315270936,39.0,137.1429519781146,134.19040222236316,0,0,102.1569379748783,102.1569379748783,99.95760189587821
153,2019-10-06T00:16:30,2019-10-06T01:56:44,753,32.0,99.6,67.6,91.42666031944445,135.24653893408944,100.23332977294922,135.34,45.02,135.8835341365462,-54.729362084993376,-14.10001,36.52390438247012,39.0,135.24653893408944,134.19040222236316,0,0,100.74431161006048,100.74431161006048,99.95760189587821
154,2019-10-06T13:31:36,2019-10-06T14:44:11,545,56.4,99.6,43.199999999999996,59.504449686111116,137.74178168081278,72.58333587646484,135.34,45.02,135.8835341365462,-49.173949284403676,-14.20001,36.888990825688076,38.0,137.74178168081278,134.22075838595006,0,0,102.60300252222605,102.60300252222605,99.98021401466357
155,2019-10-06T23:26:13,2019-10-07T01:07:41,762,33.2,90.8,57.599999999999994,76.26946135555556,132.41225929783954,101.46666717529297,123.44,41.06,135.94713656387665,-45.1002724671916,-45.10001,36.07086614173228,38.0,132.41225929783954,134.22075838595006,0,0,98.6330742126764,98.6330742126764,99.98021401466357
156,2019-10-07T07:39:49,2019-10-07T11:31:11,1735,26.4,99.6,73.19999999999999,98.64364794722222,134.75908189511236,231.36666870117188,135.34,45.02,135.8835341365462,-25.578568628242078,-14.5,33.93832853025937,36.0,134.75908189511236,134.22075838595006,0,0,100.38120787211449,100.38120787211449,99.98021401466357
157,2019-10-07T23:49:19,2019-10-08T01:22:43,701,11.2,92.4,81.2,107.00911082500001,131.78461924261083,93.4000015258789,125.62,41.78,135.95238095238096,-68.73195417974323,-48.60001,35.88445078459344,40.0,131.78461924261083,134.22075838595006,0,0,98.16554901165273,98.16554901165273,99.98021401466357
158,2019-10-08T05:59:35,2019-10-08T07:30:11,680,57.2,99.6,42.39999999999999,58.002401352777774,136.7981163980608,90.5999984741211,135.34,45.02,135.8835341365462,-38.40030236764706,-14.5,33.90367647058824,36.0,136.7981163980608,134.22075838595006,0,0,101.90007208089705,101.90007208089705,99.98021401466357
159,2019-10-08T18:39:41,2019-10-08T22:13:01,1600,32.4,99.6,67.19999999999999,90.79425605555555,135.11050008267196,213.3333282470703,135.34,45.02,135.8835341365462,-25.529947012500003,-14.5,35.680625,37.0,135.11050008267196,134.22075838595006,0,0,100.6429771097746,100.6429771097746,99.98021401466357
160,2019-10-09T03:10:39,2019-10-09T04:07:05,424,50.8,96.4,45.60000000000001,60.688945188888894,133.08979208089667,56.43333435058594,131.02,43.58,135.91286307053943,-64.45188757075472,0.0,33.744103773584904,36.0,133.08979208089667,134.22075838595006,0,0,99.137764198537,99.137764198537,99.98021401466357
161,2019-10-09T09:15:27,2019-10-09T10:04:15,370,48.4,72.8,24.4,32.43843647638889,132.94441178847904,48.79999923706055,98.86,32.89,135.7967032967033,-39.84323348648649,-18.20001,32.82837837837838,35.0,132.94441178847904,134.22075838595006,0,0,99.02947131654007,99.02947131654007,99.98021401466357
162,2019-10-09T15:27:27,2019-10-09T16:22:41,415,36.8,64.8,28.0,36.69426879666666,131.0509599880952,55.233333587646484,87.98,29.27,135.7716049382716,-39.82288183614458,-8.200012,32.9289156626506,35.0,131.0509599880952,134.19040222236316,0,0,97.61905076382291,97.61905076382291,99.95760189587821
163,2019-10-10T10:18:27,2019-10-10T11:18:35,453,8.400001,53.6,45.199999000000005,60.02971049305555,132.80909694943918,60.13333511352539,72.73,24.19,135.6902985074627,-59.896470176600445,-59.70001,33.18653421633554,36.0,132.80909694943918,134.1317169314924,0,0,98.92867612860302,98.92867612860302,99.91388758513129
164,2019-10-10T11:22:44,2019-10-10T12:25:17,471,53.2,96.4,43.2,56.674811079166666,131.19169231288578,62.54999923706055,130.97,43.57,135.8609958506224,-54.34968681528663,-14.0,36.44373673036093,38.0,131.19169231288578,133.97866341365176,0,0,97.72388140343891,97.72388140343891,99.79987896490428
165,2019-10-10T20:17:38,2019-10-10T21:09:22,390,48.8,74.4,25.60000000000001,34.661341955555564,135.39586701388887,51.733333587646484,101.07,33.62,135.84677419354836,-40.200010000000006,-40.20001,36.0,37.0,135.39586701388887,133.97866341365176,0,0,100.85554517449778,100.85554517449778,99.79987896490428
166,2019-10-11T00:58:24,2019-10-11T02:22:57,637,36.0,78.0,42.0,55.857126405,132.99315810714288,84.55000305175781,105.97,35.25,135.85897435897436,-39.612236075353216,-4.800018,35.19701726844584,37.0,132.99315810714288,133.82703898233166,0,0,99.06578214827016,99.06578214827016,99.68693486240082
167,2019-10-11T10:16:38,2019-10-11T11:07:04,379,52.8,77.6,24.799999999999997,33.41498511944445,134.73784322356636,50.43333435058594,105.44,35.07,135.87628865979383,-39.75357736147758,-39.70001,32.196569920844325,33.0,134.73784322356636,133.82703898233166,0,0,100.36538731684352,100.36538731684352,99.68693486240082
168,2019-10-11T16:56:24,2019-10-11T18:15:06,592,28.8,68.4,39.60000000000001,51.9734489995,131.2460833320707,78.69999694824219,92.91,30.9,135.83333333333331,-39.591378037668925,-0.3000183,37.95861486486486,40.0,131.2460833320707,133.7648829658052,0,0,97.76439693772718,97.76439693772718,99.64063522954714
169,2019-10-11T20:20:02,2019-10-11T21:18:21,438,55.2,91.2,36.0,48.40932607777777,134.47035021604935,58.31666564941406,124.01,41.25,135.97587719298247,-49.805015388127856,-47.70001,37.98744292237443,40.0,134.47035021604935,133.7648829658052,0,0,100.16613342750045,100.16613342750045,99.64063522954714
170,2019-10-12T06:20:21,2019-10-12T09:07:30,1255,13.6,99.6,86.0,115.70722180277778,134.54328116602068,167.14999389648438,135.34,45.02,135.8835341365462,-41.525906231075695,-14.5,35.474501992031875,38.0,134.54328116602068,133.7648829658052,0,0,100.22045924173449,100.22045924173449,99.64063522954714
171,2019-10-12T19:50:33,2019-10-12T22:28:00,1181,18.0,100.0,82.0,108.84469289722222,132.7374303624661,157.4499969482422,136.16,45.29,136.16,-41.45089906858595,0.0,39.226079593564776,41.0,132.7374303624661,133.7648829658052,0,0,98.87529213055805,98.87529213055805,99.64063522954714
172,2019-10-13T03:35:06,2019-10-13T04:10:52,269,58.8,89.2,30.400000000000006,40.86739689444445,134.43222662646198,35.766666412353516,121.26,40.34,135.94170403587444,-68.52045947955392,-48.0,35.35130111524163,38.0,134.43222662646198,133.82703898233166,0,0,100.13773540105663,100.13773540105663,99.68693486240082
173,2019-10-13T12:23:48,2019-10-13T13:44:35,608,24.4,85.6,61.199999999999996,80.60461679444444,131.7068901870007,80.78333282470703,116.39,38.71,135.9696261682243,-59.86727394736842,-59.60001,33.58223684210526,37.0,131.7068901870007,133.7648829658052,0,0,98.10764911816003,98.10764911816003,99.64063522954714
174,2019-10-13T17:39:09,2019-10-13T18:57:36,589,51.2,99.6,48.39999999999999,66.51309025,137.42374018595044,78.44999694824219,135.34,45.02,135.8835341365462,-50.8551835483871,-14.39999,36.140916808149406,38.0,137.42374018595044,133.7648829658052,0,0,102.36609537683168,102.36609537683168,99.64063522954714
175,2019-10-14T02:37:53,2019-10-14T04:05:32,658,40.4,99.6,59.199999999999996,80.41341008055556,135.83346297391142,87.6500015258789,135.34,45.02,135.8835341365462,-55.0100259118541,-14.30002,35.014437689969604,37.0,135.83346297391142,133.7648829658052,0,0,101.18150770265754,101.18150770265754,99.64063522954714
176,2019-10-14T13:53:48,2019-10-14T14:45:02,385,42.4,89.2,46.800000000000004,61.936389554166674,132.34271272257834,51.233333587646484,121.26,40.34,135.94170403587444,-72.48521184415586,-48.20001,36.46623376623376,39.0,132.34271272257834,133.54963252374552,0,0,98.58126939826307,98.58126939826307,99.48029650457886
177,2019-10-14T23:16:07,2019-10-15T00:27:38,537,28.0,64.0,36.0,47.31009530833333,131.41693141203703,71.51667022705078,86.92,28.91,135.8125,-39.68250538175046,-30.0,33.476722532588454,36.0,131.41693141203703,133.54963252374552,0,0,97.89166061738776,97.89166061738776,99.48029650457886
178,2019-10-15T02:49:33,2019-10-15T04:16:25,652,43.6,99.6,55.99999999999999,76.17572843055557,136.02808648313496,86.86666870117188,135.32,45.02,135.86345381526104,-52.59693679447853,-14.39999,35.09815950920245,37.0,136.02808648313496,133.54963252374552,0,0,101.32648155274191,101.32648155274191,99.48029650457886
179,2019-10-15T18:19:40,2019-10-15T19:44:00,633,40.8,93.6,52.8,70.28606837500001,133.11755374053033,84.33333587646484,127.18,42.31,135.8760683760684,-50.00474845181675,-48.0,35.18483412322275,37.0,133.11755374053033,133.54963252374552,0,0,99.15844368735046,99.15844368735046,99.48029650457886
181,2019-10-16T02:18:37,2019-10-16T03:33:12,560,29.2,92.0,62.8,83.49953049444444,132.96103581917905,74.58333587646484,125.07,41.6,135.94565217391303,-67.16035932142857,-47.20001,34.99196428571429,38.0,132.96103581917905,133.27506793880963,0,0,99.04185445434348,99.04185445434348,99.27577504088839
182,2019-10-16T15:28:38,2019-10-16T17:07:30,742,28.0,99.6,71.6,95.62622600972222,133.55618157782433,98.86666870117188,135.34,45.02,135.8835341365462,-58.008770822102434,-14.89999,36.20956873315364,39.0,133.55618157782433,133.27506793880963,0,0,99.48517485451717,99.48517485451717,99.27577504088839
183,2019-10-17T03:14:07,2019-10-17T05:05:00,832,21.2,99.6,78.39999999999999,105.48585992500001,134.5482907206633,110.88333129882812,135.34,45.02,135.8835341365462,-57.063596117788464,-14.70001,34.62139423076923,38.0,134.5482907206633,133.45350222932433,0,0,100.22419082805027,100.22419082805027,99.40868964193629
184,2019-10-17T13:15:27,2019-10-17T15:20:13,936,21.6,98.0,76.4,100.46668539444447,131.5008971131472,124.76667022705078,133.17,44.3,135.8877551020408,-48.300436356837615,-14.60001,36.00320512820513,39.0,131.5008971131472,133.45350222932433,0,0,97.95420614959781,97.95420614959781,99.40868964193629
185,2019-10-18T00:00:49,2019-10-18T01:28:38,660,21.2,95.2,74.0,97.68396788055557,132.00536200075078,87.81666564941406,129.44,43.06,135.96638655462183,-66.73151218181819,-47.60001,37.13560606060606,41.0,132.00536200075078,133.27506793880963,0,0,98.3299789289503,98.3299789289503,99.27577504088839
186,2019-10-18T14:10:13,2019-10-18T15:09:44,447,46.0,94.8,48.8,65.15094474444444,133.50603431238616,59.516666412353516,128.81,42.85,135.87552742616035,-65.6677855704698,-48.10001,33.98322147651007,36.0,133.50603431238616,133.42842859660527,0,0,99.44782046618671,99.44782046618671,99.39001244777107
187,2019-10-19T05:22:56,2019-10-19T07:01:56,743,12.0,94.8,82.8,109.85916255,132.68014800724637,99.0,128.86,42.86,135.9282700421941,-66.56823438761776,-47.10001,33.540376850605654,37.0,132.68014800724637,133.27506793880963,0,0,98.83262285791348,98.83262285791348,99.27577504088839
189,2019-10-19T14:48:39,2019-10-19T15:33:21,336,54.8,79.6,24.799999999999997,33.30150745000001,134.2802719758065,44.70000076293945,108.17,35.98,135.89195979899498,-44.700010000000006,-44.70001,33.91815476190476,35.0,134.2802719758065,133.27506793880963,0,0,100.0245453202096,100.0245453202096,99.27577504088839
190,2019-10-20T02:03:12,2019-10-20T03:24:35,611,9.6,86.0,76.4,100.65552940972223,131.7480751436155,81.38333129882812,116.96,38.9,136.0,-74.20835841243863,-74.0,35.43453355155483,40.0,131.7480751436155,133.1584333686626,0,0,98.13832753799647,98.13832753799647,99.18889466988591
191,2019-10-20T05:46:06,2019-10-20T06:52:25,498,50.4,83.2,32.800000000000004,43.85539888694444,133.70548441141597,66.31666564941406,113.02,37.59,135.84134615384613,-39.64336997590362,-4.899994,35.55120481927711,38.0,133.70548441141597,133.23418831067733,0,0,99.59638961321019,99.59638961321019,99.24532405835294
192,2019-10-20T16:16:34,2019-10-20T18:55:12,1190,15.2,94.8,79.6,105.10680719666668,132.04372763400337,158.63333129882812,128.82,42.85,135.8860759493671,-39.739906092436975,-4.800018,36.44117647058823,39.0,132.04372763400337,133.1036729107135,0,0,98.35855725222555,98.35855725222555,99.14810394294372
193,2019-10-21T02:37:42,2019-10-21T03:45:04,506,39.2,94.8,55.599999999999994,73.86103980833335,132.84359677757797,67.36666870117188,128.87,42.87,135.93881856540085,-65.76898304347827,-48.0,34.01877470355731,37.0,132.84359677757797,133.1036729107135,0,0,98.95437483752303,98.95437483752303,99.14810394294372
194,2019-10-21T17:33:16,2019-10-21T19:11:36,738,11.2,94.8,83.6,110.0397106,131.6264480861244,98.33333587646484,128.82,42.85,135.8860759493671,-67.13334318428186,-47.60001,36.81775067750677,40.0,131.6264480861244,133.1036729107135,0,0,98.04772829400349,98.04772829400349,99.14810394294372
195,2019-10-22T23:11:24,2019-10-23T00:29:11,584,29.6,95.2,65.6,85.68619086388888,130.61919339007454,77.78333282470703,129.34,43.03,135.8613445378151,-66.08612738013699,-47.80002,34.199486301369866,37.0,130.61919339007454,133.1036729107135,0,0,97.29743049141796,97.29743049141796,99.14810394294372
196,2019-10-24T02:32:03,2019-10-24T04:09:43,733,12.4,95.2,82.8,108.88601520138889,131.5048492770397,97.66666412353516,129.36,43.03,135.88235294117646,-66.85061472032741,0.0,33.09208731241473,36.0,131.5048492770397,133.1036729107135,0,0,97.95715009207396,97.95715009207396,99.14810394294372
197,2019-10-24T12:20:14,2019-10-24T13:30:59,532,30.0,70.0,40.0,53.01025866527778,132.52564666319444,70.75,95.05,31.62,135.78571428571428,-44.95582265037594,-44.89999,32.86842105263158,35.0,132.52564666319444,133.1036729107135,0,0,98.71753576088301,98.71753576088301,99.14810394294372
198,2019-10-24T17:59:12,2019-10-24T19:32:52,703,34.0,86.4,52.400000000000006,69.60212672222222,132.82848611111112,93.66666412353516,117.39,39.04,135.86805555555554,-44.569000042674254,-22.10001,35.184921763869134,37.0,132.82848611111112,133.04147509401977,0,0,98.9431189953908,98.9431189953908,99.10177317340359
199,2019-10-24T23:28:32,2019-10-25T00:46:36,586,42.4,91.2,48.800000000000004,64.66117734027779,132.50241258253644,78.06666564941406,123.97,41.24,135.93201754385964,-49.695582013651894,-47.60001,34.35409556313993,36.0,132.50241258253644,132.97709696316096,0,0,98.70022883768756,98.70022883768756,99.05381830130682
200,2019-10-25T05:12:11,2019-10-25T06:08:36,426,53.6,97.2,43.6,58.20909538194445,133.5070994998726,56.41666793823242,132.08,43.94,135.88477366255145,-61.826069107981226,-14.70001,33.91079812206573,36.0,133.5070994998726,132.97709696316096,0,0,99.44861391776708,99.44861391776708,99.05381830130682
201,2019-10-25T18:15:05,2019-10-25T19:34:13,594,27.6,94.8,67.19999999999999,88.84700972638889,132.21281209284064,79.13333129882812,128.85,42.86,135.91772151898735,-67.35353220538721,-48.39999,35.76010101010101,38.0,132.21281209284064,132.95272380382903,0,0,98.48450722139867,98.48450722139867,99.03566288544178
202,2019-10-26T03:46:12,2019-10-26T04:44:06,435,36.8,89.6,52.8,70.04913489722222,132.66881609322388,57.900001525878906,121.78,40.51,135.91517857142858,-72.56252464367816,-48.10001,34.9448275862069,38.0,132.66881609322388,132.95272380382903,0,0,98.82418178514061,98.82418178514061,99.03566288544178
203,2019-10-26T12:08:33,2019-10-26T13:41:48,700,21.2,91.6,70.39999999999999,92.06301741250002,130.77133155184663,93.25,124.44,41.4,135.85152838427948,-59.22814512857143,-47.60001,35.542857142857144,39.0,130.77133155184663,132.8940042830285,0,0,97.41075726856246,97.41075726856246,98.99192307703154
204,2019-10-26T21:59:46,2019-10-26T22:59:40,450,28.8,84.4,55.60000000000001,73.78187914305556,132.70122148031575,59.900001525878906,114.77,38.18,135.98341232227486,-73.82311526666668,0.0,33.78,37.0,132.70122148031575,132.83604144434454,0,0,98.84832035785942,98.84832035785942,98.94874691645691
205,2019-10-27T02:30:25,2019-10-27T02:58:50,214,59.2,85.6,26.39999999999999,34.99619671944445,132.5613512100169,28.41666603088379,116.32,38.69,135.88785046728972,-73.89206088785046,-73.60001,32.705607476635514,35.0,132.5613512100169,132.81879153027515,0,0,98.74413185731053,98.74413185731053,98.93589756199691
206,2019-10-27T08:10:16,2019-10-27T09:17:39,506,46.4,95.2,48.800000000000004,64.85772588888888,132.90517600182147,67.38333129882812,129.36,43.03,135.88235294117646,-57.694667292490124,0.0,31.193675889328063,34.0,132.90517600182147,132.81879153027515,0,0,99.00024482136726,99.00024482136726,98.93589756199691
207,2019-10-28T09:38:01,2019-10-28T11:13:09,714,15.2,87.6,72.39999999999999,94.77280961666666,130.90167074125233,95.13333129882812,119.1,39.62,135.95890410958904,-59.764148221288515,-47.5,30.50280112044818,34.0,130.90167074125233,132.81879153027515,0,0,97.50784612581515,97.50784612581515,98.93589756199691
208,2019-10-28T19:06:49,2019-10-28T20:42:17,717,31.6,97.6,66.0,87.02599874722222,131.8575738594276,95.46666717529297,132.65,44.13,135.91188524590166,-54.67239287308228,-13.89999,29.64365411436541,32.0,131.8575738594276,132.77326365595263,0,0,98.21989245517378,98.21989245517378,98.90198412958054
209,2019-10-29T19:00:46,2019-10-29T21:31:20,1130,9.2,94.8,85.6,112.88266676222223,131.8722742549325,150.56666564941406,128.87,42.87,135.93881856540085,-44.96592924424779,-6.100006,31.980530973451327,35.0,131.8722742549325,132.77326365595263,0,0,98.23084268900017,98.23084268900017,98.90198412958054
210,2019-10-30T04:24:48,2019-10-30T05:47:15,619,30.4,97.6,67.19999999999999,88.90826637083333,132.3039678137401,82.44999694824219,132.61,44.11,135.87090163934428,-64.66591458804524,-14.10001,31.005654281098547,34.0,132.3039678137401,132.71932592139092,0,0,98.55240855494635,98.55240855494635,98.86180624420874
211,2019-10-30T14:11:43,2019-10-30T15:10:17,440,51.2,84.0,32.8,43.836393918055556,133.64754243309622,58.56666564941406,114.12,37.96,135.85714285714286,-44.90930911363637,-44.89999,29.581818181818182,31.0,133.64754243309622,132.71932592139092,0,0,99.55322899139205,99.55322899139205,98.86180624420874
212,2019-10-30T22:42:21,2019-10-31T00:01:36,595,32.8,97.6,64.8,85.74436476805556,132.32155056798698,79.25,132.61,44.11,135.87090163934428,-64.87597966386556,-14.10001,32.589075630252104,35.0,132.32155056798698,132.69068474378105,0,0,98.56550583999906,98.56550583999906,98.84047160788646
213,2019-10-31T13:40:16,2019-10-31T15:03:39,626,18.8,82.4,63.60000000000001,83.27108919166668,130.92938552148846,83.38333129882812,112.04,37.27,135.97087378640776,-59.91949305111821,-59.70001,32.11821086261981,35.0,130.92938552148846,132.67448205023513,0,0,97.52849069445489,97.52849069445489,98.82840232152705
214,2019-10-31T20:33:42,2019-10-31T21:38:01,483,49.2,97.6,48.39999999999999,64.37292497777779,133.00191111111116,64.31666564941406,132.65,44.13,135.91188524590166,-60.013465279503116,-14.30002,33.37888198757764,35.0,133.00191111111116,132.69068474378105,0,0,99.0723022068702,99.0723022068702,98.84047160788646
215,2019-11-01T23:09:21,2019-11-02T00:44:53,717,8.400001,91.2,82.799999,108.97992721944446,131.6182711782937,95.53333282470703,123.96,41.23,135.92105263157893,-68.43082951185495,-47.60001,35.907252440725244,40.0,131.6182711782937,132.67448205023513,0,0,98.04163736585852,98.04163736585852,98.82840232152705
216,2019-11-02T13:43:24,2019-11-02T15:20:16,727,18.0,97.6,79.6,105.3555439777778,132.35621102735905,96.86666870117188,132.61,44.11,135.87090163934428,-65.22738279229712,-15.70001,35.288170563961486,38.0,132.35621102735905,132.67448205023513,0,0,98.59132420213275,98.59132420213275,98.82840232152705
217,2019-11-03T00:11:12,2019-11-03T01:33:47,620,24.4,96.8,72.4,95.31715003055555,131.6535221416513,82.58333587646484,131.57,43.77,135.9194214876033,-69.23516935483872,-47.80002,36.645161290322584,40.0,131.6535221416513,132.6150836516204,0,0,98.06789559076425,98.06789559076425,98.78415682122557
218,2019-11-03T06:48:08,2019-11-03T07:58:44,531,43.2,97.6,54.39999999999999,72.32853764444445,132.95687066993466,70.5999984741211,132.63,44.12,135.89139344262296,-61.41658088512242,-14.10001,37.311676082862526,40.0,132.95687066993466,132.6150836516204,0,0,99.03875186039404,99.03875186039404,98.78415682122557
219,2019-11-04T08:32:31,2019-11-04T11:00:21,1109,7.6,97.6,90.0,118.42518916944445,131.58354352160495,147.8333282470703,132.63,44.12,135.89139344262296,-48.049062335437334,-14.60001,32.519837691614065,36.0,131.58354352160495,132.54349893660566,0,0,98.01576894885862,98.01576894885862,98.73083380909677
220,2019-11-04T17:57:45,2019-11-04T18:49:07,386,48.4,86.8,38.4,51.448172038888885,133.97961468460647,51.36666488647461,117.99,39.25,135.9331797235023,-60.09508398963731,-59.80002,35.68523316062176,38.0,133.97961468460647,132.6150836516204,0,0,99.80058756076369,99.80058756076369,98.78415682122557
221,2019-11-05T05:50:36,2019-11-05T07:25:44,714,18.4,97.6,79.19999999999999,104.77676560000002,132.293895959596,95.13333129882812,132.63,44.12,135.89139344262296,-66.05028995798321,-14.20001,32.06582633053221,36.0,132.293895959596,132.54349893660566,0,0,98.54490609299518,98.54490609299518,98.73083380909677
222,2019-11-05T23:26:08,2019-11-06T01:27:17,910,16.4,86.0,69.6,91.26302019166668,131.12502901101536,121.1500015258789,116.83,38.86,135.84883720930233,-45.19836164835166,-45.10001,30.844505494505494,34.0,131.12502901101536,132.51402962286545,0,0,97.67422432156813,97.67422432156813,98.70888229928528
223,2019-11-06T06:56:36,2019-11-06T08:11:03,559,48.0,89.6,41.599999999999994,55.952594830555554,134.5014298811432,74.44999694824219,121.79,40.51,135.9263392857143,-45.0928536314848,-45.0,28.724508050089444,31.0,134.5014298811432,132.51402962286545,0,0,100.18928447809019,100.18928447809019,98.70888229928528
224,2019-11-06T18:23:25,2019-11-06T20:55:24,1141,21.2,97.6,76.39999999999999,99.07327971805556,129.67706769379,151.98333740234375,132.63,44.12,135.89139344262296,-39.10017057843997,-14.5,32.646362839614376,35.0,129.67706769379,132.42931180494776,0,0,96.59564687854052,96.59564687854052,98.64577651991016
225,2019-11-07T02:50:07,2019-11-07T03:27:52,284,52.8,71.2,18.400000000000006,24.79833263333333,134.77354692028982,37.75,96.73,32.17,135.8567415730337,-39.35457634507042,-4.899994,29.74823943661972,32.0,134.77354692028982,132.51402962286545,0,0,100.39198278003754,100.39198278003754,98.70888229928528
226,2019-11-07T05:22:33,2019-11-07T06:22:52,453,52.8,97.6,44.8,59.83962940694445,133.57060135478673,60.31666564941406,132.61,44.11,135.87090163934428,-59.48477258278145,-14.30002,31.386313465783665,34.0,133.57060135478673,132.51402962286545,0,0,99.49591605732425,99.49591605732425,98.70888229928528
227,2019-11-07T18:12:58,2019-11-07T20:23:03,976,28.0,94.0,66.0,86.14339533722222,130.5202959654882,130.0833282470703,127.78,42.5,135.93617021276597,-39.71515409836066,-4.899994,31.278688524590162,33.0,130.5202959654882,132.42931180494776,0,0,97.22376241060434,97.22376241060434,98.64577651991016
228,2019-11-08T04:25:33,2019-11-08T05:56:16,681,25.6,97.6,72.0,94.20005983333333,130.83341643518517,90.71666717529297,132.63,44.12,135.89139344262296,-62.26990005873716,-13.89999,31.283406754772393,34.0,130.83341643518517,132.42931180494776,0,0,97.45700391474378,97.45700391474378,98.64577651991016
229,2019-11-08T17:34:48,2019-11-08T18:48:49,557,33.6,76.0,42.4,55.60798453611112,131.15090692479038,74.01667022705078,103.27,34.35,135.8815789473684,-45.055126678635546,-20.20001,31.340215439856372,33.0,131.15090692479038,132.42931180494776,0,0,97.69350061972494,97.69350061972494,98.64577651991016
230,2019-11-09T02:36:36,2019-11-09T04:34:50,889,12.8,80.0,67.2,88.87285303888888,132.25126940310844,118.23332977294922,108.65,36.14,135.8125,-45.10045994375703,-45.10001,30.81439820022497,34.0,132.25126940310844,132.33888079767303,0,0,98.51315383431638,98.51315383431638,98.57841502106591
231,2019-11-09T07:06:22,2019-11-09T07:22:55,125,66.0,75.2,9.200000000000003,12.466558313888887,135.506068629227,16.549999237060547,102.15,33.98,135.8377659574468,-45.19600999999999,-45.10001,29.952,32.0,135.506068629227,132.33888079767303,0,0,100.9376336771911,100.9376336771911,98.57841502106591
232,2019-11-09T12:36:42,2019-11-09T14:09:11,696,40.8,71.2,30.400000000000006,40.20970986055556,132.268782436038,92.48332977294922,96.7,32.17,135.81460674157302,-26.07314218678161,-7.200012,29.07830459770115,30.0,132.268782436038,132.31275919086352,0,0,98.52619918439039,98.52619918439039,98.55895719747271
233,2019-11-09T19:16:50,2019-11-09T20:30:05,550,34.8,76.8,42.0,55.140317261111115,131.28646966931217,73.25,104.36,34.71,135.88541666666666,-45.09491867272728,0.0,31.823636363636364,34.0,131.28646966931217,132.29893188666804,0,0,97.79448047092448,97.79448047092448,98.54865732397076
234,2019-11-10T13:06:47,2019-11-10T15:06:51,901,21.6,91.6,70.0,90.23579778888887,128.90828255555553,120.06666564941406,124.44,41.4,135.85152838427948,-45.08458269700332,-30.20001,28.826859045504996,32.0,128.90828255555553,132.281339197817,0,0,96.02298357685542,96.02298357685542,98.53555263869279
236,2019-11-11T03:22:16,2019-11-11T04:50:19,661,49.2,97.2,48.0,63.055569197222226,131.36576916087964,88.05000305175781,132.08,43.94,135.88477366255145,-42.91090187594554,0.0,31.729198184568833,34.0,131.36576916087964,132.281339197817,0,0,97.85355017246329,97.85355017246329,98.53555263869279
237,2019-11-11T15:33:34,2019-11-11T16:50:49,580,40.0,84.0,44.0,58.27481814027779,132.44276850063133,77.25,114.17,37.97,135.91666666666669,-45.262078724137936,-45.0,32.24741379310345,34.0,132.44276850063133,132.29893188666804,0,0,98.65580032942036,98.65580032942036,98.54865732397076
238,2019-11-12T01:50:28,2019-11-12T03:26:24,720,20.8,97.6,76.8,101.16921099444446,131.73074348234954,95.93333435058594,132.63,44.12,135.89139344262296,-63.24473258333334,-14.60001,31.975,35.0,131.73074348234954,132.281339197817,0,0,98.12541729055458,98.12541729055458,98.53555263869279
239,2019-11-12T16:47:53,2019-11-12T18:29:00,760,16.4,97.6,81.19999999999999,106.32586119444444,130.9431788108922,101.11666870117188,132.65,44.13,135.91188524590166,-63.07842110526317,-14.39999,34.632236842105264,38.0,130.9431788108922,132.26002591957322,0,0,97.53876523054853,97.53876523054853,98.51967650935339
240,2019-11-13T15:47:22,2019-11-13T17:09:10,614,21.6,73.6,51.99999999999999,68.11455322222223,130.98952542735046,81.80000305175781,100.02,33.27,135.89673913043478,-49.94087778501629,-24.30002,31.811889250814332,34.0,130.98952542735046,132.23204074797454,0,0,97.57328853892552,97.57328853892552,98.49883052785754
241,2019-11-14T14:48:11,2019-11-14T15:56:22,512,15.6,76.0,60.4,79.38578084444445,131.43341199411333,68.18333435058594,103.21,34.33,135.80263157894737,-69.85801048828125,-69.80002,31.1572265625,35.0,131.43341199411333,132.23204074797454,0,0,97.90393690119727,97.90393690119727,98.49883052785754
242,2019-11-14T21:42:33,2019-11-14T23:33:17,831,29.6,97.6,68.0,90.093384325,132.49027106617646,110.73332977294922,132.63,44.12,135.89139344262296,-48.79592113116727,-14.70001,32.14620938628159,35.0,132.49027106617646,132.23204074797454,0,0,98.69118469713337,98.69118469713337,98.49883052785754
243,2019-11-15T05:36:39,2019-11-15T06:43:04,500,54.4,92.0,37.6,50.012122291666685,133.0109635416667,66.41666412353516,124.99,41.57,135.8586956521739,-45.159610080000014,-24.39999,28.793,31.0,133.0109635416667,132.26002591957322,0,0,99.07904530648595,99.07904530648595,98.51967650935339
244,2019-11-15T13:56:42,2019-11-15T14:15:31,142,49.2,59.6,10.399999999999999,14.110419802777779,135.6771134882479,18.816667556762695,80.96,26.93,135.83892617449663,-44.88522126760564,-14.20001,29.595070422535212,31.0,135.6771134882479,132.26002591957322,0,0,101.06504393635419,101.06504393635419,98.51967650935339
245,2019-11-15T14:23:16,2019-11-15T15:04:29,310,59.6,84.0,24.4,30.973423547222225,126.94026043943535,41.21666717529297,114.13,37.97,135.86904761904762,-45.07452616129032,-36.30002,30.538709677419355,32.0,126.94026043943535,132.26002591957322,0,0,94.55701605647012,94.55701605647012,98.51967650935339
247,2019-11-16T03:52:23,2019-11-16T06:08:05,1018,8.0,85.6,77.6,102.00063372777778,131.44411562857962,135.6999969482422,116.27,38.68,135.82943925233644,-45.09932237721022,-44.20001,30.073182711198427,33.0,131.44411562857962,132.26002591957322,0,0,97.91190997240878,97.91190997240878,98.51967650935339
248,2019-11-16T17:14:49,2019-11-16T19:54:00,1194,1.2,97.6,96.39999999999999,127.18997171666668,131.93980468533888,159.18333435058594,132.63,44.12,135.89139344262296,-47.92998305695143,-14.39999,33.437604690117254,37.0,131.93980468533888,132.26002591957322,0,0,98.28114568956224,98.28114568956224,98.51967650935339
249,2019-11-17T04:17:44,2019-11-17T05:56:44,743,18.0,98.0,80.0,105.43926928194443,131.79908660243052,99.0,133.17,44.3,135.8877551020408,-63.863260323014806,0.0,32.9993270524899,37.0,131.79908660243052,132.23204074797454,0,0,98.17632565863636,98.17632565863636,98.49883052785754
250,2019-11-17T17:56:38,2019-11-17T18:37:52,310,13.6,36.8,23.199999999999996,31.00317353888889,133.6343687021073,41.233333587646484,49.84,16.58,135.43478260869566,-45.113880967741935,-45.10001,32.23225806451613,34.0,133.6343687021073,132.23204074797454,0,0,99.5434159605354,99.5434159605354,98.49883052785754
251,2019-11-17T18:43:20,2019-11-17T19:39:31,422,36.8,68.8,32.0,42.234287152777775,131.98214735243053,56.18333435058594,93.4,31.07,135.7558139534884,-45.10237969194313,-44.30002,34.46919431279621,36.0,131.98214735243053,132.09747972263557,0,0,98.31268648078324,98.31268648078324,98.39859685109096
252,2019-11-18T12:20:02,2019-11-18T13:59:58,751,14.4,80.8,66.39999999999999,86.62211395555556,130.45499089692103,99.93333435058594,109.76,36.51,135.84158415841586,-51.998803315579224,-38.20001,30.444074567243675,34.0,130.45499089692103,131.9609760188847,0,0,97.17511706833312,97.17511706833312,98.29691608517274
253,2019-11-19T12:43:51,2019-11-19T16:25:59,1667,13.2,88.0,74.8,96.19611172222221,128.60442743612595,222.13333129882812,119.55,39.76,135.85227272727272,-25.980684031193757,0.0,26.30113977204559,30.0,128.60442743612595,131.90603947013568,0,0,95.79664377491015,95.79664377491015,98.25599418928121
254,2019-11-20T08:16:58,2019-11-20T10:09:28,844,20.4,86.0,65.6,84.10097943055557,128.20271254657862,112.5,116.83,38.86,135.84883720930233,-44.853913779620854,-44.80002,23.92594786729858,27.0,128.20271254657862,131.86492405718005,0,0,95.49740883455668,95.49740883455668,98.22536757208698
255,2019-11-20T10:11:22,2019-11-20T10:24:43,101,85.2,92.8,7.599999999999994,9.956581208333333,131.00764747807025,13.350000381469727,126.09,41.94,135.87284482758622,-44.6009806930693,-14.80002,26.08910891089109,27.0,131.00764747807025,131.86492405718005,0,0,97.58678754259037,97.58678754259037,98.22536757208698
256,2019-11-20T17:11:53,2019-11-20T18:19:30,508,62.4,97.6,35.199999999999996,47.05546235277778,133.68029077493688,67.61666870117188,132.61,44.11,135.87090163934428,-41.73050307086614,-14.5,27.755905511811022,29.0,133.68029077493688,131.86492405718005,0,0,99.57762302898524,99.57762302898524,98.22536757208698
257,2019-11-21T01:46:25,2019-11-21T02:32:02,344,46.0,71.6,25.599999999999994,34.36467439166667,134.23700934244795,45.61666488647461,97.24,32.35,135.81005586592178,-45.19884738372094,-44.30002,26.986918604651162,29.0,134.23700934244795,131.86492405718005,0,0,99.99231925179781,99.99231925179781,98.22536757208698
258,2019-11-21T07:36:36,2019-11-21T08:40:07,477,36.8,78.8,42.0,55.049000122222225,131.06904791005292,63.516666412353516,107.07,35.62,135.8756345177665,-52.00125798742138,-52.0,25.50314465408805,28.0,131.06904791005292,131.82833023092905,0,0,97.63252434518365,97.63252434518365,98.19810905690507
259,2019-11-21T12:49:40,2019-11-21T14:19:43,676,32.8,89.2,56.400000000000006,74.51370945277779,132.11650612194643,90.05000305175781,121.25,40.33,135.9304932735426,-49.648234852071006,-49.60001,30.053994082840237,32.0,132.11650612194643,131.86492405718005,0,0,98.41276949843628,98.41276949843628,98.22536757208698
260,2019-11-22T14:29:02,2019-11-22T16:24:11,864,8.8,82.8,74.0,97.30176921388892,131.4888773160661,115.1500015258789,112.49,37.42,135.8574879227053,-50.70001001157408,-50.60001,26.328125,30.0,131.4888773160661,131.8356804286815,0,0,97.94525267698275,97.94525267698275,98.20358417381826
261,2019-11-22T20:41:42,2019-11-22T21:30:32,367,48.0,90.8,42.8,57.18340774861112,133.60609287058674,48.83333206176758,123.39,41.04,135.89207048458152,-70.23161376021798,-47.60001,31.809264305177113,34.0,133.60609287058674,131.86944564388472,0,0,99.52235346825876,99.52235346825876,98.2287356740993
262,2019-11-23T04:57:31,2019-11-23T06:17:34,601,20.4,92.8,72.4,95.09469245,131.34626029005523,80.05000305175781,126.09,41.94,135.87284482758622,-71.25773564059901,-48.0,30.85524126455907,35.0,131.34626029005523,131.76491504239004,0,0,97.8390181350671,97.8390181350671,98.15087147459548
263,2019-11-23T16:38:19,2019-11-23T18:51:20,998,16.0,98.0,82.0,107.05597472916666,130.55606674288617,133.01666259765625,133.17,44.3,135.8877551020408,-48.26573885771543,0.0,33.76503006012024,37.0,130.55606674288617,131.6921328120004,0,0,97.25040784177853,97.25040784177853,98.09665644065942
264,2019-11-24T01:45:55,2019-11-24T03:36:55,833,28.0,91.2,63.2,83.44912961111112,132.03976204289734,111.0,123.94,41.23,135.89912280701753,-45.10769307322929,-45.10001,32.78151260504202,36.0,132.03976204289734,131.6921328120004,0,0,98.35560330790096,98.35560330790096,98.09665644065942
265,2019-11-24T14:18:07,2019-11-24T16:07:40,822,33.2,96.0,62.8,82.1625,130.83200636942675,109.55000305175781,130.48,43.41,135.91666666666666,-45.0,-45.0,31.965936739659366,34.0,130.83200636942675,131.6921328120004,0,0,97.45595356546848,97.45595356546848,98.09665644065942
266,2019-11-24T23:36:15,2019-11-25T00:49:54,553,57.2,97.2,40.0,53.579184991666665,133.94796247916665,73.6500015258789,132.07,43.93,135.8744855967078,-43.60975725135624,-14.60001,31.12115732368897,33.0,133.94796247916665,131.6921328120004,0,0,99.77701002840607,99.77701002840607,98.09665644065942
267,2019-11-25T06:32:03,2019-11-25T08:20:32,814,38.8,97.6,58.8,77.88835162222223,132.4631830309902,108.48332977294922,132.63,44.12,135.89139344262296,-43.06548156019657,-14.5,29.574938574938574,32.0,132.4631830309902,131.76491504239004,0,0,98.67100698701068,98.67100698701068,98.15087147459548
268,2019-11-25T19:34:40,2019-11-25T20:47:23,546,42.4,97.6,55.199999999999996,72.65678415833334,131.62460898248796,72.71666717529297,132.63,44.12,135.89139344262296,-59.92399794871795,-14.5,32.97985347985348,35.0,131.62460898248796,131.6921328120004,0,0,98.04635835706245,98.04635835706245,98.09665644065942
270,2019-11-26T04:26:28,2019-11-26T05:54:42,664,42.4,92.4,50.00000000000001,66.31806986111111,132.6361397222222,88.23332977294922,125.53,41.75,135.85497835497836,-45.09729888554216,-45.0,28.448795180722893,31.0,132.6361397222222,131.76491504239004,0,0,98.7998413581809,98.7998413581809,98.15087147459548
271,2019-11-26T23:05:40,2019-11-27T01:28:26,1071,19.6,92.4,72.80000000000001,94.7910282,130.2074563186813,142.76666259765625,125.55,41.76,135.87662337662337,-39.82436992530346,-5.0,31.15406162464986,34.0,130.2074563186813,131.67767623241875,0,0,96.99073008970144,96.99073008970144,98.08588782380852
272,2019-11-27T15:32:51,2019-11-27T17:24:07,835,8.0,97.6,89.6,117.36290865277778,130.98538912140378,111.26667022705078,132.63,44.12,135.89139344262296,-63.26622322155689,-14.39999,33.50898203592814,37.0,130.98538912140378,131.67767623241875,0,0,97.57020743017043,97.57020743017043,98.08588782380852
273,2019-11-28T18:30:19,2019-11-28T20:41:54,988,15.6,82.8,67.2,87.21209845555555,129.77990841600527,131.5833282470703,112.5,37.42,135.8695652173913,-39.74979179352227,-4.899994,25.411437246963562,28.0,129.77990841600527,131.55674314927703,0,0,96.67225229740531,96.67225229740531,97.9958055170226
274,2019-11-29T04:04:01,2019-11-29T05:14:11,527,30.4,92.4,62.00000000000001,81.27666826527779,131.09140042786737,70.16666412353516,125.63,41.79,135.96320346320346,-69.48084814041746,-47.20001,24.05977229601518,28.0,131.09140042786737,131.46649647232286,0,0,97.64917459766122,97.64917459766122,97.92858132469576
275,2019-11-29T11:07:49,2019-11-29T12:18:16,529,62.0,98.0,36.0,47.381521281944444,131.61533689429012,70.44999694824219,132.38,44.01,135.08163265306123,-40.341594196597356,-20.39999,23.487712665406427,25.0,131.61533689429012,131.5521071051781,0,0,98.0394516358255,98.0394516358255,97.99235215640412
276,2019-11-29T19:52:17,2019-11-29T20:38:25,347,47.2,73.2,26.0,34.57133345555555,132.96666713675214,46.13333511352539,99.46,33.08,135.87431693989072,-44.92420766570605,-18.20001,26.495677233429394,28.0,132.96666713675214,131.5521071051781,0,0,99.04604918802636,99.04604918802636,97.99235215640412
277,2019-11-30T00:54:52,2019-11-30T02:07:03,542,23.2,87.2,64.0,84.4228616652778,131.91072135199656,72.18333435058594,118.57,39.44,135.97477064220183,-70.15314852398525,-48.0,27.99169741697417,32.0,131.91072135199656,131.61997293838903,0,0,98.25948169416546,98.25948169416546,98.04290499644398
278,2019-11-30T16:15:44,2019-11-30T17:27:15,537,43.6,97.6,53.99999999999999,71.49982519305556,132.40708369084365,71.51667022705078,132.63,44.12,135.89139344262296,-59.95885026070763,-14.60001,29.373370577281193,32.0,132.40708369084365,131.61997293838903,0,0,98.62921893498816,98.62921893498816,98.04290499644398
279,2019-12-01T13:46:21,2019-12-01T15:16:57,680,41.6,97.2,55.6,73.49041438472221,132.17700428906872,90.5999984741211,132.08,43.94,135.88477366255145,-48.644860632352945,-15.0,30.62794117647059,32.0,132.17700428906872,131.61997293838903,0,0,98.4578342095072,98.4578342095072,98.04290499644398
280,2019-12-01T20:35:32,2019-12-01T21:45:51,528,57.2,98.0,40.8,53.678486498611115,131.56491788875275,70.31666564941406,133.17,44.3,135.8877551020408,-45.760997026515156,0.0,28.977272727272727,31.0,131.56491788875275,131.61997293838903,0,0,98.00189482997332,98.00189482997332,98.04290499644398
281,2019-12-02T15:56:34,2019-12-02T16:49:32,398,36.0,85.2,49.2,64.95544775972222,132.02326780431343,52.96666717529297,115.83,38.53,135.95070422535213,-73.54799371859298,-47.5,23.228643216080403,26.0,132.02326780431343,131.67767623241875,0,0,98.34331685144328,98.34331685144328,98.08588782380852
282,2019-12-03T00:20:03,2019-12-03T01:11:05,384,34.8,60.8,26.0,33.609951009166664,129.2690423429487,51.03333282470703,81.72,27.16,134.4078947368421,-39.47108515104167,-4.899994,21.986979166666668,24.0,129.2690423429487,131.67767623241875,0,0,96.29171131454066,96.29171131454066,98.08588782380852
284,2019-12-03T02:28:51,2019-12-03T02:49:56,159,61.6,80.4,18.800000000000004,24.66916900416667,131.2189840647163,21.08333396911621,108.59,36.11,135.06218905472636,-70.20440918238992,-69.89999,23.446540880503143,25.0,131.2189840647163,131.61997293838903,0,0,97.74421086083181,97.74421086083181,98.04290499644398
285,2019-12-03T13:36:05,2019-12-03T14:25:17,371,25.6,70.0,44.4,57.460505580555555,129.41555310935937,49.20000076293945,94.99,31.58,135.7,-70.01240571428572,-24.39999,22.56199460916442,26.0,129.41555310935937,131.59012739152143,0,0,96.40084627963354,96.40084627963354,98.02067323289941
288,2019-12-03T14:44:16,2019-12-03T15:22:59,292,77.2,97.6,20.39999999999999,24.813544884722226,121.63502394471685,38.71666717529297,132.61,44.11,135.87090163934428,-38.54486801369863,-14.30002,26.455479452054796,27.0,121.63502394471685,131.5268976024094,0,0,90.60517815509911,90.60517815509911,97.97357375347804
289,2019-12-04T00:14:15,2019-12-04T01:06:17,391,44.4,70.4,26.000000000000007,34.326999944444445,132.02692286324785,52.03333282470703,94.73,31.49,134.5596590909091,-39.53861885421995,-4.899994,22.44245524296675,24.0,132.02692286324785,131.59012739152143,0,0,98.34603948227098,98.34603948227098,98.02067323289941
290,2019-12-04T06:11:23,2019-12-04T07:58:03,801,13.2,97.6,84.39999999999999,109.76571500138888,130.05416469358875,106.66666412353516,132.61,44.11,135.87090163934428,-61.71061549313359,-14.70001,24.775280898876403,29.0,130.05416469358875,131.59012739152143,0,0,96.87654410485297,96.87654410485297,98.02067323289941
291,2019-12-04T14:12:02,2019-12-04T15:17:01,488,56.8,96.4,39.60000000000001,52.469230972222235,132.4980580106622,64.98332977294922,131.0,43.58,135.8921161825726,-48.36045889344263,0.0,27.610655737704917,30.0,132.4980580106622,131.61997293838903,0,0,98.69698514399096,98.69698514399096,98.04290499644398
292,2019-12-04T22:34:36,2019-12-05T00:09:54,716,47.2,97.6,50.39999999999999,66.87522126666666,132.6889310846561,95.30000305175781,132.65,44.13,135.91188524590166,-42.08784856145252,-14.39999,26.075418994413408,28.0,132.6889310846561,131.61997293838903,0,0,98.83916531803433,98.83916531803433,98.04290499644398
293,2019-12-05T08:56:14,2019-12-05T10:46:02,824,10.8,97.6,86.8,113.52964155555556,130.79451792114696,109.80000305175781,132.61,44.11,135.87090163934428,-62.01189464805825,-13.89999,26.965412621359224,31.0,130.79451792114696,131.59012739152143,0,0,97.42802865186223,97.42802865186223,98.02067323289941
294,2019-12-05T21:28:31,2019-12-05T22:48:11,598,36.0,97.6,61.599999999999994,79.00334243055556,128.2521792703824,79.66666412353516,132.63,44.12,135.89139344262296,-59.47492324414716,-14.10001,26.62541806020067,29.0,128.2521792703824,131.59012739152143,0,0,95.5342562916265,95.5342562916265,98.02067323289941
295,2019-12-06T04:46:29,2019-12-06T06:12:01,642,27.2,98.0,70.8,92.89275872777779,131.20446147991214,85.53333282470703,133.17,44.3,135.8877551020408,-65.12321482866044,0.0,28.573208722741434,32.0,131.20446147991214,131.59012739152143,0,0,97.73339307709831,97.73339307709831,98.02067323289941
296,2019-12-06T18:12:58,2019-12-06T19:58:38,793,15.2,97.6,82.39999999999999,107.05193980555556,129.9174026766451,105.66666412353516,132.65,44.13,135.91188524590166,-60.76557113493064,-13.5,28.906052963430014,33.0,129.9174026766451,131.59012739152143,0,0,96.77467092303273,96.77467092303273,98.02067323289941
297,2019-12-07T05:43:28,2019-12-07T07:29:00,792,16.8,70.8,54.0,69.91693669444444,129.47580869341564,105.53333282470703,95.57999,31.78,134.99998587570622,-39.728657209595966,-5.0,22.321338383838384,26.0,129.47580869341564,131.5268976024094,0,0,96.44573029207672,96.44573029207672,97.97357375347804
298,2019-12-07T13:13:21,2019-12-07T14:43:32,677,24.0,70.4,46.400000000000006,60.14046015694445,129.6130606830699,90.18333435058594,95.57999,31.79,135.76703124999997,-40.01226119645495,-40.0,24.09675036927622,27.0,129.6130606830699,131.46649647232286,0,0,96.54796845154317,96.54796845154317,97.92858132469576
299,2019-12-07T23:48:38,2019-12-08T01:20:48,693,18.4,66.4,48.00000000000001,61.121919588888915,127.33733247685188,92.16666412353516,89.98,29.92,135.5120481927711,-39.78010655122656,-26.0,23.3975468975469,26.0,127.33733247685188,131.3951879593174,0,0,94.85279256494424,94.85279256494424,97.87546405373794
300,2019-12-08T05:37:03,2019-12-08T06:42:41,493,30.4,89.6,59.199999999999996,78.03393965000001,131.81408724662165,65.63333129882812,121.49,40.4,135.59151785714286,-71.31338308316431,-47.60001,23.613590263691684,27.0,131.81408724662165,131.46649647232286,0,0,98.18749954585488,98.18749954585488,97.92858132469576
301,2019-12-08T15:32:06,2019-12-08T17:07:06,713,10.0,94.8,84.8,111.98068607083334,132.05269583824688,95.0,128.85,42.86,135.91772151898735,-70.71332746143058,-48.10001,29.84992987377279,34.0,132.05269583824688,131.5268976024094,0,0,98.36523761218162,98.36523761218162,97.97357375347804
302,2019-12-09T03:29:14,2019-12-09T05:25:48,875,28.4,97.6,69.19999999999999,89.13354356666666,128.8056987957611,116.56666564941406,132.37,44.02,135.625,-45.870293828571434,-20.0,23.61657142857143,27.0,128.8056987957611,131.41756880306065,0,0,95.946569567711,95.946569567711,97.89213540602492
303,2019-12-09T16:29:36,2019-12-09T18:37:57,963,19.6,97.6,78.0,102.12553998472222,130.93017946759258,128.35000610351562,132.63,44.12,135.89139344262296,-47.727932762201455,-14.5,28.787642782969886,32.0,130.93017946759258,131.28262217738575,0,0,97.52908210000469,97.52908210000469,97.79161449794947
304,2019-12-10T02:07:53,2019-12-10T03:25:16,581,40.4,97.6,57.199999999999996,74.48444553333334,130.21756212121215,77.38333129882812,132.65,44.13,135.91188524590166,-57.72237607573151,-14.39999,26.556798623063685,29.0,130.21756212121215,131.2117227723142,0,0,96.99825783959628,96.99825783959628,97.73880196896506
305,2019-12-10T14:42:19,2019-12-10T16:07:34,640,32.8,87.2,54.400000000000006,71.00851739444445,130.53036285743465,85.25,118.52,39.43,135.91743119266056,-49.976564953125006,-49.70001,24.64921875,27.0,130.53036285743465,131.14793095388976,0,0,97.23126117624516,97.23126117624516,97.69128383737976
306,2019-12-11T14:22:33,2019-12-11T16:30:55,963,17.2,96.8,79.6,100.61136738333333,126.39619018006701,128.36666870117188,131.53,43.75,135.87809917355372,-47.01360626168225,-13.80002,27.448078920041535,31.0,126.39619018006701,131.14793095388976,0,0,94.15174148028092,94.15174148028092,97.69128383737976
307,2019-12-12T11:46:17,2019-12-12T12:09:22,174,28.8,49.2,20.400000000000002,26.999253834722225,132.3492835035403,23.08333396911621,66.39,22.07,134.9390243902439,-70.17817086206897,-69.89999,21.93103448275862,24.0,132.3492835035403,131.2117227723142,0,0,98.58616393242248,98.58616393242248,97.73880196896506
308,2019-12-12T12:14:18,2019-12-12T12:49:47,267,48.8,80.0,31.200000000000003,41.45212864583334,132.85938668536326,35.483333587646484,108.73,36.17,135.9125,-70.09289007490638,-69.80002,25.275280898876403,27.0,132.85938668536326,131.28262217738575,0,0,98.96613664231857,98.96613664231857,97.79161449794947
309,2019-12-12T12:51:13,2019-12-12T13:26:43,267,80.0,97.6,17.599999999999994,21.00050555,119.32105426136368,35.5,132.73,44.16,135.99385245901638,-35.52285580524345,-14.10001,26.54307116104869,28.0,119.32105426136368,131.28262217738575,0,0,88.88151642835005,88.88151642835005,97.79161449794947
310,2019-12-13T01:06:58,2019-12-13T02:30:13,625,34.4,97.6,63.199999999999996,82.15141199861111,129.98641139020745,83.25,132.63,44.12,135.89139344262296,-59.17904664,-14.39999,26.5064,29.0,129.98641139020745,131.2117227723142,0,0,96.82607508758826,96.82607508758826,97.73880196896506
312,2019-12-13T15:54:01,2019-12-13T18:09:34,1019,11.2,71.6,60.39999999999999,75.98017531805556,125.79499224843639,135.5500030517578,97.23,32.34,135.79608938547486,-33.634940058881256,-22.5,29.998037291462218,33.0,125.79499224843639,131.14793095388976,0,0,93.70391285382684,93.70391285382684,97.69128383737976
313,2019-12-13T18:15:50,2019-12-13T18:29:59,107,71.2,77.6,6.3999999999999915,8.6283624,134.81816250000017,14.149999618530273,105.41,35.06,135.83762886597938,-36.5813138317757,-22.5,31.55607476635514,33.0,134.81816250000017,131.2117227723142,0,0,100.42521664983137,100.42521664983137,97.73880196896506
314,2019-12-14T01:30:33,2019-12-14T02:20:59,379,15.6,44.0,28.4,37.89895284999999,133.44701707746478,50.43333435058594,59.7,19.85,135.6818181818182,-45.073624775725584,-34.20001,27.42084432717678,30.0,133.44701707746478,131.2117227723142,0,0,99.40385889236646,99.40385889236646,97.73880196896506
315,2019-12-14T02:30:28,2019-12-14T03:13:50,327,43.6,68.0,24.4,32.58706279444444,133.5535360428051,43.36666488647461,92.32999,30.71,135.77939705882352,-45.069428990825685,-34.30002,30.00611620795107,32.0,133.5535360428051,131.2117227723142,0,0,99.48320421181937,99.48320421181937,97.73880196896506
319,2019-12-14T14:50:07,2019-12-14T15:13:52,179,18.4,32.0,13.600000000000001,17.8115161125,130.96703023897058,23.75,43.31,14.41,135.34375,-44.93967044692737,-24.20001,27.058659217877096,28.0,130.96703023897058,131.14793095388976,0,0,97.55653201202486,97.55653201202486,97.69128383737976
320,2019-12-14T15:35:45,2019-12-14T16:50:08,560,31.6,74.4,42.800000000000004,55.86996656805556,130.53730506555036,74.38333129882812,101.09,33.63,135.87365591397847,-45.06661378571429,-45.0,30.415178571428573,32.0,130.53730506555036,131.03839477463558,0,0,97.23643238419756,97.23643238419756,97.60969101391582
321,2019-12-14T21:56:04,2019-12-14T23:15:23,596,50.8,95.2,44.400000000000006,59.620832675,134.2811546734234,79.31666564941406,129.34,43.03,135.8613445378151,-45.09849994966443,-42.30002,28.16946308724832,30.0,134.2811546734234,131.14793095388976,0,0,100.02520283621314,100.02520283621314,97.69128383737976
322,2019-12-15T07:30:30,2019-12-15T09:36:02,943,28.0,97.6,69.6,91.03386172222223,130.79577833652618,125.53333282470703,132.61,44.11,135.87090163934428,-43.48663868504772,-14.5,26.477730646871684,29.0,130.79577833652618,131.03839477463558,0,0,97.42896752749428,97.42896752749428,97.60969101391582
324,2019-12-15T19:37:03,2019-12-15T20:54:42,583,38.4,97.6,59.199999999999996,77.97460274583334,131.71385598958335,77.6500015258789,132.61,44.11,135.87090163934428,-60.21801457975987,-14.0,29.644082332761577,32.0,131.71385598958335,131.14793095388976,0,0,98.11283790148512,98.11283790148512,97.69128383737976
325,2019-12-16T01:08:06,2019-12-16T02:00:56,397,60.0,98.0,38.0,50.09344454444445,131.8248540643275,52.83333206176758,133.17,44.3,135.8877551020408,-56.842569370277076,0.0,30.09949622166247,32.0,131.8248540643275,131.14793095388976,0,0,98.19551968187132,98.19551968187132,97.69128383737976
326,2019-12-16T06:19:04,2019-12-16T07:08:48,375,57.6,85.6,27.999999999999993,37.34981384444444,133.39219230158733,49.733333587646484,116.31,38.69,135.87616822429908,-45.01361000000001,-10.10001,28.514666666666667,30.0,133.39219230158733,131.14793095388976,0,0,99.36302025539668,99.36302025539668,97.69128383737976
327,2019-12-16T15:56:26,2019-12-16T17:43:51,806,7.2,97.6,90.39999999999999,118.38669146805556,130.95872950006148,107.41666412353516,132.65,44.13,135.91188524590166,-66.10335596774193,-14.0,33.97022332506204,38.0,130.95872950006148,131.03839477463558,0,0,97.55034884287434,97.55034884287434,97.60969101391582
328,2019-12-17T03:01:14,2019-12-17T04:38:05,727,20.0,97.6,77.6,100.51887565555556,129.53463357674687,96.8499984741211,132.61,44.11,135.87090163934428,-62.24526346629987,-14.60001,32.415405777166434,36.0,129.53463357674687,130.9762096801872,0,0,96.48954858438536,96.48954858438536,97.56336972109764
329,2019-12-17T16:38:53,2019-12-17T18:15:04,722,14.4,96.0,81.6,106.47893677916669,130.48889311172388,96.18333435058594,130.51,43.41,135.94791666666666,-66.38712299168975,-14.39999,34.013850415512465,37.0,130.48889311172388,130.9762096801872,0,0,97.20037061876988,97.20037061876988,97.56336972109764
330,2019-12-18T00:52:51,2019-12-18T02:03:17,529,42.8,97.6,54.8,72.42712634444446,132.16628894971618,70.43333435058594,132.63,44.12,135.89139344262296,-61.6586141020794,-14.89999,33.852551984877124,37.0,132.16628894971618,131.02921533341896,0,0,98.4498524193982,98.4498524193982,97.60285330484304
331,2019-12-18T13:56:22,2019-12-18T15:38:50,769,16.4,97.6,81.19999999999999,106.06539836111114,130.62241177476744,102.46666717529297,132.61,44.11,135.87090163934428,-62.079589414824454,-13.89999,33.90637191157347,37.0,130.62241177476744,131.02921533341896,0,0,97.29982784629992,97.29982784629992,97.60285330484304
332,2019-12-18T23:30:13,2019-12-19T00:19:35,371,41.6,85.6,43.99999999999999,58.24068113333334,132.36518439393942,49.36666488647461,116.35,38.7,135.9228971962617,-70.78519277628033,-70.60001,33.435309973045825,36.0,132.36518439393942,131.08574585944137,0,0,98.59800840748166,98.59800840748166,97.6449625445616
333,2019-12-19T11:29:09,2019-12-19T13:21:54,846,9.2,97.6,88.39999999999999,115.24559216111112,130.36831692433387,112.75,132.63,44.12,135.89139344262296,-61.31064297872341,-13.89999,28.13356973995272,32.0,130.36831692433387,130.96287986951603,0,0,97.11055416142533,97.11055416142533,97.5534404274496
334,2019-12-20T01:27:43,2019-12-20T02:48:26,606,13.2,85.2,72.0,94.2410336888889,130.89032456790127,80.71666717529297,115.74,38.5,135.8450704225352,-70.0531397029703,-69.80002,25.635313531353134,30.0,130.89032456790127,130.94445448382703,0,0,97.4993944313565,97.4993944313565,97.53971547143951
335,2019-12-20T15:51:51,2019-12-20T17:08:34,576,15.6,84.0,68.4,89.59072861527778,130.98059739075697,76.71666717529297,114.13,37.97,135.86904761904762,-70.06875500000001,-69.80002,25.289930555555557,29.0,130.98059739075697,130.94445448382703,0,0,97.5666380996039,97.5666380996039,97.53971547143951
336,2019-12-21T00:55:14,2019-12-21T02:49:38,866,28.8,97.6,68.8,89.22226698888889,129.68352760012922,114.4000015258789,132.63,44.12,135.89139344262296,-46.81097890300231,-14.60001,25.32678983833718,28.0,129.68352760012922,130.91025201774693,0,0,96.60045882287817,96.60045882287817,97.5142382656806
337,2019-12-21T09:23:35,2019-12-21T11:11:31,810,38.4,96.8,58.4,76.16977966666668,130.42770490867585,107.93333435058594,131.3,43.66,135.6404958677686,-42.321976370370365,-20.20001,23.82469135802469,26.0,130.42770490867585,130.84305145221373,0,0,97.15479190419933,97.15479190419933,97.4641809794254
338,2019-12-21T19:40:37,2019-12-21T20:10:23,224,64.0,80.4,16.400000000000006,22.424227183333326,136.73309258130072,29.766666412353516,109.28,36.35,135.92039800995025,-45.20001000000001,-45.20001,26.555803571428573,28.0,136.73309258130072,130.84305145221373,0,0,101.85163624135998,101.85163624135998,97.4641809794254
339,2019-12-22T02:22:50,2019-12-22T04:04:46,765,15.6,97.6,82.0,108.10068129027778,131.8300991344851,101.93333435058594,132.63,44.12,135.89139344262296,-63.60196122875817,-14.80002,29.237254901960785,33.0,131.8300991344851,130.84305145221373,0,0,98.19942670223975,98.19942670223975,97.4641809794254
340,2019-12-22T16:35:00,2019-12-22T17:49:35,560,42.0,97.6,55.599999999999994,72.67290435555554,130.70666250999201,74.58333587646484,132.63,44.12,135.89139344262296,-58.368583857142866,0.0,28.333928571428572,31.0,130.70666250999201,130.84305145221373,0,0,97.3625856986615,97.3625856986615,97.4641809794254
341,2019-12-23T00:51:13,2019-12-23T02:23:33,693,36.4,97.6,61.199999999999996,80.05543723750002,130.80953796977127,92.33333587646484,132.63,44.12,135.89139344262296,-51.98211112554113,-14.30002,26.965367965367964,30.0,130.80953796977127,130.80265815314874,0,0,97.43921699332319,97.43921699332319,97.43409226040873
342,2019-12-23T15:51:01,2019-12-23T17:24:29,704,8.0,90.0,82.0,107.60359528472223,131.22389668868567,93.46666717529297,122.26,40.67,135.84444444444443,-69.06874875,-48.0,31.67471590909091,36.0,131.22389668868567,130.84993126883626,0,0,97.74787024408771,97.74787024408771,97.46930571233985
343,2019-12-23T17:27:50,2019-12-23T17:47:09,146,90.0,97.6,7.599999999999994,9.771168369444444,128.5680048611112,19.316667556762695,132.63,44.12,135.89139344262296,-30.400690205479457,-14.60001,34.83561643835616,36.0,128.5680048611112,130.84993126883626,0,0,95.76951282371654,95.76951282371654,97.46930571233985
344,2019-12-23T21:58:24,2019-12-23T22:32:42,258,73.2,97.2,24.0,31.903295147222227,132.9303964467593,34.29999923706055,132.08,43.94,135.88477366255145,-55.76744794573644,-14.20001,31.271317829457363,33.0,132.9303964467593,130.84993126883626,0,0,99.01903137504755,99.01903137504755,97.46930571233985
346,2019-12-24T03:09:48,2019-12-24T04:34:15,634,52.4,97.6,45.199999999999996,59.97675545972222,132.69193685779254,84.44999694824219,132.61,44.11,135.87090163934428,-42.590845772870665,-14.70001,30.542586750788644,33.0,132.69193685779254,130.91025201774693,0,0,98.84140429988092,98.84140429988092,97.5142382656806
347,2019-12-24T17:24:36,2019-12-24T18:46:40,616,35.2,98.0,62.8,81.4161460763889,129.64354470762564,82.06666564941406,133.17,44.3,135.8877551020408,-59.49903123376623,-13.89999,28.699675324675326,31.0,129.64354470762564,130.84993126883626,0,0,96.57067581317456,96.57067581317456,97.46930571233985
348,2019-12-25T15:15:59,2019-12-25T16:10:02,406,59.6,97.6,37.99999999999999,50.09194969722222,131.82092025584797,54.04999923706055,132.63,44.12,135.89139344262296,-55.57759204433498,-14.39999,26.470443349753694,28.0,131.82092025584797,130.84993126883626,0,0,98.19258941222894,98.19258941222894,97.46930571233985
349,2019-12-26T05:03:25,2019-12-26T07:13:54,979,18.4,98.0,79.6,102.92694366944444,129.30520561487995,130.48333740234375,133.17,44.3,135.8877551020408,-47.311650561797755,-14.20001,26.39632277834525,30.0,129.30520561487995,130.84993126883626,0,0,96.31864911246876,96.31864911246876,97.46930571233985
350,2019-12-26T16:07:01,2019-12-26T17:33:08,647,27.2,97.6,70.39999999999999,91.25527291944445,129.62396721511996,86.11666870117188,132.61,44.11,135.87090163934428,-63.53694599690881,-14.30002,31.07496136012365,34.0,129.62396721511996,130.84993126883626,0,0,96.5560926599118,96.5560926599118,97.46930571233985
351,2019-12-27T07:00:59,2019-12-27T08:14:06,549,30.0,72.4,42.400000000000006,54.72853077083334,129.07672351611635,73.11666870117188,97.03,32.25,134.01933701657458,-44.910737887067405,-44.89999,20.66848816029144,23.0,129.07672351611635,130.80265815314874,0,0,96.14845420813647,96.14845420813647,97.43409226040873
352,2019-12-27T12:59:20,2019-12-27T14:03:55,485,51.2,97.6,46.39999999999999,61.322019609722226,132.1595250209531,64.58333587646484,132.37,44.02,135.625,-56.950520783505155,-20.20001,23.709278350515465,26.0,132.1595250209531,130.84993126883626,0,0,98.44481401063459,98.44481401063459,97.46930571233985
353,2019-12-28T09:26:41,2019-12-28T10:57:17,680,29.6,97.6,68.0,86.39297644444444,127.04849477124182,90.5999984741211,131.87,43.85,135.1127049180328,-57.19647336764706,-19.80002,21.86911764705882,25.0,127.04849477124182,130.84993126883626,0,0,94.63763914181008,94.63763914181008,97.46930571233985
355,2019-12-29T00:44:55,2019-12-29T04:10:30,1543,28.4,97.6,69.19999999999999,89.08366642222222,128.733621997431,205.5833282470703,132.39,44.03,135.64549180327867,-25.99928703175632,-25.89999,24.440699935191187,26.0,128.733621997431,130.84993126883626,0,0,95.89288000575952,95.89288000575952,97.46930571233985
356,2019-12-29T15:28:04,2019-12-29T17:09:12,759,42.8,97.6,54.8,72.32623908888888,131.9821881184104,101.13333129882812,132.61,44.11,135.87090163934428,-42.89091910408431,-14.60001,28.727931488801055,31.0,131.9821881184104,130.91025201774693,0,0,98.31271684710988,98.31271684710988,97.5142382656806
357,2019-12-30T05:02:24,2019-12-30T07:33:07,1132,9.2,95.6,86.39999999999999,113.27405290833333,131.1042279031636,150.71665954589844,129.92,43.22,135.89958158995816,-45.08587573321554,-26.30002,28.238515901060072,32.0,131.1042279031636,130.91025201774693,0,0,97.65872970479074,97.65872970479074,97.5142382656806
358,2019-12-30T19:17:24,2019-12-30T21:47:56,1133,12.0,97.2,85.2,111.92570578888889,131.36819928273346,150.53334045410156,132.1,43.94,135.90534979423867,-44.60027484554281,-14.60001,32.99691085613416,36.0,131.36819928273346,130.91025201774693,0,0,97.85536035522449,97.85536035522449,97.5142382656806
359,2019-12-31T05:04:02,2019-12-31T06:23:57,600,34.8,97.6,62.8,82.7243328638889,131.72664468772118,79.91666412353516,132.63,44.12,135.89139344262296,-62.08134340000001,-14.10001,31.17,34.0,131.72664468772118,130.94445448382703,0,0,98.12236412374884,98.12236412374884,97.53971547143951
360,2019-12-31T17:16:47,2019-12-31T17:43:20,200,70.0,91.6,21.599999999999994,28.776642813888888,133.2251982124486,26.549999237060547,124.47,41.4,135.88427947598254,-65.00050890000001,-48.30002,28.3575,30.0,133.2251982124486,130.96287986951603,0,0,99.23862738970249,99.23862738970249,97.5534404274496
361,2020-01-01T02:28:29,2020-01-01T03:36:56,514,23.2,84.4,61.2,80.31011076944445,131.2256711919027,68.44999694824219,114.73,38.16,135.93601895734596,-70.39591410505838,-70.20001,28.357003891050585,32.0,131.2256711919027,130.97381381486377,0,0,97.74919206057528,97.74919206057528,97.56158505581439
362,2020-01-01T22:37:02,2020-01-02T00:11:38,710,12.8,94.4,81.60000000000001,106.65417469583333,130.70364546058005,94.5999984741211,128.24,42.66,135.84745762711864,-67.63154557746479,-48.39999,27.21549295774648,31.0,130.70364546058005,130.97381381486377,0,0,97.36033831718693,97.36033831718693,97.56158505581439
363,2020-01-02T03:59:16,2020-01-02T05:40:39,761,16.0,97.6,81.6,107.84559618611112,132.16372081631266,101.38333129882812,132.63,44.12,135.89139344262296,-63.793043074901455,-14.30002,31.994086727989487,36.0,132.16372081631266,131.0424126469603,0,0,98.44793943268594,98.44793943268594,97.61268390219732
364,2020-01-02T12:22:52,2020-01-02T13:51:33,666,31.2,90.4,59.2,77.00441760277778,130.07502973442192,88.68333435058594,122.91,40.88,135.96238938053096,-52.06847849849849,-12.20001,29.004504504504503,32.0,130.07502973442192,130.97381381486377,0,0,96.89208634491338,96.89208634491338,97.56158505581439
365,2020-01-03T00:04:43,2020-01-03T00:46:10,319,50.4,77.2,26.800000000000004,35.99038194166667,134.29246993159205,41.45000076293945,104.7,34.82,135.6217616580311,-52.08621695924764,-44.30002,24.942006269592476,27.0,134.29246993159205,130.97381381486377,0,0,100.03363150214335,100.03363150214335,97.56158505581439
366,2020-01-03T06:07:25,2020-01-03T06:22:36,116,48.0,56.8,8.799999999999997,11.393363641666665,129.4700413825758,15.183333396911621,76.05,25.28,133.89084507042253,-44.900872068965505,-16.20001,22.54310344827586,24.0,129.4700413825758,130.97381381486377,0,0,96.4414342578493,96.4414342578493,97.56158505581439
367,2020-01-03T06:28:03,2020-01-03T07:29:02,458,56.4,90.4,34.00000000000001,45.94034349722224,135.11865734477126,60.983333587646484,122.57,40.76,135.5862831858407,-45.199573318777304,-45.10001,24.175764192139738,26.0,135.11865734477126,131.0424126469603,0,0,100.6490534039356,100.6490534039356,97.61268390219732
368,2020-01-03T16:29:21,2020-01-03T17:08:02,291,25.2,59.6,34.400000000000006,45.23038105833334,131.48366586724805,38.68333435058594,80.98,26.93,135.87248322147653,-70.15499223367698,-69.89999,27.769759450171822,31.0,131.48366586724805,131.16406229592462,0,0,97.94137070094251,97.94137070094251,97.70329997443923
369,2020-01-03T17:12:51,2020-01-03T18:07:17,409,60.0,97.6,37.599999999999994,49.230854873611115,130.93312466385936,54.43333435058594,132.61,44.11,135.87090163934428,-54.23301577017116,-14.10001,31.15281173594132,32.0,130.93312466385936,131.0424126469603,0,0,97.53127595851515,97.53127595851515,97.61268390219732
370,2020-01-04T04:36:27,2020-01-04T06:01:50,641,23.2,95.6,72.39999999999999,94.64176650000002,130.72067196132602,85.38333129882812,129.99,43.24,135.97280334728035,-66.49236728549143,-48.0,28.253510140405616,32.0,130.72067196132602,130.97381381486377,0,0,97.37302125244206,97.37302125244206,97.56158505581439
371,2020-01-04T17:38:47,2020-01-04T18:46:18,507,41.2,83.6,42.39999999999999,56.22693367083334,132.61069261988996,67.51667022705078,113.62,37.79,135.9090909090909,-49.967261143984224,-49.70001,29.236686390532544,31.0,132.61069261988996,130.97381381486377,0,0,98.78088596880727,98.78088596880727,97.56158505581439
372,2020-01-05T18:48:40,2020-01-05T20:49:25,906,24.4,97.6,73.19999999999999,95.33178596944445,130.23468028612632,120.75,132.63,44.12,135.89139344262296,-47.351549337748345,-14.30002,28.929359823399558,32.0,130.23468028612632,130.96966344540922,0,0,97.0110090549242,97.0110090549242,97.55849347123913
373,2020-01-06T05:11:47,2020-01-06T06:38:25,651,22.0,97.2,75.2,98.06938552361113,130.41141691969565,86.63333129882812,132.07,43.93,135.8744855967078,-67.89140513056837,-14.5,30.28878648233487,34.0,130.41141691969565,130.96966344540922,0,0,97.14265908179772,97.14265908179772,97.55849347123913
374,2020-01-06T15:26:07,2020-01-06T17:10:51,786,10.4,76.4,66.0,87.0480937,131.89105106060606,104.73332977294922,103.78,34.52,135.83769633507853,-49.83675848600509,0.0,32.69211195928753,36.0,131.89105106060606,130.96966344540922,0,0,98.2448294155865,98.2448294155865,97.55849347123913
375,2020-01-07T11:30:12,2020-01-07T11:46:21,122,22.8,32.0,9.2,12.09894652222222,131.51028828502413,16.149999618530273,43.26,14.38,135.1875,-44.823778196721314,-14.20001,24.28688524590164,25.0,131.51028828502413,131.0424126469603,0,0,97.96120157553187,97.96120157553187,97.61268390219732
376,2020-01-07T12:19:18,2020-01-07T12:44:15,188,31.6,46.0,14.399999999999999,18.673056611111114,129.6740042438272,24.950000762939453,62.43,20.76,135.7173913043478,-44.786172765957446,0.0,26.497340425531913,28.0,129.6740042438272,130.96966344540922,0,0,96.59336493358217,96.59336493358217,97.55849347123913
377,2020-01-07T13:31:29,2020-01-07T13:56:10,186,45.6,60.0,14.399999999999999,18.516834755555557,128.5891302469136,24.683332443237305,81.41,27.08,135.68333333333334,-44.98710026881721,-36.20001,28.599462365591396,30.0,128.5891302469136,130.9459270819604,0,0,95.78524899313672,95.78524899313672,97.54081240069475
379,2020-01-07T16:52:25,2020-01-07T17:43:55,387,61.6,97.6,35.99999999999999,48.86583759444445,135.7384377623457,51.5,132.65,44.13,135.91188524590166,-56.885017855297164,-14.30002,31.899224806201552,33.0,135.7384377623457,130.9459270819604,0,0,101.11072400940937,101.11072400940937,97.54081240069475
380,2020-01-08T02:13:51,2020-01-08T03:57:05,775,10.4,98.0,87.6,115.02686169166668,131.30920284436837,103.23332977294922,133.17,44.3,135.8877551020408,-66.8235003483871,0.0,34.089677419354835,38.0,131.30920284436837,130.95686102730815,0,0,97.8114142726306,97.8114142726306,97.54895702905952
381,2020-01-08T18:04:51,2020-01-08T19:46:55,766,14.4,97.6,83.19999999999999,108.633335625,130.56891301081734,102.06666564941406,132.63,44.12,135.89139344262296,-63.831855143603136,-15.0,33.75065274151436,37.0,130.56891301081734,130.95686102730815,0,0,97.25997694742577,97.25997694742577,97.54895702905952
382,2020-01-09T03:55:46,2020-01-09T05:18:05,618,32.0,97.6,65.6,85.9349287513889,130.99836699906845,82.31666564941406,132.65,44.13,135.91188524590166,-62.60470134304207,-14.89999,32.21601941747573,35.0,130.99836699906845,130.9894821949127,0,0,97.57987457109537,97.57987457109537,97.57325633534964
383,2020-01-10T01:28:01,2020-01-10T02:37:48,524,24.4,86.4,62.00000000000001,81.63326203055557,131.66655166218638,69.78333282470703,117.5,39.09,135.99537037037035,-70.18855996183207,-70.10001,28.884541984732824,33.0,131.66655166218638,130.9894821949127,0,0,98.07760120014443,98.07760120014443,97.57325633534964
384,2020-01-10T15:59:19,2020-01-10T17:06:47,508,30.0,64.8,34.8,45.0624549,129.4898129310345,67.46666717529297,87.98,29.27,135.7716049382716,-40.05788332677165,-22.30002,29.241141732283463,31.0,129.4898129310345,130.9894821949127,0,0,96.45616196219304,96.45616196219304,97.57325633534964
385,2020-01-11T00:20:20,2020-01-11T02:18:57,890,9.6,77.2,67.60000000000001,88.96350009999999,131.60281079881653,118.61666870117188,104.89,34.89,135.8678756476684,-45.00056185393259,-45.0,30.497191011235955,34.0,131.60281079881653,130.9894821949127,0,0,98.03012102466462,98.03012102466462,97.57325633534964
386,2020-01-11T05:49:41,2020-01-11T06:34:31,339,50.8,76.0,25.200000000000003,33.69946576805555,133.7280387621252,44.83333206176758,103.23,34.34,135.82894736842107,-45.099714955752205,-45.0,29.311209439528024,31.0,133.7280387621252,131.05129745111603,0,0,99.61319020976461,99.61319020976461,97.61930213794307
387,2020-01-11T15:23:23,2020-01-11T16:30:49,509,16.0,54.4,38.4,50.46293323888889,131.4138886429398,67.43333435058594,73.8,24.55,135.66176470588235,-44.90038296660118,-44.89999,27.354616895874262,30.0,131.4138886429398,131.16406229592462,0,0,97.88939407747847,97.88939407747847,97.70329997443923
388,2020-01-11T19:43:30,2020-01-11T21:09:26,645,30.8,97.6,66.8,86.8270924513889,129.9806773224385,85.93333435058594,132.63,44.12,135.89139344262296,-60.59907612403102,-14.30002,28.127906976744185,31.0,129.9806773224385,131.16406229592462,0,0,96.82180381591905,96.82180381591905,97.70329997443923
389,2020-01-12T02:42:00,2020-01-12T03:11:54,225,61.6,88.0,26.4,35.22969716666667,133.4458226010101,29.899999618530273,118.39,39.35,134.5340909090909,-70.65244991111112,-47.60001,23.464444444444446,26.0,133.4458226010101,131.22478394029417,0,0,99.4029691342321,99.4029691342321,97.7485311523315
390,2020-01-12T14:08:21,2020-01-12T15:23:20,563,43.6,97.6,53.99999999999999,70.18441910555556,129.9711464917696,74.98332977294922,132.35,44.02,135.6045081967213,-56.117053481349906,-20.30002,23.47335701598579,26.0,129.9711464917696,131.22478394029417,0,0,96.81470435901332,96.81470435901332,97.7485311523315
391,2020-01-13T01:35:13,2020-01-13T03:32:10,879,5.2,82.8,77.6,101.74651949166666,131.11664882946735,116.94999694824219,112.57,37.44,135.95410628019323,-52.20001000000001,-52.20001,26.463594994311716,30.0,131.11664882946735,131.1702727590765,0,0,97.66798197608651,97.66798197608651,97.7079261100871
392,2020-01-13T07:46:16,2020-01-13T08:53:54,508,50.4,97.6,47.199999999999996,61.665379315277775,130.64699007474107,67.63333129882812,132.37,44.02,135.625,-54.68445263779528,-19.89999,24.780511811023622,27.0,130.64699007474107,131.11043836631546,0,0,97.3181360701621,97.3181360701621,97.66335584043863
393,2020-01-13T20:41:01,2020-01-13T22:48:42,958,20.0,97.6,77.6,99.60555465277776,128.35767352162082,127.68333435058594,132.63,44.12,135.89139344262296,-46.793214603340296,-14.39999,26.659707724425886,29.0,128.35767352162082,131.11043836631546,0,0,95.61283830787323,95.61283830787323,97.66335584043863
394,2020-01-14T03:00:28,2020-01-14T05:14:50,1008,29.6,97.6,68.0,89.09185544999998,131.01743448529407,134.36666870117188,132.66,44.13,135.922131147541,-39.77044637896825,-14.5,29.61061507936508,32.0,131.01743448529407,131.11043836631546,0,0,97.59407782382978,97.59407782382978,97.66335584043863
395,2020-01-14T18:54:03,2020-01-14T20:21:03,653,30.4,97.6,67.19999999999999,86.85358302916669,129.24640331721235,87.0,132.61,44.11,135.87090163934428,-59.868462679938744,-14.30002,27.92955589586524,31.0,129.24640331721235,131.06083119422885,0,0,96.27484764408148,96.27484764408148,97.62640376431025
396,2020-01-15T12:36:36,2020-01-15T13:18:05,312,55.2,81.2,26.0,34.70772913611111,133.49126590811966,41.483333587646484,110.11,36.62,135.60344827586206,-50.200010000000006,-50.20001,23.875,26.0,133.49126590811966,131.11043836631546,0,0,99.4368195730538,99.4368195730538,97.66335584043863
398,2020-01-15T22:21:45,2020-01-16T00:34:54,999,12.8,81.6,68.8,88.32621018333334,128.3811194525194,133.14999389648438,110.89,36.89,135.89460784313727,-39.801621201201215,-39.80002,29.146646646646648,32.0,128.3811194525194,131.06083119422885,0,0,95.63030303700458,95.63030303700458,97.62640376431025
399,2020-01-16T18:42:05,2020-01-16T20:52:03,975,30.4,96.8,66.4,86.05627105555556,129.60281785475235,129.96665954589844,131.53,43.75,135.87809917355372,-39.70636868717949,-14.39999,27.31897435897436,29.0,129.60281785475235,131.00790074218128,0,0,96.54033863198605,96.54033863198605,97.58697619746258
400,2020-01-18T14:30:08,2020-01-18T16:49:52,1049,22.8,95.6,72.8,92.84477852222221,127.53403643162392,139.73333740234375,129.72,43.13,135.69037656903765,-39.85176390848427,-14.5,22.51715919923737,26.0,127.53403643162392,131.00790074218128,0,0,94.99931612606946,94.99931612606946,97.58697619746258
402,2020-01-19T11:50:49,2020-01-19T15:02:53,1449,27.2,92.4,65.2,83.22055583333335,127.63888931492845,192.06666564941406,122.86,40.82,132.96536796536796,-25.993995948930298,-16.10001,19.016908212560388,21.0,127.63888931492845,130.9657458314639,0,0,95.07742039130314,95.07742039130314,97.55557526480527
403,2020-01-19T21:41:49,2020-01-19T23:23:53,766,38.4,95.2,56.800000000000004,73.82965193333334,129.98178157276996,102.06666564941406,127.6,42.42,134.03361344537814,-43.38576159268929,-20.20001,20.699738903394255,23.0,129.98178157276996,130.9657458314639,0,0,96.82262636517143,96.82262636517143,97.55557526480527
404,2020-01-20T04:12:46,2020-01-20T05:31:13,589,39.6,97.6,57.99999999999999,75.6511631,130.4330398275862,78.44999694824219,132.39,44.03,135.64549180327867,-57.840924702886255,-20.0,24.674872665534807,28.0,130.4330398275862,130.9657458314639,0,0,97.15876585234882,97.15876585234882,97.55557526480527
405,2020-01-20T16:49:25,2020-01-20T19:06:22,1028,16.8,96.0,79.2,102.76557825833336,129.75451800294616,136.9499969482422,130.44,43.39,135.875,-45.00847297665371,-14.5,25.02140077821012,28.0,129.75451800294616,130.9657458314639,0,0,96.65333913552114,96.65333913552114,97.55557526480527
406,2020-01-21T22:32:36,2020-01-22T00:50:34,1035,20.8,97.6,76.8,96.91310897777778,126.18894398148149,137.96665954589844,132.75,44.16,136.01434426229508,-42.132269603864735,-14.39999,25.31304347826087,28.0,126.18894398148149,130.82689831259268,0,0,93.99736506684474,93.99736506684474,97.45214860547861
407,2020-01-22T11:28:02,2020-01-22T12:18:44,381,69.6,98.0,28.400000000000006,37.18855797083334,130.94562665786384,50.70000076293945,132.91,44.2,135.62244897959184,-43.956433280839896,0.0,25.06824146981627,26.0,130.94562665786384,130.9393756608616,0,0,97.54058861664053,97.54058861664053,97.53593228757785
408,2020-01-22T20:29:04,2020-01-22T22:03:22,708,42.4,97.6,55.199999999999996,72.21606149444445,130.82619835950084,94.30000305175781,132.63,44.12,135.89139344262296,-45.90169870056497,-12.20001,28.987994350282484,31.0,130.82619835950084,130.9393756608616,0,0,97.45162721474318,97.45162721474318,97.53593228757785
409,2020-01-23T04:11:10,2020-01-23T06:14:11,923,36.0,98.0,62.0,81.05582560277777,130.73520258512545,123.01667022705078,133.17,44.3,135.8877551020408,-39.52048647887324,-14.5,29.096424702058506,31.0,130.73520258512545,130.8796615116801,0,0,97.3838450243735,97.3838450243735,97.49145158662917
410,2020-01-23T21:28:09,2020-01-23T22:47:24,595,52.0,98.0,46.0,60.119863327777786,130.69535506038648,79.25,133.17,44.3,135.8877551020408,-45.49882522689076,-14.30002,30.32689075630252,32.0,130.69535506038648,130.78070047231313,0,0,97.35416284928175,97.35416284928175,97.41773611955834
411,2020-01-24T03:52:23,2020-01-24T05:41:23,819,9.6,98.0,88.4,116.49336119583336,131.77982035727754,109.0,133.17,44.3,135.8877551020408,-64.1017170818071,-14.20001,33.61965811965812,38.0,131.77982035727754,130.78070047231313,0,0,98.16197435160444,98.16197435160444,97.41773611955834
412,2020-01-24T15:03:26,2020-01-24T16:22:33,594,35.2,98.0,62.8,82.079867025,130.7004251990446,79.11666870117188,133.17,44.3,135.8877551020408,-62.201351279461285,0.0,32.28114478114478,35.0,130.7004251990446,130.72793727322573,0,0,97.35793956425654,97.35793956425654,97.37843313840779
413,2020-01-26T16:50:22,2020-01-26T20:18:30,1561,18.0,97.6,79.6,100.62020348194444,126.40729080646288,208.13333129882812,130.3,43.3,133.50409836065575,-29.00365811659193,-13.20001,18.827354260089685,21.0,126.40729080646288,130.71215871095302,0,0,94.16001026832906,94.16001026832906,97.3666797848145
414,2020-01-27T00:19:57,2020-01-27T01:30:15,528,48.0,97.6,49.599999999999994,64.9302194625,130.9077005292339,70.30000305175781,130.83,43.49,134.047131147541,-55.39641102272727,-20.10001,21.66287878787879,24.0,130.9077005292339,130.71215871095302,0,0,97.51233767764445,97.51233767764445,97.3666797848145
415,2020-01-27T18:32:37,2020-01-27T20:34:18,913,10.4,88.0,77.6,101.80685383611113,131.1943992733391,121.68333435058594,119.62,39.79,135.9318181818182,-50.199243406352686,-50.10001,25.143483023001096,29.0,131.1943992733391,130.72793727322573,0,0,97.7258978015632,97.7258978015632,97.37843313840779
416,2020-01-28T02:54:06,2020-01-28T05:34:37,1204,18.8,98.0,79.2,103.44767143611111,130.61574676276655,160.51666259765625,130.84,43.48,133.51020408163265,-38.65165254152824,-20.0,20.454734219269103,23.0,130.61574676276655,130.7105485801853,0,0,97.29486312002157,97.29486312002157,97.3654804083493
417,2020-01-28T20:08:21,2020-01-28T21:42:48,709,25.6,97.6,72.0,91.77009256388888,127.45846189429011,94.44999694824219,131.84,43.83,135.08196721311475,-58.27729782792666,-20.20001,21.591678420310295,24.0,127.45846189429011,130.7105485801853,0,0,94.94302111993512,94.94302111993512,97.3654804083493
418,2020-01-29T12:11:29,2020-01-29T13:24:52,551,57.2,97.6,40.39999999999999,52.5410974138889,130.0522213215072,73.38333129882812,129.28,42.94,132.45901639344262,-42.94066486388385,-20.5,18.056261343012704,20.0,130.0522213215072,130.69789012971552,0,0,96.87509649899111,96.87509649899111,97.35605120676914
419,2020-01-30T12:39:37,2020-01-30T13:39:40,451,60.0,98.0,38.0,49.47815985138889,130.20568381944443,60.04999923706055,128.77,42.76,131.3979591836735,-49.43038401330377,-20.10001,15.84478935698448,18.0,130.20568381944443,130.69789012971552,0,0,96.98940976596631,96.98940976596631,97.35605120676914
420,2020-01-31T00:02:00,2020-01-31T01:31:48,674,47.2,97.6,50.39999999999999,65.9510464125,130.85525081845242,89.80000305175781,130.35,43.31,133.55532786885246,-44.05311890207715,-20.20001,20.666172106824927,23.0,130.85525081845242,130.69789012971552,0,0,97.47326821199697,97.47326821199697,97.35605120676914
421,2020-02-01T07:05:55,2020-02-01T09:37:38,1138,16.0,97.6,81.6,105.4527819013889,129.23135036934914,151.71665954589844,130.85,43.49,134.06762295081967,-41.69789817223198,-20.20001,20.350175746924428,23.0,129.23135036934914,130.67117256756376,0,0,96.26363479618065,96.26363479618065,97.33614945972192
422,2020-02-03T01:11:58,2020-02-03T02:50:02,736,20.8,97.6,76.8,96.51733845833333,125.67361778428818,98.06666564941406,132.68,44.13,135.94262295081967,-59.031261616847836,-14.70001,24.487092391304348,27.0,125.67361778428818,130.63136841875382,0,0,93.61350176505503,93.61350176505503,97.30649959509184
423,2020-02-03T11:08:59,2020-02-03T12:37:19,663,26.0,97.6,71.6,92.08461873472221,128.609802702126,88.33333587646484,132.65,44.13,135.91188524590166,-62.52308209653092,-14.30002,26.92232277526395,30.0,128.609802702126,130.59232988679196,0,0,95.80064777735757,95.80064777735757,97.27742003372367
424,2020-02-04T17:13:43,2020-02-04T18:38:50,639,34.4,97.6,63.199999999999996,80.55916418472222,127.46703193785162,85.11666870117188,130.83,43.49,134.047131147541,-56.77152604068858,-20.60001,20.323943661971832,23.0,127.46703193785162,130.50097641920178,0,0,94.94940489245808,94.94940489245808,97.20937139988729
425,2020-02-05T13:31:08,2020-02-05T14:57:11,646,18.0,92.4,74.4,96.41840887222223,129.59463558094384,86.05000305175781,125.63,41.79,135.96320346320346,-67.21501973684211,-47.60001,24.225232198142415,28.0,129.59463558094384,130.50097641920178,0,0,96.53424370675735,96.53424370675735,97.20937139988729
426,2020-02-05T22:50:13,2020-02-05T23:40:32,378,64.8,97.6,32.8,43.240449990277774,131.83064021426154,50.31666564941406,131.86,43.84,135.10245901639345,-51.54498015873016,-20.10001,24.452380952380953,26.0,131.83064021426154,130.59232988679196,0,0,98.19982974922367,98.19982974922367,97.27742003372367
427,2020-02-06T13:37:49,2020-02-06T15:00:01,617,33.2,97.2,64.0,81.9336383388889,128.0213099045139,82.19999694824219,132.07,43.93,135.8744855967078,-59.78039870340357,-14.70001,24.11507293354943,27.0,128.0213099045139,130.50097641920178,0,0,95.36228312677082,95.36228312677082,97.20937139988729
428,2020-02-07T00:35:45,2020-02-07T02:31:58,872,34.0,98.0,64.0,81.78066509722221,127.7822892144097,116.21666717529297,133.23,44.32,135.94897959183672,-42.19048084862386,0.0,24.635894495412845,27.0,127.7822892144097,130.31936182351532,0,0,95.18423809083208,95.18423809083208,97.07408780915756
429,2020-02-08T00:41:32,2020-02-08T03:21:14,1198,8.8,97.6,88.8,115.66355446666667,130.25175052552552,159.6999969482422,132.61,44.11,135.87090163934428,-43.442904432387316,-14.39999,25.47871452420701,29.0,130.25175052552552,130.34239517655587,0,0,97.023724570832,97.023724570832,97.0912452115904
430,2020-02-10T06:35:00,2020-02-10T08:34:41,898,26.4,97.6,71.19999999999999,91.74055543055555,128.84909470583648,119.68333435058594,131.36,43.66,134.59016393442624,-45.977289755011135,-19.89999,20.971046770601337,24.0,128.84909470583648,130.34239517655587,0,0,95.97889491312607,95.97889491312607,97.0912452115904
431,2020-02-11T11:29:00,2020-02-11T13:22:25,851,7.2,97.6,90.39999999999999,116.62908204027778,129.01447128349312,113.41666412353516,132.61,44.11,135.87090163934428,-61.682145323149236,-14.89999,25.5593419506463,29.0,129.01447128349312,130.22871717248498,0,0,96.1020829045065,96.1020829045065,97.00656716839916
432,2020-02-12T15:59:14,2020-02-12T17:41:03,764,19.2,97.6,78.39999999999999,100.47250829444445,128.15370955924038,101.81666564941406,132.68,44.13,135.94262295081967,-59.18927189790576,-14.0,26.396596858638745,30.0,128.15370955924038,130.1289525704758,0,0,95.46090681191612,95.46090681191612,96.9322531324787
433,2020-02-13T18:42:58,2020-02-13T21:57:00,1456,21.6,97.6,76.0,97.68449208055554,128.5322264217836,194.03334045410156,132.61,44.11,135.87090163934428,-30.200349546703293,-17.39999,25.105425824175825,28.0,128.5322264217836,130.01700144713857,0,0,95.74286168521829,95.74286168521829,96.84886143208126
434,2020-02-16T07:45:24,2020-02-16T09:04:31,594,26.8,53.2,26.400000000000002,32.9653889,124.86889734848485,79.11666870117188,69.26,22.99,130.18796992481202,-25.00016836700337,-25.0,13.803872053872054,16.0,124.86889734848485,129.98122944760422,0,0,93.01407048213647,93.01407048213647,96.82221509054524
436,2020-02-16T09:07:27,2020-02-16T10:20:18,547,52.8,94.8,42.0,53.13348148055556,126.508289239418,72.8499984741211,125.08,41.55,131.9409282700422,-43.7345597440585,-20.20001,17.089579524680072,19.0,126.508289239418,129.97591190710403,0,0,94.23524337730139,94.23524337730139,96.81825408746619
438,2020-02-17T08:46:31,2020-02-17T09:52:42,497,67.6,97.6,30.0,39.401326895833336,131.33775631944445,66.18333435058594,126.22,41.87,129.3237704918033,-35.71026832997988,-15.80002,12.322937625754527,14.0,131.33775631944445,129.98122944760422,0,0,97.8326835798771,97.8326835798771,96.82221509054524
439,2020-02-17T20:12:19,2020-02-17T21:09:33,430,29.6,66.8,37.199999999999996,47.90149702777778,128.7674651284349,57.233333587646484,89.8,29.84,134.43113772455092,-50.216988186046514,-50.0,21.04767441860465,23.0,128.7674651284349,129.97591190710403,0,0,95.91808954503935,95.91808954503935,96.81825408746619
440,2020-02-17T21:13:01,2020-02-17T22:12:32,447,66.0,97.6,31.599999999999994,41.39343909166668,130.9918958597047,59.516666412353516,131.86,43.84,135.10245901639345,-41.71633970917226,-20.10001,23.434004474272932,25.0,130.9918958597047,129.97591190710403,0,0,97.57505425934711,97.57505425934711,96.81825408746619
441,2020-03-04T06:58:47,2020-03-04T09:00:28,913,24.8,97.6,72.8,93.59446073472222,128.5638196905525,121.68333435058594,132.71,44.15,135.9733606557377,-46.132319090909085,-14.20001,24.973713033954,28.0,128.5638196905525,129.86283224735786,0,0,95.76639531601371,95.76639531601371,96.73402174726724
476,2020-03-05T14:37:35,2020-03-05T16:40:44,924,31.6,97.6,66.0,83.69212303888891,126.80624702861955,123.1500015258789,129.74,43.14,132.93032786885246,-40.76537376623377,-19.89999,23.020021645021647,25.0,126.80624702861955,129.67866792884925,0,0,94.45719029437994,94.45719029437994,96.59683888375359
477,2020-03-06T17:21:18,2020-03-06T19:20:19,893,30.0,97.6,67.6,86.76927908888888,128.35692172912556,119.01667022705078,129.96,43.23,133.15573770491804,-43.726428443449045,-14.20001,26.241881298992162,29.0,128.35692172912556,129.59872671784808,0,0,95.61227830228636,95.61227830228636,96.5372911693717
478,2020-03-07T18:01:02,2020-03-07T19:55:47,861,17.6,85.2,67.6,86.25543579166668,127.59679850838268,114.75,113.48,37.74,133.1924882629108,-45.10093915214866,-45.10001,27.509291521486645,30.0,127.59679850838268,129.42051944907809,0,0,95.04606720944734,95.04606720944734,96.40454567541941
479,2020-03-08T20:33:52,2020-03-08T22:10:07,723,18.0,97.6,79.6,101.87995954305555,127.98989892343663,96.25,129.98,43.24,133.1762295081967,-63.46528432918395,-14.30002,29.856846473029044,33.0,127.98989892343663,129.23887684328076,0,0,95.33888528095112,95.33888528095112,96.26924122013106
480,2020-03-09T10:27:31,2020-03-09T11:04:36,279,52.8,85.6,32.8,43.29512808888889,131.99734173441735,37.08333206176758,113.95,37.9,133.1191588785047,-70.05090107526883,-69.70001,28.2078853046595,30.0,131.99734173441735,129.23887684328076,0,0,98.32400468208928,98.32400468208928,96.26924122013106
481,2020-03-11T09:17:27,2020-03-11T10:26:10,516,26.8,88.4,61.60000000000001,78.49457304444445,127.42625494227993,68.71666717529297,117.68,39.15,133.12217194570135,-68.516863624031,-46.5,24.050387596899224,27.0,127.42625494227993,129.23887684328076,0,0,94.91903036028319,94.91903036028319,96.26924122013106
482,2020-03-11T22:54:14,2020-03-12T00:29:38,716,18.0,97.6,79.6,101.13027080972223,127.04807890668623,95.4000015258789,129.98,43.24,133.1762295081967,-63.57402668994414,-13.80002,27.66550279329609,31.0,127.04807890668623,129.12291082642113,0,0,94.63732936687089,94.63732936687089,96.18285885034358
483,2020-03-12T16:18:45,2020-03-12T17:36:48,587,37.2,98.0,60.8,77.34931260277777,127.21926414930554,78.05000305175781,130.51,43.41,133.1734693877551,-59.403412555366266,0.0,26.92333901192504,29.0,127.21926414930554,128.9317829946648,0,0,94.76484419690944,94.76484419690944,96.04048890881629
484,2020-03-14T21:59:09,2020-03-14T23:47:45,815,8.8,97.6,88.8,114.26810000416667,128.68029279748498,108.5999984741211,129.98,43.24,133.1762295081967,-63.10147395092025,-14.30002,30.083435582822087,33.0,128.68029279748498,128.80827991713568,0,0,95.85315541406484,95.85315541406484,95.94849222908272
485,2020-03-16T01:56:51,2020-03-16T03:24:55,661,27.6,98.0,70.4,89.44609164722222,127.05410745344064,88.06666564941406,130.5,43.41,133.16326530612244,-60.90847768532527,-13.80002,27.923600605143722,31.0,127.05410745344064,128.80827991713568,0,0,94.64181999411775,94.64181999411775,95.94849222908272
486,2020-03-16T14:53:57,2020-03-16T15:51:28,432,47.6,94.8,47.199999999999996,61.65570821805556,130.62650046198212,57.516666412353516,126.25,41.99,133.17510548523208,-64.3050925,-46.30002,29.547453703703702,31.0,130.62650046198212,128.80827991713568,0,0,97.30287348415564,97.30287348415564,95.94849222908272
487,2020-03-17T05:45:03,2020-03-17T07:56:53,989,22.8,97.6,74.8,94.46780859444446,126.29386175727869,131.8333282470703,129.96,43.23,133.15573770491804,-42.983115652173915,-14.30002,27.74216380182002,30.0,126.29386175727869,128.80827991713568,0,0,94.07551767009545,94.07551767009545,95.94849222908272
488,2020-03-18T19:46:50,2020-03-18T20:15:07,213,42.4,59.2,16.800000000000004,21.25997693611111,126.5474817625661,28.28333282470703,77.11,25.65,130.25337837837836,-45.100948967136155,-45.10001,25.025821596244132,27.0,126.5474817625661,128.80827991713568,0,0,94.26443764575318,94.26443764575318,95.94849222908272
489,2020-03-18T20:27:00,2020-03-18T21:37:34,530,58.8,98.0,39.2,49.537288416666655,126.37063371598636,70.56666564941406,127.83,42.52,130.4387755102041,-42.08132979245283,0.0,26.880188679245283,29.0,126.37063371598636,128.72387896295993,0,0,94.13270462801627,94.13270462801627,95.8856224795521
490,2020-03-19T22:40:57,2020-03-19T23:08:18,206,34.0,44.8,10.799999999999997,13.312280830555558,123.26185954218113,27.350000381469727,57.76,19.2,128.92857142857144,-29.135443592233017,0.0,22.347087378640776,24.0,123.26185954218113,128.64504774980549,0,0,91.81699794480294,91.81699794480294,95.8269015957112
491,2020-03-19T23:14:26,2020-03-20T02:12:10,1333,44.0,97.6,53.599999999999994,68.07506885194445,127.00572547004563,177.73333740234375,127.07,42.26,130.19467213114754,-22.9761532108027,-9.700012,24.510502625656414,26.0,127.00572547004563,128.58681119633923,0,0,94.60578055347938,94.60578055347938,95.78352154668565
492,2020-03-20T15:39:10,2020-03-20T16:38:43,448,44.0,79.2,35.2,44.66483356666667,126.88873172348485,59.54999923706055,103.27,34.34,130.39141414141412,-45.00245560267857,-45.0,25.503348214285715,27.0,126.88873172348485,128.58681119633923,0,0,94.51863263418444,94.51863263418444,95.78352154668565
493,2020-03-21T22:41:58,2020-03-22T01:26:29,1234,26.4,86.8,60.4,74.88968285555555,123.98954115158203,164.51666259765625,113.21,37.66,130.426267281106,-27.309001029173416,-19.89999,27.799432739059966,30.0,123.98954115158203,128.54802305616806,0,0,92.35904348170294,92.35904348170294,95.75462850061601
494,2020-03-22T01:28:16,2020-03-22T02:01:58,254,86.4,97.6,11.199999999999989,14.395644358333334,128.53253891369062,33.70000076293945,127.34,42.36,130.47131147540983,-25.605521535433073,-13.30002,29.5,30.0,128.53253891369062,128.53238266773712,0,0,95.74309445850996,95.74309445850996,95.74297807186412
495,2020-03-23T01:24:06,2020-03-23T02:35:53,539,40.4,97.6,57.199999999999996,72.68915599027778,127.07894403894718,71.78333282470703,127.34,42.36,130.47131147540983,-60.69926057513915,-13.30002,30.54452690166976,33.0,127.07894403894718,128.44457407545457,0,0,94.66032061327829,94.66032061327829,95.67756999375231
496,2020-03-23T15:47:06,2020-03-23T16:27:47,306,52.0,89.2,37.2,47.11440504583333,126.65162646729388,40.68333435058594,116.41,38.72,130.50448430493273,-69.44934977124183,-46.80002,32.068627450980394,34.0,126.65162646729388,128.25531564418299,0,0,94.34201439313853,94.34201439313853,95.53659255710124
497,2020-03-23T22:53:55,2020-03-23T23:35:48,315,64.0,97.6,33.599999999999994,43.233592654166664,128.67140670882938,41.88333511352539,127.32,42.35,130.45081967213113,-61.92126330158731,-46.80002,32.43809523809524,34.0,128.67140670882938,128.25531564418299,0,0,95.8465362215031,95.8465362215031,95.53659255710124
498,2020-03-24T10:50:59,2020-03-24T11:46:45,419,53.2,97.6,44.39999999999999,56.48775930555557,127.22468312062068,55.766666412353516,127.32,42.35,130.45081967213113,-60.743446778042966,-14.70001,29.924821002386636,32.0,127.22468312062068,128.08750973187716,0,0,94.76888075517614,94.76888075517614,95.41159496934347
499,2020-03-24T17:22:42,2020-03-24T17:38:43,121,76.0,90.0,14.0,17.635281983333336,125.96629988095239,16.016666412353516,117.43,39.06,130.4777777777778,-65.99009834710745,-45.60001,32.77685950413223,34.0,125.96629988095239,128.08750973187716,0,0,93.8315188513436,93.8315188513436,95.41159496934347
500,2020-03-25T02:08:26,2020-03-25T03:40:29,691,40.4,98.0,57.6,72.91770287916667,126.5932341652199,92.05000305175781,127.83,42.52,130.4387755102041,-47.495519232995655,0.0,30.81548480463097,33.0,126.5932341652199,128.00560441397528,0,0,94.29851832793692,94.29851832793692,95.35058420386096
501,2020-03-25T15:28:49,2020-03-25T16:06:19,282,52.8,86.8,34.0,43.34007376250001,127.47080518382356,37.5,113.17,37.64,130.38018433179724,-69.34433308510638,-69.30002,30.03723404255319,32.0,127.47080518382356,127.88609406892317,0,0,94.95221556008015,94.95221556008015,95.26156168589159
502,2020-03-26T09:07:44,2020-03-26T11:41:50,1156,16.8,98.0,81.2,102.00180276077779,125.61798369553914,154.10000610351562,127.83,42.52,130.4387755102041,-39.6980093098616,-0.2000122,28.754757785467127,32.0,125.61798369553914,127.68954386139619,0,0,93.57206027592527,93.57206027592527,95.11515265013972
503,2020-03-26T21:34:38,2020-03-26T23:11:46,729,48.0,98.0,50.0,63.92597171055557,127.85194342111114,97.13333129882812,127.83,42.52,130.4387755102041,-39.43648802194788,0.0,30.264060356652948,32.0,127.85194342111114,127.81711631776042,0,0,95.23612307924056,95.23612307924056,95.21018058503631
504,2020-03-27T14:29:58,2020-03-27T15:17:12,355,39.6,85.6,45.99999999999999,58.243183683333335,126.61561670289858,47.233333587646484,111.69,37.15,130.4789719626168,-73.98591946478874,-73.70001,31.281690140845072,34.0,126.61561670289858,127.68954386139619,0,0,94.31519094202594,94.31519094202594,95.11515265013972
505,2020-03-27T17:35:22,2020-03-27T18:19:24,331,64.0,97.6,33.599999999999994,43.155729480555564,128.43967107308205,44.03333282470703,127.37,42.37,130.50204918032787,-58.75287996978852,-13.5,31.75226586102719,34.0,128.43967107308205,127.68954386139619,0,0,95.6739177775645,95.6739177775645,95.11515265013972
506,2020-03-28T10:02:38,2020-03-28T11:16:25,554,39.6,98.0,58.4,73.41629772777779,125.71283857496198,73.78333282470703,127.83,42.52,130.4387755102041,-59.674722888086634,-13.39999,24.807761732851986,27.0,125.71283857496198,127.53380184610312,0,0,93.64271708981214,93.64271708981214,94.99914138476375
507,2020-03-28T16:30:19,2020-03-28T17:03:33,250,74.0,91.2,17.200000000000003,21.742384794444444,126.4092139211886,33.233333587646484,118.96,39.57,130.43859649122805,-39.10639264,0.0,26.814,28.0,126.4092139211886,127.46891856083758,0,0,94.16144278461167,94.16144278461167,94.95081022626911
508,2020-03-29T01:36:17,2020-03-29T03:14:37,738,14.8,97.6,82.8,104.75672069444445,126.51777861647882,98.33333587646484,127.31,42.34,130.4405737704918,-63.889582398373996,-14.0,27.84552845528455,32.0,126.51777861647882,127.46891856083758,0,0,94.24231195567046,94.24231195567046,94.95081022626911
509,2020-03-29T12:32:32,2020-03-29T13:35:22,472,48.8,97.6,48.8,62.338813319444434,127.74346991689433,62.83333206176758,127.32,42.35,130.45081967213113,-59.491532838983055,-14.20001,26.55614406779661,29.0,127.74346991689433,127.46891856083758,0,0,95.15532183584918,95.15532183584918,94.95081022626911
510,2020-03-30T10:37:36,2020-03-30T11:41:06,477,25.2,84.4,59.2,74.2364384402778,125.39938925722599,63.5,109.86,36.53,130.16587677725119,-70.14508081761008,-69.89999,22.67610062893082,26.0,125.39938925722599,127.44853006305175,0,0,93.4092306287993,93.4092306287993,94.93562296018166
511,2020-03-30T21:52:29,2020-03-30T23:23:29,683,20.4,98.0,77.6,95.85898397361112,123.52961852269475,91.0,127.83,42.52,130.4387755102041,-63.16852897510982,0.0,24.584187408491946,28.0,123.52961852269475,127.3254690314503,0,0,92.01644995578862,92.01644995578862,94.84395555772966
512,2020-03-31T13:00:07,2020-03-31T14:09:34,522,21.6,86.0,64.4,81.0966859013889,125.92653090277778,69.44999694824219,112.04,37.26,130.27906976744188,-70.06188201149426,-69.80002,22.53544061302682,27.0,125.92653090277778,127.22197363496312,0,0,93.8018951851026,93.8018951851026,94.76686247604279
513,2020-03-31T21:05:56,2020-03-31T21:53:57,361,41.6,85.2,43.6,55.50941825833333,127.31517949159021,48.016666412353516,110.52,36.74,129.7183098591549,-69.35346459833795,-62.20001,23.343490304709142,26.0,127.31517949159021,127.22197363496312,0,0,94.83629094303299,94.83629094303299,94.76686247604279
514,2020-04-01T13:41:07,2020-04-01T14:37:17,422,32.0,84.4,52.400000000000006,65.62364496111111,125.23596366624257,56.16666793823242,109.89,36.54,130.20142180094786,-70.10261312796209,-69.89999,22.88388625592417,26.0,125.23596366624257,127.14910409412636,0,0,93.28749591534304,93.28749591534304,94.71258240509385
515,2020-04-02T03:31:23,2020-04-02T04:21:49,379,63.6,97.6,33.99999999999999,43.600088113888894,128.23555327614383,50.43333435058594,125.08,41.57,128.15573770491804,-51.84855451187336,-19.70001,20.58179419525066,22.0,128.23555327614383,127.14910409412636,0,0,95.52187169119533,95.52187169119533,94.71258240509385
516,2020-04-02T16:45:23,2020-04-02T17:59:18,555,40.8,97.6,56.8,71.66352776944444,126.16818269268389,73.91666412353516,127.07,42.26,130.19467213114754,-58.14630632432433,-13.70001,24.087387387387388,26.0,126.16818269268389,127.06652574619392,0,0,93.98190011103488,93.98190011103488,94.65107030369802
517,2020-04-03T06:46:20,2020-04-03T07:59:19,548,38.0,97.6,59.599999999999994,75.62494842500003,126.8874973573826,72.98332977294922,127.07,42.26,130.19467213114754,-62.13193759124088,-14.70001,23.865875912408757,27.0,126.8874973573826,127.05109318006343,0,0,94.51771316249796,94.51771316249796,94.63957468049432
518,2020-04-03T20:53:18,2020-04-03T22:08:41,566,40.8,97.6,56.8,71.94483021944444,126.66343348493741,75.38333129882812,126.61,42.09,129.7233606557377,-57.243637120141344,-19.5,23.252650176678443,26.0,126.66343348493741,127.02690218836594,0,0,94.35080936766461,94.35080936766461,94.62155496017513
519,2020-04-04T03:25:44,2020-04-04T04:24:50,444,55.6,97.6,41.99999999999999,53.45786390972222,127.2806283564815,59.099998474121094,126.57,42.09,129.68237704918033,-54.222300135135136,-19.30002,23.998873873873872,26.0,127.2806283564815,127.02690218836594,0,0,94.81055401586792,94.81055401586792,94.62155496017513
520,2020-04-04T22:55:32,2020-04-05T00:34:16,741,16.0,97.6,81.6,103.00836611666668,126.2357427900327,98.73332977294922,127.32,42.35,130.45081967213113,-62.574362010796214,-13.5,25.829959514170042,29.0,126.2357427900327,127.02690218836594,0,0,94.03222521031918,94.03222521031918,94.62155496017513
521,2020-04-05T16:19:16,2020-04-05T17:21:34,468,48.4,96.4,48.00000000000001,60.48100709444446,126.00209811342593,62.29999923706055,124.04,41.23,128.6721991701245,-58.21987865384616,-19.80002,21.456196581196583,24.0,126.00209811342593,127.02690218836594,0,0,93.85818473363403,93.85818473363403,94.62155496017513
522,2020-04-06T13:44:19,2020-04-06T15:01:58,583,39.6,97.6,57.99999999999999,72.82744784583335,125.56456525143682,77.6500015258789,125.58,41.74,128.66803278688525,-56.25558797598628,-19.20001,20.819897084048026,23.0,125.56456525143682,126.94722859676524,0,0,93.53226920680969,93.53226920680969,94.56220659383192
523,2020-04-06T23:13:54,2020-04-07T00:45:26,687,21.2,98.0,76.8,95.0671902513889,123.78540397316262,91.53333282470703,127.83,42.52,130.4387755102041,-62.275415735080074,0.0,24.51528384279476,28.0,123.78540397316262,126.88811454043372,0,0,92.20698295818812,92.20698295818812,94.51817289834119
524,2020-04-07T19:47:46,2020-04-07T21:09:17,612,30.8,97.6,66.8,83.98468493472222,125.72557624958418,81.51667022705078,127.32,42.35,130.45081967213113,-61.78431696078432,-14.0,26.370098039215687,29.0,125.72557624958418,126.84687219300108,0,0,93.65220530497417,93.65220530497417,94.48745172843894
525,2020-04-08T19:19:36,2020-04-08T20:44:04,634,24.8,97.2,72.4,90.79061590555557,125.401403184469,84.46666717529297,126.81,42.18,130.46296296296296,-64.44606018927446,0.0,29.79495268138801,32.0,125.401403184469,126.73484025677848,0,0,93.41073079076521,93.41073079076521,94.40399983102228
526,2020-04-09T16:39:47,2020-04-09T17:44:22,485,48.0,97.6,49.599999999999994,63.34586364305556,127.71343476422493,64.58333587646484,127.34,42.36,130.47131147540983,-58.820427628865986,-13.20001,31.242268041237114,33.0,127.71343476422493,126.77546542116,0,0,95.13294883611381,95.13294883611381,94.43426126508129
527,2020-04-10T00:54:17,2020-04-10T02:58:30,932,55.2,97.6,42.39999999999999,54.601693372222215,128.77757870807127,124.21666717529297,127.36,42.37,130.49180327868854,-26.37092893776824,-21.60001,29.35461373390558,31.0,128.77757870807127,126.77546542116,0,0,95.92562308805205,95.92562308805205,94.43426126508129
528,2020-04-10T05:10:40,2020-04-10T05:35:53,190,84.4,97.6,13.199999999999989,17.026240290277784,128.98666886574088,25.21666717529297,127.31,42.34,130.4405737704918,-40.42737836842107,-14.0,27.5,29.0,128.98666886574088,126.77546542116,0,0,96.08137305522222,96.08137305522222,94.43426126508129
529,2020-04-10T18:05:31,2020-04-10T19:29:27,630,26.0,97.6,71.6,90.6260792138889,126.57273633224708,83.93333435058594,127.37,42.37,130.50204918032787,-64.74857841269842,-13.70001,33.2984126984127,36.0,126.57273633224708,126.65752997611565,0,0,94.28324961874391,94.28324961874391,94.34641188040158
530,2020-04-13T17:06:05,2020-04-13T18:34:57,667,22.8,97.6,74.8,93.74112253055556,125.32235632427214,88.86666870117188,127.32,42.35,130.45081967213113,-63.26462539730135,-14.0,31.525487256371814,34.0,125.32235632427214,126.63362158509622,0,0,93.3518492727742,93.3518492727742,94.32860266758223
531,2020-04-14T02:27:54,2020-04-14T06:05:39,1633,22.4,97.6,75.19999999999999,94.72128629166667,125.95915730274825,217.75,127.34,42.36,130.47131147540983,-26.10001,-26.10001,28.582669932639313,31.0,125.95915730274825,126.60442543405924,0,0,93.82619838894976,93.82619838894976,94.30685463498142
532,2020-04-14T16:16:36,2020-04-14T17:16:38,451,31.6,68.0,36.4,45.22112111666667,124.23384922161175,60.03333282470703,88.7,29.5,130.44117647058823,-45.19601886917961,-45.10001,27.626385809312637,30.0,124.23384922161175,126.58298524873348,0,0,92.54102705429491,92.54102705429491,94.29088397334041
533,2020-04-14T17:20:31,2020-04-14T17:45:28,188,67.6,82.4,14.800000000000011,18.79578194722222,126.99852667042032,24.950000762939453,107.48,35.75,130.4368932038835,-45.200541968085105,-45.20001,29.502659574468087,31.0,126.99852667042032,126.58298524873348,0,0,94.6004182120961,94.6004182120961,94.29088397334041
534,2020-04-14T22:09:42,2020-04-14T23:15:28,494,43.2,97.6,54.39999999999999,69.5077735375,127.77164253216914,65.76667022705078,127.34,42.36,130.47131147540983,-63.36640556680162,-14.0,30.2165991902834,33.0,127.77164253216914,126.58298524873348,0,0,95.1763074429818,95.1763074429818,94.29088397334041
535,2020-04-15T22:44:45,2020-04-16T00:14:25,673,20.4,98.0,77.6,95.15586994444445,122.6235437428408,89.66666412353516,125.17,41.63,127.72448979591837,-63.64012476968798,-13.20001,31.973254086181278,35.0,122.6235437428408,126.56010904740658,0,0,91.3415204479207,91.3415204479207,94.27384363224854
537,2020-04-16T23:13:02,2020-04-17T01:30:20,1030,16.4,97.6,81.19999999999999,101.19041486805557,124.61873752223595,137.3000030517578,124.66,41.47,127.72540983606557,-44.19602469902914,-13.60001,31.645631067961165,34.0,124.61873752223595,126.53263018952245,0,0,92.82772797247551,92.82772797247551,94.25337480071181
538,2020-04-17T17:36:30,2020-04-17T17:51:10,111,19.6,28.4,8.799999999999997,11.026669111111108,125.30305808080809,14.666666984558105,36.18,12.03,127.3943661971831,-45.02433432432431,-26.20001,29.72072072072072,31.0,125.30305808080809,126.53263018952245,0,0,93.33747413039796,93.33747413039796,94.25337480071181
539,2020-04-17T17:54:15,2020-04-17T19:17:38,626,27.6,78.8,51.199999999999996,62.77565278611112,122.60869684787328,83.38333129882812,100.61,33.47,127.6776649746193,-45.17141575079873,-45.10001,32.23722044728434,34.0,122.60869684787328,126.46349626883371,0,0,91.33046108754935,91.33046108754935,94.20187737014106
540,2020-04-18T01:00:38,2020-04-18T02:10:33,525,38.4,97.6,59.199999999999996,75.00084079305557,126.69060944772902,69.91666412353516,124.71,41.48,127.77663934426229,-64.35219689523811,-45.10001,32.96476190476191,35.0,126.69060944772902,126.54525747436296,0,0,94.3710525745175,94.3710525745175,94.26278078720719
541,2020-04-18T16:29:23,2020-04-18T17:39:42,528,38.0,98.0,60.0,75.33082753611113,125.55137922685189,70.31666564941406,125.15,41.63,127.70408163265307,-64.26174933712122,-45.10001,32.49905303030303,34.0,125.55137922685189,126.54525747436296,0,0,93.52244701852929,93.52244701852929,94.26278078720719
542,2020-04-19T03:25:08,2020-04-19T05:04:08,743,11.6,97.6,86.0,107.85440561111115,125.41209954780366,99.0,124.68,41.47,127.74590163934427,-65.33177325706595,-14.10001,33.614401076716014,37.0,125.41209954780366,126.46349626883371,0,0,93.41869844575568,93.41869844575568,94.20187737014106
543,2020-04-19T16:23:30,2020-04-19T18:04:22,757,9.2,97.6,88.39999999999999,111.12854005555556,125.71101816239319,100.86666870117188,124.73,41.49,127.797131147541,-66.09393067371202,-44.10001,37.966974900924704,41.0,125.71101816239319,126.32247835561066,0,0,93.64136107573196,93.64136107573196,94.09683399746542
544,2020-04-20T04:23:27,2020-04-20T06:06:19,772,8.400001,97.6,89.19999899999999,112.26469055972224,125.8572778232007,102.86666870117188,124.73,41.49,127.797131147541,-65.45233743523316,-13.80002,34.465673575129536,38.0,125.8572778232007,126.32247835561066,0,0,93.75030899381181,93.75030899381181,94.09683399746542
545,2020-04-20T15:34:25,2020-04-20T16:55:17,608,27.6,97.6,70.0,87.74216409444445,125.34594870634922,80.86666870117188,124.66,41.47,127.72540983606557,-65.08833077302631,-45.20001,37.698190789473685,40.0,125.34594870634922,126.2019627413583,0,0,93.36942309248396,93.36942309248396,94.00706266067704
546,2020-04-21T03:04:07,2020-04-21T04:38:35,709,15.2,97.6,82.39999999999999,103.30188035694445,125.366359656486,94.46666717529297,124.73,41.49,127.797131147541,-65.60169590973202,-44.89999,35.772919605077576,39.0,125.366359656486,126.08514040305491,0,0,93.38462708318896,93.38462708318896,93.92004242233446
547,2020-04-22T07:11:02,2020-04-22T08:36:17,640,26.8,97.6,70.8,88.83964687222223,125.47972722065288,85.25,124.66,41.47,127.72540983606557,-62.494693125000005,-13.5,31.75,35.0,125.47972722065288,125.98419899718917,0,0,93.4690738816129,93.4690738816129,93.84485179248881
548,2020-04-23T08:19:42,2020-04-23T09:53:53,708,15.6,98.0,82.4,102.60189102222223,124.51685803667746,94.18333435058594,125.17,41.63,127.72448979591837,-65.35550983050848,-44.70001,24.749293785310734,28.0,124.51685803667746,125.96272859185032,0,0,92.75183857286005,92.75183857286005,93.82885862014669
549,2020-04-23T13:43:56,2020-04-23T14:23:02,294,74.0,97.6,23.599999999999994,29.825409294444448,126.37885294256125,39.099998474121094,124.68,41.47,127.74590163934427,-45.72041816326531,-14.10001,26.564625850340136,28.0,126.37885294256125,125.96272859185032,0,0,94.13882707913244,94.13882707913244,93.82885862014669
550,2020-04-24T11:50:28,2020-04-24T13:36:08,794,26.8,97.6,70.8,87.80592041111112,124.01966159761457,105.66666412353516,123.35,41.04,126.38319672131148,-49.8304886020151,-14.20001,25.944584382871536,28.0,124.01966159761457,125.94284410276302,0,0,92.38148001593777,92.38148001593777,93.81404678702617
551,2020-04-24T23:16:40,2020-04-24T23:33:20,101,30.8,40.8,9.999999999999996,12.547086111111112,125.47086111111116,16.66666603088379,51.16,17.01,125.3921568627451,-45.169316930693064,-45.10001,23.900990099009903,26.0,125.47086111111116,125.89190436298924,0,0,93.4624695713697,93.4624695713697,93.7761020894572
552,2020-04-24T23:33:31,2020-04-25T00:01:41,170,41.2,58.4,17.199999999999996,21.203060250000004,123.27360610465121,28.16666603088379,73.76,24.53,126.30136986301372,-45.166480588235295,-45.10001,25.526470588235295,28.0,123.27360610465121,125.79142703639243,0,0,91.82574788664367,91.82574788664367,93.701257149393
553,2020-04-25T00:01:52,2020-04-25T00:31:23,179,58.8,76.8,18.0,22.23172714166667,123.50959523148151,29.516666412353516,97.06,32.28,126.38020833333333,-45.191630111731854,-45.10001,26.8268156424581,28.0,123.50959523148151,125.79142703639243,0,0,92.0015347298217,92.0015347298217,93.701257149393
554,2020-04-25T00:31:34,2020-04-25T00:56:54,153,76.8,92.0,15.200000000000003,19.079309777777784,125.52177485380119,25.33333396911621,116.37,38.71,126.48913043478261,-45.18759169934641,-45.10001,27.08823529411765,29.0,125.52177485380119,125.71920741227308,0,0,93.50039490387154,93.50039490387154,93.64746119739316
556,2020-04-25T11:18:49,2020-04-25T11:37:39,114,31.6,49.2,17.6,22.05000340277778,125.28411024305555,18.83333396911621,62.12,20.66,126.26016260162599,-70.24650201754386,-70.0,24.026315789473685,26.0,125.28411024305555,125.71192836867758,0,0,93.32336000307225,93.32336000307225,93.64203908277204
557,2020-04-25T11:37:50,2020-04-25T12:07:20,178,49.6,77.6,27.999999999999993,34.525837361111115,123.30656200396831,29.5,98.15,32.65,126.48195876288662,-70.22248016853933,-69.89999,26.93258426966292,29.0,123.30656200396831,125.63779170691501,0,0,91.85029653251927,91.85029653251927,93.58681514127082
558,2020-04-25T12:07:31,2020-04-25T12:35:41,170,78.0,97.2,19.200000000000003,24.42569793055556,127.21717672164353,28.16666603088379,122.89,40.88,126.43004115226339,-51.97118388235294,-13.5,28.53529411764706,30.0,127.21717672164353,125.63779170691501,0,0,94.76328928493533,94.76328928493533,93.58681514127082
560,2020-04-25T22:06:00,2020-04-25T23:14:03,511,37.6,98.0,60.4,75.22804760000001,124.54974768211923,68.05000305175781,123.85,41.19,126.37755102040816,-66.28611088062623,-13.39999,30.01761252446184,33.0,124.54974768211923,125.55797223914436,0,0,92.77633786663307,92.77633786663307,93.52735811266949
561,2020-04-26T22:40:58,2020-04-26T22:57:28,100,64.4,80.0,15.599999999999994,19.39458404166667,124.32425667735048,16.5,101.14,33.64,126.425,-70.5260026,-70.39999,28.995,30.0,124.32425667735048,125.53657704032653,0,0,92.60837100974545,92.60837100974545,93.51142096120041
562,2020-04-26T22:57:39,2020-04-26T23:22:29,150,80.0,97.6,17.599999999999994,22.38264120833334,127.17409777462129,24.83333396911621,123.43,41.06,126.46516393442624,-54.10467233333335,-45.30002,29.77,31.0,127.17409777462129,125.53657704032653,0,0,94.73120004334108,94.73120004334108,93.51142096120041
563,2020-04-27T05:59:33,2020-04-27T06:21:03,130,42.4,62.4,20.0,25.185423291666673,125.92711645833336,21.5,78.85,26.23,126.36217948717947,-70.28463384615385,-70.20001,30.353846153846153,33.0,125.92711645833336,125.55797223914436,0,0,93.80233136181972,93.80233136181972,93.52735811266949
564,2020-04-27T06:21:14,2020-04-27T06:50:44,178,62.8,89.6,26.799999999999997,33.500976375,125.00364319029853,29.5,113.29,37.69,126.43973214285717,-68.07922196629214,-45.20001,32.07303370786517,34.0,125.00364319029853,125.55797223914436,0,0,93.1144418275537,93.1144418275537,93.52735811266949
567,2020-04-28T00:24:51,2020-04-28T00:53:11,171,23.2,50.0,26.8,33.239997611111114,124.02984183250415,28.33333396911621,63.12,20.99,126.24,-70.39063818713451,-70.30002,31.476608187134502,34.0,124.02984183250415,125.53657704032653,0,0,92.38906321003694,92.38906321003694,93.51142096120041
568,2020-04-28T00:53:22,2020-04-28T01:24:22,187,50.0,79.6,29.599999999999994,36.37249686111111,122.88005696321324,31.0,100.56,33.45,126.3316582914573,-70.39838962566844,-70.30002,34.5855614973262,36.0,122.88005696321324,125.50075103722703,0,0,91.53259556162764,91.53259556162764,93.48473439274221
569,2020-04-28T01:24:33,2020-04-28T01:50:13,155,79.6,97.6,18.0,22.942080027777774,127.45600015432098,25.66666603088379,123.45,41.06,126.48565573770492,-53.55676645161291,-13.80002,35.34516129032258,37.0,127.45600015432098,125.53657704032653,0,0,94.94118738503508,94.94118738503508,93.51142096120041
570,2020-04-28T13:23:44,2020-04-28T13:49:44,157,39.6,64.0,24.4,30.261809013888897,124.02380743397089,26.0,80.89,26.91,126.390625,-69.8350398089172,-69.70001,34.245222929936304,36.0,124.02380743397089,125.50075103722703,0,0,92.38456822383615,92.38456822383615,93.48473439274221
571,2020-04-28T13:49:55,2020-04-28T14:12:55,139,64.0,85.6,21.599999999999994,26.791388138888895,124.03420434670788,23.0,108.25,36.0,126.46028037383178,-69.89064546762589,-69.80002,36.226618705035975,38.0,124.03420434670788,125.47529416588202,0,0,92.39231281992572,92.39231281992572,93.4657717264913
573,2020-04-28T23:23:27,2020-04-28T23:55:57,196,23.2,55.6,32.400000000000006,40.07555683333333,123.68999022633741,32.5,70.3,23.38,126.4388489208633,-73.98520637755102,-73.70001,35.39540816326531,39.0,123.68999022633741,125.44148032945742,0,0,92.13590984742464,92.13590984742464,93.4405840085627
578,2020-04-29T10:03:58,2020-04-29T10:35:58,193,28.0,58.4,30.4,37.296527930555555,122.68594713998539,32.0,73.83,24.55,126.42123287671234,-69.93057025906737,-69.70001,31.520725388601036,35.0,122.68594713998539,125.40675136613633,0,0,91.38800435306909,91.38800435306909,93.41471461826045
579,2020-04-29T10:36:09,2020-04-29T11:06:59,186,58.4,87.6,29.199999999999996,35.936527986111116,123.07030132229835,30.83333396911621,110.7,36.82,126.36986301369865,-69.9306455376344,-69.70001,34.28763440860215,36.0,123.07030132229835,125.38388142047751,0,0,91.6743074098182,91.6743074098182,93.39767893697709
580,2020-04-29T11:07:10,2020-04-29T11:24:20,104,87.6,97.6,10.0,13.065140180555556,130.65140180555554,17.16666603088379,123.43,41.06,126.46516393442624,-45.777889038461545,-44.60001,35.0,36.0,130.65140180555554,125.38388142047751,0,0,97.32142234120028,97.32142234120028,93.39767893697709
582,2020-04-29T23:11:06,2020-04-29T23:43:36,196,51.2,82.0,30.799999999999997,38.024033569444455,123.45465444624823,32.5,103.62,34.47,126.3658536585366,-70.19848010204082,-70.10001,35.51020408163265,37.0,123.45465444624823,125.35615418141761,0,0,91.96060967819919,91.96060967819919,93.37702508783646
584,2020-04-30T16:23:39,2020-04-30T16:49:29,156,10.0,34.4,24.4,30.155696125,123.58891854508197,25.83333396911621,43.48,14.46,126.3953488372093,-70.03910647435899,-70.0,35.38782051282051,37.0,123.58891854508197,125.33415251531068,0,0,92.06062217624576,92.06062217624576,93.36063618262908
585,2020-04-30T16:49:40,2020-04-30T17:20:50,188,34.4,64.0,29.6,36.37652931944444,122.89368013325821,31.16666603088379,80.84,26.89,126.3125,-70.02979021276595,-70.0,38.473404255319146,41.0,122.89368013325821,125.33415251531068,0,0,91.54274337686155,91.54274337686155,93.36063618262908
586,2020-04-30T17:21:01,2020-04-30T17:53:31,196,64.0,92.0,28.0,35.13389186111111,125.47818521825396,32.5,116.32,38.69,126.43478260869564,-64.82500545918367,-45.0,40.5280612244898,42.0,125.47818521825396,125.33415251531068,0,0,93.46792525354888,93.46792525354888,93.36063618262908
588,2020-05-01T16:35:30,2020-05-01T16:53:10,107,46.0,62.8,16.799999999999997,20.786946805555555,123.73182622354499,17.66666603088379,79.29,26.37,126.2579617834395,-70.59720429906542,-70.5,33.83644859813084,35.0,123.73182622354499,125.31270720254011,0,0,92.16707322337801,92.16707322337801,93.34466170158609
589,2020-05-01T16:53:21,2020-05-01T17:21:41,171,62.8,88.8,26.0,32.55208754166667,125.20033669871796,28.33333396911621,112.26,37.34,126.41891891891892,-68.87018432748539,-45.5,35.35087719298246,37.0,125.20033669871796,125.29358416193182,0,0,93.2609576072554,93.2609576072554,93.33041706673511
591,2020-05-02T00:58:38,2020-05-02T01:24:58,159,42.4,67.2,24.800000000000004,30.617645986111118,123.45824994399642,26.33333396911621,84.87,28.23,126.29464285714286,-69.76165138364779,-69.70001,33.9748427672956,36.0,123.45824994399642,125.24222347088676,0,0,91.9632879422671,91.9632879422671,93.29215880516384
592,2020-05-02T01:25:09,2020-05-02T01:52:09,163,67.2,90.8,23.599999999999994,29.443060777777784,124.75873210922794,27.0,114.76,38.18,126.3876651982379,-65.3791527607362,-44.80002,35.512269938650306,37.0,124.75873210922794,125.10198994450825,0,0,92.93200907576139,92.93200907576139,93.18769971740456
595,2020-05-02T13:03:42,2020-05-02T13:30:42,163,27.2,53.2,26.000000000000004,32.04028230555556,123.23185502136752,27.0,67.13,22.33,126.18421052631578,-71.2006235582822,-71.20001,34.09815950920245,37.0,123.23185502136752,124.88118764976323,0,0,91.79464776254778,91.79464776254778,93.02322545165754
596,2020-05-02T13:30:53,2020-05-02T14:08:33,227,53.2,88.8,35.599999999999994,44.06861937500001,123.78825667134838,37.66666793823242,112.21,37.33,126.36261261261261,-70.1467091629956,-46.0,37.198237885462554,39.0,123.78825667134838,124.68873481573195,0,0,92.2091079154493,92.2091079154493,92.87986852411845
598,2020-05-03T00:40:48,2020-05-03T01:03:38,138,28.0,49.6,21.6,26.660834791666666,123.42979070216047,22.83333396911621,62.71,20.86,126.43145161290323,-70.05797485507247,-69.89999,33.40217391304348,36.0,123.42979070216047,124.5842426021776,0,0,91.94208882877922,91.94208882877922,92.80203291955429
599,2020-05-03T01:03:49,2020-05-03T01:35:19,190,50.0,79.6,29.599999999999994,36.75652973611111,124.17746532469974,31.5,100.69,33.5,126.49497487437186,-70.01263531578947,-69.70001,36.1,38.0,124.17746532469974,124.5842426021776,0,0,92.49902703769516,92.49902703769516,92.80203291955429
600,2020-05-03T01:35:30,2020-05-03T02:01:00,154,79.6,97.6,18.0,23.037918125000004,127.98843402777781,25.5,123.4,41.05,126.4344262295082,-54.22857487012987,-44.80002,37.0,38.0,127.98843402777781,124.5842426021776,0,0,95.33779408922163,95.33779408922163,92.80203291955429
602,2020-05-03T05:38:08,2020-05-03T06:07:18,176,63.6,89.6,25.999999999999993,32.91944511111111,126.61325042735044,29.16666603088379,113.21,37.66,126.35044642857143,-67.66363784090909,-45.20001,35.46590909090909,38.0,126.61325042735044,124.5842426021776,0,0,94.31342831798354,94.31342831798354,92.80203291955429
604,2020-05-03T17:13:40,2020-05-03T17:32:30,114,18.0,35.6,17.6,21.983890055555555,124.90846622474746,18.83333396911621,44.89,14.93,126.09550561797752,-70.03684578947369,-70.0,37.728070175438596,40.0,124.90846622474746,124.68873481573195,0,0,93.04354509369902,93.04354509369902,92.87986852411845
605,2020-05-03T17:32:41,2020-05-03T18:00:41,169,35.6,62.4,26.799999999999997,32.67777888888889,121.93201077943617,28.0,78.85,26.23,126.36217948717947,-70.02367100591717,-70.0,40.328402366863905,43.0,121.93201077943617,124.65423989567358,0,0,90.82640181418017,90.82640181418017,92.85417347119723
606,2020-05-03T18:00:52,2020-05-03T18:33:12,195,62.4,91.2,28.800000000000004,35.70041934722222,123.95978940007714,32.33333206176758,115.3,38.35,126.42543859649122,-66.20359471794872,-45.0,42.15128205128205,43.0,123.95978940007714,124.53330285939835,0,0,92.3368815857448,92.3368815857448,92.76408821974655
608,2020-05-04T01:53:12,2020-05-04T02:13:02,120,54.4,72.8,18.4,23.125693125,125.68311480978262,19.83333396911621,92.1,30.64,126.51098901098901,-69.95999599999999,-69.89999,36.725,39.0,125.68311480978262,124.65423989567358,0,0,93.62057604069507,93.62057604069507,92.85417347119723
609,2020-05-04T02:13:13,2020-05-04T02:43:23,182,72.8,96.4,23.60000000000001,29.66263779166667,125.6891431850282,30.16666603088379,121.87,40.54,126.42116182572613,-58.98900879120879,-44.89999,37.5,39.0,125.6891431850282,124.65423989567358,0,0,93.62506654018607,93.62506654018607,92.85417347119723
612,2020-05-04T13:54:19,2020-05-04T14:25:09,186,51.2,80.4,29.200000000000003,36.39833911111112,124.65184627092847,30.83333396911621,101.65,33.81,126.43034825870647,-70.8290435483871,-70.80002,38.704301075268816,40.0,124.65184627092847,124.60079697652385,0,0,92.85239047490691,92.85239047490691,92.81436417076999
614,2020-05-04T17:40:04,2020-05-04T17:59:44,119,56.4,74.8,18.4,23.069026347222216,125.3751431914251,19.66666603088379,94.63,31.48,126.51069518716577,-70.37982764705883,-70.20001,41.96638655462185,43.0,125.3751431914251,124.60079697652385,0,0,93.39116988412063,93.39116988412063,92.81436417076999
615,2020-05-04T17:59:55,2020-05-04T18:27:55,169,75.2,96.4,21.200000000000003,27.22611147222222,128.42505411425574,28.0,121.84,40.53,126.39004149377593,-58.33846230769231,-45.20001,42.349112426035504,43.0,128.42505411425574,124.60079697652385,0,0,95.66302969520471,95.66302969520471,92.81436417076999
617,2020-05-05T15:25:15,2020-05-05T15:51:35,159,44.8,69.6,24.799999999999997,30.690695347222224,123.75280381944447,26.33333396911621,87.93999,29.25,126.35056034482758,-69.92830389937106,-69.70001,36.65094339622642,38.0,123.75280381944447,124.53330285939835,0,0,92.18269930501222,92.18269930501222,92.76408821974655
618,2020-05-05T15:51:46,2020-05-05T16:10:56,116,69.6,87.6,18.0,22.33500061111111,124.08333672839505,19.16666603088379,110.73,36.83,126.40410958904111,-69.91896741379311,-69.70001,37.84051724137931,39.0,124.08333672839505,124.42055735701396,0,0,92.42891122761769,92.42891122761769,92.68010479130275
620,2020-05-05T21:30:42,2020-05-05T22:01:22,185,60.8,89.2,28.400000000000006,35.31069515277778,124.33343363654147,30.66666603088379,112.73,37.5,126.37892376681614,-69.0237851891892,-44.70001,39.22702702702703,41.0,124.33343363654147,124.32884515694597,0,0,92.61520686997268,92.61520686997268,92.61178893985907
622,2020-05-06T01:11:38,2020-05-06T01:30:38,115,67.6,85.2,17.60000000000001,22.130554708333335,125.74178811553026,19.0,107.73,35.83,126.44366197183099,-69.8852147826087,-69.60001,37.5,39.0,125.74178811553026,124.32884515694597,0,0,93.66428142379779,93.66428142379779,92.61178893985907
623,2020-05-06T01:30:49,2020-05-06T01:49:49,115,85.2,98.0,12.799999999999997,15.767920402777781,123.18687814670145,19.0,123.86,41.2,126.38775510204081,-49.66435947826088,0.0,37.643478260869564,40.0,123.18687814670145,124.2508610010251,0,0,91.76114476637267,91.76114476637267,92.5536990237203
624,2020-05-06T19:19:36,2020-05-06T19:38:56,117,45.2,63.6,18.4,22.74528041666667,123.61565443840581,19.33333396911621,80.29,26.7,126.24213836477988,-70.5880423076923,-70.30002,37.57692307692308,39.0,123.61565443840581,124.13040102654739,0,0,92.08053757806985,92.08053757806985,92.46396913265642
625,2020-05-06T19:39:07,2020-05-06T20:13:27,207,63.6,93.2,29.6,36.97222679166667,124.90617159346847,34.33333206176758,117.85,39.2,126.44849785407725,-64.5797181642512,-45.30002,38.56521739130435,40.0,124.90617159346847,124.2508610010251,0,0,93.04183583703026,93.04183583703026,92.5536990237203
628,2020-05-07T04:12:06,2020-05-07T04:45:56,204,37.6,56.4,18.799999999999997,23.060550666666664,122.6625035460993,33.83333206176758,71.26,23.7,126.34751773049648,-40.89557955882353,-40.80002,35.75,38.0,122.6625035460993,124.13040102654739,0,0,91.37054136476394,91.37054136476394,92.46396913265642
629,2020-05-07T04:46:07,2020-05-07T05:12:27,159,56.4,71.2,14.800000000000004,17.949162694444446,121.27812631381379,26.33333396911621,90.00999,29.94,126.41852528089886,-40.89684628930817,-40.80002,36.5,38.0,121.27812631381379,124.13040102654739,0,0,90.33932731393183,90.33932731393183,92.46396913265642
630,2020-05-07T05:12:38,2020-05-07T05:41:18,173,71.2,86.8,15.599999999999994,19.536663222222224,125.2350206552707,28.66666603088379,109.72,36.49,126.40552995391705,-40.890744219653186,-40.80002,36.5,38.0,125.2350206552707,124.2508610010251,0,0,93.28679347229385,93.28679347229385,92.5536990237203
631,2020-05-07T05:41:29,2020-05-07T06:01:59,124,86.8,97.6,10.799999999999997,13.972635930555555,129.37625861625517,20.5,123.35,41.04,126.38319672131148,-40.89515274193548,-40.80002,36.5,38.0,129.37625861625517,124.2508610010251,0,0,96.37157605439121,96.37157605439121,92.5536990237203
632,2020-05-07T19:31:19,2020-05-07T19:58:19,163,17.2,31.2,14.0,17.613329191666665,125.80949422619045,27.0,39.35,13.09,126.12179487179488,-39.03741417177914,-4.700012,36.15030674846626,38.0,125.80949422619045,124.2508610010251,0,0,93.71471528749599,93.71471528749599,92.5536990237203
633,2020-05-07T19:58:30,2020-05-07T20:27:40,176,31.2,47.2,16.000000000000004,19.395828472222227,121.2239279513889,29.16666603088379,59.51,19.8,126.08050847457626,-39.89999,-39.89999,37.43465909090909,39.0,121.2239279513889,124.2508610010251,0,0,90.29895528847432,90.29895528847432,92.5536990237203
634,2020-05-07T20:27:51,2020-05-07T20:59:51,193,47.2,64.4,17.200000000000003,21.279439277777776,123.71767021963821,32.0,81.32,27.05,126.27329192546583,-39.89895404145078,-39.80002,38.73056994818653,40.0,123.71767021963821,124.13040102654739,0,0,92.15652850349109,92.15652850349109,92.46396913265642
635,2020-05-07T21:00:02,2020-05-07T21:31:32,190,64.8,81.6,16.799999999999997,20.946106277777783,124.67920403439157,31.5,103.09,34.29,126.3357843137255,-39.89735921052632,-39.80002,39.0,40.0,124.67920403439157,124.13040102654739,0,0,92.87276910395725,92.87276910395725,92.46396913265642
636,2020-05-07T21:31:43,2020-05-07T21:57:43,157,81.6,95.2,13.600000000000009,17.28596909722222,127.1027139501633,26.0,120.36,40.04,126.42857142857142,-39.89043872611465,-39.80002,39.0,40.0,127.1027139501633,124.13040102654739,0,0,94.67802667334736,94.67802667334736,92.46396913265642
638,2020-05-08T17:29:53,2020-05-08T17:52:03,134,24.4,35.6,11.200000000000003,14.401940905555554,128.5887580853174,22.16666603088379,44.85,14.92,125.98314606741572,-38.858945656716415,-4.899994,36.28731343283582,38.0,128.5887580853174,124.13040102654739,0,0,95.78497177226207,95.78497177226207,92.46396913265642
639,2020-05-08T17:52:14,2020-05-08T18:25:44,202,36.0,54.0,18.0,22.27777222222222,123.7654012345679,33.5,68.15,22.67,126.20370370370371,-39.900485099009906,-39.89999,37.51980198019802,39.0,123.7654012345679,124.05877053755147,0,0,92.19208304173982,92.19208304173982,92.4106120237717
640,2020-05-08T18:25:55,2020-05-08T18:58:55,199,54.0,72.0,18.0,21.94582791666667,121.92126620370372,33.0,91.0,30.27,126.3888888888889,-39.90149768844221,-39.89999,38.459798994974875,40.0,121.92126620370372,124.03202308960601,0,0,90.81839824607233,90.81839824607233,92.39068801498132
641,2020-05-08T18:59:06,2020-05-08T19:30:26,189,72.0,88.8,16.799999999999997,20.83693925,124.02940029761906,31.33333396911621,112.29,37.35,126.45270270270271,-39.900519153439156,-39.89999,38.5,40.0,124.02940029761906,124.03180232216347,0,0,92.38873431342782,92.38873431342782,92.39052356667676
642,2020-05-08T19:30:37,2020-05-08T19:48:07,106,88.8,98.0,9.200000000000003,11.582636041666666,125.89821784420285,17.5,123.86,41.2,126.38775510204081,-39.52546198113207,0.0,38.5,40.0,125.89821784420285,124.05877053755147,0,0,93.78080496262305,93.78080496262305,92.4106120237717
644,2020-05-09T06:06:44,2020-05-09T06:25:34,114,86.8,97.6,10.799999999999997,13.884309027777782,128.55841692386838,18.83333396911621,123.4,41.05,126.4344262295082,-44.21492333333334,-13.70001,33.53947368421053,35.0,128.55841692386838,124.05877053755147,0,0,95.76237082847658,95.76237082847658,92.4106120237717
645,2020-05-09T18:33:47,2020-05-09T18:59:17,154,8.8,32.8,23.999999999999996,29.936386611111118,124.73494421296301,25.5,41.33,13.74,126.00609756097562,-70.43830629870129,-70.30002,37.43181818181818,39.0,124.73494421296301,124.13040102654739,0,0,92.91428961874054,92.91428961874054,92.46396913265642
646,2020-05-09T18:59:28,2020-05-09T19:47:16,289,33.2,78.4,45.2,56.12907974166667,124.17937995943953,47.79999923706055,99.13,32.97,126.44132653061223,-70.45466674740486,-70.39999,40.515570934256054,43.0,124.17937995943953,124.17842264206963,0,0,92.50045323728861,92.50045323728861,92.49974013749188
647,2020-05-09T19:47:27,2020-05-09T20:10:27,139,78.4,95.6,17.19999999999999,21.66208679166667,125.94236506782957,23.0,120.87,40.2,126.43305439330545,-56.51943345323741,-45.20001,42.0,43.0,125.94236506782957,124.25640679799051,0,0,93.81368995686262,93.81368995686262,92.55783005363065
650,2020-05-10T04:17:41,2020-05-10T04:53:41,217,37.2,71.2,34.0,41.87195497222223,123.15280874183007,36.0,89.92,29.91,126.29213483146066,-69.78665350230416,-69.70001,37.433179723502306,40.0,123.15280874183007,124.25640679799051,0,0,91.73576667708639,91.73576667708639,92.55783005363065
651,2020-05-10T04:53:52,2020-05-10T05:23:52,181,71.2,94.8,23.599999999999994,30.00639777777779,127.14575329566863,30.0,119.82,39.86,126.39240506329114,-59.997807845303875,-44.80002,39.29558011049724,41.0,127.14575329566863,124.49263995373497,0,0,94.71008641601621,94.71008641601621,92.7337986724398
654,2020-05-10T14:18:15,2020-05-10T14:37:45,118,38.0,56.4,18.4,22.46194769444445,122.0758026871981,19.5,71.18999,23.68,126.2233865248227,-69.11356932203391,-69.10001,36.597457627118644,39.0,122.0758026871981,124.25640679799051,0,0,90.93351151825647,90.93351151825647,92.55783005363065
655,2020-05-10T14:37:56,2020-05-10T15:09:06,188,56.4,85.2,28.800000000000004,35.90431075000001,124.66774565972223,31.16666603088379,107.8,35.86,126.52582159624413,-69.12075468085105,-69.10001,38.101063829787236,40.0,124.66774565972223,124.49263995373497,0,0,92.86423383142953,92.86423383142953,92.7337986724398
656,2020-05-10T15:09:17,2020-05-10T15:29:07,120,85.2,97.6,12.399999999999991,15.953614416666666,128.65818077956996,19.83333396911621,123.4,41.05,126.4344262295082,-48.33334333333334,-44.10001,38.25416666666667,41.0,128.65818077956996,124.65979596532534,0,0,95.83668430847712,95.83668430847712,92.85831215316821
658,2020-05-11T12:08:53,2020-05-11T12:38:13,177,19.6,47.2,27.6,34.28931038888889,124.23663184380032,29.33333396911621,59.68,19.85,126.44067796610169,-70.13729802259887,-70.0,33.50847457627118,36.0,124.23663184380032,124.65979596532534,0,0,92.54309981237856,92.54309981237856,92.85831215316821
659,2020-05-11T12:38:24,2020-05-11T13:10:24,193,47.6,78.0,30.4,37.38653290277778,122.9820161275585,32.0,98.7,32.83,126.53846153846153,-70.0994914507772,-70.0,36.69430051813472,38.0,122.9820161275585,124.49263995373497,0,0,91.60854431347929,91.60854431347929,92.7337986724398
660,2020-05-11T13:10:35,2020-05-11T13:37:25,162,78.0,97.6,19.599999999999994,24.489863444444445,124.94828287981863,26.83333396911621,123.34,41.03,126.37295081967214,-54.77778302469136,-45.0,37.83024691358025,39.0,124.94828287981863,124.65979596532534,0,0,93.07320427416586,93.07320427416586,92.85831215316821
663,2020-05-12T01:12:12,2020-05-12T01:40:42,172,24.4,39.6,15.200000000000003,18.96346856944444,124.75966164108182,28.5,49.96,16.61,126.16161616161615,-39.923248139534884,-39.89999,30.107558139534884,32.0,124.75966164108182,124.65979596532534,0,0,92.93270147829884,92.93270147829884,92.85831215316821
664,2020-05-12T01:40:53,2020-05-12T02:08:23,166,39.6,54.8,15.199999999999996,18.305552777777777,120.43126827485382,27.5,69.2,23.02,126.27737226277374,-39.93975301204819,-39.89999,31.89457831325301,34.0,120.43126827485382,124.65979596532534,0,0,89.70850799065107,89.70850799065107,92.85831215316821
665,2020-05-12T02:08:34,2020-05-12T02:37:24,174,54.8,70.4,15.600000000000009,19.195413986111113,123.04752555199426,28.83333396911621,88.9,29.57,126.2784090909091,-39.94424729885058,-39.89999,33.060344827586206,35.0,123.04752555199426,124.49263995373497,0,0,91.657341879175,91.657341879175,92.7337986724398
666,2020-05-12T02:37:35,2020-05-12T03:12:05,208,70.4,88.8,18.39999999999999,22.97444188888889,124.86109722222228,34.5,112.21,37.33,126.36261261261261,-39.95576480769231,-39.89999,33.54326923076923,35.0,124.86109722222228,124.65979596532534,0,0,93.00826021625474,93.00826021625474,92.85831215316821
667,2020-05-12T03:12:16,2020-05-12T03:29:16,103,88.8,97.6,8.799999999999997,11.319443055555556,128.6300347222223,17.0,123.38,41.04,126.4139344262295,-39.95048048543689,-39.89999,33.970873786407765,35.0,128.6300347222223,124.6734748470569,0,0,95.81571848418042,95.81571848418042,92.86850146769339
668,2020-05-12T07:43:50,2020-05-12T08:08:00,146,72.0,92.0,20.0,25.40792015277778,127.0396007638889,24.16666603088379,116.32,38.69,126.43478260869564,-63.0458990410959,-44.89999,32.20890410958904,34.0,127.0396007638889,124.7070741236773,0,0,94.63101405065962,94.63101405065962,92.8935293613489
670,2020-05-12T23:24:31,2020-05-12T23:45:21,126,14.0,33.6,19.6,24.455970013888884,124.77535721371879,20.83333396911621,42.37,14.09,126.10119047619047,-70.43332698412699,-70.30002,34.182539682539684,36.0,124.77535721371879,124.74730292702242,0,0,92.94439301342499,92.94439301342499,92.9234955485197
671,2020-05-12T23:45:32,2020-05-13T00:12:12,161,33.6,59.2,25.6,31.295968486111107,122.2498768988715,26.66666603088379,74.83,24.89,126.402027027027,-70.41614068322983,-70.39999,36.65217391304348,39.0,122.2498768988715,124.7070741236773,0,0,91.063178323502,91.063178323502,92.8935293613489
672,2020-05-13T00:12:23,2020-05-13T00:44:23,193,59.6,89.2,29.6,36.965135375,124.88221410472973,32.0,112.77,37.51,126.4237668161435,-69.2502525388601,-45.30002,38.880829015544045,41.0,124.88221410472973,124.7070741236773,0,0,93.023990051623,93.023990051623,92.8935293613489
674,2020-05-13T14:10:33,2020-05-13T14:38:23,168,13.6,39.6,26.0,32.647499,125.56730384615385,27.83333396911621,49.96,16.61,126.16161616161615,-70.37797398809525,-70.30002,36.726190476190474,39.0,125.56730384615385,124.7070741236773,0,0,93.53430916910168,93.53430916910168,92.8935293613489
675,2020-05-13T14:38:34,2020-05-13T15:06:24,168,40.0,66.8,26.799999999999997,32.6352798888889,121.77343242122727,27.83333396911621,84.35,28.06,126.27245508982037,-70.35179017857143,-70.30002,39.455357142857146,41.0,121.77343242122727,124.7070741236773,0,0,90.7082777744826,90.7082777744826,92.8935293613489
677,2020-05-13T15:19:57,2020-05-13T15:45:27,154,76.8,96.0,19.200000000000003,24.378057972222223,126.96905193865739,25.5,121.38,40.37,126.4375,-57.36364194805196,-45.30002,40.967532467532465,42.0,126.96905193865739,124.74730292702242,0,0,94.57846266643297,94.57846266643297,92.9234955485197
680,2020-05-14T00:05:47,2020-05-14T00:31:07,153,70.8,92.4,21.60000000000001,26.746254361111117,123.82525167181068,25.33333396911621,116.76,38.84,126.36363636363636,-63.30589267973857,-44.60001,34.34640522875817,36.0,123.82525167181068,124.7070741236773,0,0,92.23666526282366,92.23666526282366,92.8935293613489
682,2020-05-14T07:32:37,2020-05-14T07:58:17,155,49.6,64.4,14.800000000000004,18.66319526388889,126.10267070195192,25.66666603088379,81.37,27.06,126.35093167701864,-43.629034258064515,-42.70001,31.490322580645163,33.0,126.10267070195192,124.7070741236773,0,0,93.93310063372098,93.93310063372098,92.8935293613489
683,2020-05-14T07:58:28,2020-05-14T08:26:18,168,64.8,80.4,15.600000000000009,19.508474916666675,125.05432638888887,27.83333396911621,101.6,33.8,126.36815920398008,-42.05417255952381,-41.20001,32.0,33.0,125.05432638888887,124.74730292702242,0,0,93.15219542917946,93.15219542917946,92.9234955485197
684,2020-05-14T08:26:29,2020-05-14T08:50:59,148,80.4,93.6,13.199999999999989,16.590419694444446,125.6849976851853,24.5,118.27,39.34,126.35683760683762,-40.62973716216217,-40.0,32.0,33.0,125.6849976851853,124.74730292702242,0,0,93.62197858295444,93.62197858295444,92.9234955485197
686,2020-05-14T20:43:57,2020-05-14T21:10:17,159,42.0,66.8,24.799999999999997,30.74208522222222,123.96002105734767,26.33333396911621,84.37,28.06,126.30239520958087,-70.04591628930818,-69.89999,33.556603773584904,36.0,123.96002105734767,124.7070741236773,0,0,92.33705414581499,92.33705414581499,92.8935293613489
690,2020-05-15T04:56:16,2020-05-15T05:23:56,167,48.4,74.4,26.000000000000007,32.249167916666664,124.03526121794867,27.66666603088379,94.0,31.27,126.34408602150536,-69.9383260479042,-69.70001,32.97604790419162,35.0,124.03526121794867,124.7070741236773,0,0,92.39310007678607,92.39310007678607,92.8935293613489
691,2020-05-15T05:24:07,2020-05-15T05:52:17,170,74.4,96.0,21.599999999999994,27.150279777777783,125.69573971193421,28.16666603088379,121.31,40.35,126.36458333333334,-57.832357117647064,-44.60001,34.29705882352941,36.0,125.69573971193421,124.74730292702242,0,0,93.62998025234019,93.62998025234019,92.9234955485197
693,2020-05-15T13:02:32,2020-05-15T13:20:32,109,44.0,60.8,16.799999999999997,21.008195277777784,125.04878141534397,18.0,76.87,25.57,126.43092105263159,-70.02752568807338,-69.80002,34.72018348623853,37.0,125.04878141534397,124.76750942740031,0,0,93.14806501262996,93.14806501262996,92.93854724586191
694,2020-05-15T13:20:43,2020-05-15T13:50:23,179,60.8,88.4,27.60000000000001,34.352778944444445,124.46659037842187,29.66666603088379,111.7,37.15,126.35746606334841,-69.41005826815643,-44.70001,36.24860335195531,38.0,124.46659037842187,124.74730292702242,0,0,92.7143945046634,92.7143945046634,92.9234955485197
697,2020-05-16T09:52:03,2020-05-16T10:24:23,195,56.4,87.2,30.800000000000004,37.90694780555555,123.07450586219333,32.33333206176758,110.26,36.68,126.44495412844037,-70.34359594871796,-70.10001,31.425641025641024,33.0,123.07450586219333,124.74730292702242,0,0,91.67743934562,91.67743934562,92.9234955485197
698,2020-05-16T10:24:34,2020-05-16T10:41:54,105,87.2,97.6,10.399999999999991,13.358891777777778,128.4508824786326,17.33333396911621,123.42,41.05,126.45491803278689,-46.35143857142857,-45.0,32.5,33.0,128.4508824786326,124.76750942740031,0,0,95.68226908432082,95.68226908432082,92.93854724586191
700,2020-05-16T18:57:31,2020-05-16T19:26:01,172,32.4,58.0,25.6,31.377224944444443,122.5672849392361,28.5,73.3,24.38,126.37931034482759,-66.05756389534884,-66.0,36.875,39.0,122.5672849392361,124.74730292702242,0,0,91.299613612553,91.299613612553,92.9234955485197
701,2020-05-16T19:26:12,2020-05-16T20:01:32,213,58.0,89.2,31.200000000000003,38.73556119444445,124.15243972578347,35.33333206176758,112.81,37.53,126.46860986547085,-65.73146492957746,-46.0,38.75352112676056,40.0,124.15243972578347,124.74730292702242,0,0,92.48038562361299,92.48038562361299,92.9234955485197
703,2020-05-17T04:56:39,2020-05-17T05:15:09,112,38.8,53.6,14.800000000000004,18.339724152777777,123.91705508633629,18.5,67.75,22.54,126.39925373134328,-59.47768473214286,-58.5,30.580357142857142,33.0,123.91705508633629,124.74730292702242,0,0,92.30504905935352,92.30504905935352,92.9234955485197
704,2020-05-17T05:15:20,2020-05-17T05:45:50,184,54.0,77.2,23.200000000000003,28.892503194444444,124.53665170019156,30.5,97.59,32.46,126.4119170984456,-56.837506250000004,-55.20001,32.23641304347826,34.0,124.53665170019156,124.7070741236773,0,0,92.76658275057198,92.76658275057198,92.8935293613489
705,2020-05-17T05:46:01,2020-05-17T06:17:01,187,77.2,97.6,20.39999999999999,25.876254208333336,126.84438337418308,31.0,123.43,41.06,126.46516393442624,-50.08236112299465,-44.5,33.144385026737964,35.0,126.84438337418308,124.7070741236773,0,0,94.48559782267162,94.48559782267162,92.8935293613489
707,2020-05-17T18:39:43,2020-05-17T19:08:33,174,42.8,62.0,19.200000000000003,23.931676277777783,124.6441472800926,28.83333396911621,78.31,26.05,126.30645161290323,-49.80002,-49.80002,36.76149425287356,38.0,124.6441472800926,124.6734748470569,0,0,92.84665554417991,92.84665554417991,92.86850146769339
708,2020-05-17T19:08:44,2020-05-17T19:42:34,204,62.0,84.8,22.799999999999997,28.081677944444454,123.16525414230024,33.83333206176758,107.23,35.67,126.45047169811322,-49.800019999999996,-49.80002,37.747549019607845,39.0,123.16525414230024,124.6734748470569,0,0,91.74503717903755,91.74503717903755,92.86850146769339
709,2020-05-17T19:42:45,2020-05-17T20:04:05,129,84.8,97.6,12.799999999999997,16.58861822222223,129.5985798611112,21.33333396911621,123.43,41.06,126.46516393442624,-46.66048511627908,-44.80002,38.0,39.0,129.5985798611112,124.7070741236773,0,0,96.53718177669532,96.53718177669532,92.8935293613489
710,2020-05-18T04:43:41,2020-05-18T05:12:31,174,24.0,51.6,27.6,33.63736095833333,121.87449622584539,28.83333396911621,65.18999,21.68,126.3371899224806,-69.99712614942528,-69.89999,31.99425287356322,35.0,121.87449622584539,124.70134493634262,0,0,90.78355957840299,90.78355957840299,92.88926172508503
711,2020-05-18T05:12:42,2020-05-18T05:42:22,179,51.6,79.6,27.999999999999993,34.60638841666667,123.59424434523814,29.66666603088379,100.61,33.47,126.39447236180905,-69.99050184357542,-69.89999,34.97486033519553,37.0,123.59424434523814,124.6559464699074,0,0,92.06458933189154,92.06458933189154,92.85544468780472
712,2020-05-18T05:42:33,2020-05-18T06:07:53,153,80.0,97.6,17.599999999999994,22.4659725,127.64757102272732,25.33333396911621,123.45,41.06,126.48565573770492,-53.133987581699344,-13.5,35.673202614379086,38.0,127.64757102272732,124.6559464699074,0,0,95.0838873418269,95.0838873418269,92.85544468780472
714,2020-05-18T15:08:12,2020-05-18T15:39:02,186,24.4,54.0,29.6,36.36695308333334,122.86132798423425,30.83333396911621,68.26,22.71,126.4074074074074,-70.76775870967742,-70.70001,36.19086021505376,39.0,122.86132798423425,124.6559464699074,0,0,91.51864446085074,91.51864446085074,92.85544468780472
715,2020-05-18T15:39:13,2020-05-18T16:08:33,177,54.0,82.0,28.0,34.60931437500001,123.6046941964286,29.33333396911621,103.6,34.46,126.34146341463415,-70.7915434463277,-70.70001,39.220338983050844,41.0,123.6046941964286,124.6559464699074,0,0,92.07237336150817,92.07237336150817,92.85544468780472
717,2020-05-19T09:34:57,2020-05-19T09:59:57,151,46.8,70.4,23.60000000000001,28.938194708333334,122.61946910310729,25.0,88.91,29.57,126.29261363636363,-69.4509940397351,-69.20001,32.08940397350993,34.0,122.61946910310729,124.6559464699074,0,0,91.33848527394697,91.33848527394697,92.85544468780472
718,2020-05-19T10:00:08,2020-05-19T10:27:38,166,70.4,92.8,22.39999999999999,28.281114555555558,126.2549756944445,27.5,117.27,39.01,126.36853448275862,-61.67530873493975,-44.30002,33.44879518072289,35.0,126.2549756944445,124.6559464699074,0,0,94.0465516820389,94.0465516820389,92.85544468780472
720,2020-05-19T20:10:31,2020-05-19T20:32:11,131,11.6,32.0,20.4,25.328058458333334,124.15714930555556,21.66666603088379,40.42,13.44,126.3125,-70.1389393129771,-69.80002,36.20610687022901,38.0,124.15714930555556,124.59039949014208,0,0,92.48389376050028,92.48389376050028,92.80661914737595
721,2020-05-19T20:32:22,2020-05-19T21:04:22,193,32.4,62.4,30.0,37.36097463888889,124.53658212962964,32.0,78.77,26.2,126.23397435897435,-70.05233616580311,-69.80002,38.58549222797927,41.0,124.53658212962964,124.5366169149106,0,0,92.76653092789007,92.76653092789007,92.76655683923103
722,2020-05-19T21:04:33,2020-05-19T21:30:53,159,62.8,87.2,24.400000000000006,30.747363763888885,126.01378591757737,26.33333396911621,110.17,36.64,126.34174311926606,-70.05660974842766,-69.80002,40.361635220125784,42.0,126.01378591757737,124.59039949014208,0,0,93.86689090676607,93.86689090676607,92.80661914737595
723,2020-05-19T21:31:04,2020-05-19T21:48:14,104,87.6,97.6,10.0,13.188195666666664,131.88195666666664,17.16666603088379,123.42,41.05,126.45491803278689,-46.204811923076925,-44.70001,40.5,42.0,131.88195666666664,124.59039949014208,0,0,98.23805505770525,98.23805505770525,92.80661914737595
724,2020-05-20T18:02:19,2020-05-20T18:26:09,144,24.4,46.8,22.4,27.85389275,124.34773549107145,23.83333396911621,59.08,19.65,126.23931623931624,-70.1215375,-70.0,33.75,36.0,124.34773549107145,124.59039949014208,0,0,92.6258602330881,92.6258602330881,92.80661914737595
725,2020-05-20T18:26:20,2020-05-20T18:59:50,202,47.2,78.8,31.599999999999994,39.12403181944444,123.81022727672293,33.5,99.59,33.13,126.38324873096448,-70.07277950495049,-70.0,36.59158415841584,38.0,123.81022727672293,124.5366169149106,0,0,92.22547368370894,92.22547368370894,92.76655683923103
726,2020-05-20T19:00:01,2020-05-20T19:26:01,157,79.2,97.6,18.39999999999999,23.650835222222224,128.53714794685996,26.0,123.38,41.04,126.4139344262295,-54.59809356687899,-45.0,37.97452229299363,39.0,128.53714794685996,124.59039949014208,0,0,95.7465276988538,95.7465276988538,92.80661914737595
728,2020-05-21T01:57:05,2020-05-21T02:25:55,174,45.6,72.4,26.800000000000004,33.63430531944445,125.50113925165839,28.83333396911621,91.56,30.46,126.46408839779005,-69.99080413793104,-69.80002,32.2816091954023,35.0,125.50113925165839,124.59039949014208,0,0,93.48502357127464,93.48502357127464,92.80661914737595
729,2020-05-21T02:26:06,2020-05-21T02:55:56,180,72.8,96.0,23.200000000000003,29.260693819444448,126.12368025622605,29.83333396911621,121.39,40.38,126.44791666666667,-58.840554277777784,-44.80002,33.78055555555556,36.0,126.12368025622605,124.59039949014208,0,0,93.9487505209511,93.9487505209511,92.80661914737595
732,2020-05-21T17:10:03,2020-05-21T17:38:13,170,38.8,65.6,26.799999999999997,32.89778144444444,122.75291583747928,28.16666603088379,82.95,27.59,126.44817073170734,-70.07824311764706,-70.0,35.63823529411765,38.0,122.75291583747928,124.59039949014208,0,0,91.43788892225376,91.43788892225376,92.80661914737595
733,2020-05-21T17:38:24,2020-05-21T18:07:34,176,65.6,91.2,25.60000000000001,31.86680820833333,124.47971956380205,29.16666603088379,115.27,38.34,126.39254385964911,-65.50909636363636,-44.89999,37.56534090909091,39.0,124.47971956380205,124.59039949014208,0,0,92.7241743537712,92.7241743537712,92.80661914737595
735,2020-05-22T06:28:47,2020-05-22T06:48:57,122,9.2,28.4,19.2,23.726808541666667,123.57712782118055,20.16666603088379,35.86,11.93,126.26760563380283,-70.59181213114753,-70.5,30.631147540983605,33.0,123.57712782118055,124.5366169149106,0,0,92.05183933882756,92.05183933882756,92.76655683923103
736,2020-05-22T06:49:08,2020-05-22T07:17:48,173,28.4,56.0,27.6,33.73819922222222,122.23985225442833,28.66666603088379,70.66,23.5,126.17857142857142,-70.61503890173411,-70.60001,33.115606936416185,36.0,122.23985225442833,124.50815084671584,0,0,91.05571102776547,91.05571102776547,92.74535264083065
737,2020-05-22T07:17:59,2020-05-22T07:47:09,176,56.0,84.0,28.0,34.328754861111115,122.60269593253969,29.16666603088379,106.24,35.34,126.47619047619048,-70.61932818181819,-70.60001,35.81534090909091,38.0,122.60269593253969,124.50815084671584,0,0,91.3259910427772,91.3259910427772,92.74535264083065
738,2020-05-22T07:47:20,2020-05-22T08:09:00,131,84.0,97.6,13.599999999999994,17.356529291666668,127.62153890931377,21.66666603088379,123.35,41.04,126.38319672131148,-48.02061488549618,-14.0,36.5,38.0,127.62153890931377,124.5366169149106,0,0,95.06449618131165,95.06449618131165,92.76655683923103
739,2020-05-22T12:45:28,2020-05-22T13:07:18,132,85.2,96.8,11.599999999999994,14.550418930555553,125.43464595306519,21.83333396911621,122.38,40.71,126.42561983471074,-39.91061227272727,-20.10001,34.0,35.0,125.43464595306519,124.5366169149106,0,0,93.43549312379517,93.43549312379517,92.76655683923103
741,2020-05-22T22:38:15,2020-05-22T23:04:55,161,41.6,55.6,14.0,17.393328933333333,124.2380638095238,26.66666603088379,70.21,23.35,126.27697841726616,-39.031046012422365,-4.899994,33.34472049689441,35.0,124.2380638095238,124.50815084671584,0,0,92.54416647480258,92.54416647480258,92.74535264083065
742,2020-05-22T23:05:06,2020-05-22T23:32:06,163,55.6,70.4,14.800000000000004,17.9549955,121.31753716216211,27.0,88.91,29.57,126.29261363636363,-39.89999,-39.89999,34.0,35.0,121.31753716216211,124.47315497111197,0,0,90.36868421147695,90.36868421147695,92.71928442921731
743,2020-05-22T23:32:17,2020-05-23T00:06:57,209,70.4,88.8,18.39999999999999,23.052772166666664,125.28680525362323,34.66666793823242,112.26,37.34,126.41891891891892,-39.8990333492823,-39.80002,34.22727272727273,36.0,125.28680525362323,124.47315497111197,0,0,93.32536749980055,93.32536749980055,92.71928442921731
744,2020-05-23T00:07:08,2020-05-23T00:24:18,104,88.8,97.6,8.799999999999997,11.414442000000003,129.70956818181827,17.16666603088379,123.4,41.05,126.4344262295082,-39.89518375,-39.80002,34.5,36.0,129.70956818181827,124.50815084671584,0,0,96.61985629135954,96.61985629135954,92.74535264083065
745,2020-05-23T04:37:26,2020-05-23T04:57:56,124,62.0,80.8,18.799999999999997,23.915698847222224,127.2111640809693,20.5,102.13,33.97,126.39851485148515,-69.81372258064519,-24.20001,34.13306451612903,36.0,127.2111640809693,124.50815084671584,0,0,94.75881050602936,94.75881050602936,92.74535264083065
746,2020-05-23T04:58:07,2020-05-23T05:21:57,144,81.2,97.6,16.39999999999999,21.08041975,128.53914481707324,23.83333396911621,123.46,41.07,126.49590163934425,-53.101396666666666,-45.0,34.5,36.0,128.53914481707324,124.50815084671584,0,0,95.7480151551436,95.7480151551436,92.74535264083065
747,2020-05-23T17:47:22,2020-05-23T18:19:12,192,33.6,64.0,30.4,37.558199888888886,123.5467101608187,31.83333396911621,80.97,26.93,126.515625,-70.78959359375001,-70.39999,34.109375,36.0,123.5467101608187,124.50815084671584,0,0,92.02918141147434,92.02918141147434,92.74535264083065
748,2020-05-23T18:19:23,2020-05-23T18:51:03,191,64.0,92.0,28.0,34.83208527777778,124.40030456349206,31.66666603088379,116.26,38.67,126.3695652173913,-65.9565482198953,-45.39999,36.08638743455497,37.0,124.40030456349206,124.47315497111197,0,0,92.66501861048344,92.66501861048344,92.71928442921731
751,2020-05-23T22:01:30,2020-05-23T22:28:10,161,78.8,97.6,18.799999999999997,23.760139999999996,126.38372340425532,26.66666603088379,123.34,41.03,126.37295081967214,-53.390685714285716,-14.0,35.493788819875775,37.0,126.38372340425532,124.50815084671584,0,0,94.14245505596985,94.14245505596985,92.74535264083065
752,2020-05-24T03:34:18,2020-05-24T04:00:28,158,59.6,84.0,24.4,30.568336277777775,125.28006671220399,26.16666603088379,106.2,35.32,126.42857142857143,-70.0924117721519,-69.80002,32.76898734177215,35.0,125.28006671220399,124.50815084671584,0,0,93.32034800191255,93.32034800191255,92.74535264083065
753,2020-05-24T04:00:39,2020-05-24T04:21:19,125,84.0,97.6,13.599999999999994,17.253196124999995,126.8617362132353,20.66666603088379,123.45,41.06,126.48565573770492,-50.14880480000001,-44.70001,33.5,35.0,126.8617362132353,124.50815084671584,0,0,94.4985238453157,94.4985238453157,92.74535264083065
754,2020-05-24T13:51:28,2020-05-24T14:16:28,151,31.6,55.6,24.0,29.13569609722223,121.39873373842596,25.0,70.21,23.35,126.27697841726616,-69.9258317218543,-69.60001,33.11920529801324,35.0,121.39873373842596,124.47315497111197,0,0,90.42916703969026,90.42916703969026,92.71928442921731
755,2020-05-24T14:16:39,2020-05-24T14:47:19,185,55.6,84.4,28.800000000000004,35.68194808333334,123.89565306712963,30.66666603088379,106.71,35.49,126.4336492890995,-69.81243951351352,-69.60001,35.51081081081081,37.0,123.89565306712963,124.47315497111197,0,0,92.2891068274189,92.2891068274189,92.71928442921731
756,2020-05-24T14:47:30,2020-05-24T15:08:10,125,84.4,97.6,13.199999999999989,16.785975013888887,127.16647737794621,20.66666603088379,123.37,41.04,126.40368852459017,-48.675208160000004,-13.10001,36.156,37.0,127.16647737794621,124.50815084671584,0,0,94.7255236569191,94.7255236569191,92.74535264083065
758,2020-05-25T13:47:28,2020-05-25T14:15:48,171,22.0,48.8,26.799999999999997,33.021667083333334,123.21517568407963,28.33333396911621,61.69,20.52,126.4139344262295,-69.92807111111111,-69.70001,33.48830409356725,36.0,123.21517568407963,124.47315497111197,0,0,91.78222342720859,91.78222342720859,92.71928442921731
759,2020-05-25T14:15:59,2020-05-25T14:42:29,161,48.8,74.0,25.200000000000003,30.87333391666667,122.51322982804234,26.5,93.52,31.11,126.37837837837837,-69.90186453416149,-69.60001,36.5,38.0,122.51322982804234,124.43344747095696,0,0,91.25934829405288,91.25934829405288,92.68970655757343
760,2020-05-25T14:42:40,2020-05-25T15:14:00,189,74.4,97.6,23.19999999999999,29.429585597222225,126.85166205699242,31.33333396911621,123.4,41.05,126.4344262295082,-56.359792698412704,-44.60001,37.664021164021165,39.0,126.85166205699242,124.44001206364706,0,0,94.49101966854533,94.49101966854533,92.69459648212732
762,2020-05-26T01:13:58,2020-05-26T01:31:28,106,39.2,55.6,16.4,20.449863138888887,124.69428743224933,17.5,70.2,23.35,126.25899280575538,-70.11415792452831,-69.89999,32.485849056603776,35.0,124.69428743224933,124.50815084671584,0,0,92.88400463387096,92.88400463387096,92.74535264083065
775,2020-05-26T16:26:46,2020-05-26T16:50:36,144,26.4,48.8,22.4,27.87472640277778,124.44074286954368,23.83333396911621,61.58,20.48,126.18852459016394,-70.17431611111111,-69.89999,36.520833333333336,39.0,124.44074286954368,124.46023121667287,0,0,92.69514085492648,92.69514085492648,92.70965760434885
776,2020-05-26T16:50:47,2020-05-26T17:21:47,187,49.2,78.4,29.200000000000003,36.23125448611112,124.07963865106547,31.0,99.15,32.98,126.46683673469389,-70.1256771657754,-69.89999,39.29679144385027,41.0,124.07963865106547,124.46023121667287,0,0,92.4261565526531,92.4261565526531,92.70965760434885
777,2020-05-26T17:21:58,2020-05-26T17:48:28,160,78.8,97.6,18.799999999999997,24.10778009722223,128.23287285756507,26.5,123.34,41.03,126.37295081967214,-54.602505250000014,-44.80002,40.2375,41.0,128.23287285756507,124.50815084671584,0,0,95.51987506394947,95.51987506394947,92.74535264083065
778,2020-05-27T02:46:56,2020-05-27T03:59:55,548,36.8,94.0,57.2,70.96878437777778,124.07130135975135,72.98332977294922,118.81,39.52,126.39361702127661,-58.3321222080292,-44.80002,34.497262773722625,37.0,124.07130135975135,124.50815084671584,0,0,92.4199461558418,92.4199461558418,92.74535264083065
780,2020-05-27T12:03:27,2020-05-27T13:11:38,512,46.8,97.6,50.8,63.70703327222222,125.40754581146106,68.18333435058594,123.35,41.04,126.38319672131148,-56.024223593749994,-13.5,32.8564453125,35.0,125.40754581146106,124.50815084671584,0,0,93.41530639567658,93.41530639567658,92.74535264083065
781,2020-05-27T19:41:38,2020-05-27T20:37:56,423,56.0,97.6,41.599999999999994,52.5902669375,126.41891090745195,56.29999923706055,123.43,41.06,126.46516393442624,-56.035700638297875,-44.70001,34.49290780141844,36.0,126.41891090745195,124.50815084671584,0,0,94.16866600979357,94.16866600979357,92.74535264083065
783,2020-05-28T03:00:50,2020-05-28T03:29:49,175,58.4,85.2,26.800000000000004,33.804015123611116,126.13438478959371,28.983333587646484,107.74,35.84,126.45539906103286,-69.9788597142857,-69.70001,34.48285714285714,36.0,126.13438478959371,124.50815084671584,0,0,93.95672426174869,93.95672426174869,92.74535264083065
786,2020-05-28T03:34:48,2020-05-28T03:52:48,109,87.6,97.6,10.0,12.471389861111108,124.71389861111108,18.0,123.34,41.03,126.37295081967214,-41.570645412844044,-13.10001,35.0,36.0,124.71389861111108,124.61543478093948,0,0,92.89861287989234,92.89861287989234,92.82526778088052
787,2020-05-28T22:01:09,2020-05-28T22:32:49,191,11.6,41.6,30.0,37.22902984722222,124.09676615740742,31.66666603088379,52.48,17.45,126.15384615384613,-70.53927094240838,-70.39999,34.340314136125656,37.0,124.09676615740742,124.50815084671584,0,0,92.43891472635288,92.43891472635288,92.74535264083065
788,2020-05-28T22:33:00,2020-05-28T23:04:30,190,41.6,72.0,30.4,37.03375212499999,121.82155304276314,31.5,91.03,30.28,126.43055555555556,-70.54053036842105,-70.5,37.53947368421053,40.0,121.82155304276314,124.50815084671584,0,0,90.74412252828618,90.74412252828618,92.74535264083065
789,2020-05-28T23:04:41,2020-05-28T23:33:01,171,72.0,94.8,22.799999999999997,28.552918486111114,125.23209862329438,28.33333396911621,119.9,39.89,126.47679324894516,-60.45088105263158,-45.39999,39.0,40.0,125.23209862329438,124.61543478093948,0,0,93.28461686872028,93.28461686872028,92.82526778088052
792,2020-05-29T06:02:12,2020-05-29T06:28:42,160,38.0,57.6,19.6,24.29041654166667,123.93069664115647,26.5,72.73,24.19,126.2673611111111,-54.997499749999996,-54.89999,34.56875,37.0,123.93069664115647,124.50815084671584,0,0,92.31521056929294,92.31521056929294,92.74535264083065
793,2020-05-29T06:28:53,2020-05-29T06:57:03,170,57.6,78.4,20.800000000000004,25.823333694444443,124.15064276175211,28.16666603088379,99.12,32.97,126.42857142857143,-55.00764776470588,-54.89999,35.970588235294116,38.0,124.15064276175211,124.50815084671584,0,0,92.47904707620354,92.47904707620354,92.74535264083065
794,2020-05-29T06:57:14,2020-05-29T07:26:24,176,78.4,97.6,19.19999999999999,24.415000499999998,127.16146093750007,29.16666603088379,123.38,41.04,126.4139344262295,-50.223864659090914,-44.80002,36.44886363636363,38.0,127.16146093750007,124.61543478093948,0,0,94.72178694141078,94.72178694141078,92.82526778088052
796,2020-05-29T18:58:55,2020-05-29T19:27:35,173,57.2,84.0,26.799999999999997,33.528477083333335,125.10625777363187,28.66666603088379,106.2,35.32,126.42857142857143,-70.17573271676301,-70.10001,34.55780346820809,37.0,125.10625777363187,124.7040930216802,0,0,93.19087879696191,93.19087879696191,92.89130875688164
797,2020-05-29T19:27:46,2020-05-29T19:48:56,128,84.0,98.0,14.0,17.195975388888893,122.82839563492065,21.16666603088379,123.85,41.19,126.37755102040816,-48.691415234375,-13.70001,35.5,37.0,122.82839563492065,124.61543478093948,0,0,91.49411335722732,91.49411335722732,92.82526778088052
798,2020-05-30T04:12:58,2020-05-30T05:48:37,718,23.6,97.6,74.0,91.91467185555557,124.20901602102104,95.6500015258789,123.4,41.05,126.4344262295082,-57.648749791086345,-44.70001,35.01183844011142,38.0,124.20901602102104,124.61543478093948,0,0,92.52252895653729,92.52252895653729,92.82526778088052
799,2020-05-30T13:41:44,2020-05-30T14:10:34,174,41.6,69.2,27.6,33.92514345833334,122.91718644323672,28.83333396911621,87.49,29.1,126.43063583815027,-70.5954117816092,-70.5,35.45977011494253,38.0,122.91718644323672,124.5870034980257,0,0,91.56025308199663,91.56025308199663,92.80408949382108
800,2020-05-30T14:10:45,2020-05-30T14:43:45,199,69.2,96.0,26.799999999999997,33.29319773611111,124.22834976160864,33.0,121.31,40.35,126.36458333333334,-60.52060899497488,-45.5,37.5678391959799,39.0,124.22834976160864,124.46023121667287,0,0,92.53693054050161,92.53693054050161,92.70965760434885
802,2020-05-30T23:39:01,2020-05-30T23:59:51,126,52.0,64.4,12.400000000000006,15.659864583333334,126.28923051075265,20.83333396911621,81.31,27.04,126.25776397515529,-45.10080365079365,-45.10001,32.48412698412698,34.0,126.28923051075265,124.46023121667287,0,0,94.07206788315938,94.07206788315938,92.70965760434885
803,2020-05-31T00:00:02,2020-05-31T00:39:52,240,64.8,88.8,24.0,29.941395527777782,124.7558146990741,39.83333206176758,112.22,37.33,126.37387387387388,-45.10001,-45.10001,33.07083333333333,35.0,124.7558146990741,124.5870034980257,0,0,92.92983591495484,92.92983591495484,92.80408949382108
805,2020-05-31T21:01:13,2020-05-31T21:55:53,329,20.8,50.0,29.2,35.92943739486111,123.04601847555176,54.66666793823242,63.16,21.0,126.32,-39.37598014072948,-0.3000183,28.70516717325228,31.0,123.04601847555176,124.5870034980257,0,0,91.65621926724022,91.65621926724022,92.80408949382108
806,2020-05-31T21:56:04,2020-05-31T22:40:24,267,50.0,74.4,24.400000000000006,29.50555055555555,120.92438752276863,44.33333206176758,94.04,31.28,126.39784946236558,-39.9322029588015,-39.89999,31.170411985018728,32.0,120.92438752276863,124.46023121667287,0,0,90.07582947306666,90.07582947306666,92.70965760434885
807,2020-05-31T22:40:35,2020-05-31T23:20:35,241,74.8,96.0,21.200000000000003,26.624579124999997,125.58763738207544,40.0,121.33,40.36,126.38541666666667,-39.93692315352697,-39.89999,31.827800829875518,33.0,125.58763738207544,124.46023121667287,0,0,93.54945549443586,93.54945549443586,92.70965760434885
810,2020-06-01T07:31:30,2020-06-01T07:58:20,162,39.2,59.2,20.0,24.661948875000004,123.30974437500001,26.83333396911621,74.8,24.88,126.35135135135133,-55.14445432098765,-55.0,32.27160493827161,34.0,123.30974437500001,124.42052371651786,0,0,91.8526670610474,91.8526670610474,92.68007973270497
811,2020-06-01T07:58:31,2020-06-01T08:28:01,178,59.2,81.2,22.0,27.10083788888889,123.18562676767677,29.5,102.58,34.12,126.33004926108373,-55.12023398876404,-55.0,33.83988764044944,35.0,123.18562676767677,124.42052371651786,0,0,91.76021262186532,91.76021262186532,92.68007973270497
812,2020-06-01T08:28:12,2020-06-01T08:54:12,157,81.2,97.6,16.39999999999999,21.11944818055556,128.7771230521681,26.0,123.35,41.04,126.38319672131148,-48.64523152866242,-13.5,34.452229299363054,36.0,128.7771230521681,124.42052371651786,0,0,95.92528367278376,95.92528367278376,92.68007973270497
815,2020-06-02T01:05:36,2020-06-02T01:37:16,191,50.4,80.4,30.000000000000007,37.02722752777779,123.42409175925928,31.66666603088379,101.73,33.84,126.52985074626865,-70.15707811518325,-70.10001,33.91361256544503,36.0,123.42409175925928,124.42052371651786,0,0,91.93784372140709,91.93784372140709,92.68007973270497
816,2020-06-02T01:37:27,2020-06-02T01:58:47,129,80.4,96.0,15.599999999999994,19.402085763888888,124.37234464031343,21.33333396911621,121.38,40.37,126.4375,-54.59147968992249,-45.0,34.94961240310077,36.0,124.37234464031343,124.42052371651786,0,0,92.64419143637976,92.64419143637976,92.68007973270497
817,2020-06-02T11:40:39,2020-06-02T12:01:29,126,26.8,39.6,12.8,15.701115194444444,122.66496245659722,20.83333396911621,49.97,16.62,126.18686868686868,-45.21985293650793,-45.20001,31.48015873015873,33.0,122.66496245659722,124.42052371651786,0,0,91.37237299200834,91.37237299200834,92.68007973270497
818,2020-06-02T12:01:40,2020-06-02T12:29:50,170,39.6,57.2,17.6,21.220143708333335,120.56899834280303,28.16666603088379,72.25,24.03,126.3111888111888,-45.202951470588246,-45.20001,33.09705882352941,35.0,120.56899834280303,124.38632460190274,0,0,89.81110226768696,89.81110226768696,92.6546050234316
819,2020-06-02T12:30:01,2020-06-02T13:01:31,190,57.2,76.4,19.200000000000003,23.743339916666667,123.66322873263887,31.5,96.53,32.11,126.34816753926701,-45.22527568421052,-45.20001,34.0,35.0,123.66322873263887,124.30520422491861,0,0,92.11597537603953,92.11597537603953,92.59417895559116
820,2020-06-02T13:01:42,2020-06-02T13:29:22,167,76.4,93.2,16.799999999999997,20.854866986111112,124.13611301256616,27.66666603088379,117.87,39.21,126.46995708154506,-45.22755766467067,-45.20001,34.30239520958084,36.0,124.13611301256616,124.30034720096103,0,0,92.46822395576629,92.46822395576629,92.59056098844069
822,2020-06-02T18:56:00,2020-06-02T19:13:40,107,64.0,80.8,16.799999999999997,20.92666875,124.56350446428573,17.66666603088379,102.05,33.95,126.29950495049505,-71.07103504672897,-70.89999,32.8177570093458,35.0,124.56350446428573,124.38632460190274,0,0,92.78658520871114,92.78658520871114,92.6546050234316
823,2020-06-02T19:13:51,2020-06-02T19:39:01,152,80.8,98.0,17.200000000000003,21.230139819444446,123.43104546188628,25.16666603088379,123.85,41.19,126.37755102040816,-50.515791710526315,0.0,33.5,35.0,123.43104546188628,124.30034720096103,0,0,91.94302349154995,91.94302349154995,92.59056098844069
824,2020-06-03T02:30:04,2020-06-03T03:38:01,511,37.6,89.6,51.99999999999999,64.73499246805555,124.49037013087609,67.94999694824219,113.28,37.68,126.42857142857144,-57.15362594911938,-44.89999,33.1105675146771,36.0,124.49037013087609,124.30034720096103,0,0,92.73210789540995,92.73210789540995,92.59056098844069
826,2020-06-03T12:07:09,2020-06-03T12:36:49,179,49.6,77.2,27.6,34.67222697222223,125.6240107689211,29.66666603088379,97.50999,32.43,126.30827720207253,-70.12347329608937,-70.0,34.55307262569833,36.0,125.6240107689211,124.30034720096103,0,0,93.5765498056661,93.5765498056661,92.59056098844069
827,2020-06-03T12:37:00,2020-06-03T13:04:50,168,77.6,98.0,20.400000000000006,25.62917130555556,125.63319267429192,27.83333396911621,123.85,41.19,126.37755102040816,-55.26310523809525,-45.10001,35.92857142857143,37.0,125.63319267429192,124.30034720096103,0,0,93.58338935027214,93.58338935027214,92.59056098844069
829,2020-06-03T20:17:52,2020-06-03T20:47:12,177,50.0,77.6,27.599999999999994,34.224306875,124.00111186594205,29.33333396911621,98.0,32.6,126.28865979381445,-70.0033925423729,-69.80002,33.570621468926554,36.0,124.00111186594205,124.30034720096103,0,0,92.36766243537247,92.36766243537247,92.59056098844069
830,2020-06-03T20:47:23,2020-06-03T21:15:53,172,77.6,98.0,20.400000000000006,25.308612472222222,124.06182584422653,28.5,123.85,41.19,126.37755102040816,-53.17442151162792,0.0,34.73546511627907,36.0,124.06182584422653,124.21868289131484,0,0,92.41288790284531,92.41288790284531,92.52972974851946
831,2020-06-04T02:21:43,2020-06-04T02:40:53,116,55.6,73.6,17.999999999999993,22.43889347222223,124.66051929012355,19.16666603088379,93.07,30.96,126.45380434782608,-70.24311775862068,-70.20001,33.68103448275862,36.0,124.66051929012355,124.21868289131484,0,0,92.85885095334335,92.85885095334335,92.52972974851946
832,2020-06-04T02:41:04,2020-06-04T03:11:14,182,74.0,96.8,22.799999999999997,28.94167263888889,126.93716069688111,30.16666603088379,122.36,40.71,126.40495867768595,-57.56429758241759,-45.0,34.57967032967033,36.0,126.93716069688111,124.21868289131484,0,0,94.55470707738455,94.55470707738455,92.52972974851946
835,2020-06-04T09:02:50,2020-06-04T09:34:20,190,61.6,72.8,11.199999999999996,13.696949138888893,122.29418874007945,31.5,91.93999,30.59,126.29119505494505,-26.08948263157895,-26.0,33.13421052631579,35.0,122.29418874007945,124.17982939138658,0,0,91.09618594036121,91.09618594036121,92.50078801637042
836,2020-06-04T09:34:31,2020-06-04T10:03:51,177,72.8,82.8,10.0,12.757504638888893,127.57504638888892,29.33333396911621,104.6,34.8,126.32850241545894,-26.094924745762714,-26.0,33.35875706214689,34.0,127.57504638888892,124.21868289131484,0,0,95.02986418997101,95.02986418997101,92.52972974851946
837,2020-06-04T10:04:02,2020-06-04T10:37:32,202,82.8,94.4,11.600000000000009,14.57250558333334,125.62504813218388,33.5,119.32,39.69,126.39830508474574,-26.100010000000005,-26.10001,33.51237623762376,35.0,125.62504813218388,124.30034720096103,0,0,93.5773225311541,93.5773225311541,92.59056098844069
840,2020-06-04T18:21:10,2020-06-04T18:54:20,200,42.4,75.6,33.199999999999996,41.29764509722224,124.39049728078989,33.16666793823242,95.65,31.81,126.52116402116404,-74.70951125000002,-74.60001,38.59,41.0,124.39049728078989,124.30034720096103,0,0,92.65771322616543,92.65771322616543,92.59056098844069
841,2020-06-04T18:54:31,2020-06-04T19:16:41,134,76.0,94.0,18.0,22.844171680555558,126.91206489197532,22.16666603088379,118.88,39.55,126.46808510638299,-61.8238941791045,-46.20001,40.30597014925373,41.0,126.91206489197532,124.38142096055165,0,0,94.53601336729437,94.53601336729437,92.65095233127259
843,2020-06-05T14:41:53,2020-06-05T15:08:53,163,30.0,55.6,25.6,31.777087833333336,124.12924934895834,27.0,70.24,23.36,126.33093525179854,-70.6159609202454,-70.60001,37.71165644171779,40.0,124.12924934895834,124.38142096055165,0,0,92.46311125513274,92.46311125513274,92.65095233127259
844,2020-06-05T15:09:04,2020-06-05T15:34:34,154,56.0,80.4,24.400000000000006,30.024587583333336,123.05158845628414,25.5,101.54,33.78,126.29353233830845,-70.6461138961039,-70.60001,40.32142857142857,42.0,123.05158845628414,124.30034720096103,0,0,91.66036831148925,91.66036831148925,92.59056098844069
847,2020-06-06T00:08:50,2020-06-06T00:37:30,173,52.4,69.2,16.800000000000004,20.94541984722222,124.67511813822746,28.66666603088379,87.43,29.08,126.34393063583815,-43.839890982658964,-43.0,33.190751445086704,35.0,124.67511813822746,124.30034720096103,0,0,92.86972554513787,92.86972554513787,92.59056098844069
848,2020-06-06T00:37:41,2020-06-06T01:00:41,139,69.2,82.4,13.200000000000003,16.22180776388889,122.89248305976429,23.0,104.19,34.65,126.44417475728154,-42.317991366906476,-41.60001,33.5,35.0,122.89248305976429,124.21868289131484,0,0,91.54185168420868,91.54185168420868,92.52972974851946
849,2020-06-06T15:24:25,2020-06-06T15:52:44,172,18.8,28.8,10.0,12.294560277777782,122.94560277777781,28.316667556762695,36.23,12.05,125.79861111111109,-25.999428616279072,-8.200012,30.1046511627907,32.0,122.94560277777781,124.21868289131484,0,0,91.58142023410556,91.58142023410556,92.52972974851946
850,2020-06-06T15:52:55,2020-06-06T16:28:15,213,28.8,41.2,12.400000000000002,15.370005888888896,123.95166039426526,35.33333206176758,51.95,17.28,126.09223300970874,-26.100010000000005,-26.10001,31.178403755868544,33.0,123.95166039426526,124.17982939138658,0,0,92.33082633951784,92.33082633951784,92.50078801637042
851,2020-06-06T16:28:26,2020-06-06T16:56:56,172,41.2,51.6,10.399999999999999,12.397504750000003,119.20677644230774,28.5,65.09,21.65,126.14341085271319,-26.100010000000005,-26.10001,32.116279069767444,34.0,119.20677644230774,124.17982939138658,0,0,88.79639158668073,88.79639158668073,92.50078801637042
852,2020-06-06T16:57:07,2020-06-06T17:24:27,165,51.6,61.6,10.0,11.89000455555556,118.9000455555556,27.33333396911621,77.81,25.88,126.31493506493507,-26.100010000000008,-26.10001,32.9969696969697,34.0,118.9000455555556,124.14337788715913,0,0,88.56790964341674,88.56790964341674,92.47363551598491
853,2020-06-06T17:24:38,2020-06-06T17:58:28,204,61.6,74.0,12.399999999999999,14.717505638888895,118.6895616039427,33.83333206176758,93.48,31.09,126.32432432432434,-26.100010000000005,-26.10001,33.0,34.0,118.6895616039427,124.13268118076225,0,0,88.41112144774587,88.41112144774587,92.46566760544951
855,2020-06-06T17:58:59,2020-06-06T18:22:39,143,74.0,82.4,8.400000000000006,10.295003944444447,122.55957076719571,23.66666603088379,104.16,34.65,126.40776699029125,-26.100010000000005,-26.10001,33.0,34.0,122.55957076719571,124.11300775318287,0,0,91.29386737344053,91.29386737344053,92.45101299074281
856,2020-06-06T18:22:50,2020-06-06T18:55:10,195,82.4,93.6,11.199999999999989,14.065005388888894,125.58040525793668,32.33333206176758,118.3,39.35,126.3888888888889,-26.100010000000005,-26.10001,32.61538461538461,34.0,125.58040525793668,124.11300775318287,0,0,93.54406832982832,93.54406832982832,92.45101299074281
858,2020-06-07T04:25:24,2020-06-07T04:47:01,132,22.0,38.0,16.0,19.86621171388889,124.16382321180556,21.616666793823242,47.87,15.92,125.9736842105263,-55.141676060606066,-55.0,30.045454545454547,32.0,124.16382321180556,124.13268118076225,0,0,92.48886511204987,92.48886511204987,92.46566760544951
859,2020-06-07T04:47:12,2020-06-07T05:14:52,167,38.0,59.2,21.200000000000003,25.419587027777776,119.90371239517818,27.66666603088379,74.75,24.86,126.26689189189187,-55.126954131736525,-54.89999,32.31736526946108,35.0,119.90371239517818,124.13268118076225,0,0,89.3155348739071,89.3155348739071,92.46566760544951
860,2020-06-07T05:15:03,2020-06-07T05:46:13,188,59.2,82.4,23.200000000000003,28.639587902777777,123.44649958093868,31.16666603088379,104.09,34.62,126.32281553398057,-55.134583244680854,-54.89999,34.058510638297875,36.0,123.44649958093868,124.09553759659244,0,0,91.9545351693921,91.9545351693921,92.43799957898904
861,2020-06-07T05:46:24,2020-06-07T06:06:14,120,82.4,95.6,13.199999999999989,16.340835388888888,123.79420749158258,19.83333396911621,120.88,40.21,126.44351464435147,-49.44000625,-44.89999,34.858333333333334,36.0,123.79420749158258,124.09553759659244,0,0,92.21354064469128,92.21354064469128,92.43799957898904
863,2020-06-07T18:34:50,2020-06-07T19:03:30,173,34.0,55.6,21.6,26.297640875,121.74833738425924,28.66666603088379,70.21,23.35,126.27697841726616,-55.04162265895954,-55.0,31.88150289017341,34.0,121.74833738425924,124.03146885508428,0,0,90.68958463642451,90.68958463642451,92.39027516910889
864,2020-06-07T19:03:41,2020-06-07T19:34:51,188,55.6,78.8,23.199999999999996,28.587640680555552,123.22258914032568,31.16666603088379,99.56,33.12,126.34517766497463,-55.035109840425534,-54.89999,33.86702127659574,35.0,123.22258914032568,123.97638613010366,0,0,91.787745664983,91.787745664983,92.34924438744515
865,2020-06-07T19:35:02,2020-06-07T20:03:32,172,78.8,97.6,18.799999999999997,23.7980575,126.58541223404256,28.5,123.43,41.06,126.46516393442624,-50.100585465116275,-44.89999,34.770348837209305,36.0,126.58541223404256,123.97638613010366,0,0,94.29269181970882,94.29269181970882,92.34924438744515
868,2020-06-08T11:10:15,2020-06-08T11:39:45,178,66.4,87.6,21.19999999999999,26.80861238888889,126.45571881551369,29.5,110.82,36.86,126.50684931506851,-54.525845280898885,-54.39999,30.23314606741573,32.0,126.45571881551369,124.03146885508428,0,0,94.19608399319421,94.19608399319421,92.39027516910889
869,2020-06-08T11:39:56,2020-06-08T11:57:26,106,87.6,97.6,10.0,12.620972861111111,126.2097286111111,17.5,123.45,41.06,126.48565573770492,-43.18302113207548,-13.10001,31.0,32.0,126.2097286111111,124.03146885508428,0,0,94.01284740909622,94.01284740909622,92.39027516910889
870,2020-06-08T18:56:56,2020-06-08T19:37:46,307,54.0,86.8,32.8,40.86464342222222,124.58732750677508,40.83333206176758,109.65,36.48,126.32488479262673,-59.94854087947883,0.0,32.21009771986971,34.0,124.58732750677508,124.09553759659244,0,0,92.80433084593753,92.80433084593753,92.43799957898904
871,2020-06-09T10:34:15,2020-06-09T12:00:18,646,26.0,94.0,68.0,84.00147964583334,123.53158771446078,86.05000305175781,118.8,39.51,126.38297872340426,-58.561460278637774,-44.80002,33.61687306501548,36.0,123.53158771446078,124.03146885508428,0,0,92.01791679457399,92.01791679457399,92.39027516910889
873,2020-06-09T17:17:27,2020-06-09T17:44:31,164,71.2,93.2,22.0,27.91375351388889,126.88069779040404,27.066667556762695,117.79,39.18,126.38412017167381,-61.881105304878055,-45.0,34.38719512195122,36.0,126.88069779040404,124.03146885508428,0,0,94.5126482070477,94.5126482070477,92.39027516910889
875,2020-06-10T17:11:42,2020-06-10T17:44:09,196,38.0,58.0,20.0,24.393116519444447,121.96558259722224,32.45000076293945,73.24,24.36,126.27586206896552,-45.103071224489796,-45.10001,32.62244897959184,35.0,121.96558259722224,123.97638613010366,0,0,90.85140925391956,90.85140925391956,92.34924438744515
876,2020-06-10T17:44:20,2020-06-10T18:16:00,191,58.0,77.2,19.200000000000003,23.802783055555555,123.97282841435182,31.66666603088379,97.49,32.43,126.28238341968911,-45.100010000000005,-45.10001,34.04973821989529,35.0,123.97282841435182,123.98697014014694,0,0,92.34659426695299,92.34659426695299,92.35712835116273
877,2020-06-10T18:16:11,2020-06-10T18:43:51,167,77.6,94.0,16.400000000000006,20.796115722222222,126.80558367208667,27.66666603088379,118.87,39.54,126.45744680851065,-45.100010000000005,-45.10001,34.8562874251497,36.0,126.80558367208667,124.03146885508428,0,0,94.4566961641953,94.4566961641953,92.39027516910889
878,2020-06-11T01:07:22,2020-06-11T01:27:52,124,45.2,64.8,19.599999999999994,24.282224333333335,123.88889965986398,20.5,81.86,27.23,126.32716049382715,-71.06936096774194,-70.89999,35.016129032258064,37.0,123.88889965986398,123.98697014014694,0,0,92.28407625605375,92.28407625605375,92.35712835116273
879,2020-06-11T01:28:03,2020-06-11T01:57:53,180,64.8,91.2,26.400000000000006,32.89944811111111,124.61912163299661,29.83333396911621,115.32,38.35,126.44736842105262,-66.12389622222223,-45.89999,36.25833333333333,38.0,124.61912163299661,124.03146885508428,0,0,92.82801409420898,92.82801409420898,92.39027516910889
882,2020-06-11T19:51:03,2020-06-11T20:19:23,171,25.6,52.0,26.4,32.71584119444445,123.92364088804716,28.33333396911621,65.71,21.85,126.3653846153846,-69.28071842105264,-69.20001,38.60526315789474,41.0,123.92364088804716,124.03146885508428,0,0,92.30995478237601,92.30995478237601,92.39027516910889
883,2020-06-11T20:19:34,2020-06-11T20:43:34,145,52.4,74.8,22.4,27.69903356944445,123.6563998635913,24.0,94.57,31.45,126.43048128342245,-69.24760068965517,-69.20001,40.97931034482759,42.0,123.6563998635913,123.98697014014694,0,0,92.11088859365904,92.11088859365904,92.35712835116273
884,2020-06-11T20:43:45,2020-06-11T21:07:55,146,75.2,94.0,18.799999999999997,23.708894277777784,126.11113977541376,24.16666603088379,118.8,39.51,126.38297872340426,-58.84932849315069,-44.20001,41.955479452054796,43.0,126.11113977541376,124.03146885508428,0,0,93.93940919424027,93.93940919424027,92.39027516910889
887,2020-06-12T22:16:39,2020-06-12T22:50:41,206,28.8,61.2,32.400000000000006,40.01653051388889,123.5078102280521,34.03333282470703,77.33,25.73,126.35620915032679,-70.54806305825242,-70.5,36.88834951456311,39.0,123.5078102280521,123.98697014014694,0,0,92.00020509179076,92.00020509179076,92.35712835116273
888,2020-06-12T22:50:52,2020-06-12T23:19:42,174,61.6,88.4,26.800000000000004,33.26083719444445,124.10760147180764,28.83333396911621,111.76,37.18,126.42533936651584,-69.14885856321838,-45.5,39.19252873563219,40.0,124.10760147180764,124.03146885508428,0,0,92.44698588513397,92.44698588513397,92.39027516910889
890,2020-06-13T19:08:48,2020-06-13T19:41:28,197,33.6,64.8,31.199999999999996,38.31735923611111,122.81204883368947,32.66666793823242,81.99,27.27,126.52777777777777,-70.37867680203045,-70.30002,37.525380710659896,40.0,122.81204883368947,124.03146885508428,0,0,91.48193672594314,91.48193672594314,92.39027516910889
891,2020-06-13T19:41:39,2020-06-13T20:12:19,185,64.8,91.6,26.799999999999997,33.57333097222222,125.27362303067996,30.66666603088379,115.83,38.53,126.4519650655022,-65.64431972972973,-45.20001,39.61351351351351,41.0,125.27362303067996,124.08471365801708,0,0,93.31554814333954,93.31554814333954,92.42993689398963
894,2020-06-14T22:35:20,2020-06-14T23:08:30,200,30.4,62.4,32.0,38.61069745833334,120.65842955729168,33.16666793823242,78.77,26.2,126.23397435897435,-69.84850545,-69.80002,32.8225,36.0,120.65842955729168,124.03146885508428,0,0,89.87771902705927,89.87771902705927,92.39027516910889
895,2020-06-14T23:08:41,2020-06-14T23:39:21,185,62.4,90.0,27.6,34.01624759722222,123.24727390297905,30.66666603088379,113.74,37.83,126.37777777777777,-66.50377913513513,-44.80002,35.402702702702705,37.0,123.24727390297905,123.98697014014694,0,0,91.80613319223782,91.80613319223782,92.35712835116273
897,2020-06-15T05:14:50,2020-06-15T05:38:50,145,68.0,89.6,21.599999999999994,27.413890111111108,126.91615792181072,24.0,113.28,37.68,126.42857142857144,-68.46207199999999,-45.5,32.69310344827586,35.0,126.91615792181072,124.03146885508428,0,0,94.53906223994143,94.53906223994143,92.39027516910889
899,2020-06-15T14:07:17,2020-06-15T14:33:27,158,22.4,48.8,26.4,32.30916951388889,122.38321785563973,26.16666603088379,61.6,20.49,126.22950819672131,-74.08418379746836,-73.80002,33.7626582278481,37.0,122.38321785563973,123.98697014014694,0,0,91.16250317872502,91.16250317872502,92.35712835116273
902,2020-06-15T16:31:28,2020-06-15T16:47:58,100,64.0,80.4,16.400000000000006,20.392918194444448,124.34706216124658,16.5,101.73,33.84,126.52985074626865,-74.1560056,-73.80002,36.19,38.0,124.34706216124658,123.98697014014694,0,0,92.62535867385985,92.62535867385985,92.35712835116273
905,2020-06-15T22:45:01,2020-06-15T23:02:31,106,28.4,33.6,5.200000000000003,6.526942347222222,125.51812206196574,17.5,42.32,14.08,125.95238095238095,-22.330181603773582,-12.10001,34.429245283018865,36.0,125.51812206196574,123.98697014014694,0,0,93.49767396179185,93.49767396179185,92.35712835116273
906,2020-06-15T23:02:42,2020-06-15T23:33:42,187,33.6,43.2,9.600000000000001,11.579439888888887,120.61916550925922,31.0,54.45,18.11,126.04166666666666,-22.41175588235294,-22.39999,34.5,36.0,120.61916550925922,123.96224440430854,0,0,89.84847148016286,89.84847148016286,92.33871030323542
907,2020-06-15T23:33:53,2020-06-16T00:05:03,188,43.2,52.8,9.599999999999994,11.64555136111111,121.3078266782408,31.16666603088379,66.62,22.16,126.17424242424242,-22.419140851063826,-22.39999,34.702127659574465,36.0,121.3078266782408,123.93765064115621,0,0,90.361450931973,90.361450931973,92.32039056094692
908,2020-06-16T00:05:14,2020-06-16T00:35:44,184,53.2,62.4,9.199999999999996,11.400690763888887,123.920551781401,30.5,78.81,26.22,126.29807692307692,-22.42771016304348,-22.39999,35.0,36.0,123.920551781401,123.92209633472407,0,0,92.30765372591269,92.30765372591269,92.30880425414435
909,2020-06-16T00:35:55,2020-06-16T01:05:45,180,62.4,71.6,9.199999999999996,11.143051111111108,121.12012077294688,29.83333396911621,90.46,30.09,126.34078212290503,-22.41054661111111,-22.39999,34.855555555555554,36.0,121.12012077294688,123.90472572063248,0,0,90.22162996233476,90.22162996233476,92.29586499098322
910,2020-06-16T01:05:56,2020-06-16T01:37:26,190,71.6,81.2,9.600000000000009,11.76180048611111,122.51875506365728,31.5,102.6,34.13,126.35467980295564,-22.403674578947367,-22.39999,34.5,36.0,122.51875506365728,123.90472572063248,0,0,91.26346400794027,91.26346400794027,92.29586499098322
911,2020-06-16T01:37:37,2020-06-16T02:12:17,209,81.2,91.2,10.0,12.968885777777775,129.68885777777774,34.66666793823242,115.27,38.34,126.39254385964911,-22.446406124401914,-22.39999,34.11244019138756,36.0,129.68885777777774,123.90472572063248,0,0,96.60442923929098,96.60442923929098,92.29586499098322
912,2020-06-16T02:12:28,2020-06-16T02:34:48,135,91.2,97.6,6.3999999999999915,8.357637152777777,130.5880805121529,22.33333396911621,123.34,41.03,126.37295081967214,-22.453328666666664,-22.39999,34.0,35.0,130.5880805121529,123.90472572063248,0,0,97.27425470079791,97.27425470079791,92.29586499098322
913,2020-06-16T14:49:25,2020-06-16T18:55:03,1842,23.6,91.2,67.6,82.87131464027777,122.59070213058844,245.63333129882812,115.27,38.34,126.39254385964911,-20.24267662323561,-18.70001,34.501357220412594,36.0,122.59070213058844,123.84155357572328,0,0,91.31705693377384,91.31705693377384,92.24880845037251
914,2020-06-17T07:15:19,2020-06-17T08:28:50,552,44.8,97.6,52.8,66.45928482916666,125.86985763099746,73.51667022705078,123.35,41.04,126.38319672131148,-54.2094260326087,-13.30002,32.768115942028984,35.0,125.86985763099746,123.84155357572328,0,0,93.75967961495051,93.75967961495051,92.24880845037251
915,2020-06-17T19:29:53,2020-06-17T19:57:53,169,21.6,48.4,26.799999999999997,33.19625429166667,123.86662049129356,28.0,61.1,20.32,126.2396694214876,-71.13432869822486,-71.0,34.02958579881657,37.0,123.86662049129356,123.83041399143806,0,0,92.26748064097508,92.26748064097508,92.24051064283319
916,2020-06-17T19:58:04,2020-06-17T20:29:04,187,48.4,78.4,30.000000000000007,36.75500516666667,122.51668388888888,31.0,99.02,32.94,126.30102040816325,-71.13904743315508,-71.10001,37.16577540106952,39.0,122.51668388888888,123.83041399143806,0,0,91.26192120264623,91.26192120264623,92.24051064283319
917,2020-06-17T20:29:15,2020-06-17T20:55:15,157,78.8,97.6,18.799999999999997,24.034446597222225,127.8428010490544,26.0,123.37,41.04,126.40368852459017,-55.48408140127389,-45.89999,38.0,39.0,127.8428010490544,123.83041399143806,0,0,95.22931298275603,95.22931298275603,92.24051064283319
918,2020-06-18T19:27:17,2020-06-18T19:45:47,112,20.4,38.0,17.6,21.6352808888889,122.92773232323238,18.5,47.9,15.93,126.05263157894737,-70.16786723214287,-70.10001,36.629464285714285,38.0,122.92773232323238,123.83041399143806,0,0,91.56810864287722,91.56810864287722,92.24051064283319
919,2020-06-18T19:45:58,2020-06-18T20:13:48,168,38.0,64.8,26.799999999999997,32.54028238888889,121.41896413764513,27.83333396911621,81.95,27.26,126.46604938271605,-70.14703375000002,-70.0,39.285714285714285,41.0,121.41896413764513,123.83041399143806,0,0,90.44423653913177,90.44423653913177,92.24051064283319
920,2020-06-18T20:13:59,2020-06-18T20:41:49,168,64.8,90.0,25.200000000000003,31.18125430555556,123.73513613315698,27.83333396911621,113.8,37.85,126.44444444444444,-67.16012833333335,-45.0,41.026785714285715,42.0,123.73513613315698,123.76467181236978,0,0,92.16953875460699,92.16953875460699,92.19153969964913
922,2020-06-19T13:50:29,2020-06-19T14:14:09,143,27.2,44.4,17.2,21.72278052777778,126.29523562661501,23.66666603088379,55.97,18.62,126.05855855855856,-55.0713355944056,-55.0,36.81818181818182,38.0,126.29523562661501,123.83041399143806,0,0,94.07654105687946,94.07654105687946,92.24051064283319
923,2020-06-19T14:14:20,2020-06-19T14:40:50,160,44.8,64.8,20.0,24.312363180555558,121.56181590277778,26.5,81.9,27.24,126.3888888888889,-55.046879687499995,-55.0,38.9375,40.0,121.56181590277778,123.83041399143806,0,0,90.55064593676954,90.55064593676954,92.24051064283319
924,2020-06-19T14:41:01,2020-06-19T15:07:21,159,64.8,84.4,19.60000000000001,24.16264115277778,123.27878139172331,26.33333396911621,106.67,35.49,126.38625592417061,-55.05409320754717,-54.89999,39.75157232704402,41.0,123.27878139172331,123.83041399143806,0,0,91.82960292602266,91.82960292602266,92.24051064283319
925,2020-06-19T15:07:32,2020-06-19T15:28:42,128,84.4,97.6,13.199999999999989,17.03930670833333,129.0856568813132,21.16666603088379,123.45,41.06,126.48565573770492,-48.314065781249994,-44.89999,40.46875,41.0,129.0856568813132,123.87776007557878,0,0,96.15510861670185,96.15510861670185,92.27577844851442
926,2020-06-19T23:04:57,2020-06-19T23:27:57,139,47.2,55.2,8.0,9.990698277777778,124.88372847222222,23.0,69.71,23.19,126.28623188405795,-26.016556762589932,-13.20001,38.0,39.0,124.88372847222222,123.87776007557878,0,0,93.02511809461589,93.02511809461589,92.27577844851442
927,2020-06-19T23:28:08,2020-06-19T23:53:48,155,55.2,64.4,9.200000000000003,11.165004277777781,121.35874214975846,25.66666603088379,81.35,27.06,126.31987577639751,-26.100010000000005,-26.10001,38.0,39.0,121.35874214975846,123.83041399143806,0,0,90.39937755226785,90.39937755226785,92.24051064283319
928,2020-06-19T23:53:59,2020-06-20T00:21:39,167,64.4,74.0,9.599999999999994,12.035004611111116,125.36463136574086,27.66666603088379,93.52,31.11,126.37837837837837,-26.100010000000008,-26.10001,38.0,39.0,125.36463136574086,123.87776007557878,0,0,93.3833396900863,93.3833396900863,92.27577844851442
929,2020-06-20T00:21:50,2020-06-20T00:54:10,195,74.0,85.2,11.200000000000003,14.065005388888894,125.58040525793652,32.33333206176758,107.66,35.81,126.36150234741784,-26.100010000000005,-26.10001,38.0,39.0,125.58040525793652,123.90472572063248,0,0,93.5440683298282,93.5440683298282,92.29586499098322
930,2020-06-20T00:54:21,2020-06-20T01:16:01,131,85.2,92.8,7.599999999999994,9.425003611111112,124.01320540935683,21.66666603088379,117.3,39.02,126.40086206896552,-26.100010000000005,-26.10001,37.545801526717554,39.0,124.01320540935683,123.92209633472407,0,0,92.37667084117605,92.37667084117605,92.30880425414435
931,2020-06-20T08:02:14,2020-06-20T08:23:34,129,33.2,47.6,14.399999999999999,17.786528652777776,123.51756008873456,21.33333396911621,60.05,19.98,126.15546218487394,-50.024808682170544,-50.0,35.23255813953488,37.0,123.51756008873456,123.92209633472407,0,0,92.00746770280092,92.00746770280092,92.30880425414435
932,2020-06-20T08:23:45,2020-06-20T08:54:05,183,47.6,68.4,20.800000000000004,25.27777777777778,121.52777777777776,30.33333396911621,86.4,28.74,126.3157894736842,-50.0,-50.0,36.959016393442624,39.0,121.52777777777776,123.92209633472407,0,0,90.52529114766624,90.52529114766624,92.30880425414435
933,2020-06-20T08:54:16,2020-06-20T09:25:16,187,68.4,89.2,20.799999999999997,25.83361113888889,124.20005355235045,31.0,112.73,37.5,126.37892376681614,-50.000534812834225,-50.0,38.0,39.0,124.20005355235045,123.92209633472407,0,0,92.51585286897406,92.51585286897406,92.30880425414435
935,2020-06-20T15:22:38,2020-06-20T15:45:28,138,47.2,69.2,22.0,27.078336652777782,123.08334842171719,22.83333396911621,87.38,29.07,126.27167630057802,-71.15435652173913,-70.89999,41.05797101449275,43.0,123.08334842171719,123.90472572063248,0,0,91.68402611360034,91.68402611360034,92.29586499098322
936,2020-06-20T15:45:39,2020-06-20T16:03:09,106,69.2,86.0,16.799999999999997,20.77208679166667,123.64337375992066,17.5,108.66,36.14,126.34883720930232,-71.21887981132076,-71.20001,42.0188679245283,43.0,123.64337375992066,123.87776007557878,0,0,92.10118552948006,92.10118552948006,92.27577844851442
937,2020-06-21T00:36:06,2020-06-21T00:55:16,116,10.8,25.2,14.399999999999999,17.604447444444443,122.25310725308641,19.16666603088379,31.66,10.52,125.63492063492063,-55.10949215517242,-55.0,37.94396551724138,40.0,122.25310725308641,123.80087831222528,0,0,91.065584594407,91.065584594407,92.21850969779103
940,2020-06-21T01:06:12,2020-06-21T01:32:32,159,31.6,51.2,19.6,24.16653051388889,123.29862507086168,26.33333396911621,64.7,21.52,126.3671875,-55.06289930817611,-55.0,39.5125786163522,42.0,123.29862507086168,123.80087831222528,0,0,91.84438436006424,91.84438436006424,92.21850969779103
942,2020-06-21T01:41:00,2020-06-21T02:11:40,185,57.6,80.4,22.800000000000004,28.141253013888885,123.42654830653018,30.66666603088379,101.63,33.81,126.4054726368159,-55.05892481081081,-55.0,41.25405405405405,43.0,123.42654830653018,123.69576799837415,0,0,91.93967358829828,91.93967358829828,92.14021367413301
946,2020-07-01T13:33:13,2020-07-01T13:51:43,112,12.8,30.0,17.2,21.594167750000004,125.54748691860469,18.5,37.73,12.54,125.76666666666667,-70.03482491071428,-70.0,38.200892857142854,40.0,125.54748691860469,123.80087831222528,0,0,93.51954766215368,93.51954766215368,92.21850969779103
947,2020-07-01T13:51:54,2020-07-01T14:21:04,176,30.0,57.6,27.6,34.031389250000004,123.30213496376813,29.16666603088379,72.76,24.2,126.31944444444444,-70.00738710227273,-69.89999,40.61647727272727,43.0,123.30213496376813,123.69576799837415,0,0,91.84699885761421,91.84699885761421,92.14021367413301
948,2020-07-01T14:21:15,2020-07-01T14:51:55,185,58.0,86.4,28.400000000000006,35.410416875,124.68456646126761,30.66666603088379,109.21,36.33,126.40046296296295,-69.28540583783784,-44.89999,42.964864864864865,45.0,124.68456646126761,123.69576799837415,0,0,92.87676354262048,92.87676354262048,92.14021367413301
949,2020-07-01T14:52:06,2020-07-01T15:09:46,107,86.8,97.6,10.799999999999997,14.059860541666668,130.18389390432102,17.66666603088379,123.4,41.05,126.4344262295082,-47.81682056074767,-44.89999,43.10280373831776,45.0,130.18389390432102,123.69576799837415,0,0,96.97317859275886,96.97317859275886,92.14021367413301
952,2020-07-02T01:47:16,2020-07-02T02:13:46,160,38.4,63.6,25.200000000000003,30.93416845833334,122.754636739418,26.5,80.38,26.73,126.38364779874213,-70.04062912500001,-69.80002,38.328125,41.0,122.754636739418,123.64988681175598,0,0,91.43917081148015,91.43917081148015,92.10603706156955
953,2020-07-02T02:13:57,2020-07-02T02:37:47,144,63.6,86.0,22.4,27.816806944444444,124.18217385912699,23.83333396911621,108.67,36.15,126.36046511627907,-70.02847569444445,-69.80002,40.03125,42.0,124.18217385912699,123.64988681175598,0,0,92.50253439591151,92.50253439591151,92.10603706156955
955,2020-07-02T09:18:49,2020-07-02T09:53:09,207,42.0,62.8,20.799999999999997,25.46125376388889,122.40987386485045,34.33333206176758,79.35,26.39,126.35350318471336,-44.495175603864745,-43.39999,35.11594202898551,37.0,122.40987386485045,123.58046692432761,0,0,91.18235907536659,91.18235907536659,92.05432661614049
958,2020-07-02T10:22:31,2020-07-02T10:49:31,163,74.8,89.6,14.799999999999997,18.62222525,125.82584628378382,27.0,113.32,37.69,126.47321428571429,-41.382828834355834,-40.60001,35.5,37.0,125.82584628378382,123.58046692432761,0,0,93.72689583421192,93.72689583421192,92.05432661614049
960,2020-07-02T16:49:03,2020-07-02T17:09:33,124,40.0,50.8,10.799999999999997,13.304025605555557,123.1854222736626,20.5,64.07,21.31,126.12204724409447,-38.80483243548387,-4.800018,38.0,39.0,123.1854222736626,123.58046692432761,0,0,91.76006029553706,91.76006029553706,92.05432661614049
961,2020-07-02T17:09:44,2020-07-02T17:38:44,175,51.2,66.8,15.599999999999994,19.288745541666668,123.64580475427356,29.0,84.4,28.08,126.34730538922157,-39.9079908,-39.89999,38.37428571428571,40.0,123.64580475427356,123.58046692432761,0,0,92.10299636216045,92.10299636216045,92.05432661614049
962,2020-07-02T17:38:55,2020-07-02T18:10:05,188,66.8,83.6,16.799999999999997,20.72971741666667,123.39117509920638,31.16666603088379,105.65,35.14,126.37559808612441,-39.90743755319149,-39.89999,38.5,40.0,123.39117509920638,123.58046692432761,0,0,91.91332430461708,91.91332430461708,92.05432661614049
963,2020-07-02T18:10:16,2020-07-02T18:37:06,162,83.6,97.6,14.0,17.846801347222222,127.47715248015872,26.83333396911621,123.45,41.06,126.48565573770492,-39.90616345679012,-39.89999,38.5,40.0,127.47715248015872,123.58046692432761,0,0,94.95694362192121,94.95694362192121,92.05432661614049
965,2020-07-03T02:53:50,2020-07-03T03:20:40,162,30.4,44.8,14.399999999999999,17.88888888888889,124.2283950617284,26.83333396911621,56.5,18.79,126.11607142857144,-40.0,-40.0,35.54320987654321,37.0,124.2283950617284,123.64458925709711,0,0,92.53696428428107,92.53696428428107,92.10209094582027
966,2020-07-03T03:20:51,2020-07-03T03:53:11,195,44.8,63.2,18.400000000000006,21.555555555555557,117.14975845410626,32.33333206176758,79.81,26.55,126.28164556962025,-40.0,-40.0,36.68974358974359,38.0,117.14975845410626,123.64458925709711,0,0,87.2641315907938,87.2641315907938,92.10209094582027
967,2020-07-03T03:53:22,2020-07-03T04:24:02,185,63.2,79.6,16.39999999999999,20.444444444444443,124.66124661246617,30.66666603088379,100.6,33.46,126.3819095477387,-40.0,-40.0,36.608108108108105,38.0,124.66124661246617,123.64458925709711,0,0,92.85939273126466,92.85939273126466,92.10209094582027
968,2020-07-03T04:24:13,2020-07-03T04:55:43,190,80.0,96.4,16.400000000000006,21.0,128.04878048780483,31.5,121.82,40.53,126.36929460580912,-40.0,-40.0,36.5,38.0,128.04878048780483,123.69047044371527,0,0,95.38274579461417,95.38274579461417,92.13626755838372
972,2020-07-03T18:41:48,2020-07-03T19:01:38,120,11.2,30.0,18.8,23.386532000000003,124.39644680851065,19.83333396911621,37.9,12.6,126.33333333333333,-70.74751283333335,-70.30002,33.104166666666664,35.0,124.39644680851065,123.69047044371527,0,0,92.66214499262212,92.66214499262212,92.13626755838372
973,2020-07-03T19:01:49,2020-07-03T19:35:49,205,30.0,62.8,32.8,40.12834183333335,122.34250558943097,34.0,79.45,26.43,126.5127388535032,-70.81464917073171,-70.70001,35.75365853658536,39.0,122.34250558943097,123.64458925709711,0,0,91.13217686305283,91.13217686305283,92.10209094582027
974,2020-07-03T19:36:00,2020-07-03T19:59:50,144,62.8,85.6,22.799999999999997,28.139169861111117,123.41741167154,23.83333396911621,108.17,35.98,126.36682242990655,-70.83959145833336,-70.80002,38.00694444444444,40.0,123.41741167154,123.64458925709711,0,0,91.9328677653192,91.9328677653192,92.10209094582027
975,2020-07-03T20:00:01,2020-07-03T20:19:11,116,85.6,97.6,12.0,15.213890583333333,126.78242152777779,19.16666603088379,123.42,41.05,126.45491803278689,-47.58103982758621,-14.0,38.5,40.0,126.78242152777779,123.69047044371527,0,0,94.43944282594204,94.43944282594204,92.13626755838372
976,2020-07-04T19:17:55,2020-07-04T19:40:25,136,11.2,33.2,22.000000000000004,26.32333748611111,119.65153402777776,22.5,41.87,13.92,126.11445783132528,-70.1955993382353,-70.0,32.20955882352941,34.0,119.65153402777776,123.64458925709711,0,0,89.12768876540828,89.12768876540828,92.10209094582027
977,2020-07-04T19:40:36,2020-07-04T20:13:06,196,33.2,64.0,30.799999999999997,37.98042098611111,123.3130551497114,32.5,80.78,26.87,126.21875,-70.11735489795919,-69.89999,35.03061224489796,37.0,123.3130551497114,123.64458925709711,0,0,91.85513323668357,91.85513323668357,92.10209094582027
978,2020-07-04T20:13:17,2020-07-04T20:38:37,153,64.4,88.0,23.599999999999994,29.567503069444445,125.28602995527311,25.33333396911621,111.32,37.03,126.49999999999999,-69.94706607843138,-45.0,37.130718954248366,39.0,125.28602995527311,123.69047044371527,0,0,93.32478998484754,93.32478998484754,92.13626755838372
979,2020-07-04T23:33:00,2020-07-04T23:50:20,105,72.8,88.8,16.0,20.02305838888889,125.14411493055557,17.33333396911621,112.22,37.33,126.37387387387388,-69.19905742857144,-45.0,36.23809523809524,38.0,125.14411493055557,123.69047044371527,0,0,93.21907835935997,93.21907835935997,92.13626755838372
980,2020-07-05T16:20:10,2020-07-05T16:43:50,143,14.0,36.0,22.0,27.622778944444445,125.55808611111111,23.66666603088379,45.51,15.13,126.41666666666667,-70.02937356643356,-69.89999,37.88811188811189,40.0,125.55808611111111,123.69047044371527,0,0,93.52744293519429,93.52744293519429,92.13626755838372
981,2020-07-05T16:44:01,2020-07-05T17:15:51,192,36.4,66.4,30.000000000000007,37.13277716666667,123.77592388888888,31.83333396911621,83.92,27.91,126.38554216867469,-69.98854052083333,-69.89999,40.716145833333336,43.0,123.77592388888888,123.75553001102293,0,0,92.19992130195878,92.19992130195878,92.18473002828289
982,2020-07-05T17:16:02,2020-07-05T17:38:02,133,66.8,87.2,20.400000000000006,25.661805069444444,125.79316210511978,22.0,110.24,36.67,126.42201834862385,-69.98646481203009,-69.89999,42.46616541353384,44.0,125.79316210511978,123.75553001102293,0,0,93.70254959137272,93.70254959137272,92.18473002828289
983,2020-07-05T23:42:54,2020-07-06T00:04:04,128,40.4,53.6,13.200000000000003,15.944445875000005,120.79125662878789,21.16666603088379,67.64,22.5,126.19402985074626,-45.157816640625,-35.60001,36.65625,39.0,120.79125662878789,123.69047044371527,0,0,89.97666109231676,89.97666109231676,92.13626755838372
984,2020-07-06T00:04:15,2020-07-06T00:32:15,169,53.6,70.0,16.4,20.46666988888889,124.79676761517618,28.0,88.47,29.43,126.38571428571429,-43.85740337278107,-43.0,37.5,39.0,124.79676761517618,123.75553001102293,0,0,92.96034148924639,92.96034148924639,92.18473002828289
985,2020-07-06T00:32:26,2020-07-06T01:03:26,187,70.0,87.6,17.599999999999994,21.765279902777774,123.66636308396467,31.0,110.77,36.85,126.44977168949772,-42.12620732620321,-41.20001,37.90909090909091,39.0,123.66636308396467,123.70074960856083,0,0,92.11831013498531,92.11831013498531,92.14392444479614
987,2020-07-06T05:46:26,2020-07-06T06:08:56,136,62.4,83.6,21.199999999999996,26.3015315,124.0638278301887,22.5,105.64,35.14,126.36363636363637,-70.13750992647059,-70.0,35.5,37.0,124.0638278301887,123.75553001102293,0,0,92.41437916982487,92.41437916982487,92.18473002828289
989,2020-07-06T14:04:24,2020-07-06T14:59:23,414,32.4,76.8,44.4,54.93240522361111,123.72163338651151,54.983333587646484,97.04,32.28,126.35416666666667,-59.94420555555556,-59.70001,39.7475845410628,42.0,123.72163338651151,123.75553001102293,0,0,92.15948064201969,92.15948064201969,92.18473002828289
991,2020-07-06T18:33:02,2020-07-06T19:01:42,173,55.2,65.2,10.0,12.416110499999998,124.16110499999998,28.66666603088379,82.33,27.39,126.27300613496932,-25.987281965317916,-25.89999,41.0,42.0,124.16110499999998,123.89456464912286,0,0,92.48684033286274,92.48684033286274,92.28829607156742
992,2020-07-06T19:01:53,2020-07-06T19:28:23,160,65.2,74.4,9.200000000000003,11.476249291666665,124.74184012681154,26.5,93.99,31.26,126.33064516129029,-25.983748375000005,-25.89999,41.0,42.0,124.74184012681154,123.89456464912286,0,0,92.91942634237923,92.91942634237923,92.28829607156742
996,2020-07-06T23:58:15,2020-07-07T00:25:35,165,68.4,92.4,24.0,29.769725333333337,124.04052222222224,27.33333396911621,116.76,38.84,126.36363636363636,-65.30667345454545,-45.80002,38.981818181818184,41.0,124.04052222222224,124.02686381578954,0,0,92.39701896637908,92.39701896637908,92.38684490377756
998,2020-07-07T06:18:15,2020-07-07T06:36:35,111,60.4,78.0,17.6,21.683193875,123.19996519886362,18.33333396911621,98.50999,32.77,126.29485897435897,-70.96306117117118,-70.80002,35.27927927927928,37.0,123.19996519886362,124.02686381578954,0,0,91.77089323070658,91.77089323070658,92.38684490377756
999,2020-07-07T06:36:46,2020-07-07T07:05:06,171,78.0,97.6,19.599999999999994,24.900559194444448,127.04366935941047,28.33333396911621,123.38,41.04,126.4139344262295,-52.670767894736855,-14.0,35.567251461988306,37.0,127.04366935941047,124.02686381578954,0,0,94.63404472233721,94.63404472233721,92.38684490377756
1000,2020-07-07T17:30:57,2020-07-07T18:01:26,184,34.4,63.2,28.800000000000004,35.73233596944445,124.07061100501544,30.483333587646484,79.87,26.57,126.37658227848102,-70.33098342391305,-70.10001,40.67663043478261,43.0,124.07061100501544,124.02686381578954,0,0,92.41943191486244,92.41943191486244,92.38684490377756
1001,2020-07-07T18:01:37,2020-07-07T18:30:57,177,63.6,90.0,26.4,33.04513736111111,125.17097485269359,29.33333396911621,113.77,37.84,126.4111111111111,-67.53672005649719,-45.10001,42.717514124293785,44.0,125.17097485269359,124.05217502620548,0,0,93.23908614948178,93.23908614948178,92.40569906810197
1003,2020-07-08T01:27:32,2020-07-08T01:45:02,106,29.6,46.0,16.4,20.39764068055556,124.37585780826564,17.5,58.0,19.29,126.08695652173913,-69.93396839622642,-69.70001,37.632075471698116,40.0,124.37585780826564,124.05217502620548,0,0,92.64680837349108,92.64680837349108,92.40569906810197
1004,2020-07-08T01:45:13,2020-07-08T02:16:43,190,46.0,76.0,30.0,36.720280888888894,122.40093629629632,31.5,96.15,31.98,126.51315789473685,-69.94316384210526,-69.60001,39.76052631578948,42.0,122.40093629629632,124.02686381578954,0,0,91.17570153574636,91.17570153574636,92.38684490377756
1006,2020-07-08T11:15:48,2020-07-08T11:34:08,111,20.8,37.6,16.8,21.143336388888898,125.85319279100534,18.33333396911621,47.36,15.75,125.95744680851064,-69.19640639639637,-69.10001,37.51801801801802,40.0,125.85319279100534,124.05217502620548,0,0,93.74726607855742,93.74726607855742,92.40569906810197
1007,2020-07-08T11:34:19,2020-07-08T12:03:59,179,38.0,65.6,27.599999999999994,34.210421611111116,123.95080293880841,29.66666603088379,82.88,27.57,126.34146341463415,-69.18939547486033,-69.10001,40.20670391061452,43.0,123.95080293880841,124.05217502620548,0,0,92.33018762624341,92.33018762624341,92.40569906810197
1008,2020-07-08T12:04:10,2020-07-08T12:37:00,198,66.0,93.6,27.599999999999994,34.429450055555556,124.74438425925928,32.83333206176758,118.32,39.35,126.41025641025641,-62.88536378787878,-44.20001,42.035353535353536,44.0,124.74438425925928,124.06721941760208,0,0,92.92132145092773,92.92132145092773,92.41690554234366
1010,2020-07-08T17:30:28,2020-07-08T17:50:48,123,53.2,72.4,19.200000000000003,24.07250320833333,125.37762087673607,20.33333396911621,91.43,30.41,126.28453038674033,-71.02927780487806,-69.70001,43.00406504065041,45.0,125.37762087673607,124.06721941760208,0,0,93.39301549660733,93.39301549660733,92.41690554234366
1011,2020-07-08T17:50:59,2020-07-08T18:13:59,139,72.8,90.8,18.0,22.59514313888889,125.52857299382717,23.0,114.76,38.18,126.3876651982379,-58.93670172661871,-46.20001,43.9136690647482,45.0,125.52857299382717,124.11585800250771,0,0,93.50545879639361,93.50545879639361,92.45313612386259
1012,2020-07-09T06:25:28,2020-07-09T06:48:38,140,16.0,38.0,22.0,27.01444311111111,122.79292323232322,23.16666603088379,47.89,15.93,126.02631578947368,-69.96571085714285,-69.89999,34.825,37.0,122.79292323232322,124.11585800250771,0,0,91.46769018359939,91.46769018359939,92.45313612386259
1013,2020-07-09T06:48:49,2020-07-09T07:15:39,162,38.0,63.6,25.6,31.299999444444442,122.2656228298611,26.83333396911621,80.39,26.74,126.3993710691824,-69.98765308641975,-69.89999,37.75617283950617,40.0,122.2656228298611,124.11585800250771,0,0,91.07490737025402,91.07490737025402,92.45313612386259
1014,2020-07-09T07:15:50,2020-07-09T07:43:20,166,64.0,89.2,25.200000000000003,31.36347315277777,124.4582267967372,27.5,112.75,37.51,126.40134529147981,-68.36385746987952,-45.0,39.66867469879518,41.0,124.4582267967372,124.17163942956348,0,0,92.70816452431745,92.70816452431745,92.49468736438712
1016,2020-07-09T13:55:59,2020-07-09T14:26:09,182,48.8,77.2,28.400000000000006,35.804312666666675,126.07152347417842,30.16666603088379,97.63,32.48,126.46373056994818,-71.21210208791209,-70.80002,40.03846153846154,42.0,126.07152347417842,124.20528446042769,0,0,93.90989925610842,93.90989925610842,92.5197493400963
1017,2020-07-09T14:26:20,2020-07-09T14:55:30,176,77.6,97.6,20.0,25.544585208333334,127.72292604166667,29.16666603088379,123.37,41.04,126.40368852459017,-52.49318573863638,-14.20001,41.0,42.0,127.72292604166667,124.20528446042769,0,0,95.14001883006489,95.14001883006489,92.5197493400963
1018,2020-07-09T23:12:58,2020-07-10T01:00:30,807,15.6,97.6,82.0,102.31257921666666,124.7714380691057,107.53333282470703,123.34,41.03,126.37295081967214,-57.08191375464685,-44.80002,42.01115241635688,45.0,124.7714380691057,124.30212643499702,0,0,92.94147366680615,92.94147366680615,92.59188632888608
1020,2020-07-10T14:39:07,2020-07-10T15:07:28,172,32.4,59.6,27.200000000000003,33.44536957500001,122.96091755514708,28.350000381469727,75.25999,25.04,126.27515100671141,-70.78373883720931,-70.70001,38.700581395348834,41.0,122.96091755514708,124.20528446042769,0,0,91.59282811718846,91.59282811718846,92.5197493400963
1021,2020-07-10T15:07:39,2020-07-10T15:36:29,174,59.6,86.8,27.199999999999996,34.00014595833334,125.00053661151965,28.83333396911621,109.75,36.51,126.44009216589862,-70.75173885057471,-70.70001,41.10919540229885,43.0,125.00053661151965,124.20528446042769,0,0,93.1121277562066,93.1121277562066,92.5197493400963
1022,2020-07-10T15:36:40,2020-07-10T15:54:10,106,86.8,97.6,10.799999999999997,13.80236186111111,127.79964686213995,17.5,123.34,41.03,126.37295081967214,-47.42453094339623,-45.5,41.698113207547166,43.0,127.79964686213995,124.30212643499702,0,0,95.19716769543074,95.19716769543074,92.59188632888608
1024,2020-07-11T02:06:17,2020-07-11T02:36:17,181,16.8,45.2,28.400000000000002,35.432500250000004,124.76232482394366,30.0,57.05,18.98,126.21681415929203,-70.86464149171272,-70.80002,37.70165745856354,41.0,124.76232482394366,124.38615230838815,0,0,92.9346852667656,92.9346852667656,92.6544766830566
1025,2020-07-11T02:36:28,2020-07-11T03:06:08,179,45.2,74.0,28.799999999999997,35.039305652777784,121.66425573881176,29.66666603088379,93.49,31.1,126.33783783783784,-70.86592201117318,-70.80002,40.88268156424581,43.0,121.66425573881176,124.38615230838815,0,0,90.62695273799363,90.62695273799363,92.6544766830566
1026,2020-07-11T03:06:19,2020-07-11T03:25:59,119,74.0,90.8,16.799999999999997,20.96361079166667,124.78339756944449,19.66666603088379,114.73,38.16,126.35462555066081,-63.90840235294119,-45.5,42.04201680672269,44.0,124.78339756944449,124.38615230838815,0,0,92.95038222475024,92.95038222475024,92.6544766830566
1027,2020-07-11T14:06:38,2020-07-11T15:19:37,548,30.4,89.2,58.800000000000004,72.73078503055557,123.69181127645503,72.98332977294922,112.72,37.49,126.3677130044843,-59.77865560218978,-44.89999,40.49817518248175,43.0,123.69181127645503,124.38615230838815,0,0,92.13726633641099,92.13726633641099,92.6544766830566
1029,2020-07-11T20:28:03,2020-07-11T20:59:43,191,54.4,84.0,29.6,37.16597015277777,125.56070997560055,31.66666603088379,106.15,35.31,126.36904761904763,-70.41936785340313,-70.30002,40.79319371727749,43.0,125.56070997560055,124.42733680262393,0,0,93.52939743564828,93.52939743564828,92.68515475846979
1030,2020-07-11T20:59:54,2020-07-11T21:19:04,116,84.4,97.2,12.799999999999997,16.23916963888889,126.86851280381947,19.16666603088379,122.84,40.86,126.37860082304528,-50.895698879310345,-45.20001,41.5,43.0,126.86851280381947,124.55973670460168,0,0,94.50357168579167,94.50357168579167,92.78377862779107
1031,2020-07-13T17:04:24,2020-07-13T18:06:19,465,21.6,80.0,58.4,72.19907005694444,123.62854461805554,61.91666793823242,100.62,33.47,125.775,-69.96408660215054,-69.70001,39.92580645161291,43.0,123.62854461805554,124.42733680262393,0,0,92.09013939328507,92.09013939328507,92.68515475846979
1034,2020-07-14T01:41:18,2020-07-14T02:09:18,169,36.8,63.6,26.800000000000004,32.70208684722222,122.02271211650081,28.0,80.04,26.62,125.84905660377359,-70.07574715976331,-70.0,40.26331360946745,43.0,122.02271211650081,124.42733680262393,0,0,90.89396468001544,90.89396468001544,92.68515475846979
1035,2020-07-14T02:09:29,2020-07-14T02:39:19,180,63.6,90.4,26.800000000000004,33.32264241666667,124.33821797263681,29.83333396911621,113.69,37.82,125.76327433628317,-66.96389599999999,-44.60001,42.016666666666666,44.0,124.33821797263681,124.42733680262393,0,0,92.61877069238348,92.61877069238348,92.68515475846979
1038,2020-07-14T12:27:17,2020-07-14T12:57:37,183,51.2,80.0,28.799999999999997,35.65764048611111,123.81125168788581,30.33333396911621,100.61,33.46,125.76249999999999,-70.53169715846995,-70.39999,42.16120218579235,44.0,123.81125168788581,124.38615230838815,0,0,92.22623676125772,92.22623676125772,92.6544766830566
1040,2020-07-14T20:21:34,2020-07-14T20:47:44,158,41.6,66.4,24.800000000000004,30.61750370833334,123.45767624327958,26.16666603088379,83.61,27.81,125.91867469879517,-70.2050717721519,-69.89999,42.00632911392405,44.0,123.45767624327958,124.35703789045122,0,0,91.96286059614613,91.96286059614613,92.63278953293728
1043,2020-07-14T21:05:18,2020-07-14T21:29:36,149,82.8,97.6,14.799999999999997,18.86287884027778,127.45188405593098,24.299999237060547,122.87,40.87,125.89139344262296,-46.61477463087249,-44.5,44.0,45.0,127.45188405593098,124.35703789045122,0,0,94.93812132876414,94.93812132876414,92.63278953293728
1045,2020-07-15T02:10:20,2020-07-15T02:37:20,163,64.8,89.6,24.799999999999997,30.67097630555556,123.67329155465953,27.0,112.72,37.5,125.80357142857144,-68.09448760736197,-45.10001,41.25766871165644,43.0,123.67329155465953,124.35703789045122,0,0,92.12347111001775,92.12347111001775,92.63278953293728
1046,2020-07-15T11:10:19,2020-07-15T11:34:19,145,9.6,24.4,14.799999999999999,18.377502083333336,124.1723113738739,24.0,30.56,10.17,125.24590163934425,-45.94690179310345,-45.5,37.61379310344827,39.0,124.1723113738739,124.35703789045122,0,0,92.49518789155424,92.49518789155424,92.63278953293728
1047,2020-07-15T11:34:30,2020-07-15T12:03:30,175,24.4,42.4,18.0,21.840420583333334,121.33566990740741,29.0,53.25,17.71,125.58962264150944,-45.186865257142856,-44.70001,38.705714285714286,40.0,121.33566990740741,124.25526467325535,0,0,90.38219118142779,90.38219118142779,92.55697929196886
1048,2020-07-15T12:03:41,2020-07-15T12:33:21,179,42.4,60.4,18.0,21.756808736111108,120.87115964506171,29.66666603088379,75.95,25.27,125.74503311258279,-44.00224111731844,-43.10001,40.45530726256983,42.0,120.87115964506171,124.25526467325535,0,0,90.03618035568213,90.03618035568213,92.55697929196886
1049,2020-07-15T12:33:32,2020-07-15T12:59:42,158,60.4,75.6,15.199999999999996,18.454030805555554,121.40809740497077,26.16666603088379,95.11,31.63,125.80687830687832,-42.31519683544304,-41.60001,41.45253164556962,42.0,121.40809740497077,124.25526467325535,0,0,90.43614197707231,90.43614197707231,92.55697929196886
1050,2020-07-15T12:59:53,2020-07-15T13:25:53,157,75.6,89.6,14.0,17.719169416666666,126.56549583333332,26.0,112.7,37.49,125.78125000000001,-40.89045222929936,-40.20001,41.70063694267516,43.0,126.56549583333332,124.25526467325535,0,0,94.27785621581819,94.27785621581819,92.55697929196886
1051,2020-07-15T17:59:04,2020-07-15T18:23:44,149,50.4,73.2,22.800000000000004,28.265558902777776,123.97174957358672,24.66666603088379,92.12,30.64,125.84699453551913,-68.75437053691275,-67.60001,43.711409395973156,45.0,123.97174957358672,124.16670818693694,0,0,92.34579064512967,92.34579064512967,92.49101411220849
1052,2020-07-15T18:23:55,2020-07-15T18:55:05,188,73.2,95.6,22.39999999999999,28.01903272222222,125.08496750992067,31.16666603088379,120.25,40.0,125.7845188284519,-53.952137180851075,-44.5,44.430851063829785,45.0,125.08496750992067,124.16670818693694,0,0,93.17501981100571,93.17501981100571,92.49101411220849
1054,2020-07-16T00:51:56,2020-07-16T01:16:56,151,38.4,51.6,13.200000000000003,16.278192177777775,123.31963771043766,25.0,64.78,21.55,125.54263565891473,-38.95628609271524,-4.700012,41.129139072847686,43.0,123.31963771043766,124.16670818693694,0,0,91.86003654551665,91.86003654551665,92.49101411220849
1055,2020-07-16T01:17:07,2020-07-16T01:43:57,162,51.6,66.0,14.399999999999999,17.817642375,123.73362760416667,26.83333396911621,82.95,27.6,125.68181818181819,-39.84074851851853,-39.80002,41.848765432098766,44.0,123.73362760416667,124.11585800250771,0,0,92.16841506067833,92.16841506067833,92.45313612386259
1056,2020-07-16T01:44:08,2020-07-16T02:43:32,358,66.4,97.6,31.19999999999999,39.440119477777785,126.41063935185191,59.400001525878906,122.79,40.84,125.8094262295082,-39.838555921787716,-39.80002,41.09217877094972,43.0,126.41063935185191,124.16670818693694,0,0,94.16250457910975,94.16250457910975,92.49101411220849
1058,2020-07-16T07:43:10,2020-07-16T08:11:30,171,56.8,84.0,27.200000000000003,33.436258569444455,122.92742121119284,28.33333396911621,105.65,35.14,125.77380952380953,-70.80645081871344,-70.80002,39.10233918128655,41.0,122.92742121119284,124.11585800250771,0,0,91.56787689744029,91.56787689744029,92.45313612386259
1059,2020-07-16T08:11:41,2020-07-16T08:33:01,129,84.0,98.0,14.0,17.31402890277778,123.67163501984126,21.33333396911621,123.27,41.0,125.78571428571428,-48.647290077519386,-14.10001,39.5,41.0,123.67163501984126,124.11585800250771,0,0,92.12223716746189,92.12223716746189,92.45313612386259
1060,2020-07-16T20:40:16,2020-07-16T21:05:46,154,16.8,41.2,24.400000000000002,30.084174250000007,123.29579610655739,25.5,51.64,17.18,125.3398058252427,-70.78638149350648,-70.70001,40.78896103896104,43.0,123.29579610655739,124.11585800250771,0,0,91.84227708202481,91.84227708202481,92.45313612386259
1061,2020-07-16T21:05:57,2020-07-16T21:38:27,196,41.2,72.0,30.799999999999997,37.53986238888889,121.8826700937951,32.5,90.50999,30.1,125.70831944444446,-69.30612484693877,-68.39999,43.6530612244898,46.0,121.8826700937951,124.11585800250771,0,0,90.78964824215937,90.78964824215937,92.45313612386259
1062,2020-07-16T21:38:38,2020-07-16T22:08:08,178,72.4,94.4,22.0,27.491529347222222,124.96149703282828,29.5,118.73,39.49,125.77330508474576,-55.92022792134832,-45.10001,44.96067415730337,46.0,124.96149703282828,124.12146118944466,0,0,93.08304741513611,93.08304741513611,92.45730990320834
1065,2020-07-17T09:14:47,2020-07-17T09:44:17,178,73.6,96.4,22.80000000000001,28.850136722222224,126.53568737816758,29.5,121.33,40.36,125.86099585062239,-58.6724674719101,-44.89999,34.71629213483146,36.0,126.53568737816758,124.12146118944466,0,0,94.2556520816533,94.2556520816533,92.45730990320834
1068,2020-07-18T07:06:42,2020-07-18T07:34:42,169,33.6,51.2,17.6,21.093338000000003,119.84851136363636,28.0,64.39,21.41,125.76171875,-45.20001000000001,-45.20001,34.53846153846154,36.0,119.84851136363636,124.12146118944466,0,0,89.27441596641657,89.27441596641657,92.45730990320834
1069,2020-07-18T07:34:53,2020-07-18T08:04:13,177,51.2,69.6,18.39999999999999,22.09778266666667,120.09664492753632,29.33333396911621,87.54,29.12,125.77586206896554,-45.20001000000001,-45.20001,36.30790960451977,37.0,120.09664492753632,124.12146118944466,0,0,89.4592491257674,89.4592491257674,92.45730990320834
1070,2020-07-18T08:04:24,2020-07-18T08:33:14,174,69.6,87.2,17.60000000000001,21.72111591666667,123.41543134469693,28.83333396911621,109.65,36.47,125.74541284403671,-45.20001,-45.20001,37.10057471264368,38.0,123.41543134469693,124.02118028930107,0,0,91.9313926320837,91.9313926320837,92.38261127999606
1071,2020-07-18T08:33:25,2020-07-18T08:52:05,113,87.6,97.6,10.0,13.164304222222219,131.6430422222222,18.66666603088379,122.85,40.86,125.87090163934425,-42.19999584070797,-13.70001,37.5,38.0,131.6430422222222,124.07203047373031,0,0,98.06008916350233,98.06008916350233,92.42048926834195
1073,2020-07-18T17:44:59,2020-07-18T18:19:09,206,30.4,62.8,32.4,39.725139097222225,122.6084540037723,34.16666793823242,78.99,26.27,125.78025477707006,-69.75679650485436,-67.60001,42.29611650485437,45.0,122.6084540037723,123.96127625619756,0,0,91.33028019447826,91.33028019447826,92.33798913568654
1074,2020-07-18T18:19:20,2020-07-18T18:47:10,168,63.2,87.2,24.0,29.696949166666666,123.73728819444445,27.83333396911621,109.74,36.5,125.84862385321101,-63.970843511904775,-44.5,44.401785714285715,46.0,123.73728819444445,123.88102731334712,0,0,92.17114181176954,92.17114181176954,92.27821219375056
1075,2020-07-18T18:47:21,2020-07-18T19:05:21,109,87.2,97.6,10.399999999999991,13.392780694444447,128.77673744658134,18.0,122.76,40.83,125.77868852459017,-44.64312899082567,-44.5,44.70183486238532,46.0,128.77673744658134,123.96127625619756,0,0,95.92499643756358,95.92499643756358,92.33798913568654
1077,2020-07-19T11:43:26,2020-07-19T12:02:31,144,87.6,98.0,10.400000000000006,12.466904498611111,119.87408171741447,19.08333396911621,123.27,41.0,125.78571428571428,-39.16389430555556,0.0,35.5,36.0,119.87408171741447,123.88102731334712,0,0,89.29346316503107,89.29346316503107,92.27821219375056
1079,2020-07-19T20:03:28,2020-07-19T20:34:28,187,28.8,58.4,29.599999999999998,36.189585625,122.26211359797297,31.0,73.37,24.4,125.63356164383563,-70.04438946524064,-70.0,39.72192513368984,42.0,122.26211359797297,123.77426994116513,0,0,91.07229336509252,91.07229336509252,92.19868928651363
1080,2020-07-19T20:34:39,2020-07-19T20:55:19,125,58.8,78.4,19.60000000000001,24.114444777777777,123.03288151927431,20.66666603088379,98.68,32.82,125.86734693877551,-70.00960096,-69.89999,41.924,43.0,123.03288151927431,123.73545789930556,0,0,91.64643362963905,91.64643362963905,92.16977843622394
1081,2020-07-19T20:56:50,2020-07-19T21:14:30,107,77.6,91.6,14.0,17.68777890277778,126.34127787698412,17.66666603088379,115.27,38.34,125.8406113537118,-60.04579822429907,-44.5,42.18691588785047,44.0,126.34127787698412,123.73545789930556,0,0,94.11083764483634,94.11083764483634,92.16977843622394
1083,2020-07-20T04:09:09,2020-07-20T05:33:52,636,32.0,97.6,65.6,80.96836709861111,123.42738886983403,84.71666717529297,122.84,40.86,125.86065573770493,-57.33899795597485,-44.39999,39.1627358490566,42.0,123.42738886983403,123.71271944031085,0,0,91.94029971871225,91.94029971871225,92.15284069854465
1084,2020-07-20T11:54:08,2020-07-20T12:44:50,381,47.2,88.0,40.8,50.76606026111111,124.42661828703703,50.70000076293945,110.7,36.82,125.79545454545455,-60.07822078740158,-59.89999,39.38320209973753,42.0,124.42661828703703,123.73545789930556,0,0,92.68461954064645,92.68461954064645,92.16977843622394
1085,2020-07-20T19:24:16,2020-07-20T19:41:06,102,30.8,40.8,9.999999999999996,12.597358347222222,125.97358347222227,16.83333396911621,51.26,17.05,125.63725490196079,-44.90195098039216,-44.89999,40.127450980392155,42.0,125.97358347222227,123.77426994116513,0,0,93.83694435349928,93.83694435349928,92.19868928651363
1086,2020-07-20T19:41:17,2020-07-20T20:03:27,134,41.2,54.8,13.599999999999994,16.588051861111104,121.97096956699346,22.16666603088379,68.92,22.92,125.76642335766425,-44.899989999999995,-44.89999,41.38805970149254,43.0,121.97096956699346,123.73545789930556,0,0,90.85542197443384,90.85542197443384,92.16977843622394
1088,2020-07-20T20:15:48,2020-07-20T20:47:38,192,58.8,78.0,19.200000000000003,23.821939138888887,124.07259968171293,31.83333396911621,98.05,32.61,125.70512820512819,-44.89999,-44.89999,42.565104166666664,44.0,124.07259968171293,123.73545789930556,0,0,92.42091326785294,92.42091326785294,92.16977843622394
1089,2020-07-20T20:47:49,2020-07-20T21:16:09,171,78.0,95.2,17.200000000000003,21.15569286111111,122.99821430878549,28.33333396911621,119.85,39.86,125.89285714285712,-44.79999666666667,-44.60001,42.76608187134503,44.0,122.99821430878549,123.71271944031085,0,0,91.62061023864018,91.62061023864018,92.15284069854465
1092,2020-07-21T04:29:36,2020-07-21T04:59:46,183,36.0,54.8,18.799999999999997,22.625,120.34574468085108,30.16666603088379,68.91,22.92,125.74817518248176,-45.0,-45.0,36.986338797814206,39.0,120.34574468085108,123.68255141555727,0,0,89.64480199364641,89.64480199364641,92.13036872321436
1093,2020-07-21T04:59:57,2020-07-21T05:28:47,174,54.8,72.4,17.60000000000001,21.63083391666667,122.90246543560603,28.83333396911621,91.11,30.3,125.84254143646407,-45.01207017241379,-45.0,38.44252873563219,40.0,122.90246543560603,123.68255141555727,0,0,91.54928749432504,91.54928749432504,92.13036872321436
1094,2020-07-21T05:28:58,2020-07-21T05:55:08,159,72.8,88.4,15.600000000000009,19.63402868055556,125.85915820868942,26.16666603088379,111.25,37.0,125.84841628959276,-45.02075679245283,-45.0,38.5,40.0,125.85915820868942,123.68255141555727,0,0,93.75170968134967,93.75170968134967,92.13036872321436
1097,2020-07-21T15:22:56,2020-07-21T15:57:16,207,42.0,74.4,32.400000000000006,39.95083652777778,123.3050510116598,34.33333206176758,93.66,31.15,125.88709677419352,-69.8173968115942,-69.60001,37.83816425120773,40.0,123.3050510116598,123.6724632872504,0,0,91.84917100368007,91.84917100368007,92.12285413873983
1099,2020-07-21T23:01:45,2020-07-21T23:24:05,135,40.0,52.0,12.0,14.935698166666668,124.46415138888891,22.33333396911621,65.35,21.74,125.6730769230769,-40.12593592592593,-40.10001,37.19259259259259,39.0,124.46415138888891,123.6724632872504,0,0,92.71257771642276,92.71257771642276,92.12285413873983
1100,2020-07-21T23:24:16,2020-07-21T23:52:26,170,52.4,67.6,15.199999999999996,18.845143583333336,123.98120778508776,28.16666603088379,85.0,28.27,125.73964497041422,-40.143539411764706,-40.10001,38.0,39.0,123.98120778508776,123.68255141555727,0,0,92.35283600846572,92.35283600846572,92.13036872321436
1101,2020-07-21T23:52:37,2020-07-22T00:25:47,200,67.6,85.6,18.0,22.19569997222222,123.30944429012344,33.16666793823242,107.64,35.8,125.74766355140187,-40.15301,-40.10001,38.425,40.0,123.30944429012344,123.6724632872504,0,0,91.85244352967608,91.85244352967608,92.12285413873983
1103,2020-07-22T15:43:07,2020-07-22T16:09:07,157,27.6,52.4,24.799999999999997,30.524027125,123.08075453629034,26.0,65.82,21.89,125.61068702290075,-70.43948898089171,-70.20001,38.24203821656051,41.0,123.08075453629034,123.6500898189484,0,0,91.68209394436494,91.68209394436494,92.10618828037349
1104,2020-07-22T16:09:18,2020-07-22T16:40:18,187,52.8,82.4,29.60000000000001,36.43764015277778,123.10013565127625,31.0,103.78,34.52,125.94660194174756,-70.52460139037434,-70.39999,41.18716577540107,43.0,123.10013565127625,123.54311043066755,0,0,91.69653081722599,91.69653081722599,92.0264999947156
1107,2020-07-22T18:00:43,2020-07-22T18:28:33,168,78.0,96.0,18.0,22.164307250000007,123.13504027777782,27.83333396911621,120.79,40.18,125.82291666666667,-47.775003630952384,-44.30002,41.0,42.0,123.13504027777782,123.44253255655681,0,0,91.72253105794654,91.72253105794654,91.95158015742919
1109,2020-07-23T02:57:58,2020-07-23T03:27:40,180,36.0,54.0,18.0,22.374421658333336,124.30234254629632,29.700000762939453,67.92,22.59,125.77777777777777,-45.20112122222223,-45.20001,36.16111111111111,38.0,124.30234254629632,123.44253255655681,0,0,92.59204730885828,92.59204730885828,91.95158015742919
1110,2020-07-23T03:27:51,2020-07-23T03:46:47,115,54.0,66.0,12.0,14.26311426666667,118.8592855555556,18.933332443237305,82.99,27.6,125.74242424242424,-45.20001,-45.20001,37.48695652173913,39.0,118.8592855555556,123.44253255655681,0,0,88.53754777113825,88.53754777113825,91.95158015742919
1111,2020-07-23T03:46:58,2020-07-23T04:17:18,183,66.0,84.4,18.400000000000006,22.851116166666667,124.19084873188403,30.33333396911621,106.23,35.34,125.8649289099526,-45.20001,-45.20001,37.76502732240437,39.0,124.19084873188403,123.44253255655681,0,0,92.50899625505483,92.50899625505483,91.95158015742919
1112,2020-07-23T04:17:29,2020-07-23T04:39:49,135,84.4,97.6,13.199999999999989,16.760693916666664,126.9749539141415,22.33333396911621,122.87,40.87,125.89139344262296,-45.02888748148148,-44.89999,38.06666666666667,40.0,126.9749539141415,123.44253255655681,0,0,94.58285901152226,94.58285901152226,91.95158015742919
1113,2020-07-24T12:57:29,2020-07-24T13:29:19,192,44.8,74.8,30.0,37.24056072222223,124.13520240740743,31.83333396911621,94.05,31.28,125.73529411764706,-70.19219729166667,-69.80002,38.609375,40.0,124.13520240740743,123.54951194483765,0,0,92.46754565160717,92.46754565160717,92.03126844308707
1115,2020-07-24T16:48:36,2020-07-24T17:13:16,149,56.4,79.6,23.199999999999996,28.795001652777774,124.11638643438698,24.66666603088379,100.25,33.35,125.94221105527639,-70.04228590604028,-69.80002,42.9496644295302,44.0,124.11638643438698,123.54951194483765,0,0,92.45352974950603,92.45352974950603,92.03126844308707
1116,2020-07-24T17:13:27,2020-07-24T17:38:37,152,80.0,97.6,17.599999999999994,22.485002138888895,127.75569397095968,25.16666603088379,122.8,40.85,125.81967213114754,-53.63158407894738,-44.39999,43.0,44.0,127.75569397095968,123.54951194483765,0,0,95.16442745823038,95.16442745823038,92.03126844308707
1118,2020-07-25T14:31:00,2020-07-25T14:53:50,138,17.2,38.4,21.2,26.447222083333333,124.75104756289308,22.83333396911621,48.32,16.07,125.83333333333333,-69.49637644927536,-69.39999,40.6231884057971,43.0,124.75104756289308,123.54951194483765,0,0,92.926284904654,92.926284904654,92.03126844308707
1119,2020-07-25T14:54:01,2020-07-25T15:27:51,204,38.8,70.0,31.200000000000003,38.3112537638889,122.7924800124644,33.83333206176758,88.0,29.27,125.71428571428572,-67.94314392156862,-67.20001,44.044117647058826,46.0,122.7924800124644,123.54951194483765,0,0,91.46736003186373,91.46736003186373,92.03126844308707
1120,2020-07-25T15:28:02,2020-07-25T15:47:12,116,70.4,86.8,16.39999999999999,20.22125377777778,123.3003279132792,19.16666603088379,109.16,36.31,125.76036866359446,-63.23535663793104,-44.10001,45.918103448275865,47.0,123.3003279132792,123.54951194483765,0,0,91.84565279686481,91.84565279686481,92.03126844308707
1122,2020-07-25T23:59:46,2020-07-26T00:31:06,189,10.4,40.0,29.6,36.370972569444454,122.87490732920422,31.33333396911621,50.29,16.73,125.725,-69.64179968253968,-67.5,42.55026455026455,45.0,122.87490732920422,123.54951194483765,0,0,91.52875963105691,91.52875963105691,92.03126844308707
1123,2020-07-26T00:31:17,2020-07-26T01:08:37,225,40.4,74.4,34.00000000000001,42.08917256944444,123.79168402777775,37.33333206176758,93.68,31.16,125.91397849462365,-67.64312057777778,-67.5,45.05777777777778,48.0,123.79168402777775,123.54951194483765,0,0,92.21166093208721,92.21166093208721,92.03126844308707
1124,2020-07-26T01:08:48,2020-07-26T01:26:38,108,74.8,88.8,14.0,17.51250254166667,125.08930386904763,17.83333396911621,111.68,37.15,125.76576576576578,-58.89537898148148,-44.39999,46.49074074074074,48.0,125.08930386904763,123.54951194483765,0,0,93.17824993813932,93.17824993813932,92.03126844308707
1125,2020-07-26T03:50:51,2020-07-26T04:19:11,171,62.4,79.6,17.199999999999996,21.29944918055556,123.83400686369514,28.33333396911621,100.07,33.28,125.71608040201005,-45.10527321637427,-45.10001,42.98830409356725,45.0,123.83400686369514,123.54951194483765,0,0,92.24318695118897,92.24318695118897,92.03126844308707
1126,2020-07-26T04:19:22,2020-07-26T04:46:32,164,79.6,96.0,16.400000000000006,20.340701625,124.02866844512191,27.16666603088379,120.79,40.18,125.82291666666667,-44.92440609756099,-44.80002,43.0,45.0,124.02866844512191,123.70263131200397,0,0,92.3881891610224,92.3881891610224,92.14532611407012
1128,2020-07-26T18:56:18,2020-07-26T19:21:08,150,2.8,19.6,16.8,20.777643069444444,123.67644684193121,24.83333396911621,24.46,8.13,124.79591836734694,-50.20134346666668,-50.20001,43.843333333333334,45.0,123.67644684193121,123.67404093088624,0,0,92.12582146402032,92.12582146402032,92.1240293157411
1131,2020-07-26T19:58:01,2020-07-26T20:28:51,186,38.4,59.6,21.200000000000003,25.797227361111116,121.68503472222223,30.83333396911621,74.98,24.94,125.80536912751678,-50.200010000000006,-50.20001,45.303763440860216,48.0,121.68503472222223,123.54951194483765,0,0,90.64243087441135,90.64243087441135,92.03126844308707
1132,2020-07-26T20:29:02,2020-07-26T20:56:22,165,59.6,78.0,18.4,22.868893444444446,124.28746437198069,27.33333396911621,98.17,32.66,125.85897435897435,-50.20001,-50.20001,46.49090909090909,48.0,124.28746437198069,123.67404093088624,0,0,92.58096464869371,92.58096464869371,92.1240293157411
1133,2020-07-26T20:56:33,2020-07-26T21:25:43,176,78.0,96.0,18.0,22.893749166666666,127.18749537037037,29.16666603088379,120.76,40.17,125.79166666666667,-47.098293749999996,-44.89999,46.375,48.0,127.18749537037037,123.70686751818783,0,0,94.74117982967505,94.74117982967505,92.14848163789493
1136,2020-07-27T00:45:31,2020-07-27T01:04:21,114,82.8,96.0,13.200000000000003,16.299723333333333,123.4827525252525,18.83333396911621,120.82,40.19,125.85416666666666,-51.77895096491229,0.0,42.526315789473685,45.0,123.4827525252525,123.70686751818783,0,0,91.98153976372419,91.98153976372419,92.14848163789493
1137,2020-07-27T05:00:39,2020-07-27T05:18:09,106,43.6,60.0,16.4,20.41986288888889,124.5113590785908,17.5,75.48,25.11,125.80000000000001,-70.00944009433962,-69.60001,40.14622641509434,43.0,124.5113590785908,123.7644861111111,0,0,92.74774243294121,92.74774243294121,92.19140137192838
1138,2020-07-27T05:18:20,2020-07-27T05:49:20,187,60.4,88.8,28.4,35.499727527777786,124.99904059076687,31.0,111.78,37.18,125.87837837837837,-68.64867336898395,-44.70001,41.0,43.0,124.99904059076687,123.7644861111111,0,0,93.11101337958684,93.11101337958684,92.19140137192838
1140,2020-07-27T08:50:23,2020-07-27T09:18:00,208,77.6,97.6,20.0,25.015752602777777,125.07876301388887,27.616666793823242,122.77,40.84,125.7889344262295,-54.27837100961539,-13.20001,38.74519230769231,41.0,125.07876301388887,123.7644861111111,0,0,93.17039812022871,93.17039812022871,92.19140137192838
1142,2020-07-27T16:58:55,2020-07-27T17:25:55,163,45.6,70.8,25.199999999999996,30.905140972222224,122.63944830246916,27.0,89.11,29.64,125.86158192090396,-68.67853220858896,-67.60001,43.47546012269939,45.0,122.63944830246916,123.7644861111111,0,0,91.3533676561661,91.3533676561661,92.19140137192838
1143,2020-07-27T17:26:06,2020-07-27T17:47:16,128,70.8,88.4,17.60000000000001,21.593753333333346,122.69178030303033,21.16666603088379,111.17,36.98,125.7579185520362,-61.171103203125,-44.5,44.65625,46.0,122.69178030303033,123.7644861111111,0,0,91.39234944019742,91.39234944019742,92.19140137192838
1145,2020-07-28T04:52:46,2020-07-28T05:20:06,165,21.6,38.8,17.199999999999996,21.139726277777775,122.90538533591733,27.33333396911621,48.74,16.21,125.61855670103095,-46.404251333333335,-46.10001,36.412121212121214,38.0,122.90538533591733,123.7644861111111,0,0,91.55146251003451,91.55146251003451,92.19140137192838
1146,2020-07-28T05:20:17,2020-07-28T05:48:37,171,38.8,56.4,17.6,21.436669375,121.79925781249999,28.33333396911621,70.93999,23.59,125.78012411347518,-45.39474257309942,-44.5,38.026315789473685,40.0,121.79925781249999,123.70686751818783,0,0,90.7275149489518,90.7275149489518,92.14848163789493
1147,2020-07-28T05:48:48,2020-07-28T06:22:05,201,56.8,76.4,19.60000000000001,24.092919527777777,122.92305881519269,33.28333282470703,96.07999,31.96,125.75914921465967,-43.4313484079602,-42.5,39.0,40.0,122.92305881519269,123.70686751818783,0,0,91.56462737560064,91.56462737560064,92.14848163789493
1148,2020-07-28T06:22:16,2020-07-28T07:00:54,234,76.8,97.6,20.799999999999997,26.68108758611111,128.27445954861113,38.63333511352539,122.82,40.86,125.84016393442623,-41.43932286324787,-40.39999,39.0,40.0,128.27445954861113,123.73406543485447,0,0,95.55085273328278,95.55085273328278,92.16874119805377
1149,2020-07-28T15:11:57,2020-07-28T15:30:27,112,21.2,38.8,17.599999999999998,21.63889225000001,122.9482514204546,18.5,48.7,16.2,125.51546391752579,-70.1803680357143,-70.10001,41.111607142857146,43.0,122.9482514204546,123.57959968359185,0,0,91.58339319167827,91.58339319167827,92.05368061387225
1150,2020-07-28T15:30:38,2020-07-28T15:59:38,175,38.8,66.4,27.60000000000001,33.37736491666667,120.93248158212559,29.0,83.54,27.79,125.8132530120482,-69.05657925714286,-67.70001,43.511428571428574,45.0,120.93248158212559,123.57959968359185,0,0,90.08185868789518,90.08185868789518,92.05368061387225
1151,2020-07-28T15:59:49,2020-07-28T16:30:59,188,66.4,91.6,25.19999999999999,30.893060222222225,122.59150881834222,31.16666603088379,115.25,38.33,125.81877729257643,-59.4558600531915,-44.60001,44.941489361702125,46.0,122.59150881834222,123.57959968359185,0,0,91.31765783049977,91.31765783049977,92.05368061387225
1155,2020-07-29T15:26:00,2020-07-29T16:35:07,519,17.6,83.6,66.0,80.71542223888889,122.2960943013468,69.11666870117188,105.18,34.99,125.81339712918661,-70.06859826589596,-69.80002,40.72928709055876,44.0,122.2960943013468,123.57959968359185,0,0,91.09760538118108,91.09760538118108,92.05368061387225
1156,2020-07-29T23:50:12,2020-07-30T00:07:02,102,34.0,50.0,16.0,19.675419402777788,122.97137126736118,16.83333396911621,62.84,20.9,125.68,-70.12942147058823,-70.0,37.1764705882353,39.0,122.97137126736118,123.45507069754326,0,0,91.60061502285777,91.60061502285777,91.96091974121822
1157,2020-07-30T00:07:13,2020-07-30T00:39:23,194,50.0,80.8,30.799999999999997,37.582226722222224,122.02021663059163,32.16666793823242,101.57,33.78,125.70544554455445,-70.10155479381443,-70.0,39.41237113402062,42.0,122.02021663059163,123.39609840768796,0,0,90.89210580797307,90.89210580797307,91.91699164670013
1158,2020-07-30T00:39:34,2020-07-30T01:03:14,143,80.8,97.6,16.799999999999997,20.86014348611111,124.16752075066138,23.66666603088379,122.77,40.84,125.7889344262295,-52.76015146853148,0.0,40.5,42.0,124.16752075066138,123.39609840768796,0,0,92.49161938590868,92.49161938590868,91.91699164670013
1160,2020-07-30T04:15:41,2020-07-30T04:42:31,162,59.2,84.8,25.599999999999994,31.304027625,122.28135791015627,26.83333396911621,106.66,35.48,125.77830188679245,-69.99691327160494,-69.89999,40.27160493827161,42.0,122.28135791015627,123.30724765089161,0,0,91.08662833439077,91.08662833439077,91.85080726667807
1161,2020-07-30T04:42:45,2020-07-30T05:00:45,109,84.8,96.8,12.0,15.115140888888888,125.9595074074074,18.0,121.84,40.53,125.86776859504133,-50.44679559633027,-44.5,40.5,42.0,125.9595074074074,123.39609840768796,0,0,93.82645917974823,93.82645917974823,91.91699164670013
1163,2020-07-30T15:05:07,2020-07-30T15:35:37,184,38.8,48.4,9.600000000000001,11.4375,119.14062499999999,30.5,60.75,20.21,125.51652892561984,-22.5,-22.5,38.25815217391305,39.0,119.14062499999999,123.30724765089161,0,0,88.74711578583708,88.74711578583708,91.85080726667807
1164,2020-07-30T15:35:48,2020-07-30T16:08:48,199,48.4,58.8,10.399999999999999,12.375,118.99038461538464,33.0,73.88,24.57,125.64625850340136,-22.5,-22.5,39.02261306532663,40.0,118.99038461538464,123.30724765089161,0,0,88.63520265117654,88.63520265117654,91.85080726667807
1165,2020-07-30T16:08:59,2020-07-30T16:37:09,170,58.8,67.6,8.799999999999997,10.5625,120.02840909090914,28.16666603088379,84.99,28.27,125.72485207100593,-22.5,-22.5,39.5,40.0,120.02840909090914,123.30724765089161,0,0,89.40842067246781,89.40842067246781,91.85080726667807
1167,2020-07-30T16:46:30,2020-07-30T17:07:40,128,68.0,74.4,6.400000000000006,7.923055708333334,123.79774544270823,21.16666603088379,93.57,31.12,125.76612903225804,-22.414844218749998,-11.10001,39.5,40.0,123.79774544270823,123.39609840768796,0,0,92.21617604263545,92.21617604263545,91.91699164670013
1169,2020-07-31T15:18:33,2020-07-31T15:39:33,127,6.8,13.2,6.3999999999999995,7.875694513888889,123.05772677951389,21.0,16.43,5.46,124.46969696969695,-22.502362440944882,-22.5,33.53543307086614,35.0,123.05772677951389,123.30724765089161,0,0,91.66494071055466,91.66494071055466,91.85080726667807
1170,2020-07-31T15:39:44,2020-07-31T16:06:44,163,13.2,21.2,8.0,10.125,126.5625,27.0,26.47,8.809999,124.85849056603773,-22.5,-22.5,33.5,34.0,126.5625,123.39609840768796,0,0,94.27562463806957,94.27562463806957,91.91699164670013
1171,2020-07-31T16:06:55,2020-07-31T16:38:25,190,21.6,31.2,9.599999999999998,11.8125,123.04687500000003,31.5,39.1,13.0,125.32051282051283,-22.5,-22.5,33.694736842105264,35.0,123.04687500000003,123.30488610170133,0,0,91.6568572870121,91.6568572870121,91.84904816327045
1172,2020-07-31T16:38:36,2020-07-31T17:08:26,180,31.2,40.4,9.2,11.1875,121.60326086956522,29.83333396911621,50.66,16.85,125.3960396039604,-22.5,-22.5,34.5,35.0,121.60326086956522,123.21768409552851,0,0,90.58151803657786,90.58151803657786,91.78409192740568
1173,2020-07-31T17:08:37,2020-07-31T17:38:17,179,40.4,49.6,9.200000000000003,11.125,120.92391304347822,29.66666603088379,62.31,20.72,125.625,-22.5,-22.5,35.374301675977655,36.0,120.92391304347822,123.11758796452703,0,0,90.07547603637349,90.07547603637349,91.70953093758627
1174,2020-07-31T17:38:28,2020-07-31T18:04:38,158,49.6,57.6,8.0,9.8125,122.65625,26.16666603088379,72.35,24.07,125.60763888888886,-22.5,-22.5,35.77215189873418,37.0,122.65625,123.11758796452703,0,0,91.36588313689458,91.36588313689458,91.70953093758627
1175,2020-07-31T18:04:49,2020-07-31T18:37:39,198,57.6,68.0,10.399999999999999,12.3125,118.3894230769231,32.83333206176758,85.49,28.44,125.7205882352941,-22.5,-22.5,36.0,37.0,118.3894230769231,123.09638352864584,0,0,88.18755011253423,88.18755011253423,91.6937358842506
1176,2020-07-31T18:37:50,2020-07-31T19:05:20,166,68.0,76.4,8.400000000000006,10.3125,122.76785714285705,27.5,96.09,31.97,125.77225130890052,-22.5,-22.5,36.0,37.0,122.76785714285705,123.05230088975696,0,0,91.44901860835665,91.44901860835665,91.66089899878338
1177,2020-07-31T19:05:31,2020-07-31T19:34:31,175,76.4,85.2,8.799999999999997,10.875,123.5795454545455,29.0,107.19,35.65,125.80985915492958,-22.5,-22.5,35.831428571428575,37.0,123.5795454545455,123.05230088975696,0,0,92.05364021899052,92.05364021899052,91.66089899878338
1178,2020-07-31T19:34:42,2020-07-31T20:00:42,157,85.2,92.8,7.599999999999994,9.743749374999998,128.20722861842114,26.0,116.76,38.84,125.8189655172414,-22.48534885350318,-22.39999,35.5,36.0,128.20722861842114,123.17902734639654,0,0,95.50077282858226,95.50077282858226,91.75529675370973
1181,2020-08-01T02:55:29,2020-08-01T03:20:39,152,69.2,91.2,22.0,27.30972509722222,124.13511407828281,25.16666603088379,114.74,38.17,125.81140350877192,-65.05790157894737,-44.5,34.276315789473685,36.0,124.13511407828281,123.17902734639654,0,0,92.46747985578774,92.46747985578774,91.75529675370973
1183,2020-08-01T15:20:24,2020-08-01T15:43:24,139,24.0,46.0,22.0,26.908753958333335,122.31251799242425,23.0,57.78,19.22,125.6086956521739,-70.19713266187051,-70.0,33.194244604316545,36.0,122.31251799242425,123.05230088975696,0,0,91.1098392872369,91.1098392872369,91.66089899878338
1184,2020-08-01T15:43:35,2020-08-01T16:13:45,182,46.0,75.2,29.200000000000003,35.273476388888895,120.79957667427702,30.16666603088379,94.55,31.45,125.7313829787234,-70.15715115384616,-69.89999,35.86538461538461,38.0,120.79957667427702,123.0091231336806,0,0,89.98285864281952,89.98285864281952,91.62873615493493
1185,2020-08-01T16:13:56,2020-08-01T16:43:16,177,75.2,97.2,22.0,27.696116083333337,125.89143674242426,29.33333396911621,122.3,40.68,125.82304526748972,-56.65537740112995,-44.60001,36.556497175141246,39.0,125.89143674242426,123.0091231336806,0,0,93.77575376178623,93.77575376178623,91.62873615493493
1187,2020-08-01T22:57:00,2020-08-01T23:15:30,112,48.0,65.6,17.599999999999994,21.56652840277778,122.53709319760107,18.5,82.45,27.42,125.68597560975611,-69.94643062499999,-69.70001,34.044642857142854,36.0,122.53709319760107,122.95981134390789,0,0,91.27712397066419,91.27712397066419,91.59200410726802
1188,2020-08-01T23:15:41,2020-08-01T23:47:35,193,65.6,92.8,27.200000000000003,33.545224108333336,123.32802981004902,31.899999618530273,116.71,38.82,125.76508620689656,-63.08549575129534,-44.39999,35.295336787564764,37.0,123.32802981004902,122.95981134390789,0,0,91.86628776869006,91.86628776869006,91.59200410726802
1191,2020-08-02T05:05:44,2020-08-02T05:31:44,157,78.4,97.2,18.799999999999997,23.69555911111111,126.04020803782507,26.0,122.34,40.7,125.8641975308642,-54.69937127388535,-44.60001,32.5,34.0,126.04020803782507,123.0091231336806,0,0,93.88657258096352,93.88657258096352,91.62873615493493
1194,2020-08-02T11:52:23,2020-08-02T12:22:43,183,42.4,61.2,18.800000000000004,22.791393027777772,121.2308139775413,30.33333396911621,76.93999,25.59,125.71893790849673,-45.08197540983607,-45.0,33.38251366120219,35.0,121.2308139775413,122.95981134390789,0,0,90.30408464682921,90.30408464682921,91.59200410726802
1198,2020-08-02T12:53:22,2020-08-02T13:24:52,190,69.2,88.4,19.200000000000003,23.677505250000003,123.32033984374999,31.5,111.17,36.98,125.7579185520362,-45.10001,-45.10001,34.55,36.0,123.32033984374999,123.0091231336806,0,0,91.86055956028484,91.86055956028484,91.62873615493493
1199,2020-08-02T13:25:03,2020-08-02T13:43:03,109,88.4,97.6,9.199999999999989,11.842921722222222,128.72741002415475,18.0,122.77,40.84,125.7889344262295,-39.383503027522956,-13.60001,35.0,36.0,128.72741002415475,123.0091231336806,0,0,95.88825274522932,95.88825274522932,91.62873615493493
1200,2020-08-02T22:59:16,2020-08-02T23:23:56,149,58.8,82.0,23.200000000000003,28.815975458333334,124.20679076867815,24.66666603088379,103.24,34.34,125.90243902439025,-70.09262530201342,-70.0,33.986577181208055,35.0,124.20679076867815,123.0091231336806,0,0,92.52087137980955,92.52087137980955,91.62873615493493
1201,2020-08-02T23:24:07,2020-08-02T23:48:27,147,82.4,97.6,15.199999999999989,19.478059472222228,128.14512810672528,24.33333396911621,122.77,40.84,125.7889344262295,-47.98640421768708,-13.60001,34.47278911564626,36.0,128.14512810672528,123.0091231336806,0,0,95.4545145409341,95.4545145409341,91.62873615493493
1202,2020-08-03T17:15:13,2020-08-03T17:37:33,135,23.2,36.4,13.2,16.66610758333333,126.25839078282824,22.33333396911621,45.71,15.2,125.57692307692308,-44.64665725925926,-10.10001,31.303703703703704,33.0,126.25839078282824,123.0091231336806,0,0,94.04909556028538,94.04909556028538,91.62873615493493
1203,2020-08-03T17:37:44,2020-08-03T18:11:54,206,36.8,58.0,21.200000000000003,25.568049861111106,120.60400877882596,34.16666793823242,72.97,24.27,125.81034482758622,-44.899989999999995,-44.89999,33.157766990291265,35.0,120.60400877882596,122.95981134390789,0,0,89.83718132526651,89.83718132526651,91.59200410726802
1204,2020-08-03T18:12:05,2020-08-03T18:42:15,182,58.4,76.8,18.4,22.57471719444444,122.68868040458935,30.16666603088379,96.63,32.14,125.82031249999999,-44.899989999999995,-44.89999,34.717032967032964,36.0,122.68868040458935,122.95981134390789,0,0,91.39004034499277,91.39004034499277,91.59200410726802
1205,2020-08-03T18:42:26,2020-08-03T19:07:36,152,76.8,92.0,15.200000000000003,18.813469333333327,123.77282456140344,25.16666603088379,115.73,38.49,125.79347826086956,-44.85262473684211,-44.60001,35.0,36.0,123.77282456140344,122.95981134390789,0,0,92.19761263205538,92.19761263205538,91.59200410726802
1206,2020-08-04T02:31:53,2020-08-04T02:51:13,117,26.0,44.4,18.4,22.615142250000005,122.90838179347828,19.33333396911621,55.89,18.59,125.87837837837837,-70.18462581196582,-70.0,31.995726495726494,34.0,122.90838179347828,122.93565511782364,0,0,91.55369455276644,91.55369455276644,91.57401028363945
1207,2020-08-04T02:51:24,2020-08-04T03:23:04,191,44.4,74.8,30.4,37.02486572222223,121.79232145467839,31.66666603088379,94.09,31.3,125.78877005347594,-70.1523647643979,-69.89999,34.74083769633508,37.0,121.79232145467839,122.91572030433548,0,0,90.72234809884735,90.72234809884735,91.55916096418355
1208,2020-08-04T03:23:15,2020-08-04T03:49:55,161,75.2,95.6,20.39999999999999,25.570975291666667,125.3479180964053,26.66666603088379,120.33,40.02,125.8682008368201,-57.534168447204976,-44.5,35.993788819875775,37.0,125.3479180964053,122.91572030433548,0,0,93.37089007897437,93.37089007897437,91.55916096418355
1211,2020-08-04T08:38:09,2020-08-04T09:07:59,180,64.0,82.0,18.0,22.375,124.30555555555556,29.83333396911621,103.13,34.3,125.76829268292683,-45.0,-45.0,33.78888888888889,35.0,124.30555555555556,122.91572030433548,0,0,92.59444065961291,92.59444065961291,91.55916096418355
1212,2020-08-04T09:08:10,2020-08-04T09:35:10,163,82.4,97.6,15.199999999999989,19.442780208333335,127.91302768640362,27.0,122.84,40.86,125.86065573770493,-43.12086429447853,-13.60001,34.13496932515337,36.0,127.91302768640362,122.91572030433548,0,0,95.28162437121888,95.28162437121888,91.55916096418355
1213,2020-08-04T15:09:06,2020-08-04T15:37:26,171,60.4,86.8,26.4,33.10458616666667,125.39615972222224,28.33333396911621,109.31,36.36,125.9331797235023,-70.1035147368421,-69.70001,37.14912280701754,39.0,125.39615972222224,122.93565511782364,0,0,93.40682496811964,93.40682496811964,91.57401028363945
1214,2020-08-04T15:37:37,2020-08-04T15:55:07,106,87.2,97.6,10.399999999999991,13.610696388888888,130.87208066239327,17.5,122.76,40.83,125.77868852459017,-46.766044433962264,-44.30002,38.0,39.0,130.87208066239327,122.95981134390789,0,0,97.48580465881246,97.48580465881246,91.59200410726802
1215,2020-08-04T23:30:08,2020-08-04T23:49:38,118,42.0,53.6,11.600000000000001,14.626250125000002,126.08836314655171,19.5,67.37,22.41,125.69029850746269,-45.00423771186441,-45.0,33.94915254237288,36.0,126.08836314655171,123.0091231336806,0,0,93.92244302406253,93.92244302406253,91.62873615493493
1216,2020-08-04T23:49:49,2020-08-05T00:21:19,190,54.0,73.2,19.200000000000003,23.625,123.04687499999999,31.5,92.12,30.64,125.84699453551913,-45.0,-45.0,35.29210526315789,37.0,123.04687499999999,123.046875,0,0,91.65685728701207,91.65685728701207,91.65685728701209
1217,2020-08-05T00:21:30,2020-08-05T00:48:30,163,73.2,89.6,16.39999999999999,20.25,123.47560975609761,27.0,112.7,37.49,125.78125000000001,-45.0,-45.0,35.530674846625764,37.0,123.47560975609761,123.05230088975696,0,0,91.97621915909231,91.97621915909231,91.66089899878338
1218,2020-08-05T23:19:42,2020-08-05T23:40:42,127,14.8,34.8,19.999999999999996,24.558614166666676,122.7930708333334,21.0,43.67,14.53,125.48850574712645,-70.16851275590552,-69.89999,28.287401574803148,30.0,122.7930708333334,123.046875,0,0,91.46780013068032,91.46780013068032,91.65685728701209
1219,2020-08-05T23:40:53,2020-08-06T00:09:33,173,34.8,62.4,27.6,33.47972481944445,121.30335079508858,28.66666603088379,78.53,26.12,125.84935897435898,-70.07457196531793,-69.89999,31.3757225433526,34.0,121.30335079508858,123.046875,0,0,90.35811687425462,90.35811687425462,91.65685728701209
1220,2020-08-06T00:09:44,2020-08-06T00:34:14,148,62.8,86.0,23.200000000000003,28.611807805555557,123.32675778256703,24.5,108.31,36.03,125.94186046511628,-70.07027581081081,-69.80002,33.66216216216216,35.0,123.32675778256703,123.05230088975696,0,0,91.86534024327439,91.86534024327439,91.66089899878338
1222,2020-08-06T13:46:58,2020-08-06T14:14:58,169,35.2,52.4,17.199999999999996,20.747781611111115,120.62663727390186,28.0,65.78,21.88,125.53435114503816,-44.45917982248522,-43.70001,34.47337278106509,36.0,120.62663727390186,123.05230088975696,0,0,89.85403715150177,89.85403715150177,91.66089899878338
1223,2020-08-06T14:15:09,2020-08-06T14:50:29,213,52.8,73.2,20.400000000000006,25.10014308333333,123.03991707516333,35.33333206176758,92.11,30.64,125.83333333333333,-42.62301183098591,-41.60001,35.889671361502344,37.0,123.03991707516333,123.05230088975696,0,0,91.65167437177129,91.65167437177129,91.66089899878338
1224,2020-08-06T14:50:40,2020-08-06T15:19:40,175,73.2,89.2,16.0,19.731669916666668,123.32293697916667,29.0,112.24,37.33,125.82959641255604,-40.82457817142858,-40.10001,36.0,37.0,123.32293697916667,123.18903331163193,0,0,91.86249415041759,91.86249415041759,91.76275013541975
1227,2020-08-07T00:28:24,2020-08-07T00:57:14,174,39.2,66.8,27.599999999999994,33.64375045833333,121.89764658816425,28.83333396911621,83.97,27.93,125.70359281437126,-70.01034580459769,-69.89999,36.86494252873563,39.0,121.89764658816425,123.18903331163193,0,0,90.80080414032462,90.80080414032462,91.76275013541975
1228,2020-08-07T00:57:25,2020-08-07T01:26:45,177,66.8,92.0,25.200000000000003,31.22583431944444,123.91204095017635,29.33333396911621,115.79,38.51,125.85869565217392,-63.83390033898305,-44.5,38.655367231638415,40.0,123.91204095017635,123.18903331163193,0,0,92.30131406029378,92.30131406029378,91.76275013541975
1230,2020-08-07T13:51:11,2020-08-07T14:20:31,177,35.2,53.2,18.0,22.0,122.22222222222223,29.33333396911621,66.89,22.25,125.73308270676691,-45.0,-45.0,36.81920903954802,39.0,122.22222222222223,123.18903331163193,0,0,91.04257852565293,91.04257852565293,91.76275013541975
1231,2020-08-07T14:20:42,2020-08-07T14:39:22,113,53.6,65.2,11.600000000000001,14.0,120.68965517241378,18.66666603088379,81.97,27.26,125.72085889570552,-45.0,-45.0,38.0,39.0,120.68965517241378,123.05230088975696,0,0,89.90097879492373,89.90097879492373,91.66089899878338
1232,2020-08-07T20:38:10,2020-08-07T20:56:30,111,13.2,30.8,17.6,21.45403050000001,121.89790056818185,18.33333396911621,38.61,12.84,125.35714285714286,-70.21352234234234,-70.0,38.0,39.0,121.89790056818185,123.05230088975696,0,0,90.80099332847124,90.80099332847124,91.66089899878338
1234,2020-08-07T21:03:31,2020-08-07T21:32:21,174,36.0,63.6,27.6,33.69778176388889,122.09341218800321,28.83333396911621,79.98,26.6,125.75471698113208,-70.12299683908046,-69.89999,40.56896551724138,43.0,122.09341218800321,123.05230088975696,0,0,90.9466287266552,90.9466287266552,91.66089899878338
1235,2020-08-07T21:32:32,2020-08-07T22:00:32,169,63.6,89.2,25.6,31.594725361111113,123.41689594184028,28.0,112.26,37.34,125.85201793721973,-67.64201857988166,-44.5,42.0,43.0,123.41689594184028,123.18903331163193,0,0,91.93248360145088,91.93248360145088,91.76275013541975
1238,2020-08-08T02:11:10,2020-08-08T02:31:30,123,64.4,83.6,19.19999999999999,23.72819504166667,123.58434917534731,20.33333396911621,105.17,34.98,125.80143540669857,-70.01788796747967,-69.89999,40.0,42.0,123.58434917534731,123.18903331163193,0,0,92.05721848094946,92.05721848094946,91.76275013541975
1240,2020-08-08T05:26:04,2020-08-08T05:54:34,172,68.8,92.8,24.0,29.913755638888894,124.6406484953704,28.5,116.82,38.86,125.88362068965517,-62.94419790697674,-44.70001,38.51453488372093,41.0,124.6406484953704,123.32163841145834,0,0,92.84404932104779,92.84404932104779,91.86152685535122
1242,2020-08-08T16:31:51,2020-08-08T17:35:05,475,44.4,97.6,53.199999999999996,66.74297349166667,125.45671708959904,63.233333587646484,122.77,40.84,125.7889344262295,-63.31389593684211,-44.30002,39.438947368421054,41.0,125.45671708959904,123.32163841145834,0,0,93.45193377709452,93.45193377709452,91.86152685535122
1243,2020-08-09T01:16:53,2020-08-09T02:29:28,545,18.8,87.6,68.8,84.68600348194445,123.09012134003555,72.58333587646484,110.16,36.64,125.75342465753425,-70.00459003669725,-69.60001,40.788990825688074,44.0,123.09012134003555,123.32163841145834,0,0,91.68907121862819,91.68907121862819,91.86152685535122
1245,2020-08-09T05:01:32,2020-08-09T05:29:32,169,76.8,97.6,20.799999999999997,26.28097791666667,126.35085536858979,28.0,122.87,40.87,125.89139344262296,-56.32368088757397,-44.60001,41.0,43.0,126.35085536858979,123.32484738086686,0,0,94.11797185918569,94.11797185918569,91.86391719684599
1247,2020-08-09T15:52:54,2020-08-09T16:20:34,167,30.0,46.8,16.799999999999997,20.75,123.51190476190477,27.66666603088379,58.83,19.57,125.7051282051282,-45.0,-45.0,40.23053892215569,42.0,123.51190476190477,123.32739379630803,0,0,92.00325508477101,92.00325508477101,91.86581400598223
1248,2020-08-09T16:20:45,2020-08-09T16:50:25,179,46.8,65.2,18.400000000000006,22.25,120.92391304347822,29.66666603088379,82.02,27.28,125.79754601226993,-45.0,-45.0,41.687150837988824,43.0,120.92391304347822,123.32739379630803,0,0,90.07547603637349,90.07547603637349,91.86581400598223
1249,2020-08-09T16:50:36,2020-08-09T17:17:06,160,65.6,81.6,16.0,19.878333666666666,124.23958541666666,26.5,102.62,34.14,125.75980392156865,-45.00750075,-45.0,42.0,43.0,124.23958541666666,123.37246287594465,0,0,92.5452999105663,92.5452999105663,91.89938568507047
1250,2020-08-09T17:17:17,2020-08-09T17:44:27,164,81.6,98.0,16.400000000000006,20.31319654166667,123.8609545223577,27.16666603088379,123.27,41.0,125.78571428571428,-44.86341926829269,-44.70001,42.0,43.0,123.8609545223577,123.44625284896895,0,0,92.26326009570607,92.26326009570607,91.95435138027159
1252,2020-08-10T05:51:13,2020-08-10T06:17:04,157,38.0,62.8,24.799999999999997,30.31148755694445,122.22374014896957,25.850000381469727,79.03,26.29,125.84394904458598,-70.35541738853503,-70.30002,36.732484076433124,39.0,122.22374014896957,123.37246287594465,0,0,91.04370921991276,91.04370921991276,91.89938568507047
1253,2020-08-10T06:17:15,2020-08-10T06:41:25,146,62.8,86.0,23.200000000000003,28.355831555555557,122.22341187739462,24.16666603088379,108.12,35.97,125.72093023255815,-70.40068047945205,-70.30002,38.6986301369863,40.0,122.22341187739462,123.32739379630803,0,0,91.04346469244389,91.04346469244389,91.86581400598223
1254,2020-08-10T06:41:36,2020-08-10T07:00:26,114,86.0,97.6,11.599999999999994,14.974027361111112,129.0864427681993,18.83333396911621,122.88,40.88,125.90163934426229,-47.79210385964913,-44.80002,39.13157894736842,41.0,129.0864427681993,123.32739379630803,0,0,96.15569401898989,96.15569401898989,91.86581400598223
1256,2020-08-10T13:50:04,2020-08-10T14:14:27,148,59.6,68.0,8.399999999999999,10.606754063888891,126.270881712963,24.383333206176758,85.48,28.43,125.70588235294117,-26.100010000000005,-26.10001,38.5,39.0,126.270881712963,123.37246287594465,0,0,94.05839997700254,94.05839997700254,91.89938568507047
1257,2020-08-10T14:14:38,2020-08-10T14:43:48,176,68.0,78.4,10.400000000000006,12.687504861111115,121.99523904914528,29.16666603088379,98.56,32.78,125.71428571428571,-26.10001,-26.10001,38.5,39.0,121.99523904914528,123.37246287594465,0,0,90.87350016180771,90.87350016180771,91.89938568507047
1258,2020-08-10T14:43:59,2020-08-10T15:13:59,181,78.4,88.8,10.399999999999991,13.050005000000006,125.48081730769248,30.0,111.72,37.16,125.8108108108108,-26.100010000000005,-26.10001,38.5,39.0,125.48081730769248,123.37246287594465,0,0,93.46988588071665,93.46988588071665,91.89938568507047
1259,2020-08-10T15:14:10,2020-08-10T15:35:00,126,88.8,96.0,7.200000000000003,9.062503472222227,125.86810378086423,20.83333396911621,120.77,40.17,125.80208333333333,-26.100010000000008,-26.10001,38.833333333333336,40.0,125.86810378086423,123.44625284896895,0,0,93.75837318281751,93.75837318281751,91.95435138027159
1260,2020-08-11T01:18:21,2020-08-11T01:43:11,150,28.4,52.0,23.6,29.023476097222222,122.98083092043314,24.83333396911621,65.35,21.74,125.6730769230769,-70.12334266666667,-70.0,36.95666666666666,39.0,122.98083092043314,123.44625284896895,0,0,91.60766146001109,91.60766146001109,91.95435138027159
1261,2020-08-11T01:43:22,2020-08-11T02:07:32,146,52.0,75.2,23.200000000000003,28.24792069444445,121.75827885536398,24.16666603088379,94.73,31.51,125.97074468085107,-70.13288671232877,-70.10001,39.342465753424655,41.0,121.75827885536398,123.37182686220365,0,0,90.69698997685491,90.69698997685491,91.89891192236263
1262,2020-08-11T02:07:43,2020-08-11T02:32:43,151,75.2,94.8,19.599999999999994,24.478616263888892,124.8908993055556,25.0,119.31,39.68,125.85443037974684,-58.74040973509935,-44.70001,40.0,41.0,124.8908993055556,123.44625284896895,0,0,93.03045960408102,93.03045960408102,91.95435138027159
1264,2020-08-11T11:15:32,2020-08-11T12:13:43,437,32.8,88.0,55.2,67.76204398194446,122.7573260542472,58.18333435058594,110.79,36.85,125.89772727272728,-69.76865226544622,0.0,38.54118993135011,41.0,122.7573260542472,123.44625284896895,0,0,91.44117406548801,91.44117406548801,91.95435138027159
1266,2020-08-11T20:16:18,2020-08-11T20:44:18,169,59.6,74.8,15.199999999999996,18.625412541666666,122.53560882675441,28.0,94.11,31.3,125.81550802139037,-39.91182550295858,-39.89999,37.0,38.0,122.53560882675441,123.37182686220365,0,0,91.27601827198755,91.27601827198755,91.89891192236263
1267,2020-08-11T20:44:29,2020-08-11T21:11:59,166,74.8,89.6,14.799999999999997,18.290829083333335,123.58668299549554,27.5,112.68,37.48,125.7589285714286,-39.90721963855421,-39.89999,37.0,38.0,123.58668299549554,123.37182686220365,0,0,92.0589569291649,92.0589569291649,91.89891192236263
1270,2020-08-12T16:23:08,2020-08-12T16:53:38,184,38.8,55.2,16.400000000000006,20.282494916666668,123.67374949186988,30.5,69.34,23.06,125.6159420289855,-39.89999,-39.89999,31.619565217391305,33.0,123.67374949186988,123.37182686220365,0,0,92.12381222461767,92.12381222461767,91.89891192236263
1271,2020-08-12T16:53:49,2020-08-12T17:16:18,136,55.2,67.6,12.399999999999991,14.951412919444442,120.57591064068106,22.483333587646484,85.03,28.29,125.78402366863907,-39.89999,-39.89999,32.5,33.0,120.57591064068106,123.32484738086686,0,0,89.81625119568804,89.81625119568804,91.86391719684599
1272,2020-08-12T17:16:29,2020-08-12T17:48:09,191,67.6,84.8,17.200000000000003,21.058328055555556,122.43213985788111,31.66666603088379,106.66,35.48,125.77830188679245,-39.899989999999995,-39.89999,32.94240837696335,34.0,122.43213985788111,123.32484738086686,0,0,91.19894487606706,91.19894487606706,91.86391719684599
1273,2020-08-12T17:48:20,2020-08-12T18:13:10,150,84.8,97.6,12.799999999999997,16.514162527777774,129.0168947482639,24.83333396911621,122.82,40.86,125.84016393442623,-39.899989999999995,-39.89999,33.11666666666667,34.0,129.0168947482639,123.37182686220365,0,0,96.10388812844765,96.10388812844765,91.89891192236263
1275,2020-08-13T01:14:21,2020-08-13T01:46:41,195,32.4,63.2,30.800000000000004,37.72583369444445,122.48647303391051,32.33333206176758,79.5,26.44,125.79113924050633,-70.00666733333333,-69.89999,34.34615384615385,37.0,122.48647303391051,123.32484738086686,0,0,91.239417323346,91.239417323346,91.86391719684599
1276,2020-08-13T01:46:52,2020-08-13T02:12:52,157,63.6,88.0,24.4,30.159583652777776,123.60485103597449,26.0,110.7,36.82,125.79545454545455,-69.52101987261146,-44.60001,36.59872611464968,38.0,123.60485103597449,123.37182686220365,0,0,92.07249019031732,92.07249019031732,91.89891192236263
1278,2020-08-13T05:34:47,2020-08-13T06:09:27,209,33.6,66.8,33.199999999999996,40.477642125,121.92060881024099,34.66666793823242,83.99,27.93,125.73353293413174,-70.0574218660287,-70.0,36.98803827751196,40.0,121.92060881024099,123.37182686220365,0,0,90.81790855774182,90.81790855774182,91.89891192236263
1279,2020-08-13T06:09:38,2020-08-13T06:37:48,170,66.8,91.6,24.799999999999997,30.516529902777773,123.0505238015233,28.16666603088379,115.28,38.35,125.85152838427949,-64.96059276470586,-44.60001,38.576470588235296,41.0,123.0505238015233,123.32484738086686,0,0,91.65957525673288,91.65957525673288,91.86391719684599
1283,2020-08-13T17:30:04,2020-08-13T18:02:24,195,23.2,40.4,17.2,21.540554055555557,125.23577939276487,32.33333206176758,50.75,16.88,125.61881188118812,-39.97179205128205,-39.89999,31.73076923076923,34.0,125.23577939276487,123.32484738086686,0,0,93.28735865116752,93.28735865116752,91.86391719684599
1284,2020-08-13T18:02:35,2020-08-13T18:35:25,198,40.4,58.8,18.4,21.865692125000002,118.8352832880435,32.83333206176758,73.95,24.6,125.76530612244899,-39.957571515151514,-39.89999,33.64141414141414,36.0,118.8352832880435,123.2065291596011,0,0,88.51966863029926,88.51966863029926,91.77578268452288
1285,2020-08-13T18:35:36,2020-08-13T19:09:36,205,58.8,77.6,18.799999999999997,22.643469902777777,120.44398884456267,34.0,97.6,32.47,125.77319587628867,-39.95902029268292,-39.89999,34.65121951219512,36.0,120.44398884456267,123.07032257077942,0,0,89.71798346446877,89.71798346446877,91.67432323768054
1286,2020-08-13T19:09:47,2020-08-13T19:40:57,188,77.6,94.4,16.80000000000001,20.761248347222224,123.578859209656,31.16666603088379,118.74,39.5,125.78389830508473,-39.968081914893624,-39.89999,35.0,36.0,123.578859209656,123.07032257077942,0,0,92.05312903941038,92.05312903941038,91.67432323768054
1289,2020-08-14T13:40:21,2020-08-14T14:12:11,192,30.8,52.8,21.999999999999996,26.709309458333337,121.40595208333336,31.83333396911621,66.39,22.08,125.73863636363636,-50.34219484375001,-50.30002,33.880208333333336,36.0,121.40595208333336,123.04869940076165,0,0,90.43454394023345,90.43454394023345,91.65821627187248
1290,2020-08-14T14:12:22,2020-08-14T14:37:39,153,52.8,70.4,17.60000000000001,21.218223830555555,120.55808994633833,25.28333282470703,88.52,29.44,125.73863636363635,-50.35294503267975,-50.20001,35.630718954248366,37.0,120.55808994633833,123.0452204383433,0,0,89.80297667052739,89.80297667052739,91.65562481425209
1291,2020-08-14T14:37:50,2020-08-14T15:12:30,209,70.4,93.6,23.19999999999999,28.500280597222222,122.8460370569924,34.66666793823242,117.76,39.17,125.81196581196582,-49.319622057416275,-44.89999,36.0,37.0,122.8460370569924,123.01037399779824,0,0,91.50725434358044,91.50725434358044,91.62966791589119
1294,2020-08-15T01:25:20,2020-08-15T01:54:10,174,19.6,46.8,27.199999999999996,33.71042147222222,123.93537305964054,28.83333396911621,58.82,19.56,125.6837606837607,-70.14886057471266,-70.10001,34.66379310344828,37.0,123.93537305964054,123.0452204383433,0,0,92.31869400454157,92.31869400454157,91.65562481425209
1295,2020-08-15T01:54:21,2020-08-15T02:19:01,149,47.2,70.8,23.599999999999994,28.840698555555555,122.20634981167612,24.66666603088379,89.11,29.64,125.86158192090396,-70.1530301342282,-70.10001,37.624161073825505,39.0,122.20634981167612,123.0452204383433,0,0,91.03075526506036,91.03075526506036,91.65562481425209
1296,2020-08-15T02:19:12,2020-08-15T02:47:52,173,70.8,94.4,23.60000000000001,29.05347843055557,123.10795945150659,28.66666603088379,118.75,39.5,125.79449152542372,-60.79018641618496,-44.80002,38.90462427745665,40.0,123.10795945150659,123.0452204383433,0,0,91.70235871770014,91.70235871770014,91.65562481425209
1298,2020-08-15T06:42:52,2020-08-15T07:30:01,284,61.6,90.0,28.4,35.38097406944445,124.5808946107199,47.150001525878906,113.19,37.65,125.76666666666667,-45.02359390845071,-45.0,36.5,38.0,124.5808946107199,123.07032257077942,0,0,92.79953902139366,92.79953902139366,91.67432323768054
1301,2020-08-15T15:41:22,2020-08-15T16:12:02,185,28.8,60.0,31.2,37.848336152777776,121.30876972044159,30.66666603088379,75.52,25.12,125.86666666666666,-74.05135686486486,-73.80002,38.19189189189189,41.0,121.30876972044159,123.07032257077942,0,0,90.36215339828442,90.36215339828442,91.67432323768054
1302,2020-08-15T16:12:13,2020-08-15T16:38:43,160,60.0,86.8,26.799999999999997,32.70569648611111,122.03618091832504,26.5,109.2,36.32,125.80645161290323,-74.0518796875,-73.80002,40.665625,42.0,122.03618091832504,123.01567736097822,0,0,90.90399750731505,90.90399750731505,91.63361835837199
1304,2020-08-16T01:32:51,2020-08-16T01:51:51,115,43.2,61.2,18.0,22.205697319444443,123.36498510802468,19.0,77.0,25.61,125.81699346405229,-70.12261773913045,-70.0,36.21739130434783,38.0,123.36498510802468,123.07032257077942,0,0,91.89381554192732,91.89381554192732,91.67432323768054
1305,2020-08-16T01:52:02,2020-08-16T02:18:02,157,61.6,86.0,24.4,30.41430997222222,124.64881136156647,26.0,108.3,36.02,125.93023255813954,-70.18663439490444,-70.10001,37.68789808917197,39.0,124.64881136156647,123.07032257077942,0,0,92.85012978966584,92.85012978966584,91.67432323768054
1306,2020-08-16T02:18:13,2020-08-16T02:36:53,113,86.0,97.6,11.599999999999994,14.70722555555556,126.78642720306524,18.66666603088379,122.82,40.86,125.84016393442623,-47.36284256637168,-44.60001,38.0,39.0,126.78642720306524,123.09904039577107,0,0,94.44242662872583,94.44242662872583,91.69571496816417
1307,2020-08-16T08:44:38,2020-08-16T09:04:48,122,83.6,97.2,13.600000000000009,16.909030486111114,124.3311065155228,20.16666603088379,122.27,40.67,125.79218106995884,-50.365581803278694,-44.5,32.5,34.0,124.3311065155228,123.23647227976564,0,0,92.61347341189747,92.61347341189747,91.79808712981372
1309,2020-08-16T15:18:44,2020-08-16T16:19:02,453,37.2,86.0,48.8,60.27341865277778,123.51110379667578,60.29999923706055,108.17,35.98,125.77906976744187,-59.973511898454746,-59.70001,39.35320088300221,41.0,123.51110379667578,123.39094052493249,0,0,92.00265845071847,92.00265845071847,91.9131495716891
1310,2020-08-17T01:01:44,2020-08-17T01:28:24,161,14.0,38.8,24.799999999999997,31.554722138888888,127.23678281810037,26.66666603088379,48.78,16.22,125.7216494845361,-70.99813645962733,-70.89999,35.52795031055901,38.0,127.23678281810037,123.46399986925803,0,0,94.77789374510466,94.77789374510466,91.96757102608467
1311,2020-08-17T01:28:35,2020-08-17T01:54:32,157,39.2,64.4,25.200000000000003,30.70861122222222,121.85956834215166,25.950000762939453,81.02,26.95,125.80745341614906,-71.00254802547771,-70.89999,38.095541401273884,40.0,121.85956834215166,123.43804445235023,0,0,90.77243989002964,90.77243989002964,91.94823699632289
1312,2020-08-17T01:54:43,2020-08-17T02:16:33,132,64.8,85.6,20.799999999999997,25.85236273611111,124.29020546207268,21.83333396911621,107.74,35.84,125.8644859813084,-71.04470143939395,-71.0,39.47727272727273,41.0,124.29020546207268,123.43804445235023,0,0,92.58300646977507,92.58300646977507,91.94823699632289
1314,2020-08-17T12:09:05,2020-08-17T12:42:15,200,60.0,82.4,22.400000000000006,27.376668083333335,122.21726822916665,33.16666793823242,103.63,34.47,125.7645631067961,-49.52550255,-49.5,34.8225,36.0,122.21726822916665,123.23647227976564,0,0,91.0388883268202,91.0388883268202,91.79808712981372
1315,2020-08-17T12:42:26,2020-08-17T13:06:56,148,82.4,97.6,15.199999999999989,19.038753375,125.25495641447377,24.5,122.84,40.86,125.86065573770493,-46.62703527027028,-44.20001,35.2027027027027,36.0,125.25495641447377,123.23647227976564,0,0,93.30164349620696,93.30164349620696,91.79808712981372
1316,2020-08-17T19:54:46,2020-08-17T20:16:46,133,62.0,82.8,20.799999999999997,25.68139036111111,123.46822288995727,22.0,104.25,34.67,125.90579710144928,-70.03985360902254,-69.89999,35.75187969924812,37.0,123.46822288995727,123.41660399899098,0,0,91.97071672812343,91.97071672812343,91.93226613502537
1317,2020-08-17T20:16:57,2020-08-17T20:40:07,140,82.8,97.6,14.799999999999997,18.647919472222227,125.99945589339346,23.16666603088379,122.85,40.86,125.87090163934425,-48.250007214285716,-13.5,36.0,37.0,125.99945589339346,123.41660399899098,0,0,93.85621656024941,93.85621656024941,91.93226613502537
1319,2020-08-18T15:44:11,2020-08-18T16:14:11,181,41.2,59.6,18.4,22.5,122.28260869565217,30.0,74.91,24.91,125.68791946308725,-45.0,-45.0,37.56077348066298,39.0,122.28260869565217,123.23647227976564,0,0,91.08756003678221,91.08756003678221,91.79808712981372
1320,2020-08-18T16:14:22,2020-08-18T16:43:12,174,59.6,77.2,17.6,21.625,122.86931818181817,28.83333396911621,97.07999,32.29,125.75128238341968,-45.0,-45.0,38.5,39.0,122.86931818181817,123.23647227976564,0,0,91.52459630968595,91.52459630968595,91.79808712981372
1321,2020-08-18T16:43:23,2020-08-18T17:10:33,164,77.6,93.6,16.0,20.343751041666668,127.14844401041667,27.16666603088379,117.82,39.19,125.87606837606837,-44.93049012195122,-44.70001,38.89329268292683,40.0,127.14844401041667,123.23647227976564,0,0,94.71209071281498,94.71209071281498,91.79808712981372
1324,2020-08-18T23:48:39,2020-08-19T00:20:29,192,46.0,65.2,19.200000000000003,23.417503611111105,121.96616464120365,31.83333396911621,81.93,27.25,125.65950920245399,-44.138027656249996,-43.10001,34.192708333333336,36.0,121.96616464120365,123.07924162651494,0,0,90.85184281488678,90.85184281488678,91.68096698721651
1325,2020-08-19T00:20:40,2020-08-19T00:52:10,190,65.2,83.2,18.0,22.10889173611111,122.82717631172841,31.5,104.6,34.8,125.72115384615383,-42.11211068421053,-41.20001,34.51578947368421,37.0,122.82717631172841,123.07924162651494,0,0,91.49320509091159,91.49320509091159,91.68096698721651
1326,2020-08-19T00:52:21,2020-08-19T01:10:01,107,83.2,92.8,9.599999999999994,12.000139902777779,125.00145732060193,17.66666603088379,116.77,38.84,125.82974137931035,-40.755143738317756,-40.30002,35.345794392523366,37.0,125.00145732060193,123.23647227976564,0,0,93.11281358671599,93.11281358671599,91.79808712981372
1330,2020-08-19T07:20:41,2020-08-19T07:41:11,124,72.8,90.0,17.200000000000003,21.3348651388889,124.03991359819125,20.5,113.21,37.66,125.78888888888888,-62.403237580645154,-44.70001,30.870967741935484,33.0,124.03991359819125,123.23647227976564,0,0,92.39656560609707,92.39656560609707,91.79808712981372
1331,2020-08-19T07:41:22,2020-08-19T07:58:32,104,90.0,97.6,7.599999999999994,9.182365638888887,120.82060051169599,17.16666603088379,122.77,40.84,125.7889344262295,-32.0644389423077,-13.30002,31.317307692307693,33.0,120.82060051169599,123.07924162651494,0,0,89.99851916947601,89.99851916947601,91.68096698721651
1333,2020-08-19T16:37:42,2020-08-19T17:09:22,191,35.6,46.8,11.199999999999996,13.722222222222221,122.51984126984131,31.66666603088379,58.75,19.55,125.53418803418805,-26.0,-26.0,29.858638743455497,32.0,122.51984126984131,123.07924162651494,0,0,91.26427311621866,91.26427311621866,91.68096698721651
1334,2020-08-19T17:09:33,2020-08-19T17:38:43,176,46.8,57.6,10.800000000000004,12.63888888888889,117.02674897119337,29.16666603088379,72.37,24.07,125.6423611111111,-26.0,-26.0,30.84659090909091,32.0,117.02674897119337,123.01567736097822,0,0,87.17250258664154,87.17250258664154,91.63361835837199
1338,2020-08-19T17:52:24,2020-08-19T18:12:14,120,59.2,72.4,13.200000000000003,16.551113444444443,125.38722306397302,19.83333396911621,91.1,30.3,125.82872928176793,-50.07084041666666,-50.0,31.641666666666666,33.0,125.38722306397302,123.01567736097822,0,0,93.40016810657991,93.40016810657991,91.63361835837199
1339,2020-08-19T18:12:25,2020-08-19T18:42:05,179,72.4,92.0,19.599999999999994,24.106671861111117,122.9932237811792,29.66666603088379,115.7,38.48,125.76086956521739,-48.747496536312845,-44.80002,32.29608938547486,34.0,122.9932237811792,123.02187379135125,0,0,91.61689282544626,91.61689282544626,91.63823404108956
1342,2020-08-20T00:51:40,2020-08-20T01:20:30,174,52.0,69.6,17.599999999999994,21.63055611111111,122.90088699494954,28.83333396911621,87.46,29.09,125.66091954022988,-45.011495402298856,-45.0,33.38793103448276,35.0,122.90088699494954,123.02187379135125,0,0,91.54811172362801,91.54811172362801,91.63823404108956
1343,2020-08-20T01:20:41,2020-08-20T01:48:51,170,69.6,86.8,17.200000000000003,21.130833916666667,122.85368556201547,28.16666603088379,109.25,36.34,125.86405529953917,-45.012354176470595,-45.0,33.88529411764706,35.0,122.85368556201547,122.94705538806437,0,0,91.51295166773727,91.51295166773727,91.58250227453713
1344,2020-08-20T01:49:02,2020-08-20T02:08:22,117,86.8,97.6,10.799999999999997,13.696669361111118,126.82101260288076,19.33333396911621,122.87,40.87,125.89139344262296,-42.39488017094016,-13.80002,34.06837606837607,36.0,126.82101260288076,123.02187379135125,0,0,94.46818907945938,94.46818907945938,91.63823404108956
1345,2020-08-20T09:24:14,2020-08-20T09:57:24,200,64.4,92.8,28.39999999999999,35.21736531944445,124.00480746283259,33.16666793823242,116.82,38.86,125.88362068965517,-63.6780076,-44.5,32.7525,34.0,124.00480746283259,123.07924162651494,0,0,92.37041526267333,92.37041526267333,91.68096698721651
1348,2020-08-20T20:28:07,2020-08-20T20:53:37,154,50.4,74.4,24.000000000000007,29.823059833333335,124.26274930555553,25.5,93.54,31.12,125.7258064516129,-70.17208798701299,-69.89999,34.66558441558441,36.0,124.26274930555553,123.07924162651494,0,0,92.56255454834643,92.56255454834643,91.68096698721651
1349,2020-08-20T20:53:48,2020-08-20T21:26:08,195,74.4,97.6,23.19999999999999,28.830282055555557,124.2684571360154,32.33333206176758,122.8,40.85,125.81967213114754,-53.44000794871795,-13.5,35.65384615384615,37.0,124.2684571360154,123.07924162651494,0,0,92.56680627600613,92.56680627600613,91.68096698721651
1350,2020-08-21T10:28:37,2020-08-21T12:28:10,897,24.8,97.6,72.8,89.57641895833333,123.04453153617217,119.55000305175781,122.76,40.83,125.77868852459017,-44.94492868450391,-23.89999,35.8288740245262,38.0,123.04453153617217,123.07924162651494,0,0,91.65511165527927,91.65511165527927,91.68096698721651
1351,2020-08-21T23:59:13,2020-08-22T00:23:33,147,10.0,33.2,23.200000000000003,28.629725222222223,123.4039880268199,24.33333396911621,41.63,13.85,125.39156626506025,-70.5938849659864,-70.5,34.81972789115646,37.0,123.4039880268199,123.23647227976564,0,0,91.92286857526759,91.92286857526759,91.79808712981372
1352,2020-08-22T00:23:44,2020-08-22T00:58:14,208,33.6,66.8,33.199999999999996,40.60486611111112,122.30381358768412,34.5,84.02,27.95,125.77844311377247,-70.61731639423077,-70.5,37.49759615384615,40.0,122.30381358768412,123.07924162651494,0,0,91.10335542990175,91.10335542990175,91.68096698721651
1353,2020-08-22T00:58:25,2020-08-22T01:30:15,192,66.8,93.6,26.799999999999997,33.119727222222224,123.58107172470982,31.83333396911621,117.81,39.19,125.86538461538463,-62.401051093750006,-45.0,39.401041666666664,41.0,123.58107172470982,123.23647227976564,0,0,92.05477712821015,92.05477712821015,91.79808712981372
1355,2020-08-22T23:16:31,2020-08-22T23:35:01,112,60.0,71.2,11.200000000000003,13.908197527777777,124.1803350694444,18.5,89.6,29.8,125.84269662921346,-45.10804571428571,-45.10001,31.424107142857142,32.0,124.1803350694444,123.23647227976564,0,0,92.50116469283277,92.50116469283277,91.79808712981372
1356,2020-08-22T23:35:12,2020-08-23T00:01:02,156,71.2,86.8,15.599999999999994,19.418059861111114,124.47474269943027,25.83333396911621,109.25,36.34,125.86405529953917,-45.10001,-45.10001,31.548076923076923,33.0,124.47474269943027,123.3844865674223,0,0,92.72046711823627,92.72046711823627,91.90834205859746
1357,2020-08-23T00:01:13,2020-08-23T00:19:33,111,86.8,97.6,10.799999999999997,13.497505222222223,124.97690020576135,18.33333396911621,122.77,40.84,125.7889344262295,-44.040557567567554,-13.70001,32.22522522522522,33.0,124.97690020576135,123.4361054583886,0,0,93.0945211435286,93.0945211435286,91.94679265169552
1359,2020-08-23T05:32:16,2020-08-23T06:02:26,182,60.4,88.4,28.000000000000007,34.780142722222216,124.21479543650788,30.16666603088379,111.26,37.01,125.85972850678733,-69.11099664835164,-44.60001,33.92307692307692,36.0,124.21479543650788,123.4361054583886,0,0,92.5268340074415,92.5268340074415,91.94679265169552
1360,2020-08-23T06:02:37,2020-08-23T06:19:17,101,88.4,97.6,9.199999999999989,11.842641694444449,128.72436624396155,16.66666603088379,122.8,40.85,125.81967213114754,-42.500010099009906,-13.5,34.386138613861384,36.0,128.72436624396155,123.48966334331652,0,0,95.8859854521609,95.8859854521609,91.98668758942095
1361,2020-08-23T19:58:16,2020-08-23T20:20:06,132,51.2,64.0,12.799999999999997,16.045280166666668,125.35375130208337,21.83333396911621,80.48,26.77,125.75,-44.09470356060606,-43.20001,37.29545454545455,38.0,125.35375130208337,123.5449815031659,0,0,93.37523519785984,93.37523519785984,92.02789374506443
1362,2020-08-23T20:20:17,2020-08-23T20:55:17,211,64.0,84.0,20.0,24.718476597222228,123.59238298611113,35.0,105.67,35.15,125.79761904761905,-42.37441507109005,-41.39999,37.661137440758296,39.0,123.59238298611113,123.5460877606928,0,0,92.06320281697303,92.06320281697303,92.02871778946431
1367,2020-08-24T03:26:24,2020-08-24T03:59:34,200,52.4,84.0,31.6,38.73889250000001,122.59143196202535,33.16666793823242,105.64,35.13,125.76190476190477,-70.0800065,-69.70001,37.685,40.0,122.59143196202535,123.5460877606928,0,0,91.31760058070397,91.31760058070397,92.02871778946431
1368,2020-08-24T03:59:45,2020-08-24T04:16:55,104,84.0,95.6,11.599999999999994,14.358752069444444,123.78234542624527,17.16666603088379,120.31,40.02,125.84728033472804,-50.25481490384617,-44.39999,38.5,40.0,123.78234542624527,123.58672735541047,0,0,92.20470466547806,92.20470466547806,92.05898997259159
1370,2020-08-24T17:45:10,2020-08-24T18:15:10,181,24.0,44.4,20.4,25.04250425,122.75737377450982,30.0,55.76,18.55,125.58558558558558,-50.08509138121548,-50.0,41.386740331491715,43.0,122.75737377450982,123.58672735541047,0,0,91.44120961201693,91.44120961201693,92.05898997259159
1371,2020-08-24T18:15:21,2020-08-24T18:42:21,163,44.4,63.2,18.800000000000004,22.527919458333336,119.82935882092197,27.0,79.47,26.44,125.74367088607595,-50.06196938650307,-50.0,43.01840490797546,44.0,119.82935882092197,123.5460877606928,0,0,89.26014935562895,89.26014935562895,92.02871778946431
1372,2020-08-24T18:42:32,2020-08-24T19:10:32,169,63.2,82.0,18.799999999999997,23.35750241666667,124.24203413120571,28.0,103.16,34.32,125.8048780487805,-50.051484437869824,-50.0,43.42011834319526,45.0,124.24203413120571,123.58672735541047,0,0,92.54712394290394,92.54712394290394,92.05898997259159
1373,2020-08-24T19:10:43,2020-08-24T19:36:13,154,82.4,97.6,15.199999999999989,19.483754125,128.18259292763167,25.5,122.84,40.86,125.86065573770493,-45.85390577922078,-44.70001,43.5,45.0,128.18259292763167,123.6873642061782,0,0,95.48242185465581,95.48242185465581,92.13395374122555
1375,2020-08-25T02:17:42,2020-08-25T02:48:32,186,36.0,67.2,31.200000000000003,38.06333625,121.99787259615383,30.83333396911621,84.50999,28.11,125.75891369047619,-74.06936053763441,-73.80002,40.71236559139785,43.0,121.99787259615383,123.58672735541047,0,0,90.87546187471038,90.87546187471038,92.05898997259159
1376,2020-08-25T02:48:43,2020-08-25T03:16:33,168,67.2,92.0,24.799999999999997,30.705141444444443,123.81105421146954,27.83333396911621,115.74,38.5,125.80434782608694,-66.14941023809524,-44.39999,42.42261904761905,44.0,123.81105421146954,123.6873642061782,0,0,92.2260896622948,92.2260896622948,92.13395374122555
1379,2020-08-25T08:22:00,2020-08-25T08:56:00,205,47.2,68.0,20.799999999999997,25.38667800000001,122.05133653846161,34.0,85.53,28.45,125.77941176470587,-44.80002,-44.80002,39.60243902439024,42.0,122.05133653846161,123.6873642061782,0,0,90.91528683515823,90.91528683515823,92.13395374122555
1380,2020-08-25T08:56:11,2020-08-25T09:28:41,196,68.0,87.6,19.599999999999994,24.267510583333344,123.8138295068028,32.5,110.27,36.68,125.87899543378997,-44.80155015306122,-44.80002,39.60204081632653,42.0,123.8138295068028,123.7966998188574,0,0,92.22815696264915,92.22815696264915,92.21539716388642
1381,2020-08-25T09:28:52,2020-08-25T09:46:12,105,87.6,97.6,10.0,12.879584527777778,128.79584527777777,17.33333396911621,122.77,40.84,125.7889344262295,-44.58381371428571,-44.5,39.5,41.0,128.79584527777777,123.7966998188574,0,0,95.93922974301759,95.93922974301759,92.21539716388642
1382,2020-08-25T18:16:40,2020-08-25T18:35:30,114,54.0,71.6,17.599999999999994,22.058614444444444,125.33303661616166,18.83333396911621,90.13,29.97,125.87988826815642,-70.27544912280702,-70.10001,40.1140350877193,41.0,125.33303661616166,123.7966998188574,0,0,93.35980495624445,93.35980495624445,92.21539716388642
1383,2020-08-25T18:35:41,2020-08-25T19:03:31,168,72.0,94.4,22.400000000000006,28.01514405555556,125.067607390873,27.83333396911621,118.82,39.53,125.8686440677966,-60.375011071428574,-44.70001,40.93452380952381,42.0,125.067607390873,123.7966998188574,0,0,93.16208836553797,93.16208836553797,92.21539716388642
1386,2020-08-26T00:31:49,2020-08-26T01:00:39,174,57.2,84.4,27.200000000000003,33.87694422222222,124.54758905228756,28.83333396911621,106.23,35.34,125.8649289099526,-70.49540183908046,-70.39999,38.87643678160919,41.0,124.54758905228756,123.81244185913617,0,0,92.77472991660251,92.77472991660251,92.22712331247197
1387,2020-08-26T01:00:50,2020-08-26T01:21:20,124,84.8,98.0,13.200000000000003,16.565835986111118,125.49875747053873,20.5,123.27,41.0,125.78571428571428,-48.43468508064516,-13.89999,39.100806451612904,41.0,125.49875747053873,123.81244185913617,0,0,93.48324939722777,93.48324939722777,92.22712331247197
1389,2020-08-26T12:25:21,2020-08-26T12:51:21,157,12.0,21.2,9.2,11.266666666666667,122.46376811594205,26.0,26.46,8.8,124.81132075471699,-26.0,-26.0,36.97452229299363,38.0,122.46376811594205,123.81244185913617,0,0,91.22250457017003,91.22250457017003,92.22712331247197
1390,2020-08-26T12:51:32,2020-08-26T13:19:22,168,21.2,31.2,10.0,12.061111111111112,120.61111111111111,27.83333396911621,39.14,13.02,125.44871794871796,-26.0,-26.0,37.223214285714285,38.0,120.61111111111111,123.7966998188574,0,0,89.84247180872387,89.84247180872387,92.21539716388642
1391,2020-08-26T13:19:33,2020-08-26T13:54:23,210,31.2,43.2,12.000000000000004,15.094444444444445,125.78703703703701,34.83333206176758,54.2,18.03,125.46296296296296,-26.0,-26.0,38.17142857142857,39.0,125.78703703703701,123.81244185913617,0,0,93.69798706598445,93.69798706598445,92.22712331247197
1392,2020-08-26T13:54:34,2020-08-26T14:26:24,192,43.2,54.8,11.599999999999994,13.794444444444444,118.91762452107287,31.83333396911621,68.88,22.91,125.69343065693431,-26.0,-26.0,39.346354166666664,41.0,118.91762452107287,123.7966998188574,0,0,88.58100410626815,88.58100410626815,92.21539716388642
1394,2020-08-26T16:49:48,2020-08-26T17:14:58,152,40.8,65.2,24.400000000000006,29.893615930555566,122.51481938752278,25.16666603088379,81.98,27.27,125.7361963190184,-71.2684325,-70.80002,40.56578947368421,43.0,122.51481938752278,123.7966998188574,0,0,91.26053234709323,91.26053234709323,92.21539716388642
1395,2020-08-26T17:15:09,2020-08-26T17:38:59,144,65.2,88.0,22.799999999999997,28.305557958333335,124.1471840277778,23.83333396911621,110.67,36.81,125.76136363636364,-71.17153375000001,-46.0,42.010416666666664,44.0,124.1471840277778,123.7966998188574,0,0,92.47647068662617,92.47647068662617,92.21539716388642
1396,2020-08-26T23:08:31,2020-08-26T23:33:11,149,50.8,74.0,23.200000000000003,29.191668361111105,125.82615672892716,24.66666603088379,93.05,30.95,125.74324324324324,-71.0060444295302,-70.60001,35.40939597315436,38.0,125.82615672892716,123.81244185913617,0,0,93.72712708288196,93.72712708288196,92.22712331247197
1397,2020-08-26T23:33:22,2020-08-26T23:58:12,150,74.4,94.0,19.599999999999994,24.682087513888888,125.92901792800455,24.83333396911621,118.28,39.35,125.82978723404256,-59.47401006666667,0.0,36.336666666666666,38.0,125.92901792800455,123.9093184848177,0,0,93.8037477548349,93.8037477548349,92.29928611266124
1399,2020-08-27T15:00:13,2020-08-27T15:24:53,149,60.0,83.6,23.599999999999994,29.093201208333344,123.27627630649725,24.66666603088379,105.23,35.01,125.8732057416268,-70.76713053691275,-70.70001,36.83221476510067,38.0,123.27627630649725,123.81244185913617,0,0,91.82773690350842,91.82773690350842,92.22712331247197
1401,2020-08-27T21:46:30,2020-08-27T22:16:30,181,45.6,61.6,16.0,19.989721194444446,124.93575746527779,30.0,77.38,25.74,125.61688311688312,-39.97900342541436,-39.89999,37.48618784530387,39.0,124.93575746527779,123.9093184848177,0,0,93.06387417022758,93.06387417022758,92.29928611266124
1402,2020-08-27T22:16:41,2020-08-27T22:46:51,182,62.0,78.0,16.0,20.097081930555554,125.6067620659722,30.16666603088379,98.07999,32.63,125.74357692307692,-39.97197521978022,-39.89999,38.0,39.0,125.6067620659722,124.02236053051192,0,0,93.56370135336228,93.56370135336228,92.38349043438521
1403,2020-08-27T22:47:02,2020-08-27T23:16:22,177,78.4,94.0,15.599999999999994,19.539026125000003,125.25016746794878,29.33333396911621,118.29,39.35,125.8404255319149,-39.96609830508475,-39.89999,38.0,39.0,125.25016746794878,124.02236053051192,0,0,93.2980762395156,93.2980762395156,92.38349043438521
1406,2020-08-28T03:46:01,2020-08-28T04:18:21,195,53.6,75.2,21.6,27.24583652777778,126.13813207304526,32.33333206176758,94.57,31.45,125.75797872340425,-50.55898025641026,-50.5,36.95384615384615,39.0,126.13813207304526,124.07599574530519,0,0,93.95951559004966,93.95951559004966,92.42344297464976
1407,2020-08-28T04:18:32,2020-08-28T04:47:22,174,75.6,94.4,18.80000000000001,23.56000494444444,125.31917523640652,28.83333396911621,118.75,39.5,125.79449152542372,-49.020125229885046,-45.20001,37.5,39.0,125.31917523640652,124.1637595486111,0,0,93.34947970006854,93.34947970006854,92.48881768972947
1409,2020-08-28T16:12:21,2020-08-28T16:41:21,175,24.0,34.4,10.399999999999999,12.605421500000006,121.20597596153854,29.0,43.15,14.35,125.43604651162791,-26.06058142857144,-19.20001,38.01714285714286,39.0,121.20597596153854,124.1637595486111,0,0,90.28558296210088,90.28558296210088,92.48881768972947
1410,2020-08-28T16:41:32,2020-08-28T17:12:42,188,34.4,45.6,11.200000000000003,13.557505194444449,121.0491535218254,31.16666603088379,57.21,19.03,125.46052631578947,-26.100010000000005,-26.10001,38.70744680851064,40.0,121.0491535218254,124.1637595486111,0,0,90.16876689524676,90.16876689524676,92.48881768972947
1411,2020-08-28T17:12:53,2020-08-28T17:43:43,186,45.6,56.8,11.199999999999996,13.412505138888895,119.75451016865088,30.83333396911621,71.37,23.74,125.65140845070424,-26.100010000000005,-26.10001,39.56182795698925,41.0,119.75451016865088,124.07599574530519,0,0,89.204395056795,89.204395056795,92.42344297464976
1412,2020-08-28T17:43:54,2020-08-28T18:07:24,142,56.8,65.2,8.400000000000006,10.222503916666671,121.69647519841266,23.5,81.93999,27.26,125.67483128834354,-26.100010000000005,-26.10001,40.0,41.0,121.69647519841266,124.07599574530519,0,0,90.65095281447265,90.65095281447265,92.42344297464976
1413,2020-08-28T20:26:58,2020-08-28T21:07:14,304,46.8,60.8,14.0,17.45255592222222,124.6611137301587,40.266666412353516,76.4,25.41,125.65789473684212,-26.005592664473685,-26.0,38.828947368421055,40.0,124.6611137301587,124.1637595486111,0,0,92.85929374805445,92.85929374805445,92.48881768972947
1414,2020-08-28T21:22:16,2020-08-28T21:51:45,222,60.8,78.8,18.0,22.11219933611111,122.84555186728396,29.483333587646484,99.07999,32.96,125.73602791878173,-45.000009954954955,-22.5,39.0,40.0,122.84555186728396,124.1637595486111,0,0,91.50689292876302,91.50689292876302,92.48881768972947
1415,2020-08-29T08:07:25,2020-08-29T09:54:02,800,32.8,97.6,64.8,79.97156515,123.41290918209877,106.61666870117188,122.77,40.84,125.7889344262295,-45.0051304125,-44.70001,34.754375,37.0,123.41290918209877,124.07599574530519,0,0,91.92951388874046,91.92951388874046,92.42344297464976
1416,2020-08-29T15:49:53,2020-08-29T16:09:51,121,49.6,68.4,18.800000000000004,23.32261319166667,124.0564531471631,19.96666717529297,86.09,28.64,125.8625730994152,-70.0851302479339,-69.80002,40.21487603305785,42.0,124.0564531471631,124.10181858747045,0,0,92.40888581398292,92.40888581398292,92.44267825030454
1417,2020-08-29T16:10:02,2020-08-29T16:36:12,158,68.8,91.2,22.400000000000006,28.181669611111115,125.81102504960316,26.16666603088379,114.69,38.15,125.75657894736841,-64.57469031645569,-44.5,41.30696202531646,43.0,125.81102504960316,124.10181858747045,0,0,93.71585558840222,93.71585558840222,92.44267825030454
1419,2020-08-30T01:50:27,2020-08-30T02:17:37,164,25.6,43.6,18.0,22.641111319444445,125.78395177469136,27.16666603088379,54.71,18.19,125.48165137614679,-50.00548829268293,-50.0,35.96951219512195,38.0,125.78395177469136,124.10181858747045,0,0,93.69568887311682,93.69568887311682,92.44267825030454
1420,2020-08-30T02:17:48,2020-08-30T02:49:38,192,44.0,65.6,21.599999999999994,26.52777777777778,122.8137860082305,31.83333396911621,82.50999,27.44,125.77742378048782,-50.0,-50.0,37.994791666666664,40.0,122.8137860082305,124.10181858747045,0,0,91.48323073653049,91.48323073653049,92.44267825030454
1421,2020-08-30T02:49:49,2020-08-30T03:17:59,170,65.6,84.8,19.200000000000003,23.47222222222222,122.25115740740738,28.16666603088379,106.69,35.49,125.81367924528303,-50.0,-50.0,38.5,40.0,122.25115740740738,124.10181858747045,0,0,91.06413216640235,91.06413216640235,92.44267825030454
1422,2020-08-30T03:18:10,2020-08-30T03:39:10,127,84.8,98.0,13.200000000000003,16.315141152777777,123.5995541877104,21.0,123.27,41.0,125.78571428571428,-46.62047889763778,-44.70001,38.59055118110236,41.0,123.5995541877104,124.10181858747045,0,0,92.06854460075714,92.06854460075714,92.44267825030454
1424,2020-08-30T15:47:51,2020-08-30T16:17:51,181,26.4,55.6,29.200000000000003,35.729303486111114,122.36062837709284,30.0,69.99,23.28,125.88129496402875,-71.4585593922652,-71.39999,40.37845303867403,43.0,122.36062837709284,124.10181858747045,0,0,91.14567641566126,91.14567641566126,92.44267825030454
1425,2020-08-30T16:18:02,2020-08-30T16:48:12,182,55.6,85.2,29.6,35.92985923611111,121.38465958145645,30.16666603088379,107.25,35.67,125.88028169014085,-71.46263362637363,-71.39999,42.964285714285715,44.0,121.38465958145645,123.93514132698294,0,0,90.41868328708142,90.41868328708142,92.31852138831604
1428,2020-08-31T00:02:36,2020-08-31T00:30:56,171,49.6,66.4,16.800000000000004,21.174722694444448,126.04001603835978,28.33333396911621,83.52,27.78,125.78313253012047,-44.84152146198831,-44.70001,39.25730994152047,41.0,126.04001603835978,123.93514132698294,0,0,93.88642956174756,93.88642956174756,92.31852138831604
1429,2020-08-31T00:31:07,2020-08-31T01:03:37,196,66.8,86.4,19.60000000000001,24.293472097222224,123.94628621031741,32.5,108.71,36.16,125.82175925925924,-44.84948959183673,-44.60001,39.61734693877551,41.0,123.94628621031741,123.88005785856011,0,0,92.32682314308443,92.32682314308443,92.2774900528668
1431,2020-08-31T06:46:14,2020-08-31T09:39:49,1308,45.6,98.0,52.4,65.26424337611111,124.55008277883799,173.5833282470703,123.27,41.0,125.78571428571428,-22.544043926605504,0.0,33.56269113149847,36.0,124.55008277883799,123.88005785856011,0,0,92.77658747810942,92.77658747810942,92.2774900528668
1432,2020-08-31T15:04:38,2020-08-31T15:24:08,118,59.6,78.0,18.4,22.756946222222226,123.67905555555558,19.5,98.14,32.64,125.82051282051282,-70.02119186440679,-69.70001,36.99576271186441,38.0,123.67905555555558,123.81244185913617,0,0,92.12776467868848,92.12776467868848,92.22712331247197
1436,2020-08-31T22:24:42,2020-08-31T22:54:52,182,56.8,75.2,18.400000000000006,22.578884277777778,122.71132759661832,30.16666603088379,94.57,31.45,125.75797872340425,-44.90823258241758,-44.89999,36.857142857142854,38.0,122.71132759661832,123.7966998188574,0,0,91.4069100984729,91.4069100984729,92.21539716388642
1437,2020-08-31T22:55:03,2020-08-31T23:22:53,168,75.2,92.0,16.799999999999997,20.828192722222216,123.97733763227511,27.83333396911621,115.73,38.49,125.79347826086956,-44.8982105952381,-44.60001,37.0,38.0,123.97733763227511,123.81244185913617,0,0,92.34995315553648,92.34995315553648,92.22712331247197
1439,2020-09-01T06:56:24,2020-09-01T08:40:28,781,18.4,99.6,81.19999999999999,101.97307974305556,125.58261052100441,104.06666564941406,125.28,41.68,125.78313253012048,-58.77324537772088,-13.0,39.2202304737516,42.0,125.58261052100441,123.88005785856011,0,0,93.54571101666843,93.54571101666843,92.2774900528668
1440,2020-09-01T17:14:04,2020-09-01T17:37:54,144,26.0,48.4,22.4,27.759720083333338,123.92732180059527,23.83333396911621,60.91,20.26,125.84710743801652,-69.88471680555556,-69.80002,41.666666666666664,44.0,123.92732180059527,123.93680400545634,0,0,92.3126966714009,92.3126966714009,92.31975990724266
1441,2020-09-01T17:38:05,2020-09-01T18:10:05,193,48.8,78.4,29.60000000000001,36.23597508333334,122.41883474099096,32.0,98.59,32.79,125.75255102040816,-67.9466374611399,-67.5,44.34455958549223,46.0,122.41883474099096,123.93680400545634,0,0,91.18903397666398,91.18903397666398,92.31975990724266
1442,2020-09-01T18:10:16,2020-09-01T18:38:56,173,78.4,97.6,19.19999999999999,24.024171444444445,125.12589293981489,28.66666603088379,122.76,40.83,125.77868852459017,-50.31677300578034,-44.60001,45.0,46.0,125.12589293981489,123.96181192129626,0,0,93.20550491099077,93.20550491099077,92.33838814931045
1444,2020-09-02T03:12:06,2020-09-02T03:31:06,115,35.6,53.6,18.0,22.217364250000003,123.4298013888889,19.0,67.34,22.4,125.63432835820896,-70.16000991304348,-70.0,35.98695652173913,39.0,123.4298013888889,123.93680400545634,0,0,91.94209678925723,91.94209678925723,92.31975990724266
1445,2020-09-02T03:31:17,2020-09-02T04:00:27,176,54.0,81.6,27.599999999999994,34.078060083333334,123.47123218599036,29.16666603088379,102.63,34.14,125.77205882352942,-70.1034184090909,-70.0,38.17897727272727,40.0,123.47123218599036,123.87057565369904,0,0,91.97295833415396,91.97295833415396,92.27042681702503
1446,2020-09-02T04:00:38,2020-09-02T04:23:58,141,81.6,97.6,16.0,20.176671138888892,126.10419461805557,23.33333396911621,122.76,40.83,125.77868852459017,-51.92199730496455,-44.60001,38.836879432624116,41.0,126.10419461805557,123.93680400545634,0,0,93.93423578941535,93.93423578941535,92.31975990724266
1447,2020-09-02T13:05:14,2020-09-02T13:22:34,105,35.2,52.0,16.799999999999997,20.559308249999997,122.37683482142857,17.33333396911621,65.28,21.71,125.53846153846153,-71.16572352380953,-70.89999,37.71904761904762,40.0,122.37683482142857,123.93680400545634,0,0,91.15774849596082,91.15774849596082,92.31975990724266
1448,2020-09-02T13:22:45,2020-09-02T13:50:55,170,52.4,79.6,27.199999999999996,33.451115944444446,122.98204391339871,28.16666603088379,100.19,33.32,125.86683417085428,-71.25706905882353,-71.10001,40.15294117647059,42.0,122.98204391339871,123.93680400545634,0,0,91.60856501098009,91.60856501098009,92.31975990724266
1451,2020-09-02T17:44:39,2020-09-02T18:09:29,150,52.8,76.4,23.60000000000001,29.005975194444446,122.90667455273065,24.83333396911621,96.18999,31.99,125.9031282722513,-70.0820072,-70.0,42.223333333333336,44.0,122.90667455273065,123.93680400545634,0,0,91.55242283967694,91.55242283967694,92.31975990724266
1453,2020-09-03T03:08:57,2020-09-03T03:30:27,130,22.0,36.4,14.399999999999999,17.869305430555556,124.09239882330249,21.5,45.64,15.18,125.38461538461539,-49.867692000000005,-49.80002,36.98461538461538,39.0,124.09239882330249,123.93680400545634,0,0,92.43566152614947,92.43566152614947,92.31975990724266
1454,2020-09-03T03:30:38,2020-09-03T03:59:18,173,36.4,56.4,20.0,23.82944316666667,119.14721583333335,28.66666603088379,70.88,23.58,125.67375886524823,-49.87571982658959,-49.80002,38.64450867052023,41.0,119.14721583333335,123.80318867807543,0,0,88.75202525688411,88.75202525688411,92.22023067504469
1455,2020-09-03T03:59:29,2020-09-03T04:32:39,200,56.4,78.8,22.4,27.563750430555558,123.0524572792659,33.16666793823242,99.18999,32.99,125.87562182741117,-49.86400080000001,-49.80002,39.7925,42.0,123.0524572792659,123.63930487163299,0,0,91.66101549236278,91.66101549236278,92.09815463972281
1456,2020-09-03T04:32:50,2020-09-03T05:02:40,180,79.2,98.0,18.799999999999997,23.611251222222222,125.59176182033099,29.83333396911621,123.27,41.0,125.78571428571428,-47.48500244444445,-44.5,40.49444444444445,42.0,125.59176182033099,123.63930487163299,0,0,93.55252776302113,93.55252776302113,92.09815463972281
1457,2020-09-03T15:40:29,2020-09-03T16:46:39,497,23.2,77.6,54.39999999999999,66.24360304722222,121.77132913092322,66.16666412353516,97.67,32.48,125.86340206185568,-60.0696229778672,-59.89999,42.22434607645875,45.0,121.77132913092322,123.53539318685037,0,0,90.7067110465244,90.7067110465244,92.02075146745554
1458,2020-09-03T18:30:46,2020-09-03T19:00:06,177,59.6,86.0,26.4,32.86666711111111,124.49495117845117,29.33333396911621,108.19,35.98,125.80232558139535,-67.16779757062147,-45.20001,44.206214689265536,46.0,124.49495117845117,123.63930487163299,0,0,92.73552028945747,92.73552028945747,92.09815463972281
1459,2020-09-03T19:00:17,2020-09-03T19:20:17,121,86.0,97.6,11.599999999999994,15.078198930555558,129.98447353927213,20.0,122.85,40.86,125.87090163934425,-45.234724214876046,-45.20001,44.5,46.0,129.98447353927213,123.80318867807543,0,0,96.82463159439413,96.82463159439413,92.22023067504469
1460,2020-09-04T02:48:26,2020-09-04T03:11:26,139,18.4,32.0,13.600000000000001,17.285003500000002,127.09561397058825,23.0,40.07,13.33,125.21875,-45.09137604316547,-45.0,39.07194244604317,41.0,127.09561397058825,123.80318867807543,0,0,94.67273794240924,94.67273794240924,92.22023067504469
1461,2020-09-04T03:11:37,2020-09-04T03:41:57,183,32.4,50.8,18.4,22.773335666666668,123.76812862318842,30.33333396911621,63.85,21.23,125.68897637795276,-45.0459062295082,-45.0,40.05191256830601,43.0,123.76812862318842,123.84772521189184,0,0,92.19411465667972,92.19411465667972,92.25340566404032
1462,2020-09-04T03:42:08,2020-09-04T04:08:58,162,50.8,67.6,16.799999999999997,20.131528430555555,119.83052637235451,26.83333396911621,85.04,28.29,125.79881656804736,-45.0148162962963,-45.0,41.132716049382715,43.0,119.83052637235451,123.84772521189184,0,0,89.26101905748062,89.26101905748062,92.25340566404032
1463,2020-09-04T04:09:09,2020-09-04T04:39:19,182,67.6,86.0,18.400000000000006,22.66444838888889,123.17634993961349,30.16666603088379,108.16,35.98,125.76744186046511,-45.07802978021979,-45.0,41.0,43.0,123.17634993961349,123.723592089372,0,0,91.75330236993189,91.75330236993189,92.16093966768409
1464,2020-09-04T04:39:30,2020-09-04T04:59:10,119,86.0,97.6,11.599999999999994,14.692085819444445,126.65591223659011,19.66666603088379,122.82,40.86,125.84016393442623,-44.82437739495797,-44.70001,41.0,43.0,126.65591223659011,123.723592089372,0,0,94.34520683621967,94.34520683621967,92.16093966768409
1465,2020-09-04T13:54:25,2020-09-04T14:13:25,115,46.8,58.4,11.600000000000001,14.291669861111114,123.20405052681993,19.0,73.43,24.43,125.73630136986303,-45.05914043478261,-28.39999,35.90869565217391,38.0,123.20405052681993,123.63930487163299,0,0,91.77393636627147,91.77393636627147,92.09815463972281
1466,2020-09-04T14:13:36,2020-09-04T14:44:16,185,58.4,77.2,18.800000000000004,23.102227333333342,122.88418794326242,30.66666603088379,97.14,32.31,125.82901554404145,-45.200010000000006,-45.20001,36.997297297297294,38.0,122.88418794326242,123.63930487163299,0,0,91.53567270315459,91.53567270315459,92.09815463972281
1469,2020-09-04T17:51:20,2020-09-04T18:16:50,154,73.6,94.0,20.400000000000006,25.655558597222228,125.76254214324618,25.5,118.22,39.33,125.76595744680851,-60.34546175324677,-44.5,38.59090909090909,40.0,125.76254214324618,123.63930487163299,0,0,93.67974097087274,93.67974097087274,92.09815463972281
1470,2020-09-05T01:29:16,2020-09-05T02:43:51,560,22.8,91.6,68.8,84.43742957361113,122.72882205466735,74.58333587646484,115.27,38.34,125.8406113537118,-67.90715325000001,-44.60001,37.39375,41.0,122.72882205466735,123.53539318685037,0,0,91.41994161223312,91.41994161223312,92.02075146745554
1471,2020-09-05T07:34:03,2020-09-05T07:54:33,124,56.8,76.0,19.200000000000003,23.969447805555557,124.84087398726851,20.5,95.73,31.84,125.96052631578948,-70.15323556451614,-70.0,35.65725806451613,37.0,124.84087398726851,123.53539318685037,0,0,92.99319605343028,92.99319605343028,92.02075146745554
1472,2020-09-05T07:54:44,2020-09-05T08:24:04,177,76.4,97.6,21.19999999999999,26.825699375,126.53631780660383,29.33333396911621,122.84,40.86,125.86065573770493,-54.79718519774012,-13.60001,36.43502824858757,38.0,126.53631780660383,123.53539318685037,0,0,94.25612168390212,94.25612168390212,92.02075146745554
1473,2020-09-05T13:01:33,2020-09-05T13:19:33,109,30.0,42.0,12.0,15.020418625,125.17015520833334,18.0,52.71,17.53,125.5,-50.06789642201835,-50.0,35.08256880733945,37.0,125.17015520833334,123.53539318685037,0,0,93.2384756014597,93.2384756014597,92.02075146745554
1474,2020-09-05T13:19:44,2020-09-05T13:46:34,162,42.0,60.4,18.4,22.368611861111113,121.56854272342996,26.83333396911621,75.9,25.24,125.66225165562915,-50.016668333333335,-50.0,36.626543209876544,39.0,121.56854272342996,123.53539318685037,0,0,90.55565670393052,90.55565670393052,92.02075146745554
1477,2020-09-05T14:08:13,2020-09-05T14:41:13,199,75.2,96.4,21.200000000000003,26.480002250000002,124.90567099056604,33.0,121.3,40.35,125.82987551867218,-48.141712663316575,-44.70001,37.62562814070352,40.0,124.90567099056604,123.63930487163299,0,0,93.0414629410198,93.0414629410198,92.09815463972281
1479,2020-09-06T15:02:18,2020-09-06T15:32:28,182,36.8,53.2,16.400000000000006,19.770833333333332,120.55386178861784,30.16666603088379,66.85,22.23,125.65789473684208,-39.23076923076923,-5.0,34.64010989010989,36.0,120.55386178861784,123.63930487163299,0,0,89.79982714195322,89.79982714195322,92.09815463972281
1480,2020-09-06T15:32:39,2020-09-06T16:02:59,183,53.2,69.6,16.39999999999999,20.22222222222222,123.30623306233068,30.33333396911621,87.52,29.11,125.74712643678161,-40.0,-40.0,36.202185792349724,37.0,123.30623306233068,123.63930487163299,0,0,91.85005150592482,91.85005150592482,92.09815463972281
1481,2020-09-06T16:03:10,2020-09-06T16:36:50,203,70.0,88.0,18.0,22.446111277777778,124.70061820987655,33.66666793823242,110.73,36.83,125.82954545454545,-40.00295596059114,-40.0,36.54187192118226,38.0,124.70061820987655,123.63930487163299,0,0,92.8887203910285,92.8887203910285,92.09815463972281
1482,2020-09-06T16:37:01,2020-09-06T16:55:31,112,88.0,98.0,10.0,12.33416675,123.34166749999999,18.5,123.27,41.0,125.78571428571428,-40.002678839285714,-40.0,37.09375,38.0,123.34166749999999,123.63930487163299,0,0,91.87644639971226,91.87644639971226,92.09815463972281
1483,2020-09-06T23:56:09,2020-09-07T00:17:59,132,32.8,53.6,20.800000000000004,25.438472902777782,122.30035049412393,21.83333396911621,67.37,22.41,125.69029850746269,-69.90757772727272,-69.70001,37.61742424242424,40.0,122.30035049412393,123.63930487163299,0,0,91.10077579289579,91.10077579289579,92.09815463972281
1485,2020-09-07T00:41:41,2020-09-07T01:03:41,133,64.8,87.2,22.400000000000006,25.592921291666666,114.25411290922617,22.0,109.77,36.51,125.88302752293578,-69.79850887218043,-69.70001,39.86466165413534,41.0,114.25411290922617,123.53539318685037,0,0,85.1071831070485,85.1071831070485,92.02075146745554
1488,2020-09-07T07:05:42,2020-09-07T07:30:22,149,63.6,86.8,23.199999999999996,28.805419236111113,124.16128981082379,24.66666603088379,109.32,36.36,125.94470046082948,-70.06712033557048,-70.0,36.43624161073826,38.0,124.16128981082379,123.53539318685037,0,0,92.48697799730407,92.48697799730407,92.02075146745554
1489,2020-09-07T07:30:33,2020-09-07T07:48:13,107,86.8,97.6,10.799999999999997,13.755836388888891,127.36885545267495,17.66666603088379,122.87,40.87,125.89139344262296,-46.817767383177575,-44.5,37.0,38.0,127.36885545267495,123.53539318685037,0,0,94.87627383495841,94.87627383495841,92.02075146745554
1490,2020-09-07T15:10:57,2020-09-07T15:45:07,206,52.8,85.2,32.400000000000006,40.25417262500001,124.24127353395062,34.16666793823242,107.23,35.67,125.8568075117371,-70.68981626213592,-70.5,38.51699029126213,40.0,124.24127353395062,123.63930487163299,0,0,92.54655737870583,92.54655737870583,92.09815463972281
1492,2020-09-07T23:28:37,2020-09-07T23:52:27,144,44.8,63.6,18.800000000000004,23.377641277777776,124.34915573286048,23.83333396911621,79.93999,26.59,125.69180817610062,-58.85417263888889,-57.30002,35.041666666666664,37.0,124.34915573286048,123.723592089372,0,0,92.62691816242578,92.62691816242578,92.16093966768409
1493,2020-09-07T23:52:38,2020-09-08T00:11:48,116,63.6,78.4,14.800000000000004,18.02291876388889,121.77647813438435,19.16666603088379,98.67,32.82,125.85459183673468,-56.418972068965516,-55.39999,36.077586206896555,38.0,121.77647813438435,123.723592089372,0,0,90.7105465074039,90.7105465074039,92.16093966768409
1495,2020-09-08T02:24:23,2020-09-08T02:56:13,192,54.0,84.0,30.0,37.28083994444446,124.26946648148153,31.83333396911621,105.72,35.17,125.85714285714286,-70.26772083333334,-70.10001,36.869791666666664,39.0,124.26946648148153,123.84772521189184,0,0,92.56755813121043,92.56755813121043,92.25340566404032
1496,2020-09-08T02:56:24,2020-09-08T03:15:54,118,84.4,97.2,12.799999999999997,16.37153013888889,127.90257921006948,19.5,122.3,40.68,125.82304526748972,-50.43560050847457,-44.70001,37.5,39.0,127.90257921006948,123.93680400545634,0,0,95.27384136572422,95.27384136572422,92.31975990724266
1498,2020-09-08T13:52:39,2020-09-08T14:22:39,181,32.4,61.2,28.800000000000004,35.04694758333334,121.69079021990743,30.0,76.95,25.6,125.73529411764707,-70.09337640883979,-69.80002,33.11878453038674,36.0,121.69079021990743,123.84772521189184,0,0,90.64671810909283,90.64671810909283,92.25340566404032
1499,2020-09-08T14:22:50,2020-09-08T14:53:40,186,61.2,89.6,28.39999999999999,34.70208650000001,122.19044542253528,30.83333396911621,112.72,37.5,125.80357142857144,-67.4741997311828,-44.39999,35.51075268817204,37.0,122.19044542253528,123.723592089372,0,0,91.01890818381008,91.01890818381008,92.16093966768409
1501,2020-09-08T18:30:49,2020-09-08T18:50:19,118,67.6,80.4,12.800000000000011,16.340005750000007,127.65629492187495,19.5,101.16,33.65,125.82089552238804,-50.27713635593219,-50.20001,35.5,37.0,127.65629492187495,123.723592089372,0,0,95.0903857204258,95.0903857204258,92.16093966768409
1502,2020-09-08T18:50:30,2020-09-08T19:18:50,171,80.8,97.6,16.799999999999997,21.391254638888892,127.32889666005295,28.33333396911621,122.77,40.84,125.7889344262295,-45.22164730994153,-13.80002,35.5,37.0,127.32889666005295,123.84772521189184,0,0,94.84650877710777,94.84650877710777,92.25340566404032
1505,2020-09-09T05:29:33,2020-09-09T05:46:03,100,42.0,58.0,16.0,19.267779472222223,120.4236217013889,16.5,73.01,24.29,125.8793103448276,-70.0650062,-70.0,34.02,36.0,120.4236217013889,123.84772521189184,0,0,89.70281210529998,89.70281210529998,92.25340566404032
1506,2020-09-09T05:46:14,2020-09-09T06:16:14,181,58.0,86.8,28.799999999999997,35.02361333333334,121.60976851851854,30.0,109.16,36.31,125.76036866359446,-70.04696574585637,-70.0,35.651933701657455,37.0,121.60976851851854,123.61968040458939,0,0,90.5863655440939,90.5863655440939,92.08353649541684
1508,2020-09-09T18:50:00,2020-09-09T19:18:30,172,10.8,38.0,27.2,33.334727166666674,122.55414399509806,28.5,47.78,15.89,125.73684210526316,-70.17849877906976,-70.10001,33.84593023255814,36.0,122.55414399509806,123.45051678743962,0,0,91.2898250044191,91.2898250044191,91.9575275617056
1509,2020-09-09T19:18:41,2020-09-09T19:48:51,182,38.0,67.2,29.200000000000003,35.27444947222223,120.80290915144597,30.16666603088379,84.57,28.13,125.84821428571426,-70.15935065934066,-70.10001,36.79120879120879,39.0,120.80290915144597,123.38573444444444,0,0,89.98534098448229,89.98534098448229,91.90927159448475
1510,2020-09-09T19:49:02,2020-09-09T20:17:42,173,67.6,92.0,24.400000000000006,30.162227611111117,123.61568693078324,28.66666603088379,115.71,38.49,125.77173913043477,-63.0971210982659,-44.70001,38.28901734104046,40.0,123.61568693078324,123.45051678743962,0,0,92.08056178144113,92.08056178144113,91.9575275617056
1512,2020-09-10T19:56:15,2020-09-10T21:25:39,671,9.2,91.6,82.39999999999999,101.41769853194445,123.07973122808794,89.4000015258789,115.2,38.32,125.764192139738,-68.05275982116245,-44.39999,37.889716840536515,41.0,123.07973122808794,123.38573444444444,0,0,91.68133168840461,91.68133168840461,91.90927159448475
1513,2020-09-11T12:15:43,2020-09-11T12:35:03,117,10.0,28.4,18.4,22.562500694444445,122.62228638285025,19.33333396911621,35.69,11.87,125.66901408450704,-70.02136965811965,-69.89999,36.64957264957265,38.0,122.62228638285025,123.32395028116534,0,0,91.34058384822882,91.34058384822882,91.86324895281854
1514,2020-09-11T12:35:14,2020-09-11T13:05:54,185,28.4,57.6,29.200000000000003,35.79430720833333,122.58324386415522,30.66666603088379,72.42,24.09,125.72916666666666,-70.03243567567567,-70.0,38.88108108108108,42.0,122.58324386415522,123.25514179457531,0,0,91.31150131716774,91.31150131716774,91.81199393609815
1515,2020-09-11T13:06:05,2020-09-11T13:36:05,181,58.0,86.4,28.400000000000006,35.02152993055555,123.31524623435052,30.0,108.74,36.17,125.85648148148147,-70.0430982320442,-70.0,41.51933701657459,43.0,123.31524623435052,123.25514179457531,0,0,91.85676536209976,91.85676536209976,91.81199393609815
1518,2020-09-11T22:05:41,2020-09-11T22:31:43,158,18.0,33.6,15.600000000000001,19.525,125.16025641025638,26.03333282470703,42.16,14.03,125.47619047619045,-45.0,-45.0,38.07911392405063,40.0,125.16025641025638,123.3107396483406,0,0,93.23110204790417,93.23110204790417,91.8534084340123
1519,2020-09-11T22:31:54,2020-09-11T23:06:34,209,34.0,55.2,21.200000000000003,26.0,122.64150943396226,34.66666793823242,69.37,23.07,125.67028985507247,-45.0,-45.0,39.6244019138756,42.0,122.64150943396226,123.3107396483406,0,0,91.35490298028637,91.35490298028637,91.8534084340123
1520,2020-09-11T23:06:45,2020-09-11T23:39:35,198,55.2,75.6,20.39999999999999,24.625,120.71078431372555,32.83333206176758,95.07999,31.63,125.76718253968255,-45.0,-45.0,40.936868686868685,42.0,120.71078431372555,123.3107396483406,0,0,89.91671776179963,89.91671776179963,91.8534084340123
1521,2020-09-11T23:39:46,2020-09-12T00:08:56,176,75.6,93.2,17.60000000000001,21.849584180555556,124.14536466224743,29.16666603088379,117.31,39.02,125.86909871244634,-44.94716085227273,-44.70001,41.18465909090909,43.0,124.14536466224743,123.3107396483406,0,0,92.47511545247846,92.47511545247846,91.8534084340123
1524,2020-09-12T15:00:02,2020-09-12T15:31:52,192,37.6,68.4,30.800000000000004,37.34791309722221,121.2594581078643,31.83333396911621,86.07,28.62,125.83333333333331,-70.39374333333335,-70.30002,37.317708333333336,39.0,121.2594581078643,123.3107396483406,0,0,90.32542148260929,90.32542148260929,91.8534084340123
1525,2020-09-12T15:32:03,2020-09-12T16:01:33,178,68.4,93.2,24.799999999999997,30.893472138888892,124.5704521729391,29.5,117.24,38.99,125.793991416309,-62.804494213483146,-44.70001,38.99438202247191,40.0,124.5704521729391,123.32845686717525,0,0,92.79176051398008,92.79176051398008,91.86660588090601
1529,2020-09-13T01:02:57,2020-09-13T01:36:07,200,33.6,65.2,31.6,38.74569829166668,122.61296927742619,33.16666793823242,81.93999,27.26,125.67483128834354,-70.09250695,-69.80002,34.28,38.0,122.61296927742619,123.3107396483406,0,0,91.33364359393808,91.33364359393808,91.8534084340123
1530,2020-09-13T01:36:18,2020-09-13T02:06:08,180,65.6,91.6,26.0,32.12041970833334,123.54007580128206,29.83333396911621,115.28,38.35,125.85152838427949,-64.55945055555554,-44.39999,36.28333333333333,39.0,123.54007580128206,123.32845686717525,0,0,92.0242395180273,92.0242395180273,91.86660588090601
1532,2020-09-13T19:09:05,2020-09-13T19:39:05,181,24.8,44.8,19.999999999999996,24.948051138888886,124.74025569444446,30.0,56.27,18.72,125.6026785714286,-49.89612375690607,-49.80002,33.969613259668506,36.0,124.74025569444446,123.32845686717525,0,0,92.91824610849395,92.91824610849395,91.86660588090601
1533,2020-09-13T19:39:16,2020-09-13T20:08:46,178,44.8,65.2,20.400000000000006,24.52249858333333,120.20832638888884,29.5,82.02,27.28,125.79754601226993,-49.87640157303371,-49.80002,35.688202247191015,37.0,120.20832638888884,123.3107396483406,0,0,89.54243995661777,89.54243995661777,91.8534084340123
1534,2020-09-13T20:08:57,2020-09-13T20:28:16,117,65.2,78.4,13.200000000000003,16.06002605833333,121.66686407828279,19.316667556762695,98.57,32.78,125.72704081632652,-49.884609999999995,-49.80002,36.18803418803419,38.0,121.66686407828279,123.25514179457531,0,0,90.62889567395727,90.62889567395727,91.81199393609815
1535,2020-09-13T20:29:36,2020-09-13T21:01:26,192,77.6,97.6,20.0,24.669166208333337,123.34583104166668,31.83333396911621,122.77,40.84,125.7889344262295,-46.395832500000004,-13.5,36.893229166666664,38.0,123.34583104166668,123.25514179457531,0,0,91.87954779618701,91.87954779618701,91.81199393609815
1538,2020-09-14T03:32:41,2020-09-14T04:05:31,198,36.0,56.4,20.4,24.679727694444445,120.97905732570807,32.83333206176758,70.83,23.56,125.58510638297874,-45.10001,-45.10001,36.378787878787875,38.0,120.97905732570807,123.25514179457531,0,0,90.11655267165199,90.11655267165199,91.81199393609815
1539,2020-09-14T04:05:42,2020-09-14T04:32:22,161,56.4,73.2,16.800000000000004,20.045282222222227,119.31715608465609,26.66666603088379,92.03,30.61,125.724043715847,-45.10187335403726,-45.10001,37.0,38.0,119.31715608465609,123.25514179457531,0,0,88.87861270059454,88.87861270059454,91.81199393609815
1540,2020-09-14T04:32:33,2020-09-14T05:00:43,170,73.2,90.4,17.200000000000003,21.170143652777785,123.0822305394057,28.16666603088379,113.68,37.82,125.75221238938053,-45.095304294117646,-44.80002,37.0,38.0,123.0822305394057,123.14314053311281,0,0,91.68319340997022,91.68319340997022,91.72856488812084
1543,2020-09-14T16:39:47,2020-09-14T17:11:27,191,17.2,36.4,19.2,23.75,123.69791666666666,31.66666603088379,45.66,15.19,125.43956043956044,-45.0,-45.0,35.17801047120419,37.0,123.69791666666666,123.19423180086818,0,0,92.14181420387457,92.14181420387457,91.76662245794752
1544,2020-09-14T17:11:38,2020-09-14T17:44:38,199,36.4,56.8,20.4,24.75,121.32352941176471,33.0,71.39,23.74,125.68661971830987,-45.0,-45.0,36.92713567839196,39.0,121.32352941176471,123.19423180086818,0,0,90.3731478011996,90.3731478011996,91.76662245794752
1545,2020-09-14T17:44:49,2020-09-14T18:12:49,169,57.2,74.4,17.200000000000003,21.0,122.09302325581392,28.0,93.57999,31.13,125.77955645161288,-45.0,-45.0,37.5,39.0,122.09302325581392,123.08098088374682,0,0,90.94633901346933,90.94633901346933,91.68226254918741
1546,2020-09-14T18:13:00,2020-09-14T18:41:20,171,74.8,92.0,17.200000000000003,21.232083930555557,123.44234843346251,28.33333396911621,115.76,38.51,125.82608695652173,-44.96140479532164,-44.70001,37.5,39.0,123.44234843346251,123.19423180086818,0,0,91.95144300527335,91.95144300527335,91.76662245794752
1549,2020-09-15T05:11:50,2020-09-15T05:37:00,152,18.0,41.6,23.6,29.415975888888894,124.64396563088513,25.16666603088379,52.18,17.35,125.43269230769229,-70.13092980263158,-70.0,32.2171052631579,35.0,124.64396563088513,123.19423180086818,0,0,92.84652023480709,92.84652023480709,91.76662245794752
1550,2020-09-15T05:37:11,2020-09-15T06:08:01,186,42.0,72.0,30.0,36.02583706944445,120.08612356481484,30.83333396911621,90.6,30.14,125.83333333333333,-70.10430833333334,-70.0,35.25,37.0,120.08612356481484,123.08098088374682,0,0,89.45141182765293,89.45141182765293,91.68226254918741
1551,2020-09-15T06:08:12,2020-09-15T06:39:52,191,72.0,96.8,24.799999999999997,30.332088416666664,122.30680813172043,31.66666603088379,121.77,40.5,125.79545454545455,-57.4706902617801,-44.5,36.832460732984295,38.0,122.30680813172043,122.8606203310251,0,0,91.105586047261,91.105586047261,91.51811733434549
1554,2020-09-15T13:46:56,2020-09-15T14:16:16,177,55.2,82.8,27.599999999999994,34.255280194444445,124.11333403784221,29.33333396911621,104.14,34.64,125.77294685990339,-70.0678015819209,-69.89999,33.57627118644068,36.0,124.11333403784221,123.08098088374682,0,0,92.45125603817051,92.45125603817051,91.68226254918741
1555,2020-09-15T14:16:27,2020-09-15T14:39:27,139,83.2,97.6,14.399999999999991,18.222780097222223,126.54708400848774,23.0,122.79,40.84,125.8094262295082,-47.49568942446044,-13.39999,34.5,36.0,126.54708400848774,123.08098088374682,0,0,94.26414136119662,94.26414136119662,91.68226254918741
1558,2020-09-15T23:51:48,2020-09-16T00:22:38,186,32.4,53.6,21.200000000000003,25.643328555555552,120.95909696016768,30.83333396911621,67.31,22.38,125.57835820895522,-49.900528333333334,-49.80002,32.08870967741935,35.0,120.95909696016768,123.08098088374682,0,0,90.10168431863018,90.10168431863018,91.68226254918741
1559,2020-09-16T00:22:49,2020-09-16T00:54:39,192,53.6,75.2,21.6,26.476384416666665,122.57585378086418,31.83333396911621,94.53,31.44,125.70478723404256,-49.9031165625,-49.80002,33.875,35.0,122.57585378086418,122.8606203310251,0,0,91.30599648976317,91.30599648976317,91.51811733434549
1560,2020-09-16T00:54:50,2020-09-16T01:24:00,176,75.6,94.4,18.80000000000001,23.466249194444437,124.82047443853416,29.16666603088379,118.73,39.49,125.77330508474576,-48.26761198863637,-44.60001,34.44318181818182,36.0,124.82047443853416,122.8606203310251,0,0,92.97800055555955,92.97800055555955,91.51811733434549
1563,2020-09-16T11:14:36,2020-09-16T11:45:46,188,64.0,84.8,20.799999999999997,25.863203875000007,124.34232632211544,31.16666603088379,106.65,35.47,125.76650943396227,-49.78991175531915,-49.70001,32.670212765957444,34.0,124.34232632211544,122.8606203310251,0,0,92.62183097653818,92.62183097653818,91.51811733434549
1564,2020-09-16T11:45:57,2020-09-16T12:08:37,137,84.8,97.6,12.799999999999997,16.005141666666667,125.04016927083336,22.66666603088379,122.77,40.84,125.7889344262295,-42.287598686131396,-13.30002,33.06934306569343,34.0,125.04016927083336,123.08098088374682,0,0,93.14164987937002,93.14164987937002,91.68226254918741
1565,2020-09-16T18:51:05,2020-09-16T19:30:42,298,44.4,75.6,31.199999999999996,38.2772117125,122.68337087339745,39.61666488647461,95.06,31.62,125.74074074074076,-57.97181718120807,-55.80002,36.85906040268456,39.0,122.68337087339745,123.08098088374682,0,0,91.38608530799799,91.38608530799799,91.68226254918741
1566,2020-09-17T01:48:48,2020-09-17T02:52:59,482,38.4,90.0,51.6,63.46868437361111,123.00132630544789,64.18333435058594,113.25,37.67,125.83333333333333,-59.27054296680498,0.0,35.99688796680498,39.0,123.00132630544789,123.04052876676792,0,0,91.62292834573526,91.62292834573526,91.65213001706994
1568,2020-09-17T15:32:32,2020-09-17T16:06:02,202,20.8,52.8,31.999999999999996,39.17583891666667,122.42449661458336,33.5,66.41,22.09,125.77651515151514,-70.16535653465347,-70.10001,39.10643564356435,42.0,122.42449661458336,122.84234858942267,0,0,91.19325147133694,91.19325147133694,91.50450682686662
1569,2020-09-17T16:06:13,2020-09-17T16:37:43,190,52.8,83.2,30.400000000000006,36.82750525000001,121.14310937500001,31.5,104.76,34.85,125.91346153846153,-70.1479047368421,-70.10001,42.28157894736842,44.0,121.14310937500001,122.66244015367985,0,0,90.23875403003345,90.23875403003345,91.37049414414219
1571,2020-09-17T21:42:52,2020-09-17T22:00:02,104,46.4,56.8,10.399999999999999,12.847358347222224,123.53229180021371,17.16666603088379,71.42,23.76,125.73943661971832,-44.90383653846153,-44.89999,36.42307692307692,39.0,123.53229180021371,122.66244015367985,0,0,92.01844126370314,92.01844126370314,91.37049414414219
1572,2020-09-17T22:00:13,2020-09-17T22:30:33,183,56.8,75.2,18.400000000000006,22.689997777777776,123.31520531400962,30.33333396911621,94.59,31.46,125.78457446808511,-44.88141633879781,-44.80002,37.057377049180324,39.0,123.31520531400962,122.84234858942267,0,0,91.85673488079054,91.85673488079054,91.50450682686662
1573,2020-09-17T22:30:44,2020-09-17T23:03:14,196,75.2,94.8,19.599999999999994,24.27597044444444,123.85699206349207,32.5,119.26,39.67,125.80168776371309,-44.81683346938775,-44.60001,37.5,39.0,123.85699206349207,122.84234858942267,0,0,92.26030848456801,92.26030848456801,91.50450682686662
1576,2020-09-18T08:44:37,2020-09-18T09:13:47,176,47.2,57.2,10.0,12.607080152777774,126.07080152777773,29.16666603088379,71.91,23.92,125.7167832167832,-25.934652556818182,-25.89999,32.69886363636363,34.0,126.07080152777773,122.84234858942267,0,0,93.90936148269307,93.90936148269307,91.50450682686662
1579,2020-09-18T09:45:39,2020-09-18T10:15:09,178,64.0,75.2,11.200000000000003,12.73888444444444,113.7400396825396,29.5,94.55,31.45,125.7313829787234,-25.909541516853935,-25.89999,32.5,34.0,113.7400396825396,122.84234858942267,0,0,84.72425313525129,84.72425313525129,91.50450682686662
1580,2020-09-18T10:15:20,2020-09-18T10:47:00,191,75.2,86.4,11.200000000000003,13.686663111111105,122.20234920634913,31.66666603088379,108.66,36.15,125.76388888888887,-25.93245397905759,-25.89999,32.5,34.0,122.20234920634913,122.84234858942267,0,0,91.02777523885882,91.02777523885882,91.50450682686662
1581,2020-09-18T10:47:11,2020-09-18T11:18:01,186,86.4,96.8,10.399999999999991,13.321246013888885,128.08890397970092,30.83333396911621,121.79,40.51,125.81611570247935,-25.92257290322581,-25.89999,32.5,34.0,128.08890397970092,122.84234858942267,0,0,95.41263353593695,95.41263353593695,91.50450682686662
1583,2020-09-19T08:40:44,2020-09-19T09:12:44,193,37.2,67.6,30.39999999999999,37.42736623611112,123.11633630299713,32.0,84.96,28.26,125.68047337278107,-70.1772116580311,-69.89999,31.572538860103627,34.0,123.11633630299713,122.84234858942267,0,0,91.70859858264254,91.70859858264254,91.50450682686662
1584,2020-09-19T09:12:55,2020-09-19T09:44:15,189,67.6,93.6,26.0,32.39819795833333,124.6084536858974,31.33333396911621,117.74,39.17,125.7905982905983,-62.014292433862444,-44.5,33.714285714285715,35.0,124.6084536858974,123.04052876676792,0,0,92.8200676062968,92.8200676062968,91.65213001706994
1587,2020-09-19T19:51:33,2020-09-19T20:20:23,174,40.0,67.6,27.599999999999994,33.750837097222224,122.28564165660228,28.83333396911621,84.93999,28.25,125.65087278106509,-70.23219172413793,-69.89999,33.333333333333336,36.0,122.28564165660228,123.04052876676792,0,0,91.08981927066327,91.08981927066327,91.65213001706994
1588,2020-09-19T20:20:34,2020-09-19T20:48:54,171,68.0,92.0,24.0,29.95625316666667,124.81772152777779,28.33333396911621,115.73,38.49,125.79347826086956,-63.40234584795323,-44.60001,35.099415204678365,37.0,124.81772152777779,123.08098088374682,0,0,92.97594992933827,92.97594992933827,91.68226254918741
1591,2020-09-21T00:06:06,2020-09-21T00:34:26,171,18.8,45.6,26.8,33.35639323611112,124.46415386608625,28.33333396911621,57.23,19.03,125.50438596491227,-70.63685128654971,-70.5,34.96491228070175,38.0,124.46415386608625,123.09928342120142,0,0,92.71257956167177,92.71257956167177,91.69589599630638
1592,2020-09-21T00:34:37,2020-09-21T01:13:07,232,46.0,83.6,37.599999999999994,45.32945052777779,120.55704927600478,38.5,105.13,34.97,125.7535885167464,-70.64311293103448,-70.5,37.97844827586207,40.0,120.55704927600478,123.08098088374682,0,0,89.80220148162277,89.80220148162277,91.68226254918741
1593,2020-09-21T01:13:18,2020-09-21T01:35:08,132,83.6,97.6,14.0,17.681947861111112,126.29962757936508,21.83333396911621,122.85,40.86,125.87090163934425,-48.543948712121214,-13.80002,38.64393939393939,40.0,126.29962757936508,123.09928342120142,0,0,94.07981259535963,94.07981259535963,91.69589599630638
1594,2020-09-21T06:12:57,2020-09-21T07:15:39,471,50.8,98.0,47.2,58.560246175,124.06831816737288,62.70000076293945,123.27,41.0,125.78571428571428,-55.98111365180467,0.0,37.49893842887474,40.0,124.06831816737288,123.21577080850338,0,0,92.41772399426239,92.41772399426239,91.78266673171655
1595,2020-09-21T14:49:18,2020-09-21T15:18:28,176,52.0,80.0,28.0,34.53458531944445,123.3378047123016,29.16666603088379,100.62,33.47,125.775,-71.04261772727273,-70.89999,37.65625,39.0,123.3378047123016,123.31522577418008,0,0,91.87356903301117,91.87356903301117,91.85675012144515
1598,2020-09-21T23:24:53,2020-09-21T23:54:33,179,54.4,82.8,28.4,34.65694781944444,122.03150640649451,29.66666603088379,104.13,34.63,125.76086956521739,-70.09274424581005,-69.80002,36.944134078212294,39.0,122.03150640649451,123.21577080850338,0,0,90.90051549232086,90.90051549232086,91.78266673171655
1599,2020-09-21T23:54:44,2020-09-22T00:18:14,142,82.8,98.0,15.200000000000003,18.662919916666667,122.782367872807,23.5,123.27,41.0,125.78571428571428,-47.60845894366198,-13.20001,37.978873239436616,39.0,122.782367872807,123.09928342120142,0,0,91.45982756148247,91.45982756148247,91.69589599630638
1601,2020-09-22T11:23:25,2020-09-22T11:52:25,175,47.2,74.4,27.200000000000003,33.8345855138889,124.39185850694446,29.0,93.57999,31.13,125.77955645161288,-70.00286165714286,-69.70001,35.26571428571429,37.0,124.39185850694446,123.21577080850338,0,0,92.65872719512144,92.65872719512144,91.78266673171655
1602,2020-09-22T11:52:36,2020-09-22T12:25:06,196,74.4,97.6,23.19999999999999,28.946808833333336,124.77072772988514,32.5,122.76,40.83,125.77868852459017,-53.38061826530613,-13.20001,36.78316326530612,38.0,124.77072772988514,123.32650501315561,0,0,92.9409445395076,92.9409445395076,91.86515195690086
1607,2020-09-22T22:09:18,2020-09-22T22:38:08,174,34.8,52.8,18.0,21.860140569444443,121.44522538580246,28.83333396911621,66.39,22.08,125.73863636363636,-45.48793459770115,-44.60001,36.497126436781606,38.0,121.44522538580246,123.21577080850338,0,0,90.46379838070258,90.46379838070258,91.78266673171655
1608,2020-09-22T22:38:19,2020-09-22T23:03:19,151,52.8,68.0,15.200000000000003,18.241251597222224,120.00823419225145,25.0,85.48,28.43,125.70588235294117,-43.779474039735106,-43.0,37.95364238410596,39.0,120.00823419225145,123.21577080850338,0,0,89.3933925150518,89.3933925150518,91.78266673171655
1609,2020-09-22T23:03:30,2020-09-22T23:30:50,165,68.4,84.0,15.599999999999994,19.248474944444446,123.38765990028496,27.33333396911621,105.68,35.15,125.80952380952382,-42.25273321212121,-41.39999,38.0,39.0,123.38765990028496,123.21577080850338,0,0,91.91070585464931,91.91070585464931,91.78266673171655
1611,2020-09-23T01:36:15,2020-09-23T01:53:59,134,72.8,89.2,16.400000000000006,20.148000800000002,122.85366341463411,17.733333587646484,112.22,37.33,125.80717488789237,-67.9216445522388,0.0,37.21641791044776,39.0,122.85366341463411,123.21577080850338,0,0,91.51293517028967,91.51293517028967,91.78266673171655
1612,2020-09-23T05:45:13,2020-09-23T06:47:04,465,53.2,98.0,44.8,55.433048,123.73448214285716,61.849998474121094,123.27,41.0,125.78571428571428,-53.77226421505376,-44.5,35.483870967741936,37.0,123.73448214285716,123.21577080850338,0,0,92.1690516012715,92.1690516012715,91.78266673171655
1613,2020-09-24T07:17:32,2020-09-24T08:58:16,756,19.6,98.0,78.4,95.9156283111111,122.34136264172335,100.73332977294922,123.27,41.0,125.78571428571428,-57.10411076719576,-13.30002,31.36441798941799,34.0,122.34136264172335,123.09928342120142,0,0,91.13132548836391,91.13132548836391,91.69589599630638
1615,2020-09-24T17:09:14,2020-09-24T17:36:54,167,39.2,66.0,26.799999999999997,32.330559,120.6364141791045,27.66666603088379,82.93999,27.59,125.6666515151515,-70.11497754491018,-69.89999,37.1437125748503,39.0,120.6364141791045,123.09928342120142,0,0,89.861319907808,89.861319907808,91.69589599630638
1616,2020-09-24T17:37:05,2020-09-24T18:14:51,228,66.0,96.8,30.799999999999997,37.735670830555556,122.51841178751803,37.766666412353516,121.8,40.52,125.82644628099173,-59.9574627631579,-44.39999,38.89254385964912,40.0,122.51841178751803,123.09928342120142,0,0,91.26320830366411,91.26320830366411,91.69589599630638
1619,2020-09-25T17:15:20,2020-09-25T17:41:00,155,10.8,35.2,24.400000000000002,29.985697361111107,122.89220229963567,25.66666603088379,44.18,14.69,125.51136363636363,-70.09678103225805,-69.80002,35.174193548387095,37.0,122.89220229963567,123.0417784224268,0,0,91.54164254772277,91.54164254772277,91.65306087785274
1620,2020-09-25T17:41:11,2020-09-25T18:13:11,193,35.2,66.0,30.799999999999997,37.37375297222222,121.34335380591631,32.0,83.0,27.61,125.75757575757575,-70.07617139896374,-69.80002,38.082901554404145,40.0,121.34335380591631,123.0417784224268,0,0,90.38791486997363,90.38791486997363,91.65306087785274
1621,2020-09-25T18:13:22,2020-09-25T18:44:52,190,66.0,92.8,26.799999999999997,33.02500397222222,123.22762676202323,31.5,116.81,38.85,125.87284482758622,-62.87527068421053,-44.5,39.8421052631579,41.0,123.22762676202323,123.09928342120142,0,0,91.79149815827468,91.79149815827468,91.69589599630638
1623,2020-09-26T01:39:56,2020-09-26T02:29:27,373,25.6,66.0,40.4,49.536516373611114,122.61513953864139,49.516666412353516,83.03,27.62,125.8030303030303,-60.024131689008044,-59.80002,37.34182305630027,41.0,122.61513953864139,123.05883130422251,0,0,91.3352602081144,91.3352602081144,91.6657634641889
1625,2020-09-26T07:03:06,2020-09-26T07:21:36,112,33.2,51.2,18.0,21.669171388888902,120.38428549382724,18.5,64.37,21.41,125.72265625,-70.27769383928572,-70.20001,33.75,37.0,120.38428549382724,122.94676430254178,0,0,89.67351080721588,89.67351080721588,91.58228544672902
1626,2020-09-26T07:21:47,2020-09-26T07:50:47,175,51.2,78.8,27.599999999999994,33.94403406944445,122.98563068639294,29.0,99.13,32.97,125.7994923857868,-70.22915588571428,-70.10001,36.02,38.0,122.98563068639294,122.99347849592041,0,0,91.61123677603264,91.61123677603264,91.61708256088394
1627,2020-09-26T07:50:58,2020-09-26T08:18:18,165,79.2,98.0,18.799999999999997,23.225281652777785,123.53873219562654,27.33333396911621,123.27,41.0,125.78571428571428,-50.92788733333335,-13.70001,36.76969696969697,39.0,123.53873219562654,123.05883130422251,0,0,92.0232386744722,92.0232386744722,91.6657634641889
1628,2020-09-26T15:56:17,2020-09-26T16:22:07,156,53.6,67.2,13.600000000000001,16.881527752777778,124.12888053513072,25.83333396911621,84.53,28.11,125.78869047619047,-39.101281974358976,-4.899994,33.993589743589745,35.0,124.12888053513072,123.05883130422251,0,0,92.46283652799023,92.46283652799023,91.6657634641889
1629,2020-09-26T16:22:18,2020-09-26T16:50:56,174,67.2,82.8,15.599999999999994,19.08888888888889,122.3646723646724,28.633333206176758,104.11,34.63,125.73671497584542,-40.0,-40.0,34.0,35.0,122.3646723646724,122.99347849592041,0,0,91.14868875703482,91.14868875703482,91.61708256088394
1630,2020-09-26T16:51:07,2020-09-26T17:19:17,170,82.8,97.6,14.799999999999997,18.778055583333334,126.87875394144147,28.16666603088379,122.85,40.86,125.87090163934425,-40.00058829411765,-40.0,34.194117647058825,36.0,126.87875394144147,123.05883130422251,0,0,94.51120024596011,94.51120024596011,91.6657634641889
1632,2020-09-26T23:30:52,2020-09-26T23:58:52,169,59.6,86.0,26.4,32.78375704166667,124.180897885101,28.0,108.12,35.97,125.72093023255815,-70.25090266272188,-70.20001,31.54437869822485,34.0,124.180897885101,123.17198153251019,0,0,92.5015839307396,92.5015839307396,91.75004837045861
1635,2020-09-27T05:29:25,2020-09-27T05:58:25,175,75.2,97.2,22.0,27.161393666666672,123.46088030303032,29.0,122.34,40.7,125.8641975308642,-56.202867028571426,-44.60001,30.248571428571427,32.0,123.46088030303032,123.17198153251019,0,0,91.96524728046715,91.96524728046715,91.75004837045861
1637,2020-09-27T16:02:38,2020-09-27T16:27:08,148,44.8,68.0,23.200000000000003,28.622642722222228,123.37346000957855,24.5,85.6,28.47,125.88235294117645,-70.09663101351352,-70.0,30.39527027027027,32.0,123.37346000957855,123.17198153251019,0,0,91.90012844375637,91.90012844375637,91.75004837045861
1638,2020-09-27T16:27:19,2020-09-27T16:56:09,174,68.0,92.4,24.400000000000006,30.08028119444445,123.27984096083789,28.83333396911621,116.2,38.65,125.75757575757575,-62.56552431034483,-44.80002,32.15229885057471,33.0,123.27984096083789,123.25373386143056,0,0,91.83039219251253,91.83039219251253,91.81094517539361
1641,2020-09-28T02:01:34,2020-09-28T02:35:04,202,28.4,60.4,32.0,38.495830416666664,120.29947005208332,33.5,75.95,25.27,125.74503311258279,-68.9480146039604,-68.89999,31.452970297029704,35.0,120.29947005208332,123.25373386143056,0,0,89.6103323084555,89.6103323084555,91.81094517539361
1642,2020-09-28T02:35:15,2020-09-28T03:04:45,178,60.4,88.0,27.6,33.594165333333336,121.71799033816426,29.5,110.7,36.82,125.79545454545455,-68.25954786516854,-43.70001,34.07865168539326,36.0,121.71799033816426,123.17198153251019,0,0,90.66697930920259,90.66697930920259,91.75004837045861
1643,2020-09-28T03:04:56,2020-09-28T03:22:56,109,88.0,97.6,9.599999999999994,12.200002708333336,127.083361545139,18.0,122.76,40.83,125.77868852459017,-40.55138513761469,-12.5,34.5,36.0,127.083361545139,123.17198153251019,0,0,94.66361118635939,94.66361118635939,91.75004837045861
1644,2020-09-28T14:13:28,2020-09-28T14:38:28,151,22.4,46.4,24.0,29.290007944444458,122.04169976851858,25.0,58.35,19.41,125.7543103448276,-70.2960455629139,-70.20001,32.13245033112583,34.0,122.04169976851858,123.05883130422251,0,0,90.90810846474146,90.90810846474146,91.6657634641889
1645,2020-09-28T14:38:39,2020-09-28T15:02:29,144,46.4,69.6,23.199999999999996,27.92306322222223,120.35803113026824,23.83333396911621,87.63,29.15,125.90517241379311,-70.2958526388889,-70.20001,34.94444444444444,37.0,120.35803113026824,123.05883130422251,0,0,89.65395409393984,89.65395409393984,91.6657634641889
1646,2020-09-28T15:02:40,2020-09-28T15:20:50,110,70.0,87.2,17.200000000000003,21.289865791666674,123.77828948643412,18.16666603088379,109.82,36.53,125.94036697247705,-70.31546990909091,-70.30002,36.28636363636364,38.0,123.77828948643412,123.17198153251019,0,0,92.201683420961,92.201683420961,91.75004837045861
1648,2020-09-29T02:21:46,2020-09-29T02:50:36,174,18.8,46.4,27.599999999999998,33.97389372222222,123.0938178341385,28.83333396911621,58.32,19.4,125.68965517241381,-70.69713649425286,-70.60001,31.764367816091955,35.0,123.0938178341385,123.17198153251019,0,0,91.69182471425702,91.69182471425702,91.75004837045861
1651,2020-09-29T02:51:37,2020-09-29T03:24:17,197,47.2,79.2,32.0,38.49778377777777,120.30557430555552,32.66666793823242,99.56,33.12,125.7070707070707,-70.71016329949238,-70.70001,35.34771573604061,37.0,120.30557430555552,123.17198153251019,0,0,89.6148793291689,89.6148793291689,91.75004837045861
1652,2020-09-29T03:24:28,2020-09-29T03:50:58,160,79.2,98.0,18.799999999999997,23.288477680555555,123.87488127955085,26.5,123.27,41.0,125.78571428571428,-52.66376231250001,-13.89999,36.75,38.0,123.87488127955085,123.17198153251019,0,0,92.2736340511318,92.2736340511318,91.75004837045861
1653,2020-09-30T01:14:10,2020-09-30T01:36:00,132,38.4,59.2,20.800000000000004,25.720698083333335,123.65720232371793,21.83333396911621,74.41,24.75,125.69256756756755,-70.68258575757575,-70.60001,33.24242424242424,36.0,123.65720232371793,123.17198153251019,0,0,92.1114863412516,92.1114863412516,91.75004837045861
1654,2020-09-30T01:36:11,2020-09-30T02:04:11,169,59.2,86.0,26.799999999999997,33.00917291666667,123.16855565920402,28.0,108.2,35.99,125.81395348837209,-70.73433295857988,-70.70001,35.44082840236686,37.0,123.16855565920402,123.14244598110056,0,0,91.74749645859,91.74749645859,91.72804752061627
1656,2020-09-30T16:23:18,2020-09-30T16:49:38,159,38.8,55.2,16.400000000000006,19.686670111111106,120.04067140921401,26.33333396911621,69.37,23.07,125.67028985507247,-44.85409591194969,-44.10001,31.39622641509434,33.0,120.04067140921401,123.10507706856782,0,0,89.41755479764473,89.41755479764473,91.70021164844978
1657,2020-09-30T16:49:49,2020-09-30T17:23:19,202,55.2,74.8,19.599999999999994,24.018614805555554,122.54395308956919,33.5,94.09,31.3,125.78877005347594,-43.018818514851496,-42.0,32.87376237623762,34.0,122.54395308956919,123.10507706856782,0,0,91.28223386182661,91.28223386182661,91.70021164844978
1658,2020-09-30T17:23:30,2020-09-30T17:43:30,121,74.8,86.0,11.200000000000003,13.830835500000003,123.48960267857142,20.0,108.25,36.0,125.87209302325581,-41.49256842975207,-40.89999,33.0,34.0,123.48960267857142,123.14244598110056,0,0,91.98664240062696,91.98664240062696,91.72804752061627
1660,2020-10-01T10:01:06,2020-10-01T10:27:36,160,31.6,49.6,18.0,22.127504416666667,122.9305800925926,26.5,62.4,20.75,125.80645161290322,-50.10001,-50.10001,30.25,32.0,122.9305800925926,123.10507706856782,0,0,91.57022992868669,91.57022992868669,91.70021164844978
1661,2020-10-01T10:27:47,2020-10-01T10:59:37,192,49.6,72.0,22.4,26.579727416666667,118.65949739583336,31.83333396911621,90.57,30.13,125.79166666666666,-50.097926458333326,-50.0,32.21875,33.0,118.65949739583336,123.03972426026573,0,0,88.38872680479273,88.38872680479273,91.65153074514484
1662,2020-10-01T10:59:48,2020-10-01T11:26:18,160,72.0,90.0,18.0,22.0023657638889,122.23536535493834,26.5,113.22,37.66,125.8,-49.801885562500004,-44.80002,32.9125,34.0,122.23536535493834,122.95810538949277,0,0,91.05236876404513,91.05236876404513,91.59073335235966
1665,2020-10-01T20:04:55,2020-10-01T21:44:20,746,20.4,97.6,77.19999999999999,95.09469348194443,123.17965476935808,99.41666412353516,122.79,40.84,125.8094262295082,-57.36435096514745,-13.39999,35.19839142091153,38.0,123.17965476935808,123.03972426026573,0,0,91.755764117199,91.755764117199,91.65153074514484
1666,2020-10-02T02:22:51,2020-10-02T02:37:31,111,53.6,64.8,11.199999999999996,14.11022353333333,125.98413869047621,14.666666984558105,81.43,27.08,125.66358024691358,-57.72523063063063,-56.70001,34.5,36.0,125.98413869047621,123.03972426026573,0,0,93.84480687039078,93.84480687039078,91.65153074514484
1668,2020-10-02T02:38:26,2020-10-02T03:18:28,301,64.8,93.2,28.400000000000006,35.50372507638889,125.01311646615805,40.03333282470703,117.22,38.99,125.7725321888412,-53.20133315614619,-44.30002,35.40531561461794,37.0,125.01311646615805,123.03972426026573,0,0,93.12149841223736,93.12149841223736,91.65153074514484
1669,2020-10-02T11:41:46,2020-10-02T12:03:46,133,7.6,25.6,18.0,22.527779638888887,125.15433132716049,22.0,32.09,10.67,125.35156250000001,-61.44211045112781,-60.5,33.545112781954884,35.0,125.15433132716049,123.13118674667126,0,0,93.22668849009757,93.22668849009757,91.71966058642352
1670,2020-10-02T12:03:57,2020-10-02T12:31:17,165,25.6,48.0,22.4,27.359586652777775,122.14101184275793,27.33333396911621,60.26,20.04,125.54166666666667,-60.05697703030303,-59.10001,35.0030303030303,37.0,122.14101184275793,123.03972426026573,0,0,90.98208541552086,90.98208541552086,91.65153074514484
1671,2020-10-02T12:31:28,2020-10-02T13:00:08,173,48.0,70.8,22.799999999999997,27.554030513888886,120.85101102582846,28.66666603088379,89.11,29.64,125.86158192090396,-57.67168208092486,-56.10001,37.578034682080926,39.0,120.85101102582846,122.95810538949277,0,0,90.0211717736471,90.0211717736471,91.59073335235966
1672,2020-10-02T13:00:19,2020-10-02T13:18:19,109,70.8,84.4,13.600000000000009,16.590001541666666,121.98530545343128,18.0,106.22,35.33,125.85308056872037,-55.300005137614676,-54.20001,38.211009174311926,40.0,121.98530545343128,122.91139119611414,0,0,90.86610068770725,90.86610068770725,91.55593623820474
1673,2020-10-02T13:18:33,2020-10-02T13:35:23,102,84.4,95.2,10.799999999999997,13.490278944444448,124.90999022633751,16.83333396911621,119.82,39.86,125.86134453781511,-48.09706303921569,-44.39999,39.0,40.0,124.90999022633751,122.95810538949277,0,0,93.04468031307168,93.04468031307168,91.59073335235966
1675,2020-10-02T17:35:34,2020-10-02T18:04:24,174,62.0,88.8,26.799999999999997,33.20916929166667,123.91481078980102,28.83333396911621,111.72,37.16,125.8108108108108,-69.03793649425288,-44.5,39.80172413793103,41.0,123.91481078980102,123.03972426026573,0,0,92.30337729672449,92.30337729672449,91.65153074514484
1677,2020-10-03T09:53:53,2020-10-03T11:10:20,574,32.4,97.6,65.19999999999999,80.16163439027777,122.9472920096285,76.44999694824219,122.77,40.84,125.7889344262295,-62.87718505226483,-13.30002,33.88240418118467,36.0,122.9472920096285,122.96646134801071,0,0,91.58267853247895,91.58267853247895,91.59695765425579
1678,2020-10-03T16:45:46,2020-10-03T17:12:26,161,56.4,81.6,25.199999999999996,31.10944427777778,123.4501757054674,26.66666603088379,102.63,34.14,125.77205882352942,-69.99627291925466,-69.89999,37.66770186335404,39.0,123.4501757054674,122.96646134801071,0,0,91.95727349185091,91.95727349185091,91.59695765425579
1681,2020-10-04T00:01:17,2020-10-04T00:23:37,135,27.6,40.8,13.199999999999996,16.688614916666666,126.42890088383842,22.33333396911621,51.26,17.05,125.63725490196079,-44.835565777777795,-44.80002,36.7,38.0,126.42890088383842,123.03972426026573,0,0,94.17610748150878,94.17610748150878,91.65153074514484
1682,2020-10-04T00:23:48,2020-10-04T00:50:28,161,41.2,57.6,16.4,19.91167538888889,121.41265481029814,26.66666603088379,72.35,24.07,125.60763888888886,-44.80126186335405,-44.80002,37.87888198757764,40.0,121.41265481029814,123.03972426026573,0,0,90.43953676015549,90.43953676015549,91.65153074514484
1683,2020-10-04T00:50:39,2020-10-04T01:19:09,172,57.6,75.2,17.6,21.280287194444448,120.91072269570708,28.5,94.6,31.47,125.79787234042553,-44.80060122093025,-44.80002,38.924418604651166,40.0,120.91072269570708,122.96646134801071,0,0,90.06565062777837,90.06565062777837,91.59695765425579
1684,2020-10-04T01:19:20,2020-10-04T01:49:10,180,75.2,93.2,18.0,22.255146861111115,123.63970478395065,29.83333396911621,117.22,38.99,125.7725321888412,-44.75834933333334,-44.5,39.0,40.0,123.63970478395065,123.03972426026573,0,0,92.0984525319385,92.0984525319385,91.65153074514484
1687,2020-10-05T16:42:17,2020-10-05T17:09:37,165,31.6,50.4,18.799999999999997,22.82333788888889,121.40073345153667,27.33333396911621,63.34,21.07,125.67460317460318,-50.10001,-50.10001,31.6,33.0,121.40073345153667,122.96646134801071,0,0,90.4306566136368,90.4306566136368,91.59695765425579
1688,2020-10-05T17:09:48,2020-10-05T17:36:48,163,50.4,69.2,18.800000000000004,22.545004500000005,119.92023670212765,27.0,87.09,28.97,125.85260115606935,-50.10001,-50.10001,33.76687116564417,35.0,119.92023670212765,122.96646134801071,0,0,89.32784372810461,89.32784372810461,91.59695765425579
1692,2020-10-05T18:08:32,2020-10-05T18:29:02,124,88.0,97.6,9.599999999999994,11.96236611111111,124.60798032407413,20.5,122.77,40.84,125.7889344262295,-34.96453072580646,-13.5,35.5,36.0,124.60798032407413,123.03972426026573,0,0,92.819715001998,92.819715001998,91.65153074514484
1693,2020-10-06T15:22:59,2020-10-06T17:22:00,893,38.0,99.6,61.599999999999994,77.43360525277778,125.70390463113276,119.01667022705078,125.28,41.68,125.78313253012048,-39.00895563269877,-13.70001,29.911534154535275,32.0,125.70390463113276,123.13118674667126,0,0,93.6360622502271,93.6360622502271,91.71966058642352
1694,2020-10-07T00:15:37,2020-10-07T02:12:46,879,26.0,97.6,71.6,87.7989743361111,122.62426583255741,117.1500015258789,122.77,40.84,125.7889344262295,-44.967464118316265,-44.70001,32.696814562002274,35.0,122.62426583255741,123.13118674667126,0,0,91.3420583280912,91.3420583280912,91.71966058642352
1695,2020-10-07T15:00:30,2020-10-07T16:03:53,476,56.0,94.4,38.400000000000006,47.60373397777778,123.96805723379627,63.38333511352539,118.79,39.51,125.83686440677965,-45.06261617647059,-44.80002,30.238445378151262,32.0,123.96805723379627,123.17410521428104,0,0,92.34304024402255,92.34304024402255,91.7516302878945
1697,2020-10-08T06:05:16,2020-10-08T06:36:56,191,44.8,75.2,30.400000000000006,37.038616458333344,121.83755413925441,31.66666603088379,94.62,31.47,125.82446808510639,-70.17854418848168,-70.0,29.159685863874344,31.0,121.83755413925441,123.13118674667126,0,0,90.75604164624457,90.75604164624457,91.71966058642352
1698,2020-10-08T06:37:07,2020-10-08T07:04:27,165,75.6,96.0,20.400000000000006,25.732365194444444,126.13904507080606,27.33333396911621,120.82,40.19,125.85416666666666,-56.49152412121213,-44.60001,30.936363636363637,32.0,126.13904507080606,123.17410521428104,0,0,93.96019567644328,93.96019567644328,91.7516302878945
1701,2020-10-08T16:42:38,2020-10-08T17:14:58,195,46.0,76.8,30.799999999999997,37.77500519444445,122.64612076118327,32.33333206176758,96.62,32.14,125.80729166666667,-70.09795835897435,-70.0,32.54871794871795,34.0,122.64612076118327,123.17410521428104,0,0,91.35833792945513,91.35833792945513,91.7516302878945
1702,2020-10-08T17:15:09,2020-10-08T17:44:19,176,77.2,97.6,20.39999999999999,25.627644638888892,125.6257090141613,29.16666603088379,122.8,40.85,125.81967213114754,-52.65796636363637,-13.60001,34.125,35.0,125.6257090141613,123.22974786509798,0,0,93.57781481805767,93.57781481805767,91.79307815485578
1704,2020-10-09T05:27:19,2020-10-09T05:59:39,195,8.400001,38.8,30.399998999999998,37.24236619444446,122.5077875642182,32.33333206176758,48.72,16.2,125.56701030927836,-69.10975302564101,-69.0,28.735897435897435,31.0,122.5077875642182,123.17410521428104,0,0,91.25529438534006,91.25529438534006,91.7516302878945
1705,2020-10-09T05:59:50,2020-10-09T06:35:10,213,38.8,72.0,33.2,40.733200361111116,122.69036253346721,35.33333206176758,90.67,30.15,125.93055555555556,-69.16949361502347,-69.10001,32.05868544600939,35.0,122.69036253346721,123.13118674667126,0,0,91.39129335240557,91.39129335240557,91.71966058642352
1706,2020-10-09T06:35:21,2020-10-09T07:07:11,192,72.4,96.4,24.0,29.940838833333334,124.7534951388889,31.83333396911621,121.25,40.33,125.77800829875518,-56.432822864583336,-43.60001,33.8515625,36.0,124.7534951388889,123.17410521428104,0,0,92.92810808889779,92.92810808889779,91.7516302878945
1708,2020-10-09T16:40:04,2020-10-09T19:46:57,1403,41.6,97.6,55.99999999999999,69.90087052916667,124.82298308779764,186.88333129882812,122.79,40.84,125.8094262295082,-22.442122594440484,-22.30002,31.94048467569494,33.0,124.82298308779764,123.17410521428104,0,0,92.97986923290324,92.97986923290324,91.7516302878945
1710,2020-10-10T02:42:20,2020-10-10T03:10:50,172,55.2,82.0,26.799999999999997,33.284308208333336,124.19517988184083,28.5,103.13,34.3,125.76829268292683,-70.07209860465116,-69.80002,30.90406976744186,33.0,124.19517988184083,123.17410521428104,0,0,92.51222250190978,92.51222250190978,91.7516302878945
1711,2020-10-10T03:11:01,2020-10-10T03:36:31,154,82.4,97.6,15.199999999999989,19.11347511111111,125.74654678362582,25.5,122.79,40.84,125.8094262295082,-44.95195480519481,-13.39999,32.0,33.0,125.74654678362582,123.17410521428104,0,0,93.66782612627406,93.66782612627406,91.7516302878945
1713,2020-10-10T11:38:39,2020-10-10T12:09:49,188,61.2,89.6,28.39999999999999,34.86486388888889,122.76360524256656,31.16666603088379,112.75,37.5,125.83705357142858,-67.06862234042553,-44.70001,31.24468085106383,33.0,122.76360524256656,123.13118674667126,0,0,91.44585139408873,91.44585139408873,91.71966058642352
1715,2020-10-10T15:13:19,2020-10-10T15:33:59,125,73.2,90.8,17.599999999999994,22.051252208333334,125.29120572916672,20.66666603088379,114.28,38.01,125.85903083700441,-63.96640639999999,-44.5,34.688,36.0,125.29120572916672,123.13118674667126,0,0,93.32864538685688,93.32864538685688,91.71966058642352
1717,2020-10-10T18:46:35,2020-10-10T19:03:45,104,74.4,85.6,11.199999999999989,14.227920347222216,127.03500310019848,17.16666603088379,107.66,35.81,125.77102803738318,-49.72885903846156,-49.70001,35.0,36.0,127.03500310019848,123.17410521428104,0,0,94.62758927937041,94.62758927937041,91.7516302878945
1718,2020-10-10T19:03:56,2020-10-10T19:22:46,114,85.6,97.2,11.600000000000009,14.40624919444444,124.19180340038301,18.83333396911621,122.3,40.68,125.82304526748972,-45.90613780701754,-44.39999,35.0,36.0,124.19180340038301,123.31491523741275,0,0,92.50970738172398,92.50970738172398,91.85651880452497
1719,2020-10-11T02:58:48,2020-10-11T03:26:58,170,38.8,65.2,26.400000000000006,32.759175250000006,124.08778503787877,28.16666603088379,81.97,27.26,125.72085889570552,-69.78295947058824,-69.70001,31.935294117647057,35.0,124.08778503787877,123.31491523741275,0,0,92.43222474588069,92.43222474588069,91.85651880452497
1720,2020-10-11T03:27:09,2020-10-11T03:55:19,170,65.6,90.4,24.80000000000001,30.765701944444448,124.05524977598563,28.16666603088379,113.79,37.85,125.87389380530973,-65.4870747647059,-44.5,33.86176470588235,36.0,124.05524977598563,123.46988919201941,0,0,92.40798943022448,92.40798943022448,91.97195794623894
1722,2020-10-11T11:02:26,2020-10-11T11:37:55,267,56.0,88.4,32.400000000000006,40.41262662361111,124.73032908521945,35.483333587646484,111.16,36.97,125.74660633484163,-68.29288662921347,-44.30002,32.20037453183521,34.0,124.73032908521945,123.56465373126103,0,0,92.91085183858601,92.91085183858601,92.04254746628274
1723,2020-10-12T12:10:08,2020-10-12T13:24:11,556,29.6,95.6,66.0,80.44864310416668,121.89188349116162,74.05000305175781,120.28,40.01,125.81589958158996,-65.1728451438849,-44.39999,32.79586330935252,35.0,121.89188349116162,123.46988919201941,0,0,90.79651124495852,90.79651124495852,91.97195794623894
1725,2020-10-12T17:44:15,2020-10-12T18:08:25,146,81.6,96.8,15.200000000000003,19.157221347222222,126.03435096856724,24.16666603088379,121.8,40.52,125.82644628099173,-47.56369643835617,-45.0,34.55821917808219,36.0,126.03435096856724,123.56465373126103,0,0,93.88220968624486,93.88220968624486,92.04254746628274
1726,2020-10-12T22:55:22,2020-10-12T23:11:52,100,68.4,79.6,11.199999999999989,13.691247444444445,122.24328075396838,16.5,100.14,33.31,125.80402010050253,-49.6689908,-26.20001,34.0,35.0,122.24328075396838,123.56465373126103,0,0,91.05826489589947,91.05826489589947,92.04254746628274
1727,2020-10-12T23:12:03,2020-10-12T23:42:33,184,79.6,98.0,18.400000000000006,22.782639166666662,123.81869112318834,30.5,123.27,41.0,125.78571428571428,-44.74728315217391,-13.60001,34.692934782608695,36.0,123.81869112318834,123.56465373126103,0,0,92.23177835067087,92.23177835067087,92.04254746628274
1729,2020-10-13T14:43:44,2020-10-13T15:10:24,161,16.4,41.6,25.200000000000003,31.15833730555556,123.6441956569665,26.66666603088379,52.31,17.4,125.7451923076923,-70.10622012422361,-70.0,32.89751552795031,35.0,123.6441956569665,123.56465373126103,0,0,92.10179775551373,92.10179775551373,92.04254746628274
1730,2020-10-13T15:10:35,2020-10-13T15:38:45,170,42.0,69.2,27.200000000000003,32.911254194444446,120.99725806781045,28.16666603088379,87.14,28.98,125.92485549132947,-70.10706776470587,-70.0,35.991176470588236,38.0,120.99725806781045,123.56465373126103,0,0,90.13011029204175,90.13011029204175,92.04254746628274
1731,2020-10-13T15:38:56,2020-10-13T15:58:11,117,69.2,87.6,18.39999999999999,22.243363625000008,120.88784578804358,19.25,110.22,36.66,125.8219178082192,-69.23163179487179,-44.70001,37.18376068376068,39.0,120.88784578804358,123.56465373126103,0,0,90.04860976054073,90.04860976054073,92.04254746628274
1732,2020-10-13T15:58:22,2020-10-13T16:16:52,112,87.6,97.6,10.0,12.617364805555555,126.17364805555555,18.5,122.76,40.83,125.77868852459017,-40.816083392857145,-13.5,37.44642857142857,39.0,126.17364805555555,123.64195022045857,0,0,93.98597122608554,93.98597122608554,92.10012514372612
1733,2020-10-14T07:43:07,2020-10-14T08:00:57,108,26.0,42.8,16.799999999999997,20.826528805555554,123.96743336640212,17.83333396911621,53.76,17.88,125.60747663551402,-70.07222564814816,-70.0,27.47685185185185,29.0,123.96743336640212,123.73144339007743,0,0,92.34257552905345,92.34257552905345,92.16678805309229
1734,2020-10-14T08:01:08,2020-10-14T08:30:08,175,42.8,70.8,28.0,33.83958395833333,120.85565699404759,29.0,89.00999,29.6,125.72032485875707,-70.01257268571429,-69.89999,30.52285714285714,32.0,120.85565699404759,123.73144339007743,0,0,90.02463252668143,90.02463252668143,92.16678805309229
1735,2020-10-14T08:30:19,2020-10-14T08:58:09,168,71.2,93.6,22.39999999999999,27.77180626388889,123.98127796378974,27.83333396911621,117.79,39.18,125.8440170940171,-59.85297767857143,-44.70001,32.348214285714285,33.0,123.98127796378974,123.86675095649468,0,0,92.35288828414741,92.35288828414741,92.26757782369768
1738,2020-10-14T16:20:08,2020-10-14T16:48:18,170,64.8,90.0,25.200000000000003,31.309719763888886,124.24491969797177,28.16666603088379,113.23,37.66,125.81111111111112,-66.64175952941176,-44.89999,34.326470588235296,36.0,124.24491969797177,123.94112207810157,0,0,92.54927338376757,92.54927338376757,92.32297641288898
1741,2020-10-14T22:07:06,2020-10-14T22:37:06,181,76.0,95.2,19.200000000000003,24.150137277777773,125.78196498842588,30.0,119.85,39.86,125.89285714285712,-48.294471933701665,-44.60001,33.0,34.0,125.78196498842588,123.9677453000992,0,0,93.69420892829746,93.69420892829746,92.342807886538
1744,2020-10-15T05:39:00,2020-10-15T06:10:20,189,68.0,84.8,16.799999999999997,20.86513651388889,124.19724115410054,31.33333396911621,106.65,35.47,125.76650943396227,-39.9544928042328,-39.89999,31.002645502645503,32.0,124.19724115410054,123.9677453000992,0,0,92.51375793088623,92.51375793088623,92.342807886538
1746,2020-10-15T14:00:56,2020-10-15T14:27:26,160,30.0,44.0,14.0,17.314443366666662,123.67459547619043,26.5,55.25,18.37,125.56818181818181,-39.098122575000005,-5.0,33.28125,35.0,123.67459547619043,123.94112207810157,0,0,92.1244423931135,92.1244423931135,92.32297641288898
1747,2020-10-15T14:27:37,2020-10-15T14:56:37,175,44.4,60.4,16.0,19.303330333333335,120.64581458333335,29.0,75.97,25.27,125.77814569536424,-39.937708057142856,-39.89999,34.55142857142857,36.0,120.64581458333335,123.86675095649468,0,0,89.868322210864,89.868322210864,92.26757782369768
1748,2020-10-15T14:56:48,2020-10-15T15:26:48,181,60.4,76.8,16.4,19.96194063888889,121.7191502371274,30.0,96.65,32.14,125.84635416666667,-39.923749281767954,-39.89999,35.0,36.0,121.7191502371274,123.86675095649468,0,0,90.66784331077704,90.66784331077704,92.26757782369768
1749,2020-10-15T15:26:59,2020-10-15T15:56:09,176,76.8,92.4,15.600000000000009,19.405551666666668,124.3945619658119,29.16666603088379,116.25,38.67,125.8116883116883,-39.919878352272725,-39.89999,35.0,36.0,124.3945619658119,123.94112207810157,0,0,92.66074098493606,92.66074098493606,92.32297641288898
1753,2020-10-15T20:05:57,2020-10-15T20:36:07,182,76.0,94.0,18.0,22.63681156944445,125.7600642746914,30.16666603088379,118.28,39.35,125.82978723404256,-45.0230889010989,-44.70001,35.0,36.0,125.7600642746914,123.9677453000992,0,0,93.67789522188886,93.67789522188886,92.342807886538
1756,2020-10-16T18:46:57,2020-10-16T19:16:17,177,22.4,42.4,20.0,24.491671361111116,122.45835680555558,29.33333396911621,53.3,17.73,125.70754716981132,-50.096619774011295,-50.0,32.728813559322035,35.0,122.45835680555558,123.94112207810157,0,0,91.21847371848179,91.21847371848179,92.32297641288898
1757,2020-10-16T19:16:28,2020-10-16T19:46:18,180,42.4,63.2,20.800000000000004,24.90583777777778,119.73960470085468,29.83333396911621,79.42,26.42,125.66455696202532,-50.09000894444444,-50.0,34.88055555555555,36.0,119.73960470085468,123.89306224479523,0,0,89.19329206588529,89.19329206588529,92.28717693986215
1758,2020-10-16T19:46:29,2020-10-16T20:03:03,101,63.2,74.8,11.599999999999994,13.831224788888887,119.23469645593875,16.566667556762695,94.07,31.29,125.76203208556149,-50.093078613861394,-50.0,35.86138613861386,37.0,119.23469645593875,123.89306224479523,0,0,88.81718903240885,88.81718903240885,92.28717693986215
1759,2020-10-16T20:03:14,2020-10-16T20:30:34,165,74.8,92.8,18.0,22.344866569444452,124.13814760802474,27.33333396911621,116.73,38.83,125.78663793103449,-49.040012000000004,-44.80002,36.0,37.0,124.13814760802474,123.9677453000992,0,0,92.46973951335833,92.46973951335833,92.342807886538
1761,2020-10-17T11:45:15,2020-10-17T12:01:45,100,36.8,48.0,11.200000000000003,13.749166583333334,122.76041592261902,16.5,59.2,19.69,123.33333333333334,-49.996999699999996,-49.89999,27.405,29.0,122.76041592261902,123.89306224479523,0,0,91.44347568935609,91.44347568935609,92.28717693986215
1762,2020-10-17T12:01:56,2020-10-17T12:33:26,190,48.4,70.0,21.6,26.24944438888889,121.52520550411522,31.5,86.46,28.76,123.51428571428572,-49.998947263157895,-49.89999,29.471052631578946,31.0,121.52520550411522,123.89306224479523,0,0,90.5233750769006,90.5233750769006,92.28717693986215
1763,2020-10-17T12:33:37,2020-10-17T13:01:37,169,70.0,89.2,19.200000000000003,23.33361113888889,121.52922468171295,28.0,110.17,36.65,123.50896860986548,-50.00059177514793,-50.0,30.60355029585799,32.0,121.52922468171295,123.89306224479523,0,0,90.52636893747193,90.52636893747193,92.28717693986215
1765,2020-10-17T18:41:20,2020-10-17T19:04:30,140,52.8,68.4,15.600000000000009,19.27027425,123.52739903846147,23.16666603088379,84.43,28.08,123.43567251461988,-49.90856228571429,-49.89999,30.942857142857143,32.0,123.52739903846147,123.89306224479523,0,0,92.0147966756901,92.0147966756901,92.28717693986215
1766,2020-10-17T19:04:41,2020-10-17T19:34:31,180,68.8,88.8,20.0,24.815273194444444,124.07636597222222,29.83333396911621,109.65,36.47,123.47972972972974,-49.907768555555556,-49.89999,31.872222222222224,33.0,124.07636597222222,123.9677453000992,0,0,92.42371875439383,92.42371875439383,92.342807886538
1769,2020-10-18T04:03:43,2020-10-18T04:31:53,170,43.2,58.8,15.599999999999994,18.77777777777778,120.37037037037042,28.16666603088379,72.54,24.13,123.36734693877553,-40.0,-40.0,28.011764705882353,30.0,120.37037037037042,123.9677453000992,0,0,89.66314551768852,89.66314551768852,92.342807886538
1770,2020-10-18T04:32:04,2020-10-18T04:59:34,166,58.8,73.6,14.799999999999997,18.333333333333332,123.87387387387389,27.5,90.84,30.22,123.42391304347827,-40.0,-40.0,29.0,30.0,123.87387387387389,123.92065362013801,0,0,92.27288364086445,92.27288364086445,92.30772958495895
1771,2020-10-18T04:59:45,2020-10-18T05:20:35,126,74.0,85.2,11.200000000000003,13.833611138888887,123.51438516865075,20.83333396911621,105.19,34.99,123.46244131455398,-39.68333341269842,0.0,29.5,31.0,123.51438516865075,123.84628249853111,0,0,92.00510272443785,92.00510272443785,92.25233099576766
1772,2020-10-18T16:01:38,2020-10-18T16:22:48,128,23.2,44.0,20.8,25.27222545833334,121.5010839342949,21.16666603088379,54.35,18.08,123.52272727272728,-71.63750914062501,-71.5,30.76953125,33.0,121.5010839342949,123.84628249853111,0,0,90.505407068509,90.505407068509,92.25233099576766
1773,2020-10-18T16:22:59,2020-10-18T16:53:39,185,44.0,74.8,30.799999999999997,36.57611404166667,118.75361701839829,30.66666603088379,92.41,30.74,123.54278074866309,-71.56216789189189,-71.5,34.002702702702706,36.0,118.75361701839829,123.7466432996894,0,0,88.45883593038687,88.45883593038687,92.17811037189219
1775,2020-10-19T03:27:58,2020-10-19T04:57:29,672,18.0,98.0,80.0,96.21211215555554,120.26514019444443,89.51667022705078,121.0,40.25,123.46938775510205,-64.44553642857143,0.0,31.859375,35.0,120.26514019444443,123.7466432996894,0,0,89.58476020951116,89.58476020951116,92.17811037189219
1777,2020-10-19T12:50:04,2020-10-19T13:19:04,175,51.2,74.0,22.799999999999997,27.82722515277778,122.04923312621834,29.0,91.37,30.39,123.47297297297298,-57.57429182857144,-56.0,30.602857142857143,32.0,122.04923312621834,123.65939556657847,0,0,90.91372001636825,90.91372001636825,92.11312007431361
1778,2020-10-19T13:19:15,2020-10-19T13:46:55,167,74.0,93.6,19.599999999999994,23.91319581944444,122.00610111961451,27.66666603088379,115.66,38.47,123.56837606837607,-51.84850592814371,-43.89999,31.54191616766467,33.0,122.00610111961451,123.65939556657847,0,0,90.88159125101936,90.88159125101936,92.11312007431361
1781,2020-10-20T08:47:36,2020-10-20T09:17:26,180,61.2,79.6,18.39999999999999,22.325272805555553,121.33300437801937,29.83333396911621,98.1,32.62,123.24120603015076,-44.89999,-44.89999,24.66111111111111,26.0,121.33300437801937,123.58579734771399,0,0,90.38020564504815,90.38020564504815,92.05829721560193
1782,2020-10-20T09:17:37,2020-10-20T09:47:47,182,79.6,97.6,18.0,22.283335097222224,123.79630609567903,30.16666603088379,120.54,40.09,123.50409836065575,-44.23681670329672,-13.30002,25.695054945054945,27.0,123.79630609567903,123.65939556657847,0,0,92.21510388192237,92.21510388192237,92.11312007431361
1785,2020-10-20T16:27:59,2020-10-20T16:54:19,159,62.0,70.0,8.0,9.875,123.4375,26.33333396911621,86.4,28.74,123.42857142857144,-22.5,-22.5,29.0,30.0,123.4375,123.65939556657847,0,0,91.94783143712958,91.94783143712958,92.11312007431361
1786,2020-10-20T16:54:30,2020-10-20T17:26:54,196,70.0,80.0,10.0,12.15,121.5,32.400001525878906,98.75999,32.85,123.44998749999999,-22.5,-22.5,29.0,30.0,121.5,123.58579734771399,0,0,90.50459965254679,90.50459965254679,92.05829721560193
1787,2020-10-20T17:27:05,2020-10-20T17:58:05,187,80.0,89.2,9.200000000000003,11.625,126.35869565217388,31.0,110.13,36.63,123.46412556053811,-22.5,-22.5,28.87433155080214,30.0,126.35869565217388,123.58579734771399,0,0,94.12381203800825,94.12381203800825,92.05829721560193
1788,2020-10-20T17:58:16,2020-10-20T18:26:26,170,89.2,97.6,8.399999999999991,10.372775124999999,123.48541815476203,28.16666603088379,120.55,40.1,123.51434426229508,-22.09646494117647,-21.89999,28.55294117647059,30.0,123.48541815476203,123.52089210355611,0,0,91.98352537468371,91.98352537468371,92.00994970006397
1791,2020-10-21T12:51:18,2020-10-21T13:21:08,180,70.0,94.4,24.400000000000006,29.88263898611111,122.46983191029142,29.83333396911621,116.56,38.77,123.47457627118644,-60.08166683333333,-43.70001,28.833333333333332,30.0,122.46983191029142,123.49990166170639,0,0,91.22702145313272,91.22702145313272,91.99431404956078
1793,2020-10-21T18:36:28,2020-10-21T18:55:08,113,60.8,80.0,19.200000000000003,22.994721986111113,119.76417701099535,18.66666603088379,98.75999,32.85,123.44998749999999,-73.91061876106194,-73.60001,30.08407079646018,31.0,119.76417701099535,123.49990166170639,0,0,89.21159582795788,89.21159582795788,91.99431404956078
1794,2020-10-21T18:55:19,2020-10-21T19:18:09,138,80.0,96.8,16.799999999999997,20.850418055555558,124.10963128306881,22.83333396911621,119.63,39.79,123.58471074380165,-54.821742753623184,-44.5,30.992753623188406,32.0,124.10963128306881,123.49990166170639,0,0,92.44849787900691,92.44849787900691,91.99431404956078
1796,2020-10-22T11:13:57,2020-10-22T11:51:17,225,33.2,56.8,23.599999999999994,28.00555611111111,118.66761064030136,37.33333206176758,70.03,23.29,123.29225352112677,-45.00888977777778,-45.0,27.346666666666668,29.0,118.66761064030136,123.46145907738102,0,0,88.39477031049199,88.39477031049199,91.96567840590664
1797,2020-10-22T11:51:28,2020-10-22T12:22:48,189,56.8,76.8,20.0,23.53180873611111,117.65904368055554,31.33333396911621,94.84,31.55,123.48958333333333,-45.06085264550265,-45.0,29.32804232804233,30.0,117.65904368055554,123.09895796130951,0,0,87.6434950107835,87.6434950107835,91.69565356324284
1798,2020-10-22T12:22:59,2020-10-22T12:51:39,173,76.8,94.0,17.200000000000003,21.41736465277778,124.5195619347545,28.66666603088379,116.15,38.64,123.56382978723406,-44.82544092485549,-44.0,30.057803468208093,31.0,124.5195619347545,123.09895796130951,0,0,92.75385268983919,92.75385268983919,91.69565356324284
1800,2020-10-23T00:50:36,2020-10-23T01:14:36,145,7.2,20.0,12.8,15.6187463,122.02145546874999,24.0,24.58,8.17,122.89999999999999,-38.93171497931034,-4.800018,29.0,30.0,122.02145546874999,122.61512391645522,0,0,90.89302861086654,90.89302861086654,91.3352485712444
1801,2020-10-23T01:14:47,2020-10-23T01:49:27,209,20.0,39.2,19.200000000000003,23.05332755555555,120.0694143518518,34.66666793823242,48.32,16.07,123.26530612244898,-39.89999,-39.89999,29.6555023923445,32.0,120.0694143518518,122.4640943579235,0,0,89.43896523810785,89.43896523810785,91.22274758580726
1802,2020-10-23T01:49:38,2020-10-23T02:24:38,211,39.2,58.4,19.199999999999996,23.274994166666666,121.22392795138892,35.0,72.06,23.97,123.39041095890413,-39.89999,-39.89999,31.66824644549763,34.0,121.22392795138892,122.4640943579235,0,0,90.29895528847433,90.29895528847433,91.22274758580726
1803,2020-10-23T02:24:49,2020-10-23T02:47:19,136,58.8,71.2,12.400000000000006,14.96249625,120.66529233870962,22.5,87.83,29.22,123.35674157303369,-39.89999,-39.89999,33.0,34.0,120.66529233870962,122.35081877976198,0,0,89.88283107055503,89.88283107055503,91.13836930719063
1804,2020-10-23T11:43:43,2020-10-23T12:02:43,115,32.8,45.6,12.800000000000004,15.715560777777783,122.77781857638891,19.0,56.17,18.68,123.1798245614035,-49.44784252173913,-8.0,27.05217391304348,28.0,122.77781857638891,122.4640943579235,0,0,91.45643881867572,91.45643881867572,91.22274758580726
1805,2020-10-23T12:02:54,2020-10-23T12:33:34,185,46.0,67.2,21.200000000000003,25.45334355555556,120.06294129979037,30.66666603088379,82.96,27.6,123.45238095238093,-49.80002,-49.80002,29.09189189189189,31.0,120.06294129979037,122.25379496588695,0,0,89.4341435016029,89.4341435016029,91.06609686742502
1806,2020-10-23T12:33:45,2020-10-23T13:01:15,166,67.6,86.4,18.80000000000001,22.825009166666675,121.40962322695033,27.5,106.66,35.48,123.44907407407406,-49.80002,-49.80002,30.39457831325301,31.0,121.40962322695033,122.03534429748416,0,0,90.43727855244185,90.43727855244185,90.90337431361739
1807,2020-10-23T13:01:26,2020-10-23T13:20:26,115,86.4,98.0,11.599999999999994,14.260559500000003,122.93585775862078,19.0,121.0,40.25,123.46938775510205,-44.85827330434783,0.0,31.06086956521739,32.0,122.93585775862078,122.25379496588695,0,0,91.5741612295178,91.5741612295178,91.06609686742502
1808,2020-10-23T21:35:46,2020-10-23T23:08:30,696,14.8,98.0,83.2,100.90964432916667,121.28563020332531,92.73332977294922,121.0,40.25,123.46938775510205,-65.27931386494254,-43.60001,34.17456896551724,37.0,121.28563020332531,122.25379496588695,0,0,90.3449169148872,90.3449169148872,91.06609686742502
1810,2020-10-24T20:04:08,2020-10-24T20:33:48,179,30.0,59.2,29.200000000000003,34.552639097222226,118.33095581240487,29.66666603088379,73.02,24.29,123.34459459459457,-69.88156469273744,-69.80002,29.793296089385475,32.0,118.33095581240487,122.03534429748416,0,0,88.14399820827083,88.14399820827083,90.90337431361739
1811,2020-10-24T20:33:59,2020-10-24T21:02:39,173,59.2,86.8,27.599999999999994,33.40846945833334,121.04517919685995,28.66666603088379,107.23,35.67,123.536866359447,-69.92427173410405,-69.80002,32.59537572254335,34.0,121.04517919685995,122.01377829418226,0,0,90.16580644512425,90.16580644512425,90.88730993094295
1812,2020-10-24T21:02:50,2020-10-24T21:21:10,111,86.8,97.6,10.799999999999997,13.430420777777783,124.35574794238691,18.33333396911621,120.57,40.1,123.53483606557377,-43.93244576576575,-13.20001,33.5,34.0,124.35574794238691,122.03534429748416,0,0,92.6318286585905,92.6318286585905,90.90337431361739
1813,2020-10-25T08:18:46,2020-10-25T08:36:16,106,48.8,65.6,16.799999999999997,20.341809736111113,121.08220081018521,17.5,80.9,26.91,123.32317073170734,-69.74341056603774,-69.70001,29.25,31.0,121.08220081018521,122.01377829418226,0,0,90.19338361625589,90.19338361625589,90.88730993094295
1814,2020-10-25T08:36:27,2020-10-25T09:06:17,180,65.6,91.6,26.0,31.841813458333338,122.46851330128206,29.83333396911621,113.18,37.65,123.55895196506552,-63.998904777777774,-43.70001,30.705555555555556,32.0,122.46851330128206,122.01377829418226,0,0,91.22603922942497,91.22603922942497,90.88730993094295
1816,2020-10-26T04:25:04,2020-10-26T04:54:54,180,62.8,90.4,27.60000000000001,33.5890317638889,121.69939044887278,29.83333396911621,111.67,37.15,123.5287610619469,-67.40723027777777,-38.20001,29.975,31.0,121.69939044887278,121.86262567837096,0,0,90.65312436653669,90.65312436653669,90.7747172808982
1819,2020-10-26T18:31:11,2020-10-26T19:01:31,183,14.4,44.0,29.6,35.817225166666674,121.00413907657658,30.33333396911621,54.25,18.04,123.29545454545455,-70.84754672131149,-70.80002,34.94808743169399,38.0,121.00413907657658,121.70927034300009,0,0,90.1352359129766,90.1352359129766,90.66048383865686
1820,2020-10-26T19:01:42,2020-10-26T19:33:52,194,44.0,75.6,31.599999999999994,38.00166561111111,120.25843547819973,32.16666793823242,93.32,31.04,123.43915343915344,-70.88401871134022,-70.80002,38.24226804123711,40.0,120.25843547819973,121.61430756529286,0,0,89.57976590778681,89.57976590778681,90.58974665200431
1821,2020-10-26T19:34:03,2020-10-26T20:03:43,179,75.6,97.6,22.0,27.665001652777782,125.75000751262628,29.66666603088379,120.61,40.12,123.57581967213115,-55.96089720670392,-44.30002,39.226256983240226,41.0,125.75000751262628,121.70927034300009,0,0,93.67040400193409,93.67040400193409,90.66048383865686
1822,2020-10-27T05:15:09,2020-10-27T06:32:08,578,34.4,95.6,61.199999999999996,74.19513511944446,121.23388091412494,76.98332977294922,118.03,39.26,123.46234309623432,-57.81540579584775,-43.80002,33.36332179930796,36.0,121.23388091412494,121.61430756529286,0,0,90.30636918894989,90.30636918894989,90.58974665200431
1823,2020-10-27T15:42:01,2020-10-27T16:02:31,124,25.6,45.6,20.0,24.18403390277778,120.9201695138889,20.5,56.17,18.68,123.1798245614035,-70.78227596774197,-70.70001,34.61290322580645,37.0,120.9201695138889,121.52721509291408,0,0,90.0726875043013,90.0726875043013,90.52487200718627
1824,2020-10-27T16:02:42,2020-10-27T16:32:52,182,45.6,75.2,29.6,35.59861891666668,120.26560444819823,30.16666603088379,92.86,30.89,123.48404255319149,-70.8038617032967,-70.70001,37.379120879120876,39.0,120.26560444819823,121.51314471920506,0,0,89.58510602926528,89.58510602926528,90.5143910727048
1825,2020-10-27T16:33:03,2020-10-27T16:52:23,117,75.6,92.0,16.400000000000006,20.23333459722222,123.37399144647691,19.33333396911621,113.6,37.79,123.4782608695652,-62.748721880341876,-44.39999,38.70940170940171,40.0,123.37399144647691,121.51314471920506,0,0,91.90052430781995,91.90052430781995,90.5143910727048
1826,2020-10-28T01:19:38,2020-10-28T01:47:58,171,25.6,53.2,27.6,33.026386638888894,119.66082115539453,28.33333396911621,65.59,21.82,123.28947368421052,-69.9380069005848,-69.80002,33.8421052631579,37.0,119.66082115539453,121.51314471920506,0,0,89.13460668941549,89.13460668941549,90.5143910727048
1827,2020-10-28T01:48:09,2020-10-28T02:18:09,181,53.2,82.4,29.200000000000003,34.97166416666667,119.76597317351597,30.0,101.82,33.87,123.56796116504853,-69.94308889502763,-69.80002,36.46408839779006,39.0,119.76597317351597,121.51314471920506,0,0,89.21293377832693,89.21293377832693,90.5143910727048
1829,2020-10-28T07:53:10,2020-10-28T08:12:38,119,44.4,63.2,18.800000000000004,23.035555555555554,122.52955082742312,19.46666717529297,78.12,25.99,123.60759493670886,-71.0,-70.89999,33.16386554621849,36.0,122.52955082742312,121.51314471920506,0,0,91.27150570569805,91.27150570569805,90.5143910727048
1831,2020-10-28T08:17:05,2020-10-28T08:38:05,127,66.4,86.8,20.39999999999999,24.905697888888895,122.08675435729856,21.0,107.15,35.65,123.4447004608295,-71.15906496062996,-71.0,34.91732283464567,37.0,122.08675435729856,121.51314471920506,0,0,90.94166934968007,90.94166934968007,90.5143910727048
1832,2020-10-28T08:38:16,2020-10-28T08:55:56,107,86.8,97.6,10.799999999999997,13.796808666666669,127.74822839506179,17.66666603088379,120.59,40.12,123.55532786885246,-46.96075822429906,-44.70001,35.5,37.0,127.74822839506179,121.51515430800393,0,0,95.15886639684919,95.15886639684919,90.51588800299047
1834,2020-10-28T16:19:48,2020-10-28T16:52:28,197,54.8,77.2,22.400000000000006,27.294033222222225,121.84836259920633,32.66666793823242,95.27,31.69,123.40673575129533,-50.13198969543147,-50.10001,34.31979695431472,36.0,121.84836259920633,121.60023719158383,0,0,90.76409280131296,90.76409280131296,90.57926571752284
1835,2020-10-28T16:52:39,2020-10-28T17:16:59,147,77.2,93.2,16.0,19.72264266666667,123.26651666666667,24.33333396911621,115.07,38.28,123.46566523605149,-48.621097755102035,-44.0,35.0,36.0,123.26651666666667,121.60023719158383,0,0,91.82046700807123,91.82046700807123,90.57926571752284
1837,2020-10-29T12:57:09,2020-10-29T13:27:49,185,18.0,38.8,20.799999999999997,25.484306486111112,122.5207042601496,30.66666603088379,47.83,15.91,123.27319587628867,-49.860542378378376,-49.80002,28.791891891891893,31.0,122.5207042601496,121.60023719158383,0,0,91.26491595236973,91.26491595236973,90.57926571752284
1838,2020-10-29T13:28:00,2020-10-29T14:00:10,194,38.8,61.2,22.400000000000006,26.702092930555562,119.20577201140873,32.16666793823242,75.53,25.12,123.41503267973857,-49.807234329896914,-49.80002,31.177835051546392,33.0,119.20577201140873,121.60023719158383,0,0,88.79564339230711,88.79564339230711,90.57926571752284
1841,2020-10-29T14:27:23,2020-10-29T14:56:03,173,80.0,97.6,17.599999999999994,22.389031736111114,127.21040759154047,28.66666603088379,120.59,40.12,123.55532786885246,-46.86012393063585,-43.70001,33.0,34.0,127.21040759154047,121.60023719158383,0,0,94.75824700172566,94.75824700172566,90.57926571752284
1842,2020-10-29T20:29:53,2020-10-29T20:50:13,123,52.4,64.4,12.000000000000007,14.765419291666667,123.04516076388883,20.33333396911621,79.55,26.46,123.52484472049689,-43.572365447154475,-42.80002,30.284552845528456,32.0,123.04516076388883,121.60023719158383,0,0,91.65558036311948,91.65558036311948,90.57926571752284
1843,2020-10-29T20:50:24,2020-10-29T21:20:54,184,64.8,82.0,17.200000000000003,21.342224805555556,124.08270235788112,30.5,101.27,33.69,123.5,-41.984787663043484,-41.0,30.5,32.0,124.08270235788112,121.77387652403955,0,0,92.42843868893954,92.42843868893954,90.70860858392481
1844,2020-10-29T21:21:05,2020-10-29T21:50:25,177,82.4,97.6,15.199999999999989,19.293614041666668,126.9316713267545,29.33333396911621,120.59,40.12,123.55532786885246,-39.39492129943503,-13.30002,31.217514124293785,33.0,126.9316713267545,121.92723185941043,0,0,94.55061807947793,94.55061807947793,90.82284202616616
1845,2020-10-30T02:58:36,2020-10-30T03:27:16,173,53.6,70.4,16.800000000000004,20.602085708333334,122.63146254960316,28.66666603088379,86.93,28.92,123.48011363636364,-43.12197028901734,-42.20001,27.38150289017341,29.0,122.63146254960316,122.01377829418226,0,0,91.34741911817382,91.34741911817382,90.88730993094295
1846,2020-10-30T03:27:27,2020-10-30T03:55:57,172,70.4,86.4,16.0,19.686808694444444,123.04255434027777,28.5,106.67,35.48,123.46064814814814,-41.445936860465125,-40.60001,28.25581395348837,30.0,123.04255434027777,122.01377829418226,0,0,91.6536388542681,91.6536388542681,90.88730993094295
1847,2020-10-30T03:56:08,2020-10-30T04:16:48,125,86.8,98.0,11.200000000000003,13.800835694444448,123.2217472718254,20.66666603088379,121.0,40.25,123.46938775510205,-40.06720688,-39.5,28.5,30.0,123.2217472718254,122.05410491302428,0,0,91.78711856233626,91.78711856233626,90.9173489802733
1850,2020-10-30T20:11:43,2020-10-30T20:38:13,160,25.6,44.0,18.4,21.98917491666667,119.50638541666669,26.5,54.2,18.03,123.18181818181819,-49.78689368750001,-49.70001,30.053125,32.0,119.50638541666669,122.05410491302428,0,0,89.0195684613858,89.0195684613858,90.9173489802733
1851,2020-10-30T20:38:24,2020-10-30T21:08:54,184,44.0,65.2,21.200000000000003,25.29556377777778,119.31869706498951,30.5,80.54,26.79,123.52760736196319,-49.761972717391316,-49.70001,32.09782608695652,33.0,119.31869706498951,121.93490903397816,0,0,88.87976056732828,88.87976056732828,90.82856070608975
1852,2020-10-30T21:09:05,2020-10-30T21:37:45,173,65.2,84.8,19.599999999999994,23.78028602777778,121.32798993764176,28.66666603088379,104.75,34.85,123.52594339622642,-49.772849653179186,-49.70001,32.84971098265896,34.0,121.32798993764176,121.77387652403955,0,0,90.37647041937853,90.37647041937853,90.70860858392481
1856,2020-10-31T04:11:55,2020-10-31T04:42:05,182,14.8,35.6,20.8,25.068334388888896,120.52083840811969,30.16666603088379,43.92,14.61,123.37078651685393,-49.85934285714285,-49.80002,32.32967032967033,35.0,120.52083840811969,121.77387652403955,0,0,89.7752282297626,89.7752282297626,90.70860858392481
1857,2020-10-31T04:42:16,2020-10-31T05:13:26,188,35.6,57.2,21.6,25.874452777777787,119.7891332304527,31.16666603088379,70.59,23.48,123.4090909090909,-49.811718191489355,-49.70001,34.33244680851064,37.0,119.7891332304527,121.55450683791156,0,0,89.23018556170955,89.23018556170955,90.54520145948928
1858,2020-10-31T05:13:37,2020-10-31T05:40:27,162,57.2,75.6,18.39999999999999,22.27167538888889,121.04171407004837,26.83333396911621,93.29,31.03,123.39947089947093,-49.80001950617285,-49.70001,35.58024691358025,38.0,121.04171407004837,121.36880658229605,0,0,90.16322529356188,90.16322529356188,90.4068744859102
1859,2020-10-31T05:40:38,2020-10-31T06:06:38,157,76.0,92.8,16.799999999999997,21.046257680555552,125.2753433366402,26.0,114.64,38.13,123.5344827586207,-48.55670560509556,-43.70001,36.27388535031847,38.0,125.2753433366402,121.36880658229605,0,0,93.31682958862524,93.31682958862524,90.4068744859102
1861,2020-10-31T15:45:06,2020-10-31T17:25:48,756,13.2,92.8,79.6,96.0427881125,120.65676898555279,100.69999694824219,114.6,38.12,123.49137931034483,-57.21283682539683,-43.60001,33.85846560846561,37.0,120.65676898555279,121.36880658229605,0,0,89.87648207742616,89.87648207742616,90.4068744859102
1862,2020-11-01T01:29:21,2020-11-01T02:40:04,531,18.4,77.2,58.800000000000004,70.7354890138889,120.29845070389266,70.71666717529297,95.27,31.69,123.40673575129533,-60.01582165725047,-59.70001,33.01883239171375,37.0,120.29845070389266,121.30681007048354,0,0,89.60957300228345,89.60957300228345,90.36069366713286
1864,2020-11-01T07:08:54,2020-11-01T07:44:36,216,38.8,61.2,22.400000000000006,26.874283727777776,119.97448092757932,35.70000076293945,75.59,25.14,123.51307189542484,-45.16713962962963,-45.10001,31.020833333333332,34.0,119.97448092757932,121.30681007048354,0,0,89.36824991664754,89.36824991664754,90.36069366713286
1865,2020-11-01T07:44:47,2020-11-01T08:14:27,179,61.2,79.6,18.39999999999999,22.345004944444447,121.4402442632851,29.66666603088379,98.3,32.7,123.4924623115578,-45.19218877094973,-45.10001,32.410614525139664,34.0,121.4402442632851,121.36880658229605,0,0,90.46008797330131,90.46008797330131,90.4068744859102
1866,2020-11-01T08:14:38,2020-11-01T08:43:58,177,79.6,97.2,17.60000000000001,21.87597630555556,124.29531991792928,29.33333396911621,120.0,39.92,123.4567901234568,-44.745771073446335,-44.0,32.5,34.0,124.29531991792928,121.36880658229605,0,0,92.58681619635732,92.58681619635732,90.4068744859102
1868,2020-11-01T18:02:08,2020-11-01T18:19:08,103,32.4,48.8,16.4,19.875280638888896,121.19073560298109,17.0,60.23,20.03,123.42213114754098,-70.14855378640777,-70.0,33.398058252427184,35.0,121.19073560298109,121.30681007048354,0,0,90.27423051313129,90.27423051313129,90.36069366713286
1869,2020-11-01T18:19:19,2020-11-01T18:49:09,180,49.2,78.0,28.799999999999997,34.85458672222222,121.02287056327161,29.83333396911621,96.31,32.04,123.47435897435898,-70.09889572222222,-69.89999,36.080555555555556,38.0,121.02287056327161,121.30681007048354,0,0,90.1491888817357,90.1491888817357,90.36069366713286
1870,2020-11-01T18:49:20,2020-11-01T19:16:30,164,78.0,97.6,19.599999999999994,24.790558000000004,126.48243877551026,27.16666603088379,120.52,40.09,123.48360655737704,-54.7652493292683,-43.70001,37.417682926829265,38.0,126.48243877551026,121.36880658229605,0,0,94.21598752638121,94.21598752638121,90.4068744859102
1871,2020-11-02T20:33:09,2020-11-02T20:59:09,157,29.2,54.8,25.599999999999998,30.375002958333337,118.65235530598959,26.0,67.63,22.49,123.41240875912409,-70.09618515923567,-69.80002,30.159235668789808,33.0,118.65235530598959,121.36880658229605,0,0,88.3834067061755,88.3834067061755,90.4068744859102
1872,2020-11-02T20:59:20,2020-11-02T21:29:50,184,54.8,84.4,29.60000000000001,35.600975500000004,120.27356587837835,30.5,104.24,34.67,123.50710900473932,-70.03478902173913,-69.70001,33.10054347826087,35.0,120.27356587837835,121.30681007048354,0,0,89.59103644943906,89.59103644943906,90.36069366713286
1875,2020-11-03T12:01:21,2020-11-03T12:24:41,141,33.6,48.0,14.399999999999999,17.580004055555555,122.08336149691358,23.33333396911621,59.17,19.68,123.27083333333334,-45.206393333333345,-45.20001,27.0531914893617,29.0,122.08336149691358,121.36880658229605,0,0,90.93914202893258,90.93914202893258,90.4068744859102
1876,2020-11-03T12:24:52,2020-11-03T12:49:32,149,48.4,64.0,15.600000000000001,18.582226333333335,119.11683547008546,24.66666603088379,78.99,26.27,123.42187499999999,-45.20001000000001,-45.20001,28.966442953020135,30.0,119.11683547008546,121.30681007048354,0,0,88.72939511192074,88.72939511192074,90.36069366713286
1877,2020-11-03T12:49:43,2020-11-03T13:08:13,112,64.0,75.6,11.599999999999994,13.938058777777778,120.15567911877402,18.5,93.29,31.03,123.39947089947093,-45.20447473214286,-45.20001,29.71875,31.0,120.15567911877402,121.25975555872512,0,0,89.50322333024296,89.50322333024296,90.32564305191855
1881,2020-11-03T13:40:59,2020-11-03T14:06:49,156,78.8,94.4,15.600000000000009,19.312782375,123.79988701923071,25.83333396911621,116.55,38.77,123.46398305084745,-44.85449788461539,-44.10001,30.42948717948718,31.0,123.79988701923071,121.28093542588334,0,0,92.2177712897613,92.2177712897613,90.34141980416422
1883,2020-11-04T01:24:03,2020-11-04T01:42:23,111,18.4,36.0,17.6,21.351249680555558,121.3139186395202,18.33333396911621,44.43,14.78,123.41666666666667,-69.8774763963964,-69.80002,27.43243243243243,29.0,121.3139186395202,121.32095428858098,0,0,90.36598879630789,90.36598879630789,90.37122960784322
1884,2020-11-04T01:42:34,2020-11-04T02:13:24,186,36.0,66.4,30.400000000000006,35.917638486111116,118.1501265990497,30.83333396911621,82.0,27.28,123.49397590361446,-69.8935476344086,-69.80002,30.443548387096776,33.0,118.1501265990497,121.32095428858098,0,0,88.00929964398941,88.00929964398941,90.37122960784322
1885,2020-11-04T02:13:35,2020-11-04T02:44:55,189,66.4,93.2,26.799999999999997,32.354583472222224,120.72605773217249,31.33333396911621,115.1,38.28,123.49785407725321,-61.92751343915345,-43.39999,32.55291005291005,34.0,120.72605773217249,121.27389977682256,0,0,89.92809483687672,89.92809483687672,90.33617899262889
1887,2020-11-04T14:13:59,2020-11-04T14:51:45,284,58.8,92.0,33.2,40.95718338333334,123.36501019076306,37.766666412353516,113.62,37.79,123.5,-65.04753968309859,-43.60001,29.327464788732396,31.0,123.36501019076306,121.32095428858098,0,0,91.89383422590424,91.89383422590424,90.37122960784322
1888,2020-11-04T23:37:48,2020-11-05T00:51:11,551,33.6,97.6,63.99999999999999,78.10803050555558,122.04379766493061,73.38333129882812,120.58,40.11,123.54508196721312,-63.846100235934664,-43.60001,30.835753176043557,34.0,122.04379766493061,121.32095428858098,0,0,90.90967117482279,90.90967117482279,90.37122960784322
1890,2020-11-06T13:38:56,2020-11-06T14:04:46,156,14.4,35.6,21.200000000000003,25.956947708333335,122.43843258647799,25.83333396911621,43.84,14.58,123.14606741573033,-60.10641782051282,-4.0,26.692307692307693,28.0,122.43843258647799,121.32095428858098,0,0,91.20363229073686,91.20363229073686,90.37122960784322
1891,2020-11-06T14:04:57,2020-11-06T14:30:37,155,35.6,56.8,21.199999999999996,25.332919125,119.49490153301889,25.66666603088379,70.04,23.3,123.3098591549296,-59.218715419354844,-58.0,29.674193548387098,32.0,119.49490153301889,121.32095428858098,0,0,89.01101418737757,89.01101418737757,90.37122960784322
1892,2020-11-06T14:30:48,2020-11-06T14:57:58,164,56.8,78.0,21.200000000000003,25.61597488888889,120.83007023060796,27.16666603088379,96.42,32.07,123.61538461538461,-56.57500585365853,-55.20001,32.082317073170735,33.0,120.83007023060796,121.32095428858098,0,0,90.0055731046114,90.0055731046114,90.37122960784322
1893,2020-11-06T14:58:09,2020-11-06T15:25:59,168,78.0,96.8,18.799999999999997,23.125695777777775,123.00902009456266,27.83333396911621,119.57,39.77,123.52272727272727,-49.850598154761904,-43.89999,33.205357142857146,34.0,123.00902009456266,121.32095428858098,0,0,91.62865940173232,91.62865940173232,90.37122960784322
1896,2020-11-06T21:55:54,2020-11-06T22:21:04,152,51.2,68.4,17.200000000000003,20.975833694444447,121.95252147932815,25.16666603088379,84.41,28.08,123.406432748538,-50.0085534868421,-50.0,34.796052631578945,36.0,121.95252147932815,121.38411710046343,0,0,90.84168010786179,90.84168010786179,90.41827919633992
1897,2020-11-06T22:21:15,2020-11-06T22:55:49,213,68.8,92.0,23.200000000000003,28.518183284722223,122.92320381345783,34.56666564941406,113.68,37.82,123.56521739130434,-49.46573244131454,-44.20001,35.47417840375587,37.0,122.92320381345783,121.6443034312457,0,0,91.56473538391288,91.56473538391288,90.61209038730713
1899,2020-11-07T04:57:24,2020-11-07T05:27:14,180,16.8,37.2,20.400000000000002,25.004176000000008,122.56949019607846,29.83333396911621,45.79,15.23,123.09139784946234,-50.28779655555556,-50.20001,34.24166666666667,37.0,122.56949019607846,121.90044203926723,0,0,91.30125629475589,91.30125629475589,90.80288645458737
1900,2020-11-07T05:27:25,2020-11-07T05:56:25,175,37.6,57.6,20.0,24.29264665277778,121.4632332638889,29.0,71.04,23.63,123.33333333333333,-50.260587485714275,-50.20001,35.83428571428571,39.0,121.4632332638889,121.65579793154761,0,0,90.47721233787793,90.47721233787793,90.62065256959545
1901,2020-11-07T05:56:36,2020-11-07T06:26:36,181,57.6,78.0,20.4,25.13778655555556,123.22444389978217,30.0,96.31,32.04,123.47435897435898,-50.275708176795575,-50.20001,37.0,39.0,123.22444389978217,121.90044203926723,0,0,91.78912726384772,91.78912726384772,90.80288645458737
1902,2020-11-07T06:26:47,2020-11-07T06:57:47,187,78.4,97.6,19.19999999999999,24.449172069444447,127.3394378616899,31.0,120.52,40.09,123.48360655737704,-47.239047914438494,-13.70001,37.0,39.0,127.3394378616899,121.99815957212938,0,0,94.85436085310785,94.85436085310785,90.8756756413423
1903,2020-11-07T20:20:14,2020-11-07T20:44:44,148,26.4,50.0,23.6,28.876254791666668,122.35701182909604,24.5,61.66,20.51,123.32,-70.71757932432432,-70.70001,32.0777027027027,34.0,122.35701182909604,121.99815957212938,0,0,91.14298247139317,91.14298247139317,90.8756756413423
1904,2020-11-07T20:44:55,2020-11-07T21:13:09,172,50.4,78.0,27.6,33.271338400000005,120.5483275362319,28.233333587646484,96.25999,32.02,123.41024358974359,-70.70640610465117,-70.60001,34.56976744186046,36.0,120.5483275362319,121.90044203926723,0,0,89.7957047115288,89.7957047115288,90.80288645458737
1905,2020-11-07T21:13:20,2020-11-07T21:40:10,162,78.0,97.6,19.599999999999994,24.628473569444445,125.65547739512475,26.83333396911621,120.55,40.1,123.51434426229508,-55.0870400617284,-44.80002,34.851851851851855,37.0,125.65547739512475,121.90044203926723,0,0,93.59998910119678,93.59998910119678,90.80288645458737
1906,2020-11-08T16:01:46,2020-11-08T16:29:06,165,25.2,51.6,26.400000000000002,31.925002944444447,120.92804145622897,27.33333396911621,63.71,21.19,123.46899224806201,-70.0800064848485,-69.80002,31.554545454545455,34.0,120.92804145622897,121.70787737160853,0,0,90.07855126553567,90.07855126553567,90.65944622286986
1907,2020-11-08T16:29:17,2020-11-08T16:57:27,170,52.0,79.2,27.200000000000003,32.88472483333334,120.89972365196078,28.16666603088379,97.75999,32.52,123.4343308080808,-70.04941735294118,-69.80002,34.56470588235294,36.0,120.89972365196078,121.451738763587,0,0,90.05745750801854,90.05745750801854,90.46865015558961
1908,2020-11-08T16:57:38,2020-11-08T17:20:08,136,79.2,96.0,16.799999999999997,20.331113666666667,121.01853373015875,22.5,118.52,39.43,123.45833333333333,-54.23677147058824,-43.89999,35.5,36.0,121.01853373015875,121.38411710046343,0,0,90.1459584015329,90.1459584015329,90.41827919633992
1909,2020-11-09T00:49:04,2020-11-09T01:11:04,133,41.2,62.4,21.199999999999996,25.744447583333336,121.43607350628935,22.0,77.12,25.65,123.58974358974359,-70.21279045112782,-69.89999,31.789473684210527,34.0,121.43607350628935,121.43815888478721,0,0,90.45698120217253,90.45698120217253,90.45853458773692
1910,2020-11-09T01:11:15,2020-11-09T01:42:45,190,62.4,90.8,28.4,34.57708686111111,121.7503058489828,31.5,112.12,37.3,123.48017621145377,-65.81579615789474,-44.0,33.84473684210526,36.0,121.7503058489828,121.43815888478721,0,0,90.69105093364045,90.69105093364045,90.45853458773692
1912,2020-11-09T15:42:18,2020-11-09T16:41:09,443,36.0,90.8,54.8,66.43212677361112,121.22650871096921,58.849998474121094,112.16,37.31,123.52422907488987,-67.70903119638827,-43.89999,33.11512415349887,36.0,121.22650871096921,121.38203172196555,0,0,90.3008776803477,90.3008776803477,90.41672581077553
1914,2020-11-10T00:17:19,2020-11-10T00:43:59,161,45.2,70.4,25.200000000000003,31.060552944444442,123.25616247795413,26.66666603088379,86.93,28.92,123.48011363636364,-69.8863295031056,-69.80002,31.049689440993788,33.0,123.25616247795413,121.38203172196555,0,0,91.8127542368436,91.8127542368436,90.41672581077553
1915,2020-11-10T00:44:10,2020-11-10T01:18:20,206,70.8,97.2,26.400000000000006,32.84541691666667,124.41445801767675,34.16666793823242,120.08,39.94,123.53909465020577,-57.676699466019414,-44.10001,32.728155339805824,34.0,124.41445801767675,121.38203172196555,0,0,92.67556143109815,92.67556143109815,90.41672581077553
1918,2020-11-10T16:14:50,2020-11-10T16:36:00,128,24.8,45.2,20.400000000000002,24.878889694444442,121.95534163943353,21.16666603088379,55.7,18.52,123.23008849557523,-70.522658515625,-70.5,30.9140625,33.0,121.95534163943353,121.38203172196555,0,0,90.84378082770782,90.84378082770782,90.41672581077553
1919,2020-11-10T16:51:21,2020-11-10T17:15:41,147,44.8,68.0,23.200000000000003,28.58152815277778,123.19624203783523,24.33333396911621,83.93999,27.92,123.44116176470587,-70.4741506122449,-70.20001,33.724489795918366,35.0,123.19624203783523,121.38203172196555,0,0,91.76811987104966,91.76811987104966,90.41672581077553
1921,2020-11-10T17:22:12,2020-11-10T17:53:12,187,72.8,96.0,23.200000000000003,28.412914541666662,122.4694592313218,31.0,118.54,39.43,123.47916666666667,-54.92085155080215,-13.60001,35.36898395721925,36.0,122.4694592313218,121.38203172196555,0,0,91.22674384686981,91.22674384686981,90.41672581077553
1923,2020-11-11T16:50:47,2020-11-11T17:10:27,119,13.6,32.0,18.4,22.898332888888888,124.447461352657,19.66666603088379,39.5,13.14,123.4375,-69.85882218487394,-69.70001,31.03361344537815,33.0,124.447461352657,121.43815888478721,0,0,92.70014541150627,92.70014541150627,90.45853458773692
1924,2020-11-11T17:10:38,2020-11-11T17:41:08,184,32.4,61.6,29.200000000000003,35.526524486111114,121.66617974695586,30.5,76.04,25.3,123.44155844155846,-69.8880370652174,-69.80002,33.67934782608695,36.0,121.66617974695586,121.451738763587,0,0,90.62838591977808,90.62838591977808,90.46865015558961
1925,2020-11-11T17:41:19,2020-11-11T18:10:49,178,62.0,89.2,27.200000000000003,33.18013490277777,121.9857900837418,29.5,110.13,36.63,123.46412556053811,-67.42527286516854,-43.89999,36.02808988764045,37.0,121.9857900837418,121.56470650542238,0,0,90.86646168583262,90.86646168583262,90.55279912882801
1928,2020-11-11T22:17:15,2020-11-11T22:42:15,151,37.6,61.6,24.0,29.141529291666664,121.42303871527777,25.0,76.0,25.28,123.37662337662339,-69.93907649006623,-69.60001,35.32781456953642,38.0,121.42303871527777,121.56470650542238,0,0,90.44727166684694,90.44727166684694,90.55279912882801
1929,2020-11-11T22:42:26,2020-11-11T23:07:06,149,62.0,85.6,23.599999999999994,28.745418124999997,121.80261917372883,24.66666603088379,105.72,35.16,123.50467289719626,-69.92215120805369,-69.70001,37.151006711409394,39.0,121.80261917372883,121.70824279796933,0,0,90.73001880617241,90.73001880617241,90.65971842670928
1930,2020-11-11T23:07:17,2020-11-11T23:26:32,118,85.6,97.6,12.0,15.220237781944444,126.83531484953704,19.25,120.58,40.11,123.54508196721312,-47.806784745762705,-43.80002,37.5,39.0,126.83531484953704,121.77646251135582,0,0,94.47884273466727,94.47884273466727,90.71053486990644
1932,2020-11-12T15:28:24,2020-11-12T15:57:04,173,29.2,58.4,29.2,35.358890555555554,121.09209094368342,28.66666603088379,72.18999,24.01,123.61299657534246,-74.00693988439306,-73.80002,31.447976878612717,34.0,121.09209094368342,121.70824279796933,0,0,90.2007507156202,90.2007507156202,90.65971842670928
1934,2020-11-12T16:00:45,2020-11-12T16:25:25,149,60.8,85.6,24.799999999999997,30.409446444444452,122.61873566308248,24.66666603088379,105.73,35.17,123.51635514018692,-73.96980355704697,-73.70001,34.38255033557047,36.0,122.61873566308248,121.77646251135582,0,0,91.33793893900199,91.33793893900199,90.71053486990644
1937,2020-11-13T01:31:25,2020-11-13T02:25:00,323,23.6,53.2,29.6,35.735417986111116,120.7277634665916,53.58333206176758,65.59,21.82,123.28947368421052,-40.01486216718266,-40.0,29.9969040247678,33.0,120.7277634665916,121.77646251135582,0,0,89.9293654279114,89.9293654279114,90.71053486990644
1938,2020-11-13T02:25:11,2020-11-13T02:54:41,178,53.2,69.6,16.39999999999999,19.704170416666667,120.14738058943095,29.5,85.95,28.59,123.49137931034484,-40.076412134831465,-40.0,31.474719101123597,33.0,120.14738058943095,121.77646251135582,0,0,89.49704180698453,89.49704180698453,90.71053486990644
1939,2020-11-13T02:54:52,2020-11-13T03:24:32,179,70.0,86.0,16.0,19.81833738888889,123.86460868055555,29.66666603088379,106.15,35.31,123.43023255813954,-40.08213111731843,-40.0,31.5,33.0,123.86460868055555,121.87757032652848,0,0,92.26598205558068,92.26598205558068,90.7858494570171
1942,2020-11-13T10:03:27,2020-11-13T10:32:37,176,54.0,81.6,27.599999999999994,34.029722416666665,123.2960957125604,29.16666603088379,100.71,33.5,123.41911764705883,-70.00397767045455,-69.89999,29.664772727272727,32.0,123.2960957125604,121.87757032652848,0,0,91.84250025668618,91.84250025668618,90.7858494570171
1943,2020-11-13T10:32:48,2020-11-13T10:56:48,145,81.6,98.0,16.400000000000006,20.055141805555557,122.2874500338753,24.0,121.0,40.25,123.46938775510205,-50.07931751724138,-13.30002,30.958620689655174,32.0,122.2874500338753,121.95393155938083,0,0,91.09116631972596,91.09116631972596,90.8427304677848
1945,2020-11-13T16:01:44,2020-11-13T16:31:44,181,61.6,89.2,27.6,33.94666602777778,122.99516676731079,30.0,110.14,36.64,123.47533632286995,-67.83314790055249,-44.10001,33.57734806629834,35.0,122.99516676731079,121.97056586158766,0,0,91.6183401438164,91.6183401438164,90.85512125677022
1947,2020-11-13T22:26:26,2020-11-13T22:54:16,168,58.0,84.4,26.400000000000006,32.28222616666666,122.28115972222217,27.83333396911621,104.34,34.71,123.6255924170616,-69.59048470238095,-69.5,31.99404761904762,34.0,122.28115972222217,121.97056586158766,0,0,91.08648070542262,91.08648070542262,90.85512125677022
1949,2020-11-14T04:58:10,2020-11-14T06:01:49,478,44.8,92.8,48.0,59.121909904166664,123.17064563368055,63.650001525878906,114.64,38.13,123.5344827586207,-55.72301928870293,-44.0,30.93723849372385,33.0,123.17064563368055,122.0147938743362,0,0,91.74905326767052,91.74905326767052,90.88806643032771
1951,2020-11-14T16:24:58,2020-11-14T16:49:18,147,69.6,83.6,14.0,16.974724305555558,121.24803075396827,24.33333396911621,103.18,34.32,123.42105263157896,-41.8557874829932,-41.20001,27.670068027210885,29.0,121.24803075396827,122.0147938743362,0,0,90.31690931726402,90.31690931726402,90.88806643032771
1953,2020-11-14T22:19:38,2020-11-14T22:49:18,179,54.8,83.2,28.400000000000006,34.732368180555554,122.2970710582942,29.66666603088379,102.75,34.18,123.49759615384615,-70.24526569832402,-70.20001,26.455307262569832,28.0,122.2970710582942,122.0147938743362,0,0,91.09833296139904,91.09833296139904,90.88806643032771
1954,2020-11-14T22:49:29,2020-11-14T23:12:49,141,83.2,97.6,14.399999999999991,17.839448069444444,123.88505603780872,23.33333396911621,120.54,40.09,123.50409836065575,-45.84539943262411,-13.80002,27.74822695035461,29.0,123.88505603780872,122.16247869357639,0,0,92.28121316572184,92.28121316572184,90.9980759401227
1956,2020-11-15T12:34:03,2020-11-15T13:06:33,196,42.8,74.0,31.200000000000003,37.989309375000005,121.76060697115383,32.5,91.37,30.39,123.47297297297298,-70.13470096938777,-69.89999,27.242346938775512,29.0,121.76060697115383,122.16247869357639,0,0,90.69872417592902,90.69872417592902,90.9980759401227
1957,2020-11-15T13:06:44,2020-11-15T13:31:34,150,74.0,93.6,19.599999999999994,24.070003319444446,122.80613938492067,24.83333396911621,115.67,38.48,123.57905982905984,-58.14934140000001,-43.89999,29.316666666666666,30.0,122.80613938492067,122.16247869357639,0,0,91.47753481405024,91.47753481405024,90.9980759401227
1960,2020-11-15T23:47:00,2020-11-16T00:08:00,127,22.4,42.8,20.4,24.5630593888889,120.40715386710245,21.0,52.72,17.53,123.17757009345794,-70.18032590551185,-70.0,26.633858267716537,29.0,120.40715386710245,122.16247869357639,0,0,89.6905453172404,89.6905453172404,90.9980759401227
1961,2020-11-16T00:08:11,2020-11-16T00:39:01,186,42.8,72.8,30.0,36.06792219444445,120.22640731481484,30.83333396911621,89.87,29.9,123.4478021978022,-70.18603225806451,-70.0,30.072580645161292,32.0,120.22640731481484,122.16247869357639,0,0,89.5559083266777,89.5559083266777,90.9980759401227
1962,2020-11-16T00:39:12,2020-11-16T01:06:52,167,73.2,95.2,22.0,26.927503916666666,122.39774507575757,27.66666603088379,117.58,39.11,123.50840336134453,-58.38923005988024,-44.10001,31.919161676646706,33.0,122.39774507575757,122.28430487804874,0,0,91.17332441527506,91.17332441527506,91.0888235125743
1965,2020-11-16T10:12:19,2020-11-16T10:45:19,199,58.4,88.8,30.4,37.46861690277779,123.25202928545326,33.0,109.72,36.5,123.55855855855856,-68.06985979899497,-44.20001,30.331658291457288,32.0,123.25202928545326,122.28430487804874,0,0,91.80967544727507,91.80967544727507,91.0888235125743
1966,2020-11-16T10:45:30,2020-11-16T11:02:05,101,88.8,97.6,8.799999999999997,11.048379112499997,125.54976264204548,16.58333396911621,120.5,40.09,123.46311475409837,-39.886153465346545,-13.60001,31.0,32.0,125.54976264204548,122.29226054608475,0,0,93.52124283449055,93.52124283449055,91.0947496405625
1967,2020-11-16T19:23:32,2020-11-16T20:26:31,473,45.2,97.6,52.39999999999999,65.00996247305555,124.06481387987702,62.983333587646484,120.52,40.09,123.48360655737704,-61.81628302748414,-2.200012,33.104651162790695,35.0,124.06481387987702,122.29226054608475,0,0,92.41511367214815,92.41511367214815,91.0947496405625
1968,2020-11-18T05:29:19,2020-11-18T06:43:38,558,35.6,97.6,61.99999999999999,75.629925,121.98375000000003,74.31666564941406,120.5,40.09,123.46311475409837,-61.02527555555555,-13.10001,30.07168458781362,32.0,121.98375000000003,122.29226054608475,0,0,90.86494204005233,90.86494204005233,91.0947496405625
1969,2020-11-18T23:55:40,2020-11-19T01:07:51,542,14.4,84.0,69.6,84.25074392777779,121.04991943646235,72.18333435058594,103.75,34.51,123.51190476190477,-69.96605815498154,0.0,33.4760147601476,37.0,121.04991943646235,122.29226054608475,0,0,90.16933742032977,90.16933742032977,91.0947496405625
1970,2020-11-19T07:51:50,2020-11-19T08:14:07,168,83.2,98.0,14.799999999999997,17.682987343055558,119.47964420983487,22.28333282470703,121.0,40.25,123.46938775510205,-47.57917005952381,-13.0,30.586309523809526,32.0,119.47964420983487,122.28430487804874,0,0,88.99964910156243,88.99964910156243,91.0888235125743
1971,2020-11-20T00:16:06,2020-11-20T00:42:16,158,28.8,54.0,25.2,30.544029291666664,121.20646544312169,26.16666603088379,66.74,22.2,123.59259259259258,-70.03734525316456,-69.80002,31.72151898734177,34.0,121.20646544312169,122.28430487804874,0,0,90.28594757390927,90.28594757390927,91.0888235125743
1972,2020-11-20T00:42:27,2020-11-20T01:16:54,209,54.0,87.2,33.2,40.188181679166675,121.04873999748997,34.45000076293945,107.64,35.8,123.44036697247707,-69.99378181818183,-69.70001,34.67224880382775,36.0,121.04873999748997,122.13347490298199,0,0,90.16845886352311,90.16845886352311,90.97647119562762
1974,2020-11-20T14:34:03,2020-11-20T15:01:13,164,40.4,67.2,26.800000000000004,31.768893166666672,118.54064614427863,27.16666603088379,82.88,27.57,123.33333333333331,-70.16525341463415,-69.89999,34.50609756097561,37.0,118.54064614427863,121.98477004187092,0,0,88.3001952414992,88.3001952414992,90.86570186294247
1975,2020-11-20T15:01:24,2020-11-20T15:33:24,193,67.2,94.0,26.799999999999997,32.98056008333334,123.06179135572143,32.0,116.07,38.61,123.47872340425532,-61.81399813471503,-44.0,36.2979274611399,38.0,123.06179135572143,122.13347490298199,0,0,91.66796838827005,91.66796838827005,90.97647119562762
1978,2020-11-21T03:47:55,2020-11-21T04:16:45,174,24.4,52.8,28.4,33.85513648611111,119.20822706377152,28.83333396911621,65.08,21.64,123.25757575757575,-70.449995,-70.39999,32.19827586206897,35.0,119.20822706377152,121.98477004187092,0,0,88.79747214565049,88.79747214565049,90.86570186294247
1979,2020-11-21T04:16:56,2020-11-21T04:38:54,133,52.8,74.4,21.60000000000001,25.793942755555552,119.41640164609048,21.96666717529297,91.85,30.56,123.45430107526879,-70.4541307518797,-70.39999,35.06390977443609,37.0,119.41640164609048,121.96954581971679,0,0,88.95254010639628,88.95254010639628,90.85436143388007
1981,2020-11-21T14:50:07,2020-11-21T15:10:47,125,16.8,36.4,19.599999999999998,24.120697083333337,123.06478103741499,20.66666603088379,44.91,14.94,123.37912087912088,-70.02640768000002,-69.60001,31.004,33.0,123.06478103741499,121.96954581971679,0,0,91.6701953837002,91.6701953837002,90.85436143388007
1982,2020-11-21T15:10:58,2020-11-21T15:40:08,176,36.4,64.8,28.4,34.119032638888896,120.13743886932711,29.16666603088379,80.03,26.62,123.50308641975309,-70.18751000000002,-70.10001,34.02840909090909,36.0,120.13743886932711,121.96954581971679,0,0,89.48963628107624,89.48963628107624,90.85436143388007
1983,2020-11-21T15:40:19,2020-11-21T16:13:29,200,65.2,93.6,28.39999999999999,34.57403333333333,121.73955399061036,33.16666793823242,115.59,38.45,123.49358974358975,-62.519010050000006,-44.10001,36.385,38.0,121.73955399061036,121.87898040658118,0,0,90.68304194073906,90.68304194073906,90.78689981694012
1984,2020-11-22T01:35:40,2020-11-22T01:54:40,115,19.2,37.2,18.000000000000004,22.212641791666666,123.40356550925922,19.0,45.92,15.28,123.44086021505375,-70.14435695652175,-69.89999,30.882608695652173,33.0,123.40356550925922,121.96954581971679,0,0,91.92255384454599,91.92255384454599,90.85436143388007
1985,2020-11-22T01:54:51,2020-11-22T02:25:41,186,37.2,67.2,30.0,36.025003444444444,120.08334481481482,30.83333396911621,83.06,27.63,123.60119047619047,-70.10215720430108,-69.89999,34.00268817204301,37.0,120.08334481481482,121.96954581971679,0,0,89.44934195393866,89.44934195393866,90.85436143388007
1986,2020-11-22T02:25:52,2020-11-22T02:53:52,169,67.2,91.6,24.39999999999999,30.084725013888892,123.29805333561026,28.0,113.18,37.65,123.55895196506552,-64.42426639053255,-44.0,36.150887573964496,38.0,123.29805333561026,121.98477004187092,0,0,91.84395847800633,91.84395847800633,90.86570186294247
1989,2020-11-22T08:03:44,2020-11-22T08:37:54,206,55.2,78.4,23.200000000000003,28.564172361111115,123.12143259099616,34.16666793823242,96.87,32.22,123.55867346938776,-50.16117504854369,-50.10001,33.38592233009709,35.0,123.12143259099616,122.13347490298199,0,0,91.71239477609987,91.71239477609987,90.97647119562762
1990,2020-11-22T08:38:05,2020-11-22T09:03:15,152,78.4,94.8,16.39999999999999,20.15361297222223,122.88788397696487,25.16666603088379,117.04,38.94,123.45991561181435,-48.043425460526315,-44.30002,33.651315789473685,36.0,122.88788397696487,122.28430487804874,0,0,91.53842585583395,91.53842585583395,91.0888235125743
1993,2020-11-22T15:33:06,2020-11-22T16:26:12,399,57.2,96.8,39.599999999999994,49.28797674166667,124.4645877314815,53.099998474121094,119.58,39.78,123.53305785123968,-55.68622067669173,-43.89999,35.31453634085213,37.0,124.4645877314815,122.29226054608475,0,0,92.71290274532527,92.71290274532527,91.0947496405625
1995,2020-11-23T18:33:02,2020-11-23T19:00:32,166,18.8,37.6,18.8,22.904582124999997,121.83288364361701,27.5,46.27,15.39,123.05851063829788,-49.9734913253012,-49.89999,27.22590361445783,29.0,121.83288364361701,122.28430487804874,0,0,90.75256262288785,90.75256262288785,91.0888235125743
1996,2020-11-23T19:00:43,2020-11-23T19:32:23,191,37.6,60.0,22.4,26.358052472222226,117.66987710813495,31.66666603088379,74.05,24.63,123.41666666666667,-49.94135539267015,-49.89999,29.57591623036649,31.0,117.66987710813495,122.13347490298199,0,0,87.65156476408342,87.65156476408342,90.97647119562762
1997,2020-11-23T19:32:34,2020-11-23T20:02:24,180,60.0,80.8,20.799999999999997,24.826941138888895,119.36029393696586,29.83333396911621,99.82,33.2,123.53960396039604,-49.93110444444444,-49.80002,31.0,32.0,119.36029393696586,122.13347490298199,0,0,88.91074582037369,88.91074582037369,90.97647119562762
1998,2020-11-23T20:02:35,2020-11-23T20:32:25,180,80.8,97.6,16.799999999999997,20.961947152777782,124.77349495701061,29.83333396911621,120.52,40.09,123.48360655737704,-42.09944988888889,-13.20001,31.733333333333334,33.0,124.77349495701061,122.13347490298199,0,0,92.9430058299038,92.9430058299038,90.97647119562762
1999,2020-11-24T15:05:35,2020-11-24T15:22:25,102,54.8,66.4,11.600000000000009,13.975282305555563,120.47657159961683,16.83333396911621,81.96,27.26,123.43373493975902,-49.812761274509796,-49.80002,26.392156862745097,27.0,120.47657159961683,121.98477004187092,0,0,89.74225415748732,89.74225415748732,90.86570186294247
2000,2020-11-24T15:22:36,2020-11-24T15:57:06,208,66.4,90.0,23.599999999999994,28.58555538888889,121.12523469868177,34.5,111.11,36.96,123.45555555555555,-49.700961250000006,-44.0,27.5625,29.0,121.12523469868177,121.90831682180851,0,0,90.22543929403261,90.22543929403261,90.80875233147009
2002,2020-11-25T01:16:37,2020-11-25T01:42:27,156,29.6,46.8,17.199999999999996,21.311666583333334,123.90503827519383,25.83333396911621,57.75,19.21,123.39743589743591,-49.49807673076923,-49.39999,26.173076923076923,28.0,123.90503827519383,121.98477004187092,0,0,92.29609781094571,92.29609781094571,90.86570186294247
2007,2020-11-25T02:14:08,2020-11-25T02:31:38,106,62.0,76.8,14.799999999999997,14.436110972222222,97.54129035285287,17.5,94.82999,31.54,123.47654947916666,-49.49528254716981,-49.39999,29.0,30.0,121.20646544312169,121.90831682180851,1,0,72.65790479817097,90.28594757390927,90.80875233147009
2008,2020-11-25T02:31:49,2020-11-25T03:00:29,173,76.8,95.6,18.799999999999997,22.980556874999998,122.23700465425533,28.66666603088379,118.1,39.29,123.53556485355648,-48.09017618497109,-43.60001,29.965317919075144,31.0,122.23700465425533,122.11037732712768,0,0,91.05358986798254,91.05358986798254,90.95926595401744
2011,2020-11-25T16:01:56,2020-11-25T16:27:46,156,35.6,60.8,25.199999999999996,30.22486577777778,119.93994356261027,25.83333396911621,75.08,24.97,123.48684210526316,-70.1993698076923,-70.10001,34.00320512820513,36.0,119.93994356261027,122.11037732712768,0,0,89.34252324677448,89.34252324677448,90.95926595401744
2012,2020-11-25T16:27:57,2020-11-25T16:57:37,179,60.8,88.8,28.0,34.16194991666667,122.00696398809524,29.66666603088379,109.61,36.46,123.43468468468468,-69.02515072625698,-44.20001,36.1731843575419,38.0,122.00696398809524,121.99535699404763,0,0,90.88223399642183,90.88223399642183,90.87358801823709
2015,2020-11-26T06:04:11,2020-11-26T06:31:51,167,30.0,57.2,27.200000000000003,32.53444705555555,119.61193770424835,27.66666603088379,70.57,23.48,123.37412587412585,-70.55629305389222,-70.5,28.649700598802394,32.0,119.61193770424835,121.99535699404763,0,0,89.0981937085462,89.0981937085462,90.87358801823709
2016,2020-11-26T06:32:02,2020-11-26T06:58:22,159,57.2,82.8,25.599999999999994,30.97611455555555,121.00044748263889,26.33333396911621,102.32,34.04,123.57487922705313,-70.57862421383649,-70.5,31.30817610062893,33.0,121.00044748263889,121.90831682180851,0,0,90.13248606745059,90.13248606745059,90.80875233147009
2017,2020-11-26T06:58:33,2020-11-26T07:22:53,147,83.2,97.6,14.399999999999991,18.02792161111111,125.19390007716058,24.33333396911621,120.52,40.09,123.48360655737704,-44.438107414966,-14.10001,32.00340136054422,34.0,125.19390007716058,121.99535699404763,0,0,93.25616300760794,93.25616300760794,90.87358801823709
2018,2020-11-26T10:46:37,2020-11-26T11:10:07,142,82.4,97.6,15.199999999999989,18.932086458333337,124.55320038377205,23.5,120.54,40.09,123.50409836065575,-48.29155725352114,-13.10001,30.841549295774648,32.0,124.55320038377205,122.12198432117529,0,0,92.7789097627714,92.7789097627714,90.96791193220218
2019,2020-11-26T16:03:56,2020-11-26T16:57:18,401,45.2,78.0,32.8,39.92293567222223,121.71626729336047,53.36666488647461,96.29,32.03,123.44871794871796,-44.86956623441397,-32.30002,33.20573566084788,35.0,121.71626729336047,121.99535699404763,0,0,90.66569582376925,90.66569582376925,90.87358801823709
2020,2020-11-26T22:58:56,2020-11-27T00:11:15,543,28.4,94.0,65.6,79.7369494486111,121.55022781800474,72.31666564941406,116.07,38.61,123.47872340425532,-66.14291390423574,-43.89999,31.739410681399633,35.0,121.55022781800474,121.90831682180851,0,0,90.54201404398663,90.54201404398663,90.80875233147009
2021,2020-11-27T13:04:14,2020-11-27T13:26:24,134,26.8,48.0,21.2,25.90361451388889,122.18686091457023,22.16666603088379,59.28,19.72,123.5,-70.11493455223881,-70.0,25.55597014925373,28.0,122.18686091457023,121.90831682180851,0,0,91.01623810596375,91.01623810596375,90.80875233147009
2022,2020-11-27T13:26:35,2020-11-27T13:53:15,161,48.4,74.4,26.000000000000007,31.194865875000005,119.9802533653846,26.66666603088379,91.96,30.59,123.60215053763439,-70.18883062111802,-70.10001,28.98447204968944,31.0,119.9802533653846,121.79674530738542,0,0,89.37254976991986,89.37254976991986,90.72564339940843
2023,2020-11-27T13:53:26,2020-11-27T14:20:46,165,74.4,95.6,21.19999999999999,25.888478250000002,122.11546344339631,27.33333396911621,118.07,39.27,123.50418410041841,-56.83031624242425,-44.10001,30.59090909090909,32.0,122.11546344339631,121.79674530738542,0,0,90.9630545706156,90.9630545706156,90.72564339940843
2024,2020-11-28T01:30:43,2020-11-28T01:48:43,109,18.8,35.6,16.8,20.964027458333334,124.7858777281746,18.0,43.57,14.49,122.3876404494382,-69.87981550458716,-69.80002,23.46330275229358,26.0,124.7858777281746,121.79674530738542,0,0,92.95222967967159,92.95222967967159,90.72564339940843
2025,2020-11-28T01:48:54,2020-11-28T02:16:54,169,36.0,63.2,27.200000000000003,32.60458401388889,119.86979416870915,28.0,78.0,25.95,123.41772151898734,-69.86745704142011,-69.80002,26.45562130177515,29.0,119.86979416870915,121.79674530738542,0,0,89.29026939647909,89.29026939647909,90.72564339940843
2026,2020-11-28T02:17:05,2020-11-28T02:45:55,174,63.2,89.6,26.39999999999999,31.90624851388889,120.85700194654888,28.83333396911621,110.65,36.81,123.49330357142858,-66.34022689655173,-44.0,28.850574712643677,31.0,120.85700194654888,121.7500804808821,0,0,90.02563437349362,90.02563437349362,90.69088305833404
2029,2020-11-28T13:09:22,2020-11-28T13:36:42,165,34.8,61.2,26.400000000000006,31.909307597222217,120.86858938341746,27.33333396911621,75.50999,25.12,123.3823366013072,-70.04485296969698,-70.0,26.815151515151516,30.0,120.86858938341746,121.72791064198542,0,0,90.0342657836565,90.0342657836565,90.67436888225416
2030,2020-11-28T13:36:53,2020-11-28T14:05:53,175,61.2,88.4,27.200000000000003,33.115281458333335,121.74735830269607,29.0,109.17,36.31,123.49547511312217,-68.44972194285714,-44.20001,29.748571428571427,31.0,121.74735830269607,121.72791064198542,0,0,90.68885532461462,90.68885532461462,90.67436888225416
2031,2020-11-28T14:06:04,2020-11-28T14:23:04,103,88.4,97.6,9.199999999999989,11.645837666666667,126.58519202898566,17.0,120.52,40.09,123.48360655737704,-40.98448126213593,-13.5,30.558252427184467,32.0,126.58519202898566,121.72791064198542,0,0,94.29252779032184,94.29252779032184,90.67436888225416
2032,2020-11-28T23:45:11,2020-11-29T00:12:01,162,36.8,62.8,26.0,31.585976694444447,121.48452574786326,26.83333396911621,77.45,25.76,123.32802547770702,-70.62717049382717,-70.60001,26.185185185185187,29.0,121.48452574786326,121.72791064198542,0,0,90.49307297769445,90.49307297769445,90.67436888225416
2033,2020-11-29T00:12:12,2020-11-29T00:40:42,172,63.2,89.2,26.0,31.94569819444445,122.86806997863249,28.5,110.22,36.67,123.56502242152466,-67.19884505813953,-44.80002,28.433139534883722,30.0,122.86806997863249,121.74345614665322,0,0,91.52366653084145,91.52366653084145,90.68594863267684
2035,2020-11-30T12:52:38,2020-11-30T13:52:56,453,42.4,94.8,52.4,64.27546247777778,122.66309633163698,60.29999923706055,117.07,38.94,123.4915611814346,-63.94437498896248,-44.0,23.862030905077262,26.0,122.66309633163698,121.74345614665322,0,0,91.37098292705008,91.37098292705008,90.68594863267684
2036,2020-11-30T22:41:18,2020-11-30T23:34:56,403,40.0,89.6,49.599999999999994,60.63528438055556,122.24855721886203,53.63333511352539,110.7,36.82,123.54910714285715,-67.80521831265509,-44.0,24.913151364764268,28.0,122.24855721886203,121.74345614665322,0,0,91.0621953020129,91.0621953020129,90.68594863267684
2038,2020-12-01T03:32:31,2020-12-01T03:59:11,161,37.2,63.2,26.0,31.41000444444445,120.80770940170942,26.66666603088379,78.07,25.96,123.52848101265822,-70.67268080745343,-70.60001,27.680124223602483,31.0,120.80770940170942,121.72791064198542,0,0,89.98891666125863,89.98891666125863,90.67436888225416
2039,2020-12-01T03:59:22,2020-12-01T04:31:22,193,63.6,91.6,27.999999999999993,34.50875684722223,123.24556016865085,32.0,113.12,37.63,123.49344978165941,-64.66788849740934,-44.70001,29.987046632124354,32.0,123.24556016865085,121.72791064198542,0,0,91.80485664212027,91.80485664212027,90.67436888225416
2043,2020-12-01T15:47:34,2020-12-01T16:55:29,510,35.2,90.4,55.2,66.80633772638889,121.02597414200885,67.91666412353516,111.61,37.13,123.46238938053096,-59.00431760784315,-43.89999,26.629411764705882,29.0,121.02597414200885,121.6332475556826,0,0,90.15150071837029,90.15150071837029,90.60385493387794
2044,2020-12-02T02:09:24,2020-12-02T04:00:33,834,10.4,97.6,87.19999999999999,106.09111662083335,121.66412456517587,111.1500015258789,120.57,40.1,123.53483606557377,-57.2447347002398,-13.20001,27.033573141486812,31.0,121.66412456517587,121.69019592926817,0,0,90.62685502756234,90.62685502756234,90.6462754256658
2045,2020-12-02T22:53:57,2020-12-02T23:17:17,141,51.6,73.6,21.999999999999993,27.287363833333334,124.03347196969702,23.33333396911621,90.05,29.93,122.35054347826087,-70.16738290780143,-69.89999,22.659574468085108,24.0,124.03347196969702,121.72791064198542,0,0,92.39176727681327,92.39176727681327,90.67436888225416
2046,2020-12-02T23:17:28,2020-12-02T23:42:38,152,74.0,93.6,19.599999999999994,24.05403075,122.7246466836735,25.16666603088379,114.94,38.22,122.79914529914531,-57.34605973684211,-44.0,24.276315789473685,25.0,122.7246466836735,121.74345614665322,0,0,91.41683140416563,91.41683140416563,90.68594863267684
2047,2020-12-03T04:28:33,2020-12-03T07:37:05,1414,40.8,97.6,56.8,69.76970421694443,122.83398629743739,188.53334045410156,118.91,39.52,121.83401639344262,-22.19945058274398,-9.399994,22.72807637906648,24.0,122.83398629743739,121.79012097315655,0,0,91.49827780720979,91.49827780720979,90.72070897375124
2048,2020-12-04T00:31:38,2020-12-04T02:17:40,797,16.0,97.6,81.6,98.53094443194445,120.74870641169663,106.03333282470703,120.5,40.09,123.46311475409837,-55.732379247176915,-13.30002,23.73902132998745,27.0,120.74870641169663,121.79012097315655,0,0,89.94496569838283,89.94496569838283,90.72070897375124
2050,2020-12-04T16:21:14,2020-12-04T16:49:54,173,33.6,61.6,28.0,33.59153298611112,119.96976066468255,28.66666603088379,75.87,25.22,123.16558441558442,-70.30810335260117,-70.20001,22.615606936416185,25.0,119.96976066468255,121.74345614665322,0,0,89.36473382196667,89.36473382196667,90.68594863267684
2051,2020-12-04T16:50:05,2020-12-04T17:16:05,157,62.0,86.8,24.799999999999997,30.30611305555556,122.20206877240146,26.0,107.24,35.67,123.54838709677419,-69.85732936305733,-44.5,25.52547770700637,27.0,122.20206877240146,121.79012097315655,0,0,91.02756634534308,91.02756634534308,90.72070897375124
2052,2020-12-04T17:16:16,2020-12-04T17:37:16,127,86.8,98.0,11.200000000000003,13.285276888888887,118.61854365079361,21.0,121.0,40.25,123.46938775510205,-37.888186535433064,-13.60001,26.5,27.0,118.61854365079361,121.79012097315655,0,0,88.35822061303064,88.35822061303064,90.72070897375124
2054,2020-12-04T23:49:51,2020-12-05T00:21:30,194,70.0,94.8,24.799999999999997,30.22593552638889,121.8787722838262,31.649999618530273,115.92,38.53,122.27848101265823,-57.058772268041245,-18.70001,23.201030927835053,25.0,121.8787722838262,121.79012097315655,0,0,90.78674478758522,90.78674478758522,90.72070897375124
2057,2020-12-05T17:41:54,2020-12-05T18:09:54,169,48.4,75.2,26.800000000000004,32.71944866666667,122.08749502487564,28.0,92.43,30.73,122.9122340425532,-70.11302680473372,-70.0,22.71301775147929,24.0,122.08749502487564,121.8558279637216,0,0,90.9422210683841,90.9422210683841,90.76965370523654
2058,2020-12-05T18:10:05,2020-12-05T18:48:16,231,75.2,97.6,22.39999999999999,27.305253769444445,121.89845432787703,38.18333435058594,120.29,40.0,123.24795081967214,-42.819486406926416,-18.70001,24.428571428571427,25.0,121.89845432787703,121.8886133058516,0,0,90.80140582064831,90.80140582064831,90.79407530411677
2060,2020-12-06T02:48:41,2020-12-06T03:18:41,181,40.4,59.2,18.800000000000004,22.497777555555555,119.66902955082739,30.0,72.0,23.93,121.6216216216216,-44.995579668508284,-44.89999,21.49171270718232,24.0,119.66902955082739,121.8558279637216,0,0,89.14072107248086,89.14072107248086,90.76965370523654
2061,2020-12-06T03:18:52,2020-12-06T03:49:52,187,59.2,78.4,19.200000000000003,23.249444388888886,121.09085619212959,31.0,95.54,31.76,121.86224489795919,-44.99893037433155,-44.89999,22.807486631016044,24.0,121.09085619212959,121.8558279637216,0,0,90.19983095681322,90.19983095681322,90.76965370523654
2062,2020-12-06T03:50:03,2020-12-06T04:13:53,144,78.8,93.2,14.400000000000006,17.783889902777776,123.49923543595675,23.83333396911621,114.01,37.89,122.3283261802575,-44.769447013888886,-44.20001,23.572916666666668,25.0,123.49923543595675,121.8558279637216,0,0,91.99381778211429,91.99381778211429,90.76965370523654
2065,2020-12-06T15:31:17,2020-12-06T16:50:32,595,30.0,97.6,67.6,82.06627188055556,121.39981047419462,79.25,120.52,40.09,123.48360655737704,-62.09815731092438,-13.10001,26.23109243697479,29.0,121.39981047419462,121.79012097315655,0,0,90.42996909351474,90.42996909351474,90.72070897375124
2067,2020-12-07T05:35:55,2020-12-07T06:08:15,195,39.6,71.6,31.999999999999993,37.94180079166666,118.56812747395833,32.33333206176758,87.81,29.2,122.63966480446928,-70.40768348717948,-70.30002,22.9,26.0,118.56812747395833,121.73181279802827,0,0,88.32066591426117,88.32066591426117,90.67727557419194
2068,2020-12-07T06:08:26,2020-12-07T06:35:26,163,71.6,93.2,21.60000000000001,26.580001472222225,123.05556237139915,27.0,114.89,38.2,123.2725321888412,-59.05705846625767,-44.60001,25.088957055214724,27.0,123.05556237139915,121.73181279802827,0,0,91.66332845631672,91.66332845631672,90.67727557419194
2070,2020-12-07T10:42:47,2020-12-07T11:27:45,338,68.4,97.6,29.19999999999999,35.308672058333336,120.92010978881285,44.96666717529297,119.81,39.84,122.7561475409836,-47.08669360946746,-18.5,24.227810650887573,26.0,120.92010978881285,121.69019592926817,0,0,90.072643015461,90.072643015461,90.6462754256658
2071,2020-12-08T11:56:43,2020-12-08T13:03:55,505,40.0,95.6,55.599999999999994,67.15003805138889,120.77344973271384,67.19999694824219,117.35,39.02,122.7510460251046,-59.91189037623763,-18.5,21.65841584158416,24.0,120.77344973271384,121.69019592926817,0,0,89.96339684540123,89.96339684540123,90.6462754256658
2073,2020-12-09T10:43:16,2020-12-09T11:12:46,178,45.6,64.0,18.4,21.525836277777778,116.98824064009662,29.5,77.87,25.88,121.671875,-43.78090488764045,-42.70001,20.873595505617978,22.0,116.98824064009662,121.69019592926817,0,0,87.14381796862345,87.14381796862345,90.6462754256658
2074,2020-12-09T11:12:57,2020-12-09T11:43:27,184,64.0,81.6,17.599999999999994,21.306114027777774,121.05746606691922,30.5,99.82999,33.18,122.34067401960785,-41.91359271739131,-41.10001,22.184782608695652,23.0,121.05746606691922,121.6071761915903,0,0,90.17495885875138,90.17495885875138,90.58443453577448
2075,2020-12-09T11:43:38,2020-12-09T12:15:08,190,81.6,96.8,15.200000000000003,18.819031333333335,123.80941666666666,31.5,118.34,39.34,122.25206611570249,-35.81421731578948,-18.60001,23.028947368421054,24.0,123.80941666666666,121.69019592926817,0,0,92.22486986528412,92.22486986528412,90.6462754256658
2077,2020-12-09T21:26:42,2020-12-09T21:53:12,160,23.6,49.2,25.6,31.103609555555558,121.4984748263889,26.5,60.68,20.18,123.33333333333331,-70.42249650000001,-70.20001,26.040625,29.0,121.4984748263889,121.69019592926817,0,0,90.50346356014289,90.50346356014289,90.6462754256658
2078,2020-12-09T21:53:23,2020-12-09T22:27:13,204,49.6,82.8,33.199999999999996,39.73638711111111,119.68791298527444,33.83333206176758,102.27,34.02,123.51449275362319,-70.46862431372548,-70.39999,29.36519607843137,31.0,119.68791298527444,121.6071761915903,0,0,89.15478722618205,89.15478722618205,90.58443453577448
2079,2020-12-09T22:27:24,2020-12-09T22:48:24,127,82.8,97.2,14.400000000000006,17.461390083333338,121.25965335648148,21.0,120.05,39.94,123.5082304526749,-49.948822362204716,-44.30002,30.555118110236222,32.0,121.25965335648148,121.6071761915903,0,0,90.32556692209842,90.32556692209842,90.58443453577448
2081,2020-12-10T04:31:47,2020-12-10T05:04:37,198,59.2,89.2,30.0,37.045564444444445,123.48521481481482,32.83333206176758,110.16,36.64,123.49775784753362,-67.6469859090909,-44.70001,27.53787878787879,30.0,123.48521481481482,121.6071761915903,0,0,91.9833739080128,91.9833739080128,90.58443453577448
2082,2020-12-10T05:04:48,2020-12-10T05:21:28,101,89.2,97.6,8.399999999999991,10.402085847222226,123.83435532407425,16.66666603088379,120.52,40.09,123.48360655737704,-37.36634574257427,-13.80002,28.5,30.0,123.83435532407425,121.69019592926817,0,0,92.24344651717338,92.24344651717338,90.6462754256658
2083,2020-12-10T14:38:28,2020-12-10T14:56:58,112,42.0,59.6,17.6,21.654587375000013,123.03742826704551,18.5,73.54,24.46,123.38926174496646,-70.23126312500001,-70.20001,26.620535714285715,29.0,123.03742826704551,121.69019592926817,0,0,91.64982047397446,91.64982047397446,90.6462754256658
2084,2020-12-10T14:57:09,2020-12-10T15:35:01,229,60.0,92.8,32.8,39.93138045138889,121.74201357130761,37.86666488647461,114.66,38.14,123.55603448275862,-63.17293441048035,0.0,29.05240174672489,31.0,121.74201357130761,121.72914043233405,0,0,90.68487406721081,90.68487406721081,90.67528494549003
2085,2020-12-10T23:10:19,2020-12-10T23:31:25,128,27.6,47.6,20.0,24.64872469722223,123.24362348611115,21.100000381469727,58.75,19.54,123.42436974789915,-70.09141328125,-69.80002,27.29296875,30.0,123.24362348611115,121.74468593700183,0,0,91.8034140192568,91.8034140192568,90.68686469591272
2086,2020-12-10T23:31:36,2020-12-11T00:04:53,202,48.0,80.0,32.0,38.860683816666665,121.43963692708333,33.28333282470703,98.72,32.84,123.39999999999999,-70.05495643564356,-69.70001,30.56188118811881,33.0,121.43963692708333,121.72914043233405,0,0,90.45963557231535,90.45963557231535,90.67528494549003
2087,2020-12-11T01:07:32,2020-12-11T01:52:06,335,70.8,98.0,27.200000000000003,33.24366886944445,122.21937084354576,44.56666564941406,121.0,40.25,123.46938775510205,-44.73940597014926,-34.20001,30.81044776119403,33.0,122.21937084354576,121.72914043233405,0,0,91.04045455128609,91.04045455128609,90.67528494549003
2089,2020-12-11T13:47:37,2020-12-11T14:17:17,179,35.2,64.0,28.799999999999997,34.71792155555556,120.54833873456793,29.66666603088379,78.96,26.27,123.37499999999999,-70.21621094972068,-69.89999,28.497206703910614,31.0,120.54833873456793,121.70306906824175,0,0,89.79571305310017,89.79571305310017,90.65586454738659
2090,2020-12-11T14:17:28,2020-12-11T14:44:08,161,64.0,88.8,24.799999999999997,29.988615416666665,120.92183635752689,26.66666603088379,109.71,36.49,123.54729729729729,-67.41056869565219,-44.10001,31.08695652173913,33.0,120.92183635752689,121.70306906824175,0,0,90.07392912583332,90.07392912583332,90.65586454738659
2092,2020-12-11T21:54:34,2020-12-11T22:57:57,476,25.2,88.8,63.599999999999994,77.01432690694445,121.09170897318312,63.38333511352539,109.68,36.48,123.51351351351352,-72.87353649159664,-44.0,31.372899159663866,35.0,121.09170897318312,121.58129969578238,0,0,90.20046618815346,90.20046618815346,90.56515929385262
2094,2020-12-12T13:20:06,2020-12-12T13:49:56,180,58.8,86.8,28.0,34.541943347222215,123.36408338293647,29.83333396911621,107.17,35.65,123.46774193548387,-69.40110894444445,-44.10001,26.65277777777778,28.0,123.36408338293647,121.70306906824175,0,0,91.8931438524779,91.8931438524779,90.65586454738659
2096,2020-12-13T03:26:10,2020-12-13T04:25:49,448,51.6,97.6,45.99999999999999,56.43990952638889,122.69545549214978,59.650001525878906,120.5,40.09,123.46311475409837,-56.74197107142857,-13.10001,26.555803571428573,28.0,122.69545549214978,121.70306906824175,0,0,91.39508706587563,91.39508706587563,90.65586454738659
2097,2020-12-13T15:33:04,2020-12-13T15:51:44,113,70.0,87.2,17.200000000000003,21.122222180555557,122.80361732881134,18.66666603088379,107.49,35.75,123.2683486238532,-67.86814150442477,-60.20001,24.3141592920354,25.0,122.80361732881134,121.70306906824175,0,0,91.47565615002986,91.47565615002986,90.65586454738659
2100,2020-12-14T00:09:03,2020-12-14T00:36:23,165,38.4,57.6,19.200000000000003,22.659728638888886,118.01941999421292,27.33333396911621,71.03,23.63,123.31597222222221,-49.740620121212125,-49.70001,27.315151515151516,30.0,118.01941999421292,121.70306906824175,0,0,87.91193710125117,87.91193710125117,90.65586454738659
2101,2020-12-14T00:36:34,2020-12-14T01:06:24,180,57.6,78.0,20.4,24.73695191666667,121.25956821895427,29.83333396911621,96.28,32.02,123.43589743589743,-49.750015000000005,-49.70001,29.1,31.0,121.25956821895427,121.70306906824175,0,0,90.32550350368018,90.32550350368018,90.65586454738659
2102,2020-12-14T01:06:35,2020-12-14T01:30:35,145,78.4,93.6,15.199999999999989,19.157087375000003,126.03346957236853,24.0,115.64,38.47,123.54700854700856,-47.885527310344834,-43.89999,30.0,31.0,126.03346957236853,121.74468593700183,0,0,93.88155313965967,93.88155313965967,90.68686469591272
2104,2020-12-14T07:04:25,2020-12-14T07:35:55,190,18.4,48.4,30.0,36.82736636111112,122.7578878703704,31.5,59.64,19.84,123.22314049586777,-70.14737842105264,-70.10001,27.6,31.0,122.7578878703704,121.81039292756691,0,0,91.44159255884858,91.44159255884858,90.73580942739801
2105,2020-12-14T07:36:06,2020-12-14T08:05:16,176,48.8,77.2,28.400000000000006,34.09514355555555,120.05332237871671,29.16666603088379,95.28,31.69,123.41968911917098,-70.13864596590909,-70.0,30.573863636363637,33.0,120.05332237871671,121.70306906824175,0,0,89.4269784266987,89.4269784266987,90.65586454738659
2106,2020-12-14T08:05:27,2020-12-14T08:33:07,167,77.2,97.6,20.39999999999999,25.117922611111112,123.12707162309374,27.66666603088379,120.52,40.09,123.48360655737704,-54.48863562874253,-44.20001,31.49700598802395,33.0,123.12707162309374,121.81039292756691,0,0,91.71659525628439,91.71659525628439,90.73580942739801
2108,2020-12-16T08:11:05,2020-12-16T09:39:27,664,33.2,97.6,64.39999999999999,77.77434489027777,120.76761628925122,88.36666870117188,120.29,40.0,123.24795081967214,-52.73886323795181,-13.39999,23.273343373493976,27.0,120.76761628925122,121.70306906824175,0,0,89.95905154939152,89.95905154939152,90.65586454738659
2110,2020-12-16T19:19:51,2020-12-16T19:52:31,197,26.0,48.8,22.799999999999997,27.278199888888892,119.64122758284603,32.66666793823242,59.14,19.65,121.18852459016394,-50.10305568527919,-50.10001,20.253807106598984,23.0,119.64122758284603,121.58129969578238,0,0,89.12001155822813,89.12001155822813,90.56515929385262
2111,2020-12-16T19:52:42,2020-12-16T20:24:52,194,48.8,71.6,22.799999999999997,26.880144250000004,117.89536951754388,32.16666793823242,87.54,29.1,122.26256983240225,-50.13918525773195,-50.10001,22.963917525773194,25.0,117.89536951754388,121.46905587673612,0,0,87.81953266727884,87.81953266727884,90.48154956622912
2112,2020-12-16T20:25:03,2020-12-16T20:51:43,161,72.0,90.0,18.0,22.06819929166667,122.60110717592595,26.66666603088379,110.49,36.74,122.76666666666665,-49.63852024844721,-44.30002,24.0,25.0,122.60110717592595,121.58129969578238,0,0,91.32480758778732,91.32480758778732,90.56515929385262
2115,2020-12-17T03:19:18,2020-12-17T03:47:08,168,85.6,97.6,12.0,14.55416684722222,121.28472372685184,27.83333396911621,116.56,38.71,119.42622950819673,-31.307738452380953,-18.5,18.458333333333332,20.0,121.28472372685184,121.46905587673612,0,0,90.34424168616023,90.34424168616023,90.48154956622912
2117,2020-12-17T12:52:26,2020-12-17T13:21:16,174,56.4,83.6,27.199999999999996,33.46833668055556,123.04535544321898,28.83333396911621,103.03,34.26,123.24162679425838,-69.62127137931034,-60.60001,24.844827586206897,27.0,123.04535544321898,121.58129969578238,0,0,91.65572537855023,91.65572537855023,90.56515929385262
2118,2020-12-17T13:21:27,2020-12-17T13:39:17,108,84.0,95.6,11.599999999999994,14.33028218055556,123.53691534961696,17.83333396911621,117.88,39.2,123.30543933054393,-48.25371851851851,-44.20001,25.86111111111111,27.0,123.53691534961696,121.62024419884825,0,0,92.02188531709996,92.02188531709996,90.59416881367684
2120,2020-12-17T20:36:51,2020-12-17T21:09:41,198,46.0,66.0,20.0,23.920143291666665,119.60071645833332,32.83333206176758,79.99,26.58,121.19696969696969,-43.71212929292928,-42.70001,20.757575757575758,23.0,119.60071645833332,121.46905587673612,0,0,89.08983507176313,89.08983507176313,90.48154956622912
2121,2020-12-17T21:09:52,2020-12-17T21:39:52,181,66.0,83.2,17.200000000000003,20.89819693055556,121.50114494509043,30.0,100.9,33.53,121.27403846153845,-41.79669005524862,-40.89999,21.77900552486188,23.0,121.50114494509043,121.46905587673612,0,0,90.50545251507381,90.50545251507381,90.48154956622912
2122,2020-12-17T21:40:03,2020-12-17T22:08:43,173,83.2,96.8,13.599999999999994,16.44375448611111,120.90995945669938,28.66666603088379,117.92,39.2,121.81818181818183,-34.39076080924856,-18.70001,22.479768786127167,24.0,120.90995945669938,121.41972370063897,0,0,90.06508209575507,90.06508209575507,90.44480233291505
2124,2020-12-18T14:25:16,2020-12-18T14:52:46,166,38.4,64.8,26.4,32.07138769444445,121.48252914562289,27.5,78.34,26.02,120.89506172839506,-69.97409379518072,-69.89999,18.283132530120483,21.0,121.48252914562289,121.4610830363531,0,0,90.49158572101602,90.49158572101602,90.47561064666569
2125,2020-12-18T14:52:57,2020-12-18T15:22:47,180,65.2,90.4,25.200000000000003,31.036946347222223,123.1624855048501,29.83333396911621,110.1,36.59,121.79203539823008,-62.39111494444444,-44.20001,21.330555555555556,23.0,123.1624855048501,121.4905019860059,0,0,91.74297483809923,91.74297483809923,90.49752464057946
2127,2020-12-18T19:03:55,2020-12-18T19:21:15,105,70.0,86.0,16.0,19.58472229166667,122.40451432291668,17.33333396911621,104.31,34.67,121.29069767441861,-67.76666704761905,-60.20001,21.561904761904763,23.0,122.40451432291668,121.4905019860059,0,0,91.17836678567905,91.17836678567905,90.49752464057946
2130,2020-12-19T01:42:23,2020-12-19T02:06:33,146,55.6,78.0,22.4,27.70152529166667,123.66752362351193,24.16666603088379,94.32,31.33,120.9230769230769,-68.78081575342465,-66.5,19.715753424657535,22.0,123.66752362351193,121.49980988573967,0,0,92.11917461372691,92.11917461372691,90.50445803760834
2132,2020-12-19T06:11:41,2020-12-19T07:18:48,504,49.2,97.6,48.39999999999999,59.05141114861111,122.00704782770892,67.11666870117188,117.93,39.18,120.82991803278689,-52.77719001984128,-18.5,20.00297619047619,22.0,122.00704782770892,121.49980988573967,0,0,90.88229644803229,90.88229644803229,90.50445803760834
2133,2020-12-19T19:04:11,2020-12-19T19:28:01,144,24.4,47.6,23.200000000000003,28.034586194444444,120.83873359674327,23.83333396911621,57.45,19.09,120.69327731092437,-70.57709055555556,-70.5,18.38888888888889,21.0,120.83873359674327,121.4905019860059,0,0,90.01202639254325,90.01202639254325,90.49752464057946
2134,2020-12-19T19:28:12,2020-12-19T19:54:52,161,47.6,74.4,26.800000000000004,31.36917025,117.04914272388059,26.66666603088379,90.61,30.12,121.78763440860213,-70.58075341614907,-70.5,21.773291925465838,24.0,117.04914272388059,121.4610830363531,0,0,87.18918355472118,87.18918355472118,90.47561064666569
2135,2020-12-19T19:55:03,2020-12-19T20:21:03,157,74.4,94.4,20.0,23.89944430555556,119.49722152777778,26.0,115.43,38.37,122.27754237288136,-55.08789777070064,-19.39999,23.43949044585987,25.0,119.49722152777778,121.4610830363531,0,0,89.01274233714588,89.01274233714588,90.47561064666569
2139,2020-12-21T10:26:07,2020-12-21T10:57:17,188,56.0,85.2,29.200000000000003,35.70250351388889,122.26884765030441,31.16666603088379,104.95,34.9,123.18075117370893,-68.7138365425532,-60.20001,24.329787234042552,26.0,122.26884765030441,121.4905019860059,0,0,91.07730951908673,91.07730951908673,90.49752464057946
2144,2020-12-21T17:27:02,2020-12-21T17:56:42,179,70.0,94.0,24.0,29.114447,121.31019583333332,29.66666603088379,115.84,38.52,123.2340425531915,-58.8737482122905,-44.0,24.72905027932961,26.0,121.31019583333332,121.4610830363531,0,0,90.36321570097023,90.36321570097023,90.47561064666569
2147,2020-12-22T00:32:05,2020-12-22T01:01:35,178,56.8,74.4,17.60000000000001,21.122086638888888,120.01185590277773,29.5,90.22,29.98,121.26344086021504,-42.96124269662922,-42.10001,21.52247191011236,23.0,120.01185590277773,121.4610830363531,0,0,89.39609030485623,89.39609030485623,90.47561064666569
2148,2020-12-22T01:01:46,2020-12-22T01:30:06,171,74.4,90.4,16.0,19.50319772222222,121.89498576388888,28.33333396911621,110.13,36.61,121.82522123893804,-41.301176549707606,-40.5,22.219298245614034,24.0,121.89498576388888,121.4905019860059,0,0,90.79882210875435,90.79882210875435,90.49752464057946
2150,2020-12-22T15:20:00,2020-12-22T15:37:10,104,61.6,72.0,10.399999999999999,12.906808416666665,124.10392708333335,17.16666603088379,86.24,28.64,119.77777777777777,-45.111548461538455,-45.10001,17.60576923076923,18.0,124.10392708333335,121.4905019860059,0,0,92.44424885585138,92.44424885585138,90.49752464057946
2151,2020-12-22T15:37:21,2020-12-22T16:10:01,197,72.0,92.0,20.0,24.404451763888897,122.02225881944447,32.66666793823242,111.24,36.95,120.91304347826086,-44.82387131979694,-44.30002,18.918781725888326,20.0,122.02225881944447,121.49980988573967,0,0,90.8936270218376,90.8936270218376,90.50445803760834
2153,2020-12-22T22:53:12,2020-12-22T23:19:22,158,44.0,69.2,25.200000000000003,30.595282069444448,121.40984948192241,26.16666603088379,85.35,28.38,123.33815028901732,-70.15507316455697,-70.0,23.54113924050633,26.0,121.40984948192241,121.49980988573967,0,0,90.43744708837328,90.43744708837328,90.50445803760834
2154,2020-12-22T23:19:33,2020-12-22T23:50:43,188,69.2,94.4,25.200000000000003,30.780422458333334,122.14453356481482,31.16666603088379,116.55,38.77,123.46398305084745,-59.24575585106382,-44.10001,25.632978723404257,27.0,122.14453356481482,121.62157925819902,0,0,90.98470872453193,90.98470872453193,90.59516329114231
2156,2020-12-23T14:38:53,2020-12-23T15:24:39,344,53.2,93.2,40.0,48.76722494444444,121.9180623611111,45.766666412353516,115.12,38.3,123.51931330472102,-63.90901517441861,-43.80002,25.21656976744186,27.0,121.9180623611111,121.81849966759825,0,0,90.81601172351105,90.81601172351105,90.74184808798259
2158,2020-12-24T02:26:03,2020-12-24T02:52:43,161,48.8,74.4,25.60000000000001,31.020564055555564,121.1740783420139,26.66666603088379,91.93,30.58,123.56182795698923,-69.79629242236025,-69.70001,26.493788819875775,29.0,121.1740783420139,121.62157925819902,0,0,90.26182262230706,90.26182262230706,90.59516329114231
2159,2020-12-24T02:52:54,2020-12-24T03:16:04,140,74.4,93.2,18.799999999999997,22.818336111111115,121.37412825059106,23.16666603088379,115.12,38.3,123.51931330472102,-59.081435857142864,-43.80002,28.0,29.0,121.37412825059106,121.62157925819902,0,0,90.41083856375813,90.41083856375813,90.59516329114231
2160,2020-12-24T14:49:09,2020-12-24T15:16:59,168,32.8,59.6,26.800000000000004,32.48250102777778,121.20336204394692,27.83333396911621,73.49,24.45,123.30536912751677,-70.02202601190477,-70.0,24.327380952380953,27.0,121.20336204394692,121.62157925819902,0,0,90.28363587102965,90.28363587102965,90.59516329114231
2161,2020-12-24T15:17:10,2020-12-24T15:46:10,175,60.0,87.2,27.200000000000003,33.39555854166667,122.77778875612744,29.0,107.76,35.85,123.57798165137615,-69.02572045714285,-44.20001,27.245714285714286,29.0,122.77778875612744,121.81849966759825,0,0,91.45641660574711,91.45641660574711,90.74184808798259
2162,2020-12-24T15:46:21,2020-12-24T16:06:21,121,87.6,97.6,10.0,12.553057611111116,125.53057611111116,20.0,120.54,40.09,123.50409836065575,-37.58595652892563,-13.39999,28.119834710743802,29.0,125.53057611111116,121.81849966759825,0,0,93.50695090608781,93.50695090608781,90.74184808798259
2163,2020-12-25T02:43:16,2020-12-25T04:06:31,625,26.0,97.6,71.6,87.02626149444447,121.54505795313474,83.25,120.52,40.09,123.48360655737704,-62.683528288000005,-13.20001,25.7312,29.0,121.54505795313474,121.64353576222118,0,0,90.5381630435725,90.5381630435725,90.61151855539165
2165,2020-12-25T22:48:41,2020-12-25T23:17:01,171,29.6,57.2,27.6,33.13930969444445,120.0699626610306,28.33333396911621,70.53,23.46,123.30419580419579,-70.17720175438598,-69.89999,24.900584795321638,28.0,120.0699626610306,121.52310144911259,0,0,89.43937367022895,89.43937367022895,90.52180777932315
2166,2020-12-25T23:17:12,2020-12-25T23:42:12,151,57.6,82.0,24.4,29.23444845833333,119.81331335382512,25.0,101.25,33.68,123.47560975609757,-70.16226125827815,-69.89999,27.79801324503311,29.0,119.81331335382512,121.49183704535666,0,0,89.24819718628049,89.24819718628049,90.49851911804492
2167,2020-12-25T23:42:23,2020-12-25T23:58:53,100,82.0,93.6,11.599999999999994,14.369029333333332,123.87094252873568,16.5,115.64,38.47,123.54700854700856,-52.300005700000014,-44.10001,28.95,30.0,123.87094252873568,121.49183704535666,0,0,92.2707000999741,92.2707000999741,90.49851911804492
2168,2020-12-26T03:11:45,2020-12-26T03:32:25,125,66.8,86.4,19.60000000000001,24.11138891666667,123.01729039115642,20.66666603088379,106.72,35.49,123.5185185185185,-70.00080008,-70.0,26.94,29.0,123.01729039115642,121.52310144911259,0,0,91.63481989459015,91.63481989459015,90.52180777932315
2170,2020-12-26T12:24:47,2020-12-26T12:54:27,179,43.6,64.4,20.800000000000004,25.07625573611111,120.55892180822647,29.66666603088379,79.29,26.37,123.12111801242237,-50.71621273743016,-50.70001,24.64804469273743,27.0,120.55892180822647,121.49183704535666,0,0,89.80359631931053,89.80359631931053,90.49851911804492
2171,2020-12-26T12:54:38,2020-12-26T13:23:08,172,64.4,84.0,19.599999999999994,24.08444938888889,122.87984382086171,28.5,103.68,34.49,123.42857142857144,-50.7040801744186,-50.70001,26.122093023255815,27.0,122.87984382086171,121.52310144911259,0,0,91.5324367932063,91.5324367932063,90.52180777932315
2172,2020-12-26T13:23:19,2020-12-26T13:46:49,142,84.4,97.6,13.199999999999989,16.748472083333336,126.88236426767689,23.5,120.52,40.09,123.48360655737704,-42.68943633802817,-14.10001,26.954225352112676,28.0,126.88236426767689,121.72002185851181,0,0,94.51388955567658,94.51388955567658,90.66849257616343
2173,2020-12-27T03:52:31,2020-12-27T05:39:31,803,14.0,98.0,84.0,101.378862875,120.68912247023809,107.0,121.0,40.25,123.46938775510205,-56.82342097135742,-13.30002,27.635118306351185,31.0,120.68912247023809,121.72002185851181,0,0,89.90058198836286,89.90058198836286,90.66849257616343
2174,2020-12-27T15:32:32,2020-12-27T16:50:59,589,14.8,80.0,65.2,78.33081064722222,120.13928013377641,78.44999694824219,98.77,32.86,123.46249999999999,-59.8580684040747,0.0,30.730050933786078,34.0,120.13928013377641,121.52310144911259,0,0,89.49100782759342,89.49100782759342,90.52180777932315
2176,2020-12-28T08:28:33,2020-12-28T08:59:53,189,50.0,71.2,21.200000000000003,26.11111111111111,123.1656184486373,31.33333396911621,87.00999,28.92,122.20504213483144,-50.0,-50.0,22.833333333333332,25.0,123.1656184486373,121.52310144911259,0,0,91.74530854857818,91.74530854857818,90.52180777932315
2177,2020-12-28T09:00:04,2020-12-28T09:30:14,182,71.2,91.6,20.39999999999999,24.601113874999992,120.5936954656863,30.16666603088379,112.53,37.41,122.84934497816595,-48.920335164835144,-44.20001,24.35164835164835,26.0,120.5936954656863,121.49183704535666,0,0,89.8294990020007,89.8294990020007,90.49851911804492
2180,2020-12-28T21:58:13,2020-12-28T23:19:37,611,50.0,97.6,47.599999999999994,58.922391825000005,123.78653744747902,81.4000015258789,120.5,40.09,123.46311475409837,-43.396728854337155,-13.60001,29.090834697217677,31.0,123.78653744747902,121.52310144911259,0,0,92.20782727620642,92.20782727620642,90.52180777932315
2181,2020-12-29T11:06:48,2020-12-29T11:29:08,135,38.4,60.0,21.6,26.133752722222223,120.98959593621397,22.33333396911621,74.17,24.67,123.61666666666667,-70.21037762962965,-69.89999,24.87037037037037,27.0,120.98959593621397,121.52310144911259,0,0,90.12440281753456,90.12440281753456,90.52180777932315
2182,2020-12-29T11:29:19,2020-12-29T11:57:59,173,60.0,87.2,27.200000000000003,33.14250225,121.84743474264705,28.66666603088379,107.68,35.82,123.4862385321101,-69.29653647398844,-44.0,27.528901734104046,29.0,121.84743474264705,121.52310144911259,0,0,90.76340164669212,90.76340164669212,90.52180777932315
2183,2020-12-29T11:58:10,2020-12-29T12:18:10,121,87.2,97.6,10.399999999999991,12.864724777777777,123.69927670940181,20.0,120.5,40.09,123.46311475409837,-38.51323074380166,-13.20001,28.5,29.0,123.69927670940181,121.52310144911259,0,0,92.14282729130878,92.14282729130878,90.52180777932315
2184,2020-12-29T20:05:37,2020-12-29T20:25:27,120,35.6,54.8,19.199999999999996,23.162362819444454,120.63730635127322,19.83333396911621,67.73,22.53,123.59489051094893,-70.07083850000001,-69.89999,29.670833333333334,32.0,120.63730635127322,121.52310144911259,0,0,89.8619844813467,89.8619844813467,90.52180777932315
2185,2020-12-29T20:25:38,2020-12-29T21:08:34,259,55.2,92.8,37.599999999999994,46.12773977361112,122.68015897237001,42.93333435058594,114.61,38.12,123.50215517241381,-64.44440667953668,-43.89999,32.270270270270274,34.0,122.68015897237001,121.52310144911259,0,0,91.38369278275839,91.38369278275839,90.52180777932315
2186,2020-12-30T11:27:02,2020-12-30T11:58:09,189,65.2,74.8,9.599999999999994,11.78119100833333,122.72073967013893,31.116666793823242,89.31,29.66,119.39839572192514,-22.70845899470899,-20.70001,17.095238095238095,18.0,122.72073967013893,121.6962463478909,0,0,91.41392109391226,91.41392109391226,90.65078234513231
2187,2020-12-30T11:58:20,2020-12-30T12:27:50,178,74.8,84.0,9.200000000000003,11.157218319444445,121.27411216787436,29.5,100.29,33.3,119.39285714285715,-22.695497696629214,-22.39999,17.89325842696629,19.0,121.27411216787436,121.6962463478909,0,0,90.33633720141171,90.33633720141171,90.65078234513231
2188,2020-12-30T12:28:01,2020-12-30T12:47:41,119,84.0,90.0,6.0,7.297637402777777,121.6272900462963,19.66666603088379,107.92,35.85,119.91111111111111,-22.269743361344542,-22.0,18.0,19.0,121.6272900462963,121.73736239447167,0,0,90.59941722192787,90.59941722192787,90.68140943430998
2189,2020-12-30T22:36:47,2020-12-30T22:59:57,140,30.0,50.8,20.799999999999997,25.555558763888886,122.86326328792735,23.16666603088379,62.41,20.75,122.85433070866141,-66.17500835714286,-58.5,20.95,26.0,122.86326328792735,121.73736239447167,0,0,91.52008605661987,91.52008605661987,90.68140943430998
2190,2020-12-30T23:00:08,2020-12-30T23:28:28,171,51.2,78.8,27.599999999999994,33.17166965277778,120.18720888687602,28.33333396911621,97.29,32.36,123.46446700507616,-70.24562040935672,-70.0,25.950292397660817,28.0,120.18720888687602,121.73736239447167,0,0,89.52670965978376,89.52670965978376,90.68140943430998
2193,2020-12-31T02:29:47,2020-12-31T02:59:27,179,64.8,90.8,26.0,31.52194963888889,121.23826784188034,29.66666603088379,110.47,36.71,121.66299559471366,-63.716770279329616,-44.39999,22.756983240223462,25.0,121.23826784188034,121.58617399971553,0,0,90.30963698434253,90.30963698434253,90.56879013275018
2196,2020-12-31T16:12:54,2020-12-31T16:43:24,184,14.0,42.0,28.0,34.52833755555556,123.31549126984127,30.5,51.62,17.17,122.9047619047619,-67.90544309782608,-58.39999,22.092391304347824,26.0,123.31549126984127,121.58617399971553,0,0,91.85694788752356,91.85694788752356,90.56879013275018
2197,2020-12-31T16:43:35,2020-12-31T17:13:35,181,42.4,71.6,29.199999999999996,35.08403220833333,120.15079523401828,30.0,88.38,29.4,123.43575418994413,-70.16851718232044,-69.89999,26.87845303867403,29.0,120.15079523401828,121.58617399971553,0,0,89.4995853546498,89.4995853546498,90.56879013275018
2198,2020-12-31T17:13:46,2020-12-31T17:45:06,189,72.0,96.4,24.400000000000006,29.547643208333334,121.09689839480872,31.33333396911621,119.08,39.61,123.52697095435684,-56.5841352910053,-44.0,28.71693121693122,30.0,121.09689839480872,121.58617399971553,0,0,90.20433175627407,90.20433175627407,90.56879013275018
2200,2021-01-01T03:13:49,2021-01-01T03:32:29,113,33.6,51.6,18.0,21.86528230555556,121.47379058641978,18.66666603088379,62.07,20.62,120.2906976744186,-70.28143053097347,-70.20001,18.261061946902654,21.0,121.47379058641978,121.58617399971553,0,0,90.48507642223234,90.48507642223234,90.56879013275018
2201,2021-01-01T03:32:40,2021-01-01T03:57:50,152,52.0,76.0,24.0,29.481673250000007,122.84030520833336,25.16666603088379,92.17,30.64,121.27631578947368,-70.28751559210527,-70.20001,20.94407894736842,23.0,122.84030520833336,121.73736239447167,0,0,91.50298472491251,91.50298472491251,90.68140943430998
2203,2021-01-01T13:32:15,2021-01-01T14:27:30,415,50.8,92.8,42.0,51.125507776388886,121.72739946759259,55.25,113.97,37.89,122.81250000000001,-55.49422527710843,-44.0,22.489156626506023,25.0,121.72739946759259,121.67734475694445,0,0,90.6739881116058,90.6739881116058,90.63670266676684
2204,2021-01-01T20:50:49,2021-01-01T21:12:59,134,42.8,64.0,21.200000000000003,25.774033847222228,121.57563135482182,22.16666603088379,77.97,25.92,121.828125,-69.76419552238805,-69.70001,21.425373134328357,24.0,121.57563135482182,121.60146070055906,0,0,90.56093698167706,90.56093698167706,90.58017710180246
2205,2021-01-01T21:13:10,2021-01-01T21:40:50,167,64.0,88.8,24.799999999999997,30.20500741666667,121.79438474462368,27.66666603088379,108.55,36.08,122.24099099099098,-65.45330946107785,-44.0,23.263473053892216,25.0,121.79438474462368,121.60146070055906,0,0,90.72388503078534,90.72388503078534,90.58017710180246
2206,2021-01-01T21:41:01,2021-01-01T21:59:01,109,88.8,96.8,8.0,9.748331708333334,121.85414635416667,18.0,118.39,39.35,122.30371900826447,-32.48256339449541,-18.39999,23.81651376146789,25.0,121.85414635416667,121.60146070055906,0,0,90.76840108466419,90.76840108466419,90.58017710180246
2208,2021-01-02T02:27:04,2021-01-02T02:55:44,173,64.0,88.0,24.0,29.43736351388889,122.65568130787038,28.66666603088379,106.36,35.34,120.86363636363636,-61.58902242774567,-44.20001,20.13583815028902,22.0,122.65568130787038,121.67734475694445,0,0,91.36545952163931,91.36545952163931,90.63670266676684
2210,2021-01-02T08:19:24,2021-01-02T08:40:14,126,57.6,77.2,19.6,24.215141833333337,123.54664200680274,20.83333396911621,92.65,30.77,120.01295336787565,-69.73096087301587,-67.0,18.83730158730159,21.0,123.54664200680274,121.76089210610814,0,0,92.02913064396874,92.02913064396874,90.69893657119556
2211,2021-01-02T08:40:25,2021-01-02T09:08:35,170,77.2,95.2,18.0,22.113060888888892,122.85033827160495,28.16666603088379,114.62,38.07,120.39915966386555,-47.08001135294118,-18.60001,19.708823529411763,22.0,122.85033827160495,121.82090974363537,0,0,91.51045829178234,91.51045829178234,90.74364333873874
2214,2021-01-02T14:29:32,2021-01-02T15:00:59,190,68.0,93.6,25.599999999999994,31.34415669027778,122.43811207139761,31.450000762939453,114.03,37.9,121.82692307692308,-59.76106000000001,-44.10001,22.16578947368421,24.0,122.43811207139761,121.82090974363537,0,0,91.2033935410329,91.2033935410329,90.74364333873874
2216,2021-01-02T23:56:00,2021-01-03T01:03:22,508,37.6,91.6,53.99999999999999,65.529815675,121.35151050925927,67.36666870117188,112.06,37.25,122.33624454148473,-58.36300112204726,-44.0,21.677165354330707,25.0,121.35151050925927,121.82090974363537,0,0,90.39399074792045,90.39399074792045,90.74364333873874
2218,2021-01-03T03:54:23,2021-01-03T04:20:13,156,68.8,90.4,21.60000000000001,26.64791925,123.36999652777773,25.83333396911621,109.23,36.29,120.82964601769912,-61.861544487179486,-44.0,21.259615384615383,23.0,123.36999652777773,121.85079054840686,0,0,91.89754851755235,91.89754851755235,90.76590136567816
2219,2021-01-03T07:02:56,2021-01-03T07:22:36,119,59.2,71.2,12.0,14.75180573611111,122.9317144675926,19.66666603088379,85.65,28.45,120.29494382022472,-45.005882941176466,-45.0,20.247899159663866,22.0,122.9317144675926,121.85079054840686,0,0,91.57107491761862,91.57107491761862,90.76590136567816
2220,2021-01-03T07:22:47,2021-01-03T07:48:27,155,71.2,86.8,15.599999999999994,19.204445013888886,123.10541675569803,25.66666603088379,104.97,34.88,120.9331797235023,-44.89161425806452,-44.20001,20.893548387096775,23.0,123.10541675569803,121.85079054840686,0,0,91.70046467929528,91.70046467929528,90.76590136567816
2221,2021-01-03T07:48:38,2021-01-03T08:13:48,152,86.8,97.6,10.799999999999997,13.02028173611111,120.55816422325105,25.16666603088379,117.95,39.19,120.85040983606558,-30.982904144736843,0.0,21.470394736842106,23.0,120.55816422325105,121.82090974363537,0,0,89.80303199894095,89.80303199894095,90.74364333873874
2222,2021-01-04T02:02:46,2021-01-04T02:24:36,132,32.4,46.0,13.600000000000001,16.636530333333333,122.32742892156861,21.83333396911621,55.97,18.6,121.67391304347825,-45.718188863636364,-45.30002,20.992424242424242,23.0,122.32742892156861,121.85079054840686,0,0,91.12094634627111,91.12094634627111,90.76590136567816
2223,2021-01-04T02:24:47,2021-01-04T02:57:07,195,46.0,66.4,20.400000000000006,23.862365069444444,116.9723777913943,32.33333206176758,81.52,27.11,122.77108433734938,-44.2805202051282,-43.20001,23.266666666666666,25.0,116.9723777913943,121.82090974363537,0,0,87.13200183058927,87.13200183058927,90.74364333873874
2224,2021-01-04T02:57:18,2021-01-04T03:27:18,181,66.4,84.0,17.599999999999994,21.148614138888888,120.162580334596,30.0,103.52,34.42,123.23809523809524,-42.297243591160225,-41.30002,24.527624309392266,26.0,120.162580334596,121.76089210610814,0,0,89.5083640032889,89.5083640032889,90.69893657119556
2225,2021-01-04T03:27:29,2021-01-04T03:53:19,156,84.0,97.6,13.599999999999994,17.127363472222225,125.9364961192811,25.83333396911621,120.34,40.02,123.29918032786885,-39.70256955128205,-14.10001,25.358974358974358,26.0,125.9364961192811,121.82090974363537,0,0,93.80931821333374,93.80931821333374,90.74364333873874
2226,2021-01-04T15:35:21,2021-01-04T17:08:43,701,16.0,74.4,58.400000000000006,69.37932843749999,118.800219927226,93.36666870117188,91.81,30.53,123.4005376344086,-44.58502718972897,-43.30002,25.144793152639085,28.0,118.800219927226,121.82090974363537,0,0,88.49355014936708,88.49355014936708,90.74364333873874
2227,2021-01-04T17:13:17,2021-01-04T17:27:01,104,74.4,85.2,10.799999999999997,10.445668144444445,96.71914948559674,13.733333587646484,105.18,34.98,123.45070422535213,-45.63942961538463,-44.80002,27.5,28.0,121.79438474462368,121.82090974363537,1,0,72.0454971434466,90.72388503078534,90.74364333873874
2228,2021-01-05T12:54:17,2021-01-05T13:21:47,166,33.6,60.0,26.4,31.682226652777782,120.00843429082492,27.5,74.02,24.62,123.36666666666666,-69.12531090361446,-69.0,24.05722891566265,27.0,120.00843429082492,121.79438474462368,0,0,89.39354156724345,89.39354156724345,90.72388503078534
2229,2021-01-05T13:21:58,2021-01-05T13:54:18,195,60.0,89.2,29.200000000000003,35.560559680555556,121.78273863203957,32.33333206176758,110.13,36.63,123.46412556053811,-65.93898200000001,-43.30002,27.26153846153846,29.0,121.78273863203957,121.78856168833163,0,0,90.71520991344431,90.71520991344431,90.71954747211483
2231,2021-01-06T09:41:22,2021-01-06T10:09:12,168,29.2,56.0,26.8,32.24416705555555,120.31405617744608,27.83333396911621,67.95,22.58,121.33928571428571,-69.50833416666667,-69.5,19.30654761904762,22.0,120.31405617744608,121.78856168833163,0,0,89.62119742315869,89.62119742315869,90.71954747211483
2233,2021-01-06T10:39:24,2021-01-06T11:05:54,160,69.6,90.8,21.200000000000003,26.10097572222223,123.1178100104822,26.5,111.52,37.08,122.8193832599119,-59.081257937500006,-43.80002,23.58125,25.0,123.1178100104822,121.79438474462368,0,0,91.709696338247,91.709696338247,90.72388503078534
2234,2021-01-06T11:06:05,2021-01-06T11:25:45,119,90.8,97.6,6.799999999999997,7.689998430555551,113.08821221405226,19.66666603088379,119.81,39.84,122.7561475409836,-23.525205378151256,-18.39999,24.07983193277311,25.0,113.08821221405226,121.79438474462368,0,0,84.23871087946544,84.23871087946544,90.72388503078534
2235,2021-01-06T20:48:47,2021-01-06T21:12:07,141,25.2,32.4,7.199999999999999,8.714301986111112,121.03197202932101,23.33333396911621,39.31,13.06,121.32716049382717,-22.408501489361697,-22.39999,22.06382978723404,23.0,121.03197202932101,121.78856168833163,0,0,90.15596850758799,90.15596850758799,90.71954747211483
2236,2021-01-06T21:12:18,2021-01-06T21:43:58,191,32.4,42.0,9.600000000000001,11.82221694444444,123.14809317129622,31.66666603088379,51.23,17.03,121.97619047619047,-22.399989999999992,-22.39999,22.955497382198953,24.0,123.14809317129622,121.78856168833163,0,0,91.73225407771767,91.73225407771767,90.71954747211483
2237,2021-01-06T21:44:09,2021-01-06T22:15:09,187,42.0,52.0,10.0,11.573328166666665,115.73328166666664,31.0,63.71,21.18,122.51923076923077,-22.399989999999995,-22.39999,23.807486631016044,25.0,115.73328166666664,121.78856168833163,0,0,86.20900677956459,86.20900677956459,90.71954747211483
2238,2021-01-06T22:15:20,2021-01-06T22:49:00,203,52.4,62.8,10.399999999999999,12.568883277777774,120.85464690170939,33.66666793823242,77.02,25.6,122.64331210191082,-22.399989999999995,-22.39999,24.571428571428573,26.0,120.85464690170939,121.75506904981609,0,0,90.02388011513672,90.02388011513672,90.69459901252506
2239,2021-01-06T22:49:11,2021-01-06T23:20:11,187,62.8,72.8,10.0,11.573328166666665,115.73328166666664,31.0,89.3,29.69,122.66483516483517,-22.399989999999995,-22.39999,24.927807486631018,26.0,115.73328166666664,121.67734475694445,0,0,86.20900677956459,86.20900677956459,90.63670266676684
2240,2021-01-06T23:20:22,2021-01-06T23:50:22,181,72.8,82.0,9.200000000000003,11.199994999999998,121.73907608695646,30.0,100.66,33.47,122.75609756097562,-22.39999,-22.39999,24.88950276243094,26.0,121.73907608695646,121.73323777727452,0,0,90.68268595325866,90.68268595325866,90.67833703243222
2241,2021-01-06T23:50:33,2021-01-07T00:18:33,169,82.0,90.4,8.400000000000006,10.453328666666666,124.4443888888888,28.0,110.96,36.89,122.74336283185839,-22.39999,-22.39999,25.0,26.0,124.4443888888888,121.76090735949802,0,0,92.69785675221995,92.69785675221995,90.69894793335149
2242,2021-01-07T00:18:44,2021-01-07T00:44:34,156,90.4,97.6,7.199999999999989,9.419721305555557,130.8294625771607,25.83333396911621,119.81,39.84,122.7561475409836,-21.839741423076923,-9.399994,25.0,26.0,130.8294625771607,121.76090735949802,0,0,97.4540587103192,97.4540587103192,90.69894793335149
2246,2021-01-07T08:06:28,2021-01-07T08:35:38,176,53.2,80.8,27.599999999999994,33.887088930555564,122.77930771940423,29.16666603088379,99.66,33.14,123.34158415841584,-69.71080698863638,-69.60001,24.806818181818183,27.0,122.77930771940423,121.78856168833163,0,0,91.45754807211134,91.45754807211134,90.71954747211483
2247,2021-01-07T08:35:49,2021-01-07T08:59:29,143,80.8,96.8,16.0,19.576115833333336,122.35072395833335,23.66666603088379,119.29,39.67,123.23347107438018,-49.57203993006994,-12.89999,25.79020979020979,27.0,122.35072395833335,121.78856168833163,0,0,91.13829867529402,91.13829867529402,90.71954747211483
2249,2021-01-08T02:12:04,2021-01-08T02:43:04,187,29.2,59.2,30.000000000000004,36.00028297222222,120.00094324074072,31.0,72.98,24.27,123.27702702702702,-69.6780849197861,-69.60001,24.762032085561497,28.0,120.00094324074072,121.78856168833163,0,0,89.38796153029818,89.38796153029818,90.71954747211483
2250,2021-01-08T02:43:15,2021-01-08T03:11:15,169,59.2,86.0,26.799999999999997,32.52514379166667,121.36247683457715,28.0,106.23,35.34,123.5232558139535,-69.69705195266273,-69.60001,26.96153846153846,29.0,121.36247683457715,121.76090735949802,0,0,90.40215949592502,90.40215949592502,90.69894793335149
2251,2021-01-08T03:11:26,2021-01-08T03:32:46,129,86.4,97.6,11.199999999999989,13.933198555555562,124.4035585317462,21.33333396911621,120.5,40.09,123.46311475409837,-39.22481767441861,-13.0,26.953488372093023,29.0,124.4035585317462,121.76090735949802,0,0,92.66744247134042,92.66744247134042,90.69894793335149
2253,2021-01-08T12:19:36,2021-01-08T12:46:16,161,46.0,67.6,21.599999999999994,25.890697180555556,119.86433879886835,26.66666603088379,82.92,27.57,122.66272189349114,-58.25404347826088,-56.70001,24.47826086956522,27.0,119.86433879886835,121.76090735949802,0,0,89.28620572517539,89.28620572517539,90.69894793335149
2254,2021-01-08T12:46:27,2021-01-08T13:16:27,181,67.6,89.6,22.0,26.943336666666664,122.46971212121211,30.0,109.98,36.57,122.74553571428574,-53.86740999999999,-44.10001,25.069060773480665,27.0,122.46971212121211,121.76090735949802,0,0,91.22693222298733,91.22693222298733,90.69894793335149
2255,2021-01-08T13:16:38,2021-01-08T13:37:18,125,90.0,97.6,7.599999999999994,9.45403161111111,124.39515277777787,20.66666603088379,119.8,39.83,122.74590163934427,-27.47921112000001,-18.70001,25.096,27.0,124.39515277777787,121.76090735949802,0,0,92.66118107712083,92.66118107712083,90.69894793335149
2257,2021-01-09T13:24:18,2021-01-09T14:29:09,487,23.6,86.4,62.800000000000004,75.23575753055559,119.80216167285921,64.8499984741211,106.64,35.47,123.42592592592591,-69.58337451745382,-44.20001,26.18069815195072,30.0,119.80216167285921,121.76090735949802,0,0,89.23989036799841,89.23989036799841,90.69894793335149
2258,2021-01-10T01:01:22,2021-01-10T01:23:02,131,18.0,37.2,19.200000000000003,23.878610861111106,124.36776490162032,21.66666603088379,45.51,15.12,122.33870967741933,-66.11297641221374,-58.5,21.12213740458015,26.0,124.36776490162032,121.78856168833163,0,0,92.64078001731035,92.64078001731035,90.71954747211483
2261,2021-01-10T01:39:00,2021-01-10T02:06:30,166,51.2,78.0,26.799999999999997,32.288192124999995,120.47832882462687,27.5,96.31,32.04,123.47435897435898,-70.44698289156626,-70.30002,27.563253012048193,30.0,120.47832882462687,121.76090735949802,0,0,89.74356310354521,89.74356310354521,90.69894793335149
2262,2021-01-10T02:06:41,2021-01-10T02:34:41,169,78.0,96.4,18.400000000000006,21.613337069444444,117.46378842089369,28.0,119.02,39.59,123.46473029045642,-46.289357100591715,-13.80002,28.5,30.0,117.46378842089369,121.76090735949802,0,0,87.49805057369913,87.49805057369913,90.69894793335149
2264,2021-01-10T16:54:19,2021-01-10T17:22:09,168,16.0,42.4,26.4,32.634030263888896,123.61375099957914,27.83333396911621,51.16,16.99,120.66037735849056,-70.34881488095239,-70.30002,19.125,22.0,123.61375099957914,121.78856168833163,0,0,92.07911971824294,92.07911971824294,90.71954747211483
2265,2021-01-10T17:22:20,2021-01-10T17:52:10,180,42.4,72.0,29.6,34.99485901388889,118.22587504692191,29.83333396911621,88.36,29.38,122.72222222222223,-70.38055138888889,-70.30002,23.008333333333333,25.0,118.22587504692191,121.76090735949802,0,0,88.06572419500979,88.06572419500979,90.69894793335149
2266,2021-01-10T17:52:21,2021-01-10T18:10:01,107,72.0,88.0,16.0,19.175693819444447,119.8480863715278,17.66666603088379,108.51,36.08,123.30681818181819,-65.05326887850468,-44.5,24.929906542056074,26.0,119.8480863715278,121.76090735949802,0,0,89.27409939241953,89.27409939241953,90.69894793335149
2267,2021-01-11T02:36:30,2021-01-11T04:36:27,900,26.8,98.0,71.2,85.67959786944444,120.33651386157925,119.94999694824219,120.77,40.16,123.23469387755102,-42.82821561111111,0.0,24.834444444444443,28.0,120.33651386157925,121.76090735949802,0,0,89.6379260133776,89.6379260133776,90.69894793335149
2269,2021-01-11T16:05:39,2021-01-11T16:35:59,183,44.8,65.2,20.400000000000006,24.69291836111111,121.04371745642698,30.33333396911621,79.64,26.47,122.14723926380368,-48.82295420765028,-39.20001,22.5,26.0,121.04371745642698,121.76090735949802,0,0,90.16471760370298,90.16471760370298,90.69894793335149
2270,2021-01-11T16:36:10,2021-01-11T17:04:20,170,65.2,84.8,19.599999999999994,23.965557944444445,122.27325481859414,28.16666603088379,103.73,34.48,122.32311320754718,-51.05059329411765,-51.0,24.49705882352941,26.0,122.27325481859414,121.76090735949802,0,0,91.0805923915284,91.0805923915284,90.69894793335149
2271,2021-01-11T17:04:31,2021-01-11T17:32:11,167,84.8,98.0,13.200000000000003,15.835697097222221,119.96740225168347,27.66666603088379,119.83,39.83,122.27551020408163,-34.34910748502994,-19.80002,24.5,26.0,119.96740225168347,121.76090735949802,0,0,89.3629770546885,89.3629770546885,90.69894793335149
2273,2021-01-12T01:21:27,2021-01-12T01:51:27,181,34.0,62.8,28.799999999999997,34.599310638888895,120.13649527391978,30.0,76.46,25.41,121.7515923566879,-69.19835270718231,-69.10001,21.325966850828728,25.0,120.13649527391978,121.76090735949802,0,0,89.48893340268468,89.48893340268468,90.69894793335149
2274,2021-01-12T01:51:38,2021-01-12T02:20:18,173,63.2,88.8,25.599999999999994,31.28139211111111,122.1929379340278,28.66666603088379,109.03,36.25,122.78153153153153,-65.41908190751445,-43.20001,24.115606936416185,26.0,122.1929379340278,121.76090735949802,0,0,91.02076484022786,91.02076484022786,90.69894793335149
2275,2021-01-12T02:20:29,2021-01-12T02:41:59,130,89.2,97.6,8.399999999999991,10.857918402777779,129.26093336640227,21.5,119.81,39.84,122.7561475409836,-30.30154330769231,-17.5,24.553846153846155,27.0,129.26093336640227,121.76090735949802,0,0,96.28567098798983,96.28567098798983,90.69894793335149
2277,2021-01-12T06:37:31,2021-01-12T07:06:21,174,60.8,76.8,16.0,19.70277777777778,123.14236111111111,28.83333396911621,92.4,30.69,120.3125,-41.0,-41.0,20.5,23.0,123.14236111111111,121.76090735949802,0,0,91.72798430148525,91.72798430148525,90.69894793335149
2280,2021-01-12T12:10:24,2021-01-12T12:39:04,173,45.6,65.2,19.6,23.65,120.66326530612244,28.66666603088379,79.13,26.29,121.36503067484661,-49.5,-49.5,20.59826589595376,23.0,120.66326530612244,121.5507764607668,0,0,89.88132114649918,89.88132114649918,90.54242272459183
2281,2021-01-12T12:39:15,2021-01-12T13:11:45,196,65.6,87.6,22.0,26.8125,121.875,32.5,106.74,35.48,121.84931506849315,-49.5,-49.5,22.0,24.0,121.875,121.5507764607668,0,0,90.78393483665958,90.78393483665958,90.54242272459183
2282,2021-01-12T13:11:56,2021-01-12T13:35:36,143,87.6,98.0,10.400000000000006,12.517226444444443,120.35794658119652,23.66666603088379,119.37,39.68,121.8061224489796,-31.749660979020984,-18.5,22.94055944055944,24.0,120.35794658119652,121.35699367191822,0,0,89.65389111385846,89.65389111385846,90.39807512192274
2283,2021-01-13T05:12:57,2021-01-13T05:39:37,161,10.8,34.8,23.999999999999996,29.121392486111112,121.33913535879633,26.66666603088379,42.53,14.13,122.21264367816093,-65.51553602484472,-58.5,20.571428571428573,26.0,121.33913535879633,121.35080609668674,0,0,90.38477257476582,90.38477257476582,90.39346603534543
2284,2021-01-13T05:39:48,2021-01-13T06:12:43,199,34.8,67.2,32.400000000000006,38.4518100763889,118.67842616169412,32.91666793823242,82.91,27.58,123.37797619047618,-70.08895291457286,-70.0,26.1356783919598,29.0,118.67842616169412,121.19142640761166,0,0,88.40282672558405,88.40282672558405,90.2747450892344
2285,2021-01-13T06:12:54,2021-01-13T06:48:19,214,67.2,96.0,28.799999999999997,34.212157715277776,118.79221428915895,35.41666793823242,118.52,39.43,123.45833333333333,-57.92384018691588,-44.20001,27.7196261682243,30.0,118.79221428915895,121.037844742874,0,0,88.48758679901135,88.48758679901135,90.16034305564548
2287,2021-01-13T13:43:59,2021-01-13T14:14:19,183,60.4,88.0,27.6,33.81236529166667,122.50856989734301,30.33333396911621,107.81,35.84,122.51136363636364,-66.82951644808743,-44.30002,23.23497267759563,25.0,122.50856989734301,121.037844742874,0,0,91.2558771404533,91.2558771404533,90.16034305564548
2288,2021-01-13T14:14:30,2021-01-13T14:37:50,141,88.0,97.6,9.599999999999994,11.590974124999999,120.73931380208339,23.33333396911621,119.81,39.84,122.7561475409836,-29.817026241134755,-18.60001,24.0,25.0,120.73931380208339,121.037844742874,0,0,89.93796920148786,89.93796920148786,90.16034305564548
2289,2021-01-14T00:45:16,2021-01-14T01:11:16,157,42.8,58.8,16.0,19.414452833333335,121.34033020833334,26.0,71.07,23.61,120.86734693877551,-44.80320401273887,-44.80002,19.621019108280255,22.0,121.34033020833334,121.037844742874,0,0,90.3856626108069,90.3856626108069,90.16034305564548
2290,2021-01-14T01:11:27,2021-01-14T01:38:07,161,59.2,75.2,16.0,19.91112,124.4445,26.66666603088379,91.25,30.33,121.34308510638297,-44.80002000000001,-44.80002,20.993788819875775,23.0,124.4445,121.19142640761166,0,0,92.69793951820049,92.69793951820049,90.2747450892344
2291,2021-01-14T01:38:18,2021-01-14T02:09:18,187,75.6,94.0,18.400000000000006,22.83361809722222,124.0957505283816,31.0,114.54,38.07,121.85106382978725,-44.1272862566845,-18.60001,21.858288770053477,23.0,124.0957505283816,121.33973278356484,0,0,92.43815819056378,92.43815819056378,90.38521759278636
2294,2021-01-14T07:05:28,2021-01-14T07:31:48,159,62.8,85.6,22.799999999999997,27.711944402777775,121.54361580165691,26.33333396911621,102.63,34.09,119.89485981308411,-63.103144591194955,-44.10001,19.238993710691823,21.0,121.54361580165691,121.33973278356484,0,0,90.53708879384295,90.53708879384295,90.38521759278636
2296,2021-01-14T11:57:40,2021-01-14T12:28:10,184,53.2,72.0,18.799999999999997,22.87694463888889,121.6858757387707,30.5,87.0,28.9,120.83333333333334,-45.003804728260874,-45.0,20.14945652173913,22.0,121.6858757387707,121.35140352145524,0,0,90.64305734244444,90.64305734244444,90.39391105336597
2297,2021-01-14T12:28:21,2021-01-14T12:57:11,174,72.0,89.6,17.599999999999994,21.607223569444443,122.76831573547983,28.83333396911621,108.71,36.13,121.328125,-44.96092235632183,-44.20001,21.201149425287355,23.0,122.76831573547983,121.35140352145524,0,0,91.44936021116924,91.44936021116924,90.39391105336597
2298,2021-01-14T12:57:22,2021-01-14T13:18:42,129,89.6,97.6,8.0,9.896116652777778,123.70145815972222,21.33333396911621,118.92,39.53,121.84426229508198,-27.86125589147287,-18.80002,22.0,23.0,123.70145815972222,121.45304631811703,0,0,92.14445224018047,92.14445224018047,90.469624144884
2300,2021-01-14T23:46:49,2021-01-15T00:18:59,194,40.8,72.4,31.60000000000001,37.725278277777775,119.38379201828408,32.16666793823242,89.34,29.72,123.3977900552486,-70.36855757731959,-70.30002,25.04381443298969,28.0,119.38379201828408,121.35140352145524,0,0,88.92824939603055,88.92824939603055,90.39391105336597
2303,2021-01-15T16:28:23,2021-01-15T17:01:43,201,38.4,71.6,33.199999999999996,38.98958911111111,117.43852141900938,33.33333206176758,88.37,29.39,123.42178770949722,-70.18110492537315,-70.10001,25.890547263681594,28.0,117.43852141900938,121.35140352145524,0,0,87.47922934003691,87.47922934003691,90.39391105336597
2304,2021-01-15T17:01:54,2021-01-15T17:33:54,193,71.6,96.4,24.80000000000001,29.707366347222223,119.78776752912181,32.0,119.01,39.58,123.45435684647302,-55.62902538860104,-13.20001,28.287564766839377,29.0,119.78776752912181,121.33973278356484,0,0,89.22916825922233,89.22916825922233,90.38521759278636
2306,2021-01-16T01:56:25,2021-01-16T03:13:16,577,34.0,97.6,63.599999999999994,77.86289565972224,122.42593657189033,76.8499984741211,120.52,40.09,123.48360655737704,-60.75737098786829,-13.20001,25.19064124783362,28.0,122.42593657189033,121.35140352145524,0,0,91.19432408664215,91.19432408664215,90.39391105336597
2307,2021-01-16T10:08:49,2021-01-16T10:30:59,134,55.2,70.4,15.200000000000003,18.398340722222226,121.04171527777778,22.16666603088379,86.1,28.62,122.30113636363635,-49.80002000000002,-49.80002,24.05223880597015,26.0,121.04171527777778,121.35140352145524,0,0,90.16322619319206,90.16322619319206,90.39391105336597
2308,2021-01-16T10:31:10,2021-01-16T11:01:10,181,70.4,90.4,20.0,24.634453444444446,123.17226722222223,30.0,111.03,36.92,122.820796460177,-49.25581906077348,-44.0,24.65193370165746,26.0,123.17226722222223,121.35140352145524,0,0,91.75026117896078,91.75026117896078,90.39391105336597
2309,2021-01-16T11:01:21,2021-01-16T11:20:01,113,90.4,97.6,7.199999999999989,8.99694629166667,124.95758738425951,18.66666603088379,119.81,39.84,122.7561475409836,-28.9398289380531,-18.60001,25.221238938053098,27.0,124.95758738425951,121.45304631811703,0,0,93.08013514206205,93.08013514206205,90.469624144884
2311,2021-01-16T23:53:02,2021-01-17T00:23:02,181,35.2,60.4,25.199999999999996,29.678613861111113,117.77227722663143,30.0,74.47,24.77,123.29470198675497,-59.3563591160221,-57.70001,26.58839779005525,29.0,117.77227722663143,121.45304631811703,0,0,87.72784197995911,87.72784197995911,90.469624144884
2312,2021-01-17T00:23:13,2021-01-17T00:53:33,183,60.4,84.0,23.6,28.405558944444444,120.36253790018831,30.33333396911621,103.81,34.53,123.58333333333334,-56.187438469945356,-54.60001,28.538251366120218,30.0,120.36253790018831,121.45304631811703,0,0,89.65731115902085,89.65731115902085,90.469624144884
2314,2021-01-17T06:25:01,2021-01-17T07:15:48,307,50.0,94.4,44.400000000000006,54.24818516250001,122.18059721283784,50.78333282470703,116.56,38.77,123.47457627118644,-63.98404452768731,0.0,25.969055374592834,28.0,122.18059721283784,121.45304631811703,0,0,91.01157231322603,91.01157231322603,90.469624144884
2316,2021-01-18T07:07:14,2021-01-18T07:29:14,133,33.6,53.2,19.6,23.838613319444445,121.62557816043083,22.0,64.97,21.59,122.12406015037593,-65.00752481203008,-58.10001,19.571428571428573,25.0,121.62557816043083,121.45304631811703,0,0,90.59814204871877,90.59814204871877,90.469624144884
2317,2021-01-18T07:29:25,2021-01-18T07:59:05,179,53.6,82.4,28.800000000000004,34.673476111111114,120.39401427469136,29.66666603088379,101.58,33.78,123.2766990291262,-70.12570614525139,-69.80002,25.058659217877096,27.0,120.39401427469136,121.35140352145524,0,0,89.68075771599955,89.68075771599955,90.39391105336597
2318,2021-01-18T07:59:16,2021-01-18T08:24:26,152,82.4,97.6,15.199999999999989,18.390974680555555,120.99325447733926,25.16666603088379,120.35,40.02,123.30942622950819,-43.83290059210527,-13.20001,25.986842105263158,27.0,120.99325447733926,121.33973278356484,0,0,90.12712804222473,90.12712804222473,90.38521759278636
2319,2021-01-19T06:45:08,2021-01-19T07:06:48,131,42.4,61.6,19.200000000000003,23.523195875,122.51664518229164,21.66666603088379,75.28,25.02,122.20779220779221,-65.1251948091603,-57.0,20.77480916030534,25.0,122.51664518229164,121.33973278356484,0,0,91.26189237034099,91.26189237034099,90.38521759278636
2320,2021-01-19T07:06:59,2021-01-19T07:38:49,192,61.6,89.2,27.6,33.62917086111111,121.8448219605475,31.83333396911621,109.91,36.55,123.21748878923766,-63.346882916666665,-43.10001,24.869791666666668,27.0,121.8448219605475,121.35140352145524,0,0,90.76145540144192,90.76145540144192,90.39391105336597
2321,2021-01-19T07:39:00,2021-01-19T07:58:20,117,89.6,97.6,8.0,9.903198333333332,123.78997916666665,19.33333396911621,120.29,40.0,123.24795081967214,-30.707704358974365,-12.20001,25.97008547008547,27.0,123.78997916666665,121.44197300499513,0,0,92.21039099157426,92.21039099157426,90.46137570232493
2322,2021-01-19T13:13:26,2021-01-19T13:41:16,168,52.8,79.6,26.799999999999997,32.85972552777779,122.61091614842461,27.83333396911621,98.24,32.68,123.41708542713569,-70.83512613095239,-70.70001,26.214285714285715,28.0,122.61091614842461,121.44197300499513,0,0,91.33211423082432,91.33211423082432,90.46137570232493
2324,2021-01-20T08:25:26,2021-01-20T12:21:26,1771,24.8,98.0,73.2,86.71474221166666,118.46276258424408,236.0,119.83,39.83,122.27551020408163,-22.042678704686615,-9.399994,21.152738565782045,24.0,118.46276258424408,121.44197300499513,0,0,88.2421802586149,88.2421802586149,90.46137570232493
2325,2021-01-20T19:23:10,2021-01-20T19:45:00,132,56.0,76.8,20.799999999999997,25.518891819444445,122.68697990117523,21.83333396911621,94.81,31.54,123.45052083333333,-70.12803833333334,-69.89999,26.75,28.0,122.68697990117523,121.44197300499513,0,0,91.38877365050139,91.38877365050139,90.46137570232493
2326,2021-01-20T19:45:11,2021-01-20T20:13:41,172,76.8,97.6,20.799999999999997,25.409170416666665,122.1594731570513,28.5,120.5,40.09,123.46311475409837,-53.42384511627908,-13.10001,27.97093023255814,29.0,122.1594731570513,121.44197300499513,0,0,90.99583713452645,90.99583713452645,90.46137570232493
2329,2021-01-21T03:14:05,2021-01-21T03:45:25,189,15.6,45.6,30.0,36.42792350000002,121.42641166666674,31.33333396911621,56.3,18.73,123.46491228070174,-69.75503952380953,-69.5,26.703703703703702,30.0,121.42641166666674,121.48501373416183,0,0,90.44978415750626,90.44978415750626,90.4934364756746
2330,2021-01-21T03:45:36,2021-01-21T04:16:36,187,45.6,76.0,30.4,36.050562444444445,118.58737646198831,31.0,93.8,31.2,123.42105263157895,-69.77541433155082,-69.70001,30.4572192513369,33.0,118.58737646198831,121.38337093750005,0,0,88.33500436656875,88.33500436656875,90.41772338415657
2331,2021-01-21T04:16:47,2021-01-21T04:39:27,137,76.4,94.0,17.599999999999994,21.293476180555558,120.98566011679299,22.66666603088379,116.07,38.61,123.47872340425532,-56.36789372262775,-43.70001,31.93065693430657,33.0,120.98566011679299,121.38337093750005,0,0,90.1214710499543,90.1214710499543,90.41772338415657
2333,2021-01-21T15:54:09,2021-01-21T16:13:48,119,66.4,84.8,18.39999999999999,22.740011765277778,123.58702046346625,19.649999618530273,104.74,34.84,123.51415094339622,-69.43528764705883,-69.39999,26.256302521008404,28.0,123.58702046346625,121.48501373416183,0,0,92.05920830697218,92.05920830697218,90.4934364756746
2336,2021-01-22T02:05:30,2021-01-22T02:34:20,174,20.4,38.0,17.6,21.57305113888889,122.5741541982323,28.83333396911621,46.79,15.56,123.13157894736841,-44.8919448275862,-44.70001,25.620689655172413,28.0,122.5741541982323,121.48501373416183,0,0,91.30473048115681,91.30473048115681,90.4934364756746
2337,2021-01-22T02:34:31,2021-01-22T03:01:21,162,38.4,55.2,16.800000000000004,20.079440111111108,119.52047685185181,26.83333396911621,68.13,22.66,123.42391304347824,-44.89813845679012,-44.70001,27.44753086419753,30.0,119.52047685185181,121.48501373416183,0,0,89.03006508443073,89.03006508443073,90.4934364756746
2338,2021-01-22T03:01:32,2021-01-22T03:28:32,163,55.2,72.4,17.200000000000003,20.2027735,117.45798546511625,27.0,89.31,29.71,123.35635359116021,-44.89508251533743,-44.70001,28.766871165644172,30.0,117.45798546511625,121.48501373416183,0,0,87.49372798777783,87.49372798777783,90.4934364756746
2339,2021-01-22T03:28:43,2021-01-22T03:54:53,158,72.4,88.4,16.0,19.580273527777777,122.3767095486111,26.16666603088379,109.19,36.32,123.51809954751131,-44.897458607594935,-44.70001,29.161392405063292,31.0,122.3767095486111,121.58459698104387,0,0,91.15765518101274,91.15765518101274,90.56761542128086
2340,2021-01-22T03:55:04,2021-01-22T04:11:34,100,88.4,98.0,9.599999999999994,11.428057458333335,119.0422651909723,16.5,121.0,40.25,123.46938775510205,-41.4330068,-13.5,29.5,31.0,119.0422651909723,121.58459698104387,0,0,88.67384817153297,88.67384817153297,90.56761542128086
2341,2021-01-22T14:13:01,2021-01-22T14:38:31,154,39.6,55.6,16.0,19.125138902777778,119.53211814236111,25.5,68.51,22.78,123.21942446043165,-45.00064941558442,-44.89999,24.318181818181817,26.0,119.53211814236111,121.48501373416183,0,0,89.03873660983801,89.03873660983801,90.4934364756746
2342,2021-01-22T14:38:42,2021-01-22T15:04:12,154,55.6,71.6,15.999999999999993,19.125,119.53125000000006,25.5,88.42,29.41,123.49162011173185,-45.0,-45.0,25.818181818181817,27.0,119.53125000000006,121.48501373416183,0,0,89.03808993595463,89.03808993595463,90.4934364756746
2343,2021-01-22T15:04:23,2021-01-22T15:31:33,164,71.6,88.4,16.80000000000001,20.375,121.27976190476181,27.16666603088379,109.12,36.3,123.43891402714932,-45.0,-45.0,26.442073170731707,28.0,121.27976190476181,121.48501373416183,0,0,90.34054565552809,90.34054565552809,90.4934364756746
2344,2021-01-22T15:31:44,2021-01-22T15:48:14,100,88.4,97.2,8.799999999999997,10.997224444444445,124.96845959595964,16.5,120.03,39.93,123.48765432098766,-39.815008000000006,0.0,27.0,28.0,124.96845959595964,121.48501373416183,0,0,93.08823378541396,93.08823378541396,90.4934364756746
2345,2021-01-23T00:36:49,2021-01-23T00:55:29,113,34.4,52.4,18.0,21.813474972222224,121.18597206790125,18.66666603088379,64.63,21.49,123.33969465648853,-70.11505309734514,-70.0,24.650442477876105,27.0,121.18597206790125,121.38337093750005,0,0,90.27068218526848,90.27068218526848,90.41772338415657
2346,2021-01-23T00:55:40,2021-01-23T01:26:50,188,52.8,82.8,30.0,36.380696375,121.26898791666667,31.16666603088379,102.38,34.06,123.64734299516908,-70.03723771276596,-69.89999,27.21808510638298,29.0,121.26898791666667,121.33973278356484,0,0,90.33252017833293,90.33252017833293,90.38521759278636
2348,2021-01-24T19:59:39,2021-01-24T20:22:29,138,6.8,28.8,22.0,26.702504013888895,121.37501824494952,22.83333396911621,35.58,11.83,123.54166666666664,-70.16740188405798,-70.0,24.89855072463768,26.0,121.37501824494952,121.35767422664142,0,0,90.41150151505941,90.41150151505941,90.39858206293316
2349,2021-01-24T20:22:40,2021-01-24T20:52:40,181,28.8,58.0,29.2,35.060420722222226,120.06993398021311,30.0,71.57,23.81,123.39655172413792,-70.12100259668509,-70.0,28.016574585635357,31.0,120.06993398021311,121.33973278356484,0,0,89.43935230606512,89.43935230606512,90.38521759278636
2350,2021-01-24T20:52:51,2021-01-24T21:23:11,183,58.0,87.2,29.200000000000003,35.059171125,120.06565453767121,30.33333396911621,107.66,35.81,123.46330275229357,-69.28142961748634,-44.20001,31.150273224043715,33.0,120.06565453767121,121.33973278356484,0,0,89.4361645757442,89.4361645757442,90.38521759278636
2351,2021-01-24T21:23:22,2021-01-24T21:43:47,124,87.2,97.6,10.399999999999991,12.844030965277778,123.50029774305565,20.41666603088379,120.52,40.09,123.48360655737704,-37.69920298387097,-13.10001,31.93548387096774,33.0,123.50029774305565,121.35767422664142,0,0,91.99460908811177,91.99460908811177,90.39858206293316
2353,2021-01-25T06:59:11,2021-01-25T07:29:21,182,58.4,87.2,28.800000000000004,35.141246986111106,122.01821870177466,30.16666603088379,107.66,35.81,123.46330275229357,-69.8258182967033,-44.60001,25.5,28.0,122.01821870177466,121.40071495580813,0,0,90.8906175631359,90.8906175631359,90.43064283628283
2356,2021-01-25T19:41:47,2021-01-25T20:12:27,185,20.8,50.4,29.599999999999998,35.707222944444446,120.63250994744746,30.66666603088379,62.19,20.69,123.39285714285714,-69.86216351351352,-69.80002,28.416216216216217,31.0,120.63250994744746,121.40071495580813,0,0,89.85841166975803,89.85841166975803,90.43064283628283
2357,2021-01-25T20:12:38,2021-01-25T20:39:38,163,50.8,76.8,26.0,31.441388472222222,120.9284172008547,27.0,94.92,31.57,123.59375,-69.86993766871166,-69.80002,31.800613496932517,34.0,120.9284172008547,121.35767422664142,0,0,90.0788311553869,90.0788311553869,90.39858206293316
2360,2021-01-25T21:13:20,2021-01-25T21:31:40,111,89.6,97.6,8.0,9.422639138888893,117.78298923611116,18.33333396911621,120.54,40.09,123.50409836065575,-30.81891972972972,-13.39999,32.25675675675676,34.0,117.78298923611116,121.35767422664142,0,0,87.7358212896664,87.7358212896664,90.39858206293316
2361,2021-01-26T11:49:39,2021-01-26T12:12:19,137,40.8,62.4,21.6,26.29500315277778,121.73612570730452,22.66666603088379,76.96,25.6,123.33333333333333,-69.60511788321166,-69.5,25.113138686131386,27.0,121.73612570730452,121.40071495580813,0,0,90.6804882336766,90.6804882336766,90.43064283628283
2362,2021-01-26T12:12:30,2021-01-26T12:41:30,175,62.8,88.8,26.0,31.964585416666665,122.94071314102563,29.0,109.61,36.46,123.43468468468468,-66.08000428571428,-43.80002,27.417142857142856,29.0,122.94071314102563,121.40071495580813,0,0,91.57777797388577,91.57777797388577,90.43064283628283
2363,2021-01-26T12:41:41,2021-01-26T12:59:31,108,89.2,97.6,8.399999999999991,10.646807083333337,126.74770337301607,17.83333396911621,120.52,40.09,123.48360655737704,-35.75463481481482,-13.30002,28.458333333333332,29.0,126.74770337301607,121.40071495580813,0,0,94.4135814868689,94.4135814868689,90.43064283628283
2365,2021-01-27T00:26:31,2021-01-27T00:53:21,162,12.8,29.2,16.4,20.043478791666672,122.21633409552851,26.83333396911621,35.92,11.94,123.013698630137,-44.817915864197545,-44.80002,25.679012345679013,28.0,122.21633409552851,121.40071495580813,0,0,91.03819249644206,91.03819249644206,90.43064283628283
2366,2021-01-27T00:53:32,2021-01-27T01:21:32,169,29.2,46.4,17.2,20.906953694444447,121.55205636304912,28.0,57.16,19.01,123.1896551724138,-44.80061153846155,-44.80002,27.150887573964496,29.0,121.55205636304912,121.40071495580813,0,0,90.54337611589763,90.54337611589763,90.43064283628283
2367,2021-01-27T01:21:43,2021-01-27T01:53:43,193,46.4,66.4,20.000000000000007,23.893344000000006,119.46672,32.0,81.98,27.26,123.46385542168674,-44.80002000000001,-44.80002,29.077720207253886,31.0,119.46672,121.32739007485566,0,0,88.99002193747246,88.99002193747246,90.37602358529375
2368,2021-01-27T01:53:54,2021-01-27T02:21:44,168,66.4,83.6,17.19999999999999,20.786674611111117,120.85275936692518,27.83333396911621,103.26,34.34,123.51674641148327,-44.809540952380964,-44.80002,29.767857142857142,31.0,120.85275936692518,121.27437491071424,0,0,90.02247410213282,90.02247410213282,90.33653291693051
2370,2021-01-27T16:46:27,2021-01-27T17:12:17,156,32.0,41.2,9.200000000000003,11.234865416666668,122.11810235507245,25.83333396911621,50.65,16.84,122.93689320388349,-26.087830512820517,-24.20001,25.041666666666668,26.0,122.11810235507245,121.32739007485566,0,0,90.96502027962605,90.96502027962605,90.37602358529375
2371,2021-01-27T17:12:28,2021-01-27T17:47:48,213,41.2,54.4,13.199999999999996,15.370005888888896,116.43943855218865,35.33333206176758,67.1,22.32,123.3455882352941,-26.100010000000005,-26.10001,26.314553990610328,28.0,116.43943855218865,121.32739007485566,0,0,86.73501868257742,86.73501868257742,90.37602358529375
2372,2021-01-27T17:47:59,2021-01-27T18:19:19,189,54.4,66.0,11.600000000000001,13.630005222222227,117.50004501915711,31.33333396911621,81.43999,27.09,123.39392424242423,-26.100010000000005,-26.10001,27.452380952380953,28.0,117.50004501915711,121.32739007485566,0,0,87.52505788983571,87.52505788983571,90.37602358529375
2373,2021-01-27T18:19:30,2021-01-27T18:48:50,177,66.0,76.8,10.799999999999997,12.760004888888894,118.14819341563793,29.33333396911621,94.81,31.54,123.45052083333333,-26.100010000000005,-26.10001,27.5,28.0,118.14819341563793,121.27437491071424,0,0,88.00785962760474,88.00785962760474,90.33653291693051
2374,2021-01-27T18:49:01,2021-01-27T19:22:11,200,76.8,88.8,12.0,14.426672111111118,120.22226759259266,33.16666793823242,109.65,36.47,123.47972972972974,-26.09850985,-26.0,27.5,28.0,120.22226759259266,121.27437491071424,0,0,89.55282467316007,89.55282467316007,90.33653291693051
2375,2021-01-27T19:22:22,2021-01-27T19:48:42,159,88.8,97.6,8.799999999999997,11.455004388888893,130.170504419192,26.33333396911621,120.57,40.1,123.53483606557377,-26.100010000000008,-26.10001,27.5,28.0,130.170504419192,121.27437491071424,0,0,96.96320484797567,96.96320484797567,90.33653291693051
2376,2021-01-28T14:09:51,2021-01-28T14:30:51,127,41.2,55.6,14.399999999999999,17.45971986111111,121.2480545910494,21.0,68.43,22.76,123.07553956834532,-49.83857598425197,-38.10001,24.405511811023622,26.0,121.2480545910494,121.25852125385804,0,0,90.31692707335854,90.31692707335854,90.32472362584573
2377,2021-01-28T14:31:02,2021-01-28T14:57:22,159,56.0,74.0,18.0,21.910829972222217,121.72683317901232,26.33333396911621,91.43,30.41,123.55405405405406,-49.92326276729559,-49.89999,26.166666666666668,27.0,121.72683317901232,121.27437491071424,0,0,90.67356628673959,90.67356628673959,90.33653291693051
2378,2021-01-28T14:57:33,2021-01-28T15:24:53,165,74.0,92.0,18.0,22.177220402777778,123.2067800154321,27.33333396911621,113.68,37.82,123.56521739130434,-48.672117272727284,-44.10001,27.272727272727273,28.0,123.2067800154321,121.32739007485566,0,0,91.77596954548218,91.77596954548218,90.37602358529375
2380,2021-01-28T22:09:51,2021-01-28T22:37:51,169,62.8,88.0,25.200000000000003,31.27889277777778,124.12259038800707,28.0,108.47,36.07,123.26136363636364,-66.96923911242604,-44.20001,24.890532544378697,27.0,124.12259038800707,121.32739007485566,0,0,92.45815103624389,92.45815103624389,90.37602358529375
2381,2021-01-28T22:38:02,2021-01-28T22:58:32,124,88.4,97.2,8.799999999999997,10.872641041666668,123.55273910984855,20.5,119.82,39.84,123.27160493827161,-31.81936120967742,-18.39999,25.5,27.0,123.55273910984855,121.32739007485566,0,0,92.03367233837369,92.03367233837369,90.37602358529375
2382,2021-01-29T20:00:32,2021-01-29T20:18:02,106,15.6,32.0,16.4,20.506391222222227,125.03897086720872,17.5,38.99,12.95,121.84375,-70.30755509433963,-70.0,22.721698113207548,24.0,125.03897086720872,121.40071495580813,0,0,93.140757195911,93.140757195911,90.43064283628283
2383,2021-01-29T20:18:13,2021-01-29T20:49:13,187,32.4,62.8,30.4,36.27097741666667,119.3124257127193,31.0,77.48,25.77,123.37579617834396,-70.2016143315508,-70.0,25.906417112299465,29.0,119.3124257127193,121.40071495580813,0,0,88.87508907575217,88.87508907575217,90.43064283628283
2384,2021-01-29T20:49:24,2021-01-29T21:18:44,177,62.8,89.6,26.799999999999997,32.25667129166667,120.36071377487565,29.33333396911621,110.73,36.83,123.5825892857143,-65.92995299435029,-44.10001,28.615819209039547,30.0,120.36071377487565,121.32739007485566,0,0,89.6559523793407,89.6559523793407,90.37602358529375
2385,2021-01-29T21:18:55,2021-01-29T21:35:35,101,89.6,98.0,8.400000000000006,10.004308180555556,119.09890691137558,16.66666603088379,121.0,40.25,123.46938775510205,-35.94456386138615,-13.10001,29.054455445544555,30.0,119.09890691137558,121.27437491071424,0,0,88.71604023925913,88.71604023925913,90.33653291693051
2386,2021-01-30T01:27:24,2021-01-30T01:54:14,162,59.6,85.2,25.6,31.35778190277778,122.4913355577257,26.83333396911621,105.25,35.01,123.53286384976526,-70.11667586419753,-70.0,26.58641975308642,29.0,122.4913355577257,121.27437491071424,0,0,91.24303938730645,91.24303938730645,90.33653291693051
2387,2021-01-30T01:54:25,2021-01-30T02:18:05,143,85.6,97.6,12.0,15.053477333333337,125.44564444444448,23.66666603088379,120.52,40.09,123.48360655737704,-38.18952342657343,-13.5,27.0,29.0,125.44564444444448,121.27437491071424,0,0,93.44368583210023,93.44368583210023,90.33653291693051
2389,2021-01-30T11:08:08,2021-01-30T11:36:58,174,47.6,73.6,25.999999999999993,31.379728444444453,120.6912632478633,28.83333396911621,90.32999,30.03,122.73096467391304,-65.29886356321838,-65.20001,23.183908045977013,25.0,120.6912632478633,121.27437491071424,0,0,89.90217664039508,89.90217664039508,90.33653291693051
2390,2021-01-30T11:37:09,2021-01-30T12:05:09,169,73.6,94.4,20.80000000000001,25.538889458333337,122.78312239583329,28.0,116.4,38.71,123.30508474576271,-54.65148053254438,-18.89999,24.87869822485207,26.0,122.78312239583329,121.27437491071424,0,0,91.46038960102504,91.46038960102504,90.33653291693051
2392,2021-01-30T20:28:33,2021-01-30T21:37:48,520,42.4,97.6,55.199999999999996,67.44187119722223,122.17730289351854,69.25,120.5,40.09,123.46311475409837,-58.398854884615375,-12.89999,27.109615384615385,29.0,122.17730289351854,121.27437491071424,0,0,91.00911839510981,91.00911839510981,90.33653291693051
2393,2021-01-31T22:49:55,2021-01-31T23:16:44,202,18.0,43.6,25.6,31.369060025000003,122.53539072265626,26.816667556762695,53.73,17.87,123.23394495412843,-70.18565356435644,-70.10001,25.002475247524753,27.0,122.53539072265626,121.27437491071424,0,0,91.27585580759178,91.27585580759178,90.33653291693051
2394,2021-01-31T23:19:16,2021-02-01T00:20:07,457,43.2,95.2,52.0,63.4542301138889,122.02736560363249,60.849998474121094,117.53,39.1,123.45588235294117,-62.52342135667397,-13.5,29.443107221006564,31.0,122.02736560363249,121.32739007485566,0,0,90.89743103384129,90.89743103384129,90.37602358529375
2395,2021-02-01T15:36:27,2021-02-01T16:36:46,453,46.4,97.2,50.800000000000004,62.09949714166667,122.24310460958006,60.31666564941406,120.0,39.92,123.4567901234568,-61.73001924944813,-13.80002,29.577262693156733,32.0,122.24310460958006,121.46353730399932,0,0,91.05813368703242,91.05813368703242,90.47743881547852
2396,2021-02-02T13:19:33,2021-02-02T14:37:44,587,28.8,97.6,68.8,82.97490562083335,120.60306049539733,78.18333435058594,120.52,40.09,123.48360655737704,-63.6412287734242,-13.60001,28.356899488926746,31.0,120.60306049539733,121.32739007485566,0,0,89.83647495479684,89.83647495479684,90.37602358529375
2398,2021-02-02T23:22:48,2021-02-02T23:49:58,164,33.2,59.6,26.4,31.708334722222222,120.10732849326598,27.16666603088379,73.53,24.46,123.37248322147651,-70.03049085365853,-70.0,29.341463414634145,32.0,120.10732849326598,121.27437491071424,0,0,89.46720724790094,89.46720724790094,90.33653291693051
2399,2021-02-02T23:50:09,2021-02-03T00:32:57,259,59.6,95.6,35.99999999999999,43.93894767222223,122.05263242283954,42.79999923706055,118.07,39.27,123.50418410041841,-61.61815123552123,-44.0,32.0,34.0,122.05263242283954,121.32739007485566,0,0,90.91625213142834,90.91625213142834,90.37602358529375
2402,2021-02-03T12:23:36,2021-02-03T12:55:36,193,45.6,64.0,18.4,22.405139402777777,121.76706197161836,32.0,78.97,26.27,123.390625,-42.009845544041454,-42.0,26.922279792746114,28.0,121.76706197161836,121.46353730399932,0,0,90.7035324659109,90.7035324659109,90.47743881547852
2403,2021-02-03T12:55:47,2021-02-03T13:29:16,202,64.0,83.2,19.200000000000003,23.440277972222223,122.08478110532405,33.483333587646484,102.73,34.17,123.47355769230768,-42.00346569306931,-42.0,28.054455445544555,29.0,122.08478110532405,121.46353730399932,0,0,90.94019948647048,90.94019948647048,90.47743881547852
2404,2021-02-03T13:29:27,2021-02-03T13:56:27,163,83.6,97.6,14.0,17.710418708333332,126.5029907738095,27.0,120.54,40.09,123.50409836065575,-39.2920290797546,-15.70001,28.754601226993866,30.0,126.5029907738095,121.63944477103072,0,0,94.23129658299135,94.23129658299135,90.60847120131861
2405,2021-02-04T13:03:36,2021-02-04T13:30:06,160,46.4,60.8,14.399999999999999,17.329166944444445,120.34143711419755,26.5,75.06,24.96,123.45394736842105,-39.131250625,-5.0,25.259375,27.0,120.34143711419755,121.63944477103072,0,0,89.64159331384843,89.64159331384843,90.60847120131861
2406,2021-02-04T13:30:17,2021-02-04T14:00:27,182,60.8,77.2,16.400000000000006,20.11111111111111,122.62872628726282,30.16666603088379,95.37,31.72,123.53626943005182,-40.0,-40.0,26.46978021978022,28.0,122.62872628726282,121.73147944315842,0,0,91.34538089325484,91.34538089325484,90.67702726020809
2407,2021-02-04T14:00:38,2021-02-04T14:31:08,184,77.2,94.0,16.799999999999997,20.333333333333332,121.03174603174604,30.5,116.07,38.61,123.47872340425532,-40.0,-40.0,27.418478260869566,28.0,121.03174603174604,121.73147944315842,0,0,90.15580016339008,90.15580016339008,90.67702726020809
2410,2021-02-05T02:03:32,2021-02-05T02:34:22,186,14.8,44.4,29.599999999999998,36.181527625,122.234890625,30.83333396911621,54.68,18.19,123.15315315315316,-70.40698897849464,-70.30002,27.419354838709676,30.0,122.234890625,121.73147944315842,0,0,91.05201514064585,91.05201514064585,90.67702726020809
2411,2021-02-05T02:34:33,2021-02-05T03:05:43,188,44.4,75.6,31.199999999999996,36.58319284722223,117.25382322827639,31.16666603088379,93.35,31.05,123.47883597883599,-70.42712462765957,-70.30002,31.159574468085108,33.0,117.25382322827639,121.73147944315842,0,0,87.34164879840039,87.34164879840039,90.67702726020809
2412,2021-02-05T03:05:54,2021-02-05T03:33:54,169,75.6,96.8,21.200000000000003,25.775137791666666,121.58083863993708,28.0,119.63,39.79,123.58471074380165,-55.24555976331361,-44.39999,32.82248520710059,34.0,121.58083863993708,121.73147944315842,0,0,90.5648158562008,90.5648158562008,90.67702726020809
2415,2021-02-06T03:11:55,2021-02-06T03:42:25,184,22.8,52.4,29.599999999999998,35.42708922222223,119.68611223723727,30.5,64.57,21.48,123.22519083969463,-69.6924028804348,-69.5,28.092391304347824,31.0,119.68611223723727,121.73147944315842,0,0,89.15344586009005,89.15344586009005,90.67702726020809
2416,2021-02-06T03:42:36,2021-02-06T04:14:16,191,52.4,83.2,30.800000000000004,36.79959005555557,119.47918849206351,31.66666603088379,102.81,34.19,123.56971153846153,-69.72514361256545,-69.60001,31.630890052356023,34.0,119.47918849206351,121.73147944315842,0,0,88.99930964020892,88.99930964020892,90.67702726020809
2417,2021-02-06T04:14:27,2021-02-06T04:38:37,146,83.2,97.6,14.399999999999991,17.784444041666667,123.50308362268527,24.16666603088379,120.52,40.09,123.48360655737704,-44.1335606849315,-12.5,33.0,34.0,123.50308362268527,121.75159383946144,0,0,91.99668427264311,91.99668427264311,90.69201034979375
2418,2021-02-06T12:39:29,2021-02-06T12:59:09,119,60.4,66.4,6.000000000000007,7.377639152777777,122.96065254629613,19.66666603088379,81.93,27.25,123.38855421686748,-22.508404201680673,-22.5,28.0,29.0,122.96065254629613,121.75159383946144,0,0,91.59263071373202,91.59263071373202,90.69201034979375
2419,2021-02-06T12:59:20,2021-02-06T13:28:50,178,66.4,75.6,9.199999999999989,11.067778305555557,120.3019381038649,29.5,93.3,31.04,123.41269841269843,-22.5106752247191,-22.5,28.0,29.0,120.3019381038649,121.73147944315842,0,0,89.61217074498565,89.61217074498565,90.67702726020809
2420,2021-02-06T13:29:01,2021-02-06T13:55:11,158,75.6,83.6,8.0,9.823195513888887,122.78994392361109,26.16666603088379,103.24,34.34,123.49282296650718,-22.52468601265823,-22.5,28.205696202531644,29.0,122.78994392361109,121.75159383946144,0,0,91.46547091493903,91.46547091493903,90.69201034979375
2422,2021-02-06T14:03:42,2021-02-06T14:27:22,143,84.4,91.6,7.199999999999989,8.865417777777777,123.130802469136,23.66666603088379,113.08,37.61,123.44978165938865,-22.474828041958048,-22.10001,28.5,29.0,123.130802469136,121.89721378762542,0,0,91.71937434046069,91.71937434046069,90.8004817498761
2423,2021-02-06T14:27:33,2021-02-06T14:48:23,126,91.6,97.6,6.0,7.685003472222227,128.08339120370377,20.83333396911621,120.55,40.1,123.51434426229508,-22.132549682539686,-22.10001,28.5,29.0,128.08339120370377,122.03999901323601,0,0,95.40852710314192,95.40852710314192,90.90684158263481
2424,2021-02-07T02:56:41,2021-02-07T04:36:37,750,4.4,95.2,90.8,110.5134759027778,121.71087654490948,99.93333435058594,117.58,39.11,123.50840336134453,-66.33760221333334,-43.89999,30.298666666666666,34.0,121.71087654490948,122.03999901323601,0,0,90.66168028853974,90.66168028853974,90.90684158263481
2425,2021-02-07T16:59:44,2021-02-07T18:19:31,599,28.0,97.6,69.6,84.71618378472223,121.71865486310666,79.78333282470703,120.55,40.1,123.51434426229508,-63.66861681135226,-13.0,32.02671118530885,35.0,121.71865486310666,121.89721378762542,0,0,90.66747430972828,90.66747430972828,90.8004817498761
2426,2021-02-08T13:12:06,2021-02-08T13:54:48,321,66.4,97.6,31.19999999999999,38.73297589166667,124.14415349893167,42.70000076293945,120.5,40.09,123.46311475409837,-54.385051900311524,-13.70001,28.00467289719626,29.0,124.14415349893167,121.89721378762542,0,0,92.47421326440434,92.47421326440434,90.8004817498761
2427,2021-02-09T10:15:41,2021-02-09T10:44:47,219,32.0,60.8,28.799999999999997,33.81939061111112,117.42843962191361,29.100000381469727,73.97,24.61,121.66118421052632,-69.57123643835617,0.0,24.376712328767123,27.0,117.42843962191361,121.74694757531535,0,0,87.47171947164242,87.47171947164242,90.68854937632524
2428,2021-02-09T10:46:01,2021-02-09T11:01:01,114,60.0,74.8,14.799999999999997,17.46658453611111,118.01746308183185,15.0,91.1,30.3,121.79144385026737,-69.86491701754386,-69.60001,26.855263157894736,28.0,118.01746308183185,121.74694757531535,0,0,87.9104794093038,87.9104794093038,90.68854937632524
2429,2021-02-09T12:00:27,2021-02-09T12:25:24,188,75.6,96.8,21.200000000000003,22.777460333333334,107.4408506289308,24.950000762939453,117.87,39.21,121.76652892561984,-54.793089946808514,-43.0,27.393617021276597,28.0,107.4408506289308,121.74694757531535,0,0,80.03202611111492,80.03202611111492,90.68854937632524
2430,2021-02-10T08:39:51,2021-02-10T10:08:53,669,4.8,89.6,84.8,101.60657915416668,119.8190791912343,89.03333282470703,109.14,36.31,121.80803571428572,-68.4560603587444,-43.20001,22.721973094170405,28.0,119.8190791912343,121.74694757531535,0,0,89.25249212295851,89.25249212295851,90.68854937632524
2431,2021-02-10T21:02:00,2021-02-10T22:49:57,810,8.0,98.8,90.8,108.84791213750002,119.87655521751104,107.94999694824219,120.31,40.02,121.77125506072875,-60.477165691358024,-13.0,26.983333333333334,31.0,119.87655521751104,121.7227440210595,0,0,89.2953056599774,89.2953056599774,90.67052029823392
2432,2021-02-11T02:59:59,2021-02-11T03:43:21,326,64.8,97.6,32.8,39.90336454444444,121.65659922086722,43.36666488647461,118.85,39.53,121.77254098360656,-55.1647286809816,-12.60001,27.196319018404907,29.0,121.65659922086722,121.7227440210595,0,0,90.6212494450611,90.6212494450611,90.67052029823392
2433,2021-02-11T23:12:13,2021-02-12T01:00:50,815,34.0,97.6,63.599999999999994,76.00074613333334,119.49802851153042,108.61666870117188,118.62,39.45,121.53688524590164,-41.96896257668712,-18.30002,23.63006134969325,26.0,119.49802851153042,121.7227440210595,0,0,89.01334345435953,89.01334345435953,90.67052029823392
2435,2021-02-13T08:42:09,2021-02-13T09:11:59,180,46.4,70.8,24.4,28.899447152777782,118.4403571835155,29.83333396911621,85.43,28.4,120.66384180790962,-58.122227611111114,-56.39999,22.019444444444446,23.0,118.4403571835155,121.7227440210595,0,0,88.2254906139812,88.2254906139812,90.67052029823392
2436,2021-02-13T09:12:10,2021-02-13T09:43:10,187,70.8,93.2,22.400000000000006,26.943196819444445,120.2821286582341,31.0,112.87,37.53,121.10515021459227,-52.136368181818185,-43.30002,23.719251336898395,25.0,120.2821286582341,121.7227440210595,0,0,89.59741481127244,89.59741481127244,90.67052029823392
2439,2021-02-13T23:35:26,2021-02-14T00:05:46,183,24.8,54.8,29.999999999999996,35.43986558333334,118.13288527777779,30.33333396911621,66.75,22.2,121.8065693430657,-70.10110174863388,-70.0,26.5,29.0,118.13288527777779,121.71476570400807,0,0,87.99645669025116,87.99645669025116,90.66457729913401
2440,2021-02-14T00:05:57,2021-02-14T00:31:47,156,55.2,80.4,25.200000000000003,30.172781166666667,119.73325859788359,25.83333396911621,98.03,32.6,121.92786069651741,-70.07885403846153,-70.0,29.53846153846154,31.0,119.73325859788359,121.71476570400807,0,0,89.18856489297374,89.18856489297374,90.66457729913401
2441,2021-02-14T00:31:58,2021-02-14T00:57:58,157,80.8,97.6,16.799999999999997,20.944027805555553,124.66683217592592,26.0,118.88,39.55,121.80327868852459,-48.289809044585986,-13.10001,30.5,31.0,124.66683217592592,121.71476570400807,0,0,92.86355338299106,92.86355338299106,90.66457729913401
2443,2021-02-14T23:32:07,2021-02-14T23:59:27,165,31.2,58.4,27.2,31.986393388888892,117.59703451797387,27.33333396911621,71.08,23.64,121.7123287671233,-70.21394927272728,-69.89999,28.939393939393938,32.0,117.59703451797387,121.68373788288835,0,0,87.59730476852634,87.59730476852634,90.64146486680042
2444,2021-02-14T23:59:38,2021-02-15T00:29:28,180,58.8,87.6,28.799999999999997,34.91389311111111,121.22879552469135,29.83333396911621,106.68,35.49,121.78082191780824,-70.21834188888889,-69.89999,31.619444444444444,34.0,121.22879552469135,121.61871893040215,0,0,90.30258111376664,90.30258111376664,90.59303265063095
2445,2021-02-15T00:29:39,2021-02-15T00:46:39,103,88.0,98.0,10.0,12.256667624999999,122.56667624999999,17.0,119.34,39.7,121.77551020408164,-43.04951786407766,0.0,32.11165048543689,34.0,122.56667624999999,121.61871893040215,0,0,91.29916020370011,91.29916020370011,90.59303265063095
2447,2021-02-15T16:42:25,2021-02-15T17:10:45,171,47.6,74.8,27.199999999999996,32.660699166666674,120.07609987745103,28.33333396911621,91.02,30.28,121.68449197860961,-69.16375269005849,-69.10001,31.538011695906434,33.0,120.07609987745103,121.40481708231422,0,0,89.44394524483891,89.44394524483891,90.43369848498372
2448,2021-02-15T17:10:56,2021-02-15T17:37:16,159,75.2,95.2,20.0,24.647504388888887,123.23752194444442,26.33333396911621,115.96,38.57,121.80672268907561,-56.15724270440251,-42.5,32.660377358490564,34.0,123.23752194444442,121.61871893040215,0,0,91.79886901855056,91.79886901855056,90.59303265063095
2451,2021-02-16T12:41:02,2021-02-16T13:11:02,181,44.0,74.0,30.0,35.05055895833334,116.83519652777781,30.0,90.05,29.96,121.6891891891892,-70.1011117679558,-69.70001,28.251381215469614,30.0,116.83519652777781,121.61871893040215,0,0,87.02981635451157,87.02981635451157,90.59303265063095
2452,2021-02-16T13:11:13,2021-02-16T13:39:23,170,74.4,96.0,21.599999999999994,26.292364125,121.72390798611114,28.16666603088379,116.94,38.9,121.8125,-56.012359352941175,-43.20001,30.28235294117647,31.0,121.72390798611114,121.68373788288835,0,0,90.67138732861261,90.67138732861261,90.64146486680042
2454,2021-02-18T10:12:07,2021-02-18T10:34:57,138,52.4,74.4,22.000000000000007,26.696253972222223,121.34660896464642,22.83333396911621,89.35,29.7,120.09408602150535,-70.15145963768117,-70.0,20.967391304347824,23.0,121.34660896464642,121.61871893040215,0,0,90.3903396176088,90.3903396176088,90.59303265063095
2455,2021-02-18T10:35:08,2021-02-18T11:05:48,185,74.8,96.0,21.200000000000003,25.596668097222224,120.73900045859538,30.66666603088379,115.78,38.48,120.60416666666667,-50.04865151351352,-18.20001,22.956756756756757,24.0,120.73900045859538,121.46372380229175,0,0,89.93773579385875,89.93773579385875,90.4775777369048
2457,2021-02-18T15:41:54,2021-02-18T16:00:24,112,63.6,81.2,17.6,21.548193986111112,122.43292037563131,18.5,98.84,32.88,121.72413793103448,-69.88571285714286,-69.80002,27.866071428571427,29.0,122.43292037563131,121.61871893040215,0,0,91.19952627891892,91.19952627891892,90.59303265063095
2458,2021-02-18T16:00:35,2021-02-18T16:24:25,144,81.6,97.6,16.0,19.89764209722222,124.36026310763887,23.83333396911621,118.94,39.56,121.86475409836065,-50.03125805555556,-12.80002,28.5625,30.0,124.36026310763887,121.61871893040215,0,0,92.63519197730238,92.63519197730238,90.59303265063095
2460,2021-02-19T03:09:03,2021-02-19T03:32:33,142,45.6,68.8,23.199999999999996,27.20472061111111,117.26172677203067,23.5,83.77,27.87,121.75872093023256,-69.45915084507043,-69.39999,26.169014084507044,28.0,117.26172677203067,121.46372380229175,0,0,87.34753609933304,87.34753609933304,90.4775777369048
2461,2021-02-19T03:32:44,2021-02-19T04:05:54,200,68.8,95.6,26.799999999999997,32.169163791666676,120.03419325248761,33.16666793823242,116.41,38.72,121.76778242677824,-58.185494799999994,-42.89999,27.85,29.0,120.03419325248761,121.28770224466888,0,0,89.41272925870638,89.41272925870638,90.34646036568772
2464,2021-02-19T15:51:10,2021-02-19T16:24:06,199,36.0,59.6,23.6,27.444444444444443,116.2900188323917,32.93333435058594,72.58,24.15,121.7785234899329,-50.0,-50.0,28.673366834170853,31.0,116.2900188323917,121.13027077821869,0,0,86.62371685607191,86.62371685607191,90.22919063857836
2465,2021-02-19T16:24:17,2021-02-19T16:41:10,103,60.0,72.0,12.0,14.069444444444445,117.24537037037038,16.883333206176758,87.6,29.14,121.66666666666666,-50.0,-50.0,30.485436893203882,31.0,117.24537037037038,120.88537324517071,0,0,87.3353523167485,87.3353523167485,90.04676797862442
2473,2021-02-20T09:19:07,2021-02-20T09:40:20,160,63.2,84.0,20.799999999999997,24.800169658333335,119.23158489583336,21.21666717529297,102.35,34.04,121.84523809523809,-70.1337584375,-69.89999,25.628125,27.0,119.23158489583336,120.88537324517071,0,0,88.81487125050242,88.81487125050242,90.04676797862442
2474,2021-02-20T10:00:07,2021-02-20T10:16:16,122,83.6,94.4,10.800000000000011,13.228056281944445,122.4820026105966,16.149999618530273,114.95,38.24,121.76906779661016,-49.18688786885246,-43.30002,25.991803278688526,27.0,122.4820026105966,121.13027077821869,0,0,91.23608733262746,91.23608733262746,90.22919063857836
2475,2021-02-20T17:13:17,2021-02-20T17:45:57,197,25.2,46.0,20.8,24.554449888888893,118.05023985042736,32.66666793823242,55.89,18.59,121.5,-45.10001,-45.10001,29.34010152284264,31.0,118.05023985042736,120.88537324517071,0,0,87.93489462181114,87.93489462181114,90.04676797862442
2476,2021-02-20T17:46:08,2021-02-20T18:17:18,188,46.0,66.4,20.400000000000006,23.426949638888892,114.8379884259259,31.16666603088379,80.87,26.9,121.7921686746988,-45.10001,-45.10001,31.53191489361702,33.0,114.8379884259259,120.54021878639647,0,0,85.54210837359857,85.54210837359857,89.78966455385358
2477,2021-02-20T18:17:29,2021-02-20T18:43:09,155,66.4,82.4,16.0,19.292782055555556,120.57988784722222,25.66666603088379,100.32,33.37,121.74757281553396,-45.10001,-45.10001,32.55161290322581,34.0,120.57988784722222,120.46066248070989,0,0,89.81921379227852,89.81921379227852,89.73040355306347
2478,2021-02-20T18:43:20,2021-02-20T19:03:40,123,82.8,94.8,12.0,15.055001958333335,125.4583496527778,20.33333396911621,115.47,38.41,121.80379746835443,-44.42358300813009,-43.5,33.10569105691057,34.0,125.4583496527778,120.46066248070989,0,0,93.45314986332417,93.45314986332417,89.73040355306347
2479,2021-02-21T11:11:03,2021-02-21T11:38:23,165,57.6,83.6,25.999999999999993,31.365559861111123,120.63676869658127,27.33333396911621,101.67,33.81,121.61483253588517,-68.82122145454547,-58.30002,23.587878787878786,25.0,120.63676869658127,120.60832827190174,0,0,89.86158398568705,89.86158398568705,89.84039888898278
2480,2021-02-21T11:38:34,2021-02-21T12:02:24,144,84.0,97.6,13.599999999999994,16.90222388888889,124.281058006536,23.83333396911621,118.62,39.45,121.53688524590164,-42.501392986111114,-12.30002,24.90625,26.0,124.281058006536,120.60832827190174,0,0,92.57619258663775,92.57619258663775,89.84039888898278
2482,2021-02-21T17:38:17,2021-02-21T18:09:07,186,64.4,91.6,27.19999999999999,33.06430630555555,121.55994965277779,30.83333396911621,111.57,37.11,121.80131004366812,-64.30000150537634,-43.30002,30.669354838709676,32.0,121.55994965277779,120.60832827190174,0,0,90.54925577866995,90.54925577866995,89.84039888898278
2485,2021-02-22T00:59:12,2021-02-22T01:27:12,169,26.4,55.6,29.200000000000003,34.56750277777778,118.38185882800609,28.0,67.67,22.51,121.70863309352517,-74.07397047337278,-73.80002,29.245562130177515,33.0,118.38185882800609,120.44091297554357,0,0,88.18191555023047,88.18191555023047,89.71569226863208
2486,2021-02-22T01:27:23,2021-02-22T01:54:23,163,55.6,83.6,27.999999999999993,33.29972402777778,118.9275858134921,27.0,101.91,33.9,121.90191387559808,-73.9981636196319,-73.60001,32.09815950920245,34.0,118.9275858134921,120.44091297554357,0,0,88.5884242114733,88.5884242114733,89.71569226863208
2488,2021-02-22T07:53:03,2021-02-22T09:02:02,518,55.6,97.6,41.99999999999999,51.20304155000001,121.91200369047623,68.98332977294922,118.91,39.56,121.83401639344262,-44.53456795366797,-43.30002,26.707528957528957,29.0,121.91200369047623,120.44091297554357,0,0,90.81149865717167,90.81149865717167,89.71569226863208
2490,2021-02-22T16:11:08,2021-02-22T16:37:18,158,64.8,88.8,24.0,29.255835625000003,121.89931510416669,26.16666603088379,108.14,35.98,121.77927927927928,-67.01709386075949,-43.0,32.90506329113924,34.0,121.89931510416669,120.60832827190174,0,0,90.80204700759059,90.80204700759059,89.84039888898278
2492,2021-02-23T12:50:24,2021-02-23T14:09:24,593,42.0,93.6,51.599999999999994,61.582878575,119.34666390503878,79.0,114.02,37.93,121.81623931623932,-46.77098713322091,-45.30002,29.99831365935919,32.0,119.34666390503878,120.60832827190174,0,0,88.90059289376619,88.90059289376619,89.84039888898278
2494,2021-02-23T22:11:56,2021-02-23T22:41:36,179,31.2,60.8,29.599999999999998,34.66722586111111,117.11900628753754,29.66666603088379,73.93999,24.6,121.61182565789473,-70.1139738547486,-69.89999,32.712290502793294,36.0,117.11900628753754,120.44091297554357,0,0,87.2412244918329,87.2412244918329,89.71569226863208
2495,2021-02-23T22:41:47,2021-02-23T23:10:47,175,60.8,88.8,28.0,33.25236430555556,118.7584439484127,29.0,108.15,35.98,121.79054054054055,-68.72914942857142,-43.20001,35.22,37.0,118.7584439484127,120.29203338104949,0,0,88.46243148074494,88.46243148074494,89.60479277812905
2497,2021-02-24T16:14:13,2021-02-24T16:37:13,139,12.0,34.4,22.4,26.86236315277778,119.92126407490082,23.0,41.76,13.89,121.39534883720931,-70.07554489208633,-69.80002,29.172661870503596,31.0,119.92126407490082,120.17911426784256,0,0,89.3286090117386,89.3286090117386,89.52068002805568
2498,2021-02-24T16:37:24,2021-02-24T17:07:34,182,34.4,64.4,30.000000000000007,35.20791840277778,117.35972800925924,30.16666603088379,78.4,26.08,121.73913043478261,-70.02692653846154,-69.80002,32.34065934065934,35.0,117.35972800925924,120.05514656496932,0,0,87.42053661571843,87.42053661571843,89.42833725177265
2499,2021-02-24T17:07:45,2021-02-24T17:35:35,168,64.4,90.0,25.599999999999994,30.73666795833333,120.0651092122396,27.83333396911621,109.58,36.45,121.75555555555555,-66.20238375000001,-43.20001,34.705357142857146,36.0,120.0651092122396,120.0496512323636,0,0,89.43575836619797,89.43575836619797,89.42424381245218
2502,2021-02-25T02:44:33,2021-02-25T03:13:13,173,16.0,34.4,18.4,21.85097565277778,118.75530246074881,28.66666603088379,41.76,13.89,121.39534883720931,-45.73526728323699,-45.39999,28.86416184971098,31.0,118.75530246074881,119.97772866369422,0,0,88.46009140598498,88.46009140598498,89.3706691352225
2503,2021-02-25T03:13:24,2021-02-25T03:44:04,185,34.4,53.6,19.200000000000003,22.904449347222226,119.2940070167824,30.66666603088379,65.27,21.71,121.77238805970148,-44.812982540540546,-44.10001,30.635135135135137,33.0,119.2940070167824,119.89890964620594,0,0,88.86136910289711,88.86136910289711,89.31195733585801
2504,2021-02-25T03:44:15,2021-02-25T04:12:25,170,53.6,70.8,17.199999999999996,20.229309,117.612261627907,28.16666603088379,86.18999,28.67,121.73727401129943,-43.092360294117654,-42.20001,32.23823529411764,34.0,117.612261627907,119.84781720437266,0,0,87.60864734867748,87.60864734867748,89.27389889146795
2505,2021-02-25T04:12:36,2021-02-25T04:40:06,166,71.2,86.8,15.599999999999994,19.015419111111107,121.89371225071227,27.5,105.68,35.16,121.75115207373273,-41.4879571686747,-40.70001,32.5,34.0,121.89371225071227,119.84781720437266,0,0,90.79787347665392,90.79787347665392,89.27389889146795
2507,2021-02-25T06:17:03,2021-02-25T06:34:43,107,59.2,76.4,17.200000000000003,20.67403115277778,120.19785553940567,17.66666603088379,93.00999,30.94,121.74082460732984,-70.21403018691589,-70.10001,32.929906542056074,35.0,120.19785553940567,119.89890964620594,0,0,89.53464028550258,89.53464028550258,89.31195733585801
2508,2021-02-25T06:34:54,2021-02-25T07:01:24,160,76.4,96.4,20.0,24.22125234722223,121.10626173611114,26.5,117.48,39.08,121.86721991701245,-54.8531303125,-43.5,33.571875,36.0,121.10626173611114,119.97772866369422,0,0,90.21130645138506,90.21130645138506,89.3706691352225
2510,2021-02-25T14:41:51,2021-02-25T15:00:41,114,43.6,62.0,18.4,22.019308722222224,119.67015609903383,18.83333396911621,75.54,25.12,121.83870967741936,-70.1500100877193,-70.0,29.714912280701753,32.0,119.67015609903383,119.97772866369422,0,0,89.14156023128261,89.14156023128261,89.3706691352225
2511,2021-02-25T15:00:52,2021-02-25T15:28:22,166,62.0,88.4,26.400000000000006,31.56083634722222,119.54862252735687,27.5,107.66,35.81,121.78733031674207,-68.78735596385542,-43.30002,31.572289156626507,33.0,119.54862252735687,119.97772866369422,0,0,89.05103062429522,89.05103062429522,89.3706691352225
2514,2021-02-25T21:07:38,2021-02-25T21:37:58,183,64.0,82.8,18.799999999999997,22.68499927777778,120.66488977541374,30.33333396911621,100.87,33.55,121.82367149758456,-44.871583224043725,-44.80002,29.510928961748633,31.0,120.66488977541374,120.0496512323636,0,0,89.88253120364203,89.88253120364203,89.42424381245218
2515,2021-02-25T21:38:09,2021-02-25T22:02:39,148,82.8,97.6,14.799999999999997,17.985280236111105,121.5221637575075,24.5,118.9,39.55,121.82377049180329,-44.04595195945947,-43.30002,30.02027027027027,32.0,121.5221637575075,120.0496512323636,0,0,90.52110929863743,90.52110929863743,89.42424381245218
2517,2021-03-01T21:12:31,2021-03-01T21:36:41,146,38.0,52.4,14.399999999999999,16.99888891666667,118.0478396990741,24.16666603088379,63.71,21.19,121.58396946564885,-42.223287739726025,-22.5,26.10958904109589,28.0,118.0478396990741,120.0496512323636,0,0,87.9331067638907,87.9331067638907,89.42424381245218
2518,2021-03-01T21:36:52,2021-03-01T22:04:42,168,52.4,69.2,16.800000000000004,19.21875,114.3973214285714,27.83333396911621,84.22,28.01,121.70520231213871,-41.38392857142857,-22.5,27.479166666666668,28.0,114.3973214285714,120.0496512323636,0,0,85.21385824869603,85.21385824869603,89.42424381245218
2519,2021-03-01T22:04:53,2021-03-01T22:33:53,175,69.2,85.6,16.39999999999999,19.6875,120.04573170731713,29.0,104.3,34.7,121.84579439252336,-40.75714285714286,-22.5,28.251428571428573,29.0,120.04573170731713,120.03996247990237,0,0,89.42132418245086,89.42132418245086,89.41702672057862
2520,2021-03-01T22:34:04,2021-03-01T22:53:04,115,85.6,96.0,10.400000000000006,12.594998708333332,121.10575681089736,19.0,116.97,38.91,121.84375,-39.81216982608695,-21.70001,28.5,29.0,121.10575681089736,120.05542045977836,0,0,90.21093033571158,90.21093033571158,89.42854127432442
2522,2021-03-02T22:38:28,2021-03-02T23:07:08,173,40.8,69.6,28.799999999999997,33.46778090277778,116.20757257908953,28.66666603088379,84.74,28.18,121.75287356321839,-70.04913947976878,-69.80002,25.332369942196532,27.0,116.20757257908953,120.05542045977836,0,0,86.56230315115039,86.56230315115039,89.42854127432442
2523,2021-03-02T23:07:19,2021-03-02T23:34:49,166,69.6,92.8,23.200000000000003,27.77861444444445,119.73540708812261,27.5,113.05,37.61,121.82112068965517,-60.58554945783132,-43.20001,27.44578313253012,29.0,119.73540708812261,120.03996247990237,0,0,89.19016529008437,89.19016529008437,89.41702672057862
2525,2021-03-03T09:45:35,2021-03-03T10:07:25,132,21.6,36.8,15.199999999999996,18.347636013888884,120.70813167032163,21.83333396911621,44.26,14.71,120.27173913043478,-50.42120424242424,-50.39999,22.40909090909091,24.0,120.70813167032163,120.05542045977836,0,0,89.91474182411,89.91474182411,89.42854127432442
2526,2021-03-03T10:07:36,2021-03-03T10:40:46,200,37.2,60.8,23.599999999999994,27.87582938888889,118.11792113935974,33.16666793823242,73.85,24.56,121.46381578947368,-50.428492850000005,-50.39999,24.73,27.0,118.11792113935974,120.03996247990237,0,0,87.98530999595758,87.98530999595758,89.41702672057862
2527,2021-03-03T10:40:57,2021-03-03T11:12:57,193,61.2,83.6,22.39999999999999,26.896524097222223,120.07376829117068,32.0,101.78,33.86,121.7464114832536,-50.43108119170985,-50.39999,26.564766839378237,28.0,120.07376829117068,120.03996247990237,0,0,89.44220846061785,89.44220846061785,89.41702672057862
2528,2021-03-03T11:13:08,2021-03-03T11:35:28,135,83.6,97.6,14.0,17.22805670833333,123.05754791666664,22.33333396911621,118.85,39.53,121.77254098360656,-46.29037348148149,-43.80002,27.05185185185185,29.0,123.05754791666664,120.03996247990237,0,0,91.66480747672435,91.66480747672435,89.41702672057862
2530,2021-03-03T15:45:19,2021-03-03T16:10:52,155,65.2,88.8,23.599999999999994,28.646833827777776,121.38488910075333,25.549999237060547,108.2,35.99,121.84684684684684,-67.21806574193549,-43.39999,27.451612903225808,29.0,121.38488910075333,120.03996247990237,0,0,90.41885425458823,90.41885425458823,89.41702672057862
2531,2021-03-03T22:45:29,2021-03-03T23:50:28,488,43.2,94.8,51.599999999999994,62.056064898611105,120.26369166397504,64.98332977294922,115.46,38.41,121.79324894514768,-57.28402502049181,-43.30002,25.952868852459016,28.0,120.26369166397504,120.05542045977836,0,0,89.58368120811019,89.58368120811019,89.42854127432442
2532,2021-03-04T06:00:09,2021-03-04T06:20:59,126,20.8,41.2,20.400000000000002,24.435972986111118,119.78418130446626,20.83333396911621,50.11,16.66,121.626213592233,-70.37539904761907,-70.10001,24.21825396825397,27.0,119.78418130446626,120.03996247990237,0,0,89.22649690262385,89.22649690262385,89.41702672057862
2533,2021-03-04T06:21:10,2021-03-04T06:51:00,180,41.6,71.6,29.999999999999993,34.986112722222224,116.62037574074077,29.83333396911621,87.14,28.98,121.70391061452514,-70.36389211111111,-70.20001,27.441666666666666,30.0,116.62037574074077,119.97772866369422,0,0,86.86979767691624,86.86979767691624,89.3706691352225
2534,2021-03-04T06:51:11,2021-03-04T07:18:11,163,71.6,94.0,22.400000000000006,26.726808611111114,119.31610987103173,27.0,114.47,38.08,121.77659574468086,-59.378534355828236,-43.5,29.309815950920246,31.0,119.31610987103173,119.85272268968353,0,0,88.87783338252684,88.87783338252684,89.27755295718123
2537,2021-03-04T16:44:34,2021-03-04T17:05:34,127,68.0,87.6,19.599999999999994,23.553474458333337,120.17078805272114,21.0,106.05,35.26,121.06164383561645,-67.27638433070868,-59.20001,24.58267716535433,26.0,120.17078805272114,119.85272268968353,0,0,89.51447788183194,89.51447788183194,89.27755295718123
2538,2021-03-04T17:06:42,2021-03-04T17:30:52,146,87.2,97.6,10.399999999999991,12.577363180555556,120.93618442841891,24.16666603088379,118.62,39.45,121.53688524590164,-31.280142123287675,-18.39999,25.0,26.0,120.93618442841891,119.85272268968353,0,0,90.08461691523142,90.08461691523142,89.27755295718123
2541,2021-03-05T13:06:53,2021-03-05T13:35:23,172,38.4,66.8,28.4,33.248334694444445,117.07160103677623,28.5,81.31,27.05,121.72155688622756,-69.99709593023258,-69.70001,24.848837209302324,27.0,117.07160103677623,119.85272268968353,0,0,87.20591261330135,87.20591261330135,89.27755295718123
2542,2021-03-05T13:35:34,2021-03-05T14:07:04,190,66.8,93.6,26.799999999999997,32.11694681944444,119.8393538038972,31.5,113.97,37.91,121.76282051282053,-61.15210978947369,-43.10001,27.50526315789474,29.0,119.8393538038972,119.81176755418173,0,0,89.2675945567212,89.2675945567212,89.24704572967252
2545,2021-03-05T23:30:31,2021-03-05T23:59:01,172,34.4,62.4,28.0,33.35264343055556,119.11658368055556,28.5,75.92,25.25,121.66666666666667,-70.2162886627907,-69.89999,27.453488372093023,30.0,119.11658368055556,119.81176755418173,0,0,88.72920755545489,88.72920755545489,89.24704572967252
2546,2021-03-05T23:59:12,2021-03-06T00:29:32,183,62.8,90.4,27.60000000000001,33.061531875,119.78815896739127,30.33333396911621,110.17,36.64,121.86946902654867,-65.34973486338798,-43.30002,30.038251366120218,32.0,119.78815896739127,119.81375638564424,0,0,89.22945983917184,89.22945983917184,89.24852719794652
2549,2021-03-06T21:30:54,2021-03-06T22:10:24,297,65.6,98.0,32.400000000000006,38.71380959444445,119.48706664951987,39.5,119.11,39.61,121.54081632653062,-58.770713198653205,-43.20001,24.664983164983166,26.0,119.48706664951987,119.81375638564424,0,0,89.00517803104503,89.00517803104503,89.24852719794652
2551,2021-03-07T17:01:00,2021-03-07T17:29:40,173,32.8,51.2,18.400000000000006,21.451939749999994,116.5866290760869,28.66666603088379,62.3,20.72,121.67968749999999,-44.89941213872832,-44.80002,25.36705202312139,27.0,116.5866290760869,119.78617013592876,0,0,86.84465999482481,86.84465999482481,89.22797837089784
2553,2021-03-08T01:42:49,2021-03-08T02:00:19,106,11.2,28.0,16.8,20.17250291666667,120.07442212301588,17.5,33.97,11.3,121.32142857142856,-69.16321754716981,-69.10001,25.316037735849058,27.0,120.07442212301588,119.81375638564424,0,0,89.44269549592147,89.44269549592147,89.24852719794652
2554,2021-03-08T02:00:30,2021-03-08T02:30:20,180,28.4,57.6,29.200000000000003,34.36097686111111,117.6745782914764,29.83333396911621,70.12,23.33,121.7361111111111,-69.10612044444444,-69.0,28.075,31.0,117.6745782914764,119.81375638564424,0,0,87.65506664652135,87.65506664652135,89.24852719794652
2555,2021-03-08T02:30:31,2021-03-08T02:58:11,167,57.6,84.4,26.800000000000004,31.875837944444445,118.93969382255389,27.66666603088379,102.91,34.24,121.93127962085306,-69.12815371257484,-69.10001,30.865269461077844,33.0,118.93969382255389,119.78617013592876,0,0,88.597443392648,88.597443392648,89.22797837089784
2559,2021-03-08T06:36:50,2021-03-08T07:07:20,184,73.2,92.0,18.799999999999997,22.830282263888893,121.43767161643031,30.5,112.13,37.3,121.88043478260869,-44.90870445652174,-43.5,28.956521739130434,31.0,121.43767161643031,119.78617013592876,0,0,90.45817162454708,90.45817162454708,89.22797837089784
2562,2021-03-08T16:35:00,2021-03-08T17:06:30,190,70.0,89.2,19.200000000000003,23.50848177777779,122.4400092592593,31.5,108.62,36.13,121.7713004484305,-44.773702368421056,-43.20001,26.25526315789474,27.0,122.4400092592593,119.78617013592876,0,0,91.20480674455462,91.20480674455462,89.22797837089784
2563,2021-03-08T17:06:41,2021-03-08T17:23:21,101,89.6,97.6,8.0,10.192640694444446,127.40800868055557,16.66666603088379,118.88,39.55,121.80327868852459,-36.607927227722776,-12.89999,26.980198019801982,28.0,127.40800868055557,119.78617013592876,0,0,94.90543883260814,94.90543883260814,89.22797837089784
2565,2021-03-08T21:58:59,2021-03-08T22:25:59,163,74.4,94.0,19.599999999999994,24.040141472222224,122.65378302154198,27.0,114.55,38.1,121.86170212765958,-53.41166220858896,-43.30002,27.079754601226995,29.0,122.65378302154198,119.78617013592876,0,0,91.36404549987653,91.36404549987653,89.22797837089784
2570,2021-03-09T12:31:06,2021-03-09T13:02:36,190,42.0,60.0,18.0,20.94749475,116.37497083333334,31.5,72.83,24.22,121.38333333333334,-39.899989999999995,-39.89999,24.239473684210527,26.0,116.37497083333334,119.78617013592876,0,0,86.68699707693534,86.68699707693534,89.22797837089784
2571,2021-03-09T13:02:47,2021-03-09T13:32:57,182,60.0,76.8,16.799999999999997,20.06082830555556,119.40969229497358,30.16666603088379,93.54,31.12,121.796875,-39.899989999999995,-39.89999,25.557692307692307,27.0,119.40969229497358,119.78617013592876,0,0,88.94754235218424,88.94754235218424,89.22797837089784
2572,2021-03-09T13:33:08,2021-03-09T14:00:58,168,76.8,92.0,15.200000000000003,18.509995444444446,121.77628581871343,27.83333396911621,112.04,37.27,121.78260869565217,-39.901775892857145,-39.89999,26.267857142857142,27.0,121.77628581871343,119.78617013592876,0,0,90.71040325264832,90.71040325264832,89.22797837089784
2574,2021-03-10T14:54:58,2021-03-10T15:18:38,143,22.4,47.2,24.800000000000004,29.199167694444444,117.7385794130824,23.66666603088379,57.39,19.09,121.58898305084745,-74.0258767132867,-74.0,28.39160839160839,31.0,117.7385794130824,119.75979419629444,0,0,87.702740686754,87.702740686754,89.2083310963541
2575,2021-03-10T15:18:49,2021-03-10T15:50:59,194,47.2,81.2,34.0,39.68541798611111,116.72181760620914,32.16666793823242,98.82999,32.88,121.71181034482757,-74.02474474226804,-74.0,31.695876288659793,33.0,116.72181760620914,119.75979419629444,0,0,86.94536109602919,86.94536109602919,89.2083310963541
2576,2021-03-10T15:51:10,2021-03-10T16:15:00,144,81.6,97.6,16.0,19.658195125,122.86371953124998,23.83333396911621,118.9,39.55,121.82377049180329,-49.44791840277779,-13.10001,32.986111111111114,34.0,122.86371953124998,119.78617013592876,0,0,91.52042590945328,91.52042590945328,89.22797837089784
2578,2021-03-10T21:05:37,2021-03-10T21:37:07,190,64.0,89.6,25.599999999999994,30.880552291666675,120.62715738932297,31.5,109.12,36.3,121.7857142857143,-58.78209910526315,-43.30002,32.257894736842104,34.0,120.62715738932297,119.81375638564424,0,0,89.85442458226689,89.85442458226689,89.24852719794652
2580,2021-03-11T03:50:14,2021-03-11T04:09:44,118,22.4,34.4,12.0,14.658475472222223,122.15396226851853,19.5,41.76,13.89,121.39534883720931,-45.10339983050847,-45.10001,29.703389830508474,32.0,122.15396226851853,119.81375638564424,0,0,90.99173210769197,90.99173210769197,89.24852719794652
2581,2021-03-11T04:09:55,2021-03-11T04:40:25,184,34.8,54.4,19.6,22.925838416666664,116.96856335034012,30.5,66.21,22.02,121.70955882352939,-45.10000999999999,-45.10001,31.54891304347826,34.0,116.96856335034012,119.81375638564424,0,0,87.12916047700486,87.12916047700486,89.24852719794652
2582,2021-03-11T04:40:36,2021-03-11T05:10:46,182,54.4,73.6,19.199999999999996,22.67528280555556,118.10043127893525,30.16666603088379,89.61,29.81,121.75271739130434,-45.100010000000005,-45.10001,33.32967032967033,35.0,118.10043127893525,119.78617013592876,0,0,87.9722819069395,87.9722819069395,89.22797837089784
2583,2021-03-11T05:10:57,2021-03-11T05:39:57,175,73.6,91.6,18.0,21.716115430555558,120.64508572530866,29.0,111.6,37.12,121.83406113537119,-44.926294628571426,-43.5,33.62285714285714,35.0,120.64508572530866,119.81375638564424,0,0,89.86777928902262,89.86777928902262,89.24852719794652
2586,2021-03-11T13:32:01,2021-03-11T14:01:11,176,68.4,92.4,24.0,29.044583319444445,121.01909716435186,29.16666603088379,112.58,37.45,121.83982683982683,-59.71931818181818,-43.60001,31.494318181818183,33.0,121.01909716435186,119.94254275560716,0,0,90.14637810018375,90.14637810018375,89.34445936958603
2588,2021-03-11T20:57:28,2021-03-11T23:01:05,929,40.0,96.0,56.0,67.98884431333335,121.40865055952382,123.61666870117188,116.93,38.89,121.80208333333334,-32.99688369860065,-21.600006,30.76210979547901,33.0,121.40865055952382,120.0597499992439,0,0,90.43655401848275,90.43655401848275,89.43176632153435
2590,2021-03-12T02:21:14,2021-03-12T02:49:24,170,37.2,65.6,28.39999999999999,33.129031097222224,116.65151794796562,28.16666603088379,79.87,26.57,121.75304878048783,-70.57059529411764,-70.5,33.832352941176474,37.0,116.65151794796562,119.94254275560716,0,0,86.89299531475312,86.89299531475312,89.34445936958603
2591,2021-03-12T02:49:35,2021-03-12T03:16:35,163,65.6,90.4,24.80000000000001,29.857085750000003,120.39147479838705,27.0,110.08,36.62,121.76991150442477,-66.29264343558282,-43.80002,35.65030674846626,38.0,120.39147479838705,119.94254275560716,0,0,89.67886607578352,89.67886607578352,89.34445936958603
2595,2021-03-12T09:38:25,2021-03-12T10:07:15,174,46.8,71.2,24.400000000000006,29.047636291666663,119.04768971994531,28.83333396911621,86.68,28.83,121.74157303370787,-60.445971609195404,-60.39999,31.439655172413794,34.0,119.04768971994531,119.81375638564424,0,0,88.6778888696647,88.6778888696647,89.24852719794652
2596,2021-03-12T10:07:26,2021-03-12T10:36:26,175,71.2,93.2,22.0,26.79902886111112,121.81376755050508,29.0,113.55,37.77,121.83476394849784,-55.42743085714286,-43.80002,32.73142857142857,35.0,121.81376755050508,119.94254275560716,0,0,90.738323163184,90.738323163184,89.34445936958603
2599,2021-03-12T16:42:55,2021-03-12T17:14:25,190,51.2,81.6,30.39999999999999,36.66903106944445,120.62181272843571,31.5,99.5,33.1,121.93627450980392,-69.8457957368421,-69.80002,36.34473684210526,38.0,120.62181272843571,120.0597499992439,0,0,89.85044337737898,89.85044337737898,89.43176632153435
2603,2021-03-13T03:10:20,2021-03-13T03:37:10,162,55.6,81.6,25.999999999999993,31.318195680555554,120.45459877136754,26.83333396911621,99.46,33.09,121.88725490196079,-70.02839783950617,-69.89999,33.638888888888886,36.0,120.45459877136754,120.0597499992439,0,0,89.72588673342202,89.72588673342202,89.43176632153435
2604,2021-03-13T03:37:21,2021-03-13T03:57:31,122,81.6,95.6,14.0,17.213888875000002,122.95634910714286,20.16666603088379,116.48,38.75,121.84100418410043,-51.26065573770492,-43.30002,34.5,36.0,122.95634910714286,120.0597499992439,0,0,91.58942510848348,91.58942510848348,89.43176632153435
2605,2021-03-13T13:45:57,2021-03-13T14:46:29,455,46.8,97.6,50.8,61.4388928,120.94270236220471,60.53333282470703,118.88,39.55,121.80327868852459,-60.85494895384616,-12.700012,31.206593406593406,33.0,120.94270236220471,120.07409520709328,0,0,90.08947208385565,90.08947208385565,89.44245197826966
2606,2021-03-13T23:04:59,2021-03-13T23:50:29,342,47.6,90.0,42.4,51.04086869444444,120.37940729821803,45.5,109.63,36.46,121.8111111111111,-67.27427900584796,-43.60001,30.51608187134503,33.0,120.37940729821803,120.12260508786851,0,0,89.66987706943286,89.66987706943286,89.4785866888767
2607,2021-03-14T23:59:09,2021-03-15T00:18:14,144,68.8,87.2,18.400000000000006,22.184810502777772,120.56962229770525,19.08333396911621,106.18,35.32,121.76605504587157,-69.75140444444445,-69.60001,26.305555555555557,28.0,120.56962229770525,120.21723985834808,0,0,89.81156704784027,89.81156704784027,89.54907954497106
2608,2021-03-15T09:39:15,2021-03-15T09:59:15,121,38.4,55.2,16.800000000000004,19.86458602777778,118.24158349867723,20.0,67.18,22.34,121.70289855072464,-59.592570082644635,-59.20001,26.582644628099175,28.0,118.24158349867723,120.12260508786851,0,0,88.07742532371165,88.07742532371165,89.4785866888767
2609,2021-03-15T09:59:26,2021-03-15T10:29:16,180,55.2,80.0,24.799999999999997,29.731949472222226,119.88689303315415,29.83333396911621,97.50999,32.43,121.88748749999999,-59.79612116666667,-59.70001,28.725,30.0,119.88689303315415,120.12260508786851,0,0,89.30300623500673,89.30300623500673,89.4785866888767
2610,2021-03-15T10:29:27,2021-03-15T10:55:57,160,80.4,98.0,17.599999999999994,21.35361283333333,121.32734564393942,26.5,119.34,39.7,121.77551020408164,-48.272503875,-12.70001,29.89375,31.0,121.32734564393942,120.21723985834808,0,0,90.37599048897864,90.37599048897864,89.54907954497106
2611,2021-03-15T20:05:55,2021-03-15T20:31:15,153,31.6,56.8,25.199999999999996,29.539165027777777,117.21890884038802,25.33333396911621,69.07,22.97,121.60211267605634,-69.96078039215686,-69.89999,31.96732026143791,35.0,117.21890884038802,120.12260508786851,0,0,87.31564128648309,87.31564128648309,89.4785866888767
2612,2021-03-15T20:31:26,2021-03-15T21:01:16,180,56.8,86.0,29.200000000000003,34.77430243055556,119.09007681697108,29.83333396911621,104.69,34.83,121.73255813953489,-69.93721594444445,-69.89999,34.2,36.0,119.09007681697108,120.12260508786851,0,0,88.70946275646922,88.70946275646922,89.4785866888767
2613,2021-03-15T21:01:27,2021-03-15T21:20:27,115,86.0,97.6,11.599999999999994,14.59013669444444,125.77704046934869,19.0,118.93,39.56,121.85450819672133,-46.166080173913045,-43.30002,34.5,36.0,125.77704046934869,120.21723985834808,0,0,93.6905406844492,93.6905406844492,89.54907954497106
2615,2021-03-16T14:20:34,2021-03-16T14:45:34,151,62.0,86.0,24.0,28.80014288888889,120.00059537037038,25.0,104.82,34.87,121.88372093023256,-69.1205394039735,-69.0,30.76158940397351,32.0,120.00059537037038,120.12260508786851,0,0,89.38770240380765,89.38770240380765,89.4785866888767
2618,2021-03-16T21:05:17,2021-03-16T21:31:07,156,55.2,80.0,24.799999999999997,29.85444797222223,120.38083859767029,25.83333396911621,97.43999,32.41,121.79998749999999,-69.33911083333335,-69.30002,32.67628205128205,34.0,120.38083859767029,120.12260508786851,0,0,89.67094323555557,89.67094323555557,89.4785866888767
2619,2021-03-16T21:31:18,2021-03-16T21:50:48,118,80.4,94.8,14.399999999999991,17.397362861111112,120.81501986882725,19.5,115.44,38.4,121.77215189873418,-53.55170025423728,-42.70001,33.61864406779661,35.0,120.81501986882725,120.12260508786851,0,0,89.99436218306745,89.99436218306745,89.4785866888767
2621,2021-03-17T11:13:57,2021-03-17T11:43:37,179,60.4,88.4,28.000000000000007,34.00333613888889,121.44048621031743,29.66666603088379,107.71,35.83,121.84389140271493,-68.70391636871508,-43.20001,30.804469273743017,32.0,121.44048621031743,120.27509767546958,0,0,90.46026819815151,90.46026819815151,89.5921774756324
2624,2021-03-17T17:45:20,2021-03-17T18:15:00,179,46.0,70.4,24.400000000000006,29.479449277777782,120.81741507285973,29.66666603088379,85.66,28.49,121.67613636363635,-59.621797486033515,-59.5,34.36871508379888,36.0,120.81741507285973,120.38012294794416,0,0,89.9961463557592,89.9961463557592,89.67041015249421
2625,2021-03-17T18:15:11,2021-03-17T18:47:11,193,70.4,94.4,24.0,29.035422000000008,120.98092500000004,32.0,115.02,38.26,121.84322033898304,-54.42539860103627,-43.10001,35.0,36.0,120.98092500000004,120.38615669802867,0,0,90.11794389069789,90.11794389069789,89.67490465566954
2628,2021-03-18T04:30:37,2021-03-18T04:58:47,170,16.0,35.2,19.200000000000003,22.62805788888889,117.85446817129628,28.16666603088379,42.79,14.23,121.56249999999999,-48.20294617647059,-47.20001,31.15,33.0,117.85446817129628,120.38615669802867,0,0,87.7890655070534,87.7890655070534,89.67490465566954
2630,2021-03-18T11:04:16,2021-03-18T11:33:56,179,67.6,78.4,10.800000000000011,13.22861398611111,122.48716653806571,29.66666603088379,95.48,31.76,121.78571428571429,-26.75475441340782,-26.5,32.48882681564246,34.0,122.48716653806571,120.38615669802867,0,0,91.23993391030834,91.23993391030834,89.67490465566954
2633,2021-03-18T19:43:52,2021-03-18T20:13:52,181,18.8,48.0,29.2,35.00805733333334,119.8906073059361,30.0,58.4,19.42,121.66666666666667,-70.01657817679558,-69.70001,32.85635359116022,36.0,119.8906073059361,120.38615669802867,0,0,89.30577297386377,89.30577297386377,89.67490465566954
2634,2021-03-18T20:14:03,2021-03-18T20:42:13,170,48.4,76.0,27.6,32.85194633333334,119.02879106280194,28.16666603088379,92.59,30.8,121.82894736842105,-69.98000405882354,-69.70001,36.108823529411765,38.0,119.02879106280194,120.38615669802867,0,0,88.66381137667102,88.66381137667102,89.67490465566954
2635,2021-03-18T20:42:24,2021-03-18T21:09:34,164,76.4,96.8,20.39999999999999,24.99014163888889,122.50069430827892,27.16666603088379,117.91,39.22,121.80785123966942,-55.20244506097562,-43.10001,37.0,38.0,122.50069430827892,120.4230367848773,0,0,91.25001066279673,91.25001066279673,89.70237640460277
2637,2021-03-19T14:15:22,2021-03-19T16:00:15,787,1.6,98.0,96.4,116.0202635125,120.35297044865143,104.88333129882812,119.34,39.7,121.77551020408164,-66.33190100381195,0.0,37.03684879288437,41.0,120.35297044865143,120.4230367848773,0,0,89.65018442345672,89.65018442345672,89.70237640460277
2639,2021-03-20T00:09:04,2021-03-20T00:56:18,285,41.6,87.6,45.99999999999999,55.23194998611112,120.06945649154594,47.233333587646484,106.77,35.52,121.88356164383563,-70.16000701754386,-69.80002,34.33157894736842,37.0,120.06945649154594,120.4230367848773,0,0,89.43899662770576,89.43899662770576,89.70237640460277
2641,2021-03-20T06:31:40,2021-03-20T07:02:10,184,16.0,25.6,9.600000000000001,11.48833841666667,119.6701918402778,30.5,30.99,10.31,121.05468749999999,-22.60001,-22.60001,29.695652173913043,32.0,119.6701918402778,120.4230367848773,0,0,89.14158685471452,89.14158685471452,89.70237640460277
2642,2021-03-20T07:02:21,2021-03-20T07:28:31,158,25.6,33.6,8.0,9.856115472222223,123.20144340277778,26.16666603088379,40.8,13.57,121.42857142857142,-22.600010000000005,-22.60001,30.42721518987342,32.0,123.20144340277778,120.51211053453639,0,0,91.77199433567328,91.77199433567328,89.76872689063114
2643,2021-03-20T07:28:42,2021-03-20T08:00:52,194,33.6,44.0,10.399999999999999,12.116116472222226,116.50111992521373,32.16666793823242,53.48,17.79,121.54545454545453,-22.600010000000005,-22.60001,30.88659793814433,33.0,116.50111992521373,120.51211053453639,0,0,86.78096475641819,86.78096475641819,89.76872689063114
2644,2021-03-20T08:01:03,2021-03-20T08:28:33,166,44.0,53.2,9.200000000000003,10.35833791666667,112.59062952898552,27.5,64.68,21.51,121.57894736842105,-22.600010000000005,-22.60001,31.60542168674699,33.0,112.59062952898552,120.51211053453639,0,0,83.86806461028023,83.86806461028023,89.76872689063114
2645,2021-03-20T08:28:44,2021-03-20T08:55:34,162,53.2,61.6,8.399999999999999,10.107226694444448,120.32412731481486,26.83333396911621,74.95,24.93,121.67207792207793,-22.60001,-22.60001,32.19444444444444,34.0,120.32412731481486,120.4230367848773,0,0,89.62869935118837,89.62869935118837,89.70237640460277
2646,2021-03-20T08:55:45,2021-03-20T09:21:55,158,61.6,70.4,8.800000000000004,9.856115472222223,112.00131218434339,26.16666603088379,85.66,28.49,121.67613636363635,-22.600010000000005,-22.60001,32.09177215189873,34.0,112.00131218434339,120.38615669802867,0,0,83.42908575970296,83.42908575970296,89.67490465566954
2647,2021-03-20T09:22:06,2021-03-20T09:51:46,179,70.4,79.6,9.199999999999989,11.174449388888892,121.46140640096637,29.66666603088379,96.9,32.23,121.73366834170857,-22.60001,-22.60001,32.0,33.0,121.46140640096637,120.38615669802867,0,0,90.4758515189691,90.4758515189691,89.67490465566954
2648,2021-03-20T09:51:57,2021-03-20T10:18:47,162,79.6,87.6,8.0,10.107226694444448,126.34033368055559,26.83333396911621,106.68,35.49,121.78082191780824,-22.60001,-22.60001,32.0,33.0,126.34033368055559,120.38615669802867,0,0,94.1101343187478,94.1101343187478,89.67490465566954
2649,2021-03-20T10:18:58,2021-03-20T10:46:28,166,88.0,96.0,8.0,10.181673458333332,127.27091822916665,27.5,116.93,38.89,121.80208333333334,-22.214472650602403,-21.80002,32.0,33.0,127.27091822916665,120.4230367848773,0,0,94.80332100199792,94.80332100199792,89.70237640460277
2651,2021-03-20T19:23:56,2021-03-20T19:41:36,107,44.8,56.8,12.0,14.421945527777778,120.18287939814816,17.66666603088379,69.1,22.98,121.65492957746478,-48.979442990654206,-47.89999,33.495327102803735,35.0,120.18287939814816,120.4230367848773,0,0,89.523484650368,89.523484650368,89.70237640460277
2652,2021-03-20T19:41:47,2021-03-20T20:12:17,184,56.8,77.6,20.799999999999997,24.898197194444446,119.70287112713679,30.5,94.43999,31.41,121.70101804123712,-48.98098369565218,-48.10001,34.0,35.0,119.70287112713679,120.38615669802867,0,0,89.16592945367833,89.16592945367833,89.67490465566954
2653,2021-03-20T20:12:28,2021-03-20T20:37:18,150,77.6,93.2,15.600000000000009,18.805974555555558,120.5511189458689,24.83333396911621,113.52,37.76,121.80257510729612,-45.419338933333336,-35.89999,34.31333333333333,36.0,120.5511189458689,120.4230367848773,0,0,89.7977840153285,89.7977840153285,89.70237640460277
2656,2021-03-21T08:41:48,2021-03-21T09:12:48,187,15.2,45.2,30.000000000000004,36.087919125000006,120.29306375,31.0,54.98,18.29,121.63716814159291,-69.84706363636364,-69.70001,28.06149732620321,31.0,120.29306375,120.4230367848773,0,0,89.60556029359704,89.60556029359704,89.70237640460277
2657,2021-03-21T09:12:59,2021-03-21T09:44:49,192,45.2,76.4,31.200000000000003,37.08277616666666,118.85505181623928,31.83333396911621,93.04,30.94,121.78010471204189,-69.89426776041667,-69.80002,31.669270833333332,34.0,118.85505181623928,120.38615669802867,0,0,88.53439408486781,88.53439408486781,89.67490465566954
2658,2021-03-21T09:45:00,2021-03-21T10:14:40,179,76.8,97.6,20.799999999999997,25.82583572222223,124.16267174145305,29.66666603088379,118.87,39.54,121.79303278688525,-52.17151324022347,-12.80002,33.0,34.0,124.16267174145305,120.38615669802867,0,0,92.48800738889543,92.48800738889543,89.67490465566954
2660,2021-03-21T21:00:37,2021-03-21T21:32:57,195,45.6,77.6,31.999999999999993,38.04153213888888,118.87978793402777,32.33333206176758,93.96,31.24,121.08247422680412,-70.5928286153846,-70.5,23.343589743589742,26.0,118.87978793402777,120.38012294794416,0,0,88.55281986624564,88.55281986624564,89.67041015249421
2661,2021-03-21T21:33:08,2021-03-21T22:01:48,173,78.0,96.4,18.400000000000006,22.280138555555556,121.08770954106276,28.66666603088379,117.19,38.97,121.56639004149376,-46.62196462427745,-18.89999,24.985549132947977,26.0,121.08770954106276,120.38615669802867,0,0,90.1974870358663,90.1974870358663,89.67490465566954
2664,2021-03-22T17:51:18,2021-03-22T18:19:08,168,56.4,72.8,16.4,19.599030069444446,119.50628091124663,27.83333396911621,88.14,29.31,121.07142857142857,-42.250004940476195,-41.5,23.922619047619047,25.0,119.50628091124663,120.38615669802867,0,0,89.0194906159438,89.0194906159438,89.67490465566954
2665,2021-03-22T18:19:19,2021-03-22T18:46:39,165,72.8,88.0,15.200000000000003,18.52972493055556,121.90608506944446,27.33333396911621,106.98,35.57,121.56818181818183,-40.6751573939394,-39.89999,24.772727272727273,26.0,121.90608506944446,120.38615669802867,0,0,90.80708991291672,90.80708991291672,89.67490465566954
2666,2021-03-22T18:46:50,2021-03-22T19:05:08,112,88.4,97.6,9.199999999999989,11.774112730555554,127.97948620169096,18.299999237060547,118.94,39.56,121.86475409836065,-38.49821955357144,-12.39999,25.5,26.0,127.97948620169096,120.38615669802867,0,0,95.33112890882862,95.33112890882862,89.67490465566954
2668,2021-03-23T11:11:51,2021-03-23T11:39:11,165,31.2,58.4,27.2,31.892361458333333,117.25132889093136,27.33333396911621,71.14,23.66,121.81506849315069,-70.00787957575757,-69.89999,24.533333333333335,27.0,117.25132889093136,120.38012294794416,0,0,87.33979078191635,87.33979078191635,89.67041015249421
2669,2021-03-23T11:39:22,2021-03-23T12:11:22,193,58.8,88.8,30.0,36.042777625,120.14259208333334,32.0,108.2,35.99,121.84684684684684,-67.52383388601037,-43.30002,27.624352331606218,29.0,120.14259208333334,120.38012294794416,0,0,89.4934748783648,89.4934748783648,89.67041015249421
2674,2021-03-23T20:43:32,2021-03-23T21:09:32,157,74.8,94.8,20.0,23.790419069444447,118.95209534722223,26.0,115.32,38.35,121.64556962025317,-54.91019662420383,-43.0,25.818471337579616,27.0,118.95209534722223,120.36618887343474,0,0,88.60668121178537,88.60668121178537,89.66003074644479
2676,2021-03-24T13:12:32,2021-03-24T13:31:22,114,60.8,76.4,15.600000000000009,19.00000097222222,121.79487802706545,18.83333396911621,92.53,30.76,121.11256544502618,-60.530704824561404,-60.39999,23.390350877192983,25.0,121.79487802706545,120.38012294794416,0,0,90.72425247382985,90.72425247382985,89.67041015249421
2677,2021-03-24T13:31:33,2021-03-24T14:00:03,172,76.4,96.4,20.0,24.150283000000005,120.75141500000002,28.5,117.25,38.99,121.62863070539419,-50.761638895348845,-13.30002,24.927325581395348,26.0,120.75141500000002,120.38012294794416,0,0,89.9469833090826,89.9469833090826,89.67041015249421
2679,2021-03-24T20:25:21,2021-03-24T20:47:51,136,46.0,58.4,12.399999999999999,14.649721344444444,118.14291406810037,22.5,71.04,23.63,121.64383561643838,-38.94337997058824,-4.899994,27.779411764705884,29.0,118.14291406810037,120.36618887343474,0,0,88.00392707422768,88.00392707422768,89.66003074644479
2680,2021-03-24T20:48:02,2021-03-24T21:16:52,174,58.4,74.4,16.000000000000007,19.210832194444443,120.06770121527772,28.83333396911621,90.59,30.13,121.76075268817203,-39.97643442528736,-39.89999,28.75287356321839,30.0,120.06770121527772,120.33854888173315,0,0,89.43768913325363,89.43768913325363,89.63944188732255
2681,2021-03-24T21:17:03,2021-03-24T21:49:23,195,74.4,92.0,17.599999999999994,21.551944083333332,122.45422774621215,32.33333206176758,112.11,37.29,121.8586956521739,-39.99333266666667,-39.89999,29.32051282051282,30.0,122.45422774621215,120.33854888173315,0,0,91.2153980076767,91.2153980076767,89.63944188732255
2684,2021-03-25T15:59:22,2021-03-25T16:30:02,185,47.6,58.8,11.199999999999996,13.28888888888889,118.6507936507937,30.66666603088379,71.51,23.79,121.61564625850342,-26.0,-26.0,28.251351351351353,30.0,118.6507936507937,120.30859553240742,0,0,88.3822434388644,88.3822434388644,89.61712982239271
2685,2021-03-25T16:30:13,2021-03-25T16:55:33,153,58.8,68.0,9.200000000000003,10.977777777777778,119.32367149758451,25.33333396911621,82.8,27.54,121.76470588235293,-26.0,-26.0,28.5,30.0,119.32367149758451,120.23797157407408,0,0,88.8834659914477,88.8834659914477,89.56452247198251
2688,2021-03-25T22:40:05,2021-03-25T23:07:25,165,11.6,38.4,26.799999999999997,31.965698069444446,119.27499279643452,27.33333396911621,46.77,15.56,121.796875,-70.16909890909092,-69.89999,29.306060606060605,31.0,119.27499279643452,120.16273574074074,0,0,88.84720552758608,88.84720552758608,89.5084797643664
2689,2021-03-25T23:07:36,2021-03-25T23:36:16,173,38.4,66.4,28.000000000000007,33.522086694444454,119.72173819444444,28.66666603088379,80.93999,26.93,121.89757530120481,-70.1618567052023,-69.89999,32.459537572254334,35.0,119.72173819444444,120.16273574074074,0,0,89.17998341559847,89.17998341559847,89.5084797643664
2690,2021-03-25T23:36:27,2021-03-26T00:04:47,171,66.4,91.6,25.19999999999999,30.567642305555555,121.30016787918876,28.33333396911621,111.62,37.13,121.85589519650657,-64.68421766081872,-43.20001,34.65204678362573,36.0,121.30016787918876,120.23797157407408,0,0,90.35574593985757,90.35574593985757,89.56452247198251
2692,2021-03-26T11:23:19,2021-03-26T12:19:11,420,34.4,88.4,54.00000000000001,64.44663217777779,119.34561514403293,55.86666488647461,107.68,35.82,121.80995475113123,-69.18548390476191,-43.20001,28.377380952380953,31.0,119.34561514403293,120.16273574074074,0,0,88.89981167816975,88.89981167816975,89.5084797643664
2693,2021-03-26T12:25:35,2021-03-26T13:05:13,298,88.4,99.6,11.199999999999989,16.290242836111112,145.4485967509922,39.63333511352539,121.29,40.35,121.77710843373495,-24.7090705704698,-12.60001,30.0,31.0,120.06770121527772,120.16273574074074,1,0,108.34376147303102,89.43768913325363,89.5084797643664
2695,2021-03-28T10:05:51,2021-03-28T10:34:31,173,30.0,58.4,28.4,33.31458947222223,117.30489250782476,28.66666603088379,71.11,23.66,121.76369863013699,-69.72775849710983,-69.60001,29.297687861271676,32.0,117.30489250782476,120.16273574074074,0,0,87.37968998934745,87.37968998934745,89.5084797643664
2696,2021-03-28T10:34:42,2021-03-28T11:01:32,162,58.4,84.8,26.4,31.19361769444445,118.15764278198654,26.83333396911621,103.4,34.39,121.93396226415095,-69.75001475308643,-69.70001,32.2962962962963,34.0,118.15764278198654,120.10602428743964,0,0,88.01489840224137,88.01489840224137,89.46623575303528
2697,2021-03-28T11:01:43,2021-03-28T11:21:53,122,84.8,97.6,12.799999999999997,15.85264201388889,123.84876573350698,20.16666603088379,118.9,39.55,121.82377049180329,-47.240992950819674,-43.0,33.5,34.0,123.84876573350698,120.16273574074074,0,0,92.25418074216547,92.25418074216547,89.5084797643664
2699,2021-03-28T18:47:13,2021-03-28T19:16:43,178,32.4,57.6,25.200000000000003,29.64570409722223,117.64168292548503,29.5,70.04,23.3,121.59722222222221,-60.29608702247191,-60.20001,37.17696629213483,40.0,117.64168292548503,120.10602428743964,0,0,87.63056309154628,87.63056309154628,89.46623575303528
2700,2021-03-28T19:16:54,2021-03-28T19:42:34,155,58.0,79.6,21.599999999999994,25.781118277777782,119.35702906378606,25.66666603088379,97.00999,32.27,121.87184673366835,-60.267758709677416,-60.20001,38.86451612903226,40.0,119.35702906378606,120.06857885341182,0,0,88.90831383650493,88.90831383650493,89.4383428804797
2701,2021-03-28T19:42:45,2021-03-28T20:09:05,159,79.6,97.6,18.0,22.298893750000005,123.8827430555556,26.33333396911621,118.94,39.56,121.86475409836065,-50.81447647798742,-43.5,39.477987421383645,41.0,123.8827430555556,120.06857885341182,0,0,92.27949023952576,92.27949023952576,89.4383428804797
2702,2021-03-29T01:14:36,2021-03-29T01:31:16,101,36.0,50.0,14.0,16.608754875000006,118.63396339285717,16.66666603088379,60.86,20.24,121.72,-59.79110663366336,-59.70001,36.67326732673267,39.0,118.63396339285717,120.06770121527772,0,0,88.36970668366608,88.36970668366608,89.43768913325363
2703,2021-03-29T01:31:27,2021-03-29T01:59:57,172,50.0,74.0,24.0,28.41139636111112,118.38081817129634,28.5,90.07,29.96,121.71621621621621,-59.8133878488372,-59.70001,37.88081395348837,40.0,118.38081817129634,119.97915426060692,0,0,88.18114037147417,88.18114037147417,89.3717310535587
2704,2021-03-29T02:00:08,2021-03-29T02:29:38,178,74.0,95.6,21.599999999999994,26.01319931944445,120.43147833076138,29.5,116.47,38.74,121.8305439330544,-52.90000994382022,-43.10001,38.325842696629216,40.0,120.43147833076138,120.06770121527772,0,0,89.70866445999937,89.70866445999937,89.43768913325363
2706,2021-03-29T14:52:39,2021-03-29T15:23:09,184,33.2,58.8,25.599999999999994,30.401397916666674,118.75546061197922,30.5,71.54,23.8,121.66666666666669,-59.80599603260871,-59.70001,34.671195652173914,37.0,118.75546061197922,119.97915426060692,0,0,88.46020921185982,88.46020921185982,89.3717310535587
2707,2021-03-29T15:23:20,2021-03-29T15:55:20,193,58.8,85.6,26.799999999999997,31.896953805555565,119.01848434908794,32.0,104.34,34.71,121.89252336448598,-59.80675331606219,-59.70001,36.189119170984455,38.0,119.01848434908794,119.89471970486107,0,0,88.65613396927662,88.65613396927662,89.30883627442606
2708,2021-03-29T15:55:31,2021-03-29T16:14:51,117,85.6,97.6,12.0,15.042641791666668,125.3553482638889,19.33333396911621,118.85,39.53,121.77254098360656,-46.7247953846154,-43.10001,37.0,38.0,125.3553482638889,120.06770121527772,0,0,93.37642476484643,93.37642476484643,89.43768913325363
2709,2021-03-30T08:20:45,2021-03-30T08:44:15,142,39.2,55.2,16.0,19.310835500000003,120.69272187500002,23.5,67.23,22.36,121.79347826086956,-49.30704781690141,-47.60001,28.577464788732396,30.0,120.69272187500002,120.06770121527772,0,0,89.90326316274118,89.90326316274118,89.43768913325363
2710,2021-03-30T08:44:26,2021-03-30T09:12:56,172,55.6,74.8,19.199999999999996,23.235142069444446,121.01636494502318,28.5,91.13,30.31,121.83155080213903,-48.915704360465114,-48.0,30.08139534883721,31.0,121.01636494502318,120.06770121527772,0,0,90.14434288687919,90.14434288687919,89.43768913325363
2711,2021-03-30T09:13:07,2021-03-30T09:40:27,165,75.2,92.4,17.200000000000003,21.099585875000002,122.67201090116278,27.33333396911621,112.54,37.43,121.7965367965368,-46.2957630909091,-35.5,30.8,32.0,122.67201090116278,120.06770121527772,0,0,91.37762333483616,91.37762333483616,89.43768913325363
2713,2021-03-30T17:07:23,2021-03-30T17:35:43,171,41.6,59.2,17.6,21.28486583333334,120.93673768939395,28.33333396911621,72.05,23.97,121.70608108108107,-45.04211526315789,-34.20001,34.73099415204678,36.0,120.93673768939395,120.10514664930554,0,0,90.08502903591494,90.08502903591494,89.46558200580921
2714,2021-03-30T17:35:54,2021-03-30T18:02:04,158,59.2,75.6,16.39999999999999,19.668615472222225,119.93058214769655,26.16666603088379,92.0,30.6,121.69312169312171,-45.100010000000005,-45.10001,35.86392405063291,37.0,119.93058214769655,120.06770121527772,0,0,89.33554998661853,89.33554998661853,89.43768913325363
2715,2021-03-30T18:02:15,2021-03-30T18:31:25,176,76.0,93.6,17.599999999999994,21.75250379166667,123.59377154356066,29.16666603088379,114.05,37.94,121.8482905982906,-44.745462329545454,-43.5,36.0,37.0,123.59377154356066,120.10514664930554,0,0,92.06423714484188,92.06423714484188,89.46558200580921
2717,2021-03-31T00:25:20,2021-03-31T00:45:10,120,64.0,83.2,19.200000000000003,23.191114416666675,120.78705425347225,19.83333396911621,101.36,33.72,121.82692307692307,-70.15834333333333,-70.10001,33.575,35.0,120.78705425347225,120.16273574074074,0,0,89.97353076889675,89.97353076889675,89.5084797643664
2718,2021-03-31T00:45:21,2021-03-31T01:02:01,101,83.2,94.8,11.599999999999994,14.375002458333338,123.9224349856323,16.66666603088379,115.53,38.43,121.86708860759494,-51.58515732673267,0.0,34.0,35.0,123.9224349856323,120.16273574074074,0,0,92.30905651311447,92.30905651311447,89.5084797643664
2720,2021-03-31T19:34:00,2021-03-31T19:57:20,141,39.6,62.8,23.199999999999996,27.29944805555556,117.67003472222225,23.33333396911621,76.4,25.41,121.65605095541402,-70.19788163120568,-69.89999,33.51063829787234,36.0,117.67003472222225,120.16273574074074,0,0,87.65168216984365,87.65168216984365,89.5084797643664
2722,2021-03-31T20:03:38,2021-03-31T20:40:32,223,68.8,98.0,29.200000000000003,34.94014268055555,119.65802287861489,36.900001525878906,119.34,39.7,121.77551020408164,-56.70897475336323,-12.89999,35.818385650224215,37.0,119.65802287861489,120.10514664930554,0,0,89.13252227032366,89.13252227032366,89.46558200580921
2724,2021-04-01T03:36:12,2021-04-01T04:06:32,183,62.4,90.0,27.6,33.38625305555556,120.96468498389693,30.33333396911621,109.65,36.47,121.83333333333334,-65.98798415300547,-43.10001,33.89890710382514,36.0,120.96468498389693,120.10514664930554,0,0,90.10584680299614,90.10584680299614,89.46558200580921
2727,2021-04-01T06:25:04,2021-04-01T06:47:34,136,78.8,95.6,16.799999999999997,20.424446250000003,121.5740848214286,22.5,116.41,38.72,121.76778242677824,-54.48382830882353,-43.5,33.48529411764706,35.0,121.5740848214286,120.10514664930554,0,0,90.55978497850337,90.55978497850337,89.46558200580921
2728,2021-04-01T17:08:47,2021-04-01T17:45:52,279,44.4,80.4,36.00000000000001,43.208084174999996,120.02245604166663,37.08333206176758,97.86,32.55,121.71641791044776,-69.90932035842293,-69.70001,33.89068100358423,36.0,120.02245604166663,120.06770121527772,0,0,89.4039862828513,89.4039862828513,89.43768913325363
2730,2021-04-02T01:44:24,2021-04-02T02:51:47,506,31.6,93.6,61.99999999999999,74.17753176388891,119.64118026433697,67.38333129882812,113.98,37.92,121.77350427350429,-65.98537903162055,-26.5,34.18675889328063,37.0,119.64118026433697,120.06770121527772,0,0,89.11997631096295,89.11997631096295,89.43768913325363
2731,2021-04-02T16:22:29,2021-04-02T17:31:04,515,29.6,93.2,63.6,76.16949251527778,119.76335301144304,68.58333587646484,113.49,37.75,121.7703862660944,-66.62175318446602,-43.30002,35.98932038834951,38.0,119.76335301144304,120.04507862847217,0,0,89.21098203578013,89.21098203578013,89.42083770805246
2732,2021-04-03T00:39:12,2021-04-03T01:43:54,486,34.8,94.0,59.2,71.08036673611113,120.06818705424176,64.69999694824219,114.47,38.08,121.77659574468086,-65.89588997942387,-43.20001,35.61522633744856,38.0,120.06818705424176,120.04507862847217,0,0,89.43805103169755,89.43805103169755,89.42083770805246
2734,2021-04-03T17:34:33,2021-04-03T18:03:03,172,73.6,94.8,21.200000000000003,25.913061861111114,122.23142387316562,28.5,115.46,38.41,121.79324894514768,-54.53838534883722,-43.5,34.79360465116279,36.0,122.23142387316562,120.06770121527772,0,0,91.04943277861403,91.04943277861403,89.43768913325363
2736,2021-04-04T19:28:55,2021-04-04T19:50:15,129,21.2,38.8,17.599999999999998,21.32916625,121.18844460227274,21.33333396911621,47.16,15.69,121.54639175257732,-59.98837093023256,-59.89999,26.992248062015506,29.0,121.18844460227274,120.06770121527772,0,0,90.27252396085218,90.27252396085218,89.43768913325363
2737,2021-04-04T19:50:26,2021-04-04T20:22:16,192,39.2,66.4,27.200000000000003,31.828888444444445,117.01797222222221,31.83333396911621,80.78,26.87,121.6566265060241,-59.99166583333334,-59.89999,30.005208333333332,32.0,117.01797222222221,120.06770121527772,0,0,87.1659648405355,87.1659648405355,89.43768913325363
2738,2021-04-04T20:22:27,2021-04-04T20:51:17,174,66.4,90.0,23.599999999999994,28.167222069444446,119.3526358874765,28.83333396911621,109.58,36.45,121.75555555555555,-58.574137586206895,-43.39999,31.977011494252874,33.0,119.3526358874765,120.04507862847217,0,0,88.90504138660287,88.90504138660287,89.42083770805246
2740,2021-04-05T14:59:52,2021-04-05T15:17:02,104,28.0,39.6,11.600000000000001,14.21833894444445,122.57188745210732,17.16666603088379,48.09,15.99,121.43939393939394,-49.591365673076936,-28.0,27.620192307692307,29.0,122.57188745210732,120.06770121527772,0,0,91.30304199596705,91.30304199596705,89.43768913325363
2741,2021-04-05T15:17:13,2021-04-05T15:48:03,186,40.0,61.6,21.6,25.591676944444448,118.47998585390947,30.83333396911621,74.92,24.92,121.62337662337663,-49.800019999999996,-49.80002,29.620967741935484,31.0,118.47998585390947,120.04507862847217,0,0,88.2550097658229,88.2550097658229,89.42083770805246
2742,2021-04-05T15:48:14,2021-04-05T16:18:34,183,62.0,83.2,21.200000000000003,25.176676777777786,118.75790932914049,30.33333396911621,101.27,33.69,121.71874999999999,-49.800019999999996,-49.80002,31.415300546448087,33.0,118.75790932914049,119.97651909468159,0,0,88.46203324615072,88.46203324615072,89.36976813473493
2744,2021-04-06T00:51:09,2021-04-06T01:14:39,142,19.6,42.4,22.799999999999997,27.522645569444446,120.71335776072127,23.5,51.55,17.14,121.58018867924528,-70.27043957746478,-70.20001,28.669014084507044,31.0,120.71335776072127,120.04507862847217,0,0,89.91863470657391,89.91863470657391,89.42083770805246
2745,2021-04-06T01:14:50,2021-04-06T01:44:20,178,42.4,72.0,29.6,34.55111963888889,116.72675553678678,29.5,87.63,29.15,121.70833333333333,-70.27361286516854,-70.20001,31.609550561797754,34.0,116.72675553678678,119.97651909468159,0,0,86.9490393300213,86.9490393300213,89.36976813473493
2746,2021-04-06T01:44:31,2021-04-06T02:15:21,186,72.0,96.4,24.400000000000006,29.586812972222233,121.25743021402552,30.83333396911621,117.39,39.05,121.77385892116182,-57.570982150537645,-43.60001,32.975806451612904,35.0,121.25743021402552,120.04507862847217,0,0,90.32391091701243,90.32391091701243,89.42083770805246
2748,2021-04-07T21:28:12,2021-04-07T21:54:02,156,13.6,25.6,12.000000000000002,14.59000243888889,121.58335365740739,25.83333396911621,30.99,10.31,121.05468749999999,-33.79487747435898,-6.100006,28.951923076923077,30.0,121.58335365740739,120.04507862847217,0,0,90.56668927718243,90.56668927718243,89.42083770805246
2750,2021-04-07T21:58:01,2021-04-07T22:24:21,159,27.2,39.2,12.000000000000004,14.264030347222223,118.86691956018515,26.33333396911621,47.66,15.85,121.5816326530612,-32.499376918238994,-31.80002,29.9748427672956,31.0,118.86691956018515,119.97651909468159,0,0,88.54323429404148,88.54323429404148,89.36976813473493
2751,2021-04-07T22:24:32,2021-04-07T22:54:12,179,39.2,52.8,13.599999999999994,15.481669222222223,113.8358031045752,29.66666603088379,64.2,21.36,121.5909090909091,-31.311178324022354,-30.70001,31.23463687150838,33.0,113.8358031045752,119.97651909468159,0,0,84.79558671691953,84.79558671691953,89.36976813473493
2752,2021-04-07T22:54:23,2021-04-07T23:25:13,186,52.8,66.4,13.600000000000009,15.450836597222224,113.60909262663392,30.83333396911621,80.78,26.87,121.6566265060241,-30.066673010752687,-29.5,32.39247311827957,33.0,113.60909262663392,119.84696757956979,0,0,84.62671148199678,84.62671148199678,89.27326601119933
2753,2021-04-07T23:25:24,2021-04-07T23:52:04,161,66.4,77.6,11.199999999999989,13.028474888888889,116.32566865079376,26.66666603088379,94.45,31.42,121.71391752577321,-29.31367055900621,-29.0,32.5,33.0,116.32566865079376,119.74254560294375,0,0,86.65027218563705,86.65027218563705,89.1954827256893
2754,2021-04-07T23:52:15,2021-04-08T00:24:55,197,77.6,90.4,12.800000000000011,15.687086805555555,122.55536566840267,32.66666793823242,110.09,36.62,121.78097345132744,-28.812696700507612,-28.5,32.5,33.0,122.55536566840267,119.84696757956979,0,0,91.29073502131902,91.29073502131902,89.27326601119933
2755,2021-04-08T00:25:06,2021-04-08T00:46:56,132,90.4,97.6,7.199999999999989,9.318752805555555,129.42712229938292,21.83333396911621,118.9,39.55,121.82377049180329,-25.617431893939393,-25.0,32.5,33.0,129.42712229938292,119.97651909468159,0,0,96.40946409783425,96.40946409783425,89.36976813473493
2759,2021-04-08T11:01:53,2021-04-08T11:28:43,162,53.2,75.6,22.39999999999999,26.985003694444448,120.46876649305561,26.83333396911621,92.02,30.61,121.71957671957674,-60.33889722222222,-60.30002,30.623456790123456,33.0,120.46876649305561,120.04507862847217,0,0,89.73644018181186,89.73644018181186,89.42083770805246
2760,2021-04-08T11:28:54,2021-04-08T11:52:54,145,75.6,93.2,17.60000000000001,21.451249972222225,121.88210211489896,24.0,113.58,37.78,121.86695278969957,-53.61724131034483,-43.70001,31.5,33.0,121.88210211489896,120.06794413475974,0,0,90.78922515818729,90.78922515818729,89.4378700824756
2762,2021-04-08T20:24:03,2021-04-08T20:49:03,151,35.6,60.4,24.799999999999997,29.160420375,117.58234022177422,25.0,73.55,24.47,121.77152317880794,-69.75365125827815,0.0,28.251655629139073,31.0,117.58234022177422,120.04507862847217,0,0,87.58635907803477,87.58635907803477,89.42083770805246
2764,2021-04-08T20:51:24,2021-04-08T21:21:04,179,61.2,88.8,27.599999999999994,33.27444827777778,120.55959520933979,29.66666603088379,108.15,35.98,121.79054054054055,-67.23855525139666,-43.30002,30.863128491620113,33.0,120.55959520933979,120.06794413475974,0,0,89.80409793164111,89.80409793164111,89.4378700824756
2765,2021-04-08T21:21:15,2021-04-08T21:38:35,105,88.8,97.6,8.799999999999997,10.826529083333334,123.02873958333339,17.33333396911621,118.87,39.54,121.79303278688525,-37.38857590476191,-12.70001,31.766666666666666,33.0,123.02873958333339,120.24983269250157,0,0,91.64334832713601,91.64334832713601,89.57335774584845
2767,2021-04-09T04:54:57,2021-04-09T05:12:50,109,17.6,28.8,11.2,13.656627256944445,121.93417193700398,17.883333206176758,35.0,11.64,121.52777777777776,-45.81927366972477,-45.60001,27.0,29.0,121.93417193700398,120.4501224119085,0,0,90.82801164710577,90.82801164710577,89.7225523209056
2768,2021-04-09T05:13:01,2021-04-09T05:41:31,172,28.8,46.8,17.999999999999996,21.487087597222228,119.37270887345684,28.5,56.94,18.94,121.66666666666667,-45.23605552325582,-44.80002,27.982558139534884,31.0,119.37270887345684,120.4501224119085,0,0,88.91999362989492,88.91999362989492,89.7225523209056
2769,2021-04-09T05:41:42,2021-04-09T06:09:42,169,46.8,64.0,17.200000000000003,20.482781694444444,119.0859400839793,28.0,77.91,25.92,121.73437499999999,-43.891724378698235,-43.0,29.49112426035503,32.0,119.0859400839793,120.24983269250157,0,0,88.70638132961088,88.70638132961088,89.57335774584845
2770,2021-04-09T06:09:53,2021-04-09T06:40:53,187,64.0,82.0,18.0,21.73333651388889,120.74075841049384,31.0,99.9,33.23,121.82926829268294,-42.064712032085566,-41.20001,30.0,32.0,120.74075841049384,120.4501224119085,0,0,89.93904528137134,89.93904528137134,89.7225523209056
2771,2021-04-09T06:41:04,2021-04-09T07:10:04,175,82.0,97.6,15.599999999999994,19.528752805555552,125.18431285612537,29.0,118.83,39.53,121.75204918032787,-40.40457725714286,-39.70001,30.0,32.0,125.18431285612537,120.5141808511977,0,0,93.24902154586661,93.24902154586661,89.77026905672648
2773,2021-04-09T17:10:03,2021-04-09T17:40:43,185,63.2,82.4,19.200000000000003,23.056394000000008,120.08538541666668,30.66666603088379,100.3,33.37,121.72330097087378,-45.11028027027027,-45.10001,26.962162162162162,28.0,120.08538541666668,120.4501224119085,0,0,89.45086198565596,89.45086198565596,89.7225523209056
2775,2021-04-10T02:59:14,2021-04-10T03:30:34,189,10.8,36.8,25.999999999999996,31.30360919444444,120.39849690170941,31.33333396911621,44.7,14.87,121.46739130434784,-59.94285354497355,-59.80002,26.521164021164022,29.0,120.39849690170941,120.4501224119085,0,0,89.68409679718194,89.68409679718194,89.7225523209056
2776,2021-04-10T03:30:45,2021-04-10T04:01:35,186,37.2,63.6,26.4,30.804024847222223,116.68191230008418,30.83333396911621,77.37,25.73,121.65094339622642,-59.94300505376344,-59.89999,29.661290322580644,32.0,116.68191230008418,120.4501224119085,0,0,86.91563587993987,86.91563587993987,89.7225523209056
2777,2021-04-10T04:01:46,2021-04-10T04:32:16,184,63.6,88.8,25.199999999999996,30.13069272222223,119.56624096119934,30.5,108.11,35.96,121.74549549549549,-59.232061902173925,-43.20001,31.64673913043478,33.0,119.56624096119934,120.43363169738251,0,0,89.06415448685834,89.06415448685834,89.7102684894969
2780,2021-04-11T00:12:54,2021-04-11T00:44:23,191,8.8,18.4,9.599999999999998,11.753772530555551,122.43513052662036,31.483333587646484,22.22,7.39,120.76086956521739,-22.399989999999992,-22.39999,29.115183246073297,31.0,122.43513052662036,120.5141808511977,0,0,91.20117260674144,91.20117260674144,89.77026905672648
2781,2021-04-11T00:44:34,2021-04-11T01:06:51,135,18.4,25.6,7.200000000000003,8.319107397222222,115.54315829475304,22.28333282470703,31.04,10.32,121.25,-22.399989999999992,-22.39999,29.0,30.0,115.54315829475304,120.5141808511977,0,0,86.0673850539709,86.0673850539709,89.77026905672648
2782,2021-04-11T01:07:02,2021-04-11T01:36:32,178,25.6,34.8,9.199999999999996,11.013328416666663,119.71009148550726,29.5,42.27,14.06,121.46551724137933,-22.39999,-22.39999,29.39887640449438,31.0,119.71009148550726,120.43363169738251,0,0,89.17130785403774,89.17130785403774,89.7102684894969
2783,2021-04-11T01:36:43,2021-04-11T02:04:43,169,34.8,43.6,8.800000000000004,10.453328666666666,118.7878257575757,28.0,52.95,17.61,121.44495412844037,-22.39999,-22.39999,30.0,31.0,118.7878257575757,120.24194115918804,0,0,88.48431780893723,88.48431780893723,89.56747939141894
2784,2021-04-11T02:04:54,2021-04-11T02:31:54,163,43.6,52.0,8.399999999999999,10.079995499999999,119.99994642857143,27.0,63.27,21.05,121.67307692307692,-22.39999,-22.39999,30.711656441717793,32.0,119.99994642857143,120.07678623545422,0,0,89.38721901106929,89.38721901106929,89.44445650867675
2785,2021-04-11T02:32:05,2021-04-11T02:57:45,155,52.4,60.4,8.0,9.582217944444443,119.77772430555554,25.66666603088379,73.49,24.45,121.67218543046357,-22.39999,-22.39999,31.0,32.0,119.77772430555554,120.04532154795419,0,0,89.22168712401174,89.22168712401174,89.42101865727443
2786,2021-04-11T02:57:56,2021-04-11T03:24:16,159,60.4,68.8,8.399999999999999,9.83110672222222,117.03698478835977,26.33333396911621,83.73,27.85,121.70058139534885,-22.399989999999995,-22.39999,31.0,32.0,117.03698478835977,120.01120123511903,0,0,87.18012718363546,87.18012718363546,89.3956026469603
2787,2021-04-11T03:24:27,2021-04-11T03:50:47,159,68.8,77.2,8.400000000000006,9.83110672222222,117.03698478835967,26.33333396911621,93.99,31.27,121.74870466321242,-22.399989999999995,-22.39999,31.0,32.0,117.03698478835967,120.01120123511903,0,0,87.1801271836354,87.1801271836354,89.3956026469603
2789,2021-04-11T05:27:33,2021-04-11T05:45:43,110,66.0,76.8,10.799999999999997,12.805557138888892,118.56997350823052,18.16666603088379,93.55,31.12,121.80989583333333,-42.29455072727271,-41.70001,30.0,31.0,118.56997350823052,119.88883536706348,0,0,88.32204101378997,88.32204101378997,89.30445306754052
2790,2021-04-11T05:45:54,2021-04-11T06:15:04,176,76.8,93.2,16.400000000000006,19.910975027777774,121.40838431571808,29.16666603088379,113.52,37.76,121.80257510729612,-40.95966488636364,-40.20001,30.335227272727273,32.0,121.40838431571808,119.88883536706348,0,0,90.4363556951161,90.4363556951161,89.30445306754052
2792,2021-04-12T02:51:54,2021-04-12T03:51:08,445,35.2,90.8,55.599999999999994,66.53028268055556,119.65878179956037,59.233333587646484,110.63,36.8,121.83920704845815,-67.36584768539326,-43.20001,30.45505617977528,33.0,119.65878179956037,119.77053865849929,0,0,89.1330875858491,89.1330875858491,89.21633457989594
2794,2021-04-12T13:44:13,2021-04-12T14:24:46,305,48.4,87.6,39.199999999999996,47.373226666666675,120.85006802721092,40.54999923706055,106.65,35.48,121.74657534246577,-70.09640003278687,-69.89999,32.609836065573774,34.0,120.85006802721092,119.88883536706348,0,0,90.02046933980057,90.02046933980057,89.30445306754052
2795,2021-04-12T20:51:40,2021-04-12T22:17:08,642,30.4,97.6,67.19999999999999,81.50811865555556,121.29184323743388,85.46666717529297,118.88,39.55,121.80327868852459,-57.21231059190032,-43.10001,35.8006230529595,38.0,121.29184323743388,120.01120123511903,0,0,90.34954496562484,90.34954496562484,89.3956026469603
2798,2021-04-13T22:09:08,2021-04-13T22:41:28,195,34.8,57.6,22.800000000000004,26.944444444444443,118.17738791423,32.33333206176758,70.11,23.32,121.71874999999999,-50.0,-50.0,33.54358974358974,36.0,118.17738791423,119.88883536706348,0,0,88.02960642930952,88.02960642930952,89.30445306754052
2799,2021-04-13T22:41:39,2021-04-13T23:14:59,201,57.6,81.2,23.6,27.77777777777778,117.70244821092278,33.33333206176758,98.86,32.89,121.74876847290639,-50.0,-50.0,35.37064676616915,36.0,117.70244821092278,119.77053865849929,0,0,87.67582677740073,87.67582677740073,89.21633457989594
2800,2021-04-13T23:15:10,2021-04-13T23:41:50,161,81.2,97.6,16.39999999999999,20.276666819444443,123.63821231368568,26.66666603088379,118.94,39.56,121.86475409836065,-45.5360251552795,-13.30002,35.95031055900621,37.0,123.63821231368568,119.77053865849929,0,0,92.09734080005518,92.09734080005518,89.21633457989594
2802,2021-04-14T14:37:09,2021-04-14T15:22:39,343,50.8,92.0,41.2,49.98053244166666,121.31197194579286,45.5,112.08,37.28,121.82608695652173,-65.89096825072886,-43.5,35.005830903790084,37.0,121.31197194579286,119.88883536706348,0,0,90.36453871617259,90.36453871617259,89.30445306754052
2803,2021-04-16T10:31:42,2021-04-16T11:45:05,551,19.2,81.2,62.0,73.32237761527779,118.2618993794803,73.38333129882812,98.84,32.88,121.72413793103448,-59.95045586206897,-59.60001,28.891107078039926,32.0,118.2618993794803,119.88883536706348,0,0,88.09255849785708,88.09255849785708,89.30445306754052
2805,2021-04-16T19:38:07,2021-04-16T20:02:57,150,23.2,47.6,24.400000000000002,28.855977208333336,118.26220167349727,24.83333396911621,57.84,19.24,121.5126050420168,-69.71934539999998,-69.60001,27.54,30.0,118.26220167349727,119.74390789553141,0,0,88.09278367480346,88.09278367480346,89.19649748902474
2806,2021-04-16T20:03:08,2021-04-16T20:30:18,164,47.6,74.4,26.800000000000004,31.5588935,117.75706529850746,27.16666603088379,90.61,30.14,121.78763440860213,-69.70061993902439,-69.60001,30.576219512195124,33.0,117.75706529850746,119.68443664253383,0,0,87.71651070864385,87.71651070864385,89.15219771994342
2808,2021-04-17T03:40:14,2021-04-17T04:11:54,191,29.6,60.8,31.199999999999996,37.0441707638889,118.73131655092598,31.66666603088379,74.01,24.62,121.72697368421053,-70.18848942408378,-69.89999,28.036649214659686,32.0,118.73131655092598,119.61251138037986,0,0,88.44222444988773,88.44222444988773,89.09862103635372
2809,2021-04-17T04:12:05,2021-04-17T04:40:35,172,60.8,88.4,27.60000000000001,32.86583730555556,119.07912067230272,28.5,107.68,35.82,121.80995475113123,-69.12035715116279,-43.30002,31.055232558139537,33.0,119.07912067230272,119.61251138037986,0,0,88.70130159196762,88.70130159196762,89.09862103635372
2812,2021-04-17T12:51:16,2021-04-17T13:21:46,184,20.4,50.0,29.6,35.60319586111111,120.28106709834833,30.5,60.82,20.23,121.64,-70.03967673913044,-69.89999,29.58423913043478,33.0,120.28106709834833,119.68443664253383,0,0,89.5966240618694,89.5966240618694,89.15219771994342
2813,2021-04-17T13:21:57,2021-04-17T13:49:47,168,50.0,77.6,27.599999999999994,32.48111216666667,117.68518900966185,27.83333396911621,94.6,31.47,121.90721649484537,-70.01964517857144,-69.80002,33.083333333333336,35.0,117.68518900966185,119.61251138037986,0,0,87.6629705049691,87.6629705049691,89.09862103635372
2814,2021-04-17T13:49:58,2021-04-17T14:18:18,171,78.0,97.6,19.599999999999994,24.33402948611111,124.15321166383222,28.33333396911621,118.83,39.53,121.75204918032787,-51.47134865497077,-12.60001,34.14327485380117,36.0,124.15321166383222,119.68443664253383,0,0,92.48096063549825,92.48096063549825,89.15219771994342
2815,2021-04-18T08:04:33,2021-04-18T08:22:53,111,63.6,81.2,17.6,21.45833594444445,121.92236332070709,18.33333396911621,98.82999,32.88,121.71181034482757,-70.22883738738739,-70.0,27.4009009009009,29.0,121.92236332070709,119.74390789553141,0,0,90.81921548175268,90.81921548175268,89.19649748902474
2816,2021-04-18T08:23:04,2021-04-18T08:46:34,142,81.6,97.6,16.0,20.076808333333336,125.48005208333335,23.5,118.93,39.56,121.85450819672133,-51.2985985915493,-43.20001,28.47887323943662,29.0,125.48005208333335,119.74390789553141,0,0,93.46931586981732,93.46931586981732,89.19649748902474
2818,2021-04-18T19:32:17,2021-04-18T20:04:17,193,54.0,85.2,31.200000000000003,37.40569865277779,119.89005978454416,32.0,103.79,34.52,121.81924882629109,-70.13524103626943,-69.80002,32.14248704663213,34.0,119.89005978454416,119.83389204504985,0,0,89.30536512856024,89.30536512856024,89.263526126286
2819,2021-04-18T20:04:28,2021-04-18T20:25:38,128,85.2,97.6,12.399999999999991,15.208196291666669,122.6467442876345,21.16666603088379,118.91,39.56,121.83401639344262,-43.096880312500005,-12.70001,33.0234375,34.0,122.6467442876345,119.83389204504985,0,0,91.35880239045795,91.35880239045795,89.263526126286
2821,2021-04-19T14:53:25,2021-04-19T15:24:25,187,48.0,78.0,30.0,36.32084108333335,121.06947027777784,31.0,95.06,31.62,121.87179487179488,-70.29841064171123,-70.20001,26.037433155080215,28.0,121.06947027777784,119.83389204504985,0,0,90.18390072128557,90.18390072128557,89.263526126286
2822,2021-04-19T15:24:36,2021-04-19T15:54:56,183,78.4,97.6,19.19999999999999,23.778753986111113,123.84767701099545,30.33333396911621,118.85,39.53,121.77254098360656,-47.006018852459015,-13.20001,28.202185792349727,29.0,123.84767701099545,119.9450031065578,0,0,92.25336975949025,92.25336975949025,89.34629206981477
2823,2021-04-20T01:40:38,2021-04-20T01:58:38,109,27.2,45.2,18.000000000000004,21.17458541666667,117.63658564814813,18.0,54.99,18.29,121.65929203539824,-70.58165825688071,-70.39999,27.821100917431192,30.0,117.63658564814813,119.9450031065578,0,0,87.62676616113727,87.62676616113727,89.34629206981477
2824,2021-04-20T01:58:49,2021-04-20T02:28:09,177,45.2,74.8,29.599999999999994,34.561255513888895,116.76099835773279,29.33333396911621,91.07,30.29,121.7513368983957,-70.6937966101695,-70.60001,30.666666666666668,33.0,116.76099835773279,119.9450031065578,0,0,86.97454659587062,86.97454659587062,89.34629206981477
2827,2021-04-20T12:37:10,2021-04-20T13:20:58,330,38.4,75.2,36.800000000000004,43.905006379166664,119.30708255208332,43.79999923706055,91.62,30.48,121.83510638297872,-60.1436450909091,-59.89999,29.386363636363637,31.0,119.30708255208332,119.9450031065578,0,0,88.8711089883922,88.8711089883922,89.34629206981477
2829,2021-04-20T15:56:09,2021-04-20T16:23:19,164,57.6,84.0,26.4,31.660136958333332,119.92476120580807,27.16666603088379,102.42,34.07,121.92857142857143,-69.9237762804878,-69.80002,31.521341463414632,33.0,119.92476120580807,119.90741049517612,0,0,89.33121400295418,89.33121400295418,89.31828956575721
2830,2021-04-20T22:44:31,2021-04-20T23:55:43,537,35.2,98.0,62.8,75.30219709277777,119.90795715410474,71.19999694824219,119.34,39.7,121.77551020408164,-63.40354040223464,-13.0,32.85288640595903,35.0,119.90795715410474,119.89900846932446,0,0,89.31869676861714,89.31869676861714,89.3120309485887
2831,2021-04-21T04:55:51,2021-04-21T05:43:10,358,56.4,96.4,40.00000000000001,48.64651591083333,121.6162897770833,47.31666564941406,117.369995,39.04,121.75310684647302,-61.72234893854749,-43.30002,31.90223463687151,34.0,121.6162897770833,119.89900846932446,0,0,90.59122318932545,90.59122318932545,89.3120309485887
2832,2021-04-21T19:51:18,2021-04-21T21:05:26,557,26.800001,94.4,67.599999,81.40911307111111,120.42768383933128,74.13333129882812,115.009995,38.25,121.8326218220339,-65.87235347217235,-43.30002,33.06822262118492,36.0,120.42768383933128,119.89900846932446,0,0,89.70583796676672,89.70583796676672,89.3120309485887
2833,2021-04-22T06:39:28,2021-04-22T08:12:13,697,13.6,97.6,84.0,100.92764793277776,120.15196182473544,92.75,118.85,39.53,121.77254098360656,-65.28063712769011,-43.399994,34.35868005738881,38.0,120.15196182473544,119.9163591799564,0,0,89.5004543408705,89.5004543408705,89.32495538578567
2835,2021-04-22T18:50:28,2021-04-22T19:18:18,168,49.2,76.4,27.200000000000003,32.44208031944445,119.27235411560459,27.83333396911621,93.04,30.94,121.78010471204189,-69.93511255952382,-69.89999,36.44642857142857,38.0,119.27235411560459,119.89900846932446,0,0,88.84523999053155,88.84523999053155,89.3120309485887
2838,2021-04-22T19:23:19,2021-04-22T19:53:59,185,77.6,97.6,20.0,24.378892388888893,121.89446194444446,30.66666603088379,118.87,39.54,121.79303278688525,-47.66325005405406,-12.70001,37.505405405405405,39.0,121.89446194444446,119.89900846932446,0,0,90.79843191888514,90.79843191888514,89.3120309485887
2840,2021-04-23T04:16:09,2021-04-23T04:41:39,154,8.0,32.8,24.799999999999997,29.755833916666667,119.98320127688173,25.5,39.91,13.28,121.67682926829269,-70.01363772727274,-69.89999,33.62012987012987,36.0,119.98320127688173,119.89900846932446,0,0,89.37474565098866,89.37474565098866,89.3120309485887
2841,2021-04-23T04:41:50,2021-04-23T05:09:00,164,33.2,59.6,26.4,31.694166638888888,120.05366151094275,27.16666603088379,72.51,24.12,121.66107382550337,-69.99939018292683,-69.89999,35.78048780487805,39.0,120.05366151094275,119.9163591799564,0,0,89.4272310441995,89.4272310441995,89.32495538578567
2842,2021-04-23T05:09:11,2021-04-23T05:38:51,179,59.6,88.4,28.800000000000004,34.27319377777778,119.00414506172838,29.66666603088379,107.66,35.81,121.78733031674207,-69.24636737430167,-43.39999,37.81005586592179,40.0,119.00414506172838,119.9163591799564,0,0,88.64545272267762,88.64545272267762,89.32495538578567
2845,2021-04-23T16:43:29,2021-04-23T17:18:09,209,18.4,38.0,19.6,23.63110533333333,120.5668639455782,34.66666793823242,46.19,15.36,121.55263157894736,-40.89999,-40.89999,36.59569377990431,38.0,120.5668639455782,119.9163591799564,0,0,89.8095123683756,89.8095123683756,89.32495538578567
2846,2021-04-23T17:18:20,2021-04-23T17:48:00,179,38.4,55.6,17.200000000000003,20.22249513888889,117.57264615633072,29.66666603088379,67.62,22.49,121.61870503597122,-40.89943150837989,-40.80002,38.237430167597765,40.0,117.57264615633072,119.89900846932446,0,0,87.57913802855354,87.57913802855354,89.3120309485887
2847,2021-04-23T17:48:11,2021-04-23T18:17:51,179,55.6,72.8,17.199999999999996,20.222495138888892,117.57264615633079,29.66666603088379,88.62,29.48,121.73076923076924,-40.89943150837989,-40.80002,39.0,40.0,117.57264615633079,119.83389204504985,0,0,87.5791380285536,87.5791380285536,89.263526126286
2848,2021-04-23T18:18:02,2021-04-23T18:44:52,162,73.2,88.0,14.799999999999997,18.28832977777778,123.56979579579584,26.83333396911621,107.18,35.65,121.79545454545455,-40.89320191358025,-40.80002,39.0,40.0,123.56979579579584,119.83389204504985,0,0,92.04637775839886,92.04637775839886,89.263526126286
2850,2021-04-24T01:45:06,2021-04-24T03:06:50,614,16.800001,93.200005,76.400004,91.87368533555556,120.2535085411194,81.73332977294922,113.509995,37.76,121.7918335948587,-67.42672378827363,-43.5,37.80537459283388,41.0,120.2535085411194,119.89900846932446,0,0,89.57609586278295,89.57609586278295,89.3120309485887
2851,2021-04-24T06:11:02,2021-04-24T07:01:43,383,61.2,97.6,36.39999999999999,44.43426776916667,122.07216420100735,50.68333435058594,118.899994,39.55,121.8237643442623,-52.616975879895556,-43.200012,36.08616187989556,38.0,122.07216420100735,119.9163591799564,0,0,90.93080123236317,90.93080123236317,89.32495538578567
2853,2021-04-25T00:21:09,2021-04-25T00:50:49,179,34.4,64.0,29.6,34.84722111111112,117.72709834834835,29.66666603088379,78.04,25.96,121.93750000000001,-70.47765139664804,-70.39999,34.66480446927374,37.0,117.72709834834835,119.89900846932446,0,0,87.6941885125372,87.6941885125372,89.3120309485887
2854,2021-04-25T00:51:00,2021-04-25T01:19:00,169,64.4,90.0,25.599999999999994,31.07555636111112,121.38889203559033,28.0,109.65,36.47,121.83333333333334,-66.53372952662723,-43.60001,36.83431952662722,38.0,121.38889203559033,119.9163591799564,0,0,90.42183601602738,90.42183601602738,89.32495538578567
2856,2021-04-25T12:51:20,2021-04-25T13:08:40,105,36.4,47.6,11.200000000000003,13.01833630555556,116.23514558531747,17.33333396911621,57.87,19.25,121.57563025210082,-44.92667695238095,-16.20001,31.571428571428573,33.0,116.23514558531747,119.9163591799564,0,0,86.582842113207,86.582842113207,89.32495538578567
2857,2021-04-25T13:08:51,2021-04-25T13:39:11,183,47.6,66.8,19.199999999999996,22.851116166666667,119.01623003472226,30.33333396911621,81.33,27.05,121.75149700598803,-45.20001,-45.20001,33.169398907103826,35.0,119.01623003472226,119.9163591799564,0,0,88.6544547444276,88.6544547444276,89.32495538578567
2858,2021-04-25T13:39:22,2021-04-25T14:09:42,183,66.8,86.0,19.200000000000003,22.851116166666667,119.01623003472221,30.33333396911621,104.75,34.84,121.80232558139535,-45.20001,-45.20001,34.0,35.0,119.01623003472221,119.89900846932446,0,0,88.65445474442755,88.65445474442755,89.3120309485887
2859,2021-04-25T14:09:53,2021-04-25T14:29:23,118,86.0,97.6,11.599999999999994,14.336392111111113,123.58958716475104,19.5,118.9,39.55,121.82377049180329,-44.114416694915256,-43.5,34.57627118644068,36.0,123.58958716475104,119.9163591799564,0,0,92.06112022690805,92.06112022690805,89.32495538578567
2860,2021-04-25T19:58:18,2021-04-25T20:54:10,420,54.0,95.6,41.599999999999994,50.224893395555554,120.73291681623934,55.86666488647461,116.479996,38.75,121.84100000000001,-53.888338147619045,-20.399994,32.625,35.0,120.73291681623934,119.9539812413449,0,0,89.93320412623848,89.93320412623848,89.35297982697142
2862,2021-04-26T00:55:06,2021-04-26T01:38:02,323,56.0,93.6,37.599999999999994,45.546559295555554,121.13446621158394,42.93333435058594,114.0,37.92,121.7948717948718,-63.5634727120743,0.0,32.77399380804953,35.0,121.13446621158394,120.01843139391224,0,0,90.2323157909824,90.2323157909824,89.40098834759408
2863,2021-04-26T05:54:14,2021-04-26T06:12:54,113,66.0,78.8,12.799999999999997,15.20000188888889,118.75001475694448,18.66666603088379,95.93999,31.91,121.75125634517767,-48.8575282300885,-48.20001,29.47345132743363,31.0,118.75001475694448,120.01843139391224,0,0,88.45615262807641,88.45615262807641,89.40098834759408
2864,2021-04-26T06:13:05,2021-04-26T06:42:25,177,78.8,96.0,17.200000000000003,21.17805841666667,123.12824660852712,29.33333396911621,116.97,38.91,121.84375,-43.21187028248588,0.0,30.141242937853107,32.0,123.12824660852712,120.01843139391224,0,0,91.71747049567736,91.71747049567736,89.40098834759408
2865,2021-04-26T12:59:32,2021-04-26T13:38:13,291,63.6,96.0,32.4,39.102869538888896,120.68786894718795,38.68333435058594,116.96,38.91,121.83333333333333,-60.633690034364264,-43.5,29.4106529209622,31.0,120.68786894718795,120.10281166783909,0,0,89.8996482467842,89.8996482467842,89.463842692535
2866,2021-04-26T22:36:38,2021-04-26T23:46:50,528,26.800001,92.8,65.999999,78.00967164444444,118.19647397940786,70.19999694824219,113.07,37.61,121.84267241379311,-66.65947395075757,-43.399994,30.916666666666668,34.0,118.19647397940786,120.01843139391224,0,0,88.04382352139072,88.04382352139072,89.40098834759408
2867,2021-04-27T05:34:37,2021-04-27T06:31:19,426,49.6,97.6,47.99999999999999,58.66313280416667,122.21486000868059,56.70000076293945,118.87,39.54,121.79303278688525,-62.068318122065726,-43.5,31.627934272300468,34.0,122.21486000868059,120.01843139391224,0,0,91.03709445825258,91.03709445825258,89.40098834759408
2868,2021-04-27T19:06:52,2021-04-27T20:50:41,779,36.0,97.6,61.599999999999994,74.05503926111112,120.21921957972584,103.81666564941406,118.87,39.54,121.79303278688525,-42.78383206675225,-21.20001,28.126444159178433,30.0,120.21921957972584,120.10281166783909,0,0,89.5505542271992,89.5505542271992,89.463842692535
2869,2021-04-29T16:51:22,2021-04-29T17:10:32,116,42.8,61.6,18.800000000000004,22.184031986111115,118.00017013888888,19.16666603088379,75.05,24.96,121.83441558441558,-69.16897862068966,-5.0,27.0,29.0,118.00017013888888,120.10281166783909,0,0,87.8975980029016,87.8975980029016,89.463842692535
2870,2021-04-29T17:10:43,2021-04-29T17:27:28,102,61.6,78.0,16.4,19.47518429583334,118.75112375508137,16.75,95.09,31.63,121.91025641025641,-69.7617781372549,-69.70001,28.916666666666668,30.0,118.75112375508137,120.01843139391224,0,0,88.45697871393973,88.45697871393973,89.40098834759408
2871,2021-04-29T17:27:39,2021-04-29T17:56:39,175,78.0,97.6,19.599999999999994,23.992644152777785,122.41144975907036,29.0,118.9,39.55,121.82377049180329,-49.592582285714286,-12.80002,30.14,31.0,122.41144975907036,120.01843139391224,0,0,91.18353294923875,91.18353294923875,89.40098834759408
2872,2021-04-30T15:24:35,2021-04-30T15:48:45,146,41.2,65.2,24.0,28.585000166666667,119.10416736111112,24.16666603088379,79.39,26.41,121.7638036809816,-70.96917856164384,-70.70001,33.95890410958904,36.0,119.10416736111112,120.01843139391224,0,0,88.7199587157802,88.7199587157802,89.40098834759408
2873,2021-04-30T15:48:56,2021-04-30T16:11:40,138,65.6,87.6,22.0,26.923154981944446,122.37797719065657,22.733333587646484,106.68,35.49,121.78082191780824,-71.0579768115942,-71.0,35.58695652173913,37.0,122.37797719065657,120.10281166783909,0,0,91.15859943974382,91.15859943974382,89.463842692535
2875,2021-05-01T01:00:58,2021-05-01T01:28:48,168,22.4,49.2,26.800000000000004,32.10056019444445,119.77820968076286,27.83333396911621,59.82,19.9,121.58536585365853,-69.19881952380953,-69.10001,33.36904761904762,36.0,119.77820968076286,120.10281166783909,0,0,89.22204867700614,89.22204867700614,89.463842692535
2876,2021-05-01T01:28:59,2021-05-01T02:04:52,217,49.2,84.0,34.8,41.38697843888888,118.92809896232438,35.88333511352539,102.26,34.01,121.73809523809526,-69.20277539170507,-69.10001,36.62442396313364,39.0,118.92809896232438,120.10281166783909,0,0,88.58880645286942,88.58880645286942,89.463842692535
2879,2021-05-01T18:04:49,2021-05-01T18:32:19,166,38.8,58.0,19.200000000000003,22.90235968055556,119.28312333622685,27.5,70.58,23.48,121.6896551724138,-49.96867156626506,-49.89999,35.83132530120482,38.0,119.28312333622685,120.10281166783909,0,0,88.85326191646563,88.85326191646563,89.463842692535
2880,2021-05-01T18:32:30,2021-05-01T18:59:00,160,58.0,76.4,18.400000000000006,22.062497916666665,119.90487998188401,26.5,93.07,30.96,121.81937172774867,-49.953120312500005,-49.89999,37.1125,38.0,119.90487998188401,120.01843139391224,0,0,89.31640460203361,89.31640460203361,89.40098834759408
2884,2021-05-01T23:37:48,2021-05-02T00:13:57,219,39.2,61.2,22.0,26.235533802777784,119.25242637626265,36.150001525878906,74.43,24.76,121.61764705882354,-43.559370730593606,-22.60001,34.92922374429224,37.0,119.25242637626265,120.01843139391224,0,0,88.83039594056348,88.83039594056348,89.40098834759408
2886,2021-05-02T04:18:47,2021-05-02T04:49:17,184,13.6,43.2,29.6,35.749867069444456,120.77657793731234,30.5,52.61,17.5,121.78240740740739,-70.32772907608697,-70.30002,34.61684782608695,37.0,120.77657793731234,120.01843139391224,0,0,89.9657270256878,89.9657270256878,89.40098834759408
2887,2021-05-02T04:49:28,2021-05-02T05:13:58,148,43.6,68.0,24.4,28.719726222222228,117.70379599271405,24.5,82.72,27.52,121.6470588235294,-70.33446912162162,-70.30002,37.34121621621622,39.0,117.70379599271405,119.9539812413449,0,0,87.67683073173355,87.67683073173355,89.35297982697142
2888,2021-05-02T05:14:09,2021-05-02T05:42:59,174,68.0,92.8,24.799999999999997,30.14125286111111,121.53730992383514,28.83333396911621,113.12,37.63,121.89655172413795,-62.68908637931035,-43.60001,38.64367816091954,40.0,121.53730992383514,119.9539812413449,0,0,90.53239158439672,90.53239158439672,89.35297982697142
2890,2021-05-02T07:21:16,2021-05-02T07:46:04,187,79.6,97.6,18.0,21.89977805111111,121.66543361728395,24.799999237060547,118.88,39.55,121.80327868852459,-53.00320919786097,-43.30002,37.50267379679144,40.0,121.66543361728395,120.01843139391224,0,0,90.62783013239336,90.62783013239336,89.40098834759408
2892,2021-05-02T15:32:01,2021-05-02T16:02:51,186,39.2,60.8,21.599999999999994,25.797227361111116,119.43160815329223,30.83333396911621,74.06,24.63,121.8092105263158,-50.200010000000006,-50.20001,36.27956989247312,39.0,119.43160815329223,119.9539812413449,0,0,88.96386733970006,88.96386733970006,89.35297982697142
2895,2021-05-03T07:33:32,2021-05-03T08:02:22,174,39.6,64.0,24.4,28.873337000000003,118.33334836065575,28.83333396911621,77.99,25.94,121.85937499999999,-60.0833409770115,-60.0,26.724137931034484,29.0,118.33334836065575,119.9163591799564,0,0,88.14578040268727,88.14578040268727,89.32495538578567
2896,2021-05-03T08:02:33,2021-05-03T08:31:53,177,64.0,88.4,24.400000000000006,29.192504513888892,119.64141194216757,29.33333396911621,107.72,35.83,121.8552036199095,-59.667240847457634,-43.5,28.615819209039547,30.0,119.64141194216757,119.90641856799436,0,0,89.12014888634819,89.12014888634819,89.31755068532539
2899,2021-05-03T21:44:03,2021-05-03T22:13:23,177,29.6,59.2,29.6,34.383612402777786,116.16085271208709,29.33333396911621,70.86,23.57,119.69594594594592,-70.32938112994351,-70.0,29.69774011299435,32.0,116.16085271208709,119.90641856799436,0,0,86.52750181074812,86.52750181074812,89.31755068532539
2900,2021-05-03T22:13:34,2021-05-03T22:48:04,208,59.2,90.8,31.599999999999994,37.88708070833334,119.89582502637136,34.5,108.89,36.22,119.9229074889868,-65.84663014423077,-43.20001,32.86298076923077,34.0,119.89582502637136,119.90641856799436,0,0,89.30965962159291,89.30965962159291,89.31755068532539
2902,2021-05-04T14:23:45,2021-05-04T14:49:46,196,56.8,82.4,25.60000000000001,30.43670011388889,118.89335981987844,26.016666412353516,98.79,32.86,119.89077669902912,-70.19287025510204,-69.80002,32.890306122448976,34.0,118.89335981987844,119.90641856799436,0,0,88.56292948019993,88.56292948019993,89.31755068532539
2904,2021-05-04T23:04:19,2021-05-05T00:10:06,494,36.0,95.6,59.599999999999994,70.37834218055556,118.0844667458986,65.78333282470703,114.59,38.12,119.86401673640168,-64.17794327935223,-42.80002,31.341093117408906,34.0,118.0844667458986,119.90035250412768,0,0,87.96039002487265,87.96039002487265,89.31303211181327
2905,2021-05-05T22:29:28,2021-05-05T22:49:08,119,26.4,45.6,19.200000000000003,22.949446527777784,119.52836733217593,19.66666603088379,54.66,18.18,119.86842105263156,-69.95967025210084,-56.80002,31.1218487394958,33.0,119.52836733217593,119.8370173535671,0,0,89.03594265449493,89.03594265449493,89.26585414929953
2906,2021-05-05T22:49:19,2021-05-05T23:18:19,175,46.0,74.8,28.799999999999997,33.84541784722222,117.51881196952162,29.0,89.64,29.82,119.83957219251337,-70.02514531428572,-69.89999,33.96857142857143,36.0,117.51881196952162,119.70981081146522,0,0,87.5390372752632,87.5390372752632,89.17109878167716
2907,2021-05-05T23:18:30,2021-05-05T23:45:40,164,75.2,96.0,20.799999999999997,25.355697624999998,121.90239242788462,27.16666603088379,115.1,38.28,119.89583333333333,-56.002446036585376,-42.60001,35.39939024390244,36.0,121.90239242788462,119.70981081146522,0,0,90.80433928702345,90.80433928702345,89.17109878167716
2909,2021-05-06T06:34:54,2021-05-06T06:59:24,148,30.4,46.0,15.600000000000001,18.41680963888889,118.05647204415952,24.5,55.11,18.33,119.80434782608695,-45.1027127027027,-45.10001,31.155405405405407,34.0,118.05647204415952,119.58488963717176,0,0,87.93953694443407,87.93953694443407,89.07804577042157
2910,2021-05-06T06:59:35,2021-05-06T07:28:05,172,46.0,64.4,18.400000000000006,21.42250475,116.42665624999998,28.5,77.12,25.65,119.75155279503106,-45.10001,-45.10001,32.906976744186046,35.0,116.42665624999998,119.58488963717176,0,0,86.72549722461673,86.72549722461673,89.07804577042157
2911,2021-05-06T07:28:16,2021-05-06T08:00:06,192,64.8,84.8,20.0,23.928060861111113,119.64030430555556,31.83333396911621,101.63,33.81,119.84669811320755,-45.10001,-45.10001,33.502604166666664,36.0,119.64030430555556,119.58433581886575,0,0,89.11932381467635,89.11932381467635,89.07763323458565
2912,2021-05-06T08:00:17,2021-05-06T08:21:47,130,84.8,97.6,12.799999999999997,15.672089041666666,122.43819563802086,21.5,117.02,38.92,119.89754098360656,-43.737708230769236,-42.80002,34.276923076923076,36.0,122.43819563802086,119.58433581886575,0,0,91.20345578929448,91.20345578929448,89.07763323458565
2913,2021-05-07T10:45:10,2021-05-07T14:03:35,1488,21.2,85.2,64.0,74.73531084722222,116.77392319878471,198.4166717529297,102.1,33.96,119.83568075117371,-22.599001935483873,-21.10001,32.01915322580645,34.0,116.77392319878471,119.47998774273408,0,0,86.98417423015026,86.98417423015026,88.9999049970975
2914,2021-05-07T22:45:26,2021-05-07T23:09:16,144,18.8,42.4,23.599999999999998,27.872087305555553,118.10206485404896,23.83333396911621,50.78,16.89,119.76415094339623,-70.16737111111112,-70.10001,34.857638888888886,37.0,118.10206485404896,119.47998774273408,0,0,87.97349874695324,87.97349874695324,88.9999049970975
2916,2021-05-07T23:15:06,2021-05-07T23:41:36,160,48.0,74.8,26.799999999999997,30.991948861111112,115.64160022802655,26.5,89.57999,29.79,119.75934491978609,-70.17063500000002,-70.10001,38.35625,40.0,115.64160022802655,119.35736574475953,0,0,86.14071384211857,86.14071384211857,88.90856462808284
2918,2021-05-08T12:32:45,2021-05-08T12:56:05,141,33.2,56.8,23.599999999999994,27.424167416666666,116.20409922316388,23.33333396911621,68.02,22.62,119.75352112676056,-70.51915085106383,-70.39999,33.758865248226954,36.0,116.20409922316388,119.35736574475953,0,0,86.55971586977176,86.55971586977176,88.90856462808284
2922,2021-05-08T17:05:03,2021-05-08T17:33:12,212,41.6,69.2,27.6,32.891933891666675,119.17367352053142,28.149999618530273,82.95,27.6,119.86994219653178,-70.10708259433963,-69.89999,37.443396226415096,39.0,119.17367352053142,119.35736574475953,0,0,88.77173342468323,88.77173342468323,88.90856462808284
2926,2021-05-08T20:23:29,2021-05-08T20:52:29,175,64.8,91.6,26.799999999999997,32.112782625,119.8238157649254,29.0,109.75,36.51,119.81441048034935,-66.38801000000001,-43.5,39.21142857142857,41.0,119.8238157649254,119.35736574475953,0,0,89.25602036744937,89.25602036744937,88.90856462808284
2929,2021-05-09T18:54:54,2021-05-09T19:26:04,188,16.0,46.8,30.799999999999997,36.53986334722222,118.63591995851371,31.16666603088379,55.99,18.62,119.63675213675215,-70.34362138297872,-70.20001,37.537234042553195,40.0,118.63591995851371,119.26777485624476,0,0,88.37116411734048,88.37116411734048,88.84182892851456
2930,2021-05-09T19:26:15,2021-05-09T19:57:35,189,47.2,78.4,31.200000000000003,36.74250147222223,117.76442779558406,31.33333396911621,93.99,31.26,119.88520408163264,-70.35820380952381,-70.20001,41.06613756613756,43.0,117.76442779558406,119.21304994839704,0,0,87.72199498724764,87.72199498724764,88.80106468262335
2931,2021-05-09T19:57:46,2021-05-09T20:18:36,126,78.8,94.8,16.0,19.584167402777773,122.40104626736108,20.83333396911621,113.64,37.8,119.87341772151899,-56.403970396825386,-42.80002,42.3968253968254,43.0,122.40104626736108,119.26777485624476,0,0,91.17578345251334,91.17578345251334,88.84182892851456
2932,2021-05-10T04:10:54,2021-05-10T04:35:24,148,21.6,45.6,24.0,28.667780777777782,119.4490865740741,24.5,54.67,18.18,119.89035087719299,-70.20676412162162,-69.89999,34.945945945945944,38.0,119.4490865740741,119.26777485624476,0,0,88.976886907399,88.976886907399,88.84182892851456
2933,2021-05-10T04:35:35,2021-05-10T05:08:55,201,46.0,79.2,33.2,38.98805958333334,117.43391440763054,33.33333206176758,94.98,31.59,119.92424242424242,-70.17861422885572,-69.89999,37.89054726368159,40.0,117.43391440763054,119.26777485624476,0,0,87.47579760571233,87.47579760571233,88.84182892851456
2934,2021-05-10T05:09:06,2021-05-10T05:34:56,156,79.2,97.6,18.39999999999999,22.87014208333333,124.2942504528986,25.83333396911621,116.98,38.91,119.85655737704919,-53.13911,-42.60001,38.65064102564103,41.0,124.2942504528986,119.35736574475953,0,0,92.58601955846065,92.58601955846065,88.90856462808284
2936,2021-05-10T11:33:58,2021-05-10T12:15:44,253,55.6,90.0,34.4,41.06375076388888,119.37136849967699,41.766666412353516,107.87,35.88,119.85555555555555,-58.96087067193676,-42.20001,38.21739130434783,40.0,119.37136849967699,119.40148832648461,0,0,88.91899519374404,88.91899519374404,88.94143126672205
2939,2021-05-10T19:21:18,2021-05-10T19:50:48,178,16.0,36.8,20.799999999999997,24.486814847222227,117.72507138087612,29.5,44.03,14.64,119.64673913043478,-49.80395140449439,-49.80002,38.37640449438202,40.0,117.72507138087612,119.32724591795193,0,0,87.69267863698508,87.69267863698508,88.88612855510483
2940,2021-05-10T19:50:59,2021-05-10T20:18:29,166,36.8,56.4,19.6,22.825009166666675,116.45412840136058,27.5,67.59,22.48,119.84042553191492,-49.80002,-49.80002,40.066265060240966,42.0,116.45412840136058,119.26777485624476,0,0,86.7459610605055,86.7459610605055,88.84182892851456
2941,2021-05-10T21:26:16,2021-05-10T22:44:04,584,46.0,92.4,46.400000000000006,55.05918768333334,118.662042420977,77.80000305175781,110.76,36.85,119.87012987012987,-42.462505496575346,-40.20001,40.38099315068493,42.0,118.662042420977,119.21304994839704,0,0,88.39062257830493,88.39062257830493,88.80106468262335
2942,2021-05-11T03:14:55,2021-05-11T04:34:58,601,25.2,97.6,72.39999999999999,86.2892261013889,119.18401395219465,80.05000305175781,116.96,38.91,119.83606557377048,-64.65924792013313,-42.70001,39.63227953410982,43.0,119.18401395219465,119.21822016422865,0,0,88.77943594836978,88.77943594836978,88.80491594446663
2944,2021-05-11T13:58:15,2021-05-11T14:23:25,152,29.6,46.0,16.4,19.18639213888889,116.99019596883471,25.16666603088379,54.99,18.29,119.54347826086956,-45.74211302631579,-45.20001,39.098684210526315,41.0,116.99019596883471,119.17884373636304,0,0,87.14527448092493,87.14527448092493,88.77558468652651
2945,2021-05-11T14:23:36,2021-05-11T14:52:16,173,46.0,64.4,18.400000000000006,21.183474625000002,115.12757948369563,28.66666603088379,77.18,25.67,119.84472049689441,-44.336999306358386,-43.30002,41.153179190751445,43.0,115.12757948369563,119.13892044082127,0,0,85.75782296410397,85.75782296410397,88.74584607023172
2946,2021-05-11T14:52:27,2021-05-11T15:20:57,172,64.8,81.6,16.799999999999997,20.198892319444447,120.23150190145505,28.5,97.75,32.51,119.79166666666667,-42.523844476744195,-41.70001,42.06976744186046,43.0,120.23150190145505,119.17884373636304,0,0,89.55970325280335,89.55970325280335,88.77558468652651
2947,2021-05-11T15:21:08,2021-05-11T15:48:58,168,82.0,97.2,15.200000000000003,18.98430863888888,124.89676736111103,27.83333396911621,116.52,38.76,119.87654320987654,-40.92441142857143,-40.20001,42.726190476190474,44.0,124.89676736111103,119.17884373636304,0,0,93.03483068242491,93.03483068242491,88.77558468652651
2950,2021-05-12T05:17:38,2021-05-12T05:44:08,160,57.2,83.2,26.0,30.73569804166667,118.2142232371795,26.5,99.77,33.19,119.91586538461537,-69.590008125,-69.5,34.34375,36.0,118.2142232371795,119.13892044082127,0,0,88.05704483389073,88.05704483389073,88.74584607023172
2951,2021-05-12T05:44:19,2021-05-12T06:06:19,133,83.6,97.6,14.0,17.50597213888889,125.04265813492063,22.0,116.95,38.9,119.82581967213115,-47.80375917293233,-41.89999,35.0,36.0,125.04265813492063,119.17884373636304,0,0,93.14350381885814,93.14350381885814,88.77558468652651
2953,2021-05-12T11:11:06,2021-05-12T11:41:26,183,65.2,92.0,26.799999999999997,31.976251027777774,119.3143695066335,30.33333396911621,110.25,36.67,119.83695652173913,-63.20874519125683,-42.10001,38.724043715846996,40.0,119.3143695066335,119.21822016422865,0,0,88.87653699583457,88.87653699583457,88.80491594446663
2956,2021-05-12T21:34:49,2021-05-12T22:04:19,178,26.8,56.4,29.599999999999998,34.60430718055556,116.90644317755257,29.5,67.55,22.47,119.7695035460993,-70.38202573033708,-70.30002,38.87078651685393,42.0,116.90644317755257,119.17884373636304,0,0,87.08288754393091,87.08288754393091,88.77558468652651
2957,2021-05-12T22:04:30,2021-05-12T22:37:30,199,56.4,88.8,32.4,38.52430680555556,118.90218149862827,33.0,106.5,35.42,119.93243243243244,-69.9773891959799,-43.0,41.472361809045225,43.0,118.90218149862827,119.17884373636304,0,0,88.56950069422064,88.56950069422064,88.77558468652651
2959,2021-05-13T14:08:14,2021-05-13T14:28:24,122,25.6,38.8,13.199999999999996,15.786669125,119.59597821969702,20.16666603088379,46.43,15.44,119.66494845360826,-46.913941721311474,-26.10001,36.34836065573771,38.0,119.59597821969702,119.17884373636304,0,0,89.08630558706489,89.08630558706489,88.77558468652651
2960,2021-05-13T14:28:35,2021-05-13T14:54:25,156,38.8,55.6,16.800000000000004,19.745975291666667,117.53556721230156,25.83333396911621,66.63,22.16,119.83812949640286,-45.81795583333333,-26.10001,37.85897435897436,39.0,117.53556721230156,119.0508862414279,0,0,87.55151815213463,87.55151815213463,88.68026993877632
2961,2021-05-13T14:54:36,2021-05-13T15:24:16,179,56.0,75.2,19.200000000000003,22.555976291666667,117.47904318576387,29.66666603088379,90.13,29.97,119.85372340425532,-45.58213111731844,-26.10001,39.220670391061454,40.0,117.47904318576387,119.03792750957984,0,0,87.5094137538421,87.5094137538421,88.67061705945193
2963,2021-05-14T15:22:32,2021-05-14T16:48:08,643,10.8,97.6,86.8,102.80423002444444,118.4380530235535,85.5999984741211,117.02,38.92,119.89754098360656,-72.04246270606532,-42.600006,37.023328149300156,41.0,118.4380530235535,118.89777065925335,0,0,88.2237742594553,88.2237742594553,88.56621508721028
2964,2021-05-15T00:16:44,2021-05-15T00:57:32,307,53.2,91.6,38.39999999999999,45.331778702222216,118.05150703703706,40.79999923706055,109.81,36.52,119.87991266375548,-66.56123914006514,0.0,36.48045602605863,39.0,118.05150703703706,118.77770112042772,0,0,87.93583854129093,87.93583854129093,88.47677602925242
2966,2021-05-15T06:18:01,2021-05-15T06:36:31,112,53.6,66.0,12.399999999999999,14.83555713888889,119.64158982974912,18.5,79.06,26.29,119.78787878787878,-48.117862321428575,-47.5,33.825892857142854,35.0,119.64158982974912,118.77770112042772,0,0,89.12028139370912,89.12028139370912,88.47677602925242
2967,2021-05-15T06:36:42,2021-05-15T07:05:02,171,66.0,85.6,19.599999999999994,22.949307861111116,117.08830541383226,28.33333396911621,102.55,34.11,119.80140186915888,-48.59883532163743,-47.80002,34.2046783625731,36.0,117.08830541383226,118.64898118974536,0,0,87.21835560060917,87.21835560060917,88.3808933478227
2969,2021-05-15T07:42:28,2021-05-15T07:59:18,102,80.8,93.6,12.799999999999997,15.569724513888891,121.63847276475698,16.83333396911621,112.23,37.33,119.90384615384616,-55.50883166666667,-43.0,35.068627450980394,37.0,121.63847276475698,118.77770112042772,0,0,90.60774715984813,90.60774715984813,88.47677602925242
2973,2021-05-17T18:42:15,2021-05-17T19:11:45,178,42.0,59.2,17.200000000000003,19.713338000000004,114.61243023255814,29.5,70.88,23.58,119.72972972972971,-40.09495331460675,-40.0,37.28089887640449,39.0,114.61243023255814,118.64898118974536,0,0,85.37409146833848,85.37409146833848,88.3808933478227
2974,2021-05-17T19:11:56,2021-05-17T19:41:26,178,59.2,76.0,16.799999999999997,19.715838222222224,117.35617989417992,29.5,91.03,30.28,119.77631578947368,-40.100009943820226,-40.0,38.30337078651685,39.0,117.35617989417992,118.5369864910336,0,0,87.41789364670794,87.41789364670794,88.29746918839788
2975,2021-05-17T19:41:37,2021-05-17T20:11:17,179,76.0,92.4,16.400000000000006,19.8355605,120.9485396341463,29.66666603088379,110.73,36.83,119.83766233766234,-40.11676977653631,-40.10001,38.5,39.0,120.9485396341463,118.5369864910336,0,0,90.09382023167572,90.09382023167572,88.29746918839788
2977,2021-05-18T03:58:24,2021-05-18T04:15:54,106,35.2,52.4,17.199999999999996,20.46166838888889,118.96318830749357,17.5,62.73,20.86,119.71374045801525,-70.1556662264151,-69.80002,36.179245283018865,38.0,118.96318830749357,118.64898118974536,0,0,88.6149442893847,88.6149442893847,88.3808933478227
2978,2021-05-18T04:16:05,2021-05-18T04:44:45,173,52.4,80.8,28.4,33.451252125,117.78609903169016,28.66666603088379,96.9,32.23,119.92574257425744,-70.0132992485549,-69.70001,38.2514450867052,40.0,117.78609903169016,118.5369864910336,0,0,87.73813775718804,87.73813775718804,88.29746918839788
2979,2021-05-18T04:44:56,2021-05-18T05:09:06,146,81.2,97.6,16.39999999999999,20.562641236111112,125.38195875677513,24.16666603088379,116.95,38.9,119.82581967213115,-51.08836198630137,-42.39999,39.03767123287671,41.0,125.38195875677513,118.64898118974536,0,0,93.39624675665898,93.39624675665898,88.3808933478227
2980,2021-05-18T14:59:51,2021-05-18T15:20:21,124,9.6,27.6,18.0,21.12222447222223,117.34569151234572,20.5,32.94,10.96,119.3478260869565,-61.82903879032258,-61.0,36.95564516129032,38.0,117.34569151234572,118.5369864910336,0,0,87.41008091585275,87.41008091585275,88.29746918839788
2981,2021-05-18T15:20:32,2021-05-18T15:51:52,189,27.6,54.8,27.199999999999996,31.481670013888895,115.74143387459154,31.33333396911621,65.66,21.84,119.81751824817519,-60.28307518518519,-59.0,38.4973544973545,41.0,115.74143387459154,118.3261381303665,0,0,86.21507930890225,86.21507930890225,88.14040954667301
2982,2021-05-18T15:52:03,2021-05-18T16:24:03,193,54.8,80.8,26.0,30.48305843055556,117.24253242521368,32.0,96.8,32.2,119.8019801980198,-57.15596388601037,-55.5,40.44559585492228,42.0,117.24253242521368,118.3261381303665,0,0,87.33323834892757,87.33323834892757,88.14040954667301
2983,2021-05-18T16:24:14,2021-05-18T16:50:04,156,80.8,97.6,16.799999999999997,20.782504097222223,123.70538153108467,25.83333396911621,117.01,38.92,119.88729508196722,-48.27436846153847,-42.60001,40.5,42.0,123.70538153108467,118.3261381303665,0,0,92.1473747352788,92.1473747352788,88.14040954667301
2989,2021-05-19T22:12:48,2021-05-19T22:40:48,169,55.2,82.8,27.599999999999994,32.74083687500001,118.62622056159424,28.0,99.36,33.05,120.0,-70.15917923076924,-69.89999,37.071005917159766,38.0,118.62622056159424,118.53213679257387,0,0,88.36393909647573,88.36393909647573,88.29385667796552
2994,2021-05-20T04:19:25,2021-05-20T04:55:15,216,38.4,49.6,11.200000000000003,13.378049611111106,119.4468715277777,35.83333206176758,59.34,19.74,119.63709677419355,-22.40045300925926,-22.39999,36.10648148148148,38.0,119.4468715277777,118.53213679257387,0,0,88.97523693309228,88.97523693309228,88.29385667796552
2995,2021-05-20T04:55:26,2021-05-20T05:27:26,193,49.6,60.0,10.399999999999999,11.946661333333331,114.87174358974359,32.0,71.82,23.89,119.69999999999999,-22.39999,-22.39999,36.68652849740933,38.0,114.87174358974359,118.53213679257387,0,0,85.56725238666462,85.56725238666462,88.29385667796552
2996,2021-05-20T05:27:37,2021-05-20T05:57:37,181,60.0,69.6,9.599999999999994,11.199994999999998,116.66661458333337,30.0,83.33,27.72,119.72701149425288,-22.39999,-22.39999,36.71823204419889,38.0,116.66661458333337,118.53213679257387,0,0,86.90424070520628,86.90424070520628,88.29385667796552
2997,2021-05-20T05:57:48,2021-05-20T06:27:38,180,69.6,79.2,9.600000000000009,11.137772805555555,116.01846672453692,29.83333396911621,94.91,31.57,119.83585858585857,-22.39999,-22.39999,36.5,38.0,116.01846672453692,118.3261381303665,0,0,86.42143936795502,86.42143936795502,88.14040954667301
2999,2021-05-20T17:17:33,2021-05-20T17:49:43,194,6.8,27.2,20.4,24.161255361111117,118.43752627995646,32.16666793823242,32.43,10.78,119.22794117647058,-45.03454608247422,-32.20001,37.0,38.0,118.43752627995646,118.32587475856798,0,0,88.22338189140288,88.22338189140288,88.1402133626468
3000,2021-05-20T17:49:54,2021-05-20T18:18:54,175,27.6,46.0,18.4,21.79833816666667,118.4692291666667,29.0,54.99,18.29,119.54347826086956,-45.100010000000005,-45.10001,37.97714285714286,40.0,118.4692291666667,118.43778965175497,0,0,88.24699717592583,88.24699717592583,88.22357807542909
3001,2021-05-20T18:19:05,2021-05-20T18:46:35,166,46.0,63.6,17.6,20.670004500000005,117.44320738636365,27.5,76.2,25.35,119.81132075471699,-45.098202590361446,-45.0,39.5,41.0,117.44320738636365,118.43778965175497,0,0,87.48271988817999,87.48271988817999,88.22357807542909
3003,2021-05-21T00:02:00,2021-05-21T01:07:06,489,20.0,84.0,64.0,75.88387743194446,118.56855848741321,65.0999984741211,100.62,33.47,119.78571428571429,-69.93885705521473,-69.60001,39.39161554192229,43.0,118.56855848741321,118.4536410951101,0,0,88.32098697352191,88.32098697352191,88.23538571769056
3007,2021-05-21T18:11:23,2021-05-21T20:08:01,875,26.8,99.6,72.8,85.8621663125,117.94253614354395,116.63333129882812,135.39,45.02,135.93373493975903,-44.157035542857145,-13.20001,41.32514285714286,43.0,117.94253614354395,118.4536410951101,0,1,87.85466679569937,87.85466679569937,88.23538571769056
3008,2021-05-22T03:33:23,2021-05-22T04:28:46,416,34.8,89.6,54.8,64.00518191527779,116.79777721766021,55.38333511352539,121.77,40.5,135.90401785714286,-69.30913610576924,-43.0,38.31129807692308,41.0,116.79777721766021,118.43778965175497,0,0,87.00194294149537,87.00194294149537,88.22357807542909
3009,2021-05-22T11:11:02,2021-05-22T11:36:02,151,38.8,60.0,21.200000000000003,24.93653015277778,117.62514223008387,25.0,81.61,27.14,136.01666666666668,-59.84768781456954,-59.80002,38.44701986754967,40.0,117.62514223008387,118.32587475856798,0,0,87.61824202969231,87.61824202969231,88.1402133626468
3010,2021-05-22T11:36:13,2021-05-22T12:04:23,170,60.4,84.0,23.6,28.099306986111106,119.06486011064027,28.16666603088379,114.27,38.0,136.03571428571428,-59.85647364705882,-59.80002,39.92058823529412,41.0,119.06486011064027,118.32587475856798,0,0,88.69067898765421,88.69067898765421,88.1402133626468
3012,2021-05-23T00:27:47,2021-05-23T00:56:47,175,16.4,32.4,16.0,19.039310180555553,118.99568862847221,29.0,43.89,14.59,135.46296296296296,-39.295438114285716,-5.0,35.34,37.0,118.99568862847221,118.43778965175497,0,0,88.63915357776948,88.63915357776948,88.22357807542909
3013,2021-05-23T00:56:58,2021-05-23T01:28:18,189,32.8,50.8,18.0,20.934171194444446,116.30095108024692,31.33333396911621,68.91,22.92,135.6496062992126,-40.08678116402116,-40.0,36.857142857142854,39.0,116.30095108024692,118.32587475856798,0,0,86.63186021998499,86.63186021998499,88.1402133626468
3014,2021-05-23T01:28:29,2021-05-23T02:00:29,193,50.8,69.2,18.400000000000006,21.377226611111112,116.18057940821254,32.0,93.99,31.25,135.8236994219653,-40.082391658031085,-40.0,38.329015544041454,40.0,116.18057940821254,118.13286513710827,0,0,86.54219610486582,86.54219610486582,87.99644168759083
3015,2021-05-23T02:00:40,2021-05-23T02:29:40,175,69.2,85.6,16.39999999999999,19.380560249999995,118.17414786585368,29.0,116.36,38.7,135.93457943925233,-40.09772400000001,-40.0,38.5,40.0,118.17414786585368,118.1941855515166,0,0,88.02719293728357,88.02719293728357,88.04211888558714
3016,2021-05-23T02:29:51,2021-05-23T02:52:11,135,85.6,97.6,12.0,14.92667038888889,124.38891990740743,22.33333396911621,132.67,44.12,135.93237704918033,-40.10149148148148,-40.10001,38.803703703703704,40.0,124.38891990740743,118.1941855515166,0,0,92.65653825047421,92.65653825047421,88.04211888558714
3017,2021-05-23T16:16:47,2021-05-23T17:59:39,772,32.4,95.6,63.199999999999996,74.34923108888889,117.6411884317862,102.86666870117188,129.98,43.22,135.9623430962343,-43.36619686528497,-40.5,41.2389896373057,43.0,117.6411884317862,118.11282745144537,0,0,87.63019474624386,87.63019474624386,87.98151573928726
3018,2021-05-24T15:15:46,2021-05-24T16:51:34,719,27.2,86.8,59.599999999999994,69.56412016666668,116.7183224272931,95.80000305175781,118.03,39.25,135.97926267281107,-43.540200375521565,0.0,34.52920723226704,37.0,116.7183224272931,118.11282745144537,0,0,86.9427575588398,86.9427575588398,87.98151573928726
3020,2021-05-25T12:35:43,2021-05-25T13:07:03,189,55.6,75.6,19.999999999999993,23.553338555555563,117.76669277777785,31.33333396911621,102.83,34.2,136.01851851851853,-45.1021264021164,-45.10001,34.74338624338624,36.0,117.76669277777785,118.11282745144537,0,0,87.72368215849595,87.72368215849595,87.98151573928726
3022,2021-05-25T16:08:17,2021-05-25T16:34:39,160,60.8,87.2,26.400000000000006,30.874336847222228,116.9482456334175,26.366666793823242,118.54,39.42,135.94036697247708,-70.257508,-69.89999,37.7375,39.0,116.9482456334175,117.9970215902905,0,0,87.1140259351453,87.1140259351453,87.89525266849515
3023,2021-05-25T16:34:50,2021-05-25T16:52:10,105,87.2,97.6,10.399999999999991,12.942362972222222,124.44579780982916,17.33333396911621,132.72,44.14,135.98360655737704,-44.912387333333335,-42.60001,38.5,39.0,124.44579780982916,117.9970215902905,0,0,92.69890624872734,92.69890624872734,87.89525266849515
3026,2021-05-25T22:07:39,2021-05-25T22:37:49,182,63.2,89.6,26.39999999999999,30.17513973611111,114.29977172769364,30.16666603088379,121.67,40.46,135.79241071428572,-60.01703467032968,-60.0,36.81043956043956,39.0,114.29977172769364,117.9970215902905,0,0,85.1411940789498,85.1411940789498,87.89525266849515
3029,2021-05-26T12:35:59,2021-05-26T13:04:19,171,30.4,48.8,18.4,21.30222611111111,115.77296799516908,28.33333396911621,66.17,22.0,135.59426229508196,-45.10994970760234,-44.39999,33.34795321637427,35.0,115.77296799516908,117.9970215902905,0,0,86.23856888057523,86.23856888057523,87.89525266849515
3030,2021-05-26T13:04:30,2021-05-26T13:35:00,184,49.2,68.4,19.200000000000003,22.09000427777778,115.05210561342592,30.5,92.81,30.86,135.68713450292398,-43.455986630434786,-42.5,35.20652173913044,36.0,115.05210561342592,117.86431758761705,0,0,85.70160294424399,85.70160294424399,87.7964022764437
3031,2021-05-26T13:35:11,2021-05-26T13:59:41,148,68.4,83.2,14.799999999999997,17.059586125000003,115.26747381756762,24.5,112.96,37.57,135.76923076923075,-41.77906087837838,-41.10001,35.898648648648646,37.0,115.26747381756762,117.776395904734,0,0,85.86202938945989,85.86202938945989,87.73090995784199
3033,2021-05-26T21:08:15,2021-05-26T21:38:25,182,35.2,56.0,20.799999999999997,24.133333333333333,116.02564102564105,30.16666603088379,75.93,25.25,135.58928571428572,-48.0,-48.0,33.73626373626374,36.0,116.02564102564105,117.70394060478202,0,0,86.42678346054117,86.42678346054117,87.67693845236991
3034,2021-05-26T21:38:36,2021-05-26T22:12:36,205,56.0,79.2,23.200000000000003,27.200277805555558,117.24257674808428,34.0,107.54,35.76,135.7828282828283,-48.000487853658534,-47.89999,35.0,36.0,117.24257674808428,117.63316533093504,0,0,87.33327136476015,87.33327136476015,87.62421838796809
3035,2021-05-26T22:12:47,2021-05-26T22:38:57,158,79.2,96.0,16.799999999999997,20.043474013888886,119.30639293981481,26.16666603088379,130.36,43.35,135.79166666666669,-45.955700316455705,-37.30002,35.348101265822784,36.0,119.30639293981481,117.63316533093504,0,0,88.87059530047222,88.87059530047222,87.62421838796809
3038,2021-05-27T06:20:09,2021-05-27T06:49:59,180,36.8,62.0,25.200000000000003,29.418336208333333,116.73942939814815,29.83333396911621,84.14,27.98,135.70967741935485,-59.16556127777777,-57.30002,34.96944444444444,37.0,116.73942939814815,117.63316533093504,0,0,86.95848001107942,86.95848001107942,87.62421838796809
3039,2021-05-27T06:50:10,2021-05-27T07:22:20,194,62.0,87.6,25.599999999999994,29.915003291666668,116.85548160807295,32.16666793823242,119.02,39.58,135.86757990867582,-55.80000613402062,-54.0,36.43041237113402,38.0,116.85548160807295,117.58035472119272,0,0,87.04492658554886,87.04492658554886,87.58488009091347
3040,2021-05-27T07:22:31,2021-05-27T07:39:21,102,87.6,97.6,10.0,12.58319686111111,125.8319686111111,16.83333396911621,132.53,44.07,135.7889344262295,-44.886283137254885,-42.39999,36.5,38.0,125.8319686111111,117.58035472119272,0,0,93.73145631802834,93.73145631802834,87.58488009091347
3042,2021-05-27T12:34:42,2021-05-27T13:02:32,168,66.0,88.0,22.0,25.76611376388889,117.11869892676768,27.83333396911621,119.55,39.75,135.85227272727272,-55.54464863095239,-54.0,38.5,39.0,117.11869892676768,117.55209270792386,0,0,87.24099554069358,87.24099554069358,87.5638278917672
3043,2021-05-27T18:52:15,2021-05-27T19:20:05,168,33.6,61.2,27.6,32.45402695833334,117.58705419685991,27.83333396911621,83.17,27.66,135.89869281045753,-69.9607125,-69.70001,38.910714285714285,42.0,117.58705419685991,117.60609821347188,0,0,87.58987048896401,87.58987048896401,87.60405625932816
3044,2021-05-27T19:20:16,2021-05-27T19:49:06,174,61.6,89.6,27.999999999999993,33.0365281388889,117.98760049603182,28.83333396911621,121.64,40.45,135.75892857142858,-68.67471339080461,-42.5,41.03735632183908,43.0,117.98760049603182,117.60609821347188,0,0,87.88823495356371,87.88823495356371,87.60405625932816
3049,2021-05-28T17:28:53,2021-05-28T17:57:53,175,53.6,82.4,28.800000000000004,33.840557805555555,117.50193682484566,29.0,111.88,37.21,135.7766990291262,-70.01486177142857,-69.70001,39.42857142857143,41.0,117.50193682484566,117.54449551085278,0,0,87.5264670842099,87.5264670842099,87.55816878658695
3051,2021-05-29T01:53:40,2021-05-29T02:22:50,176,26.4,51.2,24.800000000000004,29.160138236111113,117.58120256496414,29.16666603088379,69.49,23.1,135.72265625,-59.98636227272728,-59.89999,36.68181818181818,39.0,117.58120256496414,117.5415696949049,0,0,87.58551164450277,87.58551164450277,87.55598936435634
3052,2021-05-29T02:23:01,2021-05-29T02:52:31,178,51.6,76.8,25.199999999999996,29.5,117.06349206349209,29.5,104.33,34.7,135.84635416666666,-60.0,-60.0,39.07022471910113,41.0,117.06349206349209,117.5415696949049,0,0,87.19987228918058,87.19987228918058,87.55598936435634
3053,2021-05-29T02:52:42,2021-05-29T03:22:32,180,76.8,97.6,20.799999999999997,25.536528305555557,122.77177069978634,29.83333396911621,132.53,44.07,135.7889344262295,-51.357778833333334,-42.5,39.5,41.0,122.77177069978634,117.5415696949049,0,0,91.45193379274434,91.45193379274434,87.55598936435634
3054,2021-05-29T17:48:44,2021-05-29T19:25:24,726,4.0,95.6,91.6,108.0669008,117.97696593886464,96.66666412353516,129.67,43.12,135.63807531380752,-67.06143988980716,-42.600006,36.36776859504132,40.0,117.97696593886464,117.58412838091203,0,0,87.88031333760571,87.88031333760571,87.58769106673338
3056,2021-05-30T06:35:29,2021-05-30T07:05:09,179,18.8,48.4,29.599999999999998,34.63916947222222,117.02422118993994,29.66666603088379,65.65,21.83,135.6404958677686,-70.05643022346369,-70.0,39.726256983240226,43.0,117.02422118993994,117.58412838091203,0,0,87.17061965799668,87.17061965799668,87.58769106673338
3057,2021-05-30T07:05:20,2021-05-30T07:37:50,196,48.4,79.6,31.199999999999996,36.759449472222215,117.81874830840455,32.5,108.07,35.93,135.76633165829145,-67.8612337755102,-64.70001,42.39795918367347,45.0,117.81874830840455,117.58412838091203,0,0,87.76245800178047,87.76245800178047,87.58769106673338
3058,2021-05-30T07:38:01,2021-05-30T08:06:31,172,79.6,98.0,18.400000000000006,22.431672277777782,121.91126237922704,28.5,132.96,44.21,135.67346938775512,-47.138383895348845,0.0,42.875,45.0,121.91126237922704,117.58412838091203,0,0,90.81094645900026,90.81094645900026,87.58769106673338
3060,2021-05-30T18:14:00,2021-05-30T18:42:00,169,32.0,60.0,28.0,32.67902945833334,116.71081949404763,28.0,81.37,27.06,135.61666666666667,-70.02663082840239,-69.70001,39.77810650887574,42.0,116.71081949404763,117.5415696949049,0,0,86.9371686702011,86.9371686702011,87.55598936435634
3061,2021-05-30T18:42:11,2021-05-30T19:13:21,188,60.0,90.0,30.0,35.353474694444444,117.84491564814815,31.16666603088379,122.14,40.61,135.7111111111111,-67.99734515957446,-42.5,42.069148936170215,43.0,117.84491564814815,117.5415696949049,0,0,87.78194989155386,87.78194989155386,87.55598936435634
3064,2021-05-31T17:54:20,2021-05-31T18:22:00,167,63.6,72.4,8.800000000000004,10.382500749999998,117.98296306818175,27.66666603088379,98.16,32.64,135.58011049723754,-22.516169281437126,-22.5,31.0,32.0,117.98296306818175,117.58412838091203,0,0,87.88478056219755,87.88478056219755,87.58769106673338
3065,2021-05-31T18:22:11,2021-05-31T18:50:41,172,72.4,81.6,9.199999999999989,10.6925005,116.22283152173927,28.5,110.67,36.8,135.625,-22.5104661627907,-22.5,31.0,32.0,116.22283152173927,117.58412838091203,0,0,86.57366944329554,86.57366944329554,87.58769106673338
3067,2021-05-31T20:49:26,2021-05-31T21:12:59,143,68.0,90.0,22.0,25.87980880972222,117.63549458964646,23.549999237060547,122.12,40.61,135.6888888888889,-65.8902181118881,-42.60001,31.632867132867133,33.0,117.63549458964646,117.60609821347188,0,0,87.62595343839742,87.62595343839742,87.60405625932816
3069,2021-06-01T05:00:58,2021-06-01T05:29:08,170,36.4,60.4,24.0,27.882363861111113,116.17651608796298,28.16666603088379,81.9,27.24,135.59602649006624,-59.39530005882354,-57.70001,30.82941176470588,33.0,116.17651608796298,117.58412838091203,0,0,86.53916936270576,86.53916936270576,87.58769106673338
3070,2021-06-01T05:29:19,2021-06-01T05:56:49,166,60.4,82.4,22.000000000000007,25.779308250000003,117.17867386363633,27.5,111.77,37.17,135.64320388349512,-56.245788975903615,-54.80002,32.70180722891566,34.0,117.17867386363633,117.5415696949049,0,0,87.28567050077987,87.28567050077987,87.55598936435634
3071,2021-06-01T05:57:00,2021-06-01T06:20:40,143,82.8,98.0,15.200000000000003,18.521113722222225,121.84943238304093,23.66666603088379,132.92,44.21,135.6326530612245,-46.96783874125874,-42.39999,33.11188811188811,35.0,121.84943238304093,117.5415696949049,0,0,90.76488967668469,90.76488967668469,87.55598936435634
3074,2021-06-01T15:43:51,2021-06-01T16:12:31,173,57.6,86.0,28.4,33.50986508333334,117.99248268779345,28.66666603088379,116.64,38.79,135.62790697674419,-70.13700254335261,-69.89999,35.04913294797688,37.0,117.99248268779345,117.58412838091203,0,0,87.89187166805601,87.89187166805601,87.58769106673338
3077,2021-06-01T23:39:42,2021-06-02T00:03:12,142,19.6,42.8,23.199999999999996,27.21972211111111,117.32638840996171,23.5,58.01,19.29,135.5373831775701,-69.4971828169014,-69.39999,30.37323943661972,33.0,117.32638840996171,117.58412838091203,0,0,87.39570215409704,87.39570215409704,87.58769106673338
3078,2021-06-02T00:03:23,2021-06-02T00:33:43,183,42.8,73.6,30.799999999999997,35.141111611111114,114.09451821789322,30.33333396911621,99.67,33.14,135.4211956521739,-69.50983704918033,-69.39999,33.41256830601093,36.0,114.09451821789322,117.58412838091203,0,0,84.98830200708339,84.98830200708339,87.58769106673338
3079,2021-06-02T00:33:54,2021-06-02T01:03:34,179,73.6,96.4,22.80000000000001,27.34847598611111,119.94945607943464,29.66666603088379,130.66,43.46,135.5394190871369,-55.31453273743018,-42.10001,34.50837988826816,37.0,119.94945607943464,117.58412838091203,0,0,89.34960906181051,89.34960906181051,87.58769106673338
3081,2021-06-02T11:11:41,2021-06-02T11:59:33,360,52.8,95.200005,42.40000500000001,50.24434280444444,118.50079452689789,47.86666488647461,129.03,42.91,135.53570716724226,-62.96251184444445,-42.700012,32.58888888888889,34.0,118.50079452689789,117.58412838091203,0,0,88.27051001782388,88.27051001782388,87.58769106673338
3082,2021-06-02T21:25:16,2021-06-02T21:44:06,114,33.6,49.6,16.0,18.88264023611111,118.01650147569444,18.83333396911621,67.17,22.34,135.4233870967742,-60.15877622807018,-59.80002,30.276315789473685,33.0,118.01650147569444,117.60609821347188,0,0,87.90976311483064,87.90976311483064,87.60405625932816
3083,2021-06-02T21:44:17,2021-06-02T22:12:37,171,49.6,74.0,24.4,28.421807930555556,116.48281938752277,28.33333396911621,100.29,33.35,135.52702702702703,-60.18655473684211,-59.80002,32.239766081871345,34.0,116.48281938752277,117.58412838091203,0,0,86.76733279891081,86.76733279891081,87.58769106673338
3086,2021-06-03T15:45:49,2021-06-03T16:12:15,161,21.6,44.0,22.4,26.41844295555556,117.93947748015876,26.433332443237305,59.65,19.84,135.5681818181818,-59.9658350931677,-59.89999,36.49689440993789,39.0,117.93947748015876,117.58412838091203,0,0,87.85238841623314,87.85238841623314,87.58769106673338
3087,2021-06-03T16:12:26,2021-06-03T16:41:56,178,44.4,69.6,25.199999999999996,29.481248125,116.98907986111114,29.5,94.31,31.36,135.5028735632184,-59.96179393258427,-59.89999,39.25561797752809,41.0,116.98907986111114,117.58412838091203,0,0,87.14444309917438,87.14444309917438,87.58769106673338
3089,2021-06-03T22:02:47,2021-06-03T22:22:37,120,19.6,39.6,20.0,23.41430831944445,117.07154159722225,19.83333396911621,53.65,17.84,135.47979797979798,-70.83334166666667,-70.70001,37.104166666666664,39.0,117.07154159722225,117.5415696949049,0,0,87.20586833714468,87.20586833714468,87.55598936435634
3090,2021-06-03T22:22:48,2021-06-03T22:52:58,182,39.6,70.4,30.800000000000004,35.60625506944445,115.604724251443,30.16666603088379,95.43999,31.74,135.56816761363635,-70.81924082417582,-70.70001,39.684065934065934,42.0,115.604724251443,117.41416261740369,0,0,86.11324515489642,86.11324515489642,87.46108461915347
3092,2021-06-04T18:15:39,2021-06-04T19:26:38,533,26.0,93.2,67.2,78.79539398333335,117.25505057043654,70.98332977294922,126.3,42.0,135.51502145922746,-66.58161780487805,-42.30002,31.97091932457786,35.0,117.25505057043654,117.29071949019912,0,0,87.34256303799577,87.34256303799577,87.3691325960464
3094,2021-06-05T17:51:28,2021-06-05T18:19:48,171,25.6,32.4,6.799999999999997,8.3125,122.24264705882356,28.33333396911621,43.75,14.55,135.03086419753086,-17.63157894736842,0.0,29.087719298245613,30.0,122.24264705882356,117.41416261740369,0,0,91.05779286029961,91.05779286029961,87.46108461915347
3095,2021-06-05T18:19:59,2021-06-05T18:47:59,169,32.4,39.2,6.800000000000004,8.09375,119.02573529411757,28.0,52.99,17.62,135.17857142857142,-17.307692307692307,0.0,29.766272189349113,31.0,119.02573529411757,117.5415696949049,0,0,88.66153515344955,88.66153515344955,87.55598936435634
3096,2021-06-05T18:48:10,2021-06-05T19:17:30,177,39.2,46.4,7.199999999999996,8.224305555555556,114.22646604938281,29.33333396911621,62.77,20.87,135.2801724137931,-16.7909604519774,0.0,30.51412429378531,32.0,114.22646604938281,117.41416261740369,0,0,85.08658913188987,85.08658913188987,87.46108461915347
3097,2021-06-05T19:17:41,2021-06-05T19:46:21,173,46.4,57.2,10.800000000000004,12.001807208333336,111.12784452160491,28.66666603088379,77.46,25.75,135.4195804195804,-25.170523699421967,0.0,31.338150289017342,33.0,111.12784452160491,117.29071949019912,0,0,82.77844509200261,82.77844509200261,87.3691325960464
3098,2021-06-05T19:46:32,2021-06-05T20:17:12,185,57.2,74.8,17.599999999999994,20.550005138888892,116.76139283459602,30.66666603088379,101.35,33.71,135.49465240641712,-40.23352356756757,-22.60001,32.4,33.0,116.76139283459602,117.2488136592604,0,0,86.97484043924987,86.97484043924987,87.33791720137796
3099,2021-06-05T20:59:54,2021-06-05T21:21:04,128,74.0,87.2,13.200000000000003,15.678336861111111,118.77527925084172,21.16666603088379,118.17,39.3,135.51605504587155,-44.4484475,-22.60001,32.484375,33.0,118.77527925084172,117.29071949019912,0,0,88.47497199355455,88.47497199355455,87.3691325960464
3101,2021-06-06T15:55:14,2021-06-06T16:54:13,443,29.6,88.4,58.800000000000004,68.76957195694445,116.95505434854496,58.983333587646484,119.69,39.8,135.39592760180994,-69.95508155756208,-69.70001,37.355530474040634,40.0,116.95505434854496,117.2488136592604,0,0,87.11909770499517,87.11909770499517,87.33791720137796
3102,2021-06-06T22:10:20,2021-06-06T22:32:20,133,48.0,69.6,21.599999999999994,25.70014136111111,118.98213593106999,22.0,94.27,31.35,135.44540229885058,-70.09173609022557,-69.80002,37.567669172932334,39.0,118.98213593106999,117.29071949019912,0,0,88.62905825717195,88.62905825717195,87.3691325960464
3103,2021-06-06T22:32:31,2021-06-06T22:51:01,112,70.0,88.0,18.0,21.60514059722223,120.02855887345684,18.5,119.1,39.61,135.3409090909091,-70.06964830357143,-69.80002,38.745535714285715,40.0,120.02855887345684,117.29071949019912,0,0,89.4085322445626,89.4085322445626,87.3691325960464
3104,2021-06-07T20:11:06,2021-06-07T20:31:16,122,28.4,45.6,17.200000000000003,20.277085541666665,117.8900322189922,20.16666603088379,61.61,20.49,135.109649122807,-60.32951483606558,-59.39999,33.17622950819672,35.0,117.8900322189922,117.41416261740369,0,0,87.81555694654924,87.81555694654924,87.46108461915347
3105,2021-06-07T20:31:27,2021-06-07T21:03:07,191,45.6,72.0,26.4,30.510974652777776,115.5718736847643,31.66666603088379,97.42,32.39,135.30555555555557,-57.81099931937172,-55.89999,35.382198952879584,37.0,115.5718736847643,117.41416261740369,0,0,86.08877497065268,86.08877497065268,87.46108461915347
3106,2021-06-07T21:03:18,2021-06-07T21:32:38,177,72.4,93.6,21.19999999999999,25.528059222222222,120.41537368972753,29.33333396911621,126.81,42.17,135.48076923076925,-52.20057248587571,-42.39999,36.324858757062145,37.0,120.41537368972753,117.5415696949049,0,0,89.69666821235067,89.69666821235067,87.55598936435634
3108,2021-06-08T17:05:04,2021-06-08T18:52:13,804,5.6,93.2,87.60000000000001,105.6390075388889,120.5924743594622,107.1500015258789,126.18,41.96,135.3862660944206,-59.14341217661692,-42.39999,39.84950248756219,43.0,120.5924743594622,117.58412838091203,0,0,89.82858940751555,89.82858940751555,87.58769106673338
3110,2021-06-09T19:45:36,2021-06-09T20:09:46,146,54.8,75.6,20.799999999999997,24.124441666666662,115.98289262820512,24.16666603088379,102.33,34.03,135.35714285714286,-59.89519856164384,-59.80002,35.45890410958904,36.0,115.98289262820512,117.58412838091203,0,0,86.39494044329238,86.39494044329238,87.58769106673338
3111,2021-06-09T20:09:57,2021-06-09T20:37:37,167,75.6,96.0,20.400000000000006,24.319859416666667,119.21499714052284,27.66666603088379,130.03,43.25,135.44791666666669,-52.73233161676647,-42.39999,36.3562874251497,37.0,119.21499714052284,117.61127439325318,0,0,88.8025151340126,88.8025151340126,87.60791196368072
3114,2021-06-10T03:19:00,2021-06-10T03:47:00,169,54.4,82.4,28.000000000000007,32.675001125,116.69643258928569,28.0,111.51,37.08,135.32766990291262,-70.01834562130178,-69.80002,36.89349112426036,39.0,116.69643258928569,117.58412838091203,0,0,86.92645195369313,86.92645195369313,87.58769106673338
3115,2021-06-10T03:47:11,2021-06-10T04:09:41,136,82.4,98.0,15.599999999999994,18.99819656944445,121.78331134259267,22.5,132.67,44.12,135.37755102040816,-50.54632911764706,0.0,37.9889705882353,39.0,121.78331134259267,117.61127439325318,0,0,90.71563652199843,90.71563652199843,87.60791196368072
3116,2021-06-10T15:27:05,2021-06-10T15:52:15,152,13.6,38.4,24.799999999999997,29.386946722222227,118.49575291218642,25.16666603088379,51.94,17.27,135.26041666666666,-70.06184756578948,-69.80002,36.661184210526315,39.0,118.49575291218642,117.7271214490255,0,0,88.2667545501608,88.2667545501608,87.69420572008895
3117,2021-06-10T15:52:26,2021-06-10T16:21:36,176,38.8,68.0,29.200000000000003,34.057364083333326,116.63480850456617,29.16666603088379,92.07999,30.62,135.41174999999998,-70.0608015340909,-69.80002,39.61079545454545,42.0,116.63480850456617,117.61127439325318,0,0,86.88054855355738,86.88054855355738,87.60791196368072
3118,2021-06-10T16:21:47,2021-06-10T16:50:57,176,68.4,93.6,25.19999999999999,30.130975194444446,119.5673618827161,29.16666603088379,126.69,42.13,135.35256410256412,-61.951142443181816,-42.5,41.33522727272727,43.0,119.5673618827161,117.7271214490255,0,0,89.06498945437369,89.06498945437369,87.69420572008895
3121,2021-06-11T11:38:35,2021-06-11T12:06:55,171,54.8,77.6,22.799999999999997,26.861669472222218,117.81433979044833,28.33333396911621,105.04,34.93,135.36082474226805,-56.884216432748545,-55.30002,33.22222222222222,34.0,117.81433979044833,117.81654404942644,0,0,87.75917412398057,87.75917412398057,87.76081606288052
3122,2021-06-11T12:07:06,2021-06-11T12:36:56,180,77.6,97.6,20.0,24.25375256944444,121.26876284722219,29.83333396911621,132.06,43.92,135.30737704918033,-48.78000516666667,-42.30002,33.955555555555556,35.0,121.26876284722219,117.81654404942644,0,0,90.3323525254937,90.3323525254937,87.76081606288052
3124,2021-06-12T13:32:00,2021-06-12T13:58:40,161,32.8,59.6,26.800000000000004,31.08013579166667,115.97065593905474,26.66666603088379,80.67,26.83,135.3523489932886,-69.93042782608696,-69.89999,34.40372670807454,37.0,115.97065593905474,117.81654404942644,0,0,86.38582540911437,86.38582540911437,87.76081606288052
3125,2021-06-12T13:58:51,2021-06-12T14:44:16,275,59.6,97.6,37.99999999999999,45.49073731805556,119.71246662646202,45.41666793823242,132.08,43.92,135.32786885245903,-60.01818341818182,-42.5,36.74545454545454,38.0,119.71246662646202,117.83183197827634,0,0,89.17307708186678,89.17307708186678,87.77220394666716
3126,2021-06-12T20:45:46,2021-06-12T21:42:44,428,52.0,96.8,44.8,53.31057310833333,118.99681497395834,56.96666717529297,130.96,43.55,135.28925619834712,-56.140424439252335,-42.39999,35.53971962616822,37.0,118.99681497395834,117.86747393357018,0,0,88.63999258556613,88.63999258556613,87.79875341905155
3127,2021-06-14T17:15:46,2021-06-14T18:07:56,392,57.6,97.6,39.99999999999999,47.93774124722223,119.8443531180556,52.16666793823242,132.06,43.92,135.30737704918033,-55.12857732142857,-42.5,30.371173469387756,32.0,119.8443531180556,117.86747393357018,0,0,89.27131851496353,89.27131851496353,87.79875341905155
3128,2021-06-19T06:23:28,2021-06-19T09:18:55,1316,24.4,98.0,73.6,86.69247459444443,117.78868830766908,175.4499969482422,132.54,44.07,135.24489795918367,-29.634428047112465,0.0,34.213905775075986,36.0,117.78868830766908,117.83183197827634,0,0,87.74006649287415,87.74006649287415,87.77220394666716
3132,2021-06-21T09:50:03,2021-06-21T10:09:03,115,52.0,69.6,17.599999999999994,20.82000466666667,118.29548106060612,19.0,94.17,31.32,135.30172413793105,-65.7469712173913,-65.70001,36.04347826086956,37.0,118.29548106060612,117.86747393357018,0,0,88.11757328473735,88.11757328473735,87.79875341905155
3133,2021-06-21T10:09:14,2021-06-21T10:27:04,108,70.0,86.4,16.400000000000006,19.548199097222223,119.19633595867205,17.83333396911621,116.84,38.85,135.23148148148147,-65.77038592592592,-65.70001,37.101851851851855,38.0,119.19633595867205,117.91475484957547,0,0,88.78861453489779,88.78861453489779,87.83397268139119
3135,2021-06-21T17:01:58,2021-06-21T17:32:29,185,32.0,51.6,19.6,22.909031638888894,116.88281448412701,30.516666412353516,69.78,23.2,135.2325581395349,-45.03892648648649,-44.30002,39.71351351351351,42.0,116.88281448412701,117.86747393357018,0,0,87.06528667612191,87.06528667612191,87.79875341905155
3136,2021-06-21T17:32:40,2021-06-21T17:55:00,135,51.6,65.2,13.600000000000001,16.241392152777774,119.42200112336597,22.33333396911621,88.21,29.33,135.29141104294476,-43.63334207407407,-42.80002,41.24814814814815,43.0,119.42200112336597,117.91475484957547,0,0,88.95671112243811,88.95671112243811,87.83397268139119
3138,2021-06-22T07:33:16,2021-06-22T08:05:46,196,47.2,67.6,20.39999999999999,23.75750413888889,116.45835362200442,32.5,91.32999,30.37,135.10353550295858,-43.860211632653055,-42.80002,29.785714285714285,32.0,116.45835362200442,117.91475484957547,0,0,86.74910840126941,86.74910840126941,87.83397268139119
3139,2021-06-22T08:05:57,2021-06-22T08:33:57,169,68.0,84.4,16.400000000000006,19.60361401388889,119.53423179200539,28.0,114.13,37.95,135.2251184834123,-42.00769857988166,-41.20001,30.985207100591715,32.0,119.53423179200539,117.91475484957547,0,0,89.04031105440477,89.04031105440477,87.83397268139119
3140,2021-06-22T08:34:08,2021-06-22T08:58:28,147,84.4,98.0,13.599999999999994,16.443196305555556,120.90585518790854,24.33333396911621,132.54,44.07,135.24489795918367,-40.544902517006804,-39.89999,31.0,32.0,120.90585518790854,117.9659800839761,0,0,90.0620248512795,90.0620248512795,87.87213004214458
3142,2021-06-22T23:43:36,2021-06-23T00:05:56,135,82.4,97.6,15.199999999999989,18.94986483333334,124.67016337719312,22.33333396911621,132.03,43.9,135.2766393442623,-50.94519518518519,-42.10001,30.496296296296297,31.0,124.67016337719312,118.00449208174395,0,0,92.86603477424251,92.86603477424251,87.90081739144333
3143,2021-06-25T01:26:19,2021-06-25T01:50:19,145,22.0,46.0,24.0,28.284587875000007,117.8524494791667,24.0,61.99,20.61,134.76086956521738,-70.7096664137931,-70.0,29.579310344827586,32.0,117.8524494791667,118.00449208174395,0,0,87.78756179575291,87.78756179575291,87.90081739144333
3144,2021-06-25T01:50:30,2021-06-25T02:20:40,182,46.0,77.2,31.200000000000003,35.643191819444446,114.24099942129628,30.16666603088379,104.32,34.69,135.12953367875647,-70.89285192307693,-70.80002,33.18681318681319,35.0,114.24099942129628,118.00449208174395,0,0,85.09741495087448,85.09741495087448,87.90081739144333
3145,2021-06-25T02:20:51,2021-06-25T02:47:21,160,77.2,97.2,20.0,23.908056972222226,119.54028486111113,26.5,131.33,43.67,135.11316872427986,-54.148753250000006,-42.80002,34.875,36.0,119.54028486111113,118.00449208174395,0,0,89.04481994819969,89.04481994819969,87.90081739144333
3147,2021-06-25T10:19:22,2021-06-25T12:05:59,800,10.0,97.6,87.6,102.92698541249999,117.4965586900685,106.61666870117188,131.94,43.88,135.1844262295082,-57.916507425,-42.30002,35.74875,39.0,117.4965586900685,117.9779894779266,0,0,87.52246094482811,87.52246094482811,87.88107576553189
3148,2021-06-25T17:31:09,2021-06-25T18:35:52,486,48.8,99.2,50.400000000000006,59.95985219305556,118.96796070050706,64.71666717529297,134.03,44.57,135.1108870967742,-55.582309135802475,-42.20001,38.18930041152263,40.0,118.96796070050706,118.15599126815027,0,0,88.61849921546758,88.61849921546758,88.013668199784
3149,2021-06-26T03:01:18,2021-06-26T03:58:49,432,26.8,76.4,49.60000000000001,57.507365425,115.9422690020161,57.516666412353516,103.17,34.31,135.0392670157068,-59.92083782407407,0.0,34.780092592592595,38.0,115.9422690020161,118.15599126815027,0,0,86.36468015502349,86.36468015502349,88.013668199784
3150,2021-06-26T04:47:25,2021-06-26T05:13:58,200,77.2,97.6,20.39999999999999,23.422155791666665,114.81448917483665,26.549999237060547,131.88,43.85,135.12295081967213,-52.919006800000005,-42.30002,36.3475,38.0,114.81448917483665,117.9779894779266,0,0,85.52460392658648,85.52460392658648,87.88107576553189
3152,2021-06-26T14:42:12,2021-06-26T15:13:22,188,23.2,34.0,10.8,12.934161472222218,119.76075437242794,31.16666603088379,45.75,15.21,134.55882352941177,-24.899989999999995,-24.89999,35.58510638297872,37.0,119.76075437242794,117.9779894779266,0,0,89.20904632562619,89.20904632562619,87.88107576553189
3153,2021-06-26T15:13:33,2021-06-26T15:43:23,180,34.4,44.8,10.399999999999999,12.38082836111111,119.04642654914531,29.83333396911621,60.39,20.08,134.79910714285717,-24.899989999999995,-24.89999,36.24166666666667,38.0,119.04642654914531,118.11747927038243,0,0,88.67694794153674,88.67694794153674,87.98498085048524
3154,2021-06-26T15:43:34,2021-06-26T16:13:54,183,44.8,56.0,11.200000000000003,12.588328277777775,112.39578819444439,30.33333396911621,75.59,25.14,134.98214285714286,-24.899989999999992,-24.89999,37.0,38.0,112.39578819444439,118.11747927038243,0,0,83.72292850346201,83.72292850346201,87.98498085048524
3155,2021-06-26T16:14:05,2021-06-26T16:42:55,174,56.0,66.4,10.400000000000006,11.965828527777775,115.05604353632471,28.83333396911621,89.64,29.81,135.0,-24.899989999999992,-24.89999,37.0,38.0,115.05604353632471,118.09275663979916,0,0,85.70453627869186,85.70453627869186,87.96656511564329
3156,2021-06-26T16:43:06,2021-06-26T17:14:16,188,66.8,77.6,10.799999999999997,12.934161472222218,119.76075437242798,31.16666603088379,104.84,34.86,135.10309278350516,-24.899989999999995,-24.89999,37.0,38.0,119.76075437242798,118.39561698639628,0,0,89.20904632562623,89.20904632562623,88.19216391744908
3157,2021-06-26T17:14:27,2021-06-26T17:43:37,176,77.6,87.6,10.0,12.10416180555555,121.0416180555555,29.16666603088379,118.34,39.35,135.09132420091325,-24.89999,-24.89999,37.0,38.0,121.0416180555555,118.63551608151407,0,0,90.16315377295909,90.16315377295909,88.37086327185767
3160,2021-06-26T21:48:26,2021-06-26T22:14:16,156,36.8,55.2,18.400000000000006,21.441675277777783,116.53084390096618,25.83333396911621,74.48,24.77,134.92753623188406,-49.80002000000002,-49.80002,36.68910256410256,39.0,116.53084390096618,118.63551608151407,0,0,86.80310596238986,86.80310596238986,88.37086327185767
3161,2021-06-26T22:14:27,2021-06-26T22:43:57,178,55.2,76.4,21.200000000000003,24.48500983333334,115.49532940251574,29.5,103.27,34.34,135.17015706806282,-49.80002,-49.80002,38.14887640449438,40.0,115.49532940251574,118.63551608151407,0,0,86.03175760752019,86.03175760752019,88.37086327185767
3162,2021-06-26T22:44:08,2021-06-26T23:11:18,164,76.4,94.8,18.39999999999999,21.818617208333336,118.57944134963775,27.16666603088379,128.07,42.59,135.09493670886076,-48.17562317073171,-42.39999,38.5,40.0,118.57944134963775,118.53759713091208,0,0,88.32909355038367,88.32909355038367,88.29792405027223
3164,2021-06-27T19:33:16,2021-06-27T19:58:06,150,41.2,62.4,21.199999999999996,24.536807680555555,115.73965887054509,24.83333396911621,84.32,28.03,135.1282051282051,-59.274005133333326,-57.70001,34.1,36.0,115.73965887054509,118.39561698639628,0,0,86.21375711934995,86.21375711934995,88.19216391744908
3165,2021-06-27T19:58:17,2021-06-27T20:28:27,182,62.4,86.4,24.000000000000007,28.264863361111114,117.77026400462961,30.16666603088379,116.69,38.81,135.05787037037035,-56.217037472527466,-54.60001,35.58516483516483,37.0,117.77026400462961,118.39561698639628,0,0,87.72634234332301,87.72634234332301,88.19216391744908
3166,2021-06-27T20:28:38,2021-06-27T20:46:18,107,86.4,98.0,11.599999999999994,13.767640583333334,118.68655675287363,17.66666603088379,132.4,44.03,135.10204081632654,-46.77570672897197,-42.39999,36.0,37.0,118.68655675287363,118.53759713091208,0,0,88.40888315274158,88.40888315274158,88.29792405027223
3168,2021-06-28T15:18:40,2021-06-28T15:39:00,123,47.2,64.8,17.599999999999994,20.378612555555556,115.78757133838388,20.33333396911621,87.48,29.09,135.0,-60.13171162601626,-59.80002,32.52439024390244,34.0,115.78757133838388,118.53759713091208,0,0,86.24944682075008,86.24944682075008,88.29792405027223
3169,2021-06-28T15:39:11,2021-06-28T16:00:11,127,64.8,82.8,18.0,21.051112944444448,116.95062746913582,21.0,111.72,37.15,134.92753623188406,-60.14488708661416,-59.80002,33.39370078740158,35.0,116.95062746913582,118.39561698639628,0,0,87.11580014986238,87.11580014986238,88.19216391744908
3170,2021-06-28T16:00:22,2021-06-28T16:17:32,104,83.2,95.2,12.0,14.852223888888886,123.76853240740739,17.16666603088379,128.57,42.75,135.05252100840335,-51.90577509615385,-42.30002,34.0,35.0,123.76853240740739,118.53759713091208,0,0,92.19441543305078,92.19441543305078,88.29792405027223
3172,2021-06-29T01:01:49,2021-06-29T01:19:39,108,30.8,48.8,17.999999999999996,21.013614083333337,116.742300462963,17.83333396911621,65.77,21.87,134.77459016393442,-70.70000999999999,-70.70001,33.91203703703704,36.0,116.742300462963,118.39561698639628,0,0,86.96061864952918,86.96061864952918,88.19216391744908
3173,2021-06-29T01:19:50,2021-06-29T01:39:30,119,48.8,69.2,20.400000000000006,23.173336611111118,113.59478730936819,19.66666603088379,93.53,31.1,135.15895953757226,-70.6983293277311,-70.60001,36.23529411764706,38.0,113.59478730936819,118.09275663979916,0,0,84.61605553951087,84.61605553951087,87.96656511564329
3174,2021-06-29T01:39:41,2021-06-29T01:58:15,113,69.2,88.0,18.799999999999997,21.878475391666665,116.37486910460994,18.566667556762695,118.78,39.5,134.97727272727272,-70.70266513274336,-70.70001,37.3141592920354,39.0,116.37486910460994,118.0739652698864,0,0,86.68692129983752,86.68692129983752,87.95256754024513
3178,2021-06-29T07:04:05,2021-06-29T07:34:45,185,74.4,92.8,18.39999999999999,21.384308763888892,116.21906936896143,30.66666603088379,125.31,41.67,135.03232758620692,-41.83892518918919,-40.89999,33.5,35.0,116.21906936896143,118.0739652698864,0,0,86.57086703892524,86.57086703892524,87.95256754024513
3181,2021-06-29T19:32:43,2021-06-29T19:51:53,116,31.6,48.0,16.4,18.977082402777775,115.7139170901084,19.16666603088379,64.71,21.52,134.8125,-59.40603163793103,-59.30002,36.46120689655172,38.0,115.7139170901084,117.83339463480752,0,0,86.19458222607615,86.19458222607615,87.77336795986673
3182,2021-06-29T19:52:04,2021-06-29T20:10:44,113,48.4,64.8,16.4,18.505555,112.83875000000002,18.66666603088379,87.39,29.06,134.86111111111111,-59.48229911504424,-59.39999,38.39380530973451,40.0,112.83875000000002,117.80151404905871,0,0,84.05288801682153,84.05288801682153,87.74962030842735
3183,2021-06-29T20:10:55,2021-06-29T20:30:05,116,64.8,81.2,16.400000000000006,19.005555416666667,115.88753302845524,19.16666603088379,109.54,36.42,134.9014778325123,-59.49568922413793,-59.39999,39.133620689655174,41.0,115.88753302845524,117.80151404905871,0,0,86.3239076663509,86.3239076663509,87.74962030842735
3184,2021-06-29T20:30:16,2021-06-29T20:48:26,110,81.2,94.8,13.599999999999994,16.18999976388889,119.04411591094775,18.16666603088379,127.96,42.55,134.9789029535865,-53.44636281818182,-41.89999,40.0,41.0,119.04411591094775,117.80151404905871,0,0,88.67522676141319,88.67522676141319,87.74962030842735
3187,2021-06-30T02:33:41,2021-06-30T02:59:31,156,56.0,81.6,25.599999999999994,30.150835444444446,117.77670095486114,25.83333396911621,110.12,36.62,134.95098039215688,-70.02756897435899,-69.80002,38.381410256410255,40.0,117.77670095486114,117.80151404905871,0,0,87.7311371877978,87.7311371877978,87.74962030842735
3188,2021-06-30T02:59:42,2021-06-30T03:21:32,132,81.6,97.6,16.0,19.38347291666667,121.14670572916668,21.83333396911621,131.73,43.81,134.96926229508196,-53.288638409090915,-42.20001,39.18560606060606,41.0,121.14670572916668,117.80151404905871,0,0,90.2414329320422,90.2414329320422,87.74962030842735
3190,2021-06-30T13:29:09,2021-06-30T13:47:19,110,50.8,66.4,15.600000000000009,18.397643819444447,117.93361422720793,18.16666603088379,89.67,29.82,135.04518072289156,-60.76274354545453,-60.70001,36.49090909090909,38.0,117.93361422720793,117.80151404905871,0,0,87.84802091531975,87.84802091531975,87.74962030842735
3191,2021-06-30T13:47:30,2021-06-30T14:07:30,121,66.8,84.0,17.200000000000003,20.266534263888893,117.82868758074935,20.0,113.42,37.71,135.02380952380952,-60.800019338842986,-60.70001,37.52892561983471,39.0,117.82868758074935,117.82151368559883,0,0,87.76986170436815,87.76986170436815,87.76451791417436
3194,2021-07-01T03:19:35,2021-07-01T03:52:15,197,64.0,94.4,30.400000000000006,35.75555331944445,117.61695170869883,32.66666793823242,127.46,42.39,135.02118644067795,-65.62537659898477,-42.30002,34.68020304568528,36.0,117.61695170869883,117.80151404905871,0,0,87.61214096089479,87.61214096089479,87.74962030842735
3197,2021-07-01T12:52:53,2021-07-01T13:12:03,116,30.8,47.2,16.400000000000002,19.236809375000004,117.2976181402439,19.16666603088379,63.63,21.16,134.8093220338983,-60.21983956896551,-60.20001,38.008620689655174,40.0,117.2976181402439,117.78269463126512,0,0,87.37427135786078,87.37427135786078,87.73560184033597
3198,2021-07-01T13:12:14,2021-07-01T13:29:24,104,47.2,62.4,15.199999999999996,17.23347604166667,113.37813185307022,17.16666603088379,84.2,28.0,134.93589743589743,-60.23366721153847,-60.20001,39.68269230769231,41.0,113.37813185307022,117.77348247974538,0,0,84.45467022811344,84.45467022811344,87.7287397655604
3199,2021-07-01T13:29:35,2021-07-01T13:48:15,113,62.4,78.8,16.4,18.752227555555557,114.34285094850951,18.66666603088379,106.37,35.37,134.98730964467006,-60.275238407079655,-60.20001,40.98672566371681,42.0,114.34285094850951,117.77348247974538,0,0,85.17328352449121,85.17328352449121,87.7287397655604
3200,2021-07-01T13:48:26,2021-07-01T14:05:06,101,78.8,92.4,13.600000000000009,16.37958798611111,120.43814695669927,16.66666603088379,124.71,41.47,134.96753246753246,-58.892095940594054,-42.60001,41.0,42.0,120.43814695669927,117.77348247974538,0,0,89.71363187827707,89.71363187827707,87.7287397655604
3203,2021-07-01T16:26:28,2021-07-01T16:55:18,174,70.0,87.2,17.200000000000003,20.18194826388889,117.3369085109819,28.83333396911621,117.59,39.1,134.85091743119267,-41.99713442528736,-41.20001,42.0,43.0,117.3369085109819,117.69360785666422,0,0,87.40353851237799,87.40353851237799,87.6692416521089
3204,2021-07-01T16:55:29,2021-07-01T17:14:19,114,87.2,97.6,10.399999999999991,12.761668166666666,122.70834775641036,18.83333396911621,131.63,43.77,134.86680327868854,-40.657022368421046,-40.20001,42.0,43.0,122.70834775641036,117.69360785666422,0,0,91.40469043390459,91.40469043390459,87.6692416521089
3205,2021-07-02T00:19:39,2021-07-02T00:59:26,299,62.8,97.6,34.8,41.35224107500001,118.82827895114946,39.78333282470703,131.6,43.77,134.8360655737705,-62.34816799331105,-42.39999,38.108695652173914,40.0,118.82827895114946,117.69360785666422,0,0,88.51445114300357,88.51445114300357,87.6692416521089
3206,2021-07-02T17:47:17,2021-07-02T18:58:37,536,22.800001,92.8,69.999999,82.0190063111111,117.17001068973029,71.33333587646484,125.17,41.629997,134.8814655172414,-68.96418440298508,-42.399994,38.89738805970149,42.0,117.17001068973029,117.55675519938367,0,0,87.27921735603842,87.27921735603842,87.56730095286144
3207,2021-07-03T09:47:11,2021-07-03T10:58:37,536,26.8,95.2,68.4,80.62588035972223,117.87409409316115,71.43333435058594,128.44,42.71,134.9159663865546,-67.70298957089553,-42.30002,35.6044776119403,38.0,117.87409409316115,117.55675519938367,0,0,87.80368473504674,87.80368473504674,87.56730095286144
3208,2021-07-03T19:36:26,2021-07-03T20:35:42,445,19.2,78.8,59.599999999999994,69.22629720277779,116.15150537378824,59.266666412353516,106.21,35.32,134.78426395939087,-70.0827022247191,-69.89999,37.34494382022472,41.0,116.15150537378824,117.55675519938367,0,0,86.52053903617565,86.52053903617565,87.56730095286144
3209,2021-07-04T10:51:00,2021-07-04T12:03:53,547,24.4,94.8,70.4,82.36886413611111,117.00122746606691,72.88333129882812,127.82,42.5,134.831223628692,-67.78519444241317,-42.30002,36.925959780621575,40.0,117.00122746606691,117.41673360052519,0,0,87.153491775086,87.153491775086,87.46299972860305
3210,2021-07-05T13:41:32,2021-07-05T15:23:46,767,6.8,93.2,86.4,101.90243770277777,117.94263623006685,102.23332977294922,125.65,41.78,134.8175965665236,-59.79439792698826,-42.30002,39.3129074315515,43.0,117.94263623006685,117.55675519938367,0,0,87.85474134953219,87.85474134953219,87.56730095286144
3213,2021-07-06T00:16:07,2021-07-06T00:41:37,154,38.4,64.0,25.6,29.749722194444445,116.2098523220486,25.5,86.25,28.68,134.765625,-69.99935058441558,-69.89999,37.91883116883117,41.0,116.2098523220486,117.41673360052519,0,0,86.5640013176016,86.5640013176016,87.46299972860305
3214,2021-07-06T00:41:48,2021-07-06T01:09:28,167,64.0,91.6,27.599999999999994,32.27777777777778,116.94847020933979,27.66666603088379,123.53,41.08,134.8580786026201,-70.0,-69.89999,40.01796407185629,42.0,116.94847020933979,117.3172633256129,0,0,87.1141932203629,87.1141932203629,87.38890493511938
3217,2021-07-06T16:15:02,2021-07-06T16:41:02,157,23.2,40.4,17.2,19.779865000000004,114.9992151162791,26.0,54.35,18.07,134.52970297029705,-45.645868853503195,-45.20001,37.261146496815286,39.0,114.9992151162791,117.2338144149871,0,0,85.66220513955513,85.66220513955513,87.3267443569496
3218,2021-07-06T16:41:13,2021-07-06T17:08:13,163,40.4,58.0,17.6,20.124170097222223,114.34187555239897,27.0,78.06,25.96,134.58620689655174,-44.71963950920246,-43.89999,38.8159509202454,40.0,114.34187555239897,117.0856190778986,0,0,85.17255695795224,85.17255695795224,87.2163545655622
3219,2021-07-06T17:08:24,2021-07-06T17:32:24,145,58.0,73.2,15.200000000000003,17.25625297222222,113.52798008040934,24.0,98.64,32.8,134.75409836065575,-43.14069696551725,-42.39999,39.9448275862069,41.0,113.52798008040934,117.0856190778986,0,0,84.56629124724077,84.56629124724077,87.2163545655622
3220,2021-07-06T17:32:35,2021-07-06T18:05:11,198,73.2,92.4,19.200000000000003,22.558516651388885,117.49227422598376,32.599998474121094,124.51,41.4,134.75108225108224,-41.51768181818182,-40.60001,40.0,41.0,117.49227422598376,117.0856190778986,0,0,87.51926947399097,87.51926947399097,87.2163545655622
3222,2021-07-07T07:12:57,2021-07-07T08:27:42,561,20.0,93.6,73.6,86.09075353055556,116.97113251434179,74.75,126.14,41.95,134.76495726495727,-69.07879071301247,-42.20001,35.783422459893046,40.0,116.97113251434179,116.98617999020435,0,0,87.13107423140332,87.13107423140332,87.14228300324466
3226,2021-07-07T17:32:52,2021-07-07T17:50:01,105,68.0,84.8,16.799999999999997,19.788448180555562,117.78838202711646,17.149999618530273,114.2,37.97,134.66981132075472,-69.23144171428572,-69.20001,40.0,41.0,117.78838202711646,116.98617999020435,0,0,87.73983834638199,87.73983834638199,87.14228300324466
3227,2021-07-07T17:50:12,2021-07-07T18:06:52,101,85.2,97.6,12.399999999999991,15.186530166666671,122.4720174731184,16.66666603088379,131.46,43.71,134.6926229508197,-54.68119673267328,-41.80002,40.53465346534654,42.0,122.4720174731184,117.0856190778986,0,0,91.22864946538515,91.22864946538515,87.2163545655622
3229,2021-07-08T01:33:11,2021-07-08T03:17:02,779,11.6,98.0,86.4,101.55353541944444,117.5388141428755,103.8499984741211,132.0,43.9,134.69387755102042,-58.664831103979466,-42.30002,39.09178433889602,43.0,117.5388141428755,117.2338144149871,0,0,87.55393677066708,87.55393677066708,87.3267443569496
3230,2021-07-08T11:17:21,2021-07-08T12:35:42,588,50.4,98.0,47.6,56.051048625,117.7543038340336,78.3499984741211,132.0,43.9,134.69387755102042,-42.92483525510204,-40.60001,35.11054421768708,37.0,117.7543038340336,117.2338144149871,0,0,87.71445371081126,87.71445371081126,87.3267443569496
3231,2021-07-09T10:04:28,2021-07-09T10:22:58,112,4.8,23.2,18.4,21.66541993055556,117.74684744867153,18.5,31.14,10.35,134.2241379310345,-70.26608205357145,-70.0,34.5,35.0,117.74684744867153,117.2338144149871,0,0,87.70889949540344,87.70889949540344,87.3267443569496
3233,2021-07-09T10:39:30,2021-07-09T10:56:10,101,40.0,56.8,16.799999999999997,19.498336416666675,116.0615262896826,16.66666603088379,76.43,25.42,134.5598591549296,-70.1940704950495,-70.0,37.36138613861386,39.0,116.0615262896826,117.2338144149871,0,0,86.45351417210912,86.45351417210912,87.3267443569496
3234,2021-07-09T10:56:21,2021-07-09T11:15:51,118,56.8,76.0,19.200000000000003,22.811669986111117,118.81078117766205,19.5,102.42,34.06,134.76315789473685,-70.18899322033899,-69.89999,39.41101694915254,41.0,118.81078117766205,117.3172633256129,0,0,88.50141715959379,88.50141715959379,87.38890493511938
3242,2021-07-09T23:46:21,2021-07-10T00:05:21,115,30.0,46.0,16.0,18.904169916666675,118.15106197916671,19.0,61.82,20.56,134.3913043478261,-59.69740156521739,-59.60001,38.94347826086957,41.0,118.15106197916671,117.3172633256129,0,0,88.00999640286194,88.00999640286194,87.38890493511938
3243,2021-07-10T00:05:32,2021-07-10T00:23:42,110,46.4,62.0,15.600000000000001,18.069447472222222,115.82979148860397,18.16666603088379,83.39,27.73,134.5,-59.67910090909089,-59.60001,40.66818181818182,43.0,115.82979148860397,117.2338144149871,0,0,86.28089634991008,86.28089634991008,87.3267443569496
3244,2021-07-10T00:23:53,2021-07-10T00:45:13,129,62.0,80.4,18.400000000000006,21.223892444444445,115.3472415458937,21.33333396911621,108.29,36.01,134.68905472636817,-59.69225806201551,-59.60001,42.06201550387597,44.0,115.3472415458937,117.2338144149871,0,0,85.92144787766848,85.92144787766848,87.3267443569496
3247,2021-07-10T06:33:26,2021-07-10T06:52:36,116,32.4,48.8,16.4,19.172222777777776,116.90379742547425,19.16666603088379,65.56,21.8,134.34426229508196,-60.01724310344828,-60.0,37.61206896551724,40.0,116.90379742547425,117.2338144149871,0,0,87.08091673954715,87.08091673954715,87.3267443569496
3250,2021-07-10T07:47:30,2021-07-10T08:05:50,111,73.6,89.2,15.600000000000009,18.34472336111111,117.59438051994296,18.33333396911621,120.09,39.93,134.63004484304932,-60.037841621621624,-60.0,39.5,41.0,117.59438051994296,117.2338144149871,0,0,87.59532782178341,87.59532782178341,87.3267443569496
3252,2021-07-10T16:46:30,2021-07-10T17:07:20,126,30.0,43.6,13.600000000000001,15.881111708333338,116.77288020833336,20.83333396911621,58.54,19.46,134.26605504587155,-45.74444619047619,-45.39999,39.0,40.0,116.77288020833336,117.2338144149871,0,0,86.98339731300425,86.98339731300425,87.3267443569496
3253,2021-07-10T17:07:31,2021-07-10T17:40:21,198,44.0,65.2,21.200000000000003,24.386530875000002,115.03080601415094,32.83333206176758,87.71,29.17,134.5245398773006,-44.56364196969697,-43.5,40.361111111111114,42.0,115.03080601415094,117.0856190778986,0,0,85.68573700428396,85.68573700428396,87.2163545655622
3255,2021-07-11T00:49:45,2021-07-11T01:25:20,269,15.6,46.0,30.4,35.63210066111111,117.2108574378655,35.58333206176758,61.78,20.54,134.30434782608694,-60.08141836431227,-59.80002,38.078066914498145,41.0,117.2108574378655,117.0856190778986,0,0,87.3096438464671,87.3096438464671,87.2163545655622
3256,2021-07-11T01:28:30,2021-07-11T02:13:20,337,46.8,85.2,38.400000000000006,44.85478091111111,116.80932528935183,44.83333206176758,114.67,38.14,134.58920187793427,-60.029084332344226,-59.80002,41.10979228486647,44.0,116.80932528935183,117.0856190778986,0,0,87.01054502878104,87.01054502878104,87.2163545655622
3257,2021-07-11T05:16:12,2021-07-11T06:17:03,457,47.2,97.6,50.39999999999999,59.26418080138889,117.58766032021607,60.849998474121094,131.36,43.68,134.59016393442624,-58.38358888402626,-27.5,38.927789934354486,41.0,117.58766032021607,117.1904340637979,0,0,87.59032198650878,87.59032198650878,87.29443060125276
3261,2021-07-11T19:07:20,2021-07-11T20:05:23,436,41.2,94.4,53.2,62.679982875,117.81951668233083,58.04999923706055,126.97,42.22,134.5021186440678,-64.76468990825688,-42.5,43.11353211009175,45.0,117.81951668233083,117.1904340637979,0,0,87.76303035877292,87.76303035877292,87.29443060125276
3262,2021-07-12T15:29:21,2021-07-12T15:46:01,101,23.2,34.4,11.2,12.867223888888889,114.88592757936509,16.66666603088379,46.12,15.33,134.06976744186048,-46.322778316831695,-46.0,37.742574257425744,39.0,114.88592757936509,117.1904340637979,0,0,85.57781795293762,85.57781795293762,87.29443060125276
3263,2021-07-12T15:46:12,2021-07-12T16:04:42,112,34.4,46.4,12.0,14.132500958333338,117.77084131944449,18.5,62.3,20.71,134.26724137931035,-45.83482455357143,-45.5,38.99107142857143,41.0,117.77084131944449,117.2542377890547,0,0,87.72677238156328,87.72677238156328,87.34195760216394
3264,2021-07-12T16:04:53,2021-07-12T16:22:53,109,46.4,58.4,12.0,13.53111188888889,112.75926574074076,18.0,78.43,26.08,134.29794520547946,-45.10275486238531,-44.5,40.50917431192661,42.0,112.75926574074076,117.2542377890547,0,0,83.99368068297018,83.99368068297018,87.34195760216394
3265,2021-07-12T16:23:04,2021-07-12T16:41:34,112,58.8,70.4,11.600000000000009,13.535556611111115,116.68583285440607,18.5,94.57,31.45,134.33238636363635,-43.899110625000006,-43.20001,41.785714285714285,43.0,116.68583285440607,117.2542377890547,0,0,86.91855627664208,86.91855627664208,87.34195760216394
3268,2021-07-13T09:16:35,2021-07-13T09:45:25,174,54.4,83.2,28.800000000000004,33.716531652777775,117.07129046103393,28.83333396911621,111.96,37.23,134.56730769230768,-70.16207706896553,-69.89999,36.30172413793103,38.0,117.07129046103393,117.2542377890547,0,0,87.20568126734894,87.20568126734894,87.34195760216394
3271,2021-07-13T14:35:15,2021-07-13T15:01:15,157,52.8,78.8,26.0,30.31625076388889,116.60096447649572,26.0,105.89,35.21,134.3781725888325,-69.95987439490446,-69.70001,41.681528662420384,43.0,116.60096447649572,117.2542377890547,0,0,86.85533834605823,86.85533834605823,87.34195760216394
3274,2021-07-13T21:07:33,2021-07-13T21:26:03,112,61.6,77.6,15.999999999999993,18.760140791666668,117.25087994791673,18.5,104.26,34.67,134.3556701030928,-60.84375616071429,-60.70001,40.6875,42.0,117.25087994791673,117.2742490440803,0,0,87.33945636703729,87.33945636703729,87.35686386244903
3275,2021-07-13T21:26:14,2021-07-13T21:43:24,104,77.6,92.4,14.800000000000011,17.420692625,117.70738260135127,17.16666603088379,124.19,41.3,134.4047619047619,-60.887493750000004,-60.80002,41.06730769230769,43.0,117.70738260135127,117.2742490440803,0,0,87.6795023743576,87.6795023743576,87.35686386244903
3277,2021-07-14T05:34:16,2021-07-14T06:50:30,572,18.4,94.4,76.0,88.95461816666668,117.04555021929826,76.23332977294922,126.89,42.2,134.41737288135593,-69.9884670979021,-42.60001,39.15734265734266,43.0,117.04555021929826,117.23086869289111,0,0,87.18650752024402,87.18650752024402,87.32455010675218
3279,2021-07-14T15:33:38,2021-07-14T15:54:18,125,15.2,36.0,20.8,23.766666666666666,114.2628205128205,20.66666603088379,48.31,16.07,134.19444444444446,-69.0,-69.0,42.628,44.0,114.2628205128205,117.1904340637979,0,0,85.11366934719037,85.11366934719037,87.29443060125276
3280,2021-07-14T15:54:29,2021-07-14T16:13:49,117,36.0,54.0,18.0,21.107638611111113,117.2646589506173,19.33333396911621,72.56,24.13,134.37037037037035,-65.51281965811967,-63.39999,43.7991452991453,46.0,117.2646589506173,117.1904340637979,0,0,87.34972026105396,87.34972026105396,87.29443060125276
3281,2021-07-14T16:14:00,2021-07-14T16:33:00,115,54.4,71.2,16.800000000000004,20.019305472222225,119.16253257275132,19.0,95.73,31.83,134.45224719101122,-62.94521713043478,0.0,45.52608695652174,47.0,119.16253257275132,117.1904340637979,0,0,88.76343460148497,88.76343460148497,87.29443060125276
3282,2021-07-14T20:46:32,2021-07-14T21:13:22,162,31.6,55.2,23.6,27.039586180555556,114.57451771421844,26.83333396911621,74.09,24.64,134.22101449275362,-60.461734753086425,-59.30002,42.48148148148148,45.0,114.57451771421844,117.12065057538211,0,0,85.34585066756355,85.34585066756355,87.24244931169368
3283,2021-07-14T21:13:33,2021-07-14T21:43:03,178,55.2,79.6,24.39999999999999,28.42805815277778,116.50843505236799,29.5,107.09,35.61,134.535175879397,-57.819668202247186,-56.10001,44.081460674157306,46.0,116.50843505236799,117.0584203401661,0,0,86.78641374945938,86.78641374945938,87.19609439379647
3284,2021-07-14T21:43:14,2021-07-14T22:09:14,157,79.6,97.6,18.0,21.922779374999994,121.79321874999997,26.0,131.21,43.64,134.43647540983608,-50.584080191082805,-42.20001,44.031847133757964,46.0,121.79321874999997,117.12065057538211,0,0,90.72301648859097,90.72301648859097,87.24244931169368
3285,2021-07-15T08:18:21,2021-07-15T08:35:11,102,28.8,42.8,13.999999999999996,16.81235901388889,120.08827867063496,16.83333396911621,57.51,19.13,134.36915887850466,-59.92548274509803,-59.89999,33.794117647058826,36.0,120.08827867063496,117.1904340637979,0,0,89.45301715266906,89.45301715266906,87.29443060125276
3286,2021-07-15T08:35:22,2021-07-15T09:00:22,151,43.2,64.4,21.200000000000003,24.957079986111115,117.72207540618449,25.0,86.55,28.78,134.39440993788818,-59.89668079470198,-59.80002,35.63245033112583,38.0,117.72207540618449,117.1904340637979,0,0,87.69044695393951,87.69044695393951,87.29443060125276
3287,2021-07-15T09:00:33,2021-07-15T09:22:03,130,64.8,82.8,18.0,21.456804180555554,119.20446766975309,21.5,111.36,37.03,134.4927536231884,-59.87922700000001,-59.80002,37.2,39.0,119.20446766975309,117.1904340637979,0,0,88.79467179626305,88.79467179626305,87.29443060125276
3288,2021-07-15T09:22:14,2021-07-15T09:41:04,114,83.2,97.6,14.399999999999991,17.657775402777776,122.62344029706797,18.83333396911621,131.28,43.66,134.5081967213115,-56.20964166666667,-42.39999,37.728070175438596,39.0,122.62344029706797,117.1904340637979,0,0,91.34144339180338,91.34144339180338,87.29443060125276
3289,2021-07-15T15:08:39,2021-07-15T15:33:39,151,47.6,68.4,20.800000000000004,24.45403075,117.56745552884614,25.0,91.81,30.53,134.2251461988304,-58.49139781456953,0.0,39.443708609271525,41.0,117.56745552884614,117.1904340637979,0,0,87.57527156219604,87.57527156219604,87.29443060125276
3290,2021-07-15T15:33:50,2021-07-15T16:03:30,179,68.4,92.0,23.599999999999994,27.63347523611111,117.0909967631827,29.66666603088379,123.54,41.08,134.2826086956522,-55.888274189944134,-54.20001,40.76536312849162,42.0,117.0909967631827,117.1509271005241,0,0,87.22036037011937,87.22036037011937,87.26500210829323
3292,2021-07-16T01:55:36,2021-07-16T03:09:09,552,18.0,91.6,73.6,85.65073879583335,116.37328640738227,73.55000305175781,123.05,40.92,134.3340611353712,-69.87137900362319,-69.60001,37.643115942028984,41.0,116.37328640738227,117.08114361210832,0,0,86.68574235844689,86.68574235844689,87.21302081873415
3294,2021-07-16T10:35:51,2021-07-16T10:53:21,106,22.4,40.0,17.6,20.421806944444445,116.03299400252524,17.5,53.63,17.83,134.075,-70.01792924528303,-69.70001,36.34905660377358,38.0,116.03299400252524,117.08114361210832,0,0,86.43226064761242,86.43226064761242,87.21302081873415
3295,2021-07-16T10:53:32,2021-07-16T11:10:02,100,40.0,56.8,16.799999999999997,19.241945222222228,114.53538822751327,16.5,76.28,25.36,134.29577464788733,-69.97100280000001,-69.70001,38.035,40.0,114.53538822751327,117.08114361210832,0,0,85.3167033545688,85.3167033545688,87.21302081873415
3296,2021-07-16T11:10:13,2021-07-16T11:27:53,107,56.8,74.8,18.0,20.605278833333333,114.4737712962963,17.66666603088379,100.53,33.43,134.39839572192514,-69.97944289719626,-69.70001,39.74766355140187,41.0,114.4737712962963,117.0584203401661,0,0,85.27080528303291,85.27080528303291,87.19609439379647
3299,2021-07-16T14:05:51,2021-07-16T14:39:30,253,67.2,97.6,30.39999999999999,36.399016225000004,119.73360600328951,33.650001525878906,131.14,43.6,134.36475409836063,-64.8731267193676,-42.20001,41.09090909090909,43.0,119.73360600328951,117.08114361210832,0,0,89.18882367311515,89.18882367311515,87.21302081873415
3300,2021-07-17T10:14:52,2021-07-17T10:33:32,113,32.4,48.4,16.0,18.471806069444444,115.44878793402778,18.66666603088379,64.98,21.6,134.25619834710744,-59.374337876106196,-59.30002,29.920353982300885,31.0,115.44878793402778,117.08114361210832,0,0,85.99708915506962,85.99708915506962,87.21302081873415
3301,2021-07-17T10:33:43,2021-07-17T11:01:43,169,48.4,72.8,24.4,27.723471125,113.62078329918033,28.0,97.75,32.5,134.27197802197801,-59.407689940828405,-59.30002,32.3905325443787,34.0,113.62078329918033,117.08114361210832,0,0,84.63541979177852,84.63541979177852,87.21302081873415
3302,2021-07-17T11:01:54,2021-07-17T11:31:34,179,72.8,96.8,24.0,28.44097016666667,118.50404236111113,29.66666603088379,130.08,43.26,134.3801652892562,-57.482677374301666,-41.89999,33.96368715083799,35.0,118.50404236111113,117.1509271005241,0,0,88.27292930947168,88.27292930947168,87.26500210829323
3305,2021-07-17T17:53:24,2021-07-17T18:15:24,133,67.6,86.4,18.80000000000001,22.07389261111111,117.41432239952711,22.0,116.05,38.59,134.31712962962962,-60.20151390977444,-60.20001,38.30827067669173,40.0,117.41432239952711,117.23086869289111,0,0,87.46120363987043,87.46120363987043,87.32455010675218
3308,2021-07-17T23:36:05,2021-07-17T23:56:05,121,51.6,68.8,17.199999999999996,20.038614444444445,116.50357235142121,20.0,92.43,30.74,134.34593023255815,-60.116538925619835,-60.10001,37.252066115702476,39.0,116.50357235142121,117.1509271005241,0,0,86.7827915535547,86.7827915535547,87.26500210829323
3309,2021-07-17T23:56:16,2021-07-18T00:29:16,199,68.8,96.4,27.60000000000001,32.30569988888889,117.04963727858289,33.0,129.54,43.07,134.37759336099583,-58.70051241206031,-42.60001,38.44472361809045,40.0,117.04963727858289,117.1509271005241,0,0,87.1895519454647,87.1895519454647,87.26500210829323
3312,2021-07-18T05:03:59,2021-07-18T05:22:59,115,19.6,36.0,16.4,19.0,115.85365853658539,19.0,48.31,16.07,134.19444444444446,-60.0,-60.0,35.5,37.0,115.85365853658539,117.08114361210832,0,0,86.29867476655572,86.29867476655572,87.21302081873415
3313,2021-07-18T05:23:10,2021-07-18T05:41:50,113,36.0,52.0,16.0,18.66583325,116.66145781249999,18.66666603088379,69.75,23.19,134.1346153846154,-59.997344867256636,-59.89999,36.33185840707964,38.0,116.66145781249999,117.06046386980842,0,0,86.90039945845916,86.90039945845916,87.19761660640683
3314,2021-07-18T05:42:01,2021-07-18T06:08:24,160,52.4,74.8,22.4,26.38222211111111,117.77777728174603,26.383333206176758,100.54,33.43,134.41176470588235,-59.997499749999996,-59.89999,38.065625,40.0,117.77777728174603,117.06046386980842,0,0,87.73193893704729,87.73193893704729,87.19761660640683
3315,2021-07-18T06:08:35,2021-07-18T06:28:25,120,75.2,91.6,16.39999999999999,19.839861763888887,120.97476685298108,19.83333396911621,123.15,40.95,134.44323144104806,-60.020002,-60.0,38.5125,40.0,120.97476685298108,117.06046386980842,0,0,90.11335672501433,90.11335672501433,87.19761660640683
3318,2021-07-18T15:49:16,2021-07-18T16:16:56,167,23.2,51.2,28.000000000000004,32.23736173611111,115.13343477182539,27.66666603088379,68.57,22.8,133.92578124999997,-69.91257616766467,-69.70001,41.0688622754491,43.0,115.13343477182539,117.04759374894059,0,0,85.76218453207133,85.76218453207133,87.18802973285436
3319,2021-07-18T16:17:07,2021-07-18T16:46:47,179,51.2,79.2,28.0,32.94375252777778,117.65625902777778,29.66666603088379,106.38,35.38,134.3181818181818,-66.6301727932961,-64.10001,43.60614525139665,45.0,117.65625902777778,117.06046386980842,0,0,87.64142074012652,87.64142074012652,87.19761660640683
3330,2021-07-19T03:01:31,2021-07-19T03:18:11,101,36.4,54.0,17.6,20.57166788888889,116.88447664141414,16.66666603088379,72.33,24.05,133.94444444444443,-74.0574300990099,-73.80002,38.995049504950494,42.0,116.88447664141414,117.04759374894059,0,0,87.06652480682011,87.06652480682011,87.18802973285436
3331,2021-07-19T03:18:22,2021-07-19T03:35:12,102,54.4,72.4,18.000000000000007,20.77000088888889,115.38889382716046,16.83333396911621,97.28,32.35,134.3646408839779,-74.03137568627452,-73.80002,41.02450980392157,44.0,115.38889382716046,116.97467382238625,0,0,85.95247440475214,85.95247440475214,87.13371212989559
3332,2021-07-19T03:35:23,2021-07-19T03:51:53,100,72.4,90.0,17.599999999999994,20.35888991666667,115.67551089015157,16.5,120.82,40.18,134.24444444444444,-74.03100359999999,-73.70001,42.02,44.0,115.67551089015157,116.97467382238625,0,0,86.16597368491345,86.16597368491345,87.13371212989559
3335,2021-07-19T11:50:52,2021-07-19T12:07:52,103,51.6,62.4,10.799999999999997,12.617361347222223,116.82741988168728,17.0,83.68,27.83,134.10256410256412,-44.53106873786408,-43.89999,35.29611650485437,37.0,116.82741988168728,116.97467382238625,0,0,87.02402357886496,87.02402357886496,87.13371212989559
3336,2021-07-19T12:08:03,2021-07-19T12:26:03,109,62.4,73.6,11.199999999999996,12.992361958333337,116.00323177083341,18.0,98.75,32.84,134.1711956521739,-43.30825972477063,-42.70001,36.0,37.0,116.00323177083341,116.96501343035621,0,0,86.41009094502778,86.41009094502778,87.12651616353207
3337,2021-07-19T12:26:14,2021-07-19T12:42:54,101,73.6,84.0,10.400000000000006,11.747640597222224,112.95808266559825,16.66666603088379,112.65,37.46,134.10714285714286,-42.29208534653466,-41.89999,36.103960396039604,38.0,112.95808266559825,116.85594826155071,0,0,84.14177818246301,84.14177818246301,87.04527419284253
3340,2021-07-19T18:20:12,2021-07-19T18:41:32,129,44.4,58.0,13.600000000000001,15.775279416666669,115.99470159313726,21.33333396911621,77.75,25.85,134.05172413793105,-44.366671317829464,-43.70001,36.47674418604651,38.0,115.99470159313726,116.85594826155071,0,0,86.40373686834172,86.40373686834172,87.04527419284253
3341,2021-07-19T18:41:43,2021-07-19T19:00:33,114,58.4,70.0,11.600000000000001,13.540696250000002,116.73014008620689,18.83333396911621,93.92,31.24,134.17142857142858,-43.137725,-42.39999,37.74122807017544,39.0,116.73014008620689,116.85594826155071,0,0,86.95156045998237,86.95156045998237,87.04527419284253
3342,2021-07-19T19:00:44,2021-07-19T19:20:24,119,70.0,81.6,11.599999999999994,13.749168611111115,118.52731561302691,19.66666603088379,109.53,36.42,134.2279411764706,-41.94622428571428,-41.39999,38.0,39.0,118.52731561302691,116.85594826155071,0,0,88.29026541109513,88.29026541109513,87.04527419284253
3344,2021-07-20T11:25:05,2021-07-20T12:07:00,315,56.0,95.6,39.599999999999994,46.93440495694444,118.52122463874859,41.91666793823242,128.34,42.67,134.24686192468621,-67.14413006349207,-42.20001,31.20793650793651,33.0,118.52122463874859,116.96501343035621,0,0,88.28572828197125,88.28572828197125,87.12651616353207
3346,2021-07-20T20:11:06,2021-07-20T20:28:26,105,56.8,71.2,14.400000000000006,16.77555772222222,116.49692862654317,17.33333396911621,95.49,31.75,134.11516853932582,-58.06953133333334,-57.0,32.54761904761905,34.0,116.49692862654317,116.85594826155071,0,0,86.77784268392269,86.77784268392269,87.04527419284253
3349,2021-07-21T01:26:07,2021-07-21T01:45:47,119,41.6,61.6,20.0,22.976669805555563,114.88334902777781,19.66666603088379,82.64,27.48,134.15584415584416,-70.09832890756303,-70.0,32.747899159663866,35.0,114.88334902777781,116.77877998394709,0,0,85.57589720578463,85.57589720578463,86.98779201942367
3350,2021-07-21T01:45:58,2021-07-21T02:04:18,111,61.6,80.0,18.4,21.416808041666673,116.39569587862323,18.33333396911621,107.36,35.71,134.2,-70.09099909909911,-70.0,34.72072072072072,36.0,116.39569587862323,116.77877998394709,0,0,86.70243503518013,86.70243503518013,86.98779201942367
3351,2021-07-21T02:04:29,2021-07-21T02:23:09,113,80.4,96.8,16.39999999999999,19.617501555555556,119.6189119241193,18.66666603088379,129.91,43.21,134.20454545454547,-62.99646513274336,-42.39999,35.530973451327434,37.0,119.6189119241193,116.77877998394709,0,0,89.10338876185739,89.10338876185739,86.98779201942367
3354,2021-07-21T23:59:59,2021-07-22T00:16:59,103,32.8,49.6,16.800000000000004,19.694166916666667,117.22718402777775,17.0,66.41,22.08,133.89112903225805,-69.50873873786408,-69.5,31.228155339805824,33.0,117.22718402777775,116.85594826155071,0,0,87.32180542246464,87.32180542246464,87.04527419284253
3360,2021-07-22T14:24:37,2021-07-22T14:41:57,105,43.2,60.8,17.599999999999994,20.217084847222225,114.86980026830814,17.33333396911621,81.5,27.1,134.04605263157896,-69.98095761904763,-69.70001,39.595238095238095,42.0,114.86980026830814,116.85594826155071,0,0,85.56580481852872,85.56580481852872,87.04527419284253
3361,2021-07-22T14:42:08,2021-07-22T14:59:28,105,61.2,78.4,17.200000000000003,20.223195486111113,117.57671794250643,17.33333396911621,105.17,34.97,134.1454081632653,-70.00381314285715,-69.60001,41.576190476190476,43.0,117.57671794250643,116.85594826155071,0,0,87.58217107692971,87.58217107692971,87.04527419284253
3364,2021-07-22T22:58:50,2021-07-22T23:19:50,127,37.2,55.6,18.4,21.098616805555558,114.66639568236717,21.0,74.53,24.78,134.04676258992805,-60.281906062992114,-60.20001,39.023622047244096,41.0,114.66639568236717,116.85594826155071,0,0,85.41428999862684,85.41428999862684,87.04527419284253
3365,2021-07-22T23:20:01,2021-07-22T23:40:11,122,56.0,73.2,17.200000000000003,20.261394777777777,117.7988068475452,20.16666603088379,98.1,32.62,134.01639344262296,-60.28198475409836,-60.20001,40.84836065573771,43.0,117.7988068475452,116.85594826155071,0,0,87.74760373073882,87.74760373073882,87.04527419284253
3366,2021-07-22T23:40:22,2021-07-23T00:03:32,140,73.6,93.2,19.60000000000001,23.274311736111112,118.74648844954643,23.16666603088379,124.98,41.56,134.09871244635193,-60.27930164285715,-60.20001,41.5,43.0,118.74648844954643,116.85594826155071,0,0,88.45352590347302,88.45352590347302,87.04527419284253
3369,2021-07-23T13:27:06,2021-07-23T13:46:36,118,52.4,69.2,16.800000000000004,19.650141194444448,116.9651261574074,19.5,92.82,30.86,134.1329479768786,-60.459329152542374,-60.10001,39.360169491525426,41.0,116.9651261574074,116.85594826155071,0,0,87.12660013321634,87.12660013321634,87.04527419284253
3370,2021-07-23T13:46:47,2021-07-23T14:06:07,117,69.2,86.0,16.799999999999997,19.492363875000002,116.0259754464286,19.33333396911621,115.28,38.33,134.04651162790697,-60.49146162393161,-60.10001,40.39316239316239,42.0,116.0259754464286,116.85594826155071,0,0,86.42703256852053,86.42703256852053,87.04527419284253
3373,2021-07-23T20:24:54,2021-07-23T20:43:44,114,33.6,52.4,18.799999999999997,22.05306038888889,117.30351270685583,18.83333396911621,70.31,23.38,134.1793893129771,-70.25703289473685,-70.20001,41.10087719298246,43.0,117.30351270685583,116.85594826155071,0,0,87.37866218412694,87.37866218412694,87.04527419284253
3374,2021-07-23T20:43:55,2021-07-23T21:02:25,112,52.4,71.2,18.800000000000004,21.511115458333347,114.42082690602841,18.5,95.47,31.75,134.08707865168537,-69.74554982142858,-64.30002,42.982142857142854,45.0,114.42082690602841,116.77877998394709,0,0,85.23136733369098,85.23136733369098,86.98779201942367
3375,2021-07-23T21:02:36,2021-07-23T21:19:56,105,71.2,87.2,16.0,18.70611402777778,116.91321267361111,17.33333396911621,116.86,38.86,134.0137614678899,-64.75143866666667,-64.60001,43.99047619047619,45.0,116.91321267361111,116.85594826155071,0,0,87.08793009973854,87.08793009973854,87.04527419284253
3377,2021-07-24T05:24:35,2021-07-24T06:29:51,490,30.4,95.2,64.80000000000001,76.1257751888889,117.47804813100136,65.26667022705078,127.65,42.45,134.0861344537815,-69.95490834693878,-42.70001,39.94795918367347,43.0,117.47804813100136,116.89884465751263,0,0,87.50867254369466,87.50867254369466,87.07722745327933
3378,2021-07-24T09:04:17,2021-07-24T09:30:19,196,64.8,90.8,26.0,30.42929549305556,117.03575189636753,26.03333282470703,121.75,40.49,134.08590308370046,-70.13164147959183,-69.89999,41.0969387755102,43.0,117.03575189636753,116.89884465751263,0,0,87.17920881000441,87.17920881000441,87.07722745327933
3379,2021-07-24T15:34:25,2021-07-24T16:13:24,293,39.2,77.2,38.0,43.93800279166667,115.62632313596492,38.983333587646484,103.39,34.38,133.92487046632124,-67.62355378839591,-64.10001,43.100682593856654,45.0,115.62632313596492,116.85594826155071,0,0,86.1293340305886,86.1293340305886,87.04527419284253
3380,2021-07-24T16:13:35,2021-07-24T16:40:41,204,77.2,97.6,20.39999999999999,24.81292016388889,121.6319615876907,27.100000381469727,130.83,43.51,134.047131147541,-54.92990970588236,-42.20001,44.838235294117645,46.0,121.6319615876907,116.85594826155071,0,0,90.60289702426252,90.60289702426252,87.04527419284253
3388,2021-07-25T10:17:27,2021-07-25T10:34:07,101,75.6,89.6,14.0,16.621946750000003,118.72819107142858,16.66666603088379,120.05,39.92,133.984375,-59.83862227722773,-59.80002,39.65346534653465,41.0,118.72819107142858,116.85594826155071,0,0,88.43989629951213,88.43989629951213,87.04527419284253
3391,2021-07-25T19:31:12,2021-07-25T19:48:32,105,17.2,30.8,13.600000000000001,15.893197375000002,116.86174540441176,17.33333396911621,41.08,13.66,133.37662337662337,-54.908581523809524,-29.80002,41.00476190476191,43.0,116.86174540441176,116.84458264304952,0,0,87.04959244875833,87.04959244875833,87.03680801381165
3392,2021-07-25T19:48:43,2021-07-25T20:05:43,103,30.8,44.8,13.999999999999996,16.343752833333333,116.7410916666667,17.0,59.85,19.9,133.59375000000003,-57.68350514563105,-57.60001,42.092233009708735,44.0,116.7410916666667,116.78425577417698,0,0,86.95971822463322,86.95971822463322,86.99187090174908
3400,2021-07-26T01:12:03,2021-07-26T01:28:33,100,59.6,76.0,16.4,19.388889027777775,118.22493309620596,16.5,101.71,33.82,133.82894736842104,-70.50500050000001,-70.5,41.34,44.0,118.22493309620596,116.78425577417698,0,0,88.06502254173868,88.06502254173868,86.99187090174908
3401,2021-07-26T01:28:44,2021-07-26T01:45:14,100,76.4,92.8,16.39999999999999,19.397501,118.27744512195126,16.5,124.41,41.37,134.0625,-70.5360036,-70.5,41.85,44.0,118.27744512195126,116.84458264304952,0,0,88.10413842541787,88.10413842541787,87.03680801381165
3404,2021-07-26T20:17:43,2021-07-26T20:35:23,107,39.6,57.6,18.0,20.683613888888893,114.90896604938274,17.66666603088379,77.17,25.67,133.97569444444443,-70.246738317757,-70.0,38.546728971962615,40.0,114.90896604938274,116.84458264304952,0,0,85.59497916697512,85.59497916697512,87.03680801381165
3407,2021-07-26T20:55:54,2021-07-26T21:16:14,123,78.4,96.8,18.39999999999999,21.921252916666667,119.1372441123189,20.33333396911621,129.68,43.13,133.96694214876035,-64.61708170731707,-42.39999,41.03658536585366,42.0,119.1372441123189,116.87311102291295,0,0,88.7445973834828,88.7445973834828,87.05805862778922
3410,2021-07-27T02:10:00,2021-07-27T02:28:40,113,68.8,87.2,18.400000000000006,21.549588513888896,117.11732887983092,18.66666603088379,116.75,38.82,133.88761467889907,-69.26638831858408,-69.20001,39.796460176991154,41.0,117.11732887983092,116.89884465751263,0,0,87.2399750011914,87.2399750011914,87.07722745327933
3412,2021-07-27T10:54:30,2021-07-27T11:14:20,120,39.2,56.4,17.199999999999996,19.998333638888887,116.26938162144705,19.83333396911621,75.38,25.07,133.65248226950354,-60.49916758333333,-60.30002,38.15416666666667,40.0,116.26938162144705,116.87311102291295,0,0,86.60834432508845,86.60834432508845,87.05805862778922
3414,2021-07-27T11:18:32,2021-07-27T11:36:32,110,60.0,75.6,15.599999999999994,18.160695513888886,116.4147148326211,18.0,101.32,33.69,134.02116402116403,-60.535458090909096,-60.5,39.8,41.0,116.4147148326211,116.87311102291295,0,0,86.71660213655781,86.71660213655781,87.05805862778922
3415,2021-07-27T11:36:43,2021-07-27T12:04:13,166,75.6,98.0,22.400000000000006,26.27375319444445,117.29354104662697,27.5,131.22,43.64,133.89795918367346,-57.16145271084337,0.0,40.31927710843374,42.0,117.29354104662697,116.89884465751263,0,0,87.37123435600442,87.37123435600442,87.07722745327933
3416,2021-07-27T16:06:09,2021-07-27T16:42:11,271,65.2,95.6,30.39999999999999,35.896001322222226,118.07895171783629,36.03333282470703,128.01,42.57,133.90167364016736,-59.74538966789668,-43.0,44.289667896678964,46.0,118.07895171783629,116.89884465751263,0,0,87.95628191452819,87.95628191452819,87.07722745327933
3420,2021-07-28T03:55:24,2021-07-28T04:14:14,114,63.2,81.6,18.39999999999999,21.970695055555556,119.40595138888895,18.83333396911621,109.26,36.33,133.89705882352942,-69.99561596491228,-69.70001,41.07017543859649,43.0,119.40595138888895,116.89884465751263,0,0,88.94475577434451,88.94475577434451,87.07722745327933
3422,2021-07-28T14:53:09,2021-07-28T15:17:29,147,16.0,40.4,24.4,28.535693791666663,116.94956471994534,24.33333396911621,53.87,17.91,133.34158415841586,-70.3619031972789,-70.20001,40.36054421768708,42.0,116.94956471994534,116.93138869677823,0,0,87.11500851455362,87.11500851455362,87.10146930714609
3423,2021-07-28T15:17:40,2021-07-28T15:46:40,175,40.4,68.8,28.4,32.76763895833333,115.37901041666666,29.0,91.93999,30.57,133.63370639534884,-67.79314297142858,-64.5,43.385714285714286,46.0,115.37901041666666,116.89884465751263,0,0,85.94511231331228,85.94511231331228,87.07722745327933
3424,2021-07-28T15:46:51,2021-07-28T16:05:51,115,69.2,86.4,17.200000000000003,20.465141888888894,118.9833830749354,19.0,115.55,38.42,133.7384259259259,-64.626966,-64.5,45.1,46.0,118.9833830749354,116.93138869677823,0,0,88.62998724693531,88.62998724693531,87.10146930714609
3425,2021-07-29T00:30:31,2021-07-29T00:51:51,129,16.8,38.4,21.599999999999998,24.904446,115.29836111111113,21.33333396911621,51.3,17.06,133.59375,-70.04341519379845,-69.89999,34.4031007751938,37.0,115.29836111111113,116.93138869677823,0,0,85.88503714366982,85.88503714366982,87.10146930714609
3426,2021-07-29T00:52:02,2021-07-29T01:09:22,105,38.4,56.0,17.6,20.239446166666667,114.99685321969696,17.33333396911621,74.99,24.93,133.91071428571428,-70.060006,-70.0,36.24761904761905,39.0,114.99685321969696,116.89884465751263,0,0,85.66044577737745,85.66044577737745,87.07722745327933
3427,2021-07-29T01:09:33,2021-07-29T01:29:03,118,56.0,76.0,20.0,22.772641152777783,113.86320576388891,19.5,101.63,33.79,133.7236842105263,-70.06949847457628,-70.0,38.30508474576271,40.0,113.86320576388891,116.87311102291295,0,0,84.81599878861172,84.81599878861172,87.05805862778922
3428,2021-07-29T01:29:14,2021-07-29T01:48:44,118,76.0,94.8,18.799999999999997,22.210003041666667,118.13831405141846,19.5,126.85,42.18,133.80801687763713,-68.23645,-42.5,39.45762711864407,41.0,118.13831405141846,116.89884465751263,0,0,88.00050055020964,88.00050055020964,87.07722745327933
3431,2021-07-29T06:50:49,2021-07-29T07:08:49,109,62.0,80.0,18.0,21.06111477777778,117.00619320987657,18.0,106.92,35.56,133.65,-70.20368192660551,-70.10001,38.56880733944954,41.0,117.00619320987657,116.89884465751263,0,0,87.15719072698286,87.15719072698286,87.07722745327933
3432,2021-07-29T07:09:00,2021-07-29T07:27:10,110,80.0,96.4,16.400000000000006,19.067781125000007,116.26695807926829,18.16666603088379,129.0,42.89,133.8174273858921,-62.915465545454545,-42.5,39.10454545454545,41.0,116.26695807926829,116.88747903901144,0,0,86.60653904348656,86.60653904348656,87.06876127424843
3435,2021-07-29T19:34:31,2021-07-29T19:51:11,101,28.0,44.4,16.4,19.46236245833333,118.67294181910569,16.66666603088379,59.28,19.71,133.51351351351352,-70.06436128712872,-69.80002,34.92574257425743,37.0,118.67294181910569,116.93138869677823,0,0,88.39874147265957,88.39874147265957,87.10146930714609
3440,2021-07-30T00:45:31,2021-07-30T01:03:21,108,64.4,82.0,17.599999999999994,20.908057333333332,118.79578030303034,17.83333396911621,109.63,36.46,133.6951219512195,-70.3453763888889,-70.20001,36.995370370370374,39.0,118.79578030303034,116.95734543867637,0,0,88.49024310072153,88.49024310072153,87.12080432388498
3443,2021-07-30T22:12:43,2021-07-30T22:29:13,100,13.6,24.8,11.200000000000001,12.794029722222222,114.23240823412696,16.5,33.04,10.99,133.2258064516129,-46.52400699999998,-46.20001,36.0,37.0,114.23240823412696,116.95734543867637,0,0,85.09101542860864,85.09101542860864,87.12080432388498
3444,2021-07-30T22:29:24,2021-07-30T22:46:24,103,24.8,36.4,11.599999999999998,13.039446375000004,112.40902047413799,17.0,48.5,16.13,133.24175824175825,-46.02136611650483,-45.80002,36.0,37.0,112.40902047413799,116.95734543867637,0,0,83.7327851468872,83.7327851468872,87.12080432388498
3445,2021-07-30T22:46:35,2021-07-30T23:05:15,113,36.4,48.8,12.399999999999999,14.179308083333336,114.34925873655916,18.66666603088379,65.13,21.66,133.46311475409834,-45.57611442477876,-45.20001,36.76548672566372,38.0,114.34925873655916,116.95734543867637,0,0,85.17805664623683,85.17805664623683,87.12080432388498
3446,2021-07-30T23:05:26,2021-07-30T23:22:16,102,48.8,59.2,10.400000000000006,12.614308263888887,121.29142561431617,16.83333396911621,79.2,26.33,133.78378378378378,-44.961774411764715,-44.60001,37.950980392156865,40.0,121.29142561431617,116.98565968364198,0,0,90.34923388074357,90.34923388074357,87.1418954300996
3447,2021-07-30T23:22:27,2021-07-30T23:40:17,108,59.2,70.0,10.799999999999997,13.055418347222226,120.88350321502064,17.83333396911621,93.56,31.11,133.65714285714287,-43.92500574074074,-43.30002,39.0,41.0,120.88350321502064,117.02097255312205,0,0,90.04537500471437,90.04537500471437,87.16819976849364
3448,2021-07-30T23:40:28,2021-07-30T23:57:28,103,70.0,80.4,10.400000000000006,12.12875181944445,116.62261364850427,17.0,107.48,35.75,133.681592039801,-42.80777339805826,-42.39999,39.5,41.0,116.62261364850427,116.98565968364198,0,0,86.87146468058863,86.87146468058863,87.1418954300996
3452,2021-07-31T07:58:13,2021-07-31T08:15:03,102,48.0,62.4,14.399999999999999,16.624862319444446,115.45043277391977,16.83333396911621,83.39,27.73,133.63782051282053,-59.25686715686273,-58.20001,37.28921568627451,39.0,115.45043277391977,116.95734543867637,0,0,85.99831438614713,85.99831438614713,87.12080432388498
3453,2021-07-31T08:15:14,2021-07-31T08:33:14,109,62.8,77.2,14.400000000000006,17.177363041666666,119.28724334490737,18.0,103.35,34.36,133.87305699481865,-57.25780467889908,-56.20001,38.4954128440367,40.0,119.28724334490737,116.98565968364198,0,0,88.8563308854878,88.8563308854878,87.1418954300996
3454,2021-07-31T08:33:25,2021-07-31T08:50:05,101,77.6,90.4,12.800000000000011,15.40083552777778,120.3190275607638,16.66666603088379,120.93,40.21,133.77212389380531,-55.442582178217826,-54.5,39.084158415841586,41.0,120.3190275607638,117.02097255312205,0,0,89.6249005758903,89.6249005758903,87.16819976849364
3456,2021-07-31T17:42:02,2021-07-31T18:47:59,495,34.4,97.6,63.199999999999996,74.31328153194444,117.58430622143108,65.94999694824219,130.49,43.39,133.6987704918033,-67.58242765656567,-42.20001,39.895959595959596,43.0,117.58430622143108,117.07654038809923,0,0,87.58782353903774,87.58782353903774,87.2095919055979
3458,2021-08-01T02:08:16,2021-08-01T02:25:16,103,33.6,48.0,14.399999999999999,16.86277822222222,117.10262654320988,17.0,64.0,21.28,133.33333333333334,-59.51553553398058,-59.5,36.349514563106794,39.0,117.10262654320988,117.06918921978871,0,0,87.22902332143958,87.22902332143958,87.20411606572199
3459,2021-08-01T02:25:27,2021-08-01T02:43:07,107,48.4,63.6,15.200000000000003,17.524167138888888,115.29057328216372,17.66666603088379,84.95,28.25,133.5691823899371,-59.515889439252334,-59.5,37.96261682242991,40.0,115.29057328216372,117.02097255312205,0,0,85.87923603798218,85.87923603798218,87.16819976849364
3462,2021-08-01T08:09:25,2021-08-01T08:34:35,152,15.6,36.8,21.199999999999996,24.866674305555563,117.29563351677155,25.16666603088379,49.11,16.33,133.45108695652175,-59.28488664473686,-59.20001,36.766447368421055,39.0,117.29563351677155,117.06918921978871,0,0,87.37279302409266,87.37279302409266,87.20411606572199
3463,2021-08-01T08:34:46,2021-08-01T09:00:46,157,37.2,59.2,22.0,25.69167483333334,116.78034015151519,26.0,79.15,26.32,133.69932432432432,-59.288553885350304,-59.20001,38.65605095541401,42.0,116.78034015151519,117.02097255312205,0,0,86.98895417861003,86.98895417861003,87.16819976849364
3464,2021-08-01T09:00:57,2021-08-01T09:27:27,160,59.2,81.2,22.0,26.170006750000006,118.95457613636367,26.5,108.49,36.07,133.60837438423644,-59.25314031250001,-59.20001,40.925,43.0,118.95457613636367,117.06918921978871,0,0,88.60852913629621,88.60852913629621,87.20411606572199
3465,2021-08-01T09:27:38,2021-08-01T09:49:08,130,81.6,97.6,16.0,19.75792297222222,123.48701857638888,21.5,130.47,43.39,133.67827868852459,-55.103094538461555,-41.70001,41.5,43.0,123.48701857638888,117.06918921978871,0,0,91.98471751886983,91.98471751886983,87.20411606572199
3466,2021-08-01T21:29:18,2021-08-01T23:02:12,697,8.8,97.6,88.8,106.25942439583334,119.66151395927177,92.9000015258789,130.4,43.36,133.6065573770492,-68.60890024390244,-42.20001,36.91535150645624,42.0,119.66151395927177,117.06918921978871,0,0,89.13512275474511,89.13512275474511,87.20411606572199
3467,2021-08-02T05:12:33,2021-08-02T05:55:20,323,47.2,90.0,42.8,49.98753183861111,116.79329868834373,42.78333282470703,120.25,39.989998,133.61111111111111,-70.10310165944271,-69.899994,35.137770897832816,38.0,116.79329868834373,117.06918921978871,0,0,86.99860691266558,86.99860691266558,87.20411606572199
3469,2021-08-02T14:07:07,2021-08-02T14:24:27,105,50.0,64.8,14.799999999999997,17.414865819444447,117.66801229354358,17.33333396911621,86.46,28.75,133.42592592592592,-60.28192104761906,-60.20001,35.180952380952384,37.0,117.66801229354358,117.1099777115204,0,0,87.65017567521083,87.65017567521083,87.23449916131548
3470,2021-08-02T14:24:38,2021-08-02T14:42:48,110,64.8,80.4,15.600000000000009,18.26958576388889,117.11272925569796,18.16666603088379,107.39,35.71,133.5696517412935,-60.34000799999999,-60.30002,36.65,38.0,117.11272925569796,117.10767789945392,0,0,87.23654876958064,87.23654876958064,87.23278604551011
3473,2021-08-02T18:22:04,2021-08-02T18:39:44,107,65.2,80.0,14.799999999999997,17.538890833333333,118.50601914414418,17.66666603088379,106.75,35.5,133.4375,-59.565427102803746,-59.39999,39.5,40.0,118.50601914414418,117.11502906776444,0,0,88.27440180294496,88.27440180294496,87.23826188538601
3474,2021-08-02T18:39:55,2021-08-02T19:02:15,135,80.4,97.6,17.19999999999999,20.755003680555557,120.6686260497417,22.33333396911621,130.36,43.35,133.56557377049182,-55.72297281481482,-42.0,39.85925925925926,41.0,120.6686260497417,117.20543496322895,0,0,89.88531433131483,89.88531433131483,87.30560467859792
3478,2021-08-03T04:09:40,2021-08-03T04:26:50,104,74.4,91.6,17.19999999999999,20.01819508333334,116.38485513565904,17.16666603088379,122.36,40.69,133.58078602620088,-69.96730990384616,-69.70001,37.36057692307692,39.0,116.38485513565904,117.11502906776444,0,0,86.69435983269527,86.69435983269527,87.23826188538601
3482,2021-08-03T13:29:51,2021-08-03T13:49:31,119,35.2,52.0,16.799999999999997,19.560281055555567,116.43024437830695,19.66666603088379,69.3,23.04,133.26923076923075,-59.67564025210082,-59.60001,39.53781512605042,42.0,116.43024437830695,117.11502906776444,0,0,86.7281699992334,86.7281699992334,87.23826188538601
3483,2021-08-03T13:49:42,2021-08-03T14:09:52,122,52.0,69.6,17.599999999999994,20.057781138888892,113.96466556186874,20.16666603088379,92.85,30.88,133.4051724137931,-59.67623950819672,-59.60001,41.467213114754095,43.0,113.96466556186874,117.11502906776444,0,0,84.8915755655417,84.8915755655417,87.23826188538601
3484,2021-08-03T14:10:03,2021-08-03T14:38:35,173,69.6,93.6,24.0,28.392060533333336,118.30025222222224,28.53333282470703,125.07,41.6,133.62179487179486,-59.70290063583815,-59.60001,42.494219653179194,44.0,118.30025222222224,117.11502906776444,0,0,88.12112729355994,88.12112729355994,87.23826188538601
3486,2021-08-03T22:24:19,2021-08-03T23:13:59,373,45.6,94.4,48.800000000000004,57.23078156527779,117.2761917321266,49.66666793823242,126.09,41.93,133.5699152542373,-69.10214938337802,-42.20001,36.86461126005362,40.0,117.2761917321266,117.11502906776444,0,0,87.35831095877725,87.35831095877725,87.23826188538601
3492,2021-08-06T15:25:16,2021-08-06T15:42:16,103,50.0,56.8,6.799999999999997,7.8552801527777785,115.51882577614384,17.0,75.75,25.19,133.36267605633805,-27.724280097087373,-27.39999,35.140776699029125,36.0,115.51882577614384,117.11502906776444,0,0,86.04925991112923,86.04925991112923,87.23826188538601
3493,2021-08-06T15:42:27,2021-08-06T16:00:07,107,57.2,64.0,6.799999999999997,8.040418277777777,118.24144526143793,17.66666603088379,85.35,28.39,133.359375,-27.306547476635515,-27.0,35.5,36.0,118.24144526143793,117.19676030597876,0,0,88.0773223516458,88.0773223516458,87.29914297998432
3495,2021-08-06T16:14:49,2021-08-06T16:31:49,103,69.6,76.4,6.800000000000011,7.550558291666668,111.03762193627435,17.0,101.92,33.89,133.40314136125656,-26.64855330097087,-26.5,35.5,36.0,111.03762193627435,117.11502906776444,0,0,82.71123884537742,82.71123884537742,87.23826188538601
3499,2021-08-07T14:05:07,2021-08-07T14:22:57,108,17.6,31.2,13.599999999999998,15.743334875,115.75981525735295,17.83333396911621,41.6,13.83,133.33333333333334,-52.97407925925926,-51.70001,34.120370370370374,35.0,115.75981525735295,117.10767789945392,0,0,86.22877148740335,86.22877148740335,87.23278604551011
3500,2021-08-07T14:23:08,2021-08-07T14:41:18,110,31.2,44.4,13.2,15.557641250000001,117.86091856060607,18.16666603088379,59.11,19.66,133.13063063063063,-51.376371454545435,-49.70001,35.32727272727273,37.0,117.86091856060607,117.11502906776444,0,0,87.7938703622146,87.7938703622146,87.23826188538601
3501,2021-08-07T14:41:29,2021-08-07T14:59:29,109,44.8,57.6,12.800000000000004,14.85736301388889,116.07314854600692,18.0,76.83,25.55,133.38541666666666,-49.526611926605504,-48.0,36.94954128440367,39.0,116.07314854600692,117.10767789945392,0,0,86.46217151906954,86.46217151906954,87.23278604551011
3502,2021-08-07T14:59:40,2021-08-07T15:17:50,110,58.0,70.8,12.799999999999997,14.947363194444444,116.77627495659723,18.16666603088379,94.53,31.43,133.5169491525424,-49.365461272727266,-48.20001,38.42727272727273,40.0,116.77627495659723,117.05440987654322,0,0,86.98592604002106,86.98592604002106,87.19310702421123
3503,2021-08-07T15:18:01,2021-08-07T15:37:21,117,70.8,84.8,14.0,16.027779277777775,114.48413769841267,19.33333396911621,113.21,37.64,133.50235849056602,-49.73846623931624,-48.60001,39.11965811965812,40.0,114.48413769841267,117.05440987654322,0,0,85.27852715194962,85.27852715194962,87.19310702421123
3505,2021-08-07T22:07:15,2021-08-07T22:59:27,392,48.4,97.6,49.199999999999996,57.91532101111112,117.71406709575432,52.20000076293945,130.33,43.34,133.53483606557378,-66.54745076530612,-42.10001,36.31377551020408,39.0,117.71406709575432,117.10767789945392,0,0,87.684481612957,87.684481612957,87.23278604551011
3507,2021-08-08T03:02:17,2021-08-08T03:22:17,121,65.2,85.2,20.0,23.364864124999997,116.82432062499998,20.0,113.6,37.78,133.33333333333334,-70.09422388429752,-70.0,36.18181818181818,38.0,116.82432062499998,117.05440987654322,0,0,87.02171496169868,87.02171496169868,87.19310702421123
3510,2021-08-08T22:13:04,2021-08-08T22:32:04,115,31.2,50.0,18.8,22.108198319444455,117.59679957151306,19.0,66.75,22.2,133.5,-69.81566434782609,-69.70001,34.02608695652174,36.0,117.59679957151306,117.05440987654322,0,0,87.59712975835865,87.59712975835865,87.19310702421123
3511,2021-08-08T22:32:15,2021-08-08T22:51:35,117,50.4,70.0,19.6,22.48639475,114.7265038265306,19.33333396911621,93.25999,31.01,133.22855714285714,-69.78548829059828,-69.70001,36.51709401709402,38.0,114.7265038265306,116.97787896491096,0,0,85.45906418400436,85.45906418400436,87.13609962076825
3512,2021-08-08T22:51:46,2021-08-08T23:08:46,103,70.0,87.2,17.200000000000003,19.767643041666673,114.92815721899225,17.0,116.35,38.69,133.4288990825688,-69.76894660194174,-69.70001,37.800970873786405,39.0,114.92815721899225,116.91525691743828,0,0,85.60927455069834,85.60927455069834,87.08945284434077
3518,2021-08-09T14:50:25,2021-08-09T15:10:05,119,30.0,49.6,19.6,22.671392152777788,115.67036812641727,19.66666603088379,65.99,21.94,133.04435483870967,-69.16639647058823,-69.0,33.785714285714285,36.0,115.67036812641727,116.91525691743828,0,0,86.16214287196794,86.16214287196794,87.08945284434077
3519,2021-08-09T15:10:16,2021-08-09T15:30:16,121,49.6,69.6,19.999999999999993,23.059725555555552,115.2986277777778,20.0,92.89,30.89,133.46264367816093,-69.17934884297522,-69.10001,36.107438016528924,38.0,115.2986277777778,116.80880965667185,0,0,85.88523578202296,85.88523578202296,87.01016093718212
3522,2021-08-09T18:14:38,2021-08-09T18:33:38,115,62.4,81.6,19.199999999999996,22.199446708333337,115.6221182725695,19.0,108.87,36.21,133.41911764705884,-70.10348539130435,-69.80002,35.7695652173913,38.0,115.6221182725695,116.80880965667185,0,0,86.12620185381331,86.12620185381331,87.01016093718212
3523,2021-08-09T18:33:49,2021-08-09T18:52:39,114,81.6,97.6,16.0,19.126946138888894,119.54341336805558,18.83333396911621,130.14,43.28,133.34016393442622,-60.895619473684214,-42.20001,36.5,39.0,119.54341336805558,116.91525691743828,0,0,89.0471503537019,89.0471503537019,87.08945284434077
3524,2021-08-10T00:22:40,2021-08-10T01:43:17,605,32.0,98.0,66.0,76.73625800694445,116.26705758627946,80.61666870117188,130.67,43.46,133.33673469387753,-57.1026505785124,-42.30002,34.768595041322314,38.0,116.26705758627946,116.91525691743828,0,0,86.60661316564466,86.60661316564466,87.08945284434077
3525,2021-08-10T07:35:52,2021-08-10T07:56:12,123,64.4,82.0,17.599999999999994,20.54528095833334,116.7345508996213,20.33333396911621,109.47,36.4,133.5,-60.624399674796756,-60.20001,31.21951219512195,33.0,116.7345508996213,116.80880965667185,0,0,86.95484604765491,86.95484604765491,87.01016093718212
3526,2021-08-10T07:56:23,2021-08-10T08:16:23,121,82.0,97.6,15.599999999999994,18.5558375,118.94767628205132,20.0,130.21,43.3,133.41188524590166,-55.63637611570248,-43.0,31.90909090909091,34.0,118.94767628205132,116.80880965667185,0,0,88.60338947743037,88.60338947743037,87.01016093718212
3527,2021-08-10T20:05:30,2021-08-10T21:18:38,549,24.4,96.0,71.6,83.37384612916667,116.44391917481379,73.13333129882812,128.08,42.59,133.41666666666669,-68.37777686703096,-42.30002,33.63934426229508,37.0,116.44391917481379,116.80880965667185,0,0,86.7383562706999,86.7383562706999,87.01016093718212
3529,2021-08-11T13:43:58,2021-08-11T14:13:48,180,54.0,80.0,26.0,30.196951125000005,116.14211971153848,29.83333396911621,106.67,35.47,133.3375,-60.73112455555555,-60.60001,31.28611111111111,33.0,116.14211971153848,116.78681941992946,0,0,86.51354771432884,86.51354771432884,86.9937805456378
3530,2021-08-11T14:13:59,2021-08-11T14:35:59,133,80.0,97.6,17.599999999999994,20.936949361111115,118.95993955176775,22.0,130.25,43.32,133.452868852459,-57.061667518797,-43.0,32.74812030075188,33.0,118.95993955176775,116.78681941992946,0,0,88.61252431130787,88.61252431130787,86.9937805456378
3531,2021-08-12T16:38:19,2021-08-12T19:12:11,1155,21.2,97.6,76.39999999999999,89.03888701777775,116.54304583478765,153.86666870117188,130.15,43.28,133.35040983606558,-34.714717885714286,-21.100006,33.95974025974026,37.0,116.54304583478765,116.78681941992946,0,0,86.812195107538,86.812195107538,86.9937805456378
3532,2021-08-13T06:14:30,2021-08-13T07:00:10,343,55.6,98.0,42.4,50.12925285972223,118.22936995217508,45.66666793823242,130.59,43.42,133.25510204081633,-65.83907084548106,-42.20001,33.84548104956268,36.0,118.22936995217508,116.80880965667185,0,0,88.06832752834939,88.06832752834939,87.01016093718212
3536,2021-08-13T17:12:52,2021-08-13T17:32:42,120,50.4,69.6,19.199999999999996,23.024447750000007,119.91899869791673,19.83333396911621,92.67,30.82,133.14655172413794,-69.65334333333335,-69.60001,41.28333333333333,44.0,119.91899869791673,116.96347358410493,0,0,89.32692154641344,89.32692154641344,87.12536914156914
3537,2021-08-13T17:32:53,2021-08-13T17:54:23,130,69.6,90.4,20.80000000000001,24.96305913888889,120.01470739850423,21.5,120.53,40.08,133.3296460176991,-69.66462538461539,-69.60001,42.59230769230769,44.0,120.01470739850423,116.96347358410493,0,0,89.39821436641292,89.39821436641292,87.12536914156914
3539,2021-08-14T00:55:10,2021-08-14T01:40:49,343,39.2,84.8,45.599999999999994,53.388951401388894,117.08103377497565,45.650001525878906,113.03,37.59,133.29009433962264,-70.17143772594753,-69.89999,37.95481049562682,41.0,117.08103377497565,116.95267719998782,0,0,87.21293900173235,87.21293900173235,87.11732698171551
3540,2021-08-14T11:38:27,2021-08-14T12:57:15,592,18.8,96.0,77.2,90.2379373875,116.88851993199481,78.80000305175781,127.9,42.53,133.22916666666669,-68.69392412162162,-42.20001,36.385979729729726,40.0,116.88851993199481,116.98477685348523,0,0,87.06953662900351,87.06953662900351,87.14123781536793
3543,2021-08-14T17:19:46,2021-08-14T17:36:36,102,71.6,85.6,14.0,16.89722325,120.69445178571428,16.83333396911621,114.13,37.96,133.32943925233644,-60.22549382352942,-59.89999,39.200980392156865,41.0,120.69445178571428,117.09183015909277,0,0,89.90455176254882,89.90455176254882,87.22098116158597
3546,2021-08-15T02:07:30,2021-08-15T02:28:00,124,42.4,60.4,18.0,20.530003000000004,114.05557222222225,20.5,80.34,26.71,133.01324503311258,-60.087912016129025,-60.0,34.42338709677419,37.0,114.05557222222225,116.98477685348523,0,0,84.95929137542684,84.95929137542684,87.14123781536793
3547,2021-08-15T02:28:11,2021-08-15T02:48:11,121,60.4,77.6,17.199999999999996,20.02764159722222,116.4397767280362,20.0,103.41,34.39,133.26030927835052,-60.08265272727272,-60.0,36.17355371900826,38.0,116.4397767280362,116.8564202784974,0,0,86.73527058767777,86.73527058767777,87.0456257953511
3548,2021-08-15T02:48:22,2021-08-15T03:09:52,130,77.6,95.6,18.0,21.126531166666666,117.36961759259259,21.5,127.39,42.36,133.2531380753138,-58.89924023076924,-42.5,36.8,38.0,117.36961759259259,116.8564202784974,0,0,87.42790330526834,87.42790330526834,87.0456257953511
3550,2021-08-15T14:42:02,2021-08-15T14:58:32,100,26.0,36.8,10.799999999999997,12.707224541666665,117.6594864969136,16.5,48.92,16.27,132.93478260869566,-46.054008400000015,-15.5,34.0,35.0,117.6594864969136,116.8564202784974,0,0,87.64382486195392,87.64382486195392,87.0456257953511
3551,2021-08-15T14:58:43,2021-08-15T15:18:53,122,36.8,50.0,13.200000000000003,15.39736261111111,116.6466864478114,20.16666603088379,66.57,22.14,133.14,-45.80984049180328,-45.39999,34.71311475409836,36.0,116.6466864478114,116.8564202784974,0,0,86.88939636012614,86.88939636012614,87.0456257953511
3553,2021-08-15T19:14:09,2021-08-15T19:36:52,139,27.6,42.4,14.799999999999997,17.391114527777777,117.50753059309312,22.71666717529297,56.46,18.77,133.16037735849056,-45.934541294964035,-45.60001,33.143884892086334,35.0,117.50753059309312,116.8564202784974,0,0,87.53063384763199,87.53063384763199,87.0456257953511
3555,2021-08-15T19:48:37,2021-08-15T20:11:59,142,50.0,65.6,15.599999999999994,17.312528572222224,110.9777472578348,23.366666793823242,87.32,29.03,133.109756097561,-44.45493169014085,-43.70001,35.348591549295776,37.0,110.9777472578348,116.8564202784974,0,0,82.66663856717582,82.66663856717582,87.0456257953511
3556,2021-08-15T20:12:10,2021-08-15T20:34:10,133,65.6,79.2,13.600000000000009,15.733890749999999,115.69037316176461,22.0,105.54,35.1,133.25757575757575,-42.91053142857144,-42.30002,36.0,37.0,115.69037316176461,116.80880965667185,0,0,86.17704449925309,86.17704449925309,87.01016093718212
3557,2021-08-15T20:34:21,2021-08-15T20:54:41,123,79.2,91.2,12.0,14.132362958333337,117.76969131944448,20.33333396911621,121.54,40.42,133.26754385964912,-41.70244455284553,-41.10001,36.0,37.0,117.76969131944448,116.80880965667185,0,0,87.72591575366533,87.72591575366533,87.01016093718212
3559,2021-08-16T10:05:35,2021-08-16T10:22:35,103,19.2,33.6,14.400000000000002,17.076945291666668,118.58989785879629,17.0,44.71,14.86,133.06547619047618,-60.27087669902913,-59.80002,31.674757281553397,33.0,118.58989785879629,116.80880965667185,0,0,88.33688253947962,88.33688253947962,87.01016093718212
3560,2021-08-16T10:22:46,2021-08-16T10:40:26,107,34.0,49.2,15.200000000000003,17.750973430555554,116.78271993786547,17.66666603088379,65.54,21.79,133.21138211382114,-60.28785448598131,-59.89999,33.06542056074766,35.0,116.78271993786547,116.80352028143272,0,0,86.9907268667655,86.9907268667655,87.00622091423209
3561,2021-08-16T10:40:37,2021-08-16T11:00:17,119,49.2,66.4,17.200000000000003,19.74430641666667,114.79247916666667,19.66666603088379,88.5,29.43,133.28313253012047,-60.23781781512604,-59.89999,35.13865546218487,37.0,114.79247916666667,116.77949744723135,0,0,85.50820880742785,85.50820880742785,86.98832645339328
3562,2021-08-16T11:00:28,2021-08-16T11:17:58,106,66.4,81.6,15.199999999999989,17.582778958333332,115.67617735745623,17.5,108.77,36.17,133.296568627451,-60.282079528301885,-60.0,36.54245283018868,38.0,115.67617735745623,116.75541292810927,0,0,86.16647013229279,86.16647013229279,86.97038604383798
3563,2021-08-16T11:18:09,2021-08-16T11:35:39,106,81.6,96.0,14.400000000000006,16.976668611111112,117.89353202160491,17.5,127.89,42.53,133.21875,-58.14151613207547,-42.60001,37.198113207547166,38.0,117.89353202160491,116.75541292810927,0,0,87.81816392790172,87.81816392790172,86.97038604383798
3566,2021-08-16T19:35:45,2021-08-16T19:56:45,127,36.0,57.2,21.200000000000003,24.72569794444445,116.63065068134172,21.0,76.18999,25.33,133.1992832167832,-70.6448918897638,-70.60001,36.523622047244096,39.0,116.63065068134172,116.69061867371636,0,0,86.87745141671495,86.87745141671495,86.92212120389053
3571,2021-08-16T22:30:08,2021-08-16T22:48:38,112,82.4,93.2,10.799999999999997,12.780418208333334,118.33720563271609,18.5,124.11,41.27,133.16523605150215,-41.45000491071429,-41.0,38.848214285714285,40.0,118.33720563271609,116.75541292810927,0,0,88.14865366082365,88.14865366082365,86.97038604383798
3573,2021-08-17T13:40:14,2021-08-17T15:51:19,983,10.4,93.2,82.8,96.1776253638889,116.1565523718465,131.0833282470703,124.1,41.27,133.15450643776822,-44.02075931841303,-40.60001,39.18921668362157,43.0,116.1565523718465,116.75541292810927,0,0,86.52429851386051,86.52429851386051,86.97038604383798
3575,2021-08-18T11:34:46,2021-08-18T11:51:56,104,35.6,52.8,17.199999999999996,19.94514212500001,115.96012863372103,17.16666603088379,70.15,23.32,132.8598484848485,-69.71154980769232,-69.60001,36.08173076923077,38.0,115.96012863372103,116.75541292810927,0,0,86.37798368438476,86.37798368438476,86.97038604383798
3577,2021-08-18T12:08:38,2021-08-18T12:25:28,102,69.6,86.4,16.80000000000001,19.554447527777786,116.39552099867721,16.83333396911621,114.96,38.23,133.05555555555554,-69.69903058823527,-69.60001,39.48529411764706,41.0,116.39552099867721,116.69061867371636,0,0,86.70230476818836,86.70230476818836,86.92212120389053
3579,2021-08-18T15:56:03,2021-08-18T16:14:03,109,74.8,90.4,15.600000000000009,18.32514136111111,117.46885487891731,18.0,120.25,39.99,133.01991150442478,-61.084411926605505,-61.0,37.940366972477065,39.0,117.46885487891731,116.69061867371636,0,0,87.50182454699201,87.50182454699201,86.92212120389053
3580,2021-08-18T23:49:22,2021-08-19T00:52:23,473,18.8,81.2,62.400000000000006,72.89001936666668,116.81092847222222,63.016666412353516,108.17,35.97,133.2142857142857,-69.40062625792812,-69.30002,37.72832980972516,42.0,116.81092847222222,116.75541292810927,0,0,87.01173922980043,87.01173922980043,86.97038604383798
3582,2021-08-19T15:00:21,2021-08-19T15:21:41,129,14.4,32.8,18.4,21.295552666666666,115.73669927536231,21.33333396911621,43.5,14.46,132.6219512195122,-59.89379031007752,-59.80002,36.92248062015504,38.0,115.73669927536231,116.69061867371636,0,0,86.21155253517587,86.21155253517587,86.92212120389053
3583,2021-08-19T15:21:52,2021-08-19T15:39:02,104,32.8,47.6,14.800000000000004,17.13444266666667,115.77326126126124,17.16666603088379,63.3,21.05,132.9831932773109,-59.88749375000001,-59.80002,37.5625,39.0,115.77326126126124,116.69061867371636,0,0,86.23878733267615,86.23878733267615,86.92212120389053
3585,2021-08-19T15:54:54,2021-08-19T16:11:54,103,61.2,75.6,14.399999999999991,16.79555566666667,116.63580324074083,17.0,100.62,33.46,133.09523809523813,-59.28446631067961,0.0,40.0,41.0,116.63580324074083,116.69061867371636,0,0,86.88128952639069,86.88128952639069,86.92212120389053
3588,2021-08-19T23:19:55,2021-08-19T23:37:05,104,27.2,42.0,14.8,17.226392291666674,116.39454251126129,17.16666603088379,55.91,18.59,133.11904761904762,-60.208665769230784,-60.10001,32.36057692307692,34.0,116.39454251126129,116.64124484427612,0,0,86.70157589895507,86.70157589895507,86.88534294325842
3589,2021-08-19T23:37:16,2021-08-19T23:54:46,106,42.0,57.6,15.600000000000001,17.582227527777782,112.70658671652423,17.5,76.55,25.46,132.89930555555554,-60.282093679245286,-60.20001,33.79245283018868,36.0,112.70658671652423,116.64124484427612,0,0,83.9544404031611,83.9544404031611,86.88534294325842
3590,2021-08-19T23:54:57,2021-08-20T00:12:57,109,57.6,73.2,15.600000000000001,18.085977375000006,115.93575240384617,18.0,97.43,32.4,133.10109289617486,-60.286255688073396,-60.20001,35.288990825688074,37.0,115.93575240384617,116.63322696104127,0,0,86.35982598129125,86.35982598129125,86.87937047155282
3591,2021-08-20T00:13:08,2021-08-20T00:31:08,109,73.2,88.8,15.599999999999994,18.096808625,116.0051834935898,18.0,118.2,39.31,133.1081081081081,-60.32294596330275,-60.20001,35.89908256880734,37.0,116.0051834935898,116.63322696104127,0,0,86.41154477125575,86.41154477125575,86.87937047155282
3594,2021-08-20T16:05:02,2021-08-20T16:24:32,118,8.400001,28.0,19.599999,22.72236023611112,115.93041528273096,19.5,37.03,12.32,132.25,-69.91525152542373,-69.80002,38.02542372881356,39.0,115.93041528273096,116.58684825806469,0,0,86.35585039273298,86.35585039273298,86.84482326212648
3595,2021-08-20T16:24:43,2021-08-20T16:47:43,139,28.0,51.2,23.200000000000003,26.771669277777782,115.395126197318,23.0,68.02,22.61,132.8515625,-69.83957503597122,-69.70001,39.58273381294964,42.0,115.395126197318,116.49348250480071,0,0,85.95711685879326,85.95711685879326,86.77527568911896
3599,2021-08-20T17:12:19,2021-08-20T17:32:19,121,75.2,92.8,17.599999999999994,21.01972620833334,119.43026254734856,20.0,123.37,41.03,132.9418103448276,-63.00166479338844,-42.20001,43.752066115702476,45.0,119.43026254734856,116.49348250480071,0,0,88.96286500614266,88.96286500614266,86.77527568911896
3602,2021-08-21T01:08:36,2021-08-21T01:27:06,112,39.2,55.2,16.0,18.621668555555555,116.38542847222222,18.5,73.27,24.36,132.73550724637678,-60.39464901785715,-59.80002,38.58482142857143,41.0,116.38542847222222,116.49348250480071,0,0,86.69478690756043,86.69478690756043,86.77527568911896
3604,2021-08-21T01:43:38,2021-08-21T02:03:38,121,69.6,86.4,16.80000000000001,20.11486309722222,119.73132795965599,20.0,114.98,38.23,133.0787037037037,-60.3454605785124,-59.89999,40.900826446280995,43.0,119.73132795965599,116.58684825806469,0,0,89.18712677248104,89.18712677248104,86.84482326212648
3609,2021-08-21T14:10:54,2021-08-21T14:29:14,111,45.6,64.0,18.4,21.17153231944445,115.06267564915461,18.33333396911621,85.1,28.3,132.96875,-69.28830315315314,-69.20001,39.2027027027027,41.0,115.06267564915461,116.58684825806469,0,0,85.70947649858093,85.70947649858093,86.84482326212648
3615,2021-08-22T14:14:02,2021-08-22T15:48:02,706,35.600002,97.6,61.99999799999999,71.46689871422222,115.26919519291313,94.0,129.76,43.149998,132.95081967213113,-45.62196093682721,-2.3000183,38.2514164305949,41.0,115.26919519291313,116.58684825806469,0,0,85.86331163132407,85.86331163132407,86.84482326212648
3617,2021-08-23T02:06:04,2021-08-23T02:35:44,179,62.4,88.0,25.6,29.76333629166667,116.26303238932292,29.66666603088379,117.0,38.9,132.95454545454547,-60.208385921787695,-54.80002,36.960893854748605,38.0,116.26303238932292,116.58684825806469,0,0,86.60361482129014,86.60361482129014,86.84482326212648
3620,2021-08-23T15:12:15,2021-08-23T15:28:45,100,22.4,32.8,10.399999999999999,12.403336083333334,119.26284695512824,16.5,43.5,14.46,132.6219512195122,-45.10301,-45.10001,39.0,40.0,119.26284695512824,116.58684825806469,0,0,88.83815816540609,88.83815816540609,86.84482326212648
3621,2021-08-23T15:28:56,2021-08-23T15:45:26,100,32.8,43.6,10.800000000000004,12.402502750000002,114.8379884259259,16.5,57.85,19.24,132.6834862385321,-45.100010000000005,-45.10001,39.595,41.0,114.8379884259259,116.58684825806469,0,0,85.54210837359857,85.54210837359857,86.84482326212648
3623,2021-08-23T16:01:38,2021-08-23T16:18:38,103,54.0,65.2,11.200000000000003,12.778336166666666,114.09228720238092,17.0,86.7,28.83,132.9754601226994,-45.100010000000005,-45.10001,41.86893203883495,43.0,114.09228720238092,116.49348250480071,0,0,84.98664013740635,84.98664013740635,86.77527568911896
3626,2021-08-23T23:07:04,2021-08-23T23:42:05,212,17.6,52.8,35.199999999999996,41.00856529722223,116.50160595801772,35.016666412353516,70.18999,23.34,132.9355871212121,-70.26699783018869,-70.20001,38.92216981132076,42.0,116.50160595801772,116.47276256641575,0,0,86.78132679925228,86.78132679925228,86.75984153497609
3628,2021-08-24T12:09:04,2021-08-24T13:35:58,652,9.2,95.2,86.0,101.28324905277776,117.77121982881135,86.9000015258789,126.56,42.08,132.94117647058823,-69.90981530674847,-42.89999,40.263803680981596,45.0,117.77121982881135,116.52232589640269,0,0,87.72705433085311,87.72705433085311,86.79676095339514
3629,2021-08-24T21:43:05,2021-08-24T22:35:41,395,20.8,73.6,52.8,61.260419680555565,116.02352212226432,52.599998474121094,97.72,32.5,132.77173913043478,-69.87873762025318,-69.60001,40.25316455696203,44.0,116.02352212226432,116.52232589640269,0,0,86.42520510250155,86.42520510250155,86.79676095339514
3630,2021-08-25T15:11:46,2021-08-25T16:23:03,535,16.4,87.2,70.80000000000001,83.10273866666667,117.37674952919019,71.28333282470703,115.86,38.53,132.86697247706422,-69.94841334579438,-69.60001,36.498130841121494,41.0,117.37674952919019,116.52232589640269,0,0,87.43321584079521,87.43321584079521,86.79676095339514
3632,2021-08-26T01:41:19,2021-08-26T02:43:24,466,26.8,88.8,62.0,72.23982253611112,116.51584280017923,62.08333206176758,117.92,39.21,132.7927927927928,-69.74056094420601,0.0,37.35622317596567,41.0,116.51584280017923,116.50872437909848,0,0,86.79193173505595,86.79193173505595,86.78662926715413
3634,2021-08-26T05:18:25,2021-08-26T05:37:25,115,74.8,93.6,18.799999999999997,22.214586472222226,118.16269400118207,19.0,124.42,41.38,132.92735042735043,-70.15131426086955,-70.0,38.3,40.0,118.16269400118207,116.50872437909848,0,0,88.01866102422532,88.01866102422532,86.78662926715413
3640,2021-08-26T17:28:32,2021-08-26T17:46:32,109,46.4,62.0,15.600000000000001,18.068059652777784,115.82089521011397,18.0,82.32,27.37,132.77419354838707,-60.226619174311914,-60.10001,40.8394495412844,43.0,115.82089521011397,116.47069134302696,0,0,86.27426956700361,86.27426956700361,86.75829869346504
3641,2021-08-26T17:46:43,2021-08-26T18:13:53,164,62.0,85.6,23.599999999999994,27.304868625000008,115.69859586864413,27.16666603088379,113.68,37.81,132.80373831775702,-60.30489463414634,-60.20001,42.22256097560975,44.0,115.69859586864413,116.4176488633567,0,0,86.18316954282668,86.18316954282668,86.71878767793307
3642,2021-08-27T00:30:37,2021-08-27T00:47:47,104,18.4,35.2,16.800000000000004,20.030833638888886,119.23115261243382,17.16666603088379,46.71,15.53,132.69886363636363,-70.01057798076923,-70.0,37.50961538461539,39.0,119.23115261243382,116.4176488633567,0,0,88.81454924526776,88.81454924526776,86.71878767793307
3643,2021-08-27T00:47:58,2021-08-27T01:09:28,130,35.6,57.2,21.6,25.071248791666665,116.07059625771603,21.5,75.9,25.24,132.69230769230768,-69.96615046153846,-69.89999,39.184615384615384,42.0,116.07059625771603,116.39503175496925,0,0,86.46027033528382,86.46027033528382,86.70194033357171
3644,2021-08-27T01:09:39,2021-08-27T01:26:59,105,57.2,74.8,17.599999999999994,20.208470847222227,114.82085708648997,17.33333396911621,99.31,33.03,132.7673796791444,-69.95237619047619,-69.89999,41.15238095238095,43.0,114.82085708648997,116.38998549174175,0,0,85.52934734465074,85.52934734465074,86.69818140325775
3645,2021-08-27T01:27:10,2021-08-27T01:47:40,124,74.8,94.8,20.0,23.48235969444444,117.4117984722222,20.5,125.93,41.88,132.83755274261605,-68.62822169354838,-42.39999,41.70967741935484,44.0,117.4117984722222,116.39503175496925,0,0,87.45932358200803,87.45932358200803,86.70194033357171
3647,2021-08-27T12:08:09,2021-08-27T12:25:19,104,11.2,25.6,14.400000000000002,17.232226236111114,119.66823775077161,17.16666603088379,33.91,11.28,132.46093749999997,-60.22789855769231,-60.0,37.98557692307692,39.0,119.66823775077161,116.39503175496925,0,0,89.14013126550923,89.14013126550923,86.70194033357171
3648,2021-08-27T12:25:30,2021-08-27T12:44:40,116,26.0,42.4,16.4,19.260700541666672,117.44329598577241,19.16666603088379,56.32,18.72,132.83018867924528,-60.29398456896552,-60.20001,38.33620689655172,40.0,117.44329598577241,116.39503175496925,0,0,87.4827858853324,87.4827858853324,86.70194033357171
3649,2021-08-27T12:44:51,2021-08-27T13:06:01,128,42.8,60.8,18.0,21.001253402777785,116.67363001543214,21.16666603088379,80.75,26.85,132.8125,-59.52969710937501,-58.39999,40.1484375,42.0,116.67363001543214,116.39503175496925,0,0,86.90946645725145,86.90946645725145,86.70194033357171
3651,2021-08-27T15:55:08,2021-08-27T16:58:07,474,37.2,97.6,60.39999999999999,70.92497799166667,117.42546025110377,62.983333587646484,129.65,43.11,132.83811475409837,-67.54515317721518,-42.399994,41.43143459915612,44.0,117.42546025110377,116.39503175496925,0,0,87.46950015672587,87.46950015672587,86.70194033357171
3652,2021-08-28T01:19:04,2021-08-28T02:35:50,576,8.400001,84.8,76.399999,89.6289491027778,117.31537994231884,76.76667022705078,112.5,37.41,132.66509433962264,-70.05330223958335,-69.70001,39.467013888888886,44.0,117.31537994231884,116.39503175496925,0,0,87.38750201453486,87.38750201453486,86.70194033357171
3654,2021-08-28T17:00:36,2021-08-28T17:21:46,128,28.4,46.8,18.4,21.46333605555555,116.64856551932365,21.16666603088379,61.93,20.6,132.32905982905984,-60.84141382812501,-60.80002,34.39453125,36.0,116.64856551932365,116.44856347834747,0,0,86.89079606889104,86.89079606889104,86.74181578372031
3655,2021-08-28T17:21:57,2021-08-28T17:41:17,117,46.8,64.0,17.200000000000003,19.619860041666666,114.06895373062012,19.33333396911621,84.9,28.23,132.65625,-60.88888564102564,-60.80002,36.35470085470085,38.0,114.06895373062012,116.44856347834747,0,0,84.96925917839224,84.96925917839224,86.74181578372031
3656,2021-08-28T17:41:28,2021-08-28T18:00:58,118,64.0,81.2,17.200000000000003,19.79444149999999,115.08396220930224,19.5,107.78,35.84,132.73399014778323,-60.90592313559321,-60.80002,37.8771186440678,39.0,115.08396220930224,116.39503175496925,0,0,85.7253327257755,85.7253327257755,86.70194033357171
3659,2021-08-29T05:07:45,2021-08-29T05:35:55,170,22.4,46.8,24.4,28.517502930555555,116.87501201047358,28.16666603088379,61.96,20.6,132.3931623931624,-60.747653294117654,-60.0,34.220588235294116,37.0,116.87501201047358,116.39503175496925,0,0,87.0594746616832,87.0594746616832,86.70194033357171
3660,2021-08-29T05:36:06,2021-08-29T06:05:36,178,46.8,72.0,25.200000000000003,28.825975736111108,114.3887926036155,29.5,95.54,31.77,132.69444444444446,-58.62978247191012,-56.80002,36.67977528089887,39.0,114.3887926036155,116.38998549174175,0,0,85.20750517965783,85.20750517965783,86.69818140325775
3661,2021-08-29T06:05:47,2021-08-29T06:37:27,191,72.0,96.4,24.400000000000006,28.843058625,118.20925665983604,31.66666603088379,127.96,42.55,132.73858921161823,-54.62408963350785,-42.20001,37.52879581151832,40.0,118.20925665983604,116.39503175496925,0,0,88.05334526109968,88.05334526109968,86.70194033357171
3664,2021-08-29T13:48:41,2021-08-29T14:16:21,167,42.4,66.0,23.6,27.306252569444442,115.70446004001882,27.66666603088379,87.50999,29.1,132.59089393939394,-59.21737083832336,-57.5,37.01497005988024,39.0,115.70446004001882,116.39503175496925,0,0,86.18753772786832,86.18753772786832,86.70194033357171
3665,2021-08-29T14:16:32,2021-08-29T14:44:22,168,66.4,88.4,22.0,26.071530388888892,118.50695631313133,27.83333396911621,117.35,39.03,132.74886877828052,-56.20238654761906,-54.80002,38.61309523809524,40.0,118.50695631313133,116.39503175496925,0,0,88.27509989433582,88.27509989433582,86.70194033357171
3678,2021-08-30T20:28:34,2021-08-30T21:05:24,277,44.4,75.2,30.800000000000004,35.77794779305556,116.16216815927127,36.83333206176758,99.7,33.15,132.57978723404256,-58.280871913357394,-56.20001,38.24007220216607,40.0,116.16216815927127,116.38998549174175,0,0,86.5284816792318,86.5284816792318,86.69818140325775
3679,2021-08-31T00:33:15,2021-08-31T00:49:08,120,43.6,59.2,15.600000000000001,18.51877695555556,118.71010868945869,15.883333206176758,78.57,26.13,132.71959459459455,-69.95583024999999,-69.80002,37.02916666666667,39.0,118.71010868945869,116.38998549174175,0,0,88.4264268448541,88.4264268448541,86.69818140325775
3680,2021-08-31T04:43:05,2021-08-31T05:48:41,493,31.2,95.6,64.39999999999999,75.32489513472223,116.96412288000347,65.5999984741211,126.82,42.17,132.65690376569037,-68.82596918864098,0.0,37.38336713995943,41.0,116.96412288000347,116.39503175496925,0,0,87.12585279807409,87.12585279807409,86.70194033357171
3681,2021-08-31T12:30:53,2021-08-31T13:22:37,390,39.2,82.4,43.2,50.35714463416667,116.56746443094136,51.733333587646484,109.24,36.32,132.57281553398056,-58.40051948717949,-55.600006,35.238461538461536,38.0,116.56746443094136,116.44856347834747,0,0,86.830384369011,86.830384369011,86.74181578372031
3683,2021-08-31T22:54:56,2021-08-31T23:14:16,117,11.6,26.0,14.4,15.048751527777778,104.50521894290122,19.33333396911621,34.36,11.42,132.15384615384616,-46.70256888888888,-46.10001,35.0,36.0,104.50521894290122,116.4480742346395,0,0,77.84529219776974,77.84529219776974,86.74145134910367
3684,2021-08-31T23:14:27,2021-08-31T23:34:17,120,26.0,38.8,12.799999999999997,15.21305761111111,118.85201258680557,19.83333396911621,51.32,17.07,132.2680412371134,-46.022506166666666,-45.60001,35.0,36.0,118.85201258680557,116.4480742346395,0,0,88.53213018163201,88.53213018163201,86.74145134910367
3685,2021-08-31T23:34:28,2021-08-31T23:53:38,116,39.2,51.6,12.399999999999999,14.526530305555557,117.1494379480287,19.16666603088379,68.31,22.71,132.38372093023256,-45.475008017241365,-45.0,36.10775862068966,38.0,117.1494379480287,116.4480742346395,0,0,87.26389284779597,87.26389284779597,86.74145134910367
3686,2021-08-31T23:53:49,2021-09-01T00:10:29,101,51.6,62.0,10.399999999999999,12.416251097222222,119.38702978098293,16.66666603088379,82.09,27.3,132.40322580645162,-44.69901396039604,-44.0,37.277227722772274,39.0,119.38702978098293,116.50872437909848,0,0,88.93066118546948,88.93066118546948,86.78662926715413
3687,2021-09-01T00:10:40,2021-09-01T00:28:50,110,62.0,72.4,10.400000000000006,12.503474555555556,120.22571688034182,18.16666603088379,95.93,31.9,132.5,-41.29909863636364,-39.0,38.0,39.0,120.22571688034182,116.54165361556029,0,0,89.55539402630266,89.55539402630266,86.81115805203348
3690,2021-09-01T06:45:47,2021-09-01T07:18:27,197,47.2,75.2,28.0,32.695975125000004,116.77133973214286,32.66666793823242,99.63,33.13,132.48670212765956,-60.05381243654823,-60.0,34.48223350253807,37.0,116.77133973214286,116.54165361556029,0,0,86.98224982180346,86.98224982180346,86.81115805203348
3691,2021-09-01T07:18:38,2021-09-01T07:46:28,168,75.6,97.6,22.0,26.34486527777778,119.74938762626265,27.83333396911621,129.47,43.06,132.65368852459017,-56.7589375595238,-42.5,35.80952380952381,38.0,119.74938762626265,116.6080149751325,0,0,89.20057930660528,89.20057930660528,86.86059021895102
3692,2021-09-02T01:02:03,2021-09-02T01:26:13,146,34.8,55.6,20.800000000000004,24.075562555555557,115.74789690170938,24.16666603088379,73.67,24.5,132.5,-59.77399000000001,-59.70001,33.24657534246575,35.0,115.74789690170938,116.6080149751325,0,0,86.21989357788863,86.21989357788863,86.86059021895102
3693,2021-09-02T01:26:24,2021-09-02T01:52:04,155,55.6,77.6,21.999999999999993,25.574730138888892,116.24877335858592,25.66666603088379,102.82,34.19,132.5,-59.785179806451616,-59.70001,35.61290322580645,37.0,116.24877335858592,116.6080149751325,0,0,86.59299335735363,86.59299335735363,86.86059021895102
3694,2021-09-02T01:52:15,2021-09-02T02:13:35,129,77.6,95.6,18.0,21.14056231944445,117.44756844135806,21.33333396911621,126.75,42.15,132.5836820083682,-59.39226705426358,-42.20001,36.72868217054263,38.0,117.44756844135806,116.6610977673779,0,0,87.48596841111276,87.48596841111276,86.90013126307124
3695,2021-09-02T07:21:39,2021-09-02T08:36:00,558,26.0,97.6,71.6,84.02391505833333,117.35183667364991,74.3499984741211,129.39,43.03,132.5717213114754,-67.78979485663082,-42.60001,37.526881720430104,41.0,117.35183667364991,116.7224848737875,0,0,87.41465840855757,87.41465840855757,86.94585813952746
3697,2021-09-02T20:35:20,2021-09-02T20:56:10,126,26.4,44.4,18.0,20.978197027777778,116.54553904320989,20.83333396911621,58.79,19.55,132.4099099099099,-60.418261507936506,-60.0,37.642857142857146,39.0,116.54553904320989,116.7224848737875,0,0,86.81405228309443,86.81405228309443,86.94585813952746
3698,2021-09-02T20:56:21,2021-09-02T21:16:01,119,44.4,61.2,16.800000000000004,19.813752236111117,117.9390014054233,19.66666603088379,81.13,26.98,132.5653594771242,-60.447905966386536,-60.0,39.470588235294116,41.0,117.9390014054233,116.7224848737875,0,0,87.85203379110278,87.85203379110278,86.94585813952746
3699,2021-09-02T21:16:12,2021-09-02T21:33:22,104,61.2,76.0,14.799999999999997,17.28639026388889,116.7999342154655,17.16666603088379,100.78,33.51,132.60526315789474,-60.42115875000001,-60.0,40.94711538461539,42.0,116.7999342154655,116.78563697380417,0,0,87.00354967583957,87.00354967583957,86.99289974882151
3700,2021-09-02T21:33:33,2021-09-02T21:54:03,124,76.0,93.2,17.200000000000003,20.668196597222227,120.16393370478036,20.5,123.52,41.07,132.5321888412017,-60.49194169354839,-60.0,41.66532258064516,43.0,120.16393370478036,116.78563697380417,0,0,89.50937212038124,89.50937212038124,86.99289974882151
3703,2021-09-03T17:30:05,2021-09-03T17:46:55,102,37.6,54.8,17.199999999999996,19.74361066666667,114.78843410852717,16.83333396911621,72.68,24.17,132.6277372262774,-70.37352774509804,-70.30002,39.254901960784316,41.0,114.78843410852717,116.78563697380417,0,0,85.5051956686008,85.5051956686008,86.99289974882151
3704,2021-09-03T17:47:06,2021-09-03T18:05:16,110,55.2,73.6,18.39999999999999,21.30319512500001,115.77823437500011,18.16666603088379,97.67,32.48,132.7038043478261,-70.35909318181818,-70.30002,41.513636363636365,43.0,115.77823437500011,116.78563697380417,0,0,86.24249177438779,86.24249177438779,86.99289974882151
3706,2021-09-03T23:29:29,2021-09-03T23:50:19,126,29.2,50.0,20.8,24.26611255555556,116.66400267094018,20.83333396911621,66.15,22.0,132.3,-69.88651214285717,-69.80002,37.94444444444444,40.0,116.66400267094018,116.78563697380417,0,0,86.90229510779498,86.90229510779498,86.99289974882151
3707,2021-09-03T23:50:30,2021-09-04T00:08:10,107,50.0,68.0,18.0,20.545977097222224,114.14431720679013,17.66666603088379,90.11,29.96,132.51470588235293,-69.77945570093459,-69.70001,40.16355140186916,42.0,114.14431720679013,116.7224848737875,0,0,85.02539696636913,85.02539696636913,86.94585813952746
3708,2021-09-04T00:08:21,2021-09-04T00:27:11,114,68.0,86.8,18.799999999999997,21.898060250000004,116.47904388297876,18.83333396911621,115.21,38.31,132.73041474654377,-69.76405008771931,-69.70001,41.48684210526316,43.0,116.47904388297876,116.7224848737875,0,0,86.76452044889236,86.76452044889236,86.94585813952746
3711,2021-09-04T06:44:07,2021-09-04T07:05:27,129,28.0,41.6,13.600000000000001,16.23514091666667,119.37603615196079,21.33333396911621,54.92,18.26,132.01923076923077,-45.661246046511636,-45.30002,34.7906976744186,37.0,119.37603615196079,116.78563697380417,0,0,88.92247209910423,88.92247209910423,86.99289974882151
3712,2021-09-04T07:05:38,2021-09-04T07:23:48,110,42.0,53.6,11.600000000000001,13.644447097222221,117.62454394157085,18.16666603088379,70.92,23.58,132.3134328358209,-45.063645181818174,-44.60001,35.91818181818182,38.0,117.62454394157085,116.83747311296955,0,0,87.6177963682738,87.6177963682738,87.03151216876138
3713,2021-09-04T07:23:59,2021-09-04T07:45:49,132,54.0,67.6,13.599999999999994,15.99611325,117.61847977941181,21.83333396911621,89.43,29.74,132.29289940828406,-43.958339242424245,-43.20001,37.09090909090909,39.0,117.61847977941181,116.83747311296955,0,0,87.61327921133199,87.61327921133199,87.03151216876138
3714,2021-09-04T07:46:00,2021-09-04T08:05:30,118,68.0,80.0,12.0,13.844168611111108,115.36807175925924,19.5,105.89,35.21,132.36249999999998,-42.5974636440678,-42.10001,37.5,39.0,115.36807175925924,116.83747311296955,0,0,85.93696417496335,85.93696417496335,87.03151216876138
3715,2021-09-04T08:05:41,2021-09-04T08:25:31,120,80.0,91.6,11.599999999999994,13.713751402777776,118.22199485153261,19.83333396911621,121.32,40.35,132.44541484716157,-41.48667083333333,-40.89999,37.5,39.0,118.22199485153261,116.83747311296955,0,0,88.06283386142721,88.06283386142721,87.03151216876138
3718,2021-09-05T21:06:49,2021-09-05T21:25:59,116,32.0,57.2,25.200000000000003,29.316808069444452,116.33653995811291,19.16666603088379,75.78,25.2,132.48251748251747,-91.77155965517244,-90.10001,37.00431034482759,39.0,116.33653995811291,116.83747311296955,0,0,86.65837015532117,86.65837015532117,87.03151216876138
3719,2021-09-05T21:26:10,2021-09-05T21:44:00,108,57.6,80.0,22.4,26.036668430555558,116.23512692212304,17.83333396911621,106.12,35.28,132.65,-87.60185777777778,-85.5,39.9537037037037,41.0,116.23512692212304,116.78563697380417,0,0,86.58282821110872,86.58282821110872,86.99289974882151
3721,2021-09-06T03:44:19,2021-09-06T04:05:09,126,36.4,50.0,13.600000000000001,15.908056402777778,116.9710029616013,20.83333396911621,66.17,22.0,132.34,-45.815081825396824,-45.5,35.98412698412698,38.0,116.9710029616013,116.83747311296955,0,0,87.130977728367,87.130977728367,87.03151216876138
3722,2021-09-06T04:05:20,2021-09-06T04:27:00,131,50.0,64.0,14.0,16.191946430555554,115.65676021825395,21.66666603088379,84.66,28.15,132.28125,-44.838936793893126,-44.0,37.38167938931298,39.0,115.65676021825395,116.83747311296955,0,0,86.15200642521542,86.15200642521542,87.03151216876138
3725,2021-09-06T12:50:35,2021-09-06T13:08:55,111,19.2,37.6,18.400000000000002,21.615421013888902,117.47511420591793,18.33333396911621,49.61,16.5,131.94148936170214,-70.74145567567567,-70.60001,36.450450450450454,38.0,117.47511420591793,116.83747311296955,0,0,87.50648708101905,87.50648708101905,87.03151216876138
3726,2021-09-06T13:09:06,2021-09-06T13:29:16,122,37.6,58.4,20.799999999999997,23.777088097222222,114.31292354433762,20.16666603088379,77.25999,25.69,132.29450342465753,-70.7418174590164,-70.70001,38.47950819672131,40.0,114.31292354433762,116.83747311296955,0,0,85.15099078594622,85.15099078594622,87.03151216876138
3732,2021-09-06T23:07:51,2021-09-06T23:36:31,173,42.4,67.2,24.800000000000004,28.80639808333334,116.1548309811828,28.66666603088379,89.0,29.6,132.44047619047618,-60.29250479768785,-60.20001,37.92485549132948,41.0,116.1548309811828,116.83747311296955,0,0,86.5230162605859,86.5230162605859,87.03151216876138
3733,2021-09-06T23:36:42,2021-09-07T00:04:42,169,67.6,91.6,24.0,28.144452333333337,117.26855138888891,28.0,121.39,40.36,132.5218340611354,-60.30948437869822,-60.20001,39.650887573964496,42.0,117.26855138888891,116.83747311296955,0,0,87.35261971428395,87.35261971428395,87.03151216876138
3735,2021-09-07T15:25:04,2021-09-07T15:42:44,107,12.4,27.6,15.200000000000001,17.726531611111117,116.62191849415207,17.66666603088379,36.39,12.1,131.8478260869565,-60.201882242990656,-59.70001,37.95794392523364,39.0,116.62191849415207,116.78563697380417,0,0,86.87094686440474,86.87094686440474,86.99289974882151
3736,2021-09-07T15:42:55,2021-09-07T16:08:55,157,27.6,50.0,22.4,26.090421375000002,116.47509542410717,26.0,66.23,22.02,132.46,-60.20892808917197,-60.20001,38.79936305732484,41.0,116.47509542410717,116.7224848737875,0,0,86.7615792662634,86.7615792662634,86.94585813952746
3737,2021-09-07T16:09:06,2021-09-07T16:31:26,135,50.4,69.6,19.199999999999996,22.409448333333334,116.71587673611114,22.33333396911621,92.13,30.64,132.3706896551724,-60.20445488888889,-60.20001,41.162962962962965,43.0,116.71587673611114,116.74360823412701,0,0,86.9409357785822,86.9409357785822,86.96159280019283
3739,2021-09-08T07:20:49,2021-09-08T07:41:59,128,54.8,68.4,13.600000000000009,15.67680748611111,115.27064328022868,21.16666603088379,90.52,30.1,132.3391812865497,-44.437505468750004,-43.60001,33.86328125,35.0,115.27064328022868,116.68993970352565,0,0,85.86439030262247,85.86439030262247,86.92161544318859
3741,2021-09-08T07:57:56,2021-09-08T08:23:05,152,78.0,93.2,15.200000000000003,17.603141941666667,115.81014435307016,25.149999618530273,123.45,41.05,132.45708154506437,-41.99474414473684,-41.20001,34.75328947368421,36.0,115.81014435307016,116.65628409513192,0,0,86.26626131998574,86.26626131998574,86.896545588343
3744,2021-09-09T09:01:30,2021-09-09T10:13:11,538,12.0,83.2,71.2,83.7194794263889,117.58353852020912,71.68333435058594,110.23,36.65,132.48798076923077,-70.07454135687733,-69.70001,37.613382899628256,41.0,117.58353852020912,116.68993970352565,0,0,87.5872516831386,87.5872516831386,86.92161544318859
3745,2021-09-09T10:18:26,2021-09-09T10:34:11,119,82.8,96.8,14.0,16.379503225,116.99645160714284,15.75,128.19,42.63,132.42768595041323,-62.34034831932774,-42.5,40.80672268907563,42.0,116.99645160714284,116.74360823412701,0,0,87.14993426726771,87.14993426726771,86.96159280019283
3746,2021-09-09T18:52:19,2021-09-09T19:29:25,279,36.0,72.8,36.8,42.80289511666667,116.31221499094204,37.099998474121094,96.45,32.07,132.48626373626374,-69.2168559498208,-64.5,42.21326164874552,45.0,116.31221499094204,116.74360823412701,0,0,86.64025063749926,86.64025063749926,86.96159280019283
3751,2021-09-10T14:18:50,2021-09-10T14:37:30,113,17.6,34.0,16.4,19.058891055555552,116.21275033875338,18.66666603088379,44.82,14.9,131.8235294117647,-61.26283876106196,-60.70001,38.5,39.0,116.21275033875338,116.68993970352565,0,0,86.56616003234771,86.56616003234771,86.92161544318859
3752,2021-09-10T14:37:41,2021-09-10T14:56:41,115,34.0,50.4,16.4,19.118752125,116.57775685975612,19.0,66.68,22.17,132.30158730158732,-60.37478930434783,-59.70001,39.72608695652174,41.0,116.57775685975612,116.68993970352565,0,0,86.83805113567217,86.83805113567217,86.92161544318859
3753,2021-09-10T14:56:52,2021-09-10T15:15:12,111,50.8,66.0,15.200000000000003,18.000556944444444,118.42471673976605,18.33333396911621,87.37,29.05,132.37878787878788,-58.90721171171172,-57.5,41.549549549549546,43.0,118.42471673976605,116.68993970352565,0,0,88.21384014402291,88.21384014402291,86.92161544318859
3754,2021-09-10T15:15:23,2021-09-10T15:35:23,121,66.4,82.4,16.0,18.93250105555556,118.32813159722224,20.0,108.96,36.23,132.23300970873785,-56.79752380165289,-55.60001,42.62809917355372,44.0,118.32813159722224,116.74360823412701,0,0,88.1418944678228,88.1418944678228,86.96159280019283
3756,2021-09-10T18:40:14,2021-09-10T19:05:34,153,55.2,77.2,22.0,25.502773722222216,115.9216987373737,25.33333396911621,102.19,33.98,132.37046632124353,-60.401297581699346,-60.30002,39.650326797385624,42.0,115.9216987373737,116.68993970352565,0,0,86.34935749192712,86.34935749192712,86.92161544318859
3757,2021-09-10T19:05:45,2021-09-10T19:28:25,137,77.2,96.0,18.799999999999997,22.316802722222224,118.70639745862887,22.66666603088379,127.07,42.25,132.36458333333334,-59.0197005109489,-42.89999,40.32846715328467,42.0,118.70639745862887,116.74360823412701,0,0,88.42366237192843,88.42366237192843,86.96159280019283
3759,2021-09-11T16:18:16,2021-09-11T17:29:34,535,7.2,78.4,71.2,83.10798490416666,116.72469789911045,71.30000305175781,103.67,34.47,132.23214285714286,-69.93663448598132,-69.70001,40.98785046728972,44.0,116.72469789911045,116.7202873176108,0,0,86.94750660842354,86.94750660842354,86.94422119350287
3761,2021-09-11T22:35:49,2021-09-11T22:55:19,118,42.4,59.2,16.800000000000004,19.608612638888893,116.71793237433862,19.5,78.2,26.0,132.09459459459458,-60.33475050847458,-59.89999,40.271186440677965,42.0,116.71793237433862,116.71690455522489,0,0,86.94246701080284,86.94246701080284,86.94170139469253
3762,2021-09-11T22:55:30,2021-09-11T23:14:20,114,59.6,75.6,15.999999999999993,18.923195902777774,118.26997439236115,18.83333396911621,100.06,33.27,132.35449735449737,-60.285969649122805,-60.0,41.85964912280702,43.0,118.26997439236115,116.72131513672454,0,0,88.09857352508318,88.09857352508318,86.9449868096132
3763,2021-09-11T23:14:31,2021-09-11T23:33:41,116,75.6,92.0,16.400000000000006,19.261668277777776,117.4491968157181,19.16666603088379,121.83,40.51,132.42391304347825,-60.29569474137931,-60.0,42.599137931034484,44.0,117.4491968157181,116.74801881562666,0,0,87.4871813771172,87.4871813771172,86.9648782151135
3766,2021-09-12T06:41:28,2021-09-12T07:01:28,121,31.2,48.4,17.2,20.218057458333334,117.54684568798451,20.0,64.06,21.3,132.35537190082644,-60.65372471074381,-59.89999,36.71900826446281,39.0,117.54684568798451,116.74801881562666,0,0,87.5599194190184,87.5599194190184,86.9648782151135
3769,2021-09-12T19:40:45,2021-09-12T19:59:25,113,29.2,45.2,16.000000000000004,18.760001555555558,117.25000972222222,18.66666603088379,59.79,19.88,132.2787610619469,-60.300004955752215,-59.80002,37.190265486725664,39.0,117.25000972222222,116.74801881562666,0,0,87.3388081412917,87.3388081412917,86.9648782151135
3770,2021-09-12T19:59:36,2021-09-12T20:18:46,116,45.6,62.0,16.4,19.251528486111113,117.3873688177507,19.16666603088379,82.0,27.27,132.25806451612902,-60.26724370689655,-59.80002,39.12068965517241,41.0,117.3873688177507,116.74801881562666,0,0,87.4411260832624,87.4411260832624,86.9648782151135
3771,2021-09-12T20:18:57,2021-09-12T20:37:57,115,62.4,78.8,16.4,19.075556166666672,116.31436686991874,19.0,104.35,34.7,132.42385786802032,-60.23652365217391,-59.80002,40.76521739130435,42.0,116.31436686991874,116.72131513672454,0,0,86.64185355885965,86.64185355885965,86.9449868096132
3772,2021-09-12T20:38:08,2021-09-12T20:56:48,113,78.8,94.8,16.0,18.739167694444443,117.11979809027777,18.66666603088379,125.46,41.72,132.34177215189874,-60.23451646017699,-59.89999,41.203539823008846,42.0,117.11979809027777,116.72131513672454,0,0,87.24181430080414,87.24181430080414,86.9449868096132
3775,2021-09-13T04:46:56,2021-09-13T05:03:26,100,85.2,97.6,12.399999999999991,14.450556958333333,116.53674966397857,16.5,129.16,42.95,132.3360655737705,-52.30000509999999,0.0,37.0,38.0,116.53674966397857,116.71690455522489,0,0,86.80750512878556,86.80750512878556,86.94170139469253
3777,2021-09-13T16:48:24,2021-09-13T17:06:34,110,26.4,42.0,15.600000000000001,18.471530305555554,118.40724554843301,18.16666603088379,55.47,18.44,132.07142857142858,-61.00728099999999,-60.39999,40.263636363636365,42.0,118.40724554843301,116.72131513672454,0,0,88.20082596149574,88.20082596149574,86.9449868096132
3778,2021-09-13T17:06:45,2021-09-13T17:26:55,122,42.0,59.6,17.6,20.11389076388889,114.28347024936868,20.16666603088379,78.85,26.21,132.2986577181208,-59.84262852459017,-58.80002,42.00409836065574,44.0,114.28347024936868,116.72131513672454,0,0,85.12905120841855,85.12905120841855,86.9449868096132
3779,2021-09-13T17:27:06,2021-09-13T17:44:56,108,59.6,74.8,15.199999999999996,17.193890888888888,113.11770321637428,17.83333396911621,98.96,32.9,132.2994652406417,-57.848155,-56.80002,43.675925925925924,45.0,113.11770321637428,116.71690455522489,0,0,84.26067854496756,84.26067854496756,86.94170139469253
3780,2021-09-13T17:45:07,2021-09-13T18:03:37,112,74.8,89.6,14.799999999999997,17.24930761111111,116.54937575075077,18.5,118.53,39.42,132.28794642857144,-55.94286383928572,-55.0,44.0,45.0,116.54937575075077,116.68993970352565,0,0,86.81691022284727,86.81691022284727,86.92161544318859
3783,2021-09-14T14:39:49,2021-09-14T15:09:49,181,58.8,88.8,30.0,34.85445013888889,116.18150046296299,30.0,117.43,39.05,132.240990990991,-69.70885116022099,-69.60001,36.488950276243095,38.0,116.18150046296299,116.68993970352565,0,0,86.54288219286127,86.54288219286127,86.92161544318859
3791,2021-09-15T06:41:43,2021-09-15T06:58:13,100,28.0,42.0,14.0,16.708196208333334,119.34425863095237,16.5,55.38,18.42,131.85714285714286,-60.75800639999999,-60.30002,34.91,37.0,119.34425863095237,116.68993970352565,0,0,88.89880121995346,88.89880121995346,86.92161544318859
3792,2021-09-15T06:58:24,2021-09-15T07:16:04,107,42.4,57.6,15.200000000000003,17.563890944444445,115.55191410818712,17.66666603088379,76.0,25.27,131.94444444444443,-59.648605140186916,-58.60001,36.55140186915888,39.0,115.55191410818712,116.64296058254612,0,0,86.07390720532469,86.07390720532469,86.88662098609987
3796,2021-09-15T07:30:27,2021-09-15T07:47:57,106,68.8,82.8,14.0,16.45958515277778,117.56846537698414,17.5,109.44,36.39,132.17391304347825,-56.433025000000015,-55.5,38.5188679245283,40.0,117.56846537698414,116.64296058254612,0,0,87.57602379183751,87.57602379183751,86.88662098609987
3799,2021-09-15T22:37:55,2021-09-15T22:56:35,113,52.0,68.0,16.0,18.692919291666666,116.83074557291665,18.66666603088379,89.9,29.89,132.2058823529412,-60.08407920353982,-60.0,35.02212389380531,36.0,116.83074557291665,116.68993970352565,0,0,87.02650086572325,87.02650086572325,86.92161544318859
3800,2021-09-15T22:56:46,2021-09-15T23:18:46,133,68.0,86.8,18.799999999999997,22.02472469444444,117.15279092789598,22.0,114.67,38.14,132.1082949308756,-60.06767593984962,-60.0,35.99248120300752,37.0,117.15279092789598,116.71690455522489,0,0,87.26639046179211,87.26639046179211,86.94170139469253
3803,2021-09-16T11:07:50,2021-09-16T11:32:20,148,30.4,51.6,21.200000000000003,24.77764298611111,116.87567446278825,24.5,68.14,22.66,132.05426356589146,-60.68041547297297,-60.60001,34.567567567567565,36.0,116.87567446278825,116.72131513672454,0,0,87.0599681183213,87.0599681183213,86.9449868096132
3804,2021-09-16T11:32:31,2021-09-16T11:58:51,159,52.0,75.2,23.200000000000003,26.630282222222224,114.78569923371646,26.33333396911621,99.34,33.03,132.10106382978725,-60.67673968553458,-60.60001,36.91509433962264,38.0,114.78569923371646,116.72131513672454,0,0,85.50315847724407,85.50315847724407,86.9449868096132
3805,2021-09-16T11:59:02,2021-09-16T12:25:32,160,75.2,96.8,21.599999999999994,25.87195036111111,119.77754796810703,26.5,127.99,42.57,132.22107438016528,-58.536263375,-43.10001,38.125,39.0,119.77754796810703,116.77772173601355,0,0,89.22155577133536,89.22155577133536,86.9870037370734
3807,2021-09-16T19:39:57,2021-09-16T19:56:57,103,58.4,75.6,17.199999999999996,19.819581958333334,115.23012766472871,17.0,99.84,33.2,132.06349206349208,-69.95145145631068,-69.89999,37.97572815533981,40.0,115.23012766472871,116.72131513672454,0,0,85.83421047084879,85.83421047084879,86.9449868096132
3810,2021-09-17T12:40:27,2021-09-17T13:07:17,162,55.6,82.4,26.800000000000004,31.129726361111114,116.15569537728027,26.83333396911621,108.92,36.22,132.18446601941747,-69.60679938271606,-69.5,35.33641975308642,37.0,116.15569537728027,116.71690455522489,0,0,86.52366014390066,86.52366014390066,86.94170139469253
3811,2021-09-17T13:07:28,2021-09-17T13:25:38,110,82.4,97.6,15.199999999999989,18.294169375000006,120.35637746710539,18.16666603088379,128.94,42.88,132.11065573770492,-60.37909981818182,-42.0,37.027272727272724,38.0,120.35637746710539,116.71690455522489,0,0,89.65272229046236,89.65272229046236,86.94170139469253
3814,2021-09-17T22:56:13,2021-09-17T23:14:53,113,40.4,56.4,16.0,18.721392,117.0087,18.66666603088379,74.43,24.75,131.968085106383,-60.17611619469026,-60.10001,36.49557522123894,38.0,117.0087,116.72131513672454,0,0,87.15905801946462,87.15905801946462,86.9449868096132
3815,2021-09-17T23:15:04,2021-09-17T23:36:54,132,56.8,75.6,18.799999999999997,21.902642527777783,116.50341770094568,21.83333396911621,99.96,33.25,132.22222222222223,-60.19016151515152,-60.10001,38.29545454545455,40.0,116.50341770094568,116.71690455522489,0,0,86.78267635537054,86.78267635537054,86.94170139469253
3816,2021-09-17T23:37:05,2021-09-17T23:54:55,108,75.6,90.8,15.200000000000003,17.88778075,117.68276809210525,17.83333396911621,120.07,39.92,132.23568281938327,-60.182417407407414,-60.10001,39.0,40.0,117.68276809210525,116.72131513672454,0,0,87.66116717843204,87.66116717843204,86.9449868096132
3819,2021-09-18T10:09:41,2021-09-18T10:29:11,118,52.0,68.8,16.799999999999997,19.44722438888889,115.75728802910055,19.5,90.87,30.21,132.07848837209303,-59.837294915254226,-59.70001,33.75423728813559,35.0,115.75728802910055,116.72131513672454,0,0,86.22688897068554,86.22688897068554,86.9449868096132
3822,2021-09-18T10:52:33,2021-09-18T11:09:53,105,70.4,85.2,14.799999999999997,17.28861297222222,116.81495251501504,17.33333396911621,112.5,37.41,132.04225352112675,-59.84572057142858,-59.80002,34.695238095238096,36.0,116.81495251501504,116.72131513672454,0,0,87.01473671442551,87.01473671442551,86.9449868096132
3823,2021-09-18T11:10:04,2021-09-18T11:26:54,102,85.2,98.0,12.799999999999997,14.774723375000004,115.42752636718755,16.83333396911621,129.35,43.01,131.98979591836735,-52.64706294117646,-42.30002,35.0,36.0,115.42752636718755,116.72131513672454,0,0,85.98125154523537,85.98125154523537,86.9449868096132
3824,2021-09-18T16:15:41,2021-09-18T16:52:48,279,35.2,72.4,37.2,43.2825018875,116.35081152553761,37.11666488647461,95.50999,31.76,131.9198756906077,-69.96738655913978,-69.70001,40.25806451612903,43.0,116.35081152553761,116.71690455522489,0,0,86.66900095775891,86.66900095775891,86.94170139469253
3825,2021-09-18T16:56:56,2021-09-18T17:18:26,162,72.8,96.0,23.200000000000003,25.071529036111112,108.06693550047892,21.5,126.83,42.17,132.11458333333334,-69.96790475308643,-69.70001,42.367283950617285,44.0,108.06693550047892,116.71690455522489,0,0,80.49839286541926,80.49839286541926,86.94170139469253
3826,2021-09-19T01:11:17,2021-09-19T02:21:13,525,20.8,91.2,70.4,82.17666716666668,116.72822040719697,69.93333435058594,120.4,40.03,132.01754385964912,-70.5043813904762,-70.5,39.14666666666667,43.0,116.72822040719697,116.72131513672454,0,0,86.95013050294324,86.95013050294324,86.9449868096132
3827,2021-09-19T06:45:48,2021-09-19T07:36:15,379,68.0,97.6,29.599999999999994,34.93301856805556,118.01695462180935,50.45000076293945,128.82,42.83,131.9877049180328,-41.545915857519795,-40.10001,37.42612137203166,39.0,118.01695462180935,116.72131513672454,0,0,87.91010066057314,87.91010066057314,86.9449868096132
3829,2021-09-19T15:58:41,2021-09-19T16:54:24,419,23.2,70.8,47.599999999999994,55.27492196666666,116.12378564425771,55.71666717529297,93.47,31.08,132.01977401129943,-59.52411073985681,-56.80002,42.782816229116946,46.0,116.12378564425771,116.72131513672454,0,0,86.49989078083708,86.49989078083708,86.9449868096132
3830,2021-09-20T11:07:50,2021-09-20T12:10:43,472,22.4,86.0,63.6,73.4855223013889,115.54327405878757,62.88333511352539,113.62,37.78,132.11627906976744,-70.11610972457628,-69.89999,34.891949152542374,39.0,115.54327405878757,116.72131513672454,0,0,86.0674712858853,86.0674712858853,86.9449868096132
3831,2021-09-21T08:28:09,2021-09-21T08:45:39,106,27.2,42.4,15.2,17.72917069444445,116.63928088450295,17.5,55.82,18.56,131.6509433962264,-60.7868062264151,-60.70001,31.41509433962264,33.0,116.63928088450295,116.72131513672454,0,0,86.88388000175222,86.88388000175222,86.9449868096132
3832,2021-09-21T08:45:50,2021-09-21T09:07:30,131,42.8,62.0,19.200000000000003,21.93181040277778,114.22817918113427,21.66666603088379,81.77,27.19,131.88709677419354,-60.734364580152686,-60.70001,33.32442748091603,35.0,114.22817918113427,116.72131513672454,0,0,85.08786523315173,85.08786523315173,86.9449868096132
3833,2021-09-21T09:07:41,2021-09-21T09:28:51,128,62.0,80.4,18.400000000000006,21.429310652777794,116.46364485205319,21.16666603088379,106.23,35.32,132.12686567164178,-60.74454570312501,-60.70001,35.03125,36.0,116.46364485205319,116.72131513672454,0,0,86.75304980585568,86.75304980585568,86.9449868096132
3834,2021-09-21T09:29:02,2021-09-21T09:50:32,130,80.8,97.6,16.799999999999997,20.286672097222223,120.75400057870372,21.5,128.91,42.87,132.07991803278688,-56.5784766923077,-43.20001,35.83461538461538,37.0,120.75400057870372,116.72131513672454,0,0,89.94890929069122,89.94890929069122,86.9449868096132
3836,2021-09-22T21:58:18,2021-09-22T23:05:10,502,34.0,97.6,63.599999999999994,74.94996350555556,117.8458545684836,66.86666870117188,128.89,42.86,132.05942622950818,-67.22849067729085,-42.20001,38.18725099601593,41.0,117.8458545684836,116.72131513672454,0,0,87.78264928751327,87.78264928751327,86.9449868096132
3837,2021-09-23T07:02:10,2021-09-23T08:20:47,590,22.0,97.6,75.6,88.60928590694444,117.20805014146092,78.61666870117188,128.82,42.83,131.9877049180328,-67.60440237288135,-42.39999,38.23898305084746,42.0,117.20805014146092,116.72645915315371,0,0,87.30755270871235,87.30755270871235,86.94881855568339
3838,2021-09-23T14:29:28,2021-09-23T15:09:47,303,44.8,85.2,40.400000000000006,47.43982574027779,117.42531123831134,40.31666564941406,112.4,37.38,131.924882629108,-70.60099947194719,-70.5,38.32838283828383,41.0,117.42531123831134,116.77158646110601,0,0,87.46938915801704,87.46938915801704,86.98243360868437
3841,2021-09-24T12:02:41,2021-09-24T12:20:11,106,37.6,52.8,15.199999999999996,17.585700097222226,115.69539537646203,17.5,69.5,23.11,131.62878787878788,-60.29341556603773,-60.20001,34.179245283018865,36.0,115.69539537646203,116.77158646110601,0,0,86.18078551596551,86.18078551596551,86.98243360868437
3842,2021-09-24T12:20:22,2021-09-24T12:40:34,123,53.2,70.8,17.599999999999994,20.29213084583334,115.29619798768948,20.200000762939453,93.37,31.05,131.87853107344634,-60.27400113821138,-60.20001,36.24390243902439,38.0,115.29619798768948,116.72645915315371,0,0,85.88342584639183,85.88342584639183,86.94881855568339
3845,2021-09-24T22:19:01,2021-09-24T22:36:51,108,26.0,43.6,17.6,20.869031291666673,118.57404142992426,17.83333396911621,57.41,19.09,131.6743119266055,-70.21390074074073,-70.0,33.80555555555556,36.0,118.57404142992426,116.72645915315371,0,0,88.32507118353739,88.32507118353739,86.94881855568339
3846,2021-09-24T22:37:02,2021-09-24T22:55:32,112,44.0,62.8,18.799999999999997,21.64500341666668,115.1329968971632,18.5,82.86,27.55,131.94267515923568,-70.20001107142858,-70.0,35.892857142857146,38.0,115.1329968971632,116.72645915315371,0,0,85.76185836193964,85.76185836193964,86.94881855568339
3847,2021-09-24T22:55:43,2021-09-24T23:15:53,122,62.8,83.2,20.400000000000006,23.586948055555556,115.62229438997818,20.16666603088379,109.64,36.46,131.77884615384613,-70.17624024590165,-70.0,37.6844262295082,39.0,115.62229438997818,116.72131513672454,0,0,86.1263330425834,86.1263330425834,86.9449868096132
3848,2021-09-24T23:16:04,2021-09-24T23:33:34,106,83.2,97.6,14.399999999999991,17.20916915277778,119.50811911651243,17.5,128.72,42.81,131.88524590163934,-58.977366981132086,-42.39999,38.132075471698116,40.0,119.50811911651243,116.7230763907678,0,0,89.02085988369409,89.02085988369409,86.94629875687303
3849,2021-09-25T09:58:59,2021-09-25T10:15:29,100,32.8,49.6,16.800000000000004,19.58930941666667,116.60303224206348,16.5,65.25,21.7,131.55241935483872,-71.233014,-71.0,32.05,34.0,116.60303224206348,116.68375064584995,0,0,86.85687861185976,86.85687861185976,86.91700525234774
3851,2021-09-25T10:19:30,2021-09-25T10:44:07,149,52.8,77.6,24.799999999999997,29.28509590694445,118.08506414090505,24.616666793823242,102.37,34.04,131.92010309278353,-71.37919140939599,-71.30002,35.11073825503356,37.0,118.08506414090505,116.68375064584995,0,0,87.96083502072362,87.96083502072362,86.91700525234774
3852,2021-09-25T10:44:18,2021-09-25T11:06:58,137,78.0,97.6,19.599999999999994,23.544165916666664,120.12329549319729,22.66666603088379,128.75,42.82,131.91598360655738,-62.286859270073,-43.39999,36.51459854014598,38.0,120.12329549319729,116.68375064584995,0,0,89.47910096754238,89.47910096754238,86.91700525234774
3854,2021-09-25T16:20:57,2021-09-25T17:13:19,394,48.4,97.6,49.199999999999996,58.263616616388894,118.42198499266037,52.36666488647461,128.67,42.79,131.83401639344262,-66.73274745685279,-42.30002,40.723350253807105,43.0,118.42198499266037,116.68375064584995,0,0,88.21180528247433,88.21180528247433,86.91700525234774
3855,2021-09-26T00:31:10,2021-09-26T01:26:18,415,41.600002,87.200005,45.600003,53.26389448,116.8067784556944,55.13333511352539,115.03,38.25,131.91513005073796,-57.96410246265061,-55.0,38.66385542168675,41.0,116.8067784556944,116.68375064584995,0,0,87.00864790811809,87.00864790811809,86.91700525234774
3856,2021-09-26T07:34:21,2021-09-26T08:41:06,501,33.6,97.6,63.99999999999999,74.80226610833334,116.87854079427086,66.75,128.76,42.82,131.9262295081967,-67.213375249501,-42.20001,38.213572854291414,41.0,116.87854079427086,116.68375064584995,0,0,87.06210323094109,87.06210323094109,86.91700525234774
3857,2021-09-26T14:05:37,2021-09-26T14:25:17,119,43.2,63.2,20.0,23.01861537500001,115.09307687500005,19.66666603088379,83.42,27.74,131.99367088607596,-70.22522302521008,-70.0,39.44957983193277,42.0,115.09307687500005,116.68375064584995,0,0,85.73212218396436,85.73212218396436,86.91700525234774
3858,2021-09-26T14:25:28,2021-09-26T14:44:38,116,63.2,82.4,19.200000000000003,22.401391500000003,116.67391406249999,19.16666603088379,108.71,36.15,131.9296116504854,-70.1267323275862,-69.89999,41.2801724137931,43.0,116.67391406249999,116.65659747350148,0,0,86.9096780421581,86.9096780421581,86.89677902195515
3859,2021-09-26T14:44:49,2021-09-26T15:02:49,109,82.8,97.6,14.799999999999997,18.01416891666667,121.71735754504509,18.0,128.72,42.81,131.88524590163934,-60.013768990825696,-42.5,41.98623853211009,43.0,121.71735754504509,116.70106723484848,0,0,90.66650794551606,90.66650794551606,86.92990427255067
3860,2021-09-26T22:35:34,2021-09-26T23:00:44,152,24.8,46.0,21.2,25.12666405555556,118.52200026205452,25.16666603088379,60.53,20.13,131.58695652173913,-59.904599144736856,-59.80002,36.8125,39.0,118.52200026205452,116.70106723484848,0,0,88.2863060389818,88.2863060389818,86.92990427255067
3862,2021-09-26T23:05:16,2021-09-26T23:30:16,151,50.0,71.6,21.599999999999994,24.95485848611111,115.53175225051443,25.0,94.34,31.37,131.75977653631287,-59.892046688741715,-59.80002,39.41059602649007,42.0,115.53175225051443,116.70106723484848,0,0,86.05888876205786,86.05888876205786,86.92990427255067
3864,2021-09-26T23:34:56,2021-09-27T00:04:36,179,72.8,96.8,24.0,28.290969055555557,117.87903773148149,29.66666603088379,127.75,42.48,131.97314049586777,-57.183792569832406,-42.30002,40.5,42.0,117.87903773148149,116.76749943144569,0,0,87.80736722070115,87.80736722070115,86.97938920553067
3867,2021-09-27T19:37:27,2021-09-27T20:08:27,187,16.4,43.2,26.800000000000004,30.83139405555556,115.04251513266999,31.0,56.82,18.89,131.52777777777777,-59.67380679144385,-59.60001,36.98395721925134,39.0,115.04251513266999,116.76749943144569,0,0,85.69445905435683,85.69445905435683,86.97938920553067
3868,2021-09-27T20:08:38,2021-09-27T20:36:18,167,43.2,67.6,24.39999999999999,27.51917127777778,112.78348884335159,27.66666603088379,88.98,29.59,131.62721893491127,-59.68024952095807,-59.60001,39.535928143712574,41.0,112.78348884335159,116.76749943144569,0,0,84.01172432251039,84.01172432251039,86.97938920553067
3869,2021-09-27T20:36:29,2021-09-27T21:06:09,179,67.6,92.8,25.200000000000003,29.51542169444445,117.12468926366844,29.66666603088379,122.33,40.67,131.82112068965517,-59.69386491620112,-59.60001,41.32960893854749,42.0,117.12468926366844,116.76749943144569,0,0,87.24545770565643,87.24545770565643,86.97938920553067
3872,2021-09-28T07:46:45,2021-09-28T08:14:45,169,28.4,53.2,24.800000000000004,28.352923958333335,114.32630628360214,28.0,70.05,23.29,131.67293233082705,-60.75622863905326,-60.70001,35.74556213017752,38.0,114.32630628360214,116.76749943144569,0,0,85.16095950577659,85.16095950577659,86.97938920553067
3873,2021-09-28T08:14:56,2021-09-28T08:41:36,161,53.2,76.8,23.599999999999994,27.00639619444445,114.43388217984939,26.66666603088379,101.17,33.64,131.73177083333334,-60.76461273291926,-60.70001,38.338509316770185,40.0,114.43388217984939,116.70106723484848,0,0,85.2410921265348,85.2410921265348,86.92990427255067
3874,2021-09-28T08:41:47,2021-09-28T09:07:17,154,77.2,97.6,20.39999999999999,24.435006152777778,119.77944192538132,25.5,128.66,42.78,131.8237704918033,-57.45585857142858,-42.39999,39.36363636363637,41.0,119.77944192538132,116.70106723484848,0,0,89.22296656841246,89.22296656841246,86.92990427255067
3876,2021-09-28T19:48:13,2021-09-28T20:19:33,189,53.2,80.8,27.599999999999994,31.66097744444445,114.71368639291468,31.33333396911621,106.46,35.4,131.75742574257427,-60.62752322751323,-60.60001,38.69047619047619,40.0,114.71368639291468,116.65659747350148,0,0,85.44951655686047,85.44951655686047,86.89677902195515
3877,2021-09-28T20:19:44,2021-09-28T20:40:54,128,80.8,98.0,17.200000000000003,19.792365374999996,115.07189171511622,21.16666603088379,129.1,42.93,131.73469387755102,-55.90313703125001,0.0,39.3515625,41.0,115.07189171511622,116.62115656328322,0,0,85.71634148920008,85.71634148920008,86.87037930680599
3878,2021-09-29T14:13:08,2021-09-29T14:53:19,302,44.8,85.6,40.8,46.961325084722226,115.10128697235841,40.18333435058594,112.71,37.48,131.67056074766356,-70.1202071192053,-69.80002,37.86423841059602,40.0,115.10128697235841,116.62115656328322,0,0,85.73823783478352,85.73823783478352,86.87037930680599
3880,2021-09-30T00:16:58,2021-09-30T00:35:38,113,35.6,54.4,18.799999999999997,21.466666666666665,114.18439716312058,18.66666603088379,71.66,23.83,131.72794117647058,-69.0,-69.0,38.530973451327434,41.0,114.18439716312058,116.55322497150458,0,0,85.05525227831792,85.05525227831792,86.81977748361516
3883,2021-09-30T04:48:15,2021-09-30T05:10:15,133,31.2,53.6,22.400000000000002,25.91430925,115.68888058035712,22.0,70.57,23.46,131.660447761194,-70.67519804511277,-70.60001,37.57142857142857,40.0,115.68888058035712,116.55322497150458,0,0,86.17593268458037,86.17593268458037,86.81977748361516
3884,2021-09-30T05:10:26,2021-09-30T05:31:26,127,54.0,75.6,21.599999999999994,24.736114666666673,114.5190493827161,21.0,99.71,33.16,131.8915343915344,-70.67402590551184,-70.60001,40.05511811023622,42.0,114.5190493827161,116.55322497150458,0,0,85.30453264998317,85.30453264998317,86.81977748361516
3885,2021-09-30T05:31:37,2021-09-30T05:54:57,141,75.6,97.2,21.60000000000001,25.319587722222224,117.22031352880654,23.33333396911621,128.07,42.59,131.75925925925927,-65.04611056737589,-42.10001,41.354609929078016,43.0,117.22031352880654,116.55322497150458,0,0,87.3166876302111,87.3166876302111,86.81977748361516
3888,2021-09-30T14:38:24,2021-09-30T15:06:14,168,71.6,95.6,24.0,27.792919194444444,115.80382997685186,27.83333396911621,125.99,41.89,131.7887029288703,-59.86369595238096,-42.39999,36.169642857142854,37.0,115.80382997685186,116.48353127649943,0,0,86.26155778013641,86.26155778013641,86.76786308061311
3890,2021-10-01T02:42:59,2021-10-01T03:47:20,483,12.0,44.4,32.4,37.44101241805555,115.55868030264058,64.3499984741211,58.35,19.4,131.41891891891893,-34.837679792960664,0.0,36.17184265010352,38.0,115.55868030264058,116.4072281887954,0,0,86.07894730178708,86.07894730178708,86.7110253818073
3891,2021-10-01T03:50:24,2021-10-01T05:14:54,634,44.0,86.4,42.400000000000006,49.26012380138889,116.17953726742662,84.5,113.84,37.85,131.75925925925924,-34.977443958990534,-34.80002,38.54495268138801,40.0,116.17953726742662,116.26517439648211,0,0,86.54141982063034,86.54141982063034,86.60521038919462
3892,2021-10-01T05:19:18,2021-10-01T05:44:49,192,86.0,97.6,11.599999999999994,13.56712592361111,116.95798210009585,25.516666412353516,128.57,42.75,131.73155737704917,-31.884898020833337,-20.70001,39.0,40.0,116.95798210009585,116.4072281887954,0,0,87.12127856904452,87.12127856904452,86.7110253818073
3894,2021-10-01T21:35:29,2021-10-01T21:59:49,147,36.8,58.4,21.6,24.411250499999998,113.01504861111108,24.33333396911621,76.82,25.54,131.54109589041096,-60.19115768707484,-59.89999,33.326530612244895,36.0,113.01504861111108,116.26517439648211,0,0,84.18421176347097,84.18421176347097,86.60521038919462
3895,2021-10-01T22:00:00,2021-10-01T22:19:50,120,58.4,76.0,17.6,19.91819568055555,113.17156636679287,19.83333396911621,100.19,33.32,131.82894736842104,-60.257503750000005,-59.89999,35.5375,37.0,113.17156636679287,116.26517439648211,0,0,84.30080087307175,84.30080087307175,86.60521038919462
3896,2021-10-01T22:20:01,2021-10-01T22:40:21,123,76.0,93.6,17.599999999999994,20.416946277777782,116.00537657828289,20.33333396911621,123.44,41.05,131.8803418803419,-60.2463469105691,-59.89999,36.3089430894309,38.0,116.00537657828289,116.15166145584217,0,0,86.4116885988512,86.4116885988512,86.52065530073371
3907,2021-10-02T08:42:48,2021-10-02T09:03:18,124,78.8,96.8,18.0,20.981948069444446,116.56637816358025,20.5,127.49,42.39,131.70454545454544,-61.36855903225807,-42.0,42.05241935483871,44.0,116.56637816358025,116.32159105973992,0,0,86.82957521516217,86.82957521516217,86.64723481324302
3908,2021-10-02T21:01:04,2021-10-02T21:19:04,109,29.6,41.2,11.600000000000001,13.533336347222225,116.66669264846743,18.0,54.09,17.99,131.2864077669903,-45.11193669724771,-45.10001,36.940366972477065,39.0,116.66669264846743,116.32159105973992,0,0,86.90429885544255,86.90429885544255,86.64723481324302
3909,2021-10-02T21:19:15,2021-10-02T21:43:35,147,41.6,57.6,16.0,18.290559611111114,114.31599756944446,24.33333396911621,75.77,25.2,131.54513888888886,-45.10001,-45.10001,38.265306122448976,40.0,114.31599756944446,116.15166145584217,0,0,85.15328060826405,85.15328060826405,86.52065530073371
3910,2021-10-02T21:43:46,2021-10-02T22:04:36,126,58.0,71.6,13.599999999999994,15.659725694444445,115.14504187091508,20.83333396911621,94.25,31.34,131.63407821229052,-45.100010000000005,-45.10001,39.638888888888886,41.0,115.14504187091508,116.09245692285475,0,0,85.77083058850128,85.77083058850128,86.47655420974077
3911,2021-10-02T22:04:47,2021-10-02T22:29:07,147,71.6,87.2,15.600000000000009,18.290559611111114,117.24717699430195,24.33333396911621,114.77,38.17,131.61697247706422,-45.10001,-45.10001,40.0,41.0,117.24717699430195,116.32159105973992,0,0,87.33669805975796,87.33669805975796,86.64723481324302
3912,2021-10-02T22:29:18,2021-10-02T22:45:48,100,87.6,97.6,10.0,12.282502000000004,122.82502000000004,16.5,128.42,42.71,131.577868852459,-44.652007199999986,-41.89999,40.0,41.0,122.82502000000004,116.32159105973992,0,0,91.49159886762186,91.49159886762186,86.64723481324302
3913,2021-10-03T04:54:15,2021-10-03T06:05:41,536,28.0,97.6,69.6,80.47360185000001,115.62299116379312,71.43333435058594,128.5,42.73,131.65983606557378,-67.57463076492539,-41.5,38.144589552238806,42.0,115.62299116379312,116.32159105973992,0,0,86.12685206509508,86.12685206509508,86.64723481324302
3915,2021-10-03T12:26:31,2021-10-03T12:45:41,116,47.6,67.2,19.6,22.448755569444447,114.53446719104309,19.16666603088379,88.53,29.44,131.74107142857142,-70.27415534482758,-70.20001,36.793103448275865,39.0,114.53446719104309,116.09245692285475,0,0,85.31601728019021,85.31601728019021,86.47655420974077
3916,2021-10-03T12:45:52,2021-10-03T13:03:52,109,67.2,85.6,18.39999999999999,21.080282805555562,114.56675437801941,18.0,112.64,37.46,131.588785046729,-70.2679066972477,-70.20001,38.51376146788991,40.0,114.56675437801941,115.90460327756738,0,0,85.34006780637291,85.34006780637291,86.3366231894938
3918,2021-10-03T19:26:34,2021-10-03T20:36:14,523,29.6,97.6,68.0,78.67367759166669,115.69658469362747,69.66666412353516,128.48,42.72,131.63934426229508,-67.73251416826004,-41.80002,37.81070745697897,41.0,115.69658469362747,115.75020733523966,0,0,86.18167143097718,86.18167143097718,86.2216146055568
3920,2021-10-04T02:23:35,2021-10-04T02:40:05,100,41.6,58.4,16.799999999999997,19.185837805555558,114.20141550925928,16.5,76.86,25.56,131.6095890410959,-69.7670163,-69.70001,35.79,38.0,114.20141550925928,115.69599003504476,0,0,85.06792913925645,85.06792913925645,86.18122847347135
3922,2021-10-04T02:55:37,2021-10-04T03:12:07,100,74.0,90.8,16.799999999999997,19.19069951388889,114.23035424933865,16.5,119.47,39.73,131.57488986784142,-69.78401840000001,-69.70001,38.55,40.0,114.23035424933865,115.69213797840958,0,0,85.08948542802462,85.08948542802462,86.17835910027294
3924,2021-10-04T06:52:16,2021-10-04T08:01:04,517,30.4,97.6,67.19999999999999,77.54300736,115.39138000000001,68.80000305175781,128.45999,42.719997,131.61884221311476,-67.60232749323016,-41.700012,39.26885880077369,43.0,115.39138000000001,115.65593587207512,0,0,85.95432633954647,85.95432633954647,86.15139237483773
3926,2021-10-04T13:54:01,2021-10-04T14:12:11,110,46.0,64.4,18.400000000000006,21.17513695833333,115.0822660778985,18.16666603088379,84.58,28.13,131.33540372670808,-69.93635727272726,-69.89999,39.69090909090909,42.0,115.0822660778985,115.65593587207512,0,0,85.72406928796765,85.72406928796765,86.15139237483773
3929,2021-10-04T17:02:21,2021-10-04T17:20:41,111,68.4,80.0,11.599999999999994,13.070695819444445,112.6784122365901,18.33333396911621,105.17,34.97,131.4625,-42.77748198198196,-42.20001,40.927927927927925,42.0,112.6784122365901,115.62264277688564,0,0,83.93345340705528,83.93345340705528,86.12659255383923
3931,2021-10-04T21:21:50,2021-10-04T21:35:11,101,54.8,68.0,13.200000000000003,15.586903812500001,118.08260464015149,13.350000381469727,89.43999,29.74,131.52939705882352,-70.05347,-69.80002,38.28712871287129,40.0,118.08260464015149,115.65593587207512,0,0,87.95900295380143,87.95900295380143,86.15139237483773
3933,2021-10-05T02:02:33,2021-10-05T02:22:43,122,31.2,51.6,20.400000000000002,23.25278113888889,113.98422126906317,20.16666603088379,67.8,22.54,131.3953488372093,-69.18197721311476,-69.10001,36.299180327868854,39.0,113.98422126906317,115.65593587207512,0,0,84.90614249106066,84.90614249106066,86.15139237483773
3934,2021-10-05T02:22:54,2021-10-05T02:42:54,121,51.6,72.0,20.4,23.059169999999998,113.03514705882353,20.0,94.71,31.5,131.54166666666666,-69.17769595041324,-69.10001,38.607438016528924,41.0,113.03514705882353,115.59083573321685,0,0,84.19918297305,84.19918297305,86.10289968344108
3935,2021-10-05T02:43:05,2021-10-05T03:04:25,129,72.4,93.6,21.19999999999999,24.599447999999995,116.03513207547174,21.33333396911621,123.01,40.9,131.42094017094018,-69.18605651162791,-69.10001,39.798449612403104,41.0,116.03513207547174,115.59083573321685,0,0,86.43385328494617,86.43385328494617,86.10289968344108
3937,2021-10-05T15:19:06,2021-10-05T16:25:38,500,32.8,98.0,65.2,74.86045027555556,114.81664152692571,66.53333282470703,128.81999,42.829998,131.44896938775508,-67.486405248,-41.700012,40.087,43.0,114.81664152692571,115.5452162765775,0,0,85.52620720036535,85.52620720036535,86.06891803192246
3938,2021-10-05T20:59:25,2021-10-05T21:16:25,103,39.6,54.8,15.199999999999996,17.161529763888886,112.90480107821638,17.0,71.96,23.92,131.31386861313868,-60.56990990291263,-60.5,39.92718446601942,42.0,112.90480107821638,115.46156612525722,0,0,84.1020890570733,84.1020890570733,86.00660755080216
3939,2021-10-05T21:16:36,2021-10-05T21:47:16,185,54.8,81.6,26.799999999999997,30.97000477777778,115.55971932006636,30.66666603088379,107.22,35.65,131.39705882352942,-60.59352286486486,-60.5,41.82432432432432,44.0,115.55971932006636,115.46156612525722,0,0,86.07972125945089,86.07972125945089,86.00660755080216
3940,2021-10-05T21:47:27,2021-10-05T22:07:27,121,82.0,97.6,15.599999999999994,18.795836777777783,120.48613319088327,20.0,128.33,42.67,131.48565573770495,-56.34629132231405,-42.20001,42.5,44.0,120.48613319088327,115.46156612525722,0,0,89.74937652777218,89.74937652777218,86.00660755080216
3942,2021-10-06T16:28:07,2021-10-06T16:46:27,111,63.6,82.4,18.800000000000004,21.525137347222223,114.49541142139478,18.33333396911621,108.32,36.02,131.45631067961162,-70.4459409009009,-70.30002,37.554054054054056,39.0,114.49541142139478,115.26821093545755,0,0,85.28692487857586,85.28692487857586,85.86257846402387
3945,2021-10-06T19:32:21,2021-10-06T19:54:11,132,68.0,86.8,18.799999999999997,21.771392694444447,115.80528028959814,21.83333396911621,114.21,37.98,131.57834101382488,-59.82955598484849,-59.70001,39.0,40.0,115.80528028959814,115.46156612525722,0,0,86.26263810914443,86.26263810914443,86.00660755080216
3948,2021-10-07T02:22:55,2021-10-07T02:39:25,100,52.4,67.2,14.800000000000004,16.64972344444444,112.49813138138131,16.5,88.29,29.36,131.38392857142858,-60.545004500000005,-60.5,37.095,39.0,112.49813138138131,115.26821093545755,0,0,83.79916331137058,83.79916331137058,85.86257846402387
3949,2021-10-07T02:39:36,2021-10-07T02:56:46,104,67.2,82.0,14.799999999999997,17.32541823611111,117.0636367304805,17.16666603088379,107.85,35.86,131.52439024390245,-60.554813173076916,-60.5,37.98076923076923,40.0,117.0636367304805,115.26821093545755,0,0,87.19998005072682,87.19998005072682,85.86257846402387
3952,2021-10-07T12:59:54,2021-10-07T13:25:54,157,27.6,50.8,23.199999999999996,26.628610805555557,114.7784948515326,26.0,66.77,22.2,131.43700787401573,-61.4503178343949,-61.20001,36.50636942675159,39.0,114.7784948515326,115.12316442163674,0,0,85.4977919774474,85.4977919774474,85.75453421164241
3953,2021-10-07T13:26:05,2021-10-07T13:54:55,174,50.8,76.8,26.0,29.547499333333334,113.6442282051282,28.83333396911621,100.96,33.57,131.45833333333331,-61.48620551724137,-61.39999,39.27298850574713,41.0,113.6442282051282,115.09177652512845,0,0,84.6528837574304,84.6528837574304,85.73115356137558
3954,2021-10-07T13:55:06,2021-10-07T14:20:26,153,76.8,97.6,20.799999999999997,24.518750875000002,117.87860997596157,25.33333396911621,128.39,42.7,131.54713114754097,-58.03333542483661,-43.20001,40.450980392156865,42.0,117.87860997596157,115.09177652512845,0,0,87.80704858825604,87.80704858825604,85.73115356137558
3956,2021-10-07T23:00:04,2021-10-07T23:20:04,121,28.0,41.2,13.200000000000003,15.275139750000003,115.72075568181818,20.0,54.13,18.0,131.38349514563106,-45.824795950413225,-45.5,37.450413223140494,39.0,115.72075568181818,115.12316442163674,0,0,86.19967625080768,86.19967625080768,85.75453421164241
3957,2021-10-07T23:20:15,2021-10-07T23:41:15,127,41.6,55.6,14.0,15.797086597222222,112.83633283730157,21.0,73.09,24.3,131.4568345323741,-45.13386755905513,-44.60001,38.68503937007874,41.0,112.83633283730157,115.12316442163674,0,0,84.05108748725513,84.05108748725513,85.75453421164241
3958,2021-10-07T23:41:26,2021-10-08T00:01:26,121,55.6,68.4,12.800000000000004,14.65028091666667,114.45531966145833,20.0,89.95,29.91,131.50584795321637,-43.950422644628105,-43.20001,40.0,42.0,114.45531966145833,115.09177652512845,0,0,85.25706077419386,85.25706077419386,85.73115356137558
3959,2021-10-08T00:01:37,2021-10-08T00:20:47,116,68.8,80.4,11.600000000000009,13.623196055555553,117.4413453065133,19.16666603088379,105.71,35.15,131.48009950248755,-42.64655681034484,-42.10001,40.5,42.0,117.4413453065133,115.12316442163674,0,0,87.4813328363991,87.4813328363991,85.75453421164241
3960,2021-10-08T00:20:58,2021-10-08T00:40:28,118,80.8,92.0,11.200000000000003,13.496946333333332,120.50844940476186,19.5,120.92,40.21,131.43478260869566,-41.528819322033904,-40.89999,40.5,42.0,120.50844940476186,115.26821093545755,0,0,89.76599973767212,89.76599973767212,85.86257846402387
3963,2021-10-08T05:36:03,2021-10-08T05:54:23,111,51.2,67.2,16.0,18.152080486111107,113.45050303819441,18.33333396911621,88.17,29.32,131.20535714285714,-59.407197927927925,-59.39999,35.468468468468465,38.0,113.45050303819441,115.12316442163674,0,0,84.50857907696978,84.50857907696978,85.75453421164241
3964,2021-10-08T05:54:34,2021-10-08T06:13:34,115,67.2,83.6,16.39999999999999,18.82235918055556,114.77048280826565,19.0,109.84,36.53,131.38755980861245,-59.43912434782608,-59.39999,36.45217391304348,38.0,114.77048280826565,115.12316442163674,0,0,85.49182385589785,85.49182385589785,85.75453421164241
3965,2021-10-08T06:13:45,2021-10-08T06:31:55,110,83.6,97.6,14.0,16.365278888888895,116.89484920634924,18.16666603088379,128.23,42.64,131.38319672131146,-54.01727645454544,-41.20001,36.731818181818184,39.0,116.89484920634924,115.26821093545755,0,0,87.07425126638242,87.07425126638242,85.86257846402387
3968,2021-10-08T20:45:37,2021-10-08T21:04:07,112,31.2,47.2,16.000000000000004,18.348055777777777,114.67534861111108,18.5,61.88,20.57,131.10169491525423,-59.50714357142857,-59.5,30.267857142857142,32.0,114.67534861111108,115.26821093545755,0,0,85.42095897995758,85.42095897995758,85.86257846402387
3970,2021-10-08T21:20:19,2021-10-08T21:37:19,103,61.2,75.6,14.399999999999991,16.87000116666667,117.15278587962972,17.0,99.25999,33.0,131.29628306878308,-59.54078077669903,-59.5,33.60679611650485,35.0,117.15278587962972,115.4750301513203,0,0,87.26638670136975,87.26638670136975,86.01663682066678
3975,2021-10-09T11:00:12,2021-10-09T11:20:32,123,23.2,36.8,13.599999999999998,15.625695722222222,114.89482148692812,20.33333396911621,48.29,16.06,131.22282608695653,-46.10975983739837,-45.89999,27.24390243902439,29.0,114.89482148692812,115.26821093545755,0,0,85.58444296975523,85.58444296975523,85.86257846402387
3976,2021-10-09T11:20:43,2021-10-09T11:39:53,116,36.8,49.6,12.800000000000004,14.541529305555551,113.60569769965272,19.16666603088379,65.03,21.62,131.10887096774195,-45.52155646551723,-45.20001,28.58189655172414,30.0,113.60569769965272,115.26821093545755,0,0,84.62418262185453,84.62418262185453,85.86257846402387
3977,2021-10-09T11:40:04,2021-10-09T11:58:54,114,49.6,62.4,12.799999999999997,14.001112652777778,109.3836925998264,18.83333396911621,81.85,27.21,131.1698717948718,-44.60439096491228,-43.80002,30.157894736842106,32.0,109.3836925998264,115.11365397440679,0,0,81.47923709682743,81.47923709682743,85.74744993823447
3978,2021-10-09T11:59:05,2021-10-09T12:20:57,133,62.8,76.8,14.0,15.736668625000004,112.40477589285716,21.866666793823242,100.89,33.55,131.3671875,-43.17970458646617,-42.60001,31.048872180451127,33.0,112.40477589285716,114.9885437824133,0,0,83.72962338450436,83.72962338450436,85.65425612886145
3979,2021-10-09T16:48:09,2021-10-09T17:26:59,292,50.0,89.6,39.599999999999994,45.40435270694445,114.65745633066781,38.83333206176758,117.67,39.13,131.32812500000003,-70.15240575342467,-69.89999,31.065068493150687,33.0,114.65745633066781,114.85573150692692,0,0,85.40763113075273,85.40763113075273,85.55532508506029
3981,2021-10-09T23:42:53,2021-10-10T00:00:43,108,53.2,71.6,18.39999999999999,20.878059833333342,113.46771648550735,17.83333396911621,94.03,31.27,131.32681564245812,-70.24353287037037,-70.20001,30.01388888888889,32.0,113.46771648550735,114.79756818922915,0,0,84.52140126756812,84.52140126756812,85.51199958890638
3982,2021-10-10T00:00:54,2021-10-10T00:17:24,100,71.6,88.4,16.80000000000001,19.327782805555557,115.0463262235449,16.5,116.06,38.59,131.289592760181,-70.28301830000001,-70.20001,31.385,33.0,115.0463262235449,114.79756818922915,0,0,85.69729791241339,85.69729791241339,85.51199958890638
3985,2021-10-10T18:43:18,2021-10-10T19:00:08,102,41.2,56.4,15.199999999999996,16.767224416666668,110.31068695175442,16.83333396911621,73.92,24.58,131.06382978723406,-59.76471362745099,-59.0,30.647058823529413,32.0,110.31068695175442,114.79756818922915,0,0,82.16974946474033,82.16974946474033,85.51199958890638
3988,2021-10-11T00:04:33,2021-10-11T00:27:43,140,27.6,50.8,23.199999999999996,26.834444416666667,115.66570869252875,23.16666603088379,66.73,22.19,131.35826771653544,-69.49928564285715,-69.39999,31.789285714285715,34.0,115.66570869252875,114.85573150692692,0,0,86.15867208843963,86.15867208843963,85.55532508506029
3989,2021-10-11T00:27:54,2021-10-11T00:59:34,191,51.2,83.2,32.0,36.686389472222224,114.64496710069444,31.66666603088379,109.35,36.36,131.43028846153845,-69.51099586387434,-69.5,34.960732984293195,37.0,114.64496710069444,114.79756818922915,0,0,85.3983279804753,85.3983279804753,85.51199958890638
3991,2021-10-11T04:17:31,2021-10-11T05:02:24,338,61.2,97.2,36.0,41.51237912500001,115.31216423611114,44.88333511352539,127.71,42.46,131.38888888888889,-55.483141597633136,-41.60001,34.421597633136095,36.0,115.31216423611114,114.79756818922915,0,0,85.89531900623838,85.89531900623838,85.51199958890638
3992,2021-10-11T13:19:34,2021-10-11T13:59:55,304,43.6,84.4,40.800000000000004,47.091683701388895,115.4207933857571,40.349998474121094,110.93,36.89,131.43364928909952,-70.02467569078948,-69.70001,34.96546052631579,38.0,115.4207933857571,114.79756818922915,0,0,85.97623618894869,85.97623618894869,85.51199958890638
3994,2021-10-11T20:35:09,2021-10-11T20:51:39,100,53.2,70.4,17.200000000000003,19.310281041666673,112.26907582364342,16.5,92.42,30.73,131.2784090909091,-70.21901190000001,-70.0,34.41,36.0,112.26907582364342,114.79756818922915,0,0,83.62854124098985,83.62854124098985,85.51199958890638
3998,2021-10-12T09:14:17,2021-10-12T09:33:47,118,45.2,58.4,13.199999999999996,14.477364152777776,109.67700115740743,19.5,76.58,25.46,131.13013698630138,-44.54492449152543,-43.89999,26.73728813559322,28.0,109.67700115740743,114.77448882989913,0,0,81.69772082998412,81.69772082998412,85.49480791667263
3999,2021-10-12T09:33:58,2021-10-12T09:52:08,110,58.4,70.0,11.600000000000001,13.117224138888885,113.07951843869726,18.16666603088379,91.93,30.57,131.32857142857145,-43.322733545454525,-42.70001,28.12727272727273,29.0,113.07951843869726,114.72291570968837,0,0,84.23223493989366,84.23223493989366,85.4563914179277
4000,2021-10-12T09:52:19,2021-10-12T10:11:39,117,70.0,82.0,12.0,13.582918777777778,113.19098981481481,19.33333396911621,107.74,35.82,131.39024390243904,-42.15385273504273,-41.60001,28.876068376068375,30.0,113.19098981481481,114.66640247088944,0,0,84.31526927954994,84.31526927954994,85.41429505535515
4001,2021-10-12T10:11:50,2021-10-12T10:31:30,119,82.0,93.6,11.599999999999994,13.465696236111116,116.08358824233727,19.66666603088379,122.93,40.88,131.3354700854701,-41.08151806722689,-40.5,29.218487394957982,30.0,116.08358824233727,114.66640247088944,0,0,86.4699479843936,86.4699479843936,85.41429505535515
4004,2021-10-12T20:31:17,2021-10-12T21:36:41,491,34.0,97.6,63.599999999999994,73.01734199027779,114.80714149414747,65.4000015258789,128.08,42.59,131.22950819672133,-66.9698653767821,-41.70001,31.174134419551933,34.0,114.80714149414747,114.72291570968837,0,0,85.51913068461818,85.51913068461818,85.4563914179277
4005,2021-10-13T19:50:48,2021-10-13T21:13:58,625,28.8,98.0,69.2,79.14907765555554,114.3772798490687,83.16666412353516,128.54,42.75,131.16326530612244,-57.040325936,0.0,28.7712,32.0,114.3772798490687,114.72291570968837,0,0,85.19892939989523,85.19892939989523,85.4563914179277
4006,2021-10-14T02:46:41,2021-10-14T03:28:49,317,58.0,97.6,39.599999999999994,46.13578234666667,116.5045008754209,42.13333511352539,128.11,42.6,131.26024590163937,-65.669091659306,-41.700012,30.531545741324923,33.0,116.5045008754209,114.72291570968837,0,0,86.78348320534779,86.78348320534779,85.4563914179277
4009,2021-10-14T13:15:36,2021-10-14T13:33:06,106,39.6,55.2,15.600000000000001,17.29472794444445,110.86364066951569,17.5,72.32,24.05,131.01449275362316,-59.29624603773585,-59.20001,33.721698113207545,36.0,110.86364066951569,114.72291570968837,0,0,82.58164127422486,82.58164127422486,85.4563914179277
4010,2021-10-14T13:33:17,2021-10-14T13:50:47,106,55.2,70.4,15.200000000000003,17.294450138888894,113.77927722953218,17.5,92.32999,30.71,131.1505539772727,-59.29530254716981,-59.20001,35.570754716981135,37.0,113.77927722953218,114.72291570968837,0,0,84.75348094168677,84.75348094168677,85.4563914179277
4011,2021-10-14T13:50:58,2021-10-14T14:09:28,112,70.8,86.8,16.0,18.29111519444445,114.31946996527782,18.5,113.86,37.86,131.17511520737327,-59.32233473214286,-59.30002,36.450892857142854,38.0,114.31946996527782,114.66640247088944,0,0,85.15586717447586,85.15586717447586,85.41429505535515
4014,2021-10-14T22:48:44,2021-10-14T23:06:04,105,51.6,69.2,17.6,20.304449777777783,115.36619191919193,17.33333396911621,90.79,30.19,131.19942196531792,-70.28478038095238,-70.20001,32.885714285714286,35.0,115.36619191919193,114.66640247088944,0,0,85.93556389370653,85.93556389370653,85.41429505535515
4017,2021-10-15T17:49:07,2021-10-15T18:11:37,136,10.8,30.8,20.0,23.156807569444442,115.78403784722221,22.5,40.21,13.37,130.55194805194805,-61.75294647058825,-60.89999,28.452205882352942,30.0,115.78403784722221,114.72291570968837,0,0,86.24681474500552,86.24681474500552,85.4563914179277
4018,2021-10-15T18:11:48,2021-10-15T18:40:38,174,30.8,56.4,25.599999999999998,28.986392041666665,113.22809391276041,28.83333396911621,74.0,24.6,131.20567375886526,-60.317822701149424,-59.20001,30.195402298850574,32.0,113.22809391276041,114.66640247088944,0,0,84.34290789296585,84.34290789296585,85.41429505535515
4019,2021-10-15T18:40:49,2021-10-15T19:08:49,169,56.4,80.0,23.6,26.916253152777774,114.05192013888886,28.0,104.92,34.89,131.15,-57.67811331360946,-56.10001,32.798816568047336,34.0,114.05192013888886,114.66640247088944,0,0,84.95657096110597,84.95657096110597,85.41429505535515
4024,2021-10-16T01:45:02,2021-10-16T02:03:52,114,60.8,77.2,16.400000000000006,18.689723555555553,113.96172899728991,18.83333396911621,101.21,33.65,131.10103626943004,-59.54210947368421,-59.5,28.728070175438596,31.0,113.96172899728991,114.66640247088944,0,0,84.88938813672226,84.88938813672226,85.41429505535515
4027,2021-10-16T21:37:06,2021-10-16T21:59:16,134,32.4,54.8,22.4,25.952922152777777,115.8612596106151,22.16666603088379,71.79,23.87,131.00364963503654,-70.24852231343282,-70.20001,30.119402985074625,32.0,115.8612596106151,114.66640247088944,0,0,86.30433675965851,86.30433675965851,85.41429505535515
4028,2021-10-16T21:59:27,2021-10-16T22:21:47,135,54.8,77.6,22.799999999999997,26.14875559722223,114.68752454922031,22.33333396911621,101.89,33.89,131.3015463917526,-70.25038540740739,-70.20001,33.01111111111111,35.0,114.68752454922031,114.66640247088944,0,0,85.43002876106021,85.43002876106021,85.41429505535515
4031,2021-10-17T02:05:32,2021-10-17T02:24:02,112,51.2,70.0,18.799999999999997,21.60652941666667,114.92834796099295,18.5,91.8,30.53,131.14285714285714,-70.07589821428571,-69.89999,30.875,33.0,114.92834796099295,114.6814365801657,0,0,85.6094166332367,85.6094166332367,85.42549387050889
4032,2021-10-17T02:24:13,2021-10-17T02:41:33,105,70.4,87.6,17.19999999999999,20.238473430555555,117.66554320090448,17.33333396911621,114.78,38.17,131.027397260274,-70.05524238095238,-69.80002,32.423809523809524,34.0,117.66554320090448,114.6814365801657,0,0,87.64833646335234,87.64833646335234,85.42549387050889
4038,2021-10-17T07:10:51,2021-10-17T07:37:11,159,68.8,91.2,22.400000000000006,26.02848012500001,116.19857198660715,26.33333396911621,119.62,39.78,131.16228070175438,-59.30504943396227,-59.20001,29.738993710691823,32.0,116.19857198660715,114.6814365801657,0,0,86.55559866539522,86.55559866539522,85.42549387050889
4041,2021-10-17T23:49:05,2021-10-18T00:20:15,188,32.4,60.0,27.6,31.251949513888892,113.23170113727859,31.16666603088379,78.54,26.12,130.9,-60.1638395212766,-60.0,27.143617021276597,30.0,113.23170113727859,114.6814365801657,0,0,84.34559489223231,84.34559489223231,85.42549387050889
4042,2021-10-18T00:20:26,2021-10-18T00:51:56,190,60.0,87.6,27.599999999999994,31.60083863888889,114.4957921698873,31.5,114.75,38.16,130.99315068493152,-60.19211536842105,-60.10001,29.80263157894737,31.0,114.4957921698873,114.66640247088944,0,0,85.28720849577655,85.28720849577655,85.41429505535515
4045,2021-10-18T13:38:50,2021-10-18T13:58:20,118,54.0,71.2,17.200000000000003,19.627219805555544,114.11174305555546,19.5,93.35,31.04,131.10955056179773,-60.39151796610169,-60.30002,27.45762711864407,29.0,114.11174305555546,114.66640247088944,0,0,85.00113268228259,85.00113268228259,85.41429505535515
4046,2021-10-18T13:58:31,2021-10-18T14:18:41,122,71.2,88.8,17.599999999999994,20.303607999999997,115.36140909090912,20.16666603088379,116.35,38.69,131.02477477477476,-60.407367786885246,-60.39999,28.774590163934427,30.0,115.36140909090912,114.66640247088944,0,0,85.93200119445598,85.93200119445598,85.41429505535515
4049,2021-10-18T19:42:57,2021-10-18T20:02:27,118,46.4,59.2,12.800000000000004,14.75028008333334,115.2365631510417,19.5,77.52,25.78,130.9459459459459,-45.38560033898304,-44.80002,31.677966101694917,33.0,115.2365631510417,114.66640247088944,0,0,85.8390042248597,85.8390042248597,85.41429505535515
4050,2021-10-18T20:02:38,2021-10-18T20:21:08,112,59.6,71.6,11.999999999999993,13.578335236111114,113.15279363425935,18.5,93.81,31.19,131.0195530726257,-44.038399017857145,-43.39999,32.924107142857146,34.0,113.15279363425935,114.66640247088944,0,0,84.28681718054229,84.28681718054229,85.41429505535515
4051,2021-10-18T20:21:19,2021-10-18T20:41:19,121,71.6,84.0,12.400000000000006,14.299724055555558,115.32035528673832,20.0,110.03,36.59,130.98809523809524,-42.89917892561984,-42.30002,33.05785123966942,34.0,115.32035528673832,114.66640247088944,0,0,85.9014204692651,85.9014204692651,85.41429505535515
4053,2021-10-19T05:48:33,2021-10-19T07:07:48,597,32.0,97.6,65.6,74.85807806611113,114.11292388126698,79.25,127.96,42.55,131.10655737704917,-56.62580218090453,-41.600006,30.15326633165829,33.0,114.11292388126698,114.65121171568113,0,0,85.00201227206267,85.00201227206267,85.40297955561402
4055,2021-10-19T10:58:50,2021-10-19T11:15:40,102,67.6,82.0,14.400000000000006,16.95597258333333,117.74980960648143,16.83333396911621,107.53,35.75,131.13414634146343,-60.43627588235295,-60.10001,31.602941176470587,33.0,117.74980960648143,114.66640247088944,0,0,87.71110598846263,87.71110598846263,85.41429505535515
4056,2021-10-19T11:15:51,2021-10-19T11:32:51,103,82.0,96.0,14.0,16.27236359722222,116.23116855158727,17.0,125.82,41.85,131.0625,-57.37282427184463,-42.20001,32.0,33.0,116.23116855158727,114.6814365801657,0,0,86.57987964534233,86.57987964534233,85.42549387050889
4059,2021-10-19T17:21:48,2021-10-19T17:41:08,117,71.6,90.8,19.200000000000003,22.570001111111115,117.55208912037037,19.33333396911621,119.02,39.58,131.07929515418502,-70.04444786324787,-69.89999,35.034188034188034,37.0,117.55208912037037,114.6814365801657,0,0,87.56382521942075,87.56382521942075,85.42549387050889
4062,2021-10-20T03:03:27,2021-10-20T03:20:27,103,34.8,49.6,14.800000000000004,16.828469847222223,113.70587734609606,17.0,64.92,21.59,130.88709677419357,-59.39416650485437,-59.30002,31.771844660194176,34.0,113.70587734609606,114.66640247088944,0,0,84.69880582181081,84.69880582181081,85.41429505535515
4063,2021-10-20T03:20:38,2021-10-20T03:37:28,102,49.6,64.4,14.800000000000004,16.660554083333334,112.57131137387384,16.83333396911621,84.35,28.05,130.97826086956522,-59.384308431372546,-59.30002,33.622549019607845,36.0,112.57131137387384,114.66640247088944,0,0,83.85367463584065,83.85367463584065,85.41429505535515
4065,2021-10-20T03:53:50,2021-10-20T04:10:20,100,78.8,92.8,14.0,16.340553361111112,116.7182382936508,16.5,121.64,40.46,131.07758620689657,-59.41999199999999,-59.39999,35.53,37.0,116.7182382936508,114.66640247088944,0,0,86.94269488820923,86.94269488820923,85.41429505535515
4067,2021-10-20T08:54:29,2021-10-20T09:22:48,213,72.4,97.6,25.19999999999999,29.579946937499997,117.38074181547623,28.316667556762695,127.89,42.53,131.03483606557378,-62.64789258215963,-41.5,33.68779342723005,35.0,117.38074181547623,114.66640247088944,0,0,87.43618967019452,87.43618967019452,85.41429505535515
4068,2021-10-20T13:22:49,2021-10-20T13:48:19,192,70.4,95.2,24.799999999999997,28.794183594444444,116.10557900985664,25.5,124.74,41.48,131.02941176470586,-67.68542385416667,-41.70001,34.71875,36.0,116.10557900985664,114.67249043994406,0,0,86.48632877131041,86.48632877131041,85.41882994590648
4069,2021-10-20T22:54:38,2021-10-20T23:41:05,349,30.8,78.4,47.60000000000001,54.17873766805556,113.82087745389822,46.45000076293945,102.76,34.17,131.07142857142858,-69.98338309455588,-69.70001,33.663323782234954,37.0,113.82087745389822,114.65121171568113,0,0,84.78446869190657,84.78446869190657,85.40297955561402
4070,2021-10-21T07:58:31,2021-10-21T09:17:34,593,24.0,99.6,75.6,87.35178418750002,115.54468807870374,79.05000305175781,130.37,43.35,130.89357429718876,-66.28398463743676,-41.60001,32.68634064080944,36.0,115.54468807870374,114.65121171568113,0,0,86.0685245805883,86.0685245805883,85.40297955561402
4071,2021-10-21T15:49:10,2021-10-21T16:48:42,447,49.6,85.2,35.6,40.94622895277778,115.01749705836454,59.53333282470703,111.53,37.09,130.9037558685446,-41.26734458612975,-40.70001,29.146532438478747,31.0,115.01749705836454,114.67249043994406,0,0,85.6758232453108,85.6758232453108,85.41882994590648
4073,2021-10-21T23:39:42,2021-10-21T23:58:32,114,14.8,28.0,13.2,14.51861276388889,109.98949063552189,18.83333396911621,36.18,12.03,129.2142857142857,-46.25439122807018,-45.89999,24.5,26.0,109.98949063552189,114.67249043994406,0,0,81.93049231239056,81.93049231239056,85.41882994590648
4074,2021-10-21T23:58:43,2021-10-22T00:15:23,101,28.0,39.2,11.200000000000003,12.692364861111116,113.32468625992065,16.66666603088379,50.89,16.92,129.82142857142856,-45.693082673267334,-45.39999,24.668316831683168,27.0,113.32468625992065,114.67249043994406,0,0,84.41485893584024,84.41485893584024,85.41882994590648
4075,2021-10-22T00:15:34,2021-10-22T00:34:24,114,39.2,51.6,12.399999999999999,14.183473416666668,114.38285013440863,18.83333396911621,67.28,22.37,130.3875968992248,-45.18596859649123,-44.89999,25.837719298245613,28.0,114.38285013440863,114.66624582495737,0,0,85.20307867104452,85.20307867104452,85.41417837076776
4078,2021-10-22T00:58:53,2021-10-22T01:17:33,113,66.4,78.0,11.599999999999994,13.333752486111113,114.94614212164758,18.66666603088379,102.06,33.94,130.84615384615384,-42.858415044247785,-42.30002,28.376106194690266,30.0,114.94614212164758,114.74733302168389,0,0,85.62267139361695,85.62267139361695,85.4745797228392
4079,2021-10-22T01:17:44,2021-10-22T01:37:44,121,78.0,89.6,11.599999999999994,13.900558097222225,119.83239738984683,20.0,117.27,39.0,130.88169642857144,-41.701660578512396,-41.10001,28.5,30.0,119.83239738984683,114.74733302168389,0,0,89.2624127668558,89.2624127668558,85.4745797228392
4082,2021-10-22T14:10:24,2021-10-22T14:30:34,122,34.8,55.6,20.800000000000004,23.480972930555566,112.88929293536327,20.16666603088379,72.85,24.23,131.02517985611507,-69.86065786885247,-69.80002,24.397540983606557,27.0,112.88929293536327,114.74733302168389,0,0,84.09053713723566,84.09053713723566,85.4745797228392
4083,2021-10-22T14:30:45,2021-10-22T14:50:35,120,55.6,76.4,20.800000000000004,23.10513740277777,111.08239135950849,19.83333396911621,99.98,33.25,130.86387434554973,-69.89832883333335,-69.80002,27.179166666666667,29.0,111.08239135950849,114.66624582495737,0,0,82.74458731226206,82.74458731226206,85.41417837076776
4084,2021-10-22T14:50:46,2021-10-22T15:11:46,127,76.4,95.6,19.19999999999999,22.081388180555564,115.0072301070603,21.0,125.21,41.64,130.97280334728035,-63.03149401574804,-41.5,28.637795275590552,30.0,115.0072301070603,114.74733302168389,0,0,85.66817545668985,85.66817545668985,85.4745797228392
4086,2021-10-23T14:03:17,2021-10-23T14:56:01,396,32.0,86.4,54.400000000000006,61.675148063888905,113.37343394097225,52.733333587646484,113.21,37.64,131.03009259259258,-70.17425287878788,-70.0,24.970959595959595,28.0,113.37343394097225,114.5916583595538,0,0,84.45117078240455,84.45117078240455,85.35861862841838
4087,2021-10-23T23:34:55,2021-10-24T00:45:08,527,7.2,80.8,73.6,81.90700126666667,111.28668650362319,70.21666717529297,105.75,35.17,130.87871287128715,-69.98918516129031,-69.70001,28.041745730550286,33.0,111.28668650362319,114.43932115214795,0,0,82.89676550344772,82.89676550344772,85.24514358341054
4089,2021-10-24T14:58:31,2021-10-24T15:16:51,111,26.4,44.8,18.4,21.42639108333334,116.44777762681163,18.33333396911621,58.54,19.47,130.66964285714286,-70.12162873873874,-69.89999,26.76126126126126,28.0,116.44777762681163,114.5916583595538,0,0,86.74123040776446,86.74123040776446,85.35861862841838
4090,2021-10-24T15:17:02,2021-10-24T15:35:52,114,44.8,64.4,19.60000000000001,21.99680738888889,112.22860912698408,18.83333396911621,84.34,28.05,130.96273291925465,-70.07807596491227,-69.80002,29.469298245614034,31.0,112.22860912698408,114.5916583595538,0,0,83.59839784855846,83.59839784855846,85.35861862841838
4093,2021-10-24T19:37:16,2021-10-24T19:55:16,109,64.0,82.0,18.0,21.02083516666667,116.78241759259262,18.0,107.3,35.68,130.85365853658536,-70.07064834862386,-69.80002,31.110091743119266,32.0,116.78241759259262,114.74733302168389,0,0,86.99050165163895,86.99050165163895,85.4745797228392
4096,2021-10-25T01:58:56,2021-10-25T02:17:56,115,60.8,80.0,19.200000000000003,22.215975138888894,115.70820384837964,19.0,104.82,34.85,131.02499999999998,-70.15566139130436,-70.0,28.221739130434784,30.0,115.70820384837964,114.86774472757021,0,0,86.19032646759567,86.19032646759567,85.56427365892745
4099,2021-10-25T08:41:30,2021-10-25T09:16:10,209,48.0,78.4,30.400000000000006,34.72597641666667,114.23018558114033,34.66666793823242,102.54,34.1,130.7908163265306,-60.10239956937799,-59.89999,26.86602870813397,29.0,114.23018558114033,114.74733302168389,0,0,85.08935978812534,85.08935978812534,85.4745797228392
4100,2021-10-25T09:16:21,2021-10-25T09:40:31,146,78.8,98.0,19.200000000000003,22.33653255555556,116.3361070601852,24.16666603088379,128.28,42.66,130.89795918367346,-55.4260391780822,-41.80002,28.578767123287673,30.0,116.3361070601852,114.80793625510663,0,0,86.65804769232825,86.65804769232825,85.51972269714847
4102,2021-10-25T15:15:52,2021-10-25T15:43:52,169,68.0,92.0,24.0,27.852921763888894,116.0538406828704,28.0,120.3,40.0,130.76086956521738,-59.68521804733728,-59.60001,32.76627218934911,34.0,116.0538406828704,114.93724504132027,0,0,86.4477892110587,86.4477892110587,85.61604401342683
4104,2021-10-25T23:54:16,2021-10-26T00:13:26,116,44.0,63.6,19.6,22.466113138888897,114.6230262188209,19.16666603088379,83.25999,27.69,130.91193396226416,-70.32845456896551,-70.20001,27.95689655172414,30.0,114.6230262188209,114.80793625510663,0,0,85.38198435306798,85.38198435306798,85.51972269714847
4105,2021-10-26T00:13:37,2021-10-26T00:32:47,116,64.0,83.6,19.599999999999994,22.46916916666667,114.63861819727896,19.16666603088379,109.3,36.35,130.74162679425837,-70.33793896551724,-70.20001,29.926724137931036,32.0,114.63861819727896,114.80793625510663,0,0,85.39359872153001,85.39359872153001,85.51972269714847
4109,2021-10-26T05:53:36,2021-10-26T06:16:26,138,55.6,78.8,23.199999999999996,26.727920444444447,115.20655363984677,22.83333396911621,103.16,34.31,130.91370558375635,-70.23334326086957,-70.0,28.01086956521739,30.0,115.20655363984677,114.93724504132027,0,0,85.81665032530033,85.81665032530033,85.61604401342683
4110,2021-10-26T06:16:37,2021-10-26T06:38:37,133,79.2,97.6,18.39999999999999,21.690975249999997,117.88573505434786,22.0,127.72,42.47,130.86065573770492,-59.13384293233083,-41.70001,29.3796992481203,31.0,117.88573505434786,114.97668611435394,0,0,87.81235601514365,87.81235601514365,85.64542342515341
4112,2021-10-26T13:24:36,2021-10-26T13:43:36,115,64.0,83.2,19.200000000000003,22.217780375000004,115.71760611979167,19.0,108.87,36.21,130.8533653846154,-70.16174739130435,-69.89999,29.221739130434784,30.0,115.71760611979167,114.97668611435394,0,0,86.19733016150488,86.19733016150488,85.64542342515341
4115,2021-10-26T20:05:36,2021-10-26T20:22:36,103,38.0,52.8,14.799999999999997,16.914725055555554,114.28868280780782,17.0,69.0,22.94,130.6818181818182,-59.69903912621358,-59.60001,33.25242718446602,35.0,114.28868280780782,114.93724504132027,0,0,85.13293401100867,85.13293401100867,85.61604401342683
4116,2021-10-26T20:22:47,2021-10-26T20:41:47,115,53.2,70.0,16.799999999999997,18.912642791666674,112.57525471230164,19.0,91.50999,30.43,130.72855714285714,-59.72436017391304,-59.60001,35.030434782608694,37.0,112.57525471230164,114.93724504132027,0,0,83.85661200428265,83.85661200428265,85.61604401342683
4118,2021-10-26T20:57:49,2021-10-26T21:14:19,100,83.6,96.8,13.200000000000003,15.401809694444447,116.68037647306396,16.5,126.56,42.09,130.74380165289256,-55.95301500000001,-41.39999,36.365,38.0,116.68037647306396,114.97668611435394,0,0,86.9144918518773,86.9144918518773,85.64542342515341
4121,2021-10-27T05:07:47,2021-10-27T05:28:07,123,75.6,92.0,16.400000000000006,18.883057472222223,115.14059434281839,20.33333396911621,120.32,40.01,130.78260869565216,-55.720330894308944,-54.70001,30.308943089430894,32.0,115.14059434281839,115.01236358271242,0,0,85.76751765228866,85.76751765228866,85.67199935100032
4127,2021-10-28T00:08:19,2021-10-28T00:25:39,105,44.0,62.0,18.0,20.370555944444448,113.1697552469136,17.33333396911621,81.14,26.98,130.8709677419355,-70.51333466666667,-70.5,35.51904761904762,38.0,113.1697552469136,114.97668611435394,0,0,84.29945178105861,84.29945178105861,85.64542342515341
4128,2021-10-28T00:25:50,2021-10-28T00:42:40,102,62.0,79.2,17.200000000000003,19.78666741666667,115.03876405038758,16.83333396911621,103.7,34.49,130.93434343434342,-70.52647323529412,-70.5,37.372549019607845,39.0,115.03876405038758,115.01236358271242,0,0,85.69166489633021,85.69166489633021,85.67199935100032
4131,2021-10-28T06:01:19,2021-10-28T06:20:29,116,69.2,84.8,15.599999999999994,18.12222411111111,116.1681032763533,19.16666603088379,110.9,36.88,130.77830188679246,-56.73017836206896,-55.60001,32.668103448275865,35.0,116.1681032763533,115.02813055437606,0,0,86.53290271129272,86.53290271129272,85.6837440708205
4137,2021-10-28T12:21:01,2021-10-28T12:41:31,124,74.8,91.2,16.400000000000006,18.970002041666667,115.67074415650403,20.5,119.36,39.69,130.87719298245614,-55.52258661290323,-54.30002,30.866935483870968,33.0,115.67074415650403,115.02813055437606,0,0,86.16242297445731,86.16242297445731,85.6837440708205
4143,2021-10-29T17:34:31,2021-10-29T17:51:11,101,26.8,44.8,17.999999999999996,20.864308194444448,115.91282330246918,16.66666603088379,58.44,19.43,130.44642857142858,-75.1118906930693,-75.0,32.57425742574257,34.0,115.91282330246918,115.02813055437606,0,0,86.34274623527875,86.34274623527875,85.6837440708205
4145,2021-10-29T18:04:58,2021-10-29T18:23:28,112,60.0,80.4,20.400000000000006,23.16903086111112,113.57368069172114,18.5,105.28,35.01,130.9452736318408,-75.14286714285716,-75.10001,36.79017857142857,38.0,113.57368069172114,115.02813055437606,0,0,84.6003333503737,84.6003333503737,85.6837440708205
4148,2021-10-30T00:47:52,2021-10-30T01:14:26,161,57.6,84.8,27.199999999999996,31.264143177777783,114.94170285947716,26.566667556762695,110.8,36.85,130.66037735849056,-70.60932645962733,-70.5,32.77950310559006,35.0,114.94170285947716,115.02813055437606,0,0,85.61936461464175,85.61936461464175,85.6837440708205
4149,2021-10-30T06:21:02,2021-10-30T07:19:46,441,41.6,97.6,55.99999999999999,65.03340694027779,116.13108382192463,58.733333587646484,127.53,42.41,130.66598360655738,-66.40794074829932,-41.70001,30.21201814058957,33.0,116.13108382192463,115.08967919660299,0,0,86.50532714830982,86.50532714830982,85.72959127430943
4151,2021-10-30T14:17:14,2021-10-30T14:43:24,158,55.2,77.6,22.39999999999999,25.864174555555557,115.46506498015877,26.16666603088379,101.41,33.72,130.68298969072166,-59.306347215189874,-59.30002,27.294303797468356,29.0,115.46506498015877,115.08967919660299,0,0,86.00921382621046,86.00921382621046,85.72959127430943
4152,2021-10-30T14:43:35,2021-10-30T15:00:05,100,78.0,92.0,14.0,16.315975180555558,116.54267986111111,16.5,120.23,39.98,130.68478260869566,-59.3310107,-59.30002,28.465,30.0,116.54267986111111,115.08967919660299,0,0,86.81192249600649,86.81192249600649,85.72959127430943
4154,2021-10-30T22:20:39,2021-10-30T22:40:19,119,48.4,68.4,20.000000000000007,23.03056066666667,115.15280333333331,19.66666603088379,89.42,29.74,130.73099415204678,-70.26220042016807,-70.20001,25.88235294117647,28.0,115.15280333333331,115.14669883807585,0,0,85.77661205392417,85.77661205392417,85.77206485310641
4155,2021-10-30T22:40:30,2021-10-30T22:59:50,117,68.8,88.4,19.60000000000001,22.637227055555563,115.49605640589567,19.33333396911621,115.61,38.45,130.78054298642533,-70.2530064102564,-70.20001,27.662393162393162,29.0,115.49605640589567,115.14669883807585,0,0,86.03229914784815,86.03229914784815,85.77206485310641
4156,2021-10-31T15:59:38,2021-10-31T16:52:46,399,31.6,86.4,54.800000000000004,62.18981271944445,113.48505970701541,53.13333511352539,112.92,37.55,130.69444444444443,-70.13885521303258,0.0,29.469924812030076,32.0,113.48505970701541,115.14669883807585,0,0,84.53432012616295,84.53432012616295,85.77206485310641
4157,2021-10-31T18:45:18,2021-10-31T19:05:19,151,71.6,91.6,20.0,23.32934834583334,116.64674172916669,20.016666412353516,119.77,39.82,130.75327510917032,-69.93046695364238,-69.70001,31.543046357615893,33.0,116.64674172916669,115.14669883807585,0,0,86.8894375388663,86.8894375388663,85.77206485310641
4158,2021-11-01T11:17:18,2021-11-01T12:16:27,444,35.2,94.4,59.2,67.58512719722222,114.164066211524,59.150001525878906,123.33,41.01,130.64618644067795,-68.53378601351352,-41.5,28.274774774774773,31.0,114.164066211524,115.08967919660299,0,0,85.04010787803146,85.04010787803146,85.72959127430943
4159,2021-11-01T22:09:20,2021-11-01T22:58:03,366,35.2,84.8,49.599999999999994,56.82820931944445,114.57300266017027,48.71666717529297,110.86,36.87,130.7311320754717,-69.99043838797814,-69.70001,30.084699453551913,33.0,114.57300266017027,115.02813055437606,0,0,85.34472211315958,85.34472211315958,85.6837440708205
4160,2021-11-02T11:38:33,2021-11-02T11:58:35,151,40.8,61.2,20.400000000000006,23.365667144444444,114.5375840413943,20.03333282470703,79.95,26.59,130.6372549019608,-69.9801338410596,-69.70001,28.572847682119207,31.0,114.5375840413943,115.02813055437606,0,0,85.3183390027681,85.3183390027681,85.6837440708205
4161,2021-11-02T12:00:06,2021-11-02T12:15:20,115,60.8,76.4,15.600000000000009,17.776889533333335,113.95442008547003,15.233333587646484,99.82,33.2,130.65445026178008,-70.01826339130434,-69.80002,30.64782608695652,32.0,113.95442008547003,115.02813055437606,0,0,84.88394377344528,84.88394377344528,85.6837440708205
4162,2021-11-02T12:44:34,2021-11-02T12:59:39,114,76.0,91.2,15.200000000000003,17.62958547916667,115.98411499451755,15.083333015441895,119.16,39.63,130.6578947368421,-70.12807868421054,-69.89999,31.17543859649123,33.0,115.98411499451755,115.02813055437606,0,0,86.39585097640955,86.39585097640955,85.6837440708205
4163,2021-11-02T18:51:44,2021-11-02T19:12:46,128,50.8,70.8,20.0,22.67928163055556,113.3964081527778,21.03333282470703,92.50999,30.76,130.66382768361584,-64.69532351562502,-64.60001,30.33203125,32.0,113.3964081527778,115.01236358271242,0,0,84.46828413089669,84.46828413089669,85.67199935100032
4164,2021-11-02T19:12:57,2021-11-02T19:33:17,123,70.8,90.0,19.200000000000003,21.94667211111112,114.30558391203706,20.33333396911621,117.59,39.1,130.65555555555557,-64.76017861788618,-64.70001,31.760162601626018,33.0,114.30558391203706,114.97668611435394,0,0,85.14552353917291,85.14552353917291,85.64542342515341
4166,2021-11-03T14:07:26,2021-11-03T14:34:56,166,38.0,66.4,28.400000000000006,32.10305752777778,113.038934956964,27.5,86.64,28.82,130.48192771084337,-70.0433778313253,-70.0,26.403614457831324,29.0,113.038934956964,114.97668611435394,0,0,84.20200455498193,84.20200455498193,85.64542342515341
4167,2021-11-03T14:35:07,2021-11-03T15:06:22,189,66.4,96.0,29.599999999999994,34.27375320833334,115.78970678490995,31.25,125.46,41.72,130.6875,-65.76508550264549,-41.89999,29.497354497354497,31.0,115.78970678490995,114.97668611435394,0,0,86.25103750167948,86.25103750167948,85.64542342515341
4169,2021-11-04T05:44:45,2021-11-04T06:07:25,137,40.8,64.0,23.200000000000003,26.456252527777778,114.03557124042143,22.66666603088379,83.58,27.79,130.59375,-70.02993372262775,-69.60001,27.452554744525546,30.0,114.03557124042143,114.94392249056237,0,0,84.94439276760346,84.94439276760346,85.62101800412935
4170,2021-11-04T06:07:36,2021-11-04T06:37:06,178,64.4,94.0,29.599999999999994,34.157227305555566,115.3960381944445,29.5,122.73,40.82,130.56382978723406,-69.39663949438204,-41.89999,30.247191011235955,32.0,115.3960381944445,114.97668611435394,0,0,85.95779619982056,85.95779619982056,85.64542342515341
4171,2021-11-04T14:03:25,2021-11-04T14:22:45,117,21.6,38.0,16.4,19.22514211111112,117.22647628726293,19.33333396911621,49.47,16.45,130.18421052631578,-59.664112564102574,-59.60001,32.034188034188034,34.0,117.22647628726293,115.02299707872393,0,0,87.32127823092594,87.32127823092594,85.67992017651002
4172,2021-11-04T14:22:56,2021-11-04T14:44:36,131,38.4,57.2,18.800000000000004,21.550003611111112,114.62767878250588,21.66666603088379,74.52,24.78,130.27972027972027,-59.67710923664122,-59.60001,33.75954198473283,36.0,114.62767878250588,115.02299707872393,0,0,85.38545001902409,85.38545001902409,85.67992017651002
4173,2021-11-04T14:44:47,2021-11-04T15:02:37,108,57.6,73.2,15.600000000000001,17.734725194444447,113.68413586182336,17.83333396911621,95.53,31.77,130.5054644808743,-59.668528518518514,-59.60001,35.63425925925926,37.0,113.68413586182336,115.02299707872393,0,0,84.68261072444496,84.68261072444496,85.67992017651002
4174,2021-11-04T15:02:48,2021-11-04T15:24:48,133,73.2,92.0,18.799999999999997,21.883059222222222,116.39925118203311,22.0,120.03,39.92,130.4673913043478,-59.68121300751879,-59.60001,36.38345864661654,38.0,116.39925118203311,115.02299707872393,0,0,86.70508335873367,86.70508335873367,85.67992017651002
4176,2021-11-05T12:58:15,2021-11-05T14:00:44,469,20.4,74.8,54.4,62.0795337611111,114.11679000204245,62.483333587646484,97.66,32.48,130.5614973262032,-59.61130639658849,-56.60001,31.909381663113006,35.0,114.11679000204245,115.02299707872393,0,0,85.00489212155232,85.00489212155232,85.67992017651002
4180,2021-11-05T16:49:28,2021-11-05T17:08:18,114,72.8,86.0,13.200000000000003,15.066529333333332,114.1403737373737,18.83333396911621,112.21,37.32,130.47674418604652,-48.00175929824562,-47.0,35.79385964912281,37.0,114.1403737373737,115.02299707872393,0,0,85.0224595003545,85.0224595003545,85.67992017651002
4182,2021-11-05T23:34:32,2021-11-06T00:21:24,352,43.6,91.2,47.6,54.626625223611114,114.76181769666199,46.86666488647461,119.08,39.6,130.5701754385965,-69.93437525568183,-69.70001,33.94602272727273,37.0,114.76181769666199,114.99023345493237,0,0,85.48536926777739,85.48536926777739,85.65551475548598
4183,2021-11-06T13:36:03,2021-11-06T14:49:51,554,25.6,98.0,72.4,82.753034375,114.29977123618782,73.80000305175781,127.89,42.53,130.5,-67.21823640794224,0.0,34.914259927797836,38.0,114.29977123618782,114.99023345493237,0,0,85.14119371283014,85.14119371283014,85.65551475548598
4185,2021-11-07T17:44:09,2021-11-07T18:01:09,103,17.6,32.8,15.199999999999996,17.296806875,113.79478207236845,17.0,42.72,14.21,130.2439024390244,-61.047577475728154,-60.89999,33.10679611650485,34.0,113.79478207236845,114.99023345493237,0,0,84.76503040336226,84.76503040336226,85.65551475548598
4187,2021-11-07T18:15:41,2021-11-07T18:40:15,149,45.6,66.8,21.199999999999996,24.312195900000006,114.6801693396227,24.566667556762695,87.14,28.98,130.4491017964072,-59.37852704697987,-57.89999,36.241610738255034,38.0,114.6801693396227,114.85176027806958,0,0,85.42454991085451,85.42454991085451,85.55236694120957
4188,2021-11-07T18:40:26,2021-11-07T18:58:36,110,66.8,82.0,15.200000000000003,17.23972377777778,113.41923538011696,18.16666603088379,107.09,35.61,130.59756097560978,-56.939096000000006,-55.89999,37.71818181818182,39.0,113.41923538011696,114.85176027806958,0,0,84.48528799156753,84.48528799156753,85.55236694120957
4189,2021-11-07T18:58:47,2021-11-07T19:20:09,130,82.0,98.0,16.0,18.74536293888889,117.15851836805555,21.366666793823242,127.87,42.53,130.4795918367347,-52.623082000000004,-42.30002,38.065384615384616,39.0,117.15851836805555,114.85176027806958,0,0,87.27065679659603,87.27065679659603,85.55236694120957
4190,2021-11-08T01:16:26,2021-11-08T01:51:48,266,50.8,86.4,35.60000000000001,41.03479724861111,115.26628440621096,35.36666488647461,112.87,37.53,130.63657407407408,-69.61617488721805,-69.5,29.39097744360902,33.0,115.26628440621096,114.85176027806958,0,0,85.86114340428576,85.86114340428576,85.55236694120957
4191,2021-11-10T01:09:50,2021-11-10T02:21:48,540,19.2,92.8,73.6,84.01744887222222,114.15414248943236,71.96666717529297,121.23,40.32,130.63577586206898,-70.04685553703703,-69.80002,25.40648148148148,29.0,114.15414248943236,114.85176027806958,0,0,85.03271575873134,85.03271575873134,85.55236694120957
4192,2021-11-10T15:30:52,2021-11-10T16:34:01,474,22.4,87.2,64.80000000000001,73.8604969027778,113.98224830675584,63.150001525878906,113.81,37.85,130.51605504587155,-70.1761705907173,-70.10001,28.438818565400844,32.0,113.98224830675584,114.72099351814234,0,0,84.90467284362235,84.90467284362235,85.45495958931595
4193,2021-11-11T01:18:05,2021-11-11T02:17:36,447,32.8,93.2,60.400000000000006,69.03825921527778,114.30175366767843,59.516666412353516,121.61,40.44,130.48283261802575,-69.56778058165547,-41.80002,27.41946308724832,31.0,114.30175366767843,114.65939376845083,0,0,85.1426704138046,85.1426704138046,85.40907431619226
4194,2021-11-11T15:35:04,2021-11-11T16:20:12,339,24.0,70.0,46.0,52.60254094305556,114.35334987620773,45.13333511352539,91.25,30.34,130.35714285714286,-69.92949758112094,-69.70001,27.750737463126843,31.0,114.35334987620773,114.65939376845083,0,0,85.1811041108954,85.1811041108954,85.40907431619226
4195,2021-11-11T16:21:15,2021-11-11T16:51:57,231,70.0,97.6,27.599999999999994,31.788307759722226,115.17502811493561,30.700000762939453,127.25,42.32,130.37909836065575,-62.0164545021645,0.0,31.216450216450216,32.0,115.17502811493561,114.72099351814234,0,0,85.79316715648616,85.79316715648616,85.45495958931595
4197,2021-11-11T22:06:36,2021-11-11T22:27:36,127,66.0,87.2,21.200000000000003,24.48930448611111,115.51558719863729,21.0,113.7,37.81,130.38990825688074,-69.96928826771654,-69.89999,31.484251968503937,33.0,115.51558719863729,114.72099351814234,0,0,86.04684751474508,86.04684751474508,85.45495958931595
4199,2021-11-12T14:46:53,2021-11-12T15:05:13,111,29.6,48.4,18.799999999999997,21.420002638888892,113.93618424940902,18.33333396911621,63.04,20.96,130.2479338842975,-70.10090945945946,-70.0,26.405405405405407,28.0,113.93618424940902,114.65392406106429,0,0,84.87036001178248,84.87036001178248,85.4049999649393
4200,2021-11-12T15:05:24,2021-11-12T15:23:53,113,48.4,67.6,19.199999999999996,21.586599316666668,112.4302047743056,18.483333587646484,88.2,29.33,130.4733727810651,-70.07434309734514,-70.0,29.06637168141593,31.0,112.4302047743056,114.60034072133809,0,0,83.74856520125418,83.74856520125418,85.36508606609183
4201,2021-11-12T15:24:04,2021-11-12T15:42:54,114,68.0,87.2,19.200000000000003,21.995002083333336,114.55730251736111,18.83333396911621,113.73,37.82,130.4243119266055,-70.07193640350877,-70.0,30.87719298245614,32.0,114.55730251736111,114.60034072133809,0,0,85.33302717374039,85.33302717374039,85.36508606609183
4204,2021-11-12T23:47:45,2021-11-13T00:06:55,116,49.6,69.6,19.999999999999993,22.41083661111111,112.0541830555556,19.16666603088379,90.74,30.17,130.3735632183908,-70.15604474137932,-70.10001,28.612068965517242,31.0,112.0541830555556,114.60034072133809,0,0,83.46846894515434,83.46846894515434,85.36508606609183
4205,2021-11-13T00:07:06,2021-11-13T00:23:46,101,69.6,86.4,16.80000000000001,19.48361383333334,115.97389186507932,16.66666603088379,112.64,37.46,130.37037037037035,-70.14159396039604,-70.0,30.168316831683168,32.0,115.97389186507932,114.60034072133809,0,0,86.38823583042598,86.38823583042598,85.36508606609183
4208,2021-11-13T07:12:58,2021-11-13T07:49:27,220,45.2,77.6,32.39999999999999,36.4865419875,112.61278391203706,36.483333587646484,101.21,33.66,130.42525773195877,-60.005455090909095,-59.89999,27.595454545454544,30.0,112.61278391203706,114.5651525887657,0,0,83.88456727339651,83.88456727339651,85.33887464344998
4209,2021-11-13T07:49:38,2021-11-13T08:12:38,139,77.6,96.4,18.80000000000001,21.828475125,116.10891023936163,23.0,125.77,41.82,130.46680497925308,-56.90000755395683,-41.70001,29.27338129496403,31.0,116.10891023936163,114.60034072133809,0,0,86.48881018359602,86.48881018359602,85.36508606609183
4210,2021-11-13T14:37:20,2021-11-13T15:41:33,482,35.6,97.6,61.99999999999999,71.54633746666667,115.39731849462369,64.21666717529297,127.29,42.33,130.42008196721312,-66.82158064315352,-41.60001,30.41908713692946,33.0,115.39731849462369,114.60034072133809,0,0,85.95874988751729,85.95874988751729,85.36508606609183
4211,2021-11-14T01:42:25,2021-11-14T02:40:22,435,26.4,85.6,59.199999999999996,67.5425860888889,114.09220623123124,57.95000076293945,111.71,37.14,130.50233644859813,-69.85149710344827,0.0,29.351724137931033,33.0,114.09220623123124,114.5651525887657,0,0,84.98657982249702,84.98657982249702,85.33887464344998
4212,2021-11-14T13:07:09,2021-11-14T13:25:29,111,33.2,52.0,18.799999999999997,21.42569711111112,113.96647399527193,18.33333396911621,67.81,22.55,130.40384615384616,-70.12072945945947,-70.0,26.396396396396398,28.0,113.96647399527193,114.5474432793777,0,0,84.8929226564154,84.8929226564154,85.32568308825424
4213,2021-11-14T13:25:40,2021-11-14T13:45:40,121,52.4,73.2,20.800000000000004,23.346390166666662,112.24226041666662,20.0,95.36,31.71,130.27322404371586,-70.0388467768595,-69.89999,29.334710743801654,31.0,112.24226041666662,114.445466958801,0,0,83.60856660993673,83.60856660993673,85.24972155683176
4214,2021-11-14T13:45:51,2021-11-14T14:04:41,114,73.2,92.4,19.200000000000003,21.987640402777778,114.51896043113425,18.83333396911621,120.5,40.07,130.4112554112554,-70.04912763157894,-69.89999,30.780701754385966,32.0,114.51896043113425,114.52827223626427,0,0,85.30446639049919,85.30446639049919,85.31140269663365
4218,2021-11-15T03:12:08,2021-11-15T03:31:28,117,61.6,77.6,15.999999999999993,18.415835430555557,115.09897144097229,19.33333396911621,101.11,33.63,130.29639175257734,-57.15385264957265,-56.10001,26.944444444444443,28.0,115.09897144097229,114.52827223626427,0,0,85.73651300975402,85.73651300975402,85.31140269663365
4219,2021-11-15T03:31:39,2021-11-15T03:50:49,116,77.6,92.8,15.200000000000003,17.60875158333333,115.84704989035083,19.16666603088379,121.1,40.27,130.4956896551724,-55.12328086206897,-54.10001,27.95258620689655,29.0,115.84704989035083,114.52827223626427,0,0,86.29375202678861,86.29375202678861,85.31140269663365
4222,2021-11-15T15:43:20,2021-11-15T16:46:40,476,31.6,95.200005,63.600005,72.77111102666666,114.41997689570411,63.33333206176758,124.09,41.27,130.34663180952563,-68.91365540336135,-41.700012,31.032563025210084,34.0,114.41997689570411,114.46946866341918,0,0,85.23073416624982,85.23073416624982,85.2676002783745
